[{"path":"data/DylanBotData.txt","fileType":"txt","lines":[{"lineNumber":1,"author":{"gitId":"thewongdylan"},"content":"T | true | read","lastModifiedDate":"2024-01-31"},{"lineNumber":2,"author":{"gitId":"thewongdylan"},"content":"T | true | return","lastModifiedDate":"2024-01-31"},{"lineNumber":3,"author":{"gitId":"thewongdylan"},"content":"D | true | borrow | Sunday","lastModifiedDate":"2024-01-31"},{"lineNumber":4,"author":{"gitId":"thewongdylan"},"content":"E | false | meeting | 2am | 4am","lastModifiedDate":"2024-01-31"},{"lineNumber":5,"author":{"gitId":"thewongdylan"},"content":"T | false | write","lastModifiedDate":"2024-01-31"}],"authorContributionMap":{"thewongdylan":5}},{"path":"src/main/java/DeadlineTask.java","fileType":"java","lines":[{"lineNumber":1,"author":{"gitId":"thewongdylan"},"content":"import java.time.LocalDateTime;","lastModifiedDate":"2024-01-31"},{"lineNumber":2,"author":{"gitId":"thewongdylan"},"content":"import java.time.format.DateTimeFormatter;","lastModifiedDate":"2024-01-31"},{"lineNumber":3,"author":{"gitId":"thewongdylan"},"content":"","lastModifiedDate":"2024-01-31"},{"lineNumber":4,"author":{"gitId":"thewongdylan"},"content":"public class DeadlineTask extends Task {","lastModifiedDate":"2024-01-29"},{"lineNumber":5,"author":{"gitId":"thewongdylan"},"content":"    public LocalDateTime deadline;","lastModifiedDate":"2024-01-31"},{"lineNumber":6,"author":{"gitId":"thewongdylan"},"content":"    DateTimeFormatter printFormat  \u003d DateTimeFormatter.ofPattern(\"d MMM yyyy HH:mm:ss\");","lastModifiedDate":"2024-01-31"},{"lineNumber":7,"author":{"gitId":"thewongdylan"},"content":"    public DeadlineTask(String type, String desc, LocalDateTime deadline) {","lastModifiedDate":"2024-01-31"},{"lineNumber":8,"author":{"gitId":"thewongdylan"},"content":"        super(type, desc);","lastModifiedDate":"2024-01-29"},{"lineNumber":9,"author":{"gitId":"thewongdylan"},"content":"        this.deadline \u003d deadline;","lastModifiedDate":"2024-01-29"},{"lineNumber":10,"author":{"gitId":"thewongdylan"},"content":"    }","lastModifiedDate":"2024-01-29"},{"lineNumber":11,"author":{"gitId":"thewongdylan"},"content":"","lastModifiedDate":"2024-01-29"},{"lineNumber":12,"author":{"gitId":"thewongdylan"},"content":"    @Override","lastModifiedDate":"2024-01-29"},{"lineNumber":13,"author":{"gitId":"thewongdylan"},"content":"    public String toString() {","lastModifiedDate":"2024-01-29"},{"lineNumber":14,"author":{"gitId":"thewongdylan"},"content":"        String res \u003d \"\";","lastModifiedDate":"2024-01-31"},{"lineNumber":15,"author":{"gitId":"thewongdylan"},"content":"        try {","lastModifiedDate":"2024-01-31"},{"lineNumber":16,"author":{"gitId":"thewongdylan"},"content":"            res \u003d \"[\" + type + \"] \"","lastModifiedDate":"2024-01-31"},{"lineNumber":17,"author":{"gitId":"thewongdylan"},"content":"                    + (completed ? \"[X]\" : \"[ ]\")","lastModifiedDate":"2024-01-29"},{"lineNumber":18,"author":{"gitId":"thewongdylan"},"content":"                    + \" \" + desc","lastModifiedDate":"2024-01-29"},{"lineNumber":19,"author":{"gitId":"thewongdylan"},"content":"                    + \" (by: \" + deadline.format(printFormat) + \")\";","lastModifiedDate":"2024-01-31"},{"lineNumber":20,"author":{"gitId":"thewongdylan"},"content":"        } catch (NullPointerException e) {","lastModifiedDate":"2024-01-31"},{"lineNumber":21,"author":{"gitId":"thewongdylan"},"content":"        }","lastModifiedDate":"2024-01-31"},{"lineNumber":22,"author":{"gitId":"thewongdylan"},"content":"        return res;","lastModifiedDate":"2024-01-31"},{"lineNumber":23,"author":{"gitId":"thewongdylan"},"content":"    }","lastModifiedDate":"2024-01-29"},{"lineNumber":24,"author":{"gitId":"thewongdylan"},"content":"}","lastModifiedDate":"2024-01-29"}],"authorContributionMap":{"thewongdylan":24}},{"path":"src/main/java/DylanBot.java","fileType":"java","lines":[{"lineNumber":1,"author":{"gitId":"thewongdylan"},"content":"import javax.swing.plaf.basic.BasicInternalFrameTitlePane;","lastModifiedDate":"2024-01-31"},{"lineNumber":2,"author":{"gitId":"thewongdylan"},"content":"import java.io.*;","lastModifiedDate":"2024-01-25"},{"lineNumber":3,"author":{"gitId":"thewongdylan"},"content":"import java.text.ParseException;","lastModifiedDate":"2024-01-31"},{"lineNumber":4,"author":{"gitId":"thewongdylan"},"content":"import java.time.LocalDate;","lastModifiedDate":"2024-01-31"},{"lineNumber":5,"author":{"gitId":"thewongdylan"},"content":"import java.time.LocalDateTime;","lastModifiedDate":"2024-01-31"},{"lineNumber":6,"author":{"gitId":"thewongdylan"},"content":"import java.time.format.DateTimeFormatter;","lastModifiedDate":"2024-01-31"},{"lineNumber":7,"author":{"gitId":"thewongdylan"},"content":"import java.time.format.DateTimeParseException;","lastModifiedDate":"2024-01-31"},{"lineNumber":8,"author":{"gitId":"thewongdylan"},"content":"import java.util.*;","lastModifiedDate":"2024-01-25"},{"lineNumber":9,"author":{"gitId":"thewongdylan"},"content":"import java.util.regex.Pattern;","lastModifiedDate":"2024-01-31"},{"lineNumber":10,"author":{"gitId":"thewongdylan"},"content":"","lastModifiedDate":"2024-01-25"},{"lineNumber":11,"author":{"gitId":"thewongdylan"},"content":"public class DylanBot {","lastModifiedDate":"2024-01-31"},{"lineNumber":12,"author":{"gitId":"thewongdylan"},"content":"","lastModifiedDate":"2024-01-25"},{"lineNumber":13,"author":{"gitId":"thewongdylan"},"content":"    static ArrayList\u003cTask\u003e tasks \u003d new ArrayList\u003c\u003e();","lastModifiedDate":"2024-01-31"},{"lineNumber":14,"author":{"gitId":"thewongdylan"},"content":"    static String fileName \u003d \"./data/DylanBotData.txt\";","lastModifiedDate":"2024-01-31"},{"lineNumber":15,"author":{"gitId":"thewongdylan"},"content":"    public static void main(String[] args) {","lastModifiedDate":"2024-01-31"},{"lineNumber":16,"author":{"gitId":"thewongdylan"},"content":"        String greeting \u003d \"Hello I am DylanBot! \\nWhat can I do for you?\";","lastModifiedDate":"2024-01-25"},{"lineNumber":17,"author":{"gitId":"thewongdylan"},"content":"        String exit \u003d \"Bye! Hope to see you again soon\";","lastModifiedDate":"2024-01-25"},{"lineNumber":18,"author":{"gitId":"thewongdylan"},"content":"        System.out.println(greeting);","lastModifiedDate":"2024-01-25"},{"lineNumber":19,"author":{"gitId":"thewongdylan"},"content":"","lastModifiedDate":"2024-01-25"},{"lineNumber":20,"author":{"gitId":"thewongdylan"},"content":"        try {","lastModifiedDate":"2024-01-31"},{"lineNumber":21,"author":{"gitId":"thewongdylan"},"content":"            System.out.println(\"Loading data from file...\");","lastModifiedDate":"2024-01-31"},{"lineNumber":22,"author":{"gitId":"thewongdylan"},"content":"            LoadDataFromFile();","lastModifiedDate":"2024-01-31"},{"lineNumber":23,"author":{"gitId":"thewongdylan"},"content":"            System.out.println(\"Loading completed.\");","lastModifiedDate":"2024-01-31"},{"lineNumber":24,"author":{"gitId":"thewongdylan"},"content":"        } catch (FileNotFoundException e) {","lastModifiedDate":"2024-01-31"},{"lineNumber":25,"author":{"gitId":"thewongdylan"},"content":"            System.out.println(\"Data file does not exist, created new file.\");","lastModifiedDate":"2024-01-31"},{"lineNumber":26,"author":{"gitId":"thewongdylan"},"content":"        } catch (IOException e) {","lastModifiedDate":"2024-01-31"},{"lineNumber":27,"author":{"gitId":"thewongdylan"},"content":"            System.out.println(\"Done reading from file, no more lines\");","lastModifiedDate":"2024-01-31"},{"lineNumber":28,"author":{"gitId":"thewongdylan"},"content":"        }","lastModifiedDate":"2024-01-31"},{"lineNumber":29,"author":{"gitId":"thewongdylan"},"content":"","lastModifiedDate":"2024-01-31"},{"lineNumber":30,"author":{"gitId":"thewongdylan"},"content":"        Scanner scanner \u003d new Scanner(System.in);","lastModifiedDate":"2024-01-25"},{"lineNumber":31,"author":{"gitId":"thewongdylan"},"content":"        String input;","lastModifiedDate":"2024-01-25"},{"lineNumber":32,"author":{"gitId":"thewongdylan"},"content":"        while (!\"bye\".equals((input \u003d scanner.nextLine()))) {","lastModifiedDate":"2024-01-25"},{"lineNumber":33,"author":{"gitId":"thewongdylan"},"content":"            try {","lastModifiedDate":"2024-01-31"},{"lineNumber":34,"author":{"gitId":"thewongdylan"},"content":"                if (input.isEmpty()) {","lastModifiedDate":"2024-01-31"},{"lineNumber":35,"author":{"gitId":"thewongdylan"},"content":"                    throw new DylanBotException(\"HEY no input BETTER SAY SOMETHING\");","lastModifiedDate":"2024-01-31"},{"lineNumber":36,"author":{"gitId":"thewongdylan"},"content":"                }","lastModifiedDate":"2024-01-31"},{"lineNumber":37,"author":{"gitId":"thewongdylan"},"content":"                if (input.equals(\"list\")) {","lastModifiedDate":"2024-01-25"},{"lineNumber":38,"author":{"gitId":"thewongdylan"},"content":"                    if (tasks.isEmpty()) {","lastModifiedDate":"2024-01-31"},{"lineNumber":39,"author":{"gitId":"thewongdylan"},"content":"                        throw new DylanBotException(\"No tasks to list right now! Add something first la\");","lastModifiedDate":"2024-01-31"},{"lineNumber":40,"author":{"gitId":"thewongdylan"},"content":"                    }","lastModifiedDate":"2024-01-31"},{"lineNumber":41,"author":{"gitId":"thewongdylan"},"content":"                    for (int i \u003d 0; i \u003c tasks.size(); i++) {","lastModifiedDate":"2024-01-25"},{"lineNumber":42,"author":{"gitId":"thewongdylan"},"content":"                        Task curr \u003d tasks.get(i);","lastModifiedDate":"2024-01-25"},{"lineNumber":43,"author":{"gitId":"thewongdylan"},"content":"                        System.out.println(\"\\t\" + (i + 1) + \". \" + curr.toString());","lastModifiedDate":"2024-01-29"},{"lineNumber":44,"author":{"gitId":"thewongdylan"},"content":"                    }","lastModifiedDate":"2024-01-25"},{"lineNumber":45,"author":{"gitId":"thewongdylan"},"content":"                } else if (input.startsWith(\"mark\")) {","lastModifiedDate":"2024-01-26"},{"lineNumber":46,"author":{"gitId":"thewongdylan"},"content":"                    if (input.split(\" \").length \u003c 2) {","lastModifiedDate":"2024-01-31"},{"lineNumber":47,"author":{"gitId":"thewongdylan"},"content":"                        throw new DylanBotException(\"HEY no index specified for item to mark\");","lastModifiedDate":"2024-01-31"},{"lineNumber":48,"author":{"gitId":"thewongdylan"},"content":"                    }","lastModifiedDate":"2024-01-31"},{"lineNumber":49,"author":{"gitId":"thewongdylan"},"content":"                    int idx \u003d Integer.parseInt(input.split(\" \")[1]);","lastModifiedDate":"2024-01-26"},{"lineNumber":50,"author":{"gitId":"thewongdylan"},"content":"                    if (idx \u003e tasks.size() || idx \u003c 0) {","lastModifiedDate":"2024-01-26"},{"lineNumber":51,"author":{"gitId":"thewongdylan"},"content":"                        throw new DylanBotException(\"HEY index requested is out of bounds\");","lastModifiedDate":"2024-01-26"},{"lineNumber":52,"author":{"gitId":"thewongdylan"},"content":"                    }","lastModifiedDate":"2024-01-26"},{"lineNumber":53,"author":{"gitId":"thewongdylan"},"content":"                    tasks.get(idx - 1).completed \u003d true;","lastModifiedDate":"2024-01-26"},{"lineNumber":54,"author":{"gitId":"thewongdylan"},"content":"                    System.out.println(\"Aight marked this task as done:\\n\\t\"","lastModifiedDate":"2024-01-25"},{"lineNumber":55,"author":{"gitId":"thewongdylan"},"content":"                            + tasks.get(idx - 1).toString());","lastModifiedDate":"2024-01-29"},{"lineNumber":56,"author":{"gitId":"thewongdylan"},"content":"                } else if (input.startsWith(\"unmark\")) {","lastModifiedDate":"2024-01-26"},{"lineNumber":57,"author":{"gitId":"thewongdylan"},"content":"                    if (input.split(\" \").length \u003c 2) {","lastModifiedDate":"2024-01-31"},{"lineNumber":58,"author":{"gitId":"thewongdylan"},"content":"                        throw new DylanBotException(\"HEY no index specified for item to mark\");","lastModifiedDate":"2024-01-31"},{"lineNumber":59,"author":{"gitId":"thewongdylan"},"content":"                    }","lastModifiedDate":"2024-01-31"},{"lineNumber":60,"author":{"gitId":"thewongdylan"},"content":"                    int idx \u003d Integer.parseInt(input.split(\" \")[1]);","lastModifiedDate":"2024-01-26"},{"lineNumber":61,"author":{"gitId":"thewongdylan"},"content":"                    if (idx \u003e tasks.size() || idx \u003c 0) {","lastModifiedDate":"2024-01-26"},{"lineNumber":62,"author":{"gitId":"thewongdylan"},"content":"                        throw new DylanBotException(\"HEY index requested is out of bounds\");","lastModifiedDate":"2024-01-26"},{"lineNumber":63,"author":{"gitId":"thewongdylan"},"content":"                    }","lastModifiedDate":"2024-01-26"},{"lineNumber":64,"author":{"gitId":"thewongdylan"},"content":"                    tasks.get(idx - 1).completed \u003d false;","lastModifiedDate":"2024-01-26"},{"lineNumber":65,"author":{"gitId":"thewongdylan"},"content":"                    System.out.println(\"Sian marked this task as undone:\\n\\t\"","lastModifiedDate":"2024-01-25"},{"lineNumber":66,"author":{"gitId":"thewongdylan"},"content":"                            + tasks.get(idx - 1).toString());","lastModifiedDate":"2024-01-29"},{"lineNumber":67,"author":{"gitId":"thewongdylan"},"content":"                } else if (input.startsWith(\"todo\")) {","lastModifiedDate":"2024-01-26"},{"lineNumber":68,"author":{"gitId":"thewongdylan"},"content":"                    createTodo(input);","lastModifiedDate":"2024-01-26"},{"lineNumber":69,"author":{"gitId":"thewongdylan"},"content":"                } else if (input.startsWith(\"deadline\")) {","lastModifiedDate":"2024-01-26"},{"lineNumber":70,"author":{"gitId":"thewongdylan"},"content":"                    createDeadline(input);","lastModifiedDate":"2024-01-26"},{"lineNumber":71,"author":{"gitId":"thewongdylan"},"content":"                } else if (input.startsWith(\"event\")) {","lastModifiedDate":"2024-01-26"},{"lineNumber":72,"author":{"gitId":"thewongdylan"},"content":"                    createEvent(input);","lastModifiedDate":"2024-01-26"},{"lineNumber":73,"author":{"gitId":"thewongdylan"},"content":"                } else if (input.startsWith(\"delete\")) {","lastModifiedDate":"2024-01-26"},{"lineNumber":74,"author":{"gitId":"thewongdylan"},"content":"                    deleteTask(input);","lastModifiedDate":"2024-01-26"},{"lineNumber":75,"author":{"gitId":"thewongdylan"},"content":"                } else {","lastModifiedDate":"2024-01-26"},{"lineNumber":76,"author":{"gitId":"thewongdylan"},"content":"                    throw new DylanBotException(\"Hello INVALID INPUT pls make it make sense\");","lastModifiedDate":"2024-01-26"},{"lineNumber":77,"author":{"gitId":"thewongdylan"},"content":"                }","lastModifiedDate":"2024-01-26"},{"lineNumber":78,"author":{"gitId":"thewongdylan"},"content":"                if (tasks.isEmpty()) {","lastModifiedDate":"2024-01-31"},{"lineNumber":79,"author":{"gitId":"thewongdylan"},"content":"                    System.out.println(\"Wowza your list is empty!\");","lastModifiedDate":"2024-01-31"},{"lineNumber":80,"author":{"gitId":"thewongdylan"},"content":"                } else {","lastModifiedDate":"2024-01-31"},{"lineNumber":81,"author":{"gitId":"thewongdylan"},"content":"                    System.out.println(\"Wow! Now you have \" + tasks.size() + \" tasks in your list\");","lastModifiedDate":"2024-01-26"},{"lineNumber":82,"author":{"gitId":"thewongdylan"},"content":"                }","lastModifiedDate":"2024-01-31"},{"lineNumber":83,"author":{"gitId":"thewongdylan"},"content":"            } catch (DylanBotException e) {","lastModifiedDate":"2024-01-31"},{"lineNumber":84,"author":{"gitId":"thewongdylan"},"content":"                System.out.println(e);","lastModifiedDate":"2024-01-31"},{"lineNumber":85,"author":{"gitId":"thewongdylan"},"content":"            }","lastModifiedDate":"2024-01-31"},{"lineNumber":86,"author":{"gitId":"thewongdylan"},"content":"        }","lastModifiedDate":"2024-01-26"},{"lineNumber":87,"author":{"gitId":"thewongdylan"},"content":"        try {","lastModifiedDate":"2024-01-31"},{"lineNumber":88,"author":{"gitId":"thewongdylan"},"content":"            System.out.println(\"Saving data to file...\");","lastModifiedDate":"2024-01-31"},{"lineNumber":89,"author":{"gitId":"thewongdylan"},"content":"            WriteDataToFile();","lastModifiedDate":"2024-01-31"},{"lineNumber":90,"author":{"gitId":"thewongdylan"},"content":"            System.out.println(\"Saving completed.\");","lastModifiedDate":"2024-01-31"},{"lineNumber":91,"author":{"gitId":"thewongdylan"},"content":"        } catch (IOException e) {","lastModifiedDate":"2024-01-31"},{"lineNumber":92,"author":{"gitId":"thewongdylan"},"content":"            System.out.println(e);","lastModifiedDate":"2024-01-31"},{"lineNumber":93,"author":{"gitId":"thewongdylan"},"content":"        }","lastModifiedDate":"2024-01-31"},{"lineNumber":94,"author":{"gitId":"thewongdylan"},"content":"        System.out.println(exit);","lastModifiedDate":"2024-01-26"},{"lineNumber":95,"author":{"gitId":"thewongdylan"},"content":"    }","lastModifiedDate":"2024-01-26"},{"lineNumber":96,"author":{"gitId":"thewongdylan"},"content":"","lastModifiedDate":"2024-01-26"},{"lineNumber":97,"author":{"gitId":"thewongdylan"},"content":"","lastModifiedDate":"2024-01-31"},{"lineNumber":98,"author":{"gitId":"thewongdylan"},"content":"    public static void LoadDataFromFile() throws IOException {","lastModifiedDate":"2024-01-31"},{"lineNumber":99,"author":{"gitId":"thewongdylan"},"content":"        BufferedReader reader \u003d new BufferedReader(new FileReader(fileName));","lastModifiedDate":"2024-01-31"},{"lineNumber":100,"author":{"gitId":"thewongdylan"},"content":"        String nextLine;","lastModifiedDate":"2024-01-31"},{"lineNumber":101,"author":{"gitId":"thewongdylan"},"content":"        while ((nextLine \u003d reader.readLine()) !\u003d null) {","lastModifiedDate":"2024-01-31"},{"lineNumber":102,"author":{"gitId":"thewongdylan"},"content":"            String[] tokens \u003d nextLine.split(Pattern.quote(\" | \"));","lastModifiedDate":"2024-01-31"},{"lineNumber":103,"author":{"gitId":"thewongdylan"},"content":"            Task curr;","lastModifiedDate":"2024-01-31"},{"lineNumber":104,"author":{"gitId":"thewongdylan"},"content":"            if (tokens[0].equals(\"T\")) {","lastModifiedDate":"2024-01-31"},{"lineNumber":105,"author":{"gitId":"thewongdylan"},"content":"                curr \u003d new TodoTask(\"T\", tokens[2]);","lastModifiedDate":"2024-01-31"},{"lineNumber":106,"author":{"gitId":"thewongdylan"},"content":"            } else if (tokens[0].equals(\"D\")) {","lastModifiedDate":"2024-01-31"},{"lineNumber":107,"author":{"gitId":"thewongdylan"},"content":"                curr \u003d new DeadlineTask(\"D\", tokens[2], ConvertStringToDateTime(tokens[3]));","lastModifiedDate":"2024-01-31"},{"lineNumber":108,"author":{"gitId":"thewongdylan"},"content":"            } else {","lastModifiedDate":"2024-01-31"},{"lineNumber":109,"author":{"gitId":"thewongdylan"},"content":"                curr \u003d new EventTask(\"E\", tokens[2], ConvertStringToDateTime(tokens[3]),","lastModifiedDate":"2024-01-31"},{"lineNumber":110,"author":{"gitId":"thewongdylan"},"content":"                        ConvertStringToDateTime(tokens[4]));","lastModifiedDate":"2024-01-31"},{"lineNumber":111,"author":{"gitId":"thewongdylan"},"content":"            }","lastModifiedDate":"2024-01-31"},{"lineNumber":112,"author":{"gitId":"thewongdylan"},"content":"            curr.completed \u003d tokens[1].equals(\"true\");","lastModifiedDate":"2024-01-31"},{"lineNumber":113,"author":{"gitId":"thewongdylan"},"content":"            tasks.add(curr);","lastModifiedDate":"2024-01-31"},{"lineNumber":114,"author":{"gitId":"thewongdylan"},"content":"        }","lastModifiedDate":"2024-01-31"},{"lineNumber":115,"author":{"gitId":"thewongdylan"},"content":"    }","lastModifiedDate":"2024-01-31"},{"lineNumber":116,"author":{"gitId":"thewongdylan"},"content":"","lastModifiedDate":"2024-01-31"},{"lineNumber":117,"author":{"gitId":"thewongdylan"},"content":"    public static void WriteDataToFile() throws IOException {","lastModifiedDate":"2024-01-31"},{"lineNumber":118,"author":{"gitId":"thewongdylan"},"content":"        File newFile \u003d new File(fileName);","lastModifiedDate":"2024-01-31"},{"lineNumber":119,"author":{"gitId":"thewongdylan"},"content":"        newFile.getParentFile().mkdirs();","lastModifiedDate":"2024-01-31"},{"lineNumber":120,"author":{"gitId":"thewongdylan"},"content":"        newFile.createNewFile();","lastModifiedDate":"2024-01-31"},{"lineNumber":121,"author":{"gitId":"thewongdylan"},"content":"","lastModifiedDate":"2024-01-31"},{"lineNumber":122,"author":{"gitId":"thewongdylan"},"content":"        FileWriter writer \u003d new FileWriter(fileName);","lastModifiedDate":"2024-01-31"},{"lineNumber":123,"author":{"gitId":"thewongdylan"},"content":"        for (Task t : tasks) {","lastModifiedDate":"2024-01-31"},{"lineNumber":124,"author":{"gitId":"thewongdylan"},"content":"            String data \u003d \"\";","lastModifiedDate":"2024-01-31"},{"lineNumber":125,"author":{"gitId":"thewongdylan"},"content":"            data +\u003d t.type + \" | \" + t.completed + \" | \" + t.desc;","lastModifiedDate":"2024-01-31"},{"lineNumber":126,"author":{"gitId":"thewongdylan"},"content":"            if (t.type.equals(\"D\")) {","lastModifiedDate":"2024-01-31"},{"lineNumber":127,"author":{"gitId":"thewongdylan"},"content":"                data +\u003d \" | \" + ((DeadlineTask) t).deadline;","lastModifiedDate":"2024-01-31"},{"lineNumber":128,"author":{"gitId":"thewongdylan"},"content":"            } else if (t.type.equals(\"E\")) {","lastModifiedDate":"2024-01-31"},{"lineNumber":129,"author":{"gitId":"thewongdylan"},"content":"                data +\u003d \" | \" + ((EventTask) t).from + \" | \" + ((EventTask) t).to;","lastModifiedDate":"2024-01-31"},{"lineNumber":130,"author":{"gitId":"thewongdylan"},"content":"            }","lastModifiedDate":"2024-01-31"},{"lineNumber":131,"author":{"gitId":"thewongdylan"},"content":"            writer.write(data);","lastModifiedDate":"2024-01-31"},{"lineNumber":132,"author":{"gitId":"thewongdylan"},"content":"            writer.write(\"\\n\");","lastModifiedDate":"2024-01-31"},{"lineNumber":133,"author":{"gitId":"thewongdylan"},"content":"        }","lastModifiedDate":"2024-01-31"},{"lineNumber":134,"author":{"gitId":"thewongdylan"},"content":"        writer.close();","lastModifiedDate":"2024-01-31"},{"lineNumber":135,"author":{"gitId":"thewongdylan"},"content":"    }","lastModifiedDate":"2024-01-31"},{"lineNumber":136,"author":{"gitId":"thewongdylan"},"content":"","lastModifiedDate":"2024-01-31"},{"lineNumber":137,"author":{"gitId":"thewongdylan"},"content":"    public static void createTodo(String input) throws DylanBotException {","lastModifiedDate":"2024-01-26"},{"lineNumber":138,"author":{"gitId":"thewongdylan"},"content":"        String desc \u003d input.substring(5);","lastModifiedDate":"2024-01-26"},{"lineNumber":139,"author":{"gitId":"thewongdylan"},"content":"        if (desc.isEmpty()) {","lastModifiedDate":"2024-01-26"},{"lineNumber":140,"author":{"gitId":"thewongdylan"},"content":"            throw new DylanBotException(\"HEY todo description cannot be empty!\");","lastModifiedDate":"2024-01-26"},{"lineNumber":141,"author":{"gitId":"thewongdylan"},"content":"        }","lastModifiedDate":"2024-01-26"},{"lineNumber":142,"author":{"gitId":"thewongdylan"},"content":"        Task curr \u003d new TodoTask(\"T\", desc);","lastModifiedDate":"2024-01-29"},{"lineNumber":143,"author":{"gitId":"thewongdylan"},"content":"        tasks.add(curr);","lastModifiedDate":"2024-01-26"},{"lineNumber":144,"author":{"gitId":"thewongdylan"},"content":"        System.out.println(\"Roger doger, added this task: \\n\\t\" + curr.toString());","lastModifiedDate":"2024-01-29"},{"lineNumber":145,"author":{"gitId":"thewongdylan"},"content":"    }","lastModifiedDate":"2024-01-26"},{"lineNumber":146,"author":{"gitId":"thewongdylan"},"content":"","lastModifiedDate":"2024-01-26"},{"lineNumber":147,"author":{"gitId":"thewongdylan"},"content":"    public static LocalDateTime ConvertStringToDateTime(String input) throws DateTimeParseException{","lastModifiedDate":"2024-01-31"},{"lineNumber":148,"author":{"gitId":"thewongdylan"},"content":"        LocalDateTime deadline \u003d null;","lastModifiedDate":"2024-01-31"},{"lineNumber":149,"author":{"gitId":"thewongdylan"},"content":"        DateTimeFormatter dFormat \u003d DateTimeFormatter.ofPattern(\"yyyy-MM-dd\");","lastModifiedDate":"2024-01-31"},{"lineNumber":150,"author":{"gitId":"thewongdylan"},"content":"        DateTimeFormatter dtFormat  \u003d DateTimeFormatter.ofPattern(\"yyyy-MM-dd HH:mm:ss\");","lastModifiedDate":"2024-01-31"},{"lineNumber":151,"author":{"gitId":"thewongdylan"},"content":"        if (input.length() \u003c 11) {","lastModifiedDate":"2024-01-31"},{"lineNumber":152,"author":{"gitId":"thewongdylan"},"content":"            deadline \u003d LocalDate.parse(input).atStartOfDay();","lastModifiedDate":"2024-01-31"},{"lineNumber":153,"author":{"gitId":"thewongdylan"},"content":"        } else {","lastModifiedDate":"2024-01-31"},{"lineNumber":154,"author":{"gitId":"thewongdylan"},"content":"            deadline \u003d LocalDateTime.parse(input);","lastModifiedDate":"2024-01-31"},{"lineNumber":155,"author":{"gitId":"thewongdylan"},"content":"        }","lastModifiedDate":"2024-01-31"},{"lineNumber":156,"author":{"gitId":"thewongdylan"},"content":"        return deadline;","lastModifiedDate":"2024-01-31"},{"lineNumber":157,"author":{"gitId":"thewongdylan"},"content":"    }","lastModifiedDate":"2024-01-31"},{"lineNumber":158,"author":{"gitId":"thewongdylan"},"content":"","lastModifiedDate":"2024-01-31"},{"lineNumber":159,"author":{"gitId":"thewongdylan"},"content":"    public static void createDeadline(String input) throws DylanBotException, DateTimeParseException {","lastModifiedDate":"2024-01-31"},{"lineNumber":160,"author":{"gitId":"thewongdylan"},"content":"        String[] inputArr \u003d input.split(\"/by\");","lastModifiedDate":"2024-01-26"},{"lineNumber":161,"author":{"gitId":"thewongdylan"},"content":"        String desc \u003d inputArr[0].substring(9).trim();","lastModifiedDate":"2024-01-26"},{"lineNumber":162,"author":{"gitId":"thewongdylan"},"content":"        String deadlineStr \u003d inputArr[1].trim();","lastModifiedDate":"2024-01-31"},{"lineNumber":163,"author":{"gitId":"thewongdylan"},"content":"        if (desc.isEmpty()) {","lastModifiedDate":"2024-01-26"},{"lineNumber":164,"author":{"gitId":"thewongdylan"},"content":"            throw new DylanBotException(\"HEY deadline description cannot be empty!\");","lastModifiedDate":"2024-01-26"},{"lineNumber":165,"author":{"gitId":"thewongdylan"},"content":"        }","lastModifiedDate":"2024-01-26"},{"lineNumber":166,"author":{"gitId":"thewongdylan"},"content":"        if (deadlineStr.isEmpty()) {","lastModifiedDate":"2024-01-31"},{"lineNumber":167,"author":{"gitId":"thewongdylan"},"content":"            throw new DylanBotException(\"HEY deadline tasks need deadlines!\");","lastModifiedDate":"2024-01-26"},{"lineNumber":168,"author":{"gitId":"thewongdylan"},"content":"        }","lastModifiedDate":"2024-01-26"},{"lineNumber":169,"author":{"gitId":"thewongdylan"},"content":"        try {","lastModifiedDate":"2024-01-31"},{"lineNumber":170,"author":{"gitId":"thewongdylan"},"content":"            DeadlineTask curr \u003d new DeadlineTask(\"D\", desc, ConvertStringToDateTime(deadlineStr));","lastModifiedDate":"2024-01-31"},{"lineNumber":171,"author":{"gitId":"thewongdylan"},"content":"            tasks.add(curr);","lastModifiedDate":"2024-01-26"},{"lineNumber":172,"author":{"gitId":"thewongdylan"},"content":"            System.out.println(\"Roger doger, added this task: \\n\\t\" + curr.toString());","lastModifiedDate":"2024-01-29"},{"lineNumber":173,"author":{"gitId":"thewongdylan"},"content":"        } catch (DateTimeParseException e) {","lastModifiedDate":"2024-01-31"},{"lineNumber":174,"author":{"gitId":"thewongdylan"},"content":"            System.out.println(\"Improper date format, TRY AGAIN!!!\");","lastModifiedDate":"2024-01-31"},{"lineNumber":175,"author":{"gitId":"thewongdylan"},"content":"        }","lastModifiedDate":"2024-01-31"},{"lineNumber":176,"author":{"gitId":"thewongdylan"},"content":"    }","lastModifiedDate":"2024-01-26"},{"lineNumber":177,"author":{"gitId":"thewongdylan"},"content":"","lastModifiedDate":"2024-01-26"},{"lineNumber":178,"author":{"gitId":"thewongdylan"},"content":"    public static void createEvent(String input) throws DylanBotException {","lastModifiedDate":"2024-01-26"},{"lineNumber":179,"author":{"gitId":"thewongdylan"},"content":"        String[] inputArr \u003d input.split(\"/from|/to\");","lastModifiedDate":"2024-01-26"},{"lineNumber":180,"author":{"gitId":"thewongdylan"},"content":"        String desc \u003d inputArr[0].substring(6).trim();","lastModifiedDate":"2024-01-26"},{"lineNumber":181,"author":{"gitId":"thewongdylan"},"content":"        String fromString \u003d inputArr[1].trim();","lastModifiedDate":"2024-01-31"},{"lineNumber":182,"author":{"gitId":"thewongdylan"},"content":"        String toString \u003d inputArr[2].trim();","lastModifiedDate":"2024-01-31"},{"lineNumber":183,"author":{"gitId":"thewongdylan"},"content":"        if (desc.isEmpty()) {","lastModifiedDate":"2024-01-26"},{"lineNumber":184,"author":{"gitId":"thewongdylan"},"content":"            throw new DylanBotException(\"HEY event description cannot be empty!\");","lastModifiedDate":"2024-01-26"},{"lineNumber":185,"author":{"gitId":"thewongdylan"},"content":"        }","lastModifiedDate":"2024-01-26"},{"lineNumber":186,"author":{"gitId":"thewongdylan"},"content":"        if (fromString.isEmpty()) {","lastModifiedDate":"2024-01-31"},{"lineNumber":187,"author":{"gitId":"thewongdylan"},"content":"            throw new DylanBotException(\"HEY event tasks need starting dates!\");","lastModifiedDate":"2024-01-26"},{"lineNumber":188,"author":{"gitId":"thewongdylan"},"content":"        }","lastModifiedDate":"2024-01-25"},{"lineNumber":189,"author":{"gitId":"thewongdylan"},"content":"        if (toString.isEmpty()) {","lastModifiedDate":"2024-01-31"},{"lineNumber":190,"author":{"gitId":"thewongdylan"},"content":"            throw new DylanBotException(\"HEY event tasks need ending dates!\");","lastModifiedDate":"2024-01-26"},{"lineNumber":191,"author":{"gitId":"thewongdylan"},"content":"        }","lastModifiedDate":"2024-01-25"},{"lineNumber":192,"author":{"gitId":"thewongdylan"},"content":"        try {","lastModifiedDate":"2024-01-31"},{"lineNumber":193,"author":{"gitId":"thewongdylan"},"content":"            EventTask curr \u003d new EventTask(\"E\", desc, ConvertStringToDateTime(fromString),","lastModifiedDate":"2024-01-31"},{"lineNumber":194,"author":{"gitId":"thewongdylan"},"content":"                    ConvertStringToDateTime(toString));            tasks.add(curr);","lastModifiedDate":"2024-01-31"},{"lineNumber":195,"author":{"gitId":"thewongdylan"},"content":"            System.out.println(\"Roger doger, added this task: \\n\\t\" + curr.toString());","lastModifiedDate":"2024-01-29"},{"lineNumber":196,"author":{"gitId":"thewongdylan"},"content":"        } catch (DateTimeParseException e) {","lastModifiedDate":"2024-01-31"},{"lineNumber":197,"author":{"gitId":"thewongdylan"},"content":"            System.out.println(\"Improper date format, TRY AGAIN!!!\");","lastModifiedDate":"2024-01-31"},{"lineNumber":198,"author":{"gitId":"thewongdylan"},"content":"        }","lastModifiedDate":"2024-01-31"},{"lineNumber":199,"author":{"gitId":"thewongdylan"},"content":"    }","lastModifiedDate":"2024-01-25"},{"lineNumber":200,"author":{"gitId":"thewongdylan"},"content":"","lastModifiedDate":"2024-01-25"},{"lineNumber":201,"author":{"gitId":"thewongdylan"},"content":"    public static void deleteTask(String input) throws DylanBotException {","lastModifiedDate":"2024-01-26"},{"lineNumber":202,"author":{"gitId":"thewongdylan"},"content":"        String[] inputArr \u003d input.split(\" \");","lastModifiedDate":"2024-01-26"},{"lineNumber":203,"author":{"gitId":"thewongdylan"},"content":"        int idx \u003d Integer.parseInt(inputArr[1]);","lastModifiedDate":"2024-01-26"},{"lineNumber":204,"author":{"gitId":"thewongdylan"},"content":"        if (idx \u003e tasks.size() || idx \u003c 0) {","lastModifiedDate":"2024-01-26"},{"lineNumber":205,"author":{"gitId":"thewongdylan"},"content":"            throw new DylanBotException(\"HEY index requested is out of bounds\");","lastModifiedDate":"2024-01-26"},{"lineNumber":206,"author":{"gitId":"thewongdylan"},"content":"        }","lastModifiedDate":"2024-01-26"},{"lineNumber":207,"author":{"gitId":"thewongdylan"},"content":"        Task toRemove \u003d tasks.get(idx - 1);","lastModifiedDate":"2024-01-26"},{"lineNumber":208,"author":{"gitId":"thewongdylan"},"content":"        tasks.remove(idx - 1);","lastModifiedDate":"2024-01-26"},{"lineNumber":209,"author":{"gitId":"thewongdylan"},"content":"        System.out.println(\"Aight removed this task:\\n\\t\" + toRemove.toString());","lastModifiedDate":"2024-01-29"},{"lineNumber":210,"author":{"gitId":"thewongdylan"},"content":"    }","lastModifiedDate":"2024-01-25"},{"lineNumber":211,"author":{"gitId":"thewongdylan"},"content":"","lastModifiedDate":"2024-01-25"},{"lineNumber":212,"author":{"gitId":"thewongdylan"},"content":"    public static class FastScanner {","lastModifiedDate":"2024-01-25"},{"lineNumber":213,"author":{"gitId":"thewongdylan"},"content":"        BufferedReader br \u003d new BufferedReader(","lastModifiedDate":"2024-01-25"},{"lineNumber":214,"author":{"gitId":"thewongdylan"},"content":"                new InputStreamReader(System.in));","lastModifiedDate":"2024-01-25"},{"lineNumber":215,"author":{"gitId":"thewongdylan"},"content":"        StringTokenizer st \u003d new StringTokenizer(\"\");","lastModifiedDate":"2024-01-25"},{"lineNumber":216,"author":{"gitId":"thewongdylan"},"content":"","lastModifiedDate":"2024-01-25"},{"lineNumber":217,"author":{"gitId":"thewongdylan"},"content":"        String next() {","lastModifiedDate":"2024-01-25"},{"lineNumber":218,"author":{"gitId":"thewongdylan"},"content":"            while (!st.hasMoreTokens())","lastModifiedDate":"2024-01-25"},{"lineNumber":219,"author":{"gitId":"thewongdylan"},"content":"                try {","lastModifiedDate":"2024-01-25"},{"lineNumber":220,"author":{"gitId":"thewongdylan"},"content":"                    st \u003d new StringTokenizer(br.readLine());","lastModifiedDate":"2024-01-25"},{"lineNumber":221,"author":{"gitId":"thewongdylan"},"content":"                } catch (IOException e) {","lastModifiedDate":"2024-01-25"},{"lineNumber":222,"author":{"gitId":"thewongdylan"},"content":"                    e.printStackTrace();","lastModifiedDate":"2024-01-25"},{"lineNumber":223,"author":{"gitId":"thewongdylan"},"content":"                }","lastModifiedDate":"2024-01-25"},{"lineNumber":224,"author":{"gitId":"thewongdylan"},"content":"            return st.nextToken();","lastModifiedDate":"2024-01-25"},{"lineNumber":225,"author":{"gitId":"-"},"content":"        }","lastModifiedDate":"2019-07-29"},{"lineNumber":226,"author":{"gitId":"thewongdylan"},"content":"        String nextLine() {","lastModifiedDate":"2024-01-25"},{"lineNumber":227,"author":{"gitId":"thewongdylan"},"content":"            while (!st.hasMoreTokens())","lastModifiedDate":"2024-01-25"},{"lineNumber":228,"author":{"gitId":"thewongdylan"},"content":"                try {","lastModifiedDate":"2024-01-25"},{"lineNumber":229,"author":{"gitId":"thewongdylan"},"content":"                    st \u003d new StringTokenizer(br.readLine());","lastModifiedDate":"2024-01-25"},{"lineNumber":230,"author":{"gitId":"thewongdylan"},"content":"                } catch (IOException e) {","lastModifiedDate":"2024-01-25"},{"lineNumber":231,"author":{"gitId":"thewongdylan"},"content":"                    e.printStackTrace();","lastModifiedDate":"2024-01-25"},{"lineNumber":232,"author":{"gitId":"-"},"content":"                }","lastModifiedDate":"2019-07-29"},{"lineNumber":233,"author":{"gitId":"thewongdylan"},"content":"            return st.nextToken(\"\\n\");","lastModifiedDate":"2024-01-25"},{"lineNumber":234,"author":{"gitId":"thewongdylan"},"content":"        }","lastModifiedDate":"2024-01-25"},{"lineNumber":235,"author":{"gitId":"thewongdylan"},"content":"","lastModifiedDate":"2024-01-25"},{"lineNumber":236,"author":{"gitId":"thewongdylan"},"content":"        int nextInt() {","lastModifiedDate":"2024-01-25"},{"lineNumber":237,"author":{"gitId":"thewongdylan"},"content":"            return Integer.parseInt(next());","lastModifiedDate":"2024-01-25"},{"lineNumber":238,"author":{"gitId":"thewongdylan"},"content":"        }","lastModifiedDate":"2024-01-25"},{"lineNumber":239,"author":{"gitId":"thewongdylan"},"content":"","lastModifiedDate":"2024-01-25"},{"lineNumber":240,"author":{"gitId":"thewongdylan"},"content":"        int[] readArray(int n) {","lastModifiedDate":"2024-01-25"},{"lineNumber":241,"author":{"gitId":"thewongdylan"},"content":"            int[] a \u003d new int[n];","lastModifiedDate":"2024-01-25"},{"lineNumber":242,"author":{"gitId":"thewongdylan"},"content":"            for (int i \u003d 0; i \u003c n; i++)","lastModifiedDate":"2024-01-25"},{"lineNumber":243,"author":{"gitId":"thewongdylan"},"content":"                a[i] \u003d nextInt();","lastModifiedDate":"2024-01-25"},{"lineNumber":244,"author":{"gitId":"thewongdylan"},"content":"            return a;","lastModifiedDate":"2024-01-25"},{"lineNumber":245,"author":{"gitId":"thewongdylan"},"content":"        }","lastModifiedDate":"2024-01-25"},{"lineNumber":246,"author":{"gitId":"thewongdylan"},"content":"","lastModifiedDate":"2024-01-25"},{"lineNumber":247,"author":{"gitId":"thewongdylan"},"content":"        long nextLong() {","lastModifiedDate":"2024-01-25"},{"lineNumber":248,"author":{"gitId":"thewongdylan"},"content":"            return Long.parseLong(next());","lastModifiedDate":"2024-01-25"},{"lineNumber":249,"author":{"gitId":"thewongdylan"},"content":"        }","lastModifiedDate":"2024-01-25"},{"lineNumber":250,"author":{"gitId":"thewongdylan"},"content":"    }","lastModifiedDate":"2024-01-25"},{"lineNumber":251,"author":{"gitId":"thewongdylan"},"content":"}","lastModifiedDate":"2024-01-25"},{"lineNumber":252,"author":{"gitId":"thewongdylan"},"content":"","lastModifiedDate":"2024-01-25"},{"lineNumber":253,"author":{"gitId":"thewongdylan"},"content":"","lastModifiedDate":"2024-01-25"}],"authorContributionMap":{"-":2,"thewongdylan":251}},{"path":"src/main/java/DylanBotException.java","fileType":"java","lines":[{"lineNumber":1,"author":{"gitId":"thewongdylan"},"content":"public class DylanBotException extends Exception {","lastModifiedDate":"2024-01-26"},{"lineNumber":2,"author":{"gitId":"thewongdylan"},"content":"    public DylanBotException(String message) {","lastModifiedDate":"2024-01-26"},{"lineNumber":3,"author":{"gitId":"thewongdylan"},"content":"        super(message);","lastModifiedDate":"2024-01-26"},{"lineNumber":4,"author":{"gitId":"thewongdylan"},"content":"    }","lastModifiedDate":"2024-01-26"},{"lineNumber":5,"author":{"gitId":"thewongdylan"},"content":"}","lastModifiedDate":"2024-01-26"}],"authorContributionMap":{"thewongdylan":5}},{"path":"src/main/java/EventTask.java","fileType":"java","lines":[{"lineNumber":1,"author":{"gitId":"thewongdylan"},"content":"import java.time.LocalDateTime;","lastModifiedDate":"2024-01-31"},{"lineNumber":2,"author":{"gitId":"thewongdylan"},"content":"import java.time.format.DateTimeFormatter;","lastModifiedDate":"2024-01-31"},{"lineNumber":3,"author":{"gitId":"thewongdylan"},"content":"","lastModifiedDate":"2024-01-31"},{"lineNumber":4,"author":{"gitId":"thewongdylan"},"content":"class EventTask extends Task {","lastModifiedDate":"2024-01-29"},{"lineNumber":5,"author":{"gitId":"thewongdylan"},"content":"    public LocalDateTime from, to;","lastModifiedDate":"2024-01-31"},{"lineNumber":6,"author":{"gitId":"thewongdylan"},"content":"    DateTimeFormatter printFormat  \u003d DateTimeFormatter.ofPattern(\"d MMM yyyy HH:mm:ss\");","lastModifiedDate":"2024-01-31"},{"lineNumber":7,"author":{"gitId":"thewongdylan"},"content":"    public EventTask(String type, String desc, LocalDateTime from, LocalDateTime to) {","lastModifiedDate":"2024-01-31"},{"lineNumber":8,"author":{"gitId":"thewongdylan"},"content":"        super(type, desc);","lastModifiedDate":"2024-01-29"},{"lineNumber":9,"author":{"gitId":"thewongdylan"},"content":"        this.from \u003d from;","lastModifiedDate":"2024-01-29"},{"lineNumber":10,"author":{"gitId":"thewongdylan"},"content":"        this.to \u003d to;","lastModifiedDate":"2024-01-29"},{"lineNumber":11,"author":{"gitId":"thewongdylan"},"content":"    }","lastModifiedDate":"2024-01-29"},{"lineNumber":12,"author":{"gitId":"thewongdylan"},"content":"","lastModifiedDate":"2024-01-29"},{"lineNumber":13,"author":{"gitId":"thewongdylan"},"content":"    @Override","lastModifiedDate":"2024-01-29"},{"lineNumber":14,"author":{"gitId":"thewongdylan"},"content":"    public String toString() {","lastModifiedDate":"2024-01-29"},{"lineNumber":15,"author":{"gitId":"thewongdylan"},"content":"        return \"[\" + type + \"] \"","lastModifiedDate":"2024-01-29"},{"lineNumber":16,"author":{"gitId":"thewongdylan"},"content":"                + (completed ? \"[X]\" : \"[ ]\")","lastModifiedDate":"2024-01-29"},{"lineNumber":17,"author":{"gitId":"thewongdylan"},"content":"                + \" \" + desc","lastModifiedDate":"2024-01-29"},{"lineNumber":18,"author":{"gitId":"thewongdylan"},"content":"                + \" (from: \" + from.format(printFormat) + \" to: \" + to.format(printFormat) + \")\";","lastModifiedDate":"2024-01-31"},{"lineNumber":19,"author":{"gitId":"thewongdylan"},"content":"    }","lastModifiedDate":"2024-01-29"},{"lineNumber":20,"author":{"gitId":"thewongdylan"},"content":"}","lastModifiedDate":"2024-01-29"}],"authorContributionMap":{"thewongdylan":20}},{"path":"src/main/java/Task.java","fileType":"java","lines":[{"lineNumber":1,"author":{"gitId":"thewongdylan"},"content":"public class Task {","lastModifiedDate":"2024-01-29"},{"lineNumber":2,"author":{"gitId":"thewongdylan"},"content":"","lastModifiedDate":"2024-01-29"},{"lineNumber":3,"author":{"gitId":"thewongdylan"},"content":"    public String type, desc;","lastModifiedDate":"2024-01-29"},{"lineNumber":4,"author":{"gitId":"thewongdylan"},"content":"    public boolean completed;","lastModifiedDate":"2024-01-29"},{"lineNumber":5,"author":{"gitId":"thewongdylan"},"content":"","lastModifiedDate":"2024-01-29"},{"lineNumber":6,"author":{"gitId":"thewongdylan"},"content":"    public Task(String type, String desc) {","lastModifiedDate":"2024-01-29"},{"lineNumber":7,"author":{"gitId":"thewongdylan"},"content":"        this.type  \u003d type;","lastModifiedDate":"2024-01-29"},{"lineNumber":8,"author":{"gitId":"thewongdylan"},"content":"        this.desc \u003d desc;","lastModifiedDate":"2024-01-29"},{"lineNumber":9,"author":{"gitId":"thewongdylan"},"content":"        this.completed \u003d false;","lastModifiedDate":"2024-01-29"},{"lineNumber":10,"author":{"gitId":"thewongdylan"},"content":"    }","lastModifiedDate":"2024-01-29"},{"lineNumber":11,"author":{"gitId":"thewongdylan"},"content":"","lastModifiedDate":"2024-01-29"},{"lineNumber":12,"author":{"gitId":"thewongdylan"},"content":"    public String toString() {","lastModifiedDate":"2024-01-29"},{"lineNumber":13,"author":{"gitId":"thewongdylan"},"content":"        return \"[\" + type + \"] \"","lastModifiedDate":"2024-01-29"},{"lineNumber":14,"author":{"gitId":"thewongdylan"},"content":"                + (completed ? \"[X]\" : \"[ ]\")","lastModifiedDate":"2024-01-29"},{"lineNumber":15,"author":{"gitId":"thewongdylan"},"content":"                + \" \" + desc;","lastModifiedDate":"2024-01-29"},{"lineNumber":16,"author":{"gitId":"thewongdylan"},"content":"    }","lastModifiedDate":"2024-01-29"},{"lineNumber":17,"author":{"gitId":"thewongdylan"},"content":"","lastModifiedDate":"2024-01-29"},{"lineNumber":18,"author":{"gitId":"thewongdylan"},"content":"}","lastModifiedDate":"2024-01-29"},{"lineNumber":19,"author":{"gitId":"thewongdylan"},"content":"","lastModifiedDate":"2024-01-29"}],"authorContributionMap":{"thewongdylan":19}},{"path":"src/main/java/TodoTask.java","fileType":"java","lines":[{"lineNumber":1,"author":{"gitId":"thewongdylan"},"content":"public class TodoTask extends Task {","lastModifiedDate":"2024-01-29"},{"lineNumber":2,"author":{"gitId":"thewongdylan"},"content":"    public TodoTask(String type, String desc) {","lastModifiedDate":"2024-01-29"},{"lineNumber":3,"author":{"gitId":"thewongdylan"},"content":"        super(type, desc);","lastModifiedDate":"2024-01-29"},{"lineNumber":4,"author":{"gitId":"thewongdylan"},"content":"    }","lastModifiedDate":"2024-01-29"},{"lineNumber":5,"author":{"gitId":"thewongdylan"},"content":"}","lastModifiedDate":"2024-01-29"}],"authorContributionMap":{"thewongdylan":5}},{"path":"text-ui-test/input.txt","fileType":"txt","lines":[{"lineNumber":1,"author":{"gitId":"thewongdylan"},"content":"todo read","lastModifiedDate":"2024-01-26"},{"lineNumber":2,"author":{"gitId":"thewongdylan"},"content":"todo return","lastModifiedDate":"2024-01-26"},{"lineNumber":3,"author":{"gitId":"thewongdylan"},"content":"deadline finish book /by Sunday","lastModifiedDate":"2024-01-26"},{"lineNumber":4,"author":{"gitId":"thewongdylan"},"content":"event meeting /from Mon 10am /to Mon 11am","lastModifiedDate":"2024-01-26"},{"lineNumber":5,"author":{"gitId":"thewongdylan"},"content":"list","lastModifiedDate":"2024-01-26"},{"lineNumber":6,"author":{"gitId":"thewongdylan"},"content":"mark 1","lastModifiedDate":"2024-01-26"},{"lineNumber":7,"author":{"gitId":"thewongdylan"},"content":"mark 2","lastModifiedDate":"2024-01-26"},{"lineNumber":8,"author":{"gitId":"thewongdylan"},"content":"list","lastModifiedDate":"2024-01-26"},{"lineNumber":9,"author":{"gitId":"thewongdylan"},"content":"unmark 1","lastModifiedDate":"2024-01-26"},{"lineNumber":10,"author":{"gitId":"thewongdylan"},"content":"bye","lastModifiedDate":"2024-01-26"}],"authorContributionMap":{"thewongdylan":10}}]
