{"authorDailyContributionsMap":{"acekhoon":[{"date":"2024-01-25","commitResults":[{"hash":"7ab5a3bf9d7d82ede534e4483fe7a80ebb019fda","isMergeCommit":false,"messageTitle":"Level-0 Completed","messageBody":"","tags":["Level-1","Level-0"],"fileTypesAndContributionMap":{"java":{"insertions":23,"deletions":6}}},{"hash":"74f8d68f978c168b0e4b36a0f6a9bf5c7a19006a","isMergeCommit":false,"messageTitle":"In progress","messageBody":"","tags":["Level-2"],"fileTypesAndContributionMap":{"java":{"insertions":13,"deletions":1}}},{"hash":"1ecc02a9d7130931555fb4923d4f2ce03d287cce","isMergeCommit":false,"messageTitle":"Level-2 Updated","messageBody":"","fileTypesAndContributionMap":{"java":{"insertions":22,"deletions":3}}}]}]},"authorFileTypeContributionMap":{"acekhoon":{"java":54,"md":0,"fxml":0,"sh":0,"bat":0,"gradle":0,"txt":0}},"authorContributionVariance":{"acekhoon":566.20404},"authorDisplayNameMap":{"acekhoon":"EOM ..HOON"}}
