{"authorDailyContributionsMap":{"acekhoon":[{"date":"2024-01-25","commitResults":[{"hash":"7ab5a3bf9d7d82ede534e4483fe7a80ebb019fda","isMergeCommit":false,"messageTitle":"Level-0 Completed","messageBody":"","tags":["Level-1","Level-0"],"fileTypesAndContributionMap":{"java":{"insertions":23,"deletions":6}}},{"hash":"74f8d68f978c168b0e4b36a0f6a9bf5c7a19006a","isMergeCommit":false,"messageTitle":"In progress","messageBody":"","tags":["Level-2"],"fileTypesAndContributionMap":{"java":{"insertions":13,"deletions":1}}},{"hash":"1ecc02a9d7130931555fb4923d4f2ce03d287cce","isMergeCommit":false,"messageTitle":"Level-2 Updated","messageBody":"","tags":["Level-3"],"fileTypesAndContributionMap":{"java":{"insertions":22,"deletions":3}}},{"hash":"356a85de224d9902fc6e12394dc7502326d142cc","isMergeCommit":false,"messageTitle":"Level-3 Updated","messageBody":"","tags":["Level-4"],"fileTypesAndContributionMap":{"java":{"insertions":69,"deletions":9}}},{"hash":"d9a687972ec8af4ee03aa77429175497236e0fef","isMergeCommit":false,"messageTitle":"level 4 done","messageBody":"","tags":["A-TextUiTesting"],"fileTypesAndContributionMap":{"java":{"insertions":106,"deletions":19}}},{"hash":"0170000dde75e08648e5c17b2efc46c928eb13e5","isMergeCommit":false,"messageTitle":"Ui Testing Updated","messageBody":"","tags":["Level-5"],"fileTypesAndContributionMap":{"txt":{"insertions":9,"deletions":0},"java":{"insertions":2,"deletions":2}}},{"hash":"2f86eb12eeb266d7cd67b51de46055315abe62aa","isMergeCommit":false,"messageTitle":"Exceptions are updated","messageBody":"","tags":["Level-6"],"fileTypesAndContributionMap":{"java":{"insertions":85,"deletions":50}}},{"hash":"cc8a73ed67df4bc0c03841901351037725a56662","isMergeCommit":false,"messageTitle":"level-6 Done","messageBody":"","tags":["A-Enums"],"fileTypesAndContributionMap":{"java":{"insertions":18,"deletions":5}}}]},{"date":"2024-01-26","commitResults":[{"hash":"86e64582b7077bb13043be347d5d4493d3be4b92","isMergeCommit":false,"messageTitle":"Enums Updated","messageBody":"","fileTypesAndContributionMap":{"java":{"insertions":102,"deletions":55}}}]},{"date":"2024-01-31","commitResults":[{"hash":"17d63415c2aa98bf7e3aa7a7f06e25dd0c590c05","isMergeCommit":false,"messageTitle":"File I/O Function Added","messageBody":"","tags":["Level-7"],"fileTypesAndContributionMap":{"txt":{"insertions":4,"deletions":0},"java":{"insertions":92,"deletions":11}}},{"hash":"3e1b3da4775f3a960029b3ebb71bf494cf6021f4","isMergeCommit":false,"messageTitle":"duplicate","messageBody":"","fileTypesAndContributionMap":{"txt":{"insertions":0,"deletions":0}}},{"hash":"a0a71e63645f74d4b8d0033beec411cc9cd639f5","isMergeCommit":true,"messageTitle":"Level-7 Done","messageBody":"","tags":["Merged"],"fileTypesAndContributionMap":{}},{"hash":"ed66f72e466705e34ff3c090a472e877864cb1be","isMergeCommit":false,"messageTitle":"Time Feature Updated","messageBody":"","fileTypesAndContributionMap":{"txt":{"insertions":0,"deletions":0},"java":{"insertions":51,"deletions":48}}},{"hash":"79b6c987ab88c13c35ea76a08970538ab148c826","isMergeCommit":false,"messageTitle":"dummy duplicate","messageBody":"","fileTypesAndContributionMap":{"txt":{"insertions":0,"deletions":0},"java":{"insertions":51,"deletions":48}}},{"hash":"01aa33e873f941a225d597b4a2f5375726b22003","isMergeCommit":true,"messageTitle":"Level-8","messageBody":"","tags":["Level-8"],"fileTypesAndContributionMap":{}}]},{"date":"2024-02-01","commitResults":[{"hash":"34d5c6eb5d42cf187c9a666b65dd6fcd25e74c28","isMergeCommit":false,"messageTitle":"More OOP Done","messageBody":"","tags":["A-MoreOOP"],"fileTypesAndContributionMap":{"txt":{"insertions":0,"deletions":0},"java":{"insertions":291,"deletions":222}}},{"hash":"81cb17b4d3bca669e30256bf088bcd70c28d3e14","isMergeCommit":false,"messageTitle":"Packaging Done","messageBody":"","tags":["A-Packages"],"fileTypesAndContributionMap":{"java":{"insertions":476,"deletions":0}}},{"hash":"accd9ea65d57c833991833172969f335d60c806d","isMergeCommit":true,"messageTitle":"Gradle Merged","messageBody":"","tags":["A-Gradle"],"fileTypesAndContributionMap":{}}]}]},"authorFileTypeContributionMap":{"acekhoon":{"java":925,"md":0,"fxml":0,"sh":0,"bat":0,"gradle":0,"txt":13}},"authorContributionVariance":{"acekhoon":73942.734},"authorDisplayNameMap":{"acekhoon":"CS2103T-W08-1 EOM ..HOON"}}
