[{"path":"src/main/java/Buddy.java","fileType":"java","lines":[{"lineNumber":1,"author":{"gitId":"mahadhir247"},"content":"import java.util.ArrayList;","lastModifiedDate":"2024-01-22"},{"lineNumber":2,"author":{"gitId":"mahadhir247"},"content":"import java.util.Scanner;","lastModifiedDate":"2024-01-22"},{"lineNumber":3,"author":{"gitId":"mahadhir247"},"content":"","lastModifiedDate":"2024-01-22"},{"lineNumber":4,"author":{"gitId":"mahadhir247"},"content":"public class Buddy {","lastModifiedDate":"2024-01-22"},{"lineNumber":5,"author":{"gitId":"mahadhir247"},"content":"    private String lineBreak \u003d \"____________________________________________________________\\n\";","lastModifiedDate":"2024-01-22"},{"lineNumber":6,"author":{"gitId":"mahadhir247"},"content":"    ArrayList\u003cTask\u003e taskList \u003d new ArrayList\u003c\u003e();","lastModifiedDate":"2024-01-24"},{"lineNumber":7,"author":{"gitId":"mahadhir247"},"content":"","lastModifiedDate":"2024-01-22"},{"lineNumber":8,"author":{"gitId":"mahadhir247"},"content":"    private void greet() {","lastModifiedDate":"2024-01-22"},{"lineNumber":9,"author":{"gitId":"mahadhir247"},"content":"        String logo \u003d","lastModifiedDate":"2024-01-22"},{"lineNumber":10,"author":{"gitId":"mahadhir247"},"content":"            \"               ____            _     _       \\n\" +","lastModifiedDate":"2024-01-22"},{"lineNumber":11,"author":{"gitId":"mahadhir247"},"content":"            \"              |  _ \\\\          | |   | |      \\n\" +","lastModifiedDate":"2024-01-22"},{"lineNumber":12,"author":{"gitId":"mahadhir247"},"content":"            \"              | |_) |_   _  __| | __| |_   _ \\n\" +","lastModifiedDate":"2024-01-22"},{"lineNumber":13,"author":{"gitId":"mahadhir247"},"content":"            \"              |  _ \u003c| | | |/ _` |/ _` | | | |\\n\" +","lastModifiedDate":"2024-01-22"},{"lineNumber":14,"author":{"gitId":"mahadhir247"},"content":"            \"              | |_) | |_| | (_| | (_| | |_| |\\n\" +","lastModifiedDate":"2024-01-22"},{"lineNumber":15,"author":{"gitId":"mahadhir247"},"content":"            \"              |____/ \\\\__,_|\\\\__,_|\\\\__,_|\\\\__, |\\n\" +","lastModifiedDate":"2024-01-22"},{"lineNumber":16,"author":{"gitId":"mahadhir247"},"content":"            \"                                        __/ |\\n\" +","lastModifiedDate":"2024-01-22"},{"lineNumber":17,"author":{"gitId":"mahadhir247"},"content":"            \"                                       |___/ \\n\";","lastModifiedDate":"2024-01-22"},{"lineNumber":18,"author":{"gitId":"mahadhir247"},"content":"        System.out.println(lineBreak + logo + lineBreak + \" Hello friend!\\n\" + \" How can I help you?\\n\" + lineBreak);","lastModifiedDate":"2024-01-22"},{"lineNumber":19,"author":{"gitId":"mahadhir247"},"content":"    }","lastModifiedDate":"2024-01-22"},{"lineNumber":20,"author":{"gitId":"mahadhir247"},"content":"","lastModifiedDate":"2024-01-22"},{"lineNumber":21,"author":{"gitId":"mahadhir247"},"content":"    private void exit() {","lastModifiedDate":"2024-01-22"},{"lineNumber":22,"author":{"gitId":"mahadhir247"},"content":"        System.out.println(lineBreak + \" Bye. Hope to see you again soon!\\n\" + lineBreak);","lastModifiedDate":"2024-01-22"},{"lineNumber":23,"author":{"gitId":"mahadhir247"},"content":"    }","lastModifiedDate":"2024-01-22"},{"lineNumber":24,"author":{"gitId":"mahadhir247"},"content":"","lastModifiedDate":"2024-01-22"},{"lineNumber":25,"author":{"gitId":"mahadhir247"},"content":"    private void run() {","lastModifiedDate":"2024-01-23"},{"lineNumber":26,"author":{"gitId":"mahadhir247"},"content":"        boolean running \u003d true;","lastModifiedDate":"2024-01-22"},{"lineNumber":27,"author":{"gitId":"mahadhir247"},"content":"        Scanner sc \u003d new Scanner(System.in);","lastModifiedDate":"2024-01-22"},{"lineNumber":28,"author":{"gitId":"mahadhir247"},"content":"","lastModifiedDate":"2024-01-22"},{"lineNumber":29,"author":{"gitId":"mahadhir247"},"content":"        while (running) {","lastModifiedDate":"2024-01-22"},{"lineNumber":30,"author":{"gitId":"mahadhir247"},"content":"            String input \u003d sc.nextLine().trim();","lastModifiedDate":"2024-01-23"},{"lineNumber":31,"author":{"gitId":"mahadhir247"},"content":"","lastModifiedDate":"2024-01-22"},{"lineNumber":32,"author":{"gitId":"mahadhir247"},"content":"            if (!input.equals(\"\")) {","lastModifiedDate":"2024-01-23"},{"lineNumber":33,"author":{"gitId":"mahadhir247"},"content":"                int idx \u003d input.indexOf(\" \");","lastModifiedDate":"2024-01-23"},{"lineNumber":34,"author":{"gitId":"mahadhir247"},"content":"                String command;","lastModifiedDate":"2024-01-23"},{"lineNumber":35,"author":{"gitId":"mahadhir247"},"content":"","lastModifiedDate":"2024-01-23"},{"lineNumber":36,"author":{"gitId":"mahadhir247"},"content":"                if (idx \u003e\u003d 0) {","lastModifiedDate":"2024-01-23"},{"lineNumber":37,"author":{"gitId":"mahadhir247"},"content":"                    command \u003d input.substring(0, idx);","lastModifiedDate":"2024-01-23"},{"lineNumber":38,"author":{"gitId":"mahadhir247"},"content":"                } else {","lastModifiedDate":"2024-01-23"},{"lineNumber":39,"author":{"gitId":"mahadhir247"},"content":"                    command \u003d input;","lastModifiedDate":"2024-01-23"},{"lineNumber":40,"author":{"gitId":"mahadhir247"},"content":"                }","lastModifiedDate":"2024-01-23"},{"lineNumber":41,"author":{"gitId":"mahadhir247"},"content":"","lastModifiedDate":"2024-01-23"},{"lineNumber":42,"author":{"gitId":"mahadhir247"},"content":"                running \u003d command(command, input);","lastModifiedDate":"2024-01-24"},{"lineNumber":43,"author":{"gitId":"mahadhir247"},"content":"            }","lastModifiedDate":"2024-01-23"},{"lineNumber":44,"author":{"gitId":"mahadhir247"},"content":"        }","lastModifiedDate":"2024-01-23"},{"lineNumber":45,"author":{"gitId":"mahadhir247"},"content":"        sc.close();","lastModifiedDate":"2024-01-23"},{"lineNumber":46,"author":{"gitId":"mahadhir247"},"content":"    }","lastModifiedDate":"2024-01-23"},{"lineNumber":47,"author":{"gitId":"mahadhir247"},"content":"","lastModifiedDate":"2024-01-23"},{"lineNumber":48,"author":{"gitId":"mahadhir247"},"content":"    private boolean command(String cmd, String input) {","lastModifiedDate":"2024-01-24"},{"lineNumber":49,"author":{"gitId":"mahadhir247"},"content":"        switch (cmd) {","lastModifiedDate":"2024-01-23"},{"lineNumber":50,"author":{"gitId":"mahadhir247"},"content":"            case \"bye\":","lastModifiedDate":"2024-01-23"},{"lineNumber":51,"author":{"gitId":"mahadhir247"},"content":"                return false;","lastModifiedDate":"2024-01-23"},{"lineNumber":52,"author":{"gitId":"mahadhir247"},"content":"            case \"list\":","lastModifiedDate":"2024-01-23"},{"lineNumber":53,"author":{"gitId":"mahadhir247"},"content":"                System.out.print(lineBreak);","lastModifiedDate":"2024-01-22"},{"lineNumber":54,"author":{"gitId":"mahadhir247"},"content":"                System.out.println(\"Here you go bud!:\");","lastModifiedDate":"2024-01-23"},{"lineNumber":55,"author":{"gitId":"mahadhir247"},"content":"","lastModifiedDate":"2024-01-23"},{"lineNumber":56,"author":{"gitId":"mahadhir247"},"content":"                for (int i \u003d 0; i \u003c taskList.size(); i++) {","lastModifiedDate":"2024-01-22"},{"lineNumber":57,"author":{"gitId":"mahadhir247"},"content":"                    System.out.println((i + 1) + \". \"+ taskList.get(i));","lastModifiedDate":"2024-01-22"},{"lineNumber":58,"author":{"gitId":"mahadhir247"},"content":"                }","lastModifiedDate":"2024-01-22"},{"lineNumber":59,"author":{"gitId":"mahadhir247"},"content":"","lastModifiedDate":"2024-01-24"},{"lineNumber":60,"author":{"gitId":"mahadhir247"},"content":"                System.out.println(lineBreak);","lastModifiedDate":"2024-01-22"},{"lineNumber":61,"author":{"gitId":"mahadhir247"},"content":"                return true;","lastModifiedDate":"2024-01-23"},{"lineNumber":62,"author":{"gitId":"mahadhir247"},"content":"            case \"mark\":","lastModifiedDate":"2024-01-23"},{"lineNumber":63,"author":{"gitId":"mahadhir247"},"content":"            case \"unmark\":","lastModifiedDate":"2024-01-23"},{"lineNumber":64,"author":{"gitId":"mahadhir247"},"content":"                int intIdx \u003d input.indexOf(\" \") + 1;","lastModifiedDate":"2024-01-24"},{"lineNumber":65,"author":{"gitId":"mahadhir247"},"content":"                int taskIdx \u003d Integer.parseInt(input.substring(intIdx)) - 1;","lastModifiedDate":"2024-01-24"},{"lineNumber":66,"author":{"gitId":"mahadhir247"},"content":"                Task task \u003d taskList.get(taskIdx);","lastModifiedDate":"2024-01-24"},{"lineNumber":67,"author":{"gitId":"mahadhir247"},"content":"                task.changeStatus(cmd);","lastModifiedDate":"2024-01-24"},{"lineNumber":68,"author":{"gitId":"mahadhir247"},"content":"","lastModifiedDate":"2024-01-24"},{"lineNumber":69,"author":{"gitId":"mahadhir247"},"content":"                String msg \u003d \"I\u0027ve updated this task for you!\\n\" + task + \"\\n\";","lastModifiedDate":"2024-01-24"},{"lineNumber":70,"author":{"gitId":"mahadhir247"},"content":"                System.out.println(lineBreak + msg + lineBreak);","lastModifiedDate":"2024-01-24"},{"lineNumber":71,"author":{"gitId":"mahadhir247"},"content":"                return true;","lastModifiedDate":"2024-01-24"},{"lineNumber":72,"author":{"gitId":"mahadhir247"},"content":"            case \"todo\":","lastModifiedDate":"2024-01-24"},{"lineNumber":73,"author":{"gitId":"mahadhir247"},"content":"                int todoIdx \u003d input.indexOf(\" \") + 1;","lastModifiedDate":"2024-01-24"},{"lineNumber":74,"author":{"gitId":"mahadhir247"},"content":"                Todo todo \u003d new Todo(input.substring(todoIdx));","lastModifiedDate":"2024-01-24"},{"lineNumber":75,"author":{"gitId":"mahadhir247"},"content":"                addTask(todo);","lastModifiedDate":"2024-01-24"},{"lineNumber":76,"author":{"gitId":"mahadhir247"},"content":"                return true;","lastModifiedDate":"2024-01-24"},{"lineNumber":77,"author":{"gitId":"mahadhir247"},"content":"            case \"deadline\":","lastModifiedDate":"2024-01-24"},{"lineNumber":78,"author":{"gitId":"mahadhir247"},"content":"                int deadlineIdx \u003d input.indexOf(\" \") + 1;","lastModifiedDate":"2024-01-24"},{"lineNumber":79,"author":{"gitId":"mahadhir247"},"content":"                int deadlineEndIdx \u003d input.indexOf(\"/by\");","lastModifiedDate":"2024-01-24"},{"lineNumber":80,"author":{"gitId":"mahadhir247"},"content":"                String deadlineEnd \u003d input.substring(deadlineEndIdx + 4);","lastModifiedDate":"2024-01-24"},{"lineNumber":81,"author":{"gitId":"mahadhir247"},"content":"                Deadline deadline \u003d new Deadline(input.substring(deadlineIdx, deadlineEndIdx - 1), deadlineEnd);","lastModifiedDate":"2024-01-24"},{"lineNumber":82,"author":{"gitId":"mahadhir247"},"content":"                addTask(deadline);","lastModifiedDate":"2024-01-24"},{"lineNumber":83,"author":{"gitId":"mahadhir247"},"content":"                return true;","lastModifiedDate":"2024-01-24"},{"lineNumber":84,"author":{"gitId":"mahadhir247"},"content":"            case \"event\":","lastModifiedDate":"2024-01-24"},{"lineNumber":85,"author":{"gitId":"mahadhir247"},"content":"                int eventIdx \u003d input.indexOf(\" \") + 1;","lastModifiedDate":"2024-01-24"},{"lineNumber":86,"author":{"gitId":"mahadhir247"},"content":"                int eventStartIdx \u003d input.indexOf(\"/from\");","lastModifiedDate":"2024-01-24"},{"lineNumber":87,"author":{"gitId":"mahadhir247"},"content":"                int eventEndIdx \u003d input.indexOf(\"/to\");","lastModifiedDate":"2024-01-24"},{"lineNumber":88,"author":{"gitId":"mahadhir247"},"content":"                String eventStart \u003d input.substring(eventStartIdx + 6, eventEndIdx);","lastModifiedDate":"2024-01-24"},{"lineNumber":89,"author":{"gitId":"mahadhir247"},"content":"                String eventEnd \u003d input.substring(eventEndIdx + 4);","lastModifiedDate":"2024-01-24"},{"lineNumber":90,"author":{"gitId":"mahadhir247"},"content":"                Event event \u003d new Event(input.substring(eventIdx, eventStartIdx - 1), eventStart, eventEnd);","lastModifiedDate":"2024-01-24"},{"lineNumber":91,"author":{"gitId":"mahadhir247"},"content":"                addTask(event);","lastModifiedDate":"2024-01-24"},{"lineNumber":92,"author":{"gitId":"mahadhir247"},"content":"                return true;","lastModifiedDate":"2024-01-23"},{"lineNumber":93,"author":{"gitId":"mahadhir247"},"content":"            default:","lastModifiedDate":"2024-01-23"},{"lineNumber":94,"author":{"gitId":"mahadhir247"},"content":"                String notValid \u003d \"Sorry friend but that\u0027s not a valid command!\\n\";","lastModifiedDate":"2024-01-24"},{"lineNumber":95,"author":{"gitId":"mahadhir247"},"content":"                System.out.println(lineBreak + notValid + lineBreak);","lastModifiedDate":"2024-01-24"},{"lineNumber":96,"author":{"gitId":"mahadhir247"},"content":"                return true;","lastModifiedDate":"2024-01-23"},{"lineNumber":97,"author":{"gitId":"mahadhir247"},"content":"        }","lastModifiedDate":"2024-01-22"},{"lineNumber":98,"author":{"gitId":"mahadhir247"},"content":"    }","lastModifiedDate":"2024-01-22"},{"lineNumber":99,"author":{"gitId":"mahadhir247"},"content":"","lastModifiedDate":"2024-01-22"},{"lineNumber":100,"author":{"gitId":"mahadhir247"},"content":"    public void addTask(Task task) {","lastModifiedDate":"2024-01-24"},{"lineNumber":101,"author":{"gitId":"mahadhir247"},"content":"        String msg \u003d \"Alrighty! I\u0027ve added the task to your list!\\n\" + task + \"\\n\" +","lastModifiedDate":"2024-01-24"},{"lineNumber":102,"author":{"gitId":"mahadhir247"},"content":"                     \"You have \" + taskList.size() + \" tasks!\\n\";","lastModifiedDate":"2024-01-24"},{"lineNumber":103,"author":{"gitId":"mahadhir247"},"content":"        taskList.add(task);","lastModifiedDate":"2024-01-24"},{"lineNumber":104,"author":{"gitId":"mahadhir247"},"content":"        System.out.println(lineBreak + msg + lineBreak);","lastModifiedDate":"2024-01-24"},{"lineNumber":105,"author":{"gitId":"mahadhir247"},"content":"    }","lastModifiedDate":"2024-01-24"},{"lineNumber":106,"author":{"gitId":"mahadhir247"},"content":"","lastModifiedDate":"2024-01-24"},{"lineNumber":107,"author":{"gitId":"mahadhir247"},"content":"    public static void main(String[] args) {","lastModifiedDate":"2024-01-22"},{"lineNumber":108,"author":{"gitId":"mahadhir247"},"content":"        Buddy buddy \u003d new Buddy();","lastModifiedDate":"2024-01-22"},{"lineNumber":109,"author":{"gitId":"mahadhir247"},"content":"        buddy.greet();","lastModifiedDate":"2024-01-22"},{"lineNumber":110,"author":{"gitId":"mahadhir247"},"content":"        buddy.run();","lastModifiedDate":"2024-01-23"},{"lineNumber":111,"author":{"gitId":"mahadhir247"},"content":"        buddy.exit();","lastModifiedDate":"2024-01-22"},{"lineNumber":112,"author":{"gitId":"mahadhir247"},"content":"    }","lastModifiedDate":"2024-01-22"},{"lineNumber":113,"author":{"gitId":"mahadhir247"},"content":"}","lastModifiedDate":"2024-01-22"}],"authorContributionMap":{"mahadhir247":113}},{"path":"src/main/java/Deadline.java","fileType":"java","lines":[{"lineNumber":1,"author":{"gitId":"mahadhir247"},"content":"public class Deadline extends Task {","lastModifiedDate":"2024-01-24"},{"lineNumber":2,"author":{"gitId":"mahadhir247"},"content":"    protected String by;","lastModifiedDate":"2024-01-24"},{"lineNumber":3,"author":{"gitId":"mahadhir247"},"content":"","lastModifiedDate":"2024-01-24"},{"lineNumber":4,"author":{"gitId":"mahadhir247"},"content":"    public Deadline(String description, String by) {","lastModifiedDate":"2024-01-24"},{"lineNumber":5,"author":{"gitId":"mahadhir247"},"content":"        super(description);","lastModifiedDate":"2024-01-24"},{"lineNumber":6,"author":{"gitId":"mahadhir247"},"content":"        this.by \u003d by;","lastModifiedDate":"2024-01-24"},{"lineNumber":7,"author":{"gitId":"mahadhir247"},"content":"    }","lastModifiedDate":"2024-01-24"},{"lineNumber":8,"author":{"gitId":"mahadhir247"},"content":"","lastModifiedDate":"2024-01-24"},{"lineNumber":9,"author":{"gitId":"mahadhir247"},"content":"    @Override","lastModifiedDate":"2024-01-24"},{"lineNumber":10,"author":{"gitId":"mahadhir247"},"content":"    public String toString() {","lastModifiedDate":"2024-01-24"},{"lineNumber":11,"author":{"gitId":"mahadhir247"},"content":"        return \"[D]\" + super.toString() + \" (by: \" + by + \")\";","lastModifiedDate":"2024-01-24"},{"lineNumber":12,"author":{"gitId":"mahadhir247"},"content":"    }","lastModifiedDate":"2024-01-24"},{"lineNumber":13,"author":{"gitId":"mahadhir247"},"content":"}","lastModifiedDate":"2024-01-24"}],"authorContributionMap":{"mahadhir247":13}},{"path":"src/main/java/Event.java","fileType":"java","lines":[{"lineNumber":1,"author":{"gitId":"mahadhir247"},"content":"public class Event extends Task {","lastModifiedDate":"2024-01-24"},{"lineNumber":2,"author":{"gitId":"mahadhir247"},"content":"    protected String from;","lastModifiedDate":"2024-01-24"},{"lineNumber":3,"author":{"gitId":"mahadhir247"},"content":"    protected String to;","lastModifiedDate":"2024-01-24"},{"lineNumber":4,"author":{"gitId":"mahadhir247"},"content":"","lastModifiedDate":"2024-01-24"},{"lineNumber":5,"author":{"gitId":"mahadhir247"},"content":"    public Event(String description, String from, String to) {","lastModifiedDate":"2024-01-24"},{"lineNumber":6,"author":{"gitId":"mahadhir247"},"content":"        super(description);","lastModifiedDate":"2024-01-24"},{"lineNumber":7,"author":{"gitId":"mahadhir247"},"content":"        this.from \u003d from;","lastModifiedDate":"2024-01-24"},{"lineNumber":8,"author":{"gitId":"mahadhir247"},"content":"        this.to \u003d to;","lastModifiedDate":"2024-01-24"},{"lineNumber":9,"author":{"gitId":"mahadhir247"},"content":"    }","lastModifiedDate":"2024-01-24"},{"lineNumber":10,"author":{"gitId":"mahadhir247"},"content":"","lastModifiedDate":"2024-01-24"},{"lineNumber":11,"author":{"gitId":"mahadhir247"},"content":"    @Override","lastModifiedDate":"2024-01-24"},{"lineNumber":12,"author":{"gitId":"mahadhir247"},"content":"    public String toString() {","lastModifiedDate":"2024-01-24"},{"lineNumber":13,"author":{"gitId":"mahadhir247"},"content":"        return \"[E]\" + super.toString() + \" (from: \" + from + \"to: \" + to + \")\";","lastModifiedDate":"2024-01-24"},{"lineNumber":14,"author":{"gitId":"mahadhir247"},"content":"    }","lastModifiedDate":"2024-01-24"},{"lineNumber":15,"author":{"gitId":"mahadhir247"},"content":"}","lastModifiedDate":"2024-01-24"}],"authorContributionMap":{"mahadhir247":15}},{"path":"src/main/java/Task.java","fileType":"java","lines":[{"lineNumber":1,"author":{"gitId":"mahadhir247"},"content":"public class Task {","lastModifiedDate":"2024-01-24"},{"lineNumber":2,"author":{"gitId":"mahadhir247"},"content":"    protected String description;","lastModifiedDate":"2024-01-24"},{"lineNumber":3,"author":{"gitId":"mahadhir247"},"content":"    protected boolean isDone;","lastModifiedDate":"2024-01-24"},{"lineNumber":4,"author":{"gitId":"mahadhir247"},"content":"","lastModifiedDate":"2024-01-24"},{"lineNumber":5,"author":{"gitId":"mahadhir247"},"content":"    public Task(String description) {","lastModifiedDate":"2024-01-24"},{"lineNumber":6,"author":{"gitId":"mahadhir247"},"content":"        this.description \u003d description;","lastModifiedDate":"2024-01-24"},{"lineNumber":7,"author":{"gitId":"mahadhir247"},"content":"        this.isDone \u003d false;","lastModifiedDate":"2024-01-24"},{"lineNumber":8,"author":{"gitId":"mahadhir247"},"content":"    }","lastModifiedDate":"2024-01-24"},{"lineNumber":9,"author":{"gitId":"mahadhir247"},"content":"","lastModifiedDate":"2024-01-24"},{"lineNumber":10,"author":{"gitId":"mahadhir247"},"content":"    public String getStatusIcon() {","lastModifiedDate":"2024-01-24"},{"lineNumber":11,"author":{"gitId":"mahadhir247"},"content":"        return (isDone ? \"X\" : \" \");","lastModifiedDate":"2024-01-24"},{"lineNumber":12,"author":{"gitId":"mahadhir247"},"content":"    }","lastModifiedDate":"2024-01-24"},{"lineNumber":13,"author":{"gitId":"mahadhir247"},"content":"","lastModifiedDate":"2024-01-24"},{"lineNumber":14,"author":{"gitId":"mahadhir247"},"content":"    public void changeStatus(String cmd) {","lastModifiedDate":"2024-01-24"},{"lineNumber":15,"author":{"gitId":"mahadhir247"},"content":"        if (cmd.equals(\"mark\")) {","lastModifiedDate":"2024-01-24"},{"lineNumber":16,"author":{"gitId":"mahadhir247"},"content":"            isDone \u003d true;","lastModifiedDate":"2024-01-24"},{"lineNumber":17,"author":{"gitId":"mahadhir247"},"content":"        } else if (cmd.equals(\"unmark\")) {","lastModifiedDate":"2024-01-24"},{"lineNumber":18,"author":{"gitId":"mahadhir247"},"content":"            isDone \u003d false;","lastModifiedDate":"2024-01-24"},{"lineNumber":19,"author":{"gitId":"mahadhir247"},"content":"        }","lastModifiedDate":"2024-01-24"},{"lineNumber":20,"author":{"gitId":"mahadhir247"},"content":"    }","lastModifiedDate":"2024-01-24"},{"lineNumber":21,"author":{"gitId":"mahadhir247"},"content":"","lastModifiedDate":"2024-01-24"},{"lineNumber":22,"author":{"gitId":"mahadhir247"},"content":"    @Override","lastModifiedDate":"2024-01-24"},{"lineNumber":23,"author":{"gitId":"mahadhir247"},"content":"    public String toString() {","lastModifiedDate":"2024-01-24"},{"lineNumber":24,"author":{"gitId":"mahadhir247"},"content":"        return \"[\" + this.getStatusIcon() + \"] \" + this.description;","lastModifiedDate":"2024-01-24"},{"lineNumber":25,"author":{"gitId":"mahadhir247"},"content":"    }","lastModifiedDate":"2024-01-24"},{"lineNumber":26,"author":{"gitId":"mahadhir247"},"content":"}","lastModifiedDate":"2024-01-24"}],"authorContributionMap":{"mahadhir247":26}},{"path":"src/main/java/Todo.java","fileType":"java","lines":[{"lineNumber":1,"author":{"gitId":"mahadhir247"},"content":"public class Todo extends Task{","lastModifiedDate":"2024-01-24"},{"lineNumber":2,"author":{"gitId":"mahadhir247"},"content":"    public Todo(String description) {","lastModifiedDate":"2024-01-24"},{"lineNumber":3,"author":{"gitId":"mahadhir247"},"content":"        super(description);","lastModifiedDate":"2024-01-24"},{"lineNumber":4,"author":{"gitId":"mahadhir247"},"content":"    }","lastModifiedDate":"2024-01-24"},{"lineNumber":5,"author":{"gitId":"mahadhir247"},"content":"","lastModifiedDate":"2024-01-24"},{"lineNumber":6,"author":{"gitId":"mahadhir247"},"content":"    @Override","lastModifiedDate":"2024-01-24"},{"lineNumber":7,"author":{"gitId":"mahadhir247"},"content":"    public String toString() {","lastModifiedDate":"2024-01-24"},{"lineNumber":8,"author":{"gitId":"mahadhir247"},"content":"        return \"[T]\" + super.toString();","lastModifiedDate":"2024-01-24"},{"lineNumber":9,"author":{"gitId":"mahadhir247"},"content":"    }","lastModifiedDate":"2024-01-24"},{"lineNumber":10,"author":{"gitId":"mahadhir247"},"content":"}","lastModifiedDate":"2024-01-24"}],"authorContributionMap":{"mahadhir247":10}},{"path":"text-ui-test/input.txt","fileType":"txt","lines":[{"lineNumber":1,"author":{"gitId":"mahadhir247"},"content":"todo borrow book","lastModifiedDate":"2024-01-24"},{"lineNumber":2,"author":{"gitId":"mahadhir247"},"content":"deadline return book /by Sunday","lastModifiedDate":"2024-01-24"},{"lineNumber":3,"author":{"gitId":"mahadhir247"},"content":"event project meeting /from Mon 2pm /to 4pm","lastModifiedDate":"2024-01-24"},{"lineNumber":4,"author":{"gitId":"mahadhir247"},"content":"list","lastModifiedDate":"2024-01-24"},{"lineNumber":5,"author":{"gitId":"mahadhir247"},"content":"mark 1","lastModifiedDate":"2024-01-24"},{"lineNumber":6,"author":{"gitId":"mahadhir247"},"content":"mark 2","lastModifiedDate":"2024-01-24"},{"lineNumber":7,"author":{"gitId":"mahadhir247"},"content":"list","lastModifiedDate":"2024-01-24"},{"lineNumber":8,"author":{"gitId":"mahadhir247"},"content":"unmark 1","lastModifiedDate":"2024-01-24"},{"lineNumber":9,"author":{"gitId":"mahadhir247"},"content":"list","lastModifiedDate":"2024-01-24"},{"lineNumber":10,"author":{"gitId":"mahadhir247"},"content":"bye","lastModifiedDate":"2024-01-24"}],"authorContributionMap":{"mahadhir247":10}},{"path":"text-ui-test/runtest.bat","fileType":"bat","lines":[{"lineNumber":1,"author":{"gitId":"-"},"content":"@ECHO OFF","lastModifiedDate":"2020-05-25"},{"lineNumber":2,"author":{"gitId":"-"},"content":"","lastModifiedDate":"2020-05-25"},{"lineNumber":3,"author":{"gitId":"-"},"content":"REM create bin directory if it doesn\u0027t exist","lastModifiedDate":"2020-05-25"},{"lineNumber":4,"author":{"gitId":"-"},"content":"if not exist ..\\bin mkdir ..\\bin","lastModifiedDate":"2020-05-25"},{"lineNumber":5,"author":{"gitId":"-"},"content":"","lastModifiedDate":"2020-05-25"},{"lineNumber":6,"author":{"gitId":"-"},"content":"REM delete output from previous run","lastModifiedDate":"2020-05-25"},{"lineNumber":7,"author":{"gitId":"-"},"content":"if exist ACTUAL.TXT del ACTUAL.TXT","lastModifiedDate":"2020-08-25"},{"lineNumber":8,"author":{"gitId":"-"},"content":"","lastModifiedDate":"2020-05-25"},{"lineNumber":9,"author":{"gitId":"-"},"content":"REM compile the code into the bin folder","lastModifiedDate":"2020-05-25"},{"lineNumber":10,"author":{"gitId":"-"},"content":"javac  -cp ..\\src\\main\\java -Xlint:none -d ..\\bin ..\\src\\main\\java\\*.java","lastModifiedDate":"2020-08-25"},{"lineNumber":11,"author":{"gitId":"-"},"content":"IF ERRORLEVEL 1 (","lastModifiedDate":"2020-05-25"},{"lineNumber":12,"author":{"gitId":"-"},"content":"    echo ********** BUILD FAILURE **********","lastModifiedDate":"2020-05-25"},{"lineNumber":13,"author":{"gitId":"-"},"content":"    exit /b 1","lastModifiedDate":"2020-05-25"},{"lineNumber":14,"author":{"gitId":"-"},"content":")","lastModifiedDate":"2020-05-25"},{"lineNumber":15,"author":{"gitId":"-"},"content":"REM no error here, errorlevel \u003d\u003d 0","lastModifiedDate":"2020-05-25"},{"lineNumber":16,"author":{"gitId":"-"},"content":"","lastModifiedDate":"2020-05-25"},{"lineNumber":17,"author":{"gitId":"-"},"content":"REM run the program, feed commands from input.txt file and redirect the output to the ACTUAL.TXT","lastModifiedDate":"2020-05-25"},{"lineNumber":18,"author":{"gitId":"mahadhir247"},"content":"java -classpath ..\\bin Buddy \u003c input.txt \u003e ACTUAL.TXT","lastModifiedDate":"2024-01-24"},{"lineNumber":19,"author":{"gitId":"-"},"content":"","lastModifiedDate":"2020-05-25"},{"lineNumber":20,"author":{"gitId":"-"},"content":"REM compare the output to the expected output","lastModifiedDate":"2020-05-25"},{"lineNumber":21,"author":{"gitId":"-"},"content":"FC ACTUAL.TXT EXPECTED.TXT","lastModifiedDate":"2020-05-25"}],"authorContributionMap":{"-":20,"mahadhir247":1}},{"path":"text-ui-test/runtest.sh","fileType":"sh","lines":[{"lineNumber":1,"author":{"gitId":"-"},"content":"#!/usr/bin/env bash","lastModifiedDate":"2020-05-25"},{"lineNumber":2,"author":{"gitId":"-"},"content":"","lastModifiedDate":"2020-05-25"},{"lineNumber":3,"author":{"gitId":"-"},"content":"# create bin directory if it doesn\u0027t exist","lastModifiedDate":"2020-05-25"},{"lineNumber":4,"author":{"gitId":"-"},"content":"if [ ! -d \"../bin\" ]","lastModifiedDate":"2020-05-25"},{"lineNumber":5,"author":{"gitId":"-"},"content":"then","lastModifiedDate":"2020-05-25"},{"lineNumber":6,"author":{"gitId":"-"},"content":"    mkdir ../bin","lastModifiedDate":"2020-05-25"},{"lineNumber":7,"author":{"gitId":"-"},"content":"fi","lastModifiedDate":"2020-05-25"},{"lineNumber":8,"author":{"gitId":"-"},"content":"","lastModifiedDate":"2020-05-25"},{"lineNumber":9,"author":{"gitId":"-"},"content":"# delete output from previous run","lastModifiedDate":"2020-05-25"},{"lineNumber":10,"author":{"gitId":"-"},"content":"if [ -e \"./ACTUAL.TXT\" ]","lastModifiedDate":"2020-05-25"},{"lineNumber":11,"author":{"gitId":"-"},"content":"then","lastModifiedDate":"2020-05-25"},{"lineNumber":12,"author":{"gitId":"-"},"content":"    rm ACTUAL.TXT","lastModifiedDate":"2020-05-25"},{"lineNumber":13,"author":{"gitId":"-"},"content":"fi","lastModifiedDate":"2020-05-25"},{"lineNumber":14,"author":{"gitId":"-"},"content":"","lastModifiedDate":"2020-05-25"},{"lineNumber":15,"author":{"gitId":"-"},"content":"# compile the code into the bin folder, terminates if error occurred","lastModifiedDate":"2020-05-25"},{"lineNumber":16,"author":{"gitId":"-"},"content":"if ! javac -cp ../src/main/java -Xlint:none -d ../bin ../src/main/java/*.java","lastModifiedDate":"2020-08-25"},{"lineNumber":17,"author":{"gitId":"-"},"content":"then","lastModifiedDate":"2020-05-25"},{"lineNumber":18,"author":{"gitId":"-"},"content":"    echo \"********** BUILD FAILURE **********\"","lastModifiedDate":"2020-05-25"},{"lineNumber":19,"author":{"gitId":"-"},"content":"    exit 1","lastModifiedDate":"2020-05-25"},{"lineNumber":20,"author":{"gitId":"-"},"content":"fi","lastModifiedDate":"2020-05-25"},{"lineNumber":21,"author":{"gitId":"-"},"content":"","lastModifiedDate":"2020-05-25"},{"lineNumber":22,"author":{"gitId":"-"},"content":"# run the program, feed commands from input.txt file and redirect the output to the ACTUAL.TXT","lastModifiedDate":"2020-05-25"},{"lineNumber":23,"author":{"gitId":"mahadhir247"},"content":"java -classpath ../bin Buddy \u003c input.txt \u003e ACTUAL.TXT","lastModifiedDate":"2024-01-24"},{"lineNumber":24,"author":{"gitId":"-"},"content":"","lastModifiedDate":"2020-05-25"},{"lineNumber":25,"author":{"gitId":"-"},"content":"# convert to UNIX format","lastModifiedDate":"2020-05-25"},{"lineNumber":26,"author":{"gitId":"-"},"content":"cp EXPECTED.TXT EXPECTED-UNIX.TXT","lastModifiedDate":"2020-05-25"},{"lineNumber":27,"author":{"gitId":"-"},"content":"dos2unix ACTUAL.TXT EXPECTED-UNIX.TXT","lastModifiedDate":"2020-05-25"},{"lineNumber":28,"author":{"gitId":"-"},"content":"","lastModifiedDate":"2020-05-25"},{"lineNumber":29,"author":{"gitId":"-"},"content":"# compare the output to the expected output","lastModifiedDate":"2020-05-25"},{"lineNumber":30,"author":{"gitId":"-"},"content":"diff ACTUAL.TXT EXPECTED-UNIX.TXT","lastModifiedDate":"2020-05-25"},{"lineNumber":31,"author":{"gitId":"-"},"content":"if [ $? -eq 0 ]","lastModifiedDate":"2020-05-25"},{"lineNumber":32,"author":{"gitId":"-"},"content":"then","lastModifiedDate":"2020-05-25"},{"lineNumber":33,"author":{"gitId":"-"},"content":"    echo \"Test result: PASSED\"","lastModifiedDate":"2020-05-25"},{"lineNumber":34,"author":{"gitId":"-"},"content":"    exit 0","lastModifiedDate":"2020-05-25"},{"lineNumber":35,"author":{"gitId":"-"},"content":"else","lastModifiedDate":"2020-05-25"},{"lineNumber":36,"author":{"gitId":"-"},"content":"    echo \"Test result: FAILED\"","lastModifiedDate":"2020-05-25"},{"lineNumber":37,"author":{"gitId":"-"},"content":"    exit 1","lastModifiedDate":"2020-05-25"},{"lineNumber":38,"author":{"gitId":"-"},"content":"fi","lastModifiedDate":"2020-05-25"}],"authorContributionMap":{"-":37,"mahadhir247":1}}]
