{"authorDailyContributionsMap":{"wallacexuhanxiao":[{"date":"2024-01-20","commitResults":[{"hash":"30253148f5377f36b1501a1c7a6b6b518880f850","isMergeCommit":false,"messageTitle":"Level 0. Rename, Greet, Exit","messageBody":"","tags":["Level-0"],"fileTypesAndContributionMap":{"java":{"insertions":2,"deletions":6}}},{"hash":"20bd62f65765f49b1876b2ffd200550495c50a06","isMergeCommit":false,"messageTitle":"Level 1. Echo","messageBody":"","tags":["Level-1"],"fileTypesAndContributionMap":{"java":{"insertions":11,"deletions":2}}},{"hash":"520dde0701818d524fc88760d50690944a6cc35e","isMergeCommit":false,"messageTitle":"Level 2. Add, List","messageBody":"","tags":["Level-2"],"fileTypesAndContributionMap":{"java":{"insertions":61,"deletions":6}}}]},{"date":"2024-01-21","commitResults":[{"hash":"6b9e0694843488d32f43e570f7e98a775a6d2299","isMergeCommit":false,"messageTitle":"Level 3. Mark as Done","messageBody":"","tags":["Level-3"],"fileTypesAndContributionMap":{"java":{"insertions":154,"deletions":16}}},{"hash":"c9e31dbbf203fc068fab6277cab9fcd6e08b0441","isMergeCommit":false,"messageTitle":"Level 4. ToDos, Events, Deadlines","messageBody":"","tags":["Level-4"],"fileTypesAndContributionMap":{"java":{"insertions":138,"deletions":13}}},{"hash":"9dbb38c6b3462f626bd6eafedff889759ed93ae7","isMergeCommit":false,"messageTitle":"Automated Text UI Testing","messageBody":"","tags":["A-TextUiTesting"],"fileTypesAndContributionMap":{"txt":{"insertions":10,"deletions":0},"java":{"insertions":1,"deletions":1}}},{"hash":"a2721e274f71aa3b95a91e6542f9d6e096caaa80","isMergeCommit":false,"messageTitle":"Level 5. Handle Errors","messageBody":"","tags":["Level-5"],"fileTypesAndContributionMap":{"java":{"insertions":210,"deletions":22}}},{"hash":"6929691a2cf9399fbc15cb4822bf14aefbda059b","isMergeCommit":false,"messageTitle":"Level 6. Delete","messageBody":"","tags":["Level-6"],"fileTypesAndContributionMap":{"java":{"insertions":31,"deletions":0}}}]},{"date":"2024-01-26","commitResults":[{"hash":"11fc016fa4ae34663d6da0340fc792819ef5b5ae","isMergeCommit":false,"messageTitle":"Add file storage, exceptions yet to handle","messageBody":"","fileTypesAndContributionMap":{"txt":{"insertions":4,"deletions":0},"java":{"insertions":104,"deletions":3}}},{"hash":"d9b431c9acc48085f329fa409d7e4416f4e1e679","isMergeCommit":false,"messageTitle":"handle case where directory and file doesn\u0027t exist at first.","messageBody":"","fileTypesAndContributionMap":{"txt":{"insertions":3,"deletions":4},"java":{"insertions":37,"deletions":6}}},{"hash":"30146d5994c775eae9747da6ccc69975d4d4da40","isMergeCommit":true,"messageTitle":"Merge branch \u0027branch-Level-7\u0027","messageBody":"","tags":["Level-7"],"fileTypesAndContributionMap":{}},{"hash":"29f8b06ddb56a553f76a23d259b4e2417409f2ae","isMergeCommit":false,"messageTitle":"add basic time features and update several time related exception","messageBody":"","fileTypesAndContributionMap":{"txt":{"insertions":5,"deletions":2},"java":{"insertions":73,"deletions":16}}},{"hash":"0965194cdfdc8c5c842bd08992c63b0129745f17","isMergeCommit":false,"messageTitle":"add a new command, current, which list the task yet finished by current time","messageBody":"","fileTypesAndContributionMap":{"txt":{"insertions":1,"deletions":2},"java":{"insertions":69,"deletions":3}}},{"hash":"28c669131ba8e3eee2776533ff2ba33ac8e1c30a","isMergeCommit":true,"messageTitle":"Merge branch \u0027branch-Level-8\u0027","messageBody":"","tags":["Level-8"],"fileTypesAndContributionMap":{}}]},{"date":"2024-01-27","commitResults":[{"hash":"cf0286fe0440390a18314924b2e6375a5ee4a6a5","isMergeCommit":false,"messageTitle":"added a class tasklist to replace the static task list in class task.","messageBody":"","fileTypesAndContributionMap":{"txt":{"insertions":2,"deletions":1},"java":{"insertions":117,"deletions":69}}},{"hash":"8fcdff6a9bb4f956a38640c15a5089994169547d","isMergeCommit":false,"messageTitle":"add a parser class to remove the command distributor function inside Duke","messageBody":"","fileTypesAndContributionMap":{"txt":{"insertions":2,"deletions":1},"java":{"insertions":33,"deletions":27}}},{"hash":"3d1146f53bf17a71941a093e7a51a0f65ed6d8c0","isMergeCommit":false,"messageTitle":"UI class added, centralized all input and output in UI","messageBody":"","fileTypesAndContributionMap":{"java":{"insertions":49,"deletions":26}}},{"hash":"46e99315bf79658d73101bf8450e7f75197af8bf","isMergeCommit":false,"messageTitle":"fixed a minor bug on bye command","messageBody":"","fileTypesAndContributionMap":{"java":{"insertions":1,"deletions":1}}},{"hash":"696811cd8a8b16149c03cdc2baf87ff8406d8687","isMergeCommit":true,"messageTitle":"Merge branch \u0027branch-MoreOOP\u0027","messageBody":"","tags":["A-MoreOOP"],"fileTypesAndContributionMap":{}},{"hash":"9bd97c4dafd869505d47b53c0d89ab9fc567609c","isMergeCommit":false,"messageTitle":"Arrage into different packages","messageBody":"","fileTypesAndContributionMap":{"java":{"insertions":128,"deletions":23},"bat":{"insertions":1,"deletions":1},"md":{"insertions":2,"deletions":2}}},{"hash":"963f3627ddc462ea61d2ef5cd4b5d8f2f439d27d","isMergeCommit":true,"messageTitle":"Merge branch \u0027branch_A-Packages\u0027","messageBody":"","tags":["A-Packages"],"fileTypesAndContributionMap":{}},{"hash":"da3cca9bda02a6ba4a488c2594f6c22aece835fa","isMergeCommit":true,"messageTitle":"Merge remote-tracking branch \u0027origin/add-gradle-support\u0027","messageBody":"","fileTypesAndContributionMap":{}},{"hash":"8ff89054b70b54b557696e8e4d7e632014339a0a","isMergeCommit":false,"messageTitle":"use gradle","messageBody":"","tags":["A-Gradle"],"fileTypesAndContributionMap":{"gradle":{"insertions":2,"deletions":1},"txt":{"insertions":1,"deletions":0},"java":{"insertions":43,"deletions":40}}},{"hash":"d589b1c53a1dd7d67a654acc0c3005c5b608cbcd","isMergeCommit":false,"messageTitle":"Automate project builds using Gradle","messageBody":"","fileTypesAndContributionMap":{"gradle":{"insertions":1,"deletions":0},"java":{"insertions":30,"deletions":0}}},{"hash":"26d3ece911cb5d1139e28a3ece13455d46922bb2","isMergeCommit":false,"messageTitle":"Add JUnit tests for TaskList and Parser","messageBody":"","tags":["A-JUnit"],"fileTypesAndContributionMap":{"java":{"insertions":83,"deletions":1}}},{"hash":"89527ec87ee4764fa54fff9040ab4dd0c48b7230","isMergeCommit":false,"messageTitle":"Changed archiveFileName to duke.jar","messageBody":"","fileTypesAndContributionMap":{"gradle":{"insertions":4,"deletions":3}}},{"hash":"c56f45ebf3c076fb3daa7d27e483f87966c3abfe","isMergeCommit":false,"messageTitle":"Fix a minor bug in UI.","messageBody":"","tags":["A-Jar"],"fileTypesAndContributionMap":{"java":{"insertions":1,"deletions":1}}},{"hash":"743f91760bc393df9cf33807993717e7da3301e8","isMergeCommit":false,"messageTitle":"Add JavaDoc comments","messageBody":"","fileTypesAndContributionMap":{"java":{"insertions":125,"deletions":5}}}]},{"date":"2024-01-28","commitResults":[{"hash":"8b021954999dc8fa1031e7c9d40ee4b27706a342","isMergeCommit":false,"messageTitle":"Tweak the code to comply with the standard set by style check.","messageBody":"","fileTypesAndContributionMap":{"java":{"insertions":86,"deletions":87}}},{"hash":"2286fd847f7c0a479a2a744cbbc9f4785a96cc43","isMergeCommit":false,"messageTitle":"Change method name to verb.","messageBody":"","fileTypesAndContributionMap":{"java":{"insertions":3,"deletions":3}}},{"hash":"220de144bf1c3d4c03a8ea16f61c53bd082694e2","isMergeCommit":false,"messageTitle":"Add command find","messageBody":"","fileTypesAndContributionMap":{"txt":{"insertions":2,"deletions":2},"java":{"insertions":39,"deletions":0}}},{"hash":"e8aee7e850c3b07988a5095e8ef73e56233b2c0e","isMergeCommit":true,"messageTitle":"Merge branch \u0027branch-A-JavaDoc\u0027","messageBody":"","tags":["A-JavaDoc"],"fileTypesAndContributionMap":{}},{"hash":"9aa58cd72414f0fbae52b78cb290296a018a2fea","isMergeCommit":true,"messageTitle":"Merge branch \u0027branch-A-CodingStandard\u0027","messageBody":"# Conflicts:\n#\tsrc/main/java/duke/Duke.java\n#\tsrc/main/java/duke/Parser.java\n#\tsrc/main/java/duke/Storage.java\n#\tsrc/main/java/duke/TaskList.java\n#\tsrc/main/java/duke/Ui.java\n#\tsrc/main/java/duke/exception/TimeFormatException.java\n#\tsrc/main/java/duke/exception/TimeInconsistException.java\n","tags":["A-CodingStandard"],"fileTypesAndContributionMap":{}},{"hash":"f8438a12cc80cd10f6a41e4ac3a4140ed637977d","isMergeCommit":true,"messageTitle":"Merge branch \u0027branch-Level-9\u0027","messageBody":"# Conflicts:\n#\tsrc/main/java/duke/Parser.java\n","tags":["Level-9"],"fileTypesAndContributionMap":{}}]},{"date":"2024-01-31","commitResults":[{"hash":"fb712f4d6314e369706fb1002b9a67ce8ca5120d","isMergeCommit":false,"messageTitle":"Add trivial commit to fulfill admin task","messageBody":"","fileTypesAndContributionMap":{"txt":{"insertions":1,"deletions":0}}}]},{"date":"2024-02-02","commitResults":[{"hash":"1180dc93f67fd6777a3bdbfba860cf9daca634a0","isMergeCommit":false,"messageTitle":"Add an trival GUI","messageBody":"","fileTypesAndContributionMap":{"gradle":{"insertions":14,"deletions":0},"fxml":{"insertions":35,"deletions":0},"java":{"insertions":264,"deletions":1}}},{"hash":"e7b717165172fca367d13232d2ef765f8454d8e3","isMergeCommit":false,"messageTitle":"Merge the reply funtion into GUI","messageBody":"","fileTypesAndContributionMap":{"gradle":{"insertions":2,"deletions":1},"txt":{"insertions":1,"deletions":0},"java":{"insertions":102,"deletions":101}}},{"hash":"4a1e652c362f6af2e350763466323c20f8a169a8","isMergeCommit":false,"messageTitle":"Fix a minor bug in GUI","messageBody":"","fileTypesAndContributionMap":{"fxml":{"insertions":1,"deletions":1}}},{"hash":"8a7ba4adc1e51406317b2b93d66c466ec53bc671","isMergeCommit":false,"messageTitle":"Assign background color","messageBody":"","fileTypesAndContributionMap":{"fxml":{"insertions":7,"deletions":3},"java":{"insertions":2,"deletions":0}}},{"hash":"85bb4f17e271350944a1165cadbba06893111b2e","isMergeCommit":false,"messageTitle":"Update README.md","messageBody":"","fileTypesAndContributionMap":{"md":{"insertions":6,"deletions":22}}},{"hash":"336fbb4435cac7de4b4c5804feec5e2b41d0725d","isMergeCommit":false,"messageTitle":"Update README.md","messageBody":"","fileTypesAndContributionMap":{"md":{"insertions":23,"deletions":0}}},{"hash":"b2a139eefc558e00f7cadc3cf3a1b54e64cc148a","isMergeCommit":false,"messageTitle":"Update README.md","messageBody":"","fileTypesAndContributionMap":{"md":{"insertions":1,"deletions":0}}},{"hash":"17036432693389f779fbaca26f4e3bfb5e9e3d7e","isMergeCommit":false,"messageTitle":"Update README.md","messageBody":"","fileTypesAndContributionMap":{"md":{"insertions":3,"deletions":1}}},{"hash":"b140eb0470bf6c25222f08a3e672e29b41e42aa0","isMergeCommit":false,"messageTitle":"Run style check and clear all errors","messageBody":"","fileTypesAndContributionMap":{"java":{"insertions":27,"deletions":142}}},{"hash":"aa7df1a50ea84fb58531bd9373b6ac950a39312e","isMergeCommit":true,"messageTitle":"Merge remote-tracking branch \u0027origin/master\u0027","messageBody":"","tags":["A-CheckStyle"],"fileTypesAndContributionMap":{}},{"hash":"f4629aefd17458de657aad293dfeaa5693b24a97","isMergeCommit":false,"messageTitle":"Add glowing effect on dialog box","messageBody":"","fileTypesAndContributionMap":{"fxml":{"insertions":6,"deletions":2}}},{"hash":"37da46fac0d12a14b8afd33c84a90cd9c92ebdf2","isMergeCommit":false,"messageTitle":"Change font size and picture size","messageBody":"","fileTypesAndContributionMap":{"fxml":{"insertions":3,"deletions":3}}}]},{"date":"2024-02-03","commitResults":[{"hash":"a59e22e5776f24987c6c766959aac61ed243266b","isMergeCommit":false,"messageTitle":"Reset branch","messageBody":"","fileTypesAndContributionMap":{"fxml":{"insertions":8,"deletions":4}}},{"hash":"fd7269280a8d7af32157ce2247802651177cba5b","isMergeCommit":false,"messageTitle":"Add different color to user and bot","messageBody":"","fileTypesAndContributionMap":{"txt":{"insertions":6,"deletions":6},"fxml":{"insertions":4,"deletions":4},"java":{"insertions":3,"deletions":0}}},{"hash":"b2523909791362ce7bf6654b43d51cac38c96acc","isMergeCommit":false,"messageTitle":"Update README.md","messageBody":"","tags":["NEW-JAR"],"fileTypesAndContributionMap":{"md":{"insertions":4,"deletions":4}}}]},{"date":"2024-02-04","commitResults":[{"hash":"4fe541e7d63d13274d5ca3f7996d3be605603a13","isMergeCommit":false,"messageTitle":"Add trival commit for full commit message","messageBody":"Find command is case-sensitive.\n\nA case-insensitive find is more user-friendly because users cannot be\nexpected to remember the exact case of the keywords.\n\nLet\u0027s,\n* update the search algorithm to use case-insensitive matching\n* add a script to migrate stress tests to the new format\n","tags":["A-FullCommitMessage"],"fileTypesAndContributionMap":{"txt":{"insertions":11,"deletions":1}}},{"hash":"ff9d36efc8239a3fe59fbf91509c917b227c538d","isMergeCommit":false,"messageTitle":"Add assertion into my codes","messageBody":"Add ```assert``` to serveral method. Check whether the assumption\nfor certain method is fulfilled.\n","fileTypesAndContributionMap":{"java":{"insertions":14,"deletions":1}}},{"hash":"d691b7aa6d912049193d86fc59b33499db4d9f73","isMergeCommit":true,"messageTitle":"Merge pull request #1 from wallacexuhanxiao/branch-A-Assertions","messageBody":"Add assertion into my codes","tags":["A-Assertions"],"fileTypesAndContributionMap":{}},{"hash":"e3c57a7a9e40cfef40871a303891437686eadcca","isMergeCommit":false,"messageTitle":"Avoid long methods","messageBody":"All method are less than 30 LOC, except one.\nThat one is 32 lines but really cannot shrink to under 30 Lines.\n","fileTypesAndContributionMap":{"txt":{"insertions":2,"deletions":0},"java":{"insertions":139,"deletions":109}}},{"hash":"278d204991cf52088b0c93208881ab47a0e3218d","isMergeCommit":false,"messageTitle":"Avoid magic number","messageBody":"Using a named constant makes the code easier to understand.\n","fileTypesAndContributionMap":{"java":{"insertions":5,"deletions":4}}},{"hash":"b1b7d2a4f6a83df2fa6d516289bd47de75bd73e0","isMergeCommit":false,"messageTitle":"Structure my code logically","messageBody":"","fileTypesAndContributionMap":{"java":{"insertions":12,"deletions":21}}},{"hash":"1e7738e53ed259169cf6cec012ed97d12ea05aed","isMergeCommit":false,"messageTitle":"Remove unused fields and methods","messageBody":"","fileTypesAndContributionMap":{"java":{"insertions":2,"deletions":3}}},{"hash":"080edf6ad32616fbecdef27dc9c9fc6d38b8cda6","isMergeCommit":false,"messageTitle":"Reduce duplication in code","messageBody":"","fileTypesAndContributionMap":{"java":{"insertions":22,"deletions":17}}},{"hash":"52340bbe40c0e4ae2063ccffa4479f59b8a39f21","isMergeCommit":false,"messageTitle":"Reduce duplication in code","messageBody":"","fileTypesAndContributionMap":{"java":{"insertions":1,"deletions":3}}},{"hash":"7b9ec1f7490cdac56868d3f9b3c145f982f62124","isMergeCommit":true,"messageTitle":"Merge branch \u0027branch-A-CodeQuality\u0027","messageBody":"","fileTypesAndContributionMap":{}},{"hash":"42c29d975c466ae25bf4f6f1f45f393b1f73226c","isMergeCommit":false,"messageTitle":"Make PR on code quality branch","messageBody":"","fileTypesAndContributionMap":{"txt":{"insertions":3,"deletions":1}}},{"hash":"19fba4c0c0d6972c2c01c7540efa8f5033325923","isMergeCommit":true,"messageTitle":"Merge pull request #2 from wallacexuhanxiao/branch-A-CodeQuality","messageBody":"Make PR on code quality branch","tags":["A-CodeQuality"],"fileTypesAndContributionMap":{}},{"hash":"03453124d969e36299a6c435c27fda2794dfef4e","isMergeCommit":false,"messageTitle":"Add the ability to recognize and deal with duplicate items","messageBody":"","fileTypesAndContributionMap":{"java":{"insertions":2,"deletions":0}}},{"hash":"585f572990861d563588c5193d9edcf2a031d1a0","isMergeCommit":false,"messageTitle":"Add the ability to recognize and deal with duplicate items","messageBody":"","tags":["C-DetectDuplicates"],"fileTypesAndContributionMap":{"java":{"insertions":52,"deletions":3}}},{"hash":"e554bd57ea5e7c5cc940f71e760a12d41c01b7bc","isMergeCommit":false,"messageTitle":"Provide more flexibility with the data source","messageBody":"Use change and cd to switch to new file.\n","fileTypesAndContributionMap":{"txt":{"insertions":2,"deletions":1},"java":{"insertions":47,"deletions":13}}},{"hash":"e84163dc6b2e764b46c00d67a6aade37b8749493","isMergeCommit":false,"messageTitle":"Add create when not exist feature","messageBody":"","tags":["C-FlexibleDataSource"],"fileTypesAndContributionMap":{"txt":{"insertions":1,"deletions":0},"java":{"insertions":27,"deletions":1}}},{"hash":"3d23a7bf89178b8491467886aeb48aaf283a29ca","isMergeCommit":false,"messageTitle":"Add sort command","messageBody":"Type sort to sort your task list.\n","fileTypesAndContributionMap":{"txt":{"insertions":5,"deletions":5},"java":{"insertions":77,"deletions":1}}},{"hash":"72c0a78c5b7951282fa222a79b3376226e1ae998","isMergeCommit":false,"messageTitle":"Support more natural date formats","messageBody":"```Mon``` in a user command can be interpreted as the date of the\nnext Monday in the calendar. You can also use ```today``` to\nrepresent today. ```tomorrow``` is also supported.\n","tags":["C-NaturalDates"],"fileTypesAndContributionMap":{"txt":{"insertions":2,"deletions":0},"java":{"insertions":37,"deletions":0}}},{"hash":"a956f0332b30f70bd7820d82b32fb5a9e900930f","isMergeCommit":false,"messageTitle":"Find items even if the keyword matches the item only partially","messageBody":"Already fulfilled as I used regular expression for the find part at\nbeginning. So trival commit is made.\n","tags":["C-BetterSearch"],"fileTypesAndContributionMap":{"txt":{"insertions":3,"deletions":1}}}]},{"date":"2024-02-05","commitResults":[{"hash":"e414ee99a5abd3bffebb94db8d58e4eae0cd85a5","isMergeCommit":false,"messageTitle":"Support a way to easily edit details of items","messageBody":"","fileTypesAndContributionMap":{"txt":{"insertions":1,"deletions":1},"java":{"insertions":187,"deletions":0}}},{"hash":"0fe1790e8b84ed89798b562a8b6bf8e89c8104ac","isMergeCommit":false,"messageTitle":"Support a way to easily edit details of items","messageBody":"","tags":["C-Update"],"fileTypesAndContributionMap":{"txt":{"insertions":1,"deletions":1},"java":{"insertions":17,"deletions":5}}},{"hash":"624cb02f2cc69dced68cf84d4405b50be1a7a07c","isMergeCommit":false,"messageTitle":"Provide a way to tag items","messageBody":"","tags":["C-Tagging"],"fileTypesAndContributionMap":{"txt":{"insertions":15,"deletions":15},"java":{"insertions":188,"deletions":9}}},{"hash":"622a8aa8a16d5cbac66e496d1530dd7b7a6ed404","isMergeCommit":false,"messageTitle":"Provide a way to attach priorities to items","messageBody":"","tags":["C-Priority"],"fileTypesAndContributionMap":{"txt":{"insertions":7,"deletions":2},"java":{"insertions":15,"deletions":0}}},{"hash":"65df02c6b48af6d02da75a5abdd83391fb0bdcaf","isMergeCommit":true,"messageTitle":"Merge branch \u0027branch-C-Sort\u0027","messageBody":"","tags":["BCD-Extension"],"fileTypesAndContributionMap":{}},{"hash":"90f79699a21980044bdc9a3f510a6e38c7ff040e","isMergeCommit":false,"messageTitle":"Update README.md","messageBody":"","fileTypesAndContributionMap":{"md":{"insertions":52,"deletions":0}}},{"hash":"886b017ab9f630a2325e8c76aab8a15ecc5e4ca6","isMergeCommit":false,"messageTitle":"Update README.md","messageBody":"","fileTypesAndContributionMap":{"md":{"insertions":1,"deletions":1}}}]},{"date":"2024-02-12","commitResults":[{"hash":"28d6876019ccb661d377833265ed1d93a4914d07","isMergeCommit":false,"messageTitle":"Add trival commit for a tag","messageBody":"","fileTypesAndContributionMap":{"txt":{"insertions":2,"deletions":1}}},{"hash":"0325ddcf9277b1ed58323feb5816a147da7e6f85","isMergeCommit":false,"messageTitle":"Fix some style error","messageBody":"","fileTypesAndContributionMap":{"java":{"insertions":25,"deletions":5}}},{"hash":"a6041b4d469e0f64c2b67696916d9cd0bcdb6b7c","isMergeCommit":false,"messageTitle":"Add some javadocs and fix style error","messageBody":"","fileTypesAndContributionMap":{"java":{"insertions":65,"deletions":6}}},{"hash":"46e887d0e69abea59809d929e0483869dbb56930","isMergeCommit":false,"messageTitle":"Add javadoc to Event class and fix minor bug","messageBody":"","fileTypesAndContributionMap":{"java":{"insertions":49,"deletions":6}}},{"hash":"9a0a00a4a7c4adb00b70b1a168d1be06808ea32d","isMergeCommit":false,"messageTitle":"Add javadocs and fix style error","messageBody":"","fileTypesAndContributionMap":{"java":{"insertions":53,"deletions":11}}},{"hash":"0dc14386785a3e9f43a9c292fae31bfc7bf134bd","isMergeCommit":false,"messageTitle":"Add more javadocs and fix more style error","messageBody":"","fileTypesAndContributionMap":{"java":{"insertions":57,"deletions":6}}},{"hash":"8ba5e93a8153e74e1b4ff2f3408056c7214e4e6b","isMergeCommit":false,"messageTitle":"Fix all style errors","messageBody":"","fileTypesAndContributionMap":{"java":{"insertions":25,"deletions":3}}}]},{"date":"2024-02-16","commitResults":[{"hash":"5144a1d481bdfa6a939a80ac75a82033ab89490d","isMergeCommit":false,"messageTitle":"RenameDuke to Hanxiao and format my Javadoc","messageBody":"","fileTypesAndContributionMap":{"gradle":{"insertions":2,"deletions":2},"fxml":{"insertions":1,"deletions":1},"java":{"insertions":266,"deletions":158},"bat":{"insertions":1,"deletions":1}}},{"hash":"bdd305dc240cdf6e484b5eddacd8c305f766bf7c","isMergeCommit":false,"messageTitle":"Fix some style issue","messageBody":"","fileTypesAndContributionMap":{"java":{"insertions":1,"deletions":2}}},{"hash":"40a82219d0da33fb410d5496eb64af17ba2650c4","isMergeCommit":false,"messageTitle":"Delete UI class as it has no use","messageBody":"","fileTypesAndContributionMap":{"java":{"insertions":0,"deletions":47}}},{"hash":"4d4f1744164053c478f22f0876fc1977308797eb","isMergeCommit":false,"messageTitle":"Abstract a long method into several shorter method","messageBody":"","fileTypesAndContributionMap":{"txt":{"insertions":1,"deletions":1},"java":{"insertions":52,"deletions":46}}},{"hash":"3188804f0f40524338853b1a31eaaa5c8c4e0c6b","isMergeCommit":false,"messageTitle":"Improve GUI design","messageBody":"","tags":["A-BetterGui"],"fileTypesAndContributionMap":{"java":{"insertions":7,"deletions":1}}},{"hash":"6f5810d24d48bf255071304ae49a8ef26efa8733","isMergeCommit":false,"messageTitle":"Give a unique personality","messageBody":"","tags":["A-Personality"],"fileTypesAndContributionMap":{"txt":{"insertions":2,"deletions":1}}},{"hash":"0fa800bd6c3ee28d04c0399f8b6394aa3e4cdda4","isMergeCommit":false,"messageTitle":"Edit user guide","messageBody":"","fileTypesAndContributionMap":{"txt":{"insertions":1,"deletions":1},"md":{"insertions":16,"deletions":16}}},{"hash":"a09ebd758a4b5dd42ed41e6db8c59184d0da6fd3","isMergeCommit":false,"messageTitle":"Test feature","messageBody":"","fileTypesAndContributionMap":{"md":{"insertions":1,"deletions":1}}},{"hash":"a3d415bc756b7c5538e48b096ba081e33a97fcc4","isMergeCommit":false,"messageTitle":"Create a user guide","messageBody":"","tags":["A-UserGuide"],"fileTypesAndContributionMap":{"txt":{"insertions":5,"deletions":0},"java":{"insertions":1,"deletions":1},"md":{"insertions":156,"deletions":11}}},{"hash":"7c942f4a9ccdcda0b7df8622ff4705434e81ad8e","isMergeCommit":false,"messageTitle":"Change class name to noun","messageBody":"","fileTypesAndContributionMap":{"txt":{"insertions":3,"deletions":3},"java":{"insertions":42,"deletions":42},"md":{"insertions":150,"deletions":61}}},{"hash":"24520a15a4cc468962fe1a26347b65a9edef8e66","isMergeCommit":false,"messageTitle":"Add more test on tasks","messageBody":"","tags":["A-Release","A-MoreTesting"],"fileTypesAndContributionMap":{"java":{"insertions":215,"deletions":2}}}]},{"date":"2024-02-17","commitResults":[{"hash":"05c90fe636516db2101b969b83fcbdec344e114b","isMergeCommit":false,"messageTitle":"Handle more error","messageBody":"","tags":["A-MoreErrorHandling"],"fileTypesAndContributionMap":{"txt":{"insertions":2,"deletions":1}}}]},{"date":"2024-02-18","commitResults":[{"hash":"53fd63513709613551c76171eed2d2871a6451a8","isMergeCommit":false,"messageTitle":"Update README.md","messageBody":"","fileTypesAndContributionMap":{"md":{"insertions":1,"deletions":1}}}]},{"date":"2024-02-19","commitResults":[{"hash":"40781519ed0003d6c402db801999e9c458be0460","isMergeCommit":false,"messageTitle":"Fix style error","messageBody":"","fileTypesAndContributionMap":{"java":{"insertions":110,"deletions":110}}}]},{"date":"2024-02-23","commitResults":[{"hash":"199e44839f75c1bb7e9684b5de2207660d64167f","isMergeCommit":false,"messageTitle":"Update README.md","messageBody":"","fileTypesAndContributionMap":{"md":{"insertions":13,"deletions":9}}}]}]},"authorFileTypeContributionMap":{"wallacexuhanxiao":{"java":2600,"md":327,"fxml":43,"sh":0,"bat":1,"gradle":22,"txt":53}},"authorContributionVariance":{"wallacexuhanxiao":94829.46},"authorDisplayNameMap":{"wallacexuhanxiao":"CS2103T-W10-3 XU H..XIAO"}}
