[{"path":"src/main/java/Deadline.java","fileType":"java","lines":[{"lineNumber":1,"author":{"gitId":"limrik"},"content":"public class Deadline extends Task {","lastModifiedDate":"2024-01-21"},{"lineNumber":2,"author":{"gitId":"limrik"},"content":"    protected String by;","lastModifiedDate":"2024-01-21"},{"lineNumber":3,"author":{"gitId":"limrik"},"content":"","lastModifiedDate":"2024-01-21"},{"lineNumber":4,"author":{"gitId":"limrik"},"content":"    public Deadline(String description, String by) {","lastModifiedDate":"2024-01-21"},{"lineNumber":5,"author":{"gitId":"limrik"},"content":"        super(description);","lastModifiedDate":"2024-01-21"},{"lineNumber":6,"author":{"gitId":"limrik"},"content":"        this.by \u003d by;","lastModifiedDate":"2024-01-21"},{"lineNumber":7,"author":{"gitId":"limrik"},"content":"    }","lastModifiedDate":"2024-01-21"},{"lineNumber":8,"author":{"gitId":"limrik"},"content":"","lastModifiedDate":"2024-01-21"},{"lineNumber":9,"author":{"gitId":"limrik"},"content":"    @Override","lastModifiedDate":"2024-01-21"},{"lineNumber":10,"author":{"gitId":"limrik"},"content":"    public String toString() {","lastModifiedDate":"2024-01-21"},{"lineNumber":11,"author":{"gitId":"limrik"},"content":"        return \"[D]\" + super.toString() + \" (by: \" + by + \")\";","lastModifiedDate":"2024-01-21"},{"lineNumber":12,"author":{"gitId":"limrik"},"content":"    }","lastModifiedDate":"2024-01-21"},{"lineNumber":13,"author":{"gitId":"limrik"},"content":"}","lastModifiedDate":"2024-01-21"}],"authorContributionMap":{"limrik":13}},{"path":"src/main/java/DeadlineFormatException.java","fileType":"java","lines":[{"lineNumber":1,"author":{"gitId":"limrik"},"content":"public class DeadlineFormatException extends Exception{","lastModifiedDate":"2024-01-21"},{"lineNumber":2,"author":{"gitId":"limrik"},"content":"    public DeadlineFormatException(String message) {","lastModifiedDate":"2024-01-21"},{"lineNumber":3,"author":{"gitId":"limrik"},"content":"        super(message);","lastModifiedDate":"2024-01-21"},{"lineNumber":4,"author":{"gitId":"limrik"},"content":"    }","lastModifiedDate":"2024-01-21"},{"lineNumber":5,"author":{"gitId":"limrik"},"content":"}","lastModifiedDate":"2024-01-21"}],"authorContributionMap":{"limrik":5}},{"path":"src/main/java/Duke.java","fileType":"java","lines":[{"lineNumber":1,"author":{"gitId":"limrik"},"content":"import java.io.*;","lastModifiedDate":"2024-01-21"},{"lineNumber":2,"author":{"gitId":"limrik"},"content":"import java.util.*;","lastModifiedDate":"2024-01-21"},{"lineNumber":3,"author":{"gitId":"limrik"},"content":"","lastModifiedDate":"2024-01-21"},{"lineNumber":4,"author":{"gitId":"-"},"content":"public class Duke {","lastModifiedDate":"2019-07-29"},{"lineNumber":5,"author":{"gitId":"limrik"},"content":"    // constants","lastModifiedDate":"2024-01-21"},{"lineNumber":6,"author":{"gitId":"limrik"},"content":"    static final String LINE \u003d \"\\t――――――――――――――――――――――――――――――――――――――――――――――――――\\n\";","lastModifiedDate":"2024-01-21"},{"lineNumber":7,"author":{"gitId":"limrik"},"content":"    static final String CHAT_BOT_NAME \u003d \"Uncle Bob\";","lastModifiedDate":"2024-01-21"},{"lineNumber":8,"author":{"gitId":"limrik"},"content":"","lastModifiedDate":"2024-01-21"},{"lineNumber":9,"author":{"gitId":"limrik"},"content":"    static ArrayList\u003cTask\u003e tasks \u003d new ArrayList\u003c\u003e();","lastModifiedDate":"2024-01-21"},{"lineNumber":10,"author":{"gitId":"limrik"},"content":"","lastModifiedDate":"2024-01-21"},{"lineNumber":11,"author":{"gitId":"limrik"},"content":"    public static void main(String[] args) throws IOException {","lastModifiedDate":"2024-01-21"},{"lineNumber":12,"author":{"gitId":"limrik"},"content":"        BufferedReader br \u003d new BufferedReader(new InputStreamReader(System.in));","lastModifiedDate":"2024-01-21"},{"lineNumber":13,"author":{"gitId":"limrik"},"content":"","lastModifiedDate":"2024-01-21"},{"lineNumber":14,"author":{"gitId":"limrik"},"content":"        greet();","lastModifiedDate":"2024-01-21"},{"lineNumber":15,"author":{"gitId":"limrik"},"content":"        boolean isExiting \u003d false;","lastModifiedDate":"2024-01-21"},{"lineNumber":16,"author":{"gitId":"limrik"},"content":"        while (!isExiting) {","lastModifiedDate":"2024-01-21"},{"lineNumber":17,"author":{"gitId":"limrik"},"content":"            String[] inputs \u003d br.readLine().split(\" \");","lastModifiedDate":"2024-01-21"},{"lineNumber":18,"author":{"gitId":"limrik"},"content":"            String command \u003d inputs[0];","lastModifiedDate":"2024-01-21"},{"lineNumber":19,"author":{"gitId":"limrik"},"content":"            String message \u003d String.join(\" \", Arrays.copyOfRange(inputs, 1, inputs.length));","lastModifiedDate":"2024-01-21"},{"lineNumber":20,"author":{"gitId":"limrik"},"content":"            System.out.print(LINE);","lastModifiedDate":"2024-01-21"},{"lineNumber":21,"author":{"gitId":"limrik"},"content":"            switch (command) {","lastModifiedDate":"2024-01-21"},{"lineNumber":22,"author":{"gitId":"limrik"},"content":"                case \"bye\":","lastModifiedDate":"2024-01-21"},{"lineNumber":23,"author":{"gitId":"limrik"},"content":"                    isExiting \u003d true;","lastModifiedDate":"2024-01-21"},{"lineNumber":24,"author":{"gitId":"limrik"},"content":"                    System.out.println(\"\\t Bye! Hope to see you again soon!\");","lastModifiedDate":"2024-01-21"},{"lineNumber":25,"author":{"gitId":"limrik"},"content":"                    break;","lastModifiedDate":"2024-01-21"},{"lineNumber":26,"author":{"gitId":"limrik"},"content":"                case \"list\":","lastModifiedDate":"2024-01-21"},{"lineNumber":27,"author":{"gitId":"limrik"},"content":"                    handleList();","lastModifiedDate":"2024-01-21"},{"lineNumber":28,"author":{"gitId":"limrik"},"content":"                    break;","lastModifiedDate":"2024-01-21"},{"lineNumber":29,"author":{"gitId":"limrik"},"content":"                case \"mark\":","lastModifiedDate":"2024-01-21"},{"lineNumber":30,"author":{"gitId":"limrik"},"content":"                    handleMark(message);","lastModifiedDate":"2024-01-21"},{"lineNumber":31,"author":{"gitId":"limrik"},"content":"                    break;","lastModifiedDate":"2024-01-21"},{"lineNumber":32,"author":{"gitId":"limrik"},"content":"                case \"unmark\":","lastModifiedDate":"2024-01-21"},{"lineNumber":33,"author":{"gitId":"limrik"},"content":"                    handleUnmark(message);","lastModifiedDate":"2024-01-21"},{"lineNumber":34,"author":{"gitId":"limrik"},"content":"                    break;","lastModifiedDate":"2024-01-21"},{"lineNumber":35,"author":{"gitId":"limrik"},"content":"                case \"todo\":","lastModifiedDate":"2024-01-21"},{"lineNumber":36,"author":{"gitId":"limrik"},"content":"                    try {","lastModifiedDate":"2024-01-21"},{"lineNumber":37,"author":{"gitId":"limrik"},"content":"                        handleTodo(message);","lastModifiedDate":"2024-01-21"},{"lineNumber":38,"author":{"gitId":"limrik"},"content":"                    } catch (TodoFormatException ex) {","lastModifiedDate":"2024-01-21"},{"lineNumber":39,"author":{"gitId":"limrik"},"content":"                        System.out.println(ex.getMessage());","lastModifiedDate":"2024-01-21"},{"lineNumber":40,"author":{"gitId":"limrik"},"content":"                    }","lastModifiedDate":"2024-01-21"},{"lineNumber":41,"author":{"gitId":"limrik"},"content":"                    break;","lastModifiedDate":"2024-01-21"},{"lineNumber":42,"author":{"gitId":"limrik"},"content":"                case \"deadline\":","lastModifiedDate":"2024-01-21"},{"lineNumber":43,"author":{"gitId":"limrik"},"content":"                    try {","lastModifiedDate":"2024-01-21"},{"lineNumber":44,"author":{"gitId":"limrik"},"content":"                        handleDeadline(message);","lastModifiedDate":"2024-01-21"},{"lineNumber":45,"author":{"gitId":"limrik"},"content":"                    } catch (DeadlineFormatException ex) {","lastModifiedDate":"2024-01-21"},{"lineNumber":46,"author":{"gitId":"limrik"},"content":"                        System.out.println(ex.getMessage());","lastModifiedDate":"2024-01-21"},{"lineNumber":47,"author":{"gitId":"limrik"},"content":"                    }","lastModifiedDate":"2024-01-21"},{"lineNumber":48,"author":{"gitId":"limrik"},"content":"                    break;","lastModifiedDate":"2024-01-21"},{"lineNumber":49,"author":{"gitId":"limrik"},"content":"                case \"event\":","lastModifiedDate":"2024-01-21"},{"lineNumber":50,"author":{"gitId":"limrik"},"content":"                    try {","lastModifiedDate":"2024-01-21"},{"lineNumber":51,"author":{"gitId":"limrik"},"content":"                        handleEvent(message);","lastModifiedDate":"2024-01-21"},{"lineNumber":52,"author":{"gitId":"limrik"},"content":"                    } catch (EventFormatException ex) {","lastModifiedDate":"2024-01-21"},{"lineNumber":53,"author":{"gitId":"limrik"},"content":"                        System.out.println(ex.getMessage());","lastModifiedDate":"2024-01-21"},{"lineNumber":54,"author":{"gitId":"limrik"},"content":"                    }","lastModifiedDate":"2024-01-21"},{"lineNumber":55,"author":{"gitId":"limrik"},"content":"                    break;","lastModifiedDate":"2024-01-21"},{"lineNumber":56,"author":{"gitId":"limrik"},"content":"                case \"delete\":","lastModifiedDate":"2024-01-22"},{"lineNumber":57,"author":{"gitId":"limrik"},"content":"                    handleDelete(message);","lastModifiedDate":"2024-01-22"},{"lineNumber":58,"author":{"gitId":"limrik"},"content":"                    break;","lastModifiedDate":"2024-01-22"},{"lineNumber":59,"author":{"gitId":"limrik"},"content":"                default:","lastModifiedDate":"2024-01-21"},{"lineNumber":60,"author":{"gitId":"limrik"},"content":"                    System.out.println(\"Sorry uncle don\u0027t understand what you want\");","lastModifiedDate":"2024-01-21"},{"lineNumber":61,"author":{"gitId":"limrik"},"content":"                    break;","lastModifiedDate":"2024-01-21"},{"lineNumber":62,"author":{"gitId":"limrik"},"content":"            }","lastModifiedDate":"2024-01-21"},{"lineNumber":63,"author":{"gitId":"limrik"},"content":"            System.out.print(LINE);","lastModifiedDate":"2024-01-21"},{"lineNumber":64,"author":{"gitId":"limrik"},"content":"        }","lastModifiedDate":"2024-01-21"},{"lineNumber":65,"author":{"gitId":"limrik"},"content":"    }","lastModifiedDate":"2024-01-21"},{"lineNumber":66,"author":{"gitId":"limrik"},"content":"","lastModifiedDate":"2024-01-21"},{"lineNumber":67,"author":{"gitId":"limrik"},"content":"    // greet user","lastModifiedDate":"2024-01-21"},{"lineNumber":68,"author":{"gitId":"limrik"},"content":"    public static void greet() {","lastModifiedDate":"2024-01-21"},{"lineNumber":69,"author":{"gitId":"limrik"},"content":"        System.out.print(LINE + \"\\t Hello! I\u0027m \" + CHAT_BOT_NAME + \"\\n\\t \"","lastModifiedDate":"2024-01-21"},{"lineNumber":70,"author":{"gitId":"limrik"},"content":"                + \"What can uncle do for you?\\n\" + LINE);","lastModifiedDate":"2024-01-21"},{"lineNumber":71,"author":{"gitId":"limrik"},"content":"    }","lastModifiedDate":"2024-01-21"},{"lineNumber":72,"author":{"gitId":"limrik"},"content":"","lastModifiedDate":"2024-01-21"},{"lineNumber":73,"author":{"gitId":"limrik"},"content":"    // add task to tasks and echo","lastModifiedDate":"2024-01-21"},{"lineNumber":74,"author":{"gitId":"limrik"},"content":"    public static void updateTasks(Task task) {","lastModifiedDate":"2024-01-21"},{"lineNumber":75,"author":{"gitId":"limrik"},"content":"        tasks.add(task);","lastModifiedDate":"2024-01-21"},{"lineNumber":76,"author":{"gitId":"limrik"},"content":"        System.out.println(\"\\t Got it. Uncle added this task:\\n\\t\\t \" + task","lastModifiedDate":"2024-01-21"},{"lineNumber":77,"author":{"gitId":"limrik"},"content":"                + \"\\n\\t Now you have \" + tasks.size() + \" task(s) in the list.\");","lastModifiedDate":"2024-01-22"},{"lineNumber":78,"author":{"gitId":"limrik"},"content":"","lastModifiedDate":"2024-01-22"},{"lineNumber":79,"author":{"gitId":"limrik"},"content":"    }","lastModifiedDate":"2024-01-21"},{"lineNumber":80,"author":{"gitId":"limrik"},"content":"","lastModifiedDate":"2024-01-21"},{"lineNumber":81,"author":{"gitId":"limrik"},"content":"    // list out all tasks","lastModifiedDate":"2024-01-21"},{"lineNumber":82,"author":{"gitId":"limrik"},"content":"    public static void handleList() {","lastModifiedDate":"2024-01-21"},{"lineNumber":83,"author":{"gitId":"limrik"},"content":"        if (tasks.isEmpty()) {","lastModifiedDate":"2024-01-21"},{"lineNumber":84,"author":{"gitId":"limrik"},"content":"            System.out.println(\"\\t Congrats, you have no more tasks! Uncle is proud of you!\");","lastModifiedDate":"2024-01-21"},{"lineNumber":85,"author":{"gitId":"limrik"},"content":"        }","lastModifiedDate":"2024-01-21"},{"lineNumber":86,"author":{"gitId":"limrik"},"content":"        for (int i \u003d 0; i \u003c tasks.size(); i++){","lastModifiedDate":"2024-01-21"},{"lineNumber":87,"author":{"gitId":"limrik"},"content":"            System.out.println(\"\\t \" + (i+1) + \". \" + tasks.get(i));","lastModifiedDate":"2024-01-21"},{"lineNumber":88,"author":{"gitId":"limrik"},"content":"        }","lastModifiedDate":"2024-01-21"},{"lineNumber":89,"author":{"gitId":"limrik"},"content":"    }","lastModifiedDate":"2024-01-21"},{"lineNumber":90,"author":{"gitId":"limrik"},"content":"","lastModifiedDate":"2024-01-21"},{"lineNumber":91,"author":{"gitId":"limrik"},"content":"    // mark task as done","lastModifiedDate":"2024-01-21"},{"lineNumber":92,"author":{"gitId":"limrik"},"content":"    public static void handleMark(String message) {","lastModifiedDate":"2024-01-21"},{"lineNumber":93,"author":{"gitId":"limrik"},"content":"        try {","lastModifiedDate":"2024-01-21"},{"lineNumber":94,"author":{"gitId":"limrik"},"content":"            int index \u003d Integer.parseInt(message);","lastModifiedDate":"2024-01-21"},{"lineNumber":95,"author":{"gitId":"limrik"},"content":"            tasks.get(index - 1).mark();","lastModifiedDate":"2024-01-21"},{"lineNumber":96,"author":{"gitId":"limrik"},"content":"            System.out.println(\"\\t Nice! Uncle marked this task as done:\\n\\t\\t\" + tasks.get(index - 1));","lastModifiedDate":"2024-01-21"},{"lineNumber":97,"author":{"gitId":"limrik"},"content":"        } catch (IndexOutOfBoundsException e) {","lastModifiedDate":"2024-01-21"},{"lineNumber":98,"author":{"gitId":"limrik"},"content":"            System.out.println(\"\\t Uncle think that you input wrong index.\\n\\t Use \u0027list\u0027 to view all tasks\");","lastModifiedDate":"2024-01-21"},{"lineNumber":99,"author":{"gitId":"limrik"},"content":"        }","lastModifiedDate":"2024-01-21"},{"lineNumber":100,"author":{"gitId":"limrik"},"content":"    }","lastModifiedDate":"2024-01-21"},{"lineNumber":101,"author":{"gitId":"limrik"},"content":"","lastModifiedDate":"2024-01-21"},{"lineNumber":102,"author":{"gitId":"limrik"},"content":"    // unmark task","lastModifiedDate":"2024-01-21"},{"lineNumber":103,"author":{"gitId":"limrik"},"content":"    public static void handleUnmark(String message) {","lastModifiedDate":"2024-01-21"},{"lineNumber":104,"author":{"gitId":"limrik"},"content":"        try {","lastModifiedDate":"2024-01-21"},{"lineNumber":105,"author":{"gitId":"limrik"},"content":"            int index \u003d Integer.parseInt(message);","lastModifiedDate":"2024-01-21"},{"lineNumber":106,"author":{"gitId":"limrik"},"content":"            tasks.get(index - 1).unmark();","lastModifiedDate":"2024-01-21"},{"lineNumber":107,"author":{"gitId":"limrik"},"content":"            System.out.println(\"\\t Ok, Uncle marked this task as not done yet:\\n\\t\\t\"","lastModifiedDate":"2024-01-21"},{"lineNumber":108,"author":{"gitId":"limrik"},"content":"                    + tasks.get(index - 1));","lastModifiedDate":"2024-01-21"},{"lineNumber":109,"author":{"gitId":"limrik"},"content":"        } catch (IndexOutOfBoundsException e) {","lastModifiedDate":"2024-01-21"},{"lineNumber":110,"author":{"gitId":"limrik"},"content":"            System.out.println(\"\\t Uncle think that you input wrong index.\\n\\t Use \u0027list\u0027 to view all tasks\");","lastModifiedDate":"2024-01-21"},{"lineNumber":111,"author":{"gitId":"limrik"},"content":"        }","lastModifiedDate":"2024-01-21"},{"lineNumber":112,"author":{"gitId":"limrik"},"content":"    }","lastModifiedDate":"2024-01-21"},{"lineNumber":113,"author":{"gitId":"limrik"},"content":"","lastModifiedDate":"2024-01-21"},{"lineNumber":114,"author":{"gitId":"limrik"},"content":"    // create to-do task","lastModifiedDate":"2024-01-21"},{"lineNumber":115,"author":{"gitId":"limrik"},"content":"    public static void handleTodo(String message) throws TodoFormatException {","lastModifiedDate":"2024-01-21"},{"lineNumber":116,"author":{"gitId":"limrik"},"content":"        if (message.isEmpty()) {","lastModifiedDate":"2024-01-21"},{"lineNumber":117,"author":{"gitId":"limrik"},"content":"            throw new TodoFormatException(\"\\tUncle also need to know the message!\\n\" +","lastModifiedDate":"2024-01-21"},{"lineNumber":118,"author":{"gitId":"limrik"},"content":"                    \"\\tCorrect Usage: todo \u003cmessage\u003e\");","lastModifiedDate":"2024-01-21"},{"lineNumber":119,"author":{"gitId":"limrik"},"content":"        } else {","lastModifiedDate":"2024-01-21"},{"lineNumber":120,"author":{"gitId":"limrik"},"content":"            Task todo \u003d new Todo(message);","lastModifiedDate":"2024-01-21"},{"lineNumber":121,"author":{"gitId":"limrik"},"content":"            updateTasks(todo);","lastModifiedDate":"2024-01-21"},{"lineNumber":122,"author":{"gitId":"limrik"},"content":"        }","lastModifiedDate":"2024-01-21"},{"lineNumber":123,"author":{"gitId":"limrik"},"content":"    }","lastModifiedDate":"2024-01-21"},{"lineNumber":124,"author":{"gitId":"limrik"},"content":"","lastModifiedDate":"2024-01-21"},{"lineNumber":125,"author":{"gitId":"limrik"},"content":"    // create deadline task","lastModifiedDate":"2024-01-21"},{"lineNumber":126,"author":{"gitId":"limrik"},"content":"    public static void handleDeadline(String message) throws DeadlineFormatException {","lastModifiedDate":"2024-01-21"},{"lineNumber":127,"author":{"gitId":"limrik"},"content":"        String[] args \u003d message.split(\"/by\");","lastModifiedDate":"2024-01-21"},{"lineNumber":128,"author":{"gitId":"limrik"},"content":"        if (args.length \u003d\u003d 1) {","lastModifiedDate":"2024-01-21"},{"lineNumber":129,"author":{"gitId":"limrik"},"content":"            throw new DeadlineFormatException(\"\\tUncle also need to know the deadline due date!\\n\" +","lastModifiedDate":"2024-01-21"},{"lineNumber":130,"author":{"gitId":"limrik"},"content":"                    \"\\tCorrect Usage: deadline \u003cmessage\u003e /by \u003cday/time\u003e\");","lastModifiedDate":"2024-01-21"},{"lineNumber":131,"author":{"gitId":"limrik"},"content":"        } else if (args.length \u003e 2) {","lastModifiedDate":"2024-01-21"},{"lineNumber":132,"author":{"gitId":"limrik"},"content":"            throw new DeadlineFormatException(\"\\tToo many dates for uncle to remember already!\\n\" +","lastModifiedDate":"2024-01-21"},{"lineNumber":133,"author":{"gitId":"limrik"},"content":"                    \"\\tCorrect Usage: deadline \u003cmessage\u003e /by \u003cday/time\u003e\");","lastModifiedDate":"2024-01-21"},{"lineNumber":134,"author":{"gitId":"limrik"},"content":"        } else {","lastModifiedDate":"2024-01-21"},{"lineNumber":135,"author":{"gitId":"limrik"},"content":"            String desc \u003d args[0].trim();","lastModifiedDate":"2024-01-21"},{"lineNumber":136,"author":{"gitId":"limrik"},"content":"            String by \u003d args[1].trim();","lastModifiedDate":"2024-01-21"},{"lineNumber":137,"author":{"gitId":"limrik"},"content":"            Task deadline \u003d new Deadline(desc, by);","lastModifiedDate":"2024-01-21"},{"lineNumber":138,"author":{"gitId":"limrik"},"content":"            updateTasks(deadline);","lastModifiedDate":"2024-01-21"},{"lineNumber":139,"author":{"gitId":"limrik"},"content":"        }","lastModifiedDate":"2024-01-21"},{"lineNumber":140,"author":{"gitId":"limrik"},"content":"    }","lastModifiedDate":"2024-01-21"},{"lineNumber":141,"author":{"gitId":"limrik"},"content":"","lastModifiedDate":"2024-01-21"},{"lineNumber":142,"author":{"gitId":"limrik"},"content":"    // create event task","lastModifiedDate":"2024-01-21"},{"lineNumber":143,"author":{"gitId":"limrik"},"content":"    public static void handleEvent (String message) throws EventFormatException {","lastModifiedDate":"2024-01-21"},{"lineNumber":144,"author":{"gitId":"limrik"},"content":"        String[] args \u003d message.split(\"/from\");","lastModifiedDate":"2024-01-21"},{"lineNumber":145,"author":{"gitId":"limrik"},"content":"        if (args.length \u003d\u003d 1) {","lastModifiedDate":"2024-01-21"},{"lineNumber":146,"author":{"gitId":"limrik"},"content":"            throw new EventFormatException(\"\\tUncle also need to know when the event is!\\n\" +","lastModifiedDate":"2024-01-21"},{"lineNumber":147,"author":{"gitId":"limrik"},"content":"                    \"\\tCorrect Usage: event \u003cmessage\u003e /from \u003cday/time\u003e /to \u003cday/time\u003e\");","lastModifiedDate":"2024-01-21"},{"lineNumber":148,"author":{"gitId":"limrik"},"content":"        } else if (args.length \u003e 2) {","lastModifiedDate":"2024-01-21"},{"lineNumber":149,"author":{"gitId":"limrik"},"content":"            throw new EventFormatException(\"\\tToo many dates for uncle to remember already!\\n\" +","lastModifiedDate":"2024-01-21"},{"lineNumber":150,"author":{"gitId":"limrik"},"content":"                    \"\\tCorrect Usage: event \u003cmessage\u003e /from \u003cday/time\u003e /to \u003cday/time\u003e\");","lastModifiedDate":"2024-01-21"},{"lineNumber":151,"author":{"gitId":"limrik"},"content":"        } else {","lastModifiedDate":"2024-01-21"},{"lineNumber":152,"author":{"gitId":"limrik"},"content":"            String desc \u003d args[0].trim();","lastModifiedDate":"2024-01-21"},{"lineNumber":153,"author":{"gitId":"limrik"},"content":"            String[] duration \u003d args[1].split(\"/to\");","lastModifiedDate":"2024-01-21"},{"lineNumber":154,"author":{"gitId":"limrik"},"content":"            if (duration.length \u003d\u003d 1) {","lastModifiedDate":"2024-01-21"},{"lineNumber":155,"author":{"gitId":"limrik"},"content":"                throw new EventFormatException(\"\\tUncle also need to know when the event ends!\\n\" +","lastModifiedDate":"2024-01-21"},{"lineNumber":156,"author":{"gitId":"limrik"},"content":"                        \"\\tCorrect Usage: event \u003cmessage\u003e /from \u003cday/time\u003e /to \u003cday/time\u003e\");","lastModifiedDate":"2024-01-21"},{"lineNumber":157,"author":{"gitId":"limrik"},"content":"            } else if (duration.length \u003e 2) {","lastModifiedDate":"2024-01-21"},{"lineNumber":158,"author":{"gitId":"limrik"},"content":"                throw new EventFormatException(\"\\tToo many dates for uncle to remember already!\\n\" +","lastModifiedDate":"2024-01-21"},{"lineNumber":159,"author":{"gitId":"limrik"},"content":"                        \"\\tCorrect Usage: event \u003cmessage\u003e /from \u003cday/time\u003e /to \u003cday/time\u003e\");","lastModifiedDate":"2024-01-21"},{"lineNumber":160,"author":{"gitId":"limrik"},"content":"            } else {","lastModifiedDate":"2024-01-21"},{"lineNumber":161,"author":{"gitId":"limrik"},"content":"                String start \u003d duration[0].trim();","lastModifiedDate":"2024-01-21"},{"lineNumber":162,"author":{"gitId":"limrik"},"content":"                String end \u003d duration[1].trim();","lastModifiedDate":"2024-01-21"},{"lineNumber":163,"author":{"gitId":"limrik"},"content":"                Task event \u003d new Event(desc, start, end);","lastModifiedDate":"2024-01-21"},{"lineNumber":164,"author":{"gitId":"limrik"},"content":"                updateTasks(event);","lastModifiedDate":"2024-01-21"},{"lineNumber":165,"author":{"gitId":"limrik"},"content":"            }","lastModifiedDate":"2024-01-21"},{"lineNumber":166,"author":{"gitId":"-"},"content":"        }","lastModifiedDate":"2019-07-29"},{"lineNumber":167,"author":{"gitId":"limrik"},"content":"    }","lastModifiedDate":"2024-01-21"},{"lineNumber":168,"author":{"gitId":"limrik"},"content":"","lastModifiedDate":"2024-01-22"},{"lineNumber":169,"author":{"gitId":"limrik"},"content":"    public static void handleDelete(String message) {","lastModifiedDate":"2024-01-22"},{"lineNumber":170,"author":{"gitId":"limrik"},"content":"        try {","lastModifiedDate":"2024-01-22"},{"lineNumber":171,"author":{"gitId":"limrik"},"content":"            int index \u003d Integer.parseInt(message);","lastModifiedDate":"2024-01-22"},{"lineNumber":172,"author":{"gitId":"limrik"},"content":"            Task removed \u003d tasks.get(index - 1);","lastModifiedDate":"2024-01-22"},{"lineNumber":173,"author":{"gitId":"limrik"},"content":"            tasks.remove(index - 1);","lastModifiedDate":"2024-01-22"},{"lineNumber":174,"author":{"gitId":"limrik"},"content":"            System.out.println(\"\\t Uncle deleted this item:\\n\\t\\t\" + removed","lastModifiedDate":"2024-01-22"},{"lineNumber":175,"author":{"gitId":"limrik"},"content":"                    + \"\\n\\t Now you have \" + tasks.size() + \" task(s) in the list.\");","lastModifiedDate":"2024-01-22"},{"lineNumber":176,"author":{"gitId":"limrik"},"content":"        } catch (IndexOutOfBoundsException e) {","lastModifiedDate":"2024-01-22"},{"lineNumber":177,"author":{"gitId":"limrik"},"content":"            System.out.println(\"\\t Uncle think that you input wrong index.\\n\\t Use \u0027list\u0027 to view all tasks\");","lastModifiedDate":"2024-01-22"},{"lineNumber":178,"author":{"gitId":"limrik"},"content":"        }","lastModifiedDate":"2024-01-22"},{"lineNumber":179,"author":{"gitId":"limrik"},"content":"    }","lastModifiedDate":"2024-01-22"},{"lineNumber":180,"author":{"gitId":"limrik"},"content":"}","lastModifiedDate":"2024-01-21"}],"authorContributionMap":{"limrik":178,"-":2}},{"path":"src/main/java/Event.java","fileType":"java","lines":[{"lineNumber":1,"author":{"gitId":"limrik"},"content":"public class Event extends Task {","lastModifiedDate":"2024-01-21"},{"lineNumber":2,"author":{"gitId":"limrik"},"content":"    protected String start;","lastModifiedDate":"2024-01-21"},{"lineNumber":3,"author":{"gitId":"limrik"},"content":"    protected String end;","lastModifiedDate":"2024-01-21"},{"lineNumber":4,"author":{"gitId":"limrik"},"content":"","lastModifiedDate":"2024-01-21"},{"lineNumber":5,"author":{"gitId":"limrik"},"content":"    public Event(String description, String start, String end) {","lastModifiedDate":"2024-01-21"},{"lineNumber":6,"author":{"gitId":"limrik"},"content":"        super(description);","lastModifiedDate":"2024-01-21"},{"lineNumber":7,"author":{"gitId":"limrik"},"content":"        this.start \u003d start;","lastModifiedDate":"2024-01-21"},{"lineNumber":8,"author":{"gitId":"limrik"},"content":"        this.end \u003d end;","lastModifiedDate":"2024-01-21"},{"lineNumber":9,"author":{"gitId":"limrik"},"content":"    }","lastModifiedDate":"2024-01-21"},{"lineNumber":10,"author":{"gitId":"limrik"},"content":"","lastModifiedDate":"2024-01-21"},{"lineNumber":11,"author":{"gitId":"limrik"},"content":"    @Override","lastModifiedDate":"2024-01-21"},{"lineNumber":12,"author":{"gitId":"limrik"},"content":"    public String toString() {","lastModifiedDate":"2024-01-21"},{"lineNumber":13,"author":{"gitId":"limrik"},"content":"        return \"[E]\" + super.toString() + \" (from: \" + start + \" to: \" + end + \")\";","lastModifiedDate":"2024-01-21"},{"lineNumber":14,"author":{"gitId":"limrik"},"content":"    }","lastModifiedDate":"2024-01-21"},{"lineNumber":15,"author":{"gitId":"limrik"},"content":"}","lastModifiedDate":"2024-01-21"}],"authorContributionMap":{"limrik":15}},{"path":"src/main/java/EventFormatException.java","fileType":"java","lines":[{"lineNumber":1,"author":{"gitId":"limrik"},"content":"public class EventFormatException extends Exception {","lastModifiedDate":"2024-01-21"},{"lineNumber":2,"author":{"gitId":"limrik"},"content":"    public EventFormatException(String message) {","lastModifiedDate":"2024-01-21"},{"lineNumber":3,"author":{"gitId":"limrik"},"content":"        super(message);","lastModifiedDate":"2024-01-21"},{"lineNumber":4,"author":{"gitId":"limrik"},"content":"    }","lastModifiedDate":"2024-01-21"},{"lineNumber":5,"author":{"gitId":"limrik"},"content":"}","lastModifiedDate":"2024-01-21"}],"authorContributionMap":{"limrik":5}},{"path":"src/main/java/Task.java","fileType":"java","lines":[{"lineNumber":1,"author":{"gitId":"limrik"},"content":"public class Task {","lastModifiedDate":"2024-01-21"},{"lineNumber":2,"author":{"gitId":"limrik"},"content":"        protected String description;","lastModifiedDate":"2024-01-21"},{"lineNumber":3,"author":{"gitId":"limrik"},"content":"        protected boolean isDone;","lastModifiedDate":"2024-01-21"},{"lineNumber":4,"author":{"gitId":"limrik"},"content":"","lastModifiedDate":"2024-01-21"},{"lineNumber":5,"author":{"gitId":"limrik"},"content":"        public Task(String description) {","lastModifiedDate":"2024-01-21"},{"lineNumber":6,"author":{"gitId":"limrik"},"content":"            this.description \u003d description;","lastModifiedDate":"2024-01-21"},{"lineNumber":7,"author":{"gitId":"limrik"},"content":"            this.isDone \u003d false;","lastModifiedDate":"2024-01-21"},{"lineNumber":8,"author":{"gitId":"limrik"},"content":"        }","lastModifiedDate":"2024-01-21"},{"lineNumber":9,"author":{"gitId":"limrik"},"content":"","lastModifiedDate":"2024-01-21"},{"lineNumber":10,"author":{"gitId":"limrik"},"content":"        public String getStatusIcon() {","lastModifiedDate":"2024-01-21"},{"lineNumber":11,"author":{"gitId":"limrik"},"content":"            return (isDone ? \"X\" : \" \"); // mark done task with X","lastModifiedDate":"2024-01-21"},{"lineNumber":12,"author":{"gitId":"limrik"},"content":"        }","lastModifiedDate":"2024-01-21"},{"lineNumber":13,"author":{"gitId":"limrik"},"content":"","lastModifiedDate":"2024-01-21"},{"lineNumber":14,"author":{"gitId":"limrik"},"content":"        public void mark() {","lastModifiedDate":"2024-01-21"},{"lineNumber":15,"author":{"gitId":"limrik"},"content":"            this.isDone \u003d true;","lastModifiedDate":"2024-01-21"},{"lineNumber":16,"author":{"gitId":"limrik"},"content":"        }","lastModifiedDate":"2024-01-21"},{"lineNumber":17,"author":{"gitId":"limrik"},"content":"","lastModifiedDate":"2024-01-21"},{"lineNumber":18,"author":{"gitId":"limrik"},"content":"        public void unmark() {","lastModifiedDate":"2024-01-21"},{"lineNumber":19,"author":{"gitId":"limrik"},"content":"            this.isDone \u003d false;","lastModifiedDate":"2024-01-21"},{"lineNumber":20,"author":{"gitId":"limrik"},"content":"        }","lastModifiedDate":"2024-01-21"},{"lineNumber":21,"author":{"gitId":"limrik"},"content":"","lastModifiedDate":"2024-01-21"},{"lineNumber":22,"author":{"gitId":"limrik"},"content":"        @Override","lastModifiedDate":"2024-01-21"},{"lineNumber":23,"author":{"gitId":"limrik"},"content":"        public String toString() {","lastModifiedDate":"2024-01-21"},{"lineNumber":24,"author":{"gitId":"limrik"},"content":"            return \"[\" + this.getStatusIcon() + \"] \" + this.description;","lastModifiedDate":"2024-01-21"},{"lineNumber":25,"author":{"gitId":"limrik"},"content":"        }","lastModifiedDate":"2024-01-21"},{"lineNumber":26,"author":{"gitId":"limrik"},"content":"}","lastModifiedDate":"2024-01-21"}],"authorContributionMap":{"limrik":26}},{"path":"src/main/java/Todo.java","fileType":"java","lines":[{"lineNumber":1,"author":{"gitId":"limrik"},"content":"public class Todo extends Task{","lastModifiedDate":"2024-01-21"},{"lineNumber":2,"author":{"gitId":"limrik"},"content":"    public Todo(String description) {","lastModifiedDate":"2024-01-21"},{"lineNumber":3,"author":{"gitId":"limrik"},"content":"        super(description);","lastModifiedDate":"2024-01-21"},{"lineNumber":4,"author":{"gitId":"limrik"},"content":"    }","lastModifiedDate":"2024-01-21"},{"lineNumber":5,"author":{"gitId":"limrik"},"content":"","lastModifiedDate":"2024-01-21"},{"lineNumber":6,"author":{"gitId":"limrik"},"content":"    @Override","lastModifiedDate":"2024-01-21"},{"lineNumber":7,"author":{"gitId":"limrik"},"content":"    public String toString() {","lastModifiedDate":"2024-01-21"},{"lineNumber":8,"author":{"gitId":"limrik"},"content":"        return \"[T]\" + super.toString();","lastModifiedDate":"2024-01-21"},{"lineNumber":9,"author":{"gitId":"limrik"},"content":"    }","lastModifiedDate":"2024-01-21"},{"lineNumber":10,"author":{"gitId":"limrik"},"content":"}","lastModifiedDate":"2024-01-21"}],"authorContributionMap":{"limrik":10}},{"path":"src/main/java/TodoFormatException.java","fileType":"java","lines":[{"lineNumber":1,"author":{"gitId":"limrik"},"content":"public class TodoFormatException extends Exception {","lastModifiedDate":"2024-01-21"},{"lineNumber":2,"author":{"gitId":"limrik"},"content":"    public TodoFormatException(String message) {","lastModifiedDate":"2024-01-21"},{"lineNumber":3,"author":{"gitId":"limrik"},"content":"        super(message);","lastModifiedDate":"2024-01-21"},{"lineNumber":4,"author":{"gitId":"limrik"},"content":"    }","lastModifiedDate":"2024-01-21"},{"lineNumber":5,"author":{"gitId":"limrik"},"content":"}","lastModifiedDate":"2024-01-21"}],"authorContributionMap":{"limrik":5}},{"path":"text-ui-test/input.txt","fileType":"txt","lines":[{"lineNumber":1,"author":{"gitId":"limrik"},"content":"todo borrow book","lastModifiedDate":"2024-01-21"},{"lineNumber":2,"author":{"gitId":"limrik"},"content":"list","lastModifiedDate":"2024-01-21"},{"lineNumber":3,"author":{"gitId":"limrik"},"content":"deadline return book /by Sunday","lastModifiedDate":"2024-01-21"},{"lineNumber":4,"author":{"gitId":"limrik"},"content":"event project meeting /from Mon 2pm /to 4pm","lastModifiedDate":"2024-01-21"},{"lineNumber":5,"author":{"gitId":"limrik"},"content":"bye","lastModifiedDate":"2024-01-21"}],"authorContributionMap":{"limrik":5}}]
