{"authorDailyContributionsMap":{"limrik":[{"date":"2024-01-21","commitResults":[{"hash":"e12f6a76517c848dd6e774595ac8b3719e4c57a2","isMergeCommit":false,"messageTitle":"- [x] renamed chatbot - [x] implemented greet and exit functions","messageBody":"","fileTypesAndContributionMap":{"java":{"insertions":13,"deletions":6}}},{"hash":"0cdfa88bea8eb188da17a4db8c708e02bc34e246","isMergeCommit":false,"messageTitle":"feat: rename bot, create greet and exit functions","messageBody":"","tags":["Level-0"],"fileTypesAndContributionMap":{"java":{"insertions":2,"deletions":0}}},{"hash":"f535a3d1f9d0ba8c79848a790c9895e3e1268b9d","isMergeCommit":false,"messageTitle":"feat: echo user commands","messageBody":"","tags":["Level-1"],"fileTypesAndContributionMap":{"java":{"insertions":19,"deletions":5}}},{"hash":"4652295aa03a8e4d5a2ba8c119be6362125dc87e","isMergeCommit":false,"messageTitle":"feat: store and display user input","messageBody":"","tags":["Level-2"],"fileTypesAndContributionMap":{"java":{"insertions":32,"deletions":10}}},{"hash":"30743a19551b81634d9eec01b3c46ee20ee41ad4","isMergeCommit":false,"messageTitle":"feat: add ability to mark and undone tasks","messageBody":"","tags":["Level-3"],"fileTypesAndContributionMap":{"java":{"insertions":66,"deletions":19}}},{"hash":"d01245cb7fc85593aba02d71a347dd8ac4b7948e","isMergeCommit":false,"messageTitle":"feat: support tracking for different types of tasks","messageBody":"","tags":["Level-4"],"fileTypesAndContributionMap":{"java":{"insertions":79,"deletions":17}}},{"hash":"9805ff64a307e0b65b92500e242ad8ed27dc8c75","isMergeCommit":false,"messageTitle":"feat: basic tests","messageBody":"","tags":["A-TextUiTesting"],"fileTypesAndContributionMap":{"txt":{"insertions":5,"deletions":0},"java":{"insertions":1,"deletions":1}}},{"hash":"e84369b9fd06ce2ad4efeb8f8240024218ad3b33","isMergeCommit":false,"messageTitle":"refactor: improve readability of switch statements","messageBody":"","fileTypesAndContributionMap":{"java":{"insertions":62,"deletions":41}}},{"hash":"2b27a77948cdfcb4f8e87204a32b42af0868ae7b","isMergeCommit":false,"messageTitle":"feat: handle errors","messageBody":"","tags":["Level-5"],"fileTypesAndContributionMap":{"java":{"insertions":98,"deletions":34}}}]},{"date":"2024-01-22","commitResults":[{"hash":"3a550d196ed1c4e7ee4ea61931a190b441a41d2d","isMergeCommit":false,"messageTitle":"feat: implemented delete function","messageBody":"","tags":["Level-6"],"fileTypesAndContributionMap":{"java":{"insertions":18,"deletions":8}}}]},{"date":"2024-01-27","commitResults":[{"hash":"d14512cae931ffab23aea6a16fcf0fa304358e71","isMergeCommit":false,"messageTitle":"feat: load and save from hard disk","messageBody":"","tags":["Level-7"],"fileTypesAndContributionMap":{"java":{"insertions":87,"deletions":7}}},{"hash":"14c25b0bf8140a3e03dd00e92bea1702dc412f21","isMergeCommit":false,"messageTitle":"feat: allow event and deadline to handle dates","messageBody":"","fileTypesAndContributionMap":{"java":{"insertions":25,"deletions":15}}},{"hash":"3e98eb0292314bfd38389e09c25c3f3b33a8690d","isMergeCommit":true,"messageTitle":"Merge branch \u0027Level-8\u0027","messageBody":"","tags":["Level-8"],"fileTypesAndContributionMap":{}}]},{"date":"2024-01-28","commitResults":[{"hash":"c412816a81362332fc7c1c84a1452920d71995dc","isMergeCommit":false,"messageTitle":"Implement more OOP","messageBody":"","tags":["A-Packages","A-MoreOOP"],"fileTypesAndContributionMap":{"java":{"insertions":514,"deletions":240}}},{"hash":"02367ca44858693ee6465562ccf998de2cb51656","isMergeCommit":true,"messageTitle":"Merge tag \u0027A-MoreOOP\u0027","messageBody":"","fileTypesAndContributionMap":{}}]},{"date":"2024-01-29","commitResults":[{"hash":"acae9402fbf622b76729d67b0edf920d57e1bc64","isMergeCommit":true,"messageTitle":"Merge remote-tracking branch \u0027origin/add-gradle-support\u0027","messageBody":"","tags":["A-Gradle"],"fileTypesAndContributionMap":{}},{"hash":"3a0009651c1451e2cc5abfcc4f8aa7675871f4ac","isMergeCommit":false,"messageTitle":"Add dummy test","messageBody":"","fileTypesAndContributionMap":{"gradle":{"insertions":1,"deletions":1},"java":{"insertions":16,"deletions":2}}},{"hash":"f8ecaf9041cefa6d885b5bdef85ea886ac1cd36b","isMergeCommit":false,"messageTitle":"Refactor code to display correct output","messageBody":"","fileTypesAndContributionMap":{"txt":{"insertions":2,"deletions":2},"java":{"insertions":125,"deletions":55}}},{"hash":"281ce94f315be01495d5a1076f46087719c75a9d","isMergeCommit":false,"messageTitle":"Add tests for DeadlineCommand and TodoCommand","messageBody":"","fileTypesAndContributionMap":{"java":{"insertions":204,"deletions":22}}},{"hash":"3c84a40e536b12b49203c087fc86385560a71446","isMergeCommit":true,"messageTitle":"Merge branch \u0027A-JUnit\u0027","messageBody":"","tags":["A-Jar","A-JUnit"],"fileTypesAndContributionMap":{}},{"hash":"c3bd0db95a28c9dcd8c08a4e6d4d865c7ab96a02","isMergeCommit":false,"messageTitle":"Add JavaDoc comments","messageBody":"","fileTypesAndContributionMap":{"java":{"insertions":208,"deletions":8}}}]},{"date":"2024-01-31","commitResults":[{"hash":"26ccb0bb39d36bfe13369ec2916e9a2767f95d3e","isMergeCommit":false,"messageTitle":"Refactor code to adhere to java coding standards","messageBody":"","fileTypesAndContributionMap":{"java":{"insertions":4,"deletions":42}}},{"hash":"7ec11e1f9896fe6c44a40ec47173d72f4f094988","isMergeCommit":false,"messageTitle":"Implement find functionality","messageBody":"","fileTypesAndContributionMap":{"java":{"insertions":52,"deletions":2}}},{"hash":"cfd89878f2541f99a57e8f6dfcb08e3f719e4fb1","isMergeCommit":true,"messageTitle":"Merge branch \u0027Level-9\u0027","messageBody":"","tags":["Level-9"],"fileTypesAndContributionMap":{}},{"hash":"d0e0606343a93a22b9685a97d1a064a54e7f3900","isMergeCommit":true,"messageTitle":"Merge branch \u0027A-CodingStandard\u0027","messageBody":"","tags":["A-CodingStandard"],"fileTypesAndContributionMap":{}},{"hash":"c242dfbca84fee4436545e1fff8a95f1e97a9001","isMergeCommit":true,"messageTitle":"Resolve merge conflicts","messageBody":"","tags":["A-JavaDoc"],"fileTypesAndContributionMap":{}}]},{"date":"2024-02-01","commitResults":[{"hash":"52031c146ec22d01d6c6ab47d56abfb38adeeede","isMergeCommit":false,"messageTitle":"Resolved checkstyle errors","messageBody":"","fileTypesAndContributionMap":{"gradle":{"insertions":5,"deletions":0},"java":{"insertions":246,"deletions":128}}}]},{"date":"2024-02-05","commitResults":[{"hash":"9d89278a8ecc853bc27c56b2492b950f8f85e3fc","isMergeCommit":false,"messageTitle":"Bug fix","messageBody":"","fileTypesAndContributionMap":{"java":{"insertions":3,"deletions":3}}},{"hash":"611dd27ceabf66f42036d20d882704e23a208b92","isMergeCommit":true,"messageTitle":"Merge branch \u0027A-CheckStyle\u0027","messageBody":"","tags":["A-CheckStyle"],"fileTypesAndContributionMap":{}},{"hash":"665c43c2d4efa91e26988d6169fef1d7b77d7d9c","isMergeCommit":false,"messageTitle":"Setup basic GUI","messageBody":"","fileTypesAndContributionMap":{"gradle":{"insertions":14,"deletions":0},"fxml":{"insertions":35,"deletions":0},"java":{"insertions":223,"deletions":178}}},{"hash":"d1fbd8a32aa1e3f64f8c5458817fe2e580775a46","isMergeCommit":true,"messageTitle":"Setup basic GUI","messageBody":"","tags":["Level-10"],"fileTypesAndContributionMap":{}}]}]},"authorFileTypeContributionMap":{"limrik":{"java":1261,"md":0,"fxml":35,"sh":0,"bat":0,"gradle":20,"txt":5}},"authorContributionVariance":{"limrik":62470.715},"authorDisplayNameMap":{"limrik":"CS2103T-F10-3 LIM .. RIK"}}
