{"authorDailyContributionsMap":{"matthewken19":[{"date":"2024-01-29","commitResults":[{"hash":"ac14ee7f1ade6e4dbb2011b25ed404934f6770c0","isMergeCommit":false,"messageTitle":"Added greeting and closing statements and line","messageBody":"","tags":["Level-0"],"fileTypesAndContributionMap":{"java":{"insertions":6,"deletions":6}}},{"hash":"7d6c7ae6bbb567938323ac08a23424399193aace","isMergeCommit":false,"messageTitle":"Added echo function","messageBody":"","tags":["Level1-1"],"fileTypesAndContributionMap":{"java":{"insertions":18,"deletions":5}}}]},{"date":"2024-01-30","commitResults":[{"hash":"40818015c1adde223da20ec6d9943fa1494f937b","isMergeCommit":false,"messageTitle":"Structuring of the line string, added list function, removed echo function","messageBody":"","tags":["Level1-2"],"fileTypesAndContributionMap":{"java":{"insertions":19,"deletions":5}}},{"hash":"88b55a9b0436811b7ea222c135b69c412161f324","isMergeCommit":false,"messageTitle":"Added helper Task class","messageBody":"","fileTypesAndContributionMap":{"java":{"insertions":21,"deletions":0}}},{"hash":"3c2c5c99e6a0836f28e4b8c5cebf623a70bb574d","isMergeCommit":false,"messageTitle":"Added function to mark and unmark tasks","messageBody":"","tags":["Level1-3"],"fileTypesAndContributionMap":{"java":{"insertions":38,"deletions":14}}},{"hash":"273b7780cce6205e9d96923b34d1424873d5eaf1","isMergeCommit":false,"messageTitle":"added childclass Deadline, Event and Todo","messageBody":"","fileTypesAndContributionMap":{"java":{"insertions":40,"deletions":0}}},{"hash":"68ccf487943b79b028187272cded842373f20596","isMergeCommit":false,"messageTitle":"add case for todo, deadline, and event","messageBody":"","tags":["Level1-4"],"fileTypesAndContributionMap":{"java":{"insertions":40,"deletions":2}}},{"hash":"936ec49c91c938ab9cc7e52cd6a6237ab6f0107d","isMergeCommit":false,"messageTitle":"Changed local file location in runtest.bat","messageBody":"","fileTypesAndContributionMap":{"bat":{"insertions":2,"deletions":2}}},{"hash":"ff1f8e4b56a9556798d4d9f08fa08c59aaf50b0e","isMergeCommit":false,"messageTitle":"Added input and expected.txt","messageBody":"","fileTypesAndContributionMap":{"txt":{"insertions":13,"deletions":0}}},{"hash":"e6086d5263cad5d40144260910bc0763935f6e5e","isMergeCommit":false,"messageTitle":"fixed the error: java file classpath should be in bin","messageBody":"","fileTypesAndContributionMap":{"bat":{"insertions":1,"deletions":1}}},{"hash":"1b053fb2202bb247c46ebc17bc09281009f8f3b2","isMergeCommit":false,"messageTitle":"Added custom exception","messageBody":"","fileTypesAndContributionMap":{"java":{"insertions":6,"deletions":0}}},{"hash":"26b6195ea5e6fd67b59f93d2e31c68b1650a2985","isMergeCommit":false,"messageTitle":"Added exception handling","messageBody":"","tags":["Level1-5"],"fileTypesAndContributionMap":{"java":{"insertions":112,"deletions":69}}},{"hash":"8dd2f142ade4282e883f329100007dad2070fa4e","isMergeCommit":false,"messageTitle":"add delete function","messageBody":"","fileTypesAndContributionMap":{"java":{"insertions":16,"deletions":1}}},{"hash":"0af101a2a1797341902e98153c5c41f0bf7a9918","isMergeCommit":false,"messageTitle":"added the delete instruction format as part of error handling message","messageBody":"","fileTypesAndContributionMap":{"java":{"insertions":2,"deletions":1}}}]},{"date":"2024-02-04","commitResults":[{"hash":"c50b9d9cab601a45d97bd9d307007c3e1ce96756","isMergeCommit":false,"messageTitle":"indent left switch case to match the checkstyle","messageBody":"","tags":["Level1-6"],"fileTypesAndContributionMap":{"java":{"insertions":108,"deletions":108}}}]},{"date":"2024-02-06","commitResults":[{"hash":"fe454a9c0958d75535389b0b977cb7c6a3b935d1","isMergeCommit":false,"messageTitle":"added function to convert Task object to string that can be stored in text file","messageBody":"","fileTypesAndContributionMap":{"java":{"insertions":50,"deletions":6}}},{"hash":"465cb3de60bce9433b1c4106cd3762147f4a1568","isMergeCommit":false,"messageTitle":"added code for reading from text file, converting it to list of tasks and saving it back as a string in text file","messageBody":"","fileTypesAndContributionMap":{"java":{"insertions":225,"deletions":116}}},{"hash":"ca594c2ebc60d25dbfcea98e1ced841ef9460b00","isMergeCommit":true,"messageTitle":"Merge branch \u0027branch-Level-7\u0027","messageBody":"","tags":["Level1-7"],"fileTypesAndContributionMap":{}},{"hash":"74fe79eaccab153d335596e46ed6c1b6c79c5270","isMergeCommit":false,"messageTitle":"changed variable type to LocalDate instead of String and changed toString() method","messageBody":"","fileTypesAndContributionMap":{"java":{"insertions":23,"deletions":15}}},{"hash":"f498d9aafc09738d88d2292414fc010e32ed7b69","isMergeCommit":false,"messageTitle":"changed some naming style of variables","messageBody":"","fileTypesAndContributionMap":{"java":{"insertions":41,"deletions":40}}},{"hash":"64f428492cef59981d35330c9587c3444f5e6ec7","isMergeCommit":true,"messageTitle":"Merge branch \u0027branch-Level-8\u0027","messageBody":"","tags":["Level1-8"],"fileTypesAndContributionMap":{}},{"hash":"6f52bc7b98f823c3bbe22391e4405f5411727f74","isMergeCommit":false,"messageTitle":"created Storage, TaskList, Ui class for more OOP","messageBody":"","fileTypesAndContributionMap":{"java":{"insertions":6,"deletions":0}}}]},{"date":"2024-02-07","commitResults":[{"hash":"dd545d4de77fff9845408bc474ed9c96a2aacf5d","isMergeCommit":false,"messageTitle":"added command classes for OOP","messageBody":"","fileTypesAndContributionMap":{"java":{"insertions":130,"deletions":0}}},{"hash":"8154f768b16c808ea57258b60f20c7db73e847af","isMergeCommit":false,"messageTitle":"added Storage, Parser, TaskList and Ui classes for OOP","messageBody":"","fileTypesAndContributionMap":{"java":{"insertions":233,"deletions":12}}},{"hash":"5c840f4b9939ae3717d1f359a08966d28912abc2","isMergeCommit":false,"messageTitle":"changed Duke.java using Storage, Parser, Ui, TaskList class for OOP","messageBody":"","fileTypesAndContributionMap":{"java":{"insertions":41,"deletions":254}}},{"hash":"6ac9907431486edcca7ea025a909e3f1e0a24f3e","isMergeCommit":true,"messageTitle":"Merge branch \u0027branch-MoreOOP\u0027","messageBody":"","tags":["A-MoreOOP"],"fileTypesAndContributionMap":{}}]}]},"authorFileTypeContributionMap":{"matthewken19":{"java":527,"md":0,"fxml":0,"sh":0,"bat":2,"gradle":0,"txt":13}},"authorContributionVariance":{"matthewken19":38126.742},"authorDisplayNameMap":{"matthewken19":"CS2103-T14-1 MATT.. KEN"}}
