{"authorDailyContributionsMap":{"matthewken19":[{"date":"2024-01-29","commitResults":[{"hash":"ac14ee7f1ade6e4dbb2011b25ed404934f6770c0","isMergeCommit":false,"messageTitle":"Added greeting and closing statements and line","messageBody":"","tags":["Level-0"],"fileTypesAndContributionMap":{"java":{"insertions":6,"deletions":6}}},{"hash":"7d6c7ae6bbb567938323ac08a23424399193aace","isMergeCommit":false,"messageTitle":"Added echo function","messageBody":"","tags":["Level1-1"],"fileTypesAndContributionMap":{"java":{"insertions":18,"deletions":5}}}]},{"date":"2024-01-30","commitResults":[{"hash":"40818015c1adde223da20ec6d9943fa1494f937b","isMergeCommit":false,"messageTitle":"Structuring of the line string, added list function, removed echo function","messageBody":"","tags":["Level1-2"],"fileTypesAndContributionMap":{"java":{"insertions":19,"deletions":5}}},{"hash":"88b55a9b0436811b7ea222c135b69c412161f324","isMergeCommit":false,"messageTitle":"Added helper Task class","messageBody":"","fileTypesAndContributionMap":{"java":{"insertions":21,"deletions":0}}},{"hash":"3c2c5c99e6a0836f28e4b8c5cebf623a70bb574d","isMergeCommit":false,"messageTitle":"Added function to mark and unmark tasks","messageBody":"","tags":["Level1-3"],"fileTypesAndContributionMap":{"java":{"insertions":38,"deletions":14}}},{"hash":"273b7780cce6205e9d96923b34d1424873d5eaf1","isMergeCommit":false,"messageTitle":"added childclass Deadline, Event and Todo","messageBody":"","fileTypesAndContributionMap":{"java":{"insertions":40,"deletions":0}}},{"hash":"68ccf487943b79b028187272cded842373f20596","isMergeCommit":false,"messageTitle":"add case for todo, deadline, and event","messageBody":"","tags":["Level1-4"],"fileTypesAndContributionMap":{"java":{"insertions":40,"deletions":2}}}]}]},"authorFileTypeContributionMap":{"matthewken19":{"java":156,"md":0,"fxml":0,"sh":0,"bat":0,"gradle":0,"txt":0}},"authorContributionVariance":{"matthewken19":2454.139},"authorDisplayNameMap":{"matthewken19":"MATT.. KEN"}}
