{"authorDailyContributionsMap":{"matthewken19":[{"date":"2024-01-29","commitResults":[{"hash":"ac14ee7f1ade6e4dbb2011b25ed404934f6770c0","isMergeCommit":false,"messageTitle":"Added greeting and closing statements and line","messageBody":"","tags":["Level-0"],"fileTypesAndContributionMap":{"java":{"insertions":6,"deletions":6}}},{"hash":"7d6c7ae6bbb567938323ac08a23424399193aace","isMergeCommit":false,"messageTitle":"Added echo function","messageBody":"","tags":["Level-1"],"fileTypesAndContributionMap":{"java":{"insertions":18,"deletions":5}}}]},{"date":"2024-01-30","commitResults":[{"hash":"40818015c1adde223da20ec6d9943fa1494f937b","isMergeCommit":false,"messageTitle":"Structuring of the line string, added list function, removed echo function","messageBody":"","tags":["Level-2"],"fileTypesAndContributionMap":{"java":{"insertions":19,"deletions":5}}},{"hash":"88b55a9b0436811b7ea222c135b69c412161f324","isMergeCommit":false,"messageTitle":"Added helper Task class","messageBody":"","fileTypesAndContributionMap":{"java":{"insertions":21,"deletions":0}}},{"hash":"3c2c5c99e6a0836f28e4b8c5cebf623a70bb574d","isMergeCommit":false,"messageTitle":"Added function to mark and unmark tasks","messageBody":"","tags":["Level-3"],"fileTypesAndContributionMap":{"java":{"insertions":38,"deletions":14}}},{"hash":"273b7780cce6205e9d96923b34d1424873d5eaf1","isMergeCommit":false,"messageTitle":"added childclass Deadline, Event and Todo","messageBody":"","fileTypesAndContributionMap":{"java":{"insertions":40,"deletions":0}}},{"hash":"68ccf487943b79b028187272cded842373f20596","isMergeCommit":false,"messageTitle":"add case for todo, deadline, and event","messageBody":"","tags":["Level-4"],"fileTypesAndContributionMap":{"java":{"insertions":40,"deletions":2}}},{"hash":"936ec49c91c938ab9cc7e52cd6a6237ab6f0107d","isMergeCommit":false,"messageTitle":"Changed local file location in runtest.bat","messageBody":"","fileTypesAndContributionMap":{"bat":{"insertions":2,"deletions":2}}},{"hash":"ff1f8e4b56a9556798d4d9f08fa08c59aaf50b0e","isMergeCommit":false,"messageTitle":"Added input and expected.txt","messageBody":"","fileTypesAndContributionMap":{"txt":{"insertions":13,"deletions":0}}},{"hash":"e6086d5263cad5d40144260910bc0763935f6e5e","isMergeCommit":false,"messageTitle":"fixed the error: java file classpath should be in bin","messageBody":"","fileTypesAndContributionMap":{"bat":{"insertions":1,"deletions":1}}},{"hash":"1b053fb2202bb247c46ebc17bc09281009f8f3b2","isMergeCommit":false,"messageTitle":"Added custom exception","messageBody":"","fileTypesAndContributionMap":{"java":{"insertions":6,"deletions":0}}},{"hash":"26b6195ea5e6fd67b59f93d2e31c68b1650a2985","isMergeCommit":false,"messageTitle":"Added exception handling","messageBody":"","tags":["Level-5"],"fileTypesAndContributionMap":{"java":{"insertions":112,"deletions":69}}},{"hash":"8dd2f142ade4282e883f329100007dad2070fa4e","isMergeCommit":false,"messageTitle":"add delete function","messageBody":"","fileTypesAndContributionMap":{"java":{"insertions":16,"deletions":1}}},{"hash":"0af101a2a1797341902e98153c5c41f0bf7a9918","isMergeCommit":false,"messageTitle":"added the delete instruction format as part of error handling message","messageBody":"","fileTypesAndContributionMap":{"java":{"insertions":2,"deletions":1}}}]},{"date":"2024-02-04","commitResults":[{"hash":"c50b9d9cab601a45d97bd9d307007c3e1ce96756","isMergeCommit":false,"messageTitle":"indent left switch case to match the checkstyle","messageBody":"","tags":["Level-6"],"fileTypesAndContributionMap":{"java":{"insertions":108,"deletions":108}}}]},{"date":"2024-02-06","commitResults":[{"hash":"fe454a9c0958d75535389b0b977cb7c6a3b935d1","isMergeCommit":false,"messageTitle":"added function to convert Task object to string that can be stored in text file","messageBody":"","fileTypesAndContributionMap":{"java":{"insertions":50,"deletions":6}}},{"hash":"465cb3de60bce9433b1c4106cd3762147f4a1568","isMergeCommit":false,"messageTitle":"added code for reading from text file, converting it to list of tasks and saving it back as a string in text file","messageBody":"","fileTypesAndContributionMap":{"java":{"insertions":225,"deletions":116}}},{"hash":"ca594c2ebc60d25dbfcea98e1ced841ef9460b00","isMergeCommit":true,"messageTitle":"Merge branch \u0027branch-Level-7\u0027","messageBody":"","tags":["Level-7"],"fileTypesAndContributionMap":{}},{"hash":"74fe79eaccab153d335596e46ed6c1b6c79c5270","isMergeCommit":false,"messageTitle":"changed variable type to LocalDate instead of String and changed toString() method","messageBody":"","fileTypesAndContributionMap":{"java":{"insertions":23,"deletions":15}}},{"hash":"f498d9aafc09738d88d2292414fc010e32ed7b69","isMergeCommit":false,"messageTitle":"changed some naming style of variables","messageBody":"","fileTypesAndContributionMap":{"java":{"insertions":41,"deletions":40}}},{"hash":"64f428492cef59981d35330c9587c3444f5e6ec7","isMergeCommit":true,"messageTitle":"Merge branch \u0027branch-Level-8\u0027","messageBody":"","tags":["Level-8"],"fileTypesAndContributionMap":{}},{"hash":"6f52bc7b98f823c3bbe22391e4405f5411727f74","isMergeCommit":false,"messageTitle":"created Storage, TaskList, Ui class for more OOP","messageBody":"","fileTypesAndContributionMap":{"java":{"insertions":6,"deletions":0}}}]},{"date":"2024-02-07","commitResults":[{"hash":"dd545d4de77fff9845408bc474ed9c96a2aacf5d","isMergeCommit":false,"messageTitle":"added command classes for OOP","messageBody":"","fileTypesAndContributionMap":{"java":{"insertions":130,"deletions":0}}},{"hash":"8154f768b16c808ea57258b60f20c7db73e847af","isMergeCommit":false,"messageTitle":"added Storage, Parser, TaskList and Ui classes for OOP","messageBody":"","fileTypesAndContributionMap":{"java":{"insertions":233,"deletions":12}}},{"hash":"5c840f4b9939ae3717d1f359a08966d28912abc2","isMergeCommit":false,"messageTitle":"changed Duke.java using Storage, Parser, Ui, TaskList class for OOP","messageBody":"","fileTypesAndContributionMap":{"java":{"insertions":41,"deletions":254}}},{"hash":"6ac9907431486edcca7ea025a909e3f1e0a24f3e","isMergeCommit":true,"messageTitle":"Merge branch \u0027branch-MoreOOP\u0027","messageBody":"","tags":["A-MoreOOP"],"fileTypesAndContributionMap":{}},{"hash":"140cad31495674468777113711edc9b679f03270","isMergeCommit":false,"messageTitle":"moved all java files into duke package","messageBody":"","fileTypesAndContributionMap":{"java":{"insertions":34,"deletions":3}}},{"hash":"57a1ca694a0c5dae2c264228a4a431db8bd40b46","isMergeCommit":true,"messageTitle":"Merge branch \u0027branch-Packages\u0027","messageBody":"","tags":["A-Packages"],"fileTypesAndContributionMap":{}},{"hash":"e11697cdf87691af98969adcc7bcdcd721c5b857","isMergeCommit":true,"messageTitle":"Merge remote-tracking branch \u0027origin/add-gradle-support\u0027","messageBody":"","tags":["A-Gradle"],"fileTypesAndContributionMap":{}},{"hash":"84d78019a066ab523491e1376e8314317d85b532","isMergeCommit":false,"messageTitle":"added java class for testing of Parser and TaskList","messageBody":"","tags":["A-JUnit"],"fileTypesAndContributionMap":{"java":{"insertions":88,"deletions":0}}}]},{"date":"2024-02-08","commitResults":[{"hash":"8023644692fb941b25f9b5ffd78caa42a576f3c4","isMergeCommit":false,"messageTitle":"changed main class location in build.gradle","messageBody":"","tags":["A-Jar"],"fileTypesAndContributionMap":{"gradle":{"insertions":1,"deletions":1}}}]},{"date":"2024-02-09","commitResults":[{"hash":"28e73c812d68774a0787aa86711d7d2f30623997","isMergeCommit":false,"messageTitle":"added javadoc","messageBody":"","fileTypesAndContributionMap":{"java":{"insertions":55,"deletions":0}}},{"hash":"4f1610a31dcfaf0ae49c72a49f5e53f8a7d87d96","isMergeCommit":true,"messageTitle":"Merge branch \u0027branch-A-JavaDoc\u0027","messageBody":"","tags":["A-JavaDoc"],"fileTypesAndContributionMap":{}},{"hash":"ddec59aec84f845c60a0eedb3f192fe11a10775d","isMergeCommit":false,"messageTitle":"added contains method in Task and find method in TaskList to support find command","messageBody":"","fileTypesAndContributionMap":{"java":{"insertions":47,"deletions":2}}},{"hash":"42438b25433e6320c65d2a2f7a8efff70bf2944b","isMergeCommit":true,"messageTitle":"Merge branch \u0027branch-Level-9\u0027","messageBody":"","tags":["Level-9"],"fileTypesAndContributionMap":{}},{"hash":"7691b42c2078f2c44ec1dc714168012d2753bef3","isMergeCommit":false,"messageTitle":"edited the name of stringSplit to stringComponents to match coding standard","messageBody":"","fileTypesAndContributionMap":{"java":{"insertions":16,"deletions":16}}},{"hash":"60c2ed9d8f6b20d392284530cb45e646b1007c3b","isMergeCommit":true,"messageTitle":"Merge branch \u0027branch-A-CodingStandard\u0027","messageBody":"","tags":["A-CodingStandard"],"fileTypesAndContributionMap":{}}]},{"date":"2024-02-11","commitResults":[{"hash":"598cac9a5f8927e8e92c8445a6cfa9f3e751a673","isMergeCommit":false,"messageTitle":"Added Launcher and practice code for creating GUI","messageBody":"","fileTypesAndContributionMap":{"gradle":{"insertions":15,"deletions":0},"java":{"insertions":123,"deletions":10}}},{"hash":"ac0a2efcbe6588337f78d283e9415f8f8183457d","isMergeCommit":false,"messageTitle":"result on duke.txt","messageBody":"","fileTypesAndContributionMap":{"txt":{"insertions":6,"deletions":0}}},{"hash":"67f86b17ca370109ce62d936cd8c24cbd8707012","isMergeCommit":false,"messageTitle":"Practice on creating GUI, created MainWindow, Main, DialogBox java class and fxml files","messageBody":"","fileTypesAndContributionMap":{"fxml":{"insertions":35,"deletions":0},"java":{"insertions":183,"deletions":12}}},{"hash":"9cb9290bcfbd0da28999c85993ef70552220331a","isMergeCommit":false,"messageTitle":"added GUI, input and output is as expected, but saving data is unhandled and GUI can improve","messageBody":"","fileTypesAndContributionMap":{"java":{"insertions":48,"deletions":155}}},{"hash":"dc354043d8e0cc01e684c733f864bc204219a34a","isMergeCommit":false,"messageTitle":"added checkstyle xml files and edited corresponding lines in build.gradle","messageBody":"","fileTypesAndContributionMap":{"gradle":{"insertions":5,"deletions":0}}},{"hash":"a5f3160d8039aeb3a7691c4bc8678ba6d3fda3a7","isMergeCommit":true,"messageTitle":"Merge branch \u0027branch-CheckStyle\u0027","messageBody":"","tags":["A-CheckStyle"],"fileTypesAndContributionMap":{}}]},{"date":"2024-02-12","commitResults":[{"hash":"2112ec7b4d8a4331a5e70b1e78f4d4b094c549e3","isMergeCommit":false,"messageTitle":"moved some files and organized packages","messageBody":"","fileTypesAndContributionMap":{"java":{"insertions":92,"deletions":67}}},{"hash":"32c34df707a55c1885394e165b63cdda094b8279","isMergeCommit":true,"messageTitle":"Merge branch \u0027branch-GUI\u0027","messageBody":"# Conflicts:\n#\tsrc/main/java/duke/Command.java\n#\tsrc/main/java/duke/Duke.java\n#\tsrc/main/java/duke/ui/Ui.java\n","tags":["Level-10"],"fileTypesAndContributionMap":{}}]},{"date":"2024-02-16","commitResults":[{"hash":"0457d83af99781554df8547f0d416c91c7304bb1","isMergeCommit":false,"messageTitle":"Parser and ParserTest class: extract DukeException for default switch case statement to Ui method","messageBody":"Long string message from DukeException should be handled by the Ui side to avoid cluttering.\n\nExtracting the error message to the Ui side gives better OOP and abstraction.\n\nLet\u0027s pull up default string messages output from other classes to Ui methods.\n\nUsing OOP and abstraction provides cleaner code for easier debugging in the future.\n","tags":["A-FullCommitMessage"],"fileTypesAndContributionMap":{"java":{"insertions":27,"deletions":22}}},{"hash":"3af2581808054f995128f579aac0fc9ab0d8e698","isMergeCommit":false,"messageTitle":"Add JavaDoc to the intialization of Command and Task classes.","messageBody":"There are several command and task classes. The JavaDoc will provide information on the difference among the classes for better readability.\n","fileTypesAndContributionMap":{"java":{"insertions":67,"deletions":26}}},{"hash":"a32f0e8ef45a9c5232a050efea704cbbbf1809f5","isMergeCommit":false,"messageTitle":"Combine the two try catch clauses in load method into one.","messageBody":"The two try catch clauses catch similar exceptions (FileNotFoundException and IOException) and output the same code.\n\nCombining the two clauses provide better readibility and reduce code duplication\n","fileTypesAndContributionMap":{"java":{"insertions":8,"deletions":17}}},{"hash":"c6637ec0de6469d1950d5ede0df7e9930e126732","isMergeCommit":false,"messageTitle":"Add assertions","messageBody":"DeleteCommand and MarkCommand should have index \u003e 0. Storage load method should also have file (create file if it does not exist).\n\nAssertion of index \u003e 0 ensures that the condition is always satisfied when assertion is turned on.\nAssertion of file.exists() ensures that a file always exists after being created or read.\n","fileTypesAndContributionMap":{"java":{"insertions":12,"deletions":0}}},{"hash":"edd7a820f13e2996b01c10bb61ef2ec7c708185b","isMergeCommit":true,"messageTitle":"Merge pull request #1 from matthewken19/branch-A-CodeQuality","messageBody":"Branch code quality","tags":["A-CodeQuality"],"fileTypesAndContributionMap":{}},{"hash":"cd1ccdb8fdf331fdebc0b2ec4bac5c65fef060e5","isMergeCommit":true,"messageTitle":"Merge branch \u0027master\u0027 into branch-A-Assertions","messageBody":"","tags":["A-Assertions"],"fileTypesAndContributionMap":{}},{"hash":"3c4115b8389cae857ea8d0e16f50080417e1a0a6","isMergeCommit":true,"messageTitle":"Merge pull request #2 from matthewken19/branch-A-Assertions","messageBody":"Branch assertions","fileTypesAndContributionMap":{}}]},{"date":"2024-02-20","commitResults":[{"hash":"a137604645a28a8393f636b54c304f36e7223047","isMergeCommit":false,"messageTitle":"Add save method after processing the output of the input in Duke","messageBody":"","fileTypesAndContributionMap":{"txt":{"insertions":0,"deletions":6},"java":{"insertions":1,"deletions":0}}},{"hash":"43a085840c09d769d00445e55ba549c051eb843f","isMergeCommit":false,"messageTitle":"Change the message to be more customised for the Ui","messageBody":"","fileTypesAndContributionMap":{"java":{"insertions":10,"deletions":4}}},{"hash":"4e938c29f5c9d4bae7baa00cb4222d1095460198","isMergeCommit":true,"messageTitle":"Merge branch \u0027branch-A-Personality\u0027","messageBody":"","fileTypesAndContributionMap":{}},{"hash":"080292ba5969615382c666da9b334688ae072e2e","isMergeCommit":false,"messageTitle":"Change the Gui to be cat-themed and adjust the size of the window. JavaFX version is set to 21","messageBody":"","fileTypesAndContributionMap":{"gradle":{"insertions":1,"deletions":1},"fxml":{"insertions":21,"deletions":9},"java":{"insertions":95,"deletions":64}}},{"hash":"717fff206c0808bcb83e7628c5b60a1105c52a62","isMergeCommit":true,"messageTitle":"Merge branch \u0027A-BetterGui\u0027","messageBody":"","tags":["A-Personality","A-BetterGui"],"fileTypesAndContributionMap":{}},{"hash":"45fdbd4c4fc4f5cb3ad3e8f3fefb46264bb74951","isMergeCommit":false,"messageTitle":"Add equals method for Task classes and add checking of task duplication which raises an error","messageBody":"","tags":["BCD-Extension"],"fileTypesAndContributionMap":{"txt":{"insertions":1,"deletions":0},"java":{"insertions":46,"deletions":4}}},{"hash":"1799aeda06587ab4758d0f28edee299cb70494be","isMergeCommit":false,"messageTitle":"Move TaskList class to duke.task","messageBody":"","fileTypesAndContributionMap":{"java":{"insertions":41,"deletions":22}}},{"hash":"0f1f4798b8cf7f53d7e9128586c7de10d18a187b","isMergeCommit":false,"messageTitle":"Edit corresponding java classes that are affected from moving TaskList class to duke.task","messageBody":"","fileTypesAndContributionMap":{"txt":{"insertions":2,"deletions":0},"java":{"insertions":38,"deletions":23}}},{"hash":"17eb9b094fbf5eaf4564b47e5c95571d14760174","isMergeCommit":false,"messageTitle":"Change duke project name to tofu","messageBody":"","fileTypesAndContributionMap":{"fxml":{"insertions":1,"deletions":1},"java":{"insertions":149,"deletions":152}}},{"hash":"5f1b29e54babc7abb10429d67228ca991b5b5ed1","isMergeCommit":false,"messageTitle":"Add and modify JavaDoc to existing classes","messageBody":"","fileTypesAndContributionMap":{"txt":{"insertions":0,"deletions":0},"java":{"insertions":211,"deletions":105}}},{"hash":"e135382c132cb5d18040e8a22fb0526d8f3c3640","isMergeCommit":false,"messageTitle":"Add more error handling for Storage class methods","messageBody":"","tags":["A-MoreErrorHandling"],"fileTypesAndContributionMap":{"txt":{"insertions":1,"deletions":0},"fxml":{"insertions":5,"deletions":5},"java":{"insertions":17,"deletions":4}}},{"hash":"606069464762454e67d900f30a6b75f0ed979b1e","isMergeCommit":false,"messageTitle":"Add Ui showcase image","messageBody":"","fileTypesAndContributionMap":{"txt":{"insertions":2,"deletions":0}}}]},{"date":"2024-02-21","commitResults":[{"hash":"d68654a75d882b086d8b95934a212ac25b5e07fc","isMergeCommit":false,"messageTitle":"Update README for Tofu the Cat program","messageBody":"","tags":["A-UserGuide"],"fileTypesAndContributionMap":{"gradle":{"insertions":4,"deletions":5},"txt":{"insertions":0,"deletions":3},"fxml":{"insertions":23,"deletions":16},"md":{"insertions":69,"deletions":16}}},{"hash":"9b74a152e150f047b34e59a89b1ba430e9a9687a","isMergeCommit":false,"messageTitle":"Add icon for the program","messageBody":"","fileTypesAndContributionMap":{"java":{"insertions":6,"deletions":1}}},{"hash":"aa0ef7d8f356c97774cb01ac81d33e1a90d71a1e","isMergeCommit":false,"messageTitle":"Allow resizing of window","messageBody":"","fileTypesAndContributionMap":{"fxml":{"insertions":30,"deletions":23},"java":{"insertions":25,"deletions":5}}},{"hash":"c97c63cc93e9ff0f5668d42efc2eebadd5a87f4f","isMergeCommit":false,"messageTitle":"Add equals method for the Command classes and add more testing","messageBody":"","tags":["A-MoreTesting"],"fileTypesAndContributionMap":{"fxml":{"insertions":2,"deletions":2},"java":{"insertions":109,"deletions":15}}}]},{"date":"2024-02-24","commitResults":[{"hash":"e30343afb390ac5c53210c95484937c911ffb4cc","isMergeCommit":false,"messageTitle":"Change java version to jdk 11","messageBody":"","tags":["A-Release"],"fileTypesAndContributionMap":{"gradle":{"insertions":3,"deletions":0},"java":{"insertions":75,"deletions":26}}}]}]},"authorFileTypeContributionMap":{"matthewken19":{"java":1391,"md":69,"fxml":61,"sh":0,"bat":2,"gradle":26,"txt":16}},"authorContributionVariance":{"matthewken19":59656.258},"authorDisplayNameMap":{"matthewken19":"CS2103-T14-1 MATT.. KEN"}}
