{"authorDailyContributionsMap":{"fy17ohhh":[{"date":"2024-01-23","commitResults":[{"hash":"35373e385dfb39a454dd7fdbf38c3487197760c5","isMergeCommit":false,"messageTitle":"Rename, Greet, Exit","messageBody":"","tags":["Level-0"],"fileTypesAndContributionMap":{"java":{"insertions":4,"deletions":3}}},{"hash":"11c0b4a3d515dfe7a87d22e74aa1fcb45a26f17d","isMergeCommit":false,"messageTitle":"Echo","messageBody":"","tags":["Level-1"],"fileTypesAndContributionMap":{"java":{"insertions":32,"deletions":7}}}]},{"date":"2024-01-24","commitResults":[{"hash":"94fa549f34239e99fd256efc80baa3c68dfea759","isMergeCommit":false,"messageTitle":"Add,List","messageBody":"","tags":["Level-2"],"fileTypesAndContributionMap":{"java":{"insertions":16,"deletions":6}}},{"hash":"2dec2a08b3ff1814befdf4e9159b8e5ca4a09b1f","isMergeCommit":false,"messageTitle":"Use a class to represent tasks","messageBody":"","tags":["A-Classes"],"fileTypesAndContributionMap":{"java":{"insertions":29,"deletions":46}}},{"hash":"e2b59ce6f09488a9e96ec0ddddc0882590a97262","isMergeCommit":false,"messageTitle":"Add the ability to mark tasks as done","messageBody":"","tags":["Level-3"],"fileTypesAndContributionMap":{"java":{"insertions":58,"deletions":0}}},{"hash":"0ffd67bc2e236231d9d8f2efe31dbcfa45b9ca91","isMergeCommit":false,"messageTitle":"Use Inheritance to support multiple task types","messageBody":"","tags":["A-Inheritance"],"fileTypesAndContributionMap":{"java":{"insertions":44,"deletions":0}}},{"hash":"78be716e221792128cad184258c6c50dd7b59f49","isMergeCommit":false,"messageTitle":"Add support for tracking three types of tasks","messageBody":"","tags":["Level-4"],"fileTypesAndContributionMap":{"java":{"insertions":23,"deletions":4}}},{"hash":"40f69e9b79547b371f8a918a35c83fb4b64adc44","isMergeCommit":false,"messageTitle":"Automated Text UI Testing","messageBody":"","tags":["A-TextUiTesting"],"fileTypesAndContributionMap":{"txt":{"insertions":9,"deletions":0},"sh":{"insertions":2,"deletions":2}}}]}]},"authorFileTypeContributionMap":{"fy17ohhh":{"java":150,"md":0,"fxml":0,"sh":2,"bat":0,"gradle":0,"txt":9}},"authorContributionVariance":{"fy17ohhh":7616.5835},"authorDisplayNameMap":{"fy17ohhh":"SHAN..YANG"}}
