{"authorDailyContributionsMap":{"modembcc":[{"date":"2024-01-25","commitResults":[{"hash":"bf686c7b3b617f3ca5142d631a4100ca340e65af","isMergeCommit":false,"messageTitle":"Level 0","messageBody":"","tags":["Level-0"],"fileTypesAndContributionMap":{"java":{"insertions":11,"deletions":0}}},{"hash":"70b4944f254382099f852e29698ca6cb8b39f559","isMergeCommit":false,"messageTitle":"Level-1","messageBody":"","tags":["Level-1"],"fileTypesAndContributionMap":{"java":{"insertions":33,"deletions":2}}},{"hash":"d8d932c942080aee8bd4ae3276bd02d8f4ac2a14","isMergeCommit":false,"messageTitle":"Level-2","messageBody":"","tags":["Level-2"],"fileTypesAndContributionMap":{"java":{"insertions":17,"deletions":2}}},{"hash":"7ba250f84e52a144b023c6fd391271989302a65a","isMergeCommit":false,"messageTitle":"Level-3","messageBody":"","tags":["Level-3"],"fileTypesAndContributionMap":{"java":{"insertions":44,"deletions":13}}},{"hash":"f81bcd88c7d6b42d7b68162d1db9cfc093e9660d","isMergeCommit":false,"messageTitle":"Level-4","messageBody":"","tags":["Level-4"],"fileTypesAndContributionMap":{"java":{"insertions":64,"deletions":5}}},{"hash":"e233ef6b288c4844f911d6b1324adb3e45b2cd40","isMergeCommit":false,"messageTitle":"A-TextUiTesting","messageBody":"","tags":["A-TextUiTesting"],"fileTypesAndContributionMap":{"txt":{"insertions":7,"deletions":0},"java":{"insertions":2,"deletions":1},"bat":{"insertions":7,"deletions":4}}}]},{"date":"2024-01-27","commitResults":[{"hash":"27cafdf6f782372fef50d7ad276078de0bc85375","isMergeCommit":false,"messageTitle":"Level-5","messageBody":"","tags":["Level-5"],"fileTypesAndContributionMap":{"java":{"insertions":127,"deletions":42}}},{"hash":"e24524934706bcd9632f780db3c1e556fce0d93a","isMergeCommit":false,"messageTitle":"Level-6","messageBody":"","tags":["Level-6"],"fileTypesAndContributionMap":{"java":{"insertions":52,"deletions":22}}}]},{"date":"2024-01-28","commitResults":[{"hash":"0e3e0289376dd6a0af4f22f8d2b413804539b780","isMergeCommit":false,"messageTitle":"Level-7","messageBody":"","fileTypesAndContributionMap":{"txt":{"insertions":5,"deletions":0},"java":{"insertions":64,"deletions":0}}},{"hash":"99c61c6ae0998cc9afd73bdc917cb6714c20a145","isMergeCommit":true,"messageTitle":"Merge branch \u0027branch-level-7\u0027","messageBody":"","tags":["Level-7"],"fileTypesAndContributionMap":{}}]},{"date":"2024-01-30","commitResults":[{"hash":"b9a477740cb0ef22d358cc99d9067b7593cb76ab","isMergeCommit":false,"messageTitle":"Level-8","messageBody":"","fileTypesAndContributionMap":{"txt":{"insertions":4,"deletions":2},"java":{"insertions":60,"deletions":10}}},{"hash":"62f01f3c24a103583db01e4a69a0e7848047cbc2","isMergeCommit":true,"messageTitle":"Merge branch \u0027branch-Level-8\u0027","messageBody":"","tags":["Level-8"],"fileTypesAndContributionMap":{}}]},{"date":"2024-02-02","commitResults":[{"hash":"e84e97ed15cb92707a0dd48dfbb25813ac31b047","isMergeCommit":false,"messageTitle":"A-MoreOOP","messageBody":"","fileTypesAndContributionMap":{"txt":{"insertions":1,"deletions":0},"java":{"insertions":390,"deletions":173}}},{"hash":"60e37ab8d5f553c2bae1f645ed93764d13007107","isMergeCommit":true,"messageTitle":"Merge branch \u0027branch-A-MoreOOP\u0027","messageBody":"","tags":["A-MoreOOP"],"fileTypesAndContributionMap":{}}]}]},"authorFileTypeContributionMap":{"modembcc":{"java":594,"md":0,"fxml":0,"sh":0,"bat":7,"gradle":0,"txt":15}},"authorContributionVariance":{"modembcc":22819.973},"authorDisplayNameMap":{"modembcc":"CS2103T-W08-4 PAWI..KORN"}}
