[{"path":"data/duke.txt","fileType":"txt","lines":[{"lineNumber":1,"author":{"gitId":"zengzihui"},"content":"T | 0 | a","lastModifiedDate":"2024-01-31"},{"lineNumber":2,"author":{"gitId":"zengzihui"},"content":"T | 0 | b","lastModifiedDate":"2024-01-31"},{"lineNumber":3,"author":{"gitId":"zengzihui"},"content":"E | 0 | meeting | 2023-02-03 1800 | 2023-03-03 1800","lastModifiedDate":"2024-02-07"}],"authorContributionMap":{"zengzihui":3}},{"path":"src/main/java/Deadline.java","fileType":"java","lines":[{"lineNumber":1,"author":{"gitId":"zengzihui"},"content":"import java.time.LocalDateTime;","lastModifiedDate":"2024-02-07"},{"lineNumber":2,"author":{"gitId":"zengzihui"},"content":"import java.time.format.DateTimeFormatter;","lastModifiedDate":"2024-02-07"},{"lineNumber":3,"author":{"gitId":"zengzihui"},"content":"","lastModifiedDate":"2024-02-07"},{"lineNumber":4,"author":{"gitId":"zengzihui"},"content":"public class Deadline extends Task {","lastModifiedDate":"2024-01-25"},{"lineNumber":5,"author":{"gitId":"zengzihui"},"content":"    private LocalDateTime deadline;","lastModifiedDate":"2024-02-07"},{"lineNumber":6,"author":{"gitId":"zengzihui"},"content":"","lastModifiedDate":"2024-01-25"},{"lineNumber":7,"author":{"gitId":"zengzihui"},"content":"    private DateTimeFormatter printFormatter;","lastModifiedDate":"2024-02-07"},{"lineNumber":8,"author":{"gitId":"zengzihui"},"content":"    public Deadline(String description, LocalDateTime deadline, DateTimeFormatter printFormatter) {","lastModifiedDate":"2024-02-07"},{"lineNumber":9,"author":{"gitId":"zengzihui"},"content":"        super(description);","lastModifiedDate":"2024-01-25"},{"lineNumber":10,"author":{"gitId":"zengzihui"},"content":"        this.deadline \u003d deadline;","lastModifiedDate":"2024-01-25"},{"lineNumber":11,"author":{"gitId":"zengzihui"},"content":"        this.printFormatter \u003d printFormatter;","lastModifiedDate":"2024-02-07"},{"lineNumber":12,"author":{"gitId":"zengzihui"},"content":"    }","lastModifiedDate":"2024-01-25"},{"lineNumber":13,"author":{"gitId":"zengzihui"},"content":"","lastModifiedDate":"2024-01-25"},{"lineNumber":14,"author":{"gitId":"zengzihui"},"content":"    public Deadline(String description, Boolean status, LocalDateTime deadline, DateTimeFormatter printFormatter) {","lastModifiedDate":"2024-02-07"},{"lineNumber":15,"author":{"gitId":"zengzihui"},"content":"        super(description, status);","lastModifiedDate":"2024-01-31"},{"lineNumber":16,"author":{"gitId":"zengzihui"},"content":"        this.deadline \u003d deadline;","lastModifiedDate":"2024-01-31"},{"lineNumber":17,"author":{"gitId":"zengzihui"},"content":"        this.printFormatter \u003d printFormatter;","lastModifiedDate":"2024-02-07"},{"lineNumber":18,"author":{"gitId":"zengzihui"},"content":"    }","lastModifiedDate":"2024-01-31"},{"lineNumber":19,"author":{"gitId":"zengzihui"},"content":"","lastModifiedDate":"2024-01-31"},{"lineNumber":20,"author":{"gitId":"zengzihui"},"content":"    @Override","lastModifiedDate":"2024-01-25"},{"lineNumber":21,"author":{"gitId":"zengzihui"},"content":"    public String toString() {","lastModifiedDate":"2024-01-25"},{"lineNumber":22,"author":{"gitId":"zengzihui"},"content":"        return \"[D]\" + super.toString() + \" (by: \" + this.deadline.format(this.printFormatter) + \")\";","lastModifiedDate":"2024-02-07"},{"lineNumber":23,"author":{"gitId":"zengzihui"},"content":"    }","lastModifiedDate":"2024-01-31"},{"lineNumber":24,"author":{"gitId":"zengzihui"},"content":"","lastModifiedDate":"2024-01-31"},{"lineNumber":25,"author":{"gitId":"zengzihui"},"content":"    @Override","lastModifiedDate":"2024-01-31"},{"lineNumber":26,"author":{"gitId":"zengzihui"},"content":"    public String convertToFileFormat(DateTimeFormatter storeFormatter) {","lastModifiedDate":"2024-02-07"},{"lineNumber":27,"author":{"gitId":"zengzihui"},"content":"        return \"D | \" + super.convertToFileFormat(storeFormatter) + \" | \" + this.deadline;","lastModifiedDate":"2024-02-07"},{"lineNumber":28,"author":{"gitId":"zengzihui"},"content":"    }","lastModifiedDate":"2024-01-25"},{"lineNumber":29,"author":{"gitId":"zengzihui"},"content":"","lastModifiedDate":"2024-01-25"},{"lineNumber":30,"author":{"gitId":"zengzihui"},"content":"}","lastModifiedDate":"2024-01-25"}],"authorContributionMap":{"zengzihui":30}},{"path":"src/main/java/Duke.java","fileType":"java","lines":[{"lineNumber":1,"author":{"gitId":"zengzihui"},"content":"import java.io.IOException;","lastModifiedDate":"2024-01-31"},{"lineNumber":2,"author":{"gitId":"zengzihui"},"content":"import java.nio.file.Path;","lastModifiedDate":"2024-01-31"},{"lineNumber":3,"author":{"gitId":"zengzihui"},"content":"import java.nio.file.Paths;","lastModifiedDate":"2024-01-31"},{"lineNumber":4,"author":{"gitId":"zengzihui"},"content":"import java.nio.file.Files;","lastModifiedDate":"2024-01-31"},{"lineNumber":5,"author":{"gitId":"zengzihui"},"content":"import java.time.LocalDateTime;","lastModifiedDate":"2024-02-07"},{"lineNumber":6,"author":{"gitId":"zengzihui"},"content":"import java.time.format.DateTimeFormatter;","lastModifiedDate":"2024-02-07"},{"lineNumber":7,"author":{"gitId":"zengzihui"},"content":"import java.time.format.DateTimeParseException;","lastModifiedDate":"2024-02-07"},{"lineNumber":8,"author":{"gitId":"zengzihui"},"content":"import java.util.ArrayList;","lastModifiedDate":"2024-01-25"},{"lineNumber":9,"author":{"gitId":"zengzihui"},"content":"import java.util.List;","lastModifiedDate":"2024-01-25"},{"lineNumber":10,"author":{"gitId":"zengzihui"},"content":"import java.util.Scanner;","lastModifiedDate":"2024-01-24"},{"lineNumber":11,"author":{"gitId":"zengzihui"},"content":"","lastModifiedDate":"2024-01-24"},{"lineNumber":12,"author":{"gitId":"zengzihui"},"content":"","lastModifiedDate":"2024-01-31"},{"lineNumber":13,"author":{"gitId":"-"},"content":"public class Duke {","lastModifiedDate":"2019-07-29"},{"lineNumber":14,"author":{"gitId":"zengzihui"},"content":"    public final static DateTimeFormatter DATE_TIME_FORMATTER \u003d DateTimeFormatter.ofPattern(\"yyyy-MM-dd HHmm\");","lastModifiedDate":"2024-02-07"},{"lineNumber":15,"author":{"gitId":"zengzihui"},"content":"    public final static DateTimeFormatter DATE_TIME_FORMATTER_FOR_PRINT \u003d DateTimeFormatter.ofPattern(\"dd MMM yyyy, HHmm\");","lastModifiedDate":"2024-02-07"},{"lineNumber":16,"author":{"gitId":"zengzihui"},"content":"    public static void main(String[] args) throws DukeException {","lastModifiedDate":"2024-01-25"},{"lineNumber":17,"author":{"gitId":"zengzihui"},"content":"        final String RELATIVE_PATH \u003d \"data/duke.txt\";","lastModifiedDate":"2024-02-07"},{"lineNumber":18,"author":{"gitId":"zengzihui"},"content":"        Path path \u003d Paths.get(RELATIVE_PATH);","lastModifiedDate":"2024-02-07"},{"lineNumber":19,"author":{"gitId":"zengzihui"},"content":"        String logo \u003d  \" _____ _               _\\n\"","lastModifiedDate":"2024-01-24"},{"lineNumber":20,"author":{"gitId":"zengzihui"},"content":"                +       \"/  __ (_)             | |\\n\"","lastModifiedDate":"2024-01-24"},{"lineNumber":21,"author":{"gitId":"zengzihui"},"content":"                +       \"| /  \\\\/_  ___ __ _  __| | __ _\\n\"","lastModifiedDate":"2024-01-24"},{"lineNumber":22,"author":{"gitId":"zengzihui"},"content":"                +       \"| |   | |/ __/ _` |/ _` |/ _` |\\n\"","lastModifiedDate":"2024-01-24"},{"lineNumber":23,"author":{"gitId":"zengzihui"},"content":"                +       \"| \\\\__/\\\\ | (_| (_| | (_| | (_| |\\n\"","lastModifiedDate":"2024-01-24"},{"lineNumber":24,"author":{"gitId":"zengzihui"},"content":"                +       \" \\\\____/_|\\\\___\\\\__,_|\\\\__,_|\\\\__,_|\\n\";","lastModifiedDate":"2024-01-24"},{"lineNumber":25,"author":{"gitId":"-"},"content":"        System.out.println(\"Hello from\\n\" + logo);","lastModifiedDate":"2019-07-29"},{"lineNumber":26,"author":{"gitId":"zengzihui"},"content":"        String horizontalLine \u003d \"-\".repeat(60);","lastModifiedDate":"2024-01-24"},{"lineNumber":27,"author":{"gitId":"zengzihui"},"content":"        printGreeting(\"Cicada\", horizontalLine);","lastModifiedDate":"2024-02-07"},{"lineNumber":28,"author":{"gitId":"zengzihui"},"content":"        Scanner scanner \u003d new Scanner(System.in);","lastModifiedDate":"2024-01-24"},{"lineNumber":29,"author":{"gitId":"zengzihui"},"content":"        System.out.println(\"Type your command and press Enter. Type \u0027bye\u0027 to quit.\");","lastModifiedDate":"2024-01-24"},{"lineNumber":30,"author":{"gitId":"zengzihui"},"content":"        List\u003cTask\u003e tasks \u003d loadTasksFromFile(path);","lastModifiedDate":"2024-01-31"},{"lineNumber":31,"author":{"gitId":"zengzihui"},"content":"        boolean exitLoop \u003d false;","lastModifiedDate":"2024-01-31"},{"lineNumber":32,"author":{"gitId":"zengzihui"},"content":"        while (!exitLoop) {","lastModifiedDate":"2024-01-31"},{"lineNumber":33,"author":{"gitId":"zengzihui"},"content":"            String command \u003d scanner.next().toLowerCase();","lastModifiedDate":"2024-02-07"},{"lineNumber":34,"author":{"gitId":"zengzihui"},"content":"            String input \u003d scanner.nextLine();","lastModifiedDate":"2024-01-31"},{"lineNumber":35,"author":{"gitId":"zengzihui"},"content":"            switch (command) {","lastModifiedDate":"2024-01-31"},{"lineNumber":36,"author":{"gitId":"zengzihui"},"content":"            case \"bye\":","lastModifiedDate":"2024-01-31"},{"lineNumber":37,"author":{"gitId":"zengzihui"},"content":"                print_Ending(horizontalLine);","lastModifiedDate":"2024-02-07"},{"lineNumber":38,"author":{"gitId":"zengzihui"},"content":"                exitLoop \u003d true;","lastModifiedDate":"2024-01-31"},{"lineNumber":39,"author":{"gitId":"zengzihui"},"content":"                break;","lastModifiedDate":"2024-01-24"},{"lineNumber":40,"author":{"gitId":"zengzihui"},"content":"            case \"list\":","lastModifiedDate":"2024-01-31"},{"lineNumber":41,"author":{"gitId":"zengzihui"},"content":"                listTasks(tasks, horizontalLine);","lastModifiedDate":"2024-01-31"},{"lineNumber":42,"author":{"gitId":"zengzihui"},"content":"                break;","lastModifiedDate":"2024-01-31"},{"lineNumber":43,"author":{"gitId":"zengzihui"},"content":"            case \"mark\":","lastModifiedDate":"2024-01-31"},{"lineNumber":44,"author":{"gitId":"zengzihui"},"content":"                try {","lastModifiedDate":"2024-01-31"},{"lineNumber":45,"author":{"gitId":"zengzihui"},"content":"                    markTask(input, tasks, horizontalLine);","lastModifiedDate":"2024-01-31"},{"lineNumber":46,"author":{"gitId":"zengzihui"},"content":"                } catch (DukeException e) {","lastModifiedDate":"2024-01-31"},{"lineNumber":47,"author":{"gitId":"zengzihui"},"content":"                    System.err.println(e.getMessage());","lastModifiedDate":"2024-01-31"},{"lineNumber":48,"author":{"gitId":"zengzihui"},"content":"                } catch (NumberFormatException e) {","lastModifiedDate":"2024-01-31"},{"lineNumber":49,"author":{"gitId":"zengzihui"},"content":"                    System.err.println(\"Unable to parse the input as an integer. Please put a number after \" + command);","lastModifiedDate":"2024-01-31"},{"lineNumber":50,"author":{"gitId":"zengzihui"},"content":"                }","lastModifiedDate":"2024-01-25"},{"lineNumber":51,"author":{"gitId":"zengzihui"},"content":"                break;","lastModifiedDate":"2024-01-31"},{"lineNumber":52,"author":{"gitId":"zengzihui"},"content":"            case \"unmark\":","lastModifiedDate":"2024-01-31"},{"lineNumber":53,"author":{"gitId":"zengzihui"},"content":"                try {","lastModifiedDate":"2024-01-26"},{"lineNumber":54,"author":{"gitId":"zengzihui"},"content":"                    unmarkTask(input, tasks, horizontalLine);","lastModifiedDate":"2024-01-31"},{"lineNumber":55,"author":{"gitId":"zengzihui"},"content":"                } catch (DukeException e) {","lastModifiedDate":"2024-01-31"},{"lineNumber":56,"author":{"gitId":"zengzihui"},"content":"                    System.err.println(e.getMessage());","lastModifiedDate":"2024-01-31"},{"lineNumber":57,"author":{"gitId":"zengzihui"},"content":"                } catch (NumberFormatException e) {","lastModifiedDate":"2024-01-31"},{"lineNumber":58,"author":{"gitId":"zengzihui"},"content":"                    System.err.println(\"Unable to parse the input as an integer. Please put a number after \" + command);","lastModifiedDate":"2024-01-31"},{"lineNumber":59,"author":{"gitId":"zengzihui"},"content":"                }","lastModifiedDate":"2024-01-26"},{"lineNumber":60,"author":{"gitId":"zengzihui"},"content":"                break;","lastModifiedDate":"2024-01-31"},{"lineNumber":61,"author":{"gitId":"zengzihui"},"content":"            case \"todo\":","lastModifiedDate":"2024-01-31"},{"lineNumber":62,"author":{"gitId":"zengzihui"},"content":"                try {","lastModifiedDate":"2024-01-31"},{"lineNumber":63,"author":{"gitId":"zengzihui"},"content":"                    Task newTodo \u003d createTask(input, \"todo\");","lastModifiedDate":"2024-01-31"},{"lineNumber":64,"author":{"gitId":"zengzihui"},"content":"                    tasks.add(newTodo);","lastModifiedDate":"2024-01-31"},{"lineNumber":65,"author":{"gitId":"zengzihui"},"content":"                    System.out.println(horizontalLine);","lastModifiedDate":"2024-01-31"},{"lineNumber":66,"author":{"gitId":"zengzihui"},"content":"                    newTodo.displayTask(tasks.size());","lastModifiedDate":"2024-01-31"},{"lineNumber":67,"author":{"gitId":"zengzihui"},"content":"                    System.out.println(horizontalLine);","lastModifiedDate":"2024-01-31"},{"lineNumber":68,"author":{"gitId":"zengzihui"},"content":"                } catch (DukeException e) {","lastModifiedDate":"2024-01-26"},{"lineNumber":69,"author":{"gitId":"zengzihui"},"content":"                    System.err.println(e.getMessage());","lastModifiedDate":"2024-01-31"},{"lineNumber":70,"author":{"gitId":"zengzihui"},"content":"                }","lastModifiedDate":"2024-01-26"},{"lineNumber":71,"author":{"gitId":"zengzihui"},"content":"                break;","lastModifiedDate":"2024-01-31"},{"lineNumber":72,"author":{"gitId":"zengzihui"},"content":"            case \"deadline\":","lastModifiedDate":"2024-01-31"},{"lineNumber":73,"author":{"gitId":"zengzihui"},"content":"                try {","lastModifiedDate":"2024-01-26"},{"lineNumber":74,"author":{"gitId":"zengzihui"},"content":"                    Task newDeadline \u003d createTask(input, \"deadline\");","lastModifiedDate":"2024-01-31"},{"lineNumber":75,"author":{"gitId":"zengzihui"},"content":"                    tasks.add(newDeadline);","lastModifiedDate":"2024-01-31"},{"lineNumber":76,"author":{"gitId":"zengzihui"},"content":"                    System.out.println(horizontalLine);","lastModifiedDate":"2024-01-31"},{"lineNumber":77,"author":{"gitId":"zengzihui"},"content":"                    newDeadline.displayTask(tasks.size());","lastModifiedDate":"2024-01-31"},{"lineNumber":78,"author":{"gitId":"zengzihui"},"content":"                    System.out.println(horizontalLine);","lastModifiedDate":"2024-01-31"},{"lineNumber":79,"author":{"gitId":"zengzihui"},"content":"                } catch (DukeException e) {","lastModifiedDate":"2024-01-31"},{"lineNumber":80,"author":{"gitId":"zengzihui"},"content":"                    System.err.println(e.getMessage());","lastModifiedDate":"2024-01-31"},{"lineNumber":81,"author":{"gitId":"zengzihui"},"content":"                } catch (DateTimeParseException e) {","lastModifiedDate":"2024-02-07"},{"lineNumber":82,"author":{"gitId":"zengzihui"},"content":"                    System.err.println(\"OPPS! The format for the inputted deadline is not accepted here. \" +","lastModifiedDate":"2024-02-07"},{"lineNumber":83,"author":{"gitId":"zengzihui"},"content":"                            \"Please follow this format: \u0027yyyy-MM-dd HHmm\u0027 when you are creating the task.\");","lastModifiedDate":"2024-02-07"},{"lineNumber":84,"author":{"gitId":"zengzihui"},"content":"                }","lastModifiedDate":"2024-01-26"},{"lineNumber":85,"author":{"gitId":"zengzihui"},"content":"                break;","lastModifiedDate":"2024-01-31"},{"lineNumber":86,"author":{"gitId":"zengzihui"},"content":"            case \"event\":","lastModifiedDate":"2024-01-31"},{"lineNumber":87,"author":{"gitId":"zengzihui"},"content":"                try {","lastModifiedDate":"2024-01-31"},{"lineNumber":88,"author":{"gitId":"zengzihui"},"content":"                    Task newEvent \u003d createTask(input, \"event\");","lastModifiedDate":"2024-01-31"},{"lineNumber":89,"author":{"gitId":"zengzihui"},"content":"                    tasks.add(newEvent);","lastModifiedDate":"2024-01-31"},{"lineNumber":90,"author":{"gitId":"zengzihui"},"content":"                    System.out.println(horizontalLine);","lastModifiedDate":"2024-01-31"},{"lineNumber":91,"author":{"gitId":"zengzihui"},"content":"                    newEvent.displayTask(tasks.size());","lastModifiedDate":"2024-01-31"},{"lineNumber":92,"author":{"gitId":"zengzihui"},"content":"                    System.out.println(horizontalLine);","lastModifiedDate":"2024-01-31"},{"lineNumber":93,"author":{"gitId":"zengzihui"},"content":"                } catch (DukeException e) {","lastModifiedDate":"2024-01-26"},{"lineNumber":94,"author":{"gitId":"zengzihui"},"content":"                    System.err.println(e.getMessage());","lastModifiedDate":"2024-01-31"},{"lineNumber":95,"author":{"gitId":"zengzihui"},"content":"                } catch (DateTimeParseException e) {","lastModifiedDate":"2024-02-07"},{"lineNumber":96,"author":{"gitId":"zengzihui"},"content":"                    System.err.println(\"OPPS! The format for the inputted start and end time is not accepted here. \" +","lastModifiedDate":"2024-02-07"},{"lineNumber":97,"author":{"gitId":"zengzihui"},"content":"                            \"Please follow this format: \u0027yyyy-MM-dd HHmm\u0027 when you are creating the task.\");","lastModifiedDate":"2024-02-07"},{"lineNumber":98,"author":{"gitId":"zengzihui"},"content":"                }","lastModifiedDate":"2024-01-25"},{"lineNumber":99,"author":{"gitId":"zengzihui"},"content":"                break;","lastModifiedDate":"2024-01-31"},{"lineNumber":100,"author":{"gitId":"zengzihui"},"content":"            case \"delete\":","lastModifiedDate":"2024-01-31"},{"lineNumber":101,"author":{"gitId":"zengzihui"},"content":"                try {","lastModifiedDate":"2024-01-26"},{"lineNumber":102,"author":{"gitId":"zengzihui"},"content":"                    delete(input, tasks, horizontalLine);","lastModifiedDate":"2024-01-31"},{"lineNumber":103,"author":{"gitId":"zengzihui"},"content":"                } catch (DukeException e) {","lastModifiedDate":"2024-01-26"},{"lineNumber":104,"author":{"gitId":"zengzihui"},"content":"                    System.err.println(e.getMessage());","lastModifiedDate":"2024-01-31"},{"lineNumber":105,"author":{"gitId":"zengzihui"},"content":"                } catch (NumberFormatException e) {","lastModifiedDate":"2024-01-31"},{"lineNumber":106,"author":{"gitId":"zengzihui"},"content":"                    System.err.println(\"Unable to parse the input as an integer. \"","lastModifiedDate":"2024-01-31"},{"lineNumber":107,"author":{"gitId":"zengzihui"},"content":"                            + \"Please put a number after \u0027delete\u0027.\");","lastModifiedDate":"2024-01-31"},{"lineNumber":108,"author":{"gitId":"zengzihui"},"content":"                }","lastModifiedDate":"2024-01-31"},{"lineNumber":109,"author":{"gitId":"zengzihui"},"content":"                break;","lastModifiedDate":"2024-01-31"},{"lineNumber":110,"author":{"gitId":"zengzihui"},"content":"            case \"save\":","lastModifiedDate":"2024-01-31"},{"lineNumber":111,"author":{"gitId":"zengzihui"},"content":"                save(path, tasks);","lastModifiedDate":"2024-01-31"},{"lineNumber":112,"author":{"gitId":"zengzihui"},"content":"                break;","lastModifiedDate":"2024-01-31"},{"lineNumber":113,"author":{"gitId":"zengzihui"},"content":"            default:","lastModifiedDate":"2024-01-31"},{"lineNumber":114,"author":{"gitId":"zengzihui"},"content":"                System.err.println(\"OOPS! This command doesn\u0027t exist. Retry!\");","lastModifiedDate":"2024-01-26"},{"lineNumber":115,"author":{"gitId":"zengzihui"},"content":"                break;","lastModifiedDate":"2024-01-31"},{"lineNumber":116,"author":{"gitId":"zengzihui"},"content":"            }","lastModifiedDate":"2024-01-26"},{"lineNumber":117,"author":{"gitId":"zengzihui"},"content":"        }","lastModifiedDate":"2024-01-25"},{"lineNumber":118,"author":{"gitId":"zengzihui"},"content":"        scanner.close();","lastModifiedDate":"2024-01-31"},{"lineNumber":119,"author":{"gitId":"zengzihui"},"content":"    }","lastModifiedDate":"2024-01-25"},{"lineNumber":120,"author":{"gitId":"zengzihui"},"content":"","lastModifiedDate":"2024-01-31"},{"lineNumber":121,"author":{"gitId":"zengzihui"},"content":"    public static List\u003cTask\u003e loadTasksFromFile(Path filePath) {","lastModifiedDate":"2024-01-31"},{"lineNumber":122,"author":{"gitId":"zengzihui"},"content":"        boolean directoryExists \u003d Files.exists(filePath);","lastModifiedDate":"2024-01-31"},{"lineNumber":123,"author":{"gitId":"zengzihui"},"content":"        List\u003cTask\u003e tasks \u003d new ArrayList\u003c\u003e();","lastModifiedDate":"2024-01-31"},{"lineNumber":124,"author":{"gitId":"zengzihui"},"content":"        if (directoryExists) {","lastModifiedDate":"2024-01-31"},{"lineNumber":125,"author":{"gitId":"zengzihui"},"content":"            try {","lastModifiedDate":"2024-01-25"},{"lineNumber":126,"author":{"gitId":"zengzihui"},"content":"                List\u003cString\u003e lines \u003d Files.readAllLines(filePath);","lastModifiedDate":"2024-01-31"},{"lineNumber":127,"author":{"gitId":"zengzihui"},"content":"                for (String line : lines) {","lastModifiedDate":"2024-01-31"},{"lineNumber":128,"author":{"gitId":"zengzihui"},"content":"                    try (Scanner scanner \u003d new Scanner(line)) {","lastModifiedDate":"2024-01-31"},{"lineNumber":129,"author":{"gitId":"zengzihui"},"content":"                        if (scanner.hasNext()) {","lastModifiedDate":"2024-01-31"},{"lineNumber":130,"author":{"gitId":"zengzihui"},"content":"                            String taskType \u003d scanner.next();","lastModifiedDate":"2024-01-31"},{"lineNumber":131,"author":{"gitId":"zengzihui"},"content":"                            switch (taskType) {","lastModifiedDate":"2024-01-31"},{"lineNumber":132,"author":{"gitId":"zengzihui"},"content":"                            case \"T\":","lastModifiedDate":"2024-01-31"},{"lineNumber":133,"author":{"gitId":"zengzihui"},"content":"                                tasks.add(convertToTodo(line));","lastModifiedDate":"2024-01-31"},{"lineNumber":134,"author":{"gitId":"zengzihui"},"content":"                                break;","lastModifiedDate":"2024-01-31"},{"lineNumber":135,"author":{"gitId":"zengzihui"},"content":"                            case \"D\":","lastModifiedDate":"2024-01-31"},{"lineNumber":136,"author":{"gitId":"zengzihui"},"content":"                                try {","lastModifiedDate":"2024-02-07"},{"lineNumber":137,"author":{"gitId":"zengzihui"},"content":"                                    tasks.add(convertToDeadline(line));","lastModifiedDate":"2024-01-31"},{"lineNumber":138,"author":{"gitId":"zengzihui"},"content":"                                } catch (DateTimeParseException e) {","lastModifiedDate":"2024-02-07"},{"lineNumber":139,"author":{"gitId":"zengzihui"},"content":"                                    System.err.println(\"OPPS! The format for the inputted deadline is not accepted here. \" +","lastModifiedDate":"2024-02-07"},{"lineNumber":140,"author":{"gitId":"zengzihui"},"content":"                                            \"Please follow this format: \u0027yyyy-MM-dd HHmm\u0027 when you are creating the task.\");","lastModifiedDate":"2024-02-07"},{"lineNumber":141,"author":{"gitId":"zengzihui"},"content":"                                }","lastModifiedDate":"2024-02-07"},{"lineNumber":142,"author":{"gitId":"zengzihui"},"content":"                                break;","lastModifiedDate":"2024-01-31"},{"lineNumber":143,"author":{"gitId":"zengzihui"},"content":"                            case \"E\":","lastModifiedDate":"2024-01-31"},{"lineNumber":144,"author":{"gitId":"zengzihui"},"content":"                                try {","lastModifiedDate":"2024-02-07"},{"lineNumber":145,"author":{"gitId":"zengzihui"},"content":"                                    tasks.add(convertToEvent(line));","lastModifiedDate":"2024-01-31"},{"lineNumber":146,"author":{"gitId":"zengzihui"},"content":"                                } catch (DateTimeParseException e) {","lastModifiedDate":"2024-02-07"},{"lineNumber":147,"author":{"gitId":"zengzihui"},"content":"                                    System.err.println(\"OPPS! The format for the inputted start and end time is not accepted here. \" +","lastModifiedDate":"2024-02-07"},{"lineNumber":148,"author":{"gitId":"zengzihui"},"content":"                                            \"Please follow this format: \u0027yyyy-MM-dd HHmm\u0027 when you are creating the task.\");","lastModifiedDate":"2024-02-07"},{"lineNumber":149,"author":{"gitId":"zengzihui"},"content":"                                }","lastModifiedDate":"2024-02-07"},{"lineNumber":150,"author":{"gitId":"zengzihui"},"content":"                                break;","lastModifiedDate":"2024-01-31"},{"lineNumber":151,"author":{"gitId":"zengzihui"},"content":"                            }","lastModifiedDate":"2024-01-26"},{"lineNumber":152,"author":{"gitId":"zengzihui"},"content":"                        }","lastModifiedDate":"2024-01-25"},{"lineNumber":153,"author":{"gitId":"zengzihui"},"content":"                    }","lastModifiedDate":"2024-01-25"},{"lineNumber":154,"author":{"gitId":"zengzihui"},"content":"                }","lastModifiedDate":"2024-01-26"},{"lineNumber":155,"author":{"gitId":"zengzihui"},"content":"                System.out.println(\"The file is loaded\");","lastModifiedDate":"2024-01-31"},{"lineNumber":156,"author":{"gitId":"zengzihui"},"content":"            } catch (IOException e) {","lastModifiedDate":"2024-01-31"},{"lineNumber":157,"author":{"gitId":"zengzihui"},"content":"                System.err.println(\"There is IO Exception for readAllLines.\");","lastModifiedDate":"2024-01-31"},{"lineNumber":158,"author":{"gitId":"zengzihui"},"content":"            }","lastModifiedDate":"2024-01-26"},{"lineNumber":159,"author":{"gitId":"zengzihui"},"content":"        }","lastModifiedDate":"2024-01-26"},{"lineNumber":160,"author":{"gitId":"zengzihui"},"content":"        return tasks;","lastModifiedDate":"2024-01-31"},{"lineNumber":161,"author":{"gitId":"zengzihui"},"content":"    }","lastModifiedDate":"2024-01-31"},{"lineNumber":162,"author":{"gitId":"zengzihui"},"content":"","lastModifiedDate":"2024-01-31"},{"lineNumber":163,"author":{"gitId":"zengzihui"},"content":"    public static ToDo convertToTodo(String string) {","lastModifiedDate":"2024-01-31"},{"lineNumber":164,"author":{"gitId":"zengzihui"},"content":"        String[] parts \u003d string.split(\"\\\\|\");","lastModifiedDate":"2024-01-31"},{"lineNumber":165,"author":{"gitId":"zengzihui"},"content":"        boolean status \u003d parts[1].trim().equals(\"1\");","lastModifiedDate":"2024-01-31"},{"lineNumber":166,"author":{"gitId":"zengzihui"},"content":"        String description \u003d parts[2].trim();","lastModifiedDate":"2024-01-31"},{"lineNumber":167,"author":{"gitId":"zengzihui"},"content":"        return new ToDo(description, status);","lastModifiedDate":"2024-01-31"},{"lineNumber":168,"author":{"gitId":"zengzihui"},"content":"    }","lastModifiedDate":"2024-01-31"},{"lineNumber":169,"author":{"gitId":"zengzihui"},"content":"","lastModifiedDate":"2024-01-31"},{"lineNumber":170,"author":{"gitId":"zengzihui"},"content":"    public static Deadline convertToDeadline(String string) throws DateTimeParseException{","lastModifiedDate":"2024-02-07"},{"lineNumber":171,"author":{"gitId":"zengzihui"},"content":"        String[] parts \u003d string.split(\"\\\\|\");","lastModifiedDate":"2024-01-31"},{"lineNumber":172,"author":{"gitId":"zengzihui"},"content":"        boolean status \u003d parts[1].trim().equals(\"1\");","lastModifiedDate":"2024-01-31"},{"lineNumber":173,"author":{"gitId":"zengzihui"},"content":"        String description \u003d parts[2].trim();","lastModifiedDate":"2024-01-31"},{"lineNumber":174,"author":{"gitId":"zengzihui"},"content":"        String deadlineStr \u003d parts[3].trim();","lastModifiedDate":"2024-02-07"},{"lineNumber":175,"author":{"gitId":"zengzihui"},"content":"        LocalDateTime deadline \u003d LocalDateTime.parse(deadlineStr, DATE_TIME_FORMATTER);","lastModifiedDate":"2024-02-07"},{"lineNumber":176,"author":{"gitId":"zengzihui"},"content":"        return new Deadline(description, status, deadline, DATE_TIME_FORMATTER_FOR_PRINT);","lastModifiedDate":"2024-02-07"},{"lineNumber":177,"author":{"gitId":"zengzihui"},"content":"    }","lastModifiedDate":"2024-01-31"},{"lineNumber":178,"author":{"gitId":"zengzihui"},"content":"","lastModifiedDate":"2024-01-31"},{"lineNumber":179,"author":{"gitId":"zengzihui"},"content":"    public static Event convertToEvent(String string) throws DateTimeParseException{","lastModifiedDate":"2024-02-07"},{"lineNumber":180,"author":{"gitId":"zengzihui"},"content":"        String[] parts \u003d string.split(\"\\\\|\");","lastModifiedDate":"2024-01-31"},{"lineNumber":181,"author":{"gitId":"zengzihui"},"content":"        boolean status \u003d parts[1].trim().equals(\"1\");","lastModifiedDate":"2024-01-31"},{"lineNumber":182,"author":{"gitId":"zengzihui"},"content":"        String description \u003d parts[2].trim();","lastModifiedDate":"2024-01-31"},{"lineNumber":183,"author":{"gitId":"zengzihui"},"content":"        String startTimeStr \u003d parts[3].trim();","lastModifiedDate":"2024-02-07"},{"lineNumber":184,"author":{"gitId":"zengzihui"},"content":"        String endTimeStr \u003d parts[4].trim();","lastModifiedDate":"2024-02-07"},{"lineNumber":185,"author":{"gitId":"zengzihui"},"content":"        LocalDateTime startTime \u003d LocalDateTime.parse(startTimeStr, DATE_TIME_FORMATTER);","lastModifiedDate":"2024-02-07"},{"lineNumber":186,"author":{"gitId":"zengzihui"},"content":"        LocalDateTime endTime \u003d LocalDateTime.parse(endTimeStr, DATE_TIME_FORMATTER);","lastModifiedDate":"2024-02-07"},{"lineNumber":187,"author":{"gitId":"zengzihui"},"content":"        return new Event(description, status, startTime, endTime, DATE_TIME_FORMATTER_FOR_PRINT);","lastModifiedDate":"2024-02-07"},{"lineNumber":188,"author":{"gitId":"zengzihui"},"content":"    }","lastModifiedDate":"2024-01-31"},{"lineNumber":189,"author":{"gitId":"zengzihui"},"content":"","lastModifiedDate":"2024-01-31"},{"lineNumber":190,"author":{"gitId":"zengzihui"},"content":"    public static void listTasks(List\u003cTask\u003e tasks, String horizontalLine) {","lastModifiedDate":"2024-01-31"},{"lineNumber":191,"author":{"gitId":"zengzihui"},"content":"        System.out.println(horizontalLine);","lastModifiedDate":"2024-01-25"},{"lineNumber":192,"author":{"gitId":"zengzihui"},"content":"        System.out.println(\"Here are the tasks in your list:\");","lastModifiedDate":"2024-01-31"},{"lineNumber":193,"author":{"gitId":"zengzihui"},"content":"        for (int i \u003d 0; i \u003c tasks.size(); i++) {","lastModifiedDate":"2024-01-31"},{"lineNumber":194,"author":{"gitId":"zengzihui"},"content":"            int j \u003d i + 1;","lastModifiedDate":"2024-01-31"},{"lineNumber":195,"author":{"gitId":"zengzihui"},"content":"            System.out.println(j + \".\" + tasks.get(i).toString());","lastModifiedDate":"2024-01-31"},{"lineNumber":196,"author":{"gitId":"zengzihui"},"content":"        }","lastModifiedDate":"2024-01-31"},{"lineNumber":197,"author":{"gitId":"zengzihui"},"content":"        System.out.println(horizontalLine);","lastModifiedDate":"2024-01-25"},{"lineNumber":198,"author":{"gitId":"zengzihui"},"content":"    }","lastModifiedDate":"2024-01-25"},{"lineNumber":199,"author":{"gitId":"zengzihui"},"content":"","lastModifiedDate":"2024-01-31"},{"lineNumber":200,"author":{"gitId":"zengzihui"},"content":"    public static void markTask(String number, List\u003cTask\u003e tasks, String horizontalLine) throws DukeException {","lastModifiedDate":"2024-01-31"},{"lineNumber":201,"author":{"gitId":"zengzihui"},"content":"        number \u003d number.trim();","lastModifiedDate":"2024-01-31"},{"lineNumber":202,"author":{"gitId":"zengzihui"},"content":"        if (number.isBlank()) {","lastModifiedDate":"2024-01-31"},{"lineNumber":203,"author":{"gitId":"zengzihui"},"content":"            throw new DukeException(\"Please state which task you want to mark.\");","lastModifiedDate":"2024-01-31"},{"lineNumber":204,"author":{"gitId":"zengzihui"},"content":"        }","lastModifiedDate":"2024-01-26"},{"lineNumber":205,"author":{"gitId":"zengzihui"},"content":"        int index \u003d Integer.parseInt(number) - 1;","lastModifiedDate":"2024-01-31"},{"lineNumber":206,"author":{"gitId":"zengzihui"},"content":"        if (index \u003e\u003d tasks.size() || index \u003c 0) {","lastModifiedDate":"2024-01-31"},{"lineNumber":207,"author":{"gitId":"zengzihui"},"content":"            throw new DukeException(\"Please look carefully. This task is not inside the task list.\");","lastModifiedDate":"2024-01-31"},{"lineNumber":208,"author":{"gitId":"zengzihui"},"content":"        }","lastModifiedDate":"2024-01-26"},{"lineNumber":209,"author":{"gitId":"zengzihui"},"content":"        tasks.get(index).markDone(horizontalLine);","lastModifiedDate":"2024-01-31"},{"lineNumber":210,"author":{"gitId":"zengzihui"},"content":"    }","lastModifiedDate":"2024-01-31"},{"lineNumber":211,"author":{"gitId":"zengzihui"},"content":"","lastModifiedDate":"2024-01-31"},{"lineNumber":212,"author":{"gitId":"zengzihui"},"content":"    public static void unmarkTask(String number, List\u003cTask\u003e tasks, String horizontalLine) throws DukeException {","lastModifiedDate":"2024-01-31"},{"lineNumber":213,"author":{"gitId":"zengzihui"},"content":"        number \u003d number.trim();","lastModifiedDate":"2024-01-31"},{"lineNumber":214,"author":{"gitId":"zengzihui"},"content":"        if (number.isBlank()) {","lastModifiedDate":"2024-01-31"},{"lineNumber":215,"author":{"gitId":"zengzihui"},"content":"            throw new DukeException(\"Please state which task you want to unmark.\");","lastModifiedDate":"2024-01-31"},{"lineNumber":216,"author":{"gitId":"zengzihui"},"content":"        }","lastModifiedDate":"2024-01-31"},{"lineNumber":217,"author":{"gitId":"zengzihui"},"content":"        int index \u003d Integer.parseInt(number) - 1;","lastModifiedDate":"2024-01-31"},{"lineNumber":218,"author":{"gitId":"zengzihui"},"content":"        if (index \u003e\u003d tasks.size() || index \u003c 0) {","lastModifiedDate":"2024-01-31"},{"lineNumber":219,"author":{"gitId":"zengzihui"},"content":"            throw new DukeException(\"Please look carefully. This task is not inside the task list.\");","lastModifiedDate":"2024-01-31"},{"lineNumber":220,"author":{"gitId":"zengzihui"},"content":"        }","lastModifiedDate":"2024-01-31"},{"lineNumber":221,"author":{"gitId":"zengzihui"},"content":"        tasks.get(index).unmark(horizontalLine);","lastModifiedDate":"2024-01-31"},{"lineNumber":222,"author":{"gitId":"zengzihui"},"content":"    }","lastModifiedDate":"2024-01-31"},{"lineNumber":223,"author":{"gitId":"zengzihui"},"content":"","lastModifiedDate":"2024-01-31"},{"lineNumber":224,"author":{"gitId":"zengzihui"},"content":"    public static Task createTask(String secondParts, String taskType) throws DukeException, DateTimeParseException {","lastModifiedDate":"2024-02-07"},{"lineNumber":225,"author":{"gitId":"zengzihui"},"content":"        Task newTask \u003d null;","lastModifiedDate":"2024-01-31"},{"lineNumber":226,"author":{"gitId":"zengzihui"},"content":"        if (secondParts.isBlank()) {","lastModifiedDate":"2024-01-31"},{"lineNumber":227,"author":{"gitId":"zengzihui"},"content":"            throw new DukeException(\"OOPS! The description of a \" + taskType + \" cannot be empty.\");","lastModifiedDate":"2024-01-31"},{"lineNumber":228,"author":{"gitId":"zengzihui"},"content":"        }","lastModifiedDate":"2024-01-31"},{"lineNumber":229,"author":{"gitId":"zengzihui"},"content":"        secondParts \u003d secondParts.trim();","lastModifiedDate":"2024-01-31"},{"lineNumber":230,"author":{"gitId":"zengzihui"},"content":"        switch (taskType) {","lastModifiedDate":"2024-01-31"},{"lineNumber":231,"author":{"gitId":"zengzihui"},"content":"        case \"todo\":","lastModifiedDate":"2024-01-31"},{"lineNumber":232,"author":{"gitId":"zengzihui"},"content":"            newTask \u003d new ToDo(secondParts);","lastModifiedDate":"2024-01-31"},{"lineNumber":233,"author":{"gitId":"zengzihui"},"content":"            break;","lastModifiedDate":"2024-01-31"},{"lineNumber":234,"author":{"gitId":"zengzihui"},"content":"        case \"deadline\":","lastModifiedDate":"2024-01-31"},{"lineNumber":235,"author":{"gitId":"zengzihui"},"content":"            if (!secondParts.contains(\"by\")) {","lastModifiedDate":"2024-01-31"},{"lineNumber":236,"author":{"gitId":"zengzihui"},"content":"                throw new DukeException(\"OOPS! \u0027by\u0027 keyword is missing. You are required \"","lastModifiedDate":"2024-01-31"},{"lineNumber":237,"author":{"gitId":"zengzihui"},"content":"                        + \"to state the deadline using the \u0027by\u0027 keyword.\");","lastModifiedDate":"2024-01-31"},{"lineNumber":238,"author":{"gitId":"zengzihui"},"content":"            }","lastModifiedDate":"2024-01-31"},{"lineNumber":239,"author":{"gitId":"zengzihui"},"content":"            String[] instruction \u003d secondParts.split(\" by \", 2);","lastModifiedDate":"2024-01-31"},{"lineNumber":240,"author":{"gitId":"zengzihui"},"content":"            if (instruction.length \u003c 2) {","lastModifiedDate":"2024-01-31"},{"lineNumber":241,"author":{"gitId":"zengzihui"},"content":"                if (secondParts.startsWith(\"by\")) {","lastModifiedDate":"2024-02-07"},{"lineNumber":242,"author":{"gitId":"zengzihui"},"content":"                    throw new DukeException(\"OOPS! You forget to write the task description. \" +","lastModifiedDate":"2024-02-07"},{"lineNumber":243,"author":{"gitId":"zengzihui"},"content":"                            \"Please follow this format: \u0027\u003ctask_description\u003e by \u003cdeadline\u003e\u0027 \" +","lastModifiedDate":"2024-02-07"},{"lineNumber":244,"author":{"gitId":"zengzihui"},"content":"                            \"in yyyy-mm-dd HHmm 24-hr format\");","lastModifiedDate":"2024-02-07"},{"lineNumber":245,"author":{"gitId":"zengzihui"},"content":"                }","lastModifiedDate":"2024-02-07"},{"lineNumber":246,"author":{"gitId":"zengzihui"},"content":"                throw new DukeException(\"OOPS! You forget to write do the task by when\");","lastModifiedDate":"2024-01-31"},{"lineNumber":247,"author":{"gitId":"zengzihui"},"content":"            }","lastModifiedDate":"2024-01-26"},{"lineNumber":248,"author":{"gitId":"zengzihui"},"content":"            String description \u003d instruction[0];","lastModifiedDate":"2024-01-25"},{"lineNumber":249,"author":{"gitId":"zengzihui"},"content":"            String deadlineStr \u003d instruction[1];","lastModifiedDate":"2024-02-07"},{"lineNumber":250,"author":{"gitId":"zengzihui"},"content":"            // convert deadline from string to DateTime","lastModifiedDate":"2024-02-07"},{"lineNumber":251,"author":{"gitId":"zengzihui"},"content":"            // Accepted date time format is yyyy-MM-dd HHmm","lastModifiedDate":"2024-02-07"},{"lineNumber":252,"author":{"gitId":"zengzihui"},"content":"            LocalDateTime deadline \u003d LocalDateTime.parse(deadlineStr, DATE_TIME_FORMATTER);","lastModifiedDate":"2024-02-07"},{"lineNumber":253,"author":{"gitId":"zengzihui"},"content":"            newTask \u003d new Deadline(description, deadline, DATE_TIME_FORMATTER_FOR_PRINT);","lastModifiedDate":"2024-02-07"},{"lineNumber":254,"author":{"gitId":"zengzihui"},"content":"            break;","lastModifiedDate":"2024-01-31"},{"lineNumber":255,"author":{"gitId":"zengzihui"},"content":"        case \"event\":","lastModifiedDate":"2024-01-31"},{"lineNumber":256,"author":{"gitId":"zengzihui"},"content":"            if (!secondParts.contains(\"from\") || !secondParts.contains(\"to\")) {","lastModifiedDate":"2024-01-31"},{"lineNumber":257,"author":{"gitId":"zengzihui"},"content":"                throw new DukeException(\"OOPS! \u0027from\u0027 and/or \u0027to\u0027 keywords are missing. You are required to \"","lastModifiedDate":"2024-01-31"},{"lineNumber":258,"author":{"gitId":"zengzihui"},"content":"                        + \"state the starting and ending time using these two keywords.\");","lastModifiedDate":"2024-01-31"},{"lineNumber":259,"author":{"gitId":"zengzihui"},"content":"            }","lastModifiedDate":"2024-01-26"},{"lineNumber":260,"author":{"gitId":"zengzihui"},"content":"            String[] e_instruction \u003d secondParts.split(\" from \", 2);","lastModifiedDate":"2024-01-31"},{"lineNumber":261,"author":{"gitId":"zengzihui"},"content":"            if (e_instruction.length \u003c 2) {","lastModifiedDate":"2024-01-31"},{"lineNumber":262,"author":{"gitId":"zengzihui"},"content":"                if (secondParts.startsWith(\"from\")) {","lastModifiedDate":"2024-02-07"},{"lineNumber":263,"author":{"gitId":"zengzihui"},"content":"                    throw new DukeException(\"OOPS! You forget to write the task description. \" +","lastModifiedDate":"2024-02-07"},{"lineNumber":264,"author":{"gitId":"zengzihui"},"content":"                            \"Please follow this format: \u0027\u003ctask_description\u003e from \u003cstart_time\u003e to \u003cend_time\u003e\u0027 \" +","lastModifiedDate":"2024-02-07"},{"lineNumber":265,"author":{"gitId":"zengzihui"},"content":"                            \"in yyyy-mm-dd HHmm 24-hr format \");","lastModifiedDate":"2024-02-07"},{"lineNumber":266,"author":{"gitId":"zengzihui"},"content":"                }","lastModifiedDate":"2024-02-07"},{"lineNumber":267,"author":{"gitId":"zengzihui"},"content":"                System.out.println(\"inside\");","lastModifiedDate":"2024-02-07"},{"lineNumber":268,"author":{"gitId":"zengzihui"},"content":"            } else if (e_instruction.length \u003c 3 \u0026\u0026 e_instruction[1].startsWith(\"to\")) {","lastModifiedDate":"2024-02-07"},{"lineNumber":269,"author":{"gitId":"zengzihui"},"content":"                throw new DukeException(\"OOPS! You forget to write the starting time of this event.\");","lastModifiedDate":"2024-01-31"},{"lineNumber":270,"author":{"gitId":"zengzihui"},"content":"            }","lastModifiedDate":"2024-01-31"},{"lineNumber":271,"author":{"gitId":"zengzihui"},"content":"            String e_description \u003d e_instruction[0];","lastModifiedDate":"2024-01-31"},{"lineNumber":272,"author":{"gitId":"zengzihui"},"content":"            String[] subInstruction \u003d e_instruction[1].split(\" to \", 2);","lastModifiedDate":"2024-01-31"},{"lineNumber":273,"author":{"gitId":"zengzihui"},"content":"            if (subInstruction.length \u003c 2) {","lastModifiedDate":"2024-01-31"},{"lineNumber":274,"author":{"gitId":"zengzihui"},"content":"                throw new DukeException(\"OOPS! You forget to write the ending time of this event.\");","lastModifiedDate":"2024-01-31"},{"lineNumber":275,"author":{"gitId":"zengzihui"},"content":"            }","lastModifiedDate":"2024-01-26"},{"lineNumber":276,"author":{"gitId":"zengzihui"},"content":"            String startTimeStr \u003d subInstruction[0];","lastModifiedDate":"2024-02-07"},{"lineNumber":277,"author":{"gitId":"zengzihui"},"content":"            String endTimeStr \u003d subInstruction[1];","lastModifiedDate":"2024-02-07"},{"lineNumber":278,"author":{"gitId":"zengzihui"},"content":"            // convert start and end time from string to DateTime","lastModifiedDate":"2024-02-07"},{"lineNumber":279,"author":{"gitId":"zengzihui"},"content":"            // Accepted date time format is yyyy-MM-dd HHmm","lastModifiedDate":"2024-02-07"},{"lineNumber":280,"author":{"gitId":"zengzihui"},"content":"            LocalDateTime startTime \u003d LocalDateTime.parse(startTimeStr, DATE_TIME_FORMATTER);","lastModifiedDate":"2024-02-07"},{"lineNumber":281,"author":{"gitId":"zengzihui"},"content":"            LocalDateTime endTime \u003d LocalDateTime.parse(endTimeStr, DATE_TIME_FORMATTER);","lastModifiedDate":"2024-02-07"},{"lineNumber":282,"author":{"gitId":"zengzihui"},"content":"            if (!startTime.isBefore(endTime)) {","lastModifiedDate":"2024-02-07"},{"lineNumber":283,"author":{"gitId":"zengzihui"},"content":"                throw new DukeException(\"The start time of the event has to be before the end time.\");","lastModifiedDate":"2024-02-07"},{"lineNumber":284,"author":{"gitId":"zengzihui"},"content":"            }","lastModifiedDate":"2024-02-07"},{"lineNumber":285,"author":{"gitId":"zengzihui"},"content":"            newTask \u003d new Event(e_description, startTime, endTime, DATE_TIME_FORMATTER_FOR_PRINT);","lastModifiedDate":"2024-02-07"},{"lineNumber":286,"author":{"gitId":"zengzihui"},"content":"            break;","lastModifiedDate":"2024-01-31"},{"lineNumber":287,"author":{"gitId":"zengzihui"},"content":"        }","lastModifiedDate":"2024-01-25"},{"lineNumber":288,"author":{"gitId":"zengzihui"},"content":"        return newTask;","lastModifiedDate":"2024-01-31"},{"lineNumber":289,"author":{"gitId":"zengzihui"},"content":"    }","lastModifiedDate":"2024-01-25"},{"lineNumber":290,"author":{"gitId":"zengzihui"},"content":"    public static void delete(String number, List\u003cTask\u003e tasks, String horizontalLine) throws DukeException {","lastModifiedDate":"2024-01-31"},{"lineNumber":291,"author":{"gitId":"zengzihui"},"content":"        number \u003d number.trim();","lastModifiedDate":"2024-01-31"},{"lineNumber":292,"author":{"gitId":"zengzihui"},"content":"        if (number.isBlank()) {","lastModifiedDate":"2024-01-31"},{"lineNumber":293,"author":{"gitId":"zengzihui"},"content":"            throw new DukeException(\"Please state which task you want to delete.\");","lastModifiedDate":"2024-01-31"},{"lineNumber":294,"author":{"gitId":"zengzihui"},"content":"        }","lastModifiedDate":"2024-01-24"},{"lineNumber":295,"author":{"gitId":"zengzihui"},"content":"        int index \u003d Integer.parseInt(number) - 1;","lastModifiedDate":"2024-01-31"},{"lineNumber":296,"author":{"gitId":"zengzihui"},"content":"        if (index \u003e\u003d tasks.size() || index \u003c 0) {","lastModifiedDate":"2024-01-31"},{"lineNumber":297,"author":{"gitId":"zengzihui"},"content":"            throw new DukeException(\"Please look carefully. This task is not inside the task list.\");","lastModifiedDate":"2024-01-31"},{"lineNumber":298,"author":{"gitId":"zengzihui"},"content":"        }","lastModifiedDate":"2024-01-24"},{"lineNumber":299,"author":{"gitId":"zengzihui"},"content":"        String taskStr \u003d tasks.get(index).toString();","lastModifiedDate":"2024-01-26"},{"lineNumber":300,"author":{"gitId":"zengzihui"},"content":"        tasks.remove(index);","lastModifiedDate":"2024-01-26"},{"lineNumber":301,"author":{"gitId":"zengzihui"},"content":"        System.out.println(horizontalLine);","lastModifiedDate":"2024-01-31"},{"lineNumber":302,"author":{"gitId":"zengzihui"},"content":"        System.out.println(\"Noted. I\u0027ve removed this task:\\n  \" + taskStr);","lastModifiedDate":"2024-01-31"},{"lineNumber":303,"author":{"gitId":"zengzihui"},"content":"        System.out.println(\"Now you have \" + tasks.size() + \" tasks in the list.\");","lastModifiedDate":"2024-01-26"},{"lineNumber":304,"author":{"gitId":"zengzihui"},"content":"        System.out.println(horizontalLine);","lastModifiedDate":"2024-01-31"},{"lineNumber":305,"author":{"gitId":"zengzihui"},"content":"    }","lastModifiedDate":"2024-01-31"},{"lineNumber":306,"author":{"gitId":"zengzihui"},"content":"","lastModifiedDate":"2024-01-31"},{"lineNumber":307,"author":{"gitId":"zengzihui"},"content":"    public static void save(Path path, List\u003cTask\u003e tasks) {","lastModifiedDate":"2024-01-31"},{"lineNumber":308,"author":{"gitId":"zengzihui"},"content":"        try {","lastModifiedDate":"2024-01-31"},{"lineNumber":309,"author":{"gitId":"zengzihui"},"content":"            List\u003cString\u003e taskStrList \u003d new ArrayList\u003cString\u003e();","lastModifiedDate":"2024-01-31"},{"lineNumber":310,"author":{"gitId":"zengzihui"},"content":"            if (!Files.exists(path)) {","lastModifiedDate":"2024-01-31"},{"lineNumber":311,"author":{"gitId":"zengzihui"},"content":"                Files.createDirectories(path.getParent());","lastModifiedDate":"2024-01-31"},{"lineNumber":312,"author":{"gitId":"zengzihui"},"content":"                Files.createFile(path);","lastModifiedDate":"2024-01-31"},{"lineNumber":313,"author":{"gitId":"zengzihui"},"content":"            }","lastModifiedDate":"2024-01-31"},{"lineNumber":314,"author":{"gitId":"zengzihui"},"content":"            for (Task task : tasks) {","lastModifiedDate":"2024-01-31"},{"lineNumber":315,"author":{"gitId":"zengzihui"},"content":"                String str \u003d task.convertToFileFormat(DATE_TIME_FORMATTER);","lastModifiedDate":"2024-02-07"},{"lineNumber":316,"author":{"gitId":"zengzihui"},"content":"                taskStrList.add(str);","lastModifiedDate":"2024-01-31"},{"lineNumber":317,"author":{"gitId":"zengzihui"},"content":"            }","lastModifiedDate":"2024-01-31"},{"lineNumber":318,"author":{"gitId":"zengzihui"},"content":"            String tasksStr \u003d String.join(\"\\n\", taskStrList);","lastModifiedDate":"2024-01-31"},{"lineNumber":319,"author":{"gitId":"zengzihui"},"content":"            Files.writeString(path, tasksStr);","lastModifiedDate":"2024-01-31"},{"lineNumber":320,"author":{"gitId":"zengzihui"},"content":"            System.out.println(\"It is successfully saved!\");","lastModifiedDate":"2024-01-31"},{"lineNumber":321,"author":{"gitId":"zengzihui"},"content":"        } catch (IOException e) {","lastModifiedDate":"2024-01-31"},{"lineNumber":322,"author":{"gitId":"zengzihui"},"content":"            System.err.println(\"There are some error in saving. Try again\");","lastModifiedDate":"2024-01-31"},{"lineNumber":323,"author":{"gitId":"zengzihui"},"content":"        }","lastModifiedDate":"2024-01-31"},{"lineNumber":324,"author":{"gitId":"zengzihui"},"content":"    }","lastModifiedDate":"2024-01-26"},{"lineNumber":325,"author":{"gitId":"zengzihui"},"content":"    public static void printGreeting(String chatbotName, String horizontalLine) {","lastModifiedDate":"2024-02-07"},{"lineNumber":326,"author":{"gitId":"zengzihui"},"content":"        System.out.println(horizontalLine);","lastModifiedDate":"2024-01-24"},{"lineNumber":327,"author":{"gitId":"zengzihui"},"content":"        System.out.println(\"Hello! I\u0027m \" + chatbotName + \"\\nWhat can I do for you?\");","lastModifiedDate":"2024-01-31"},{"lineNumber":328,"author":{"gitId":"zengzihui"},"content":"        System.out.println(horizontalLine);","lastModifiedDate":"2024-01-24"},{"lineNumber":329,"author":{"gitId":"zengzihui"},"content":"    }","lastModifiedDate":"2024-01-24"},{"lineNumber":330,"author":{"gitId":"zengzihui"},"content":"","lastModifiedDate":"2024-01-24"},{"lineNumber":331,"author":{"gitId":"zengzihui"},"content":"    public static void print_Ending(String horizontalLine) {","lastModifiedDate":"2024-02-07"},{"lineNumber":332,"author":{"gitId":"zengzihui"},"content":"        System.out.println(horizontalLine);","lastModifiedDate":"2024-01-25"},{"lineNumber":333,"author":{"gitId":"zengzihui"},"content":"        System.out.println(\"Bye. Hope to see you again soon!\");","lastModifiedDate":"2024-01-24"},{"lineNumber":334,"author":{"gitId":"zengzihui"},"content":"        System.out.println(horizontalLine);","lastModifiedDate":"2024-01-24"},{"lineNumber":335,"author":{"gitId":"-"},"content":"    }","lastModifiedDate":"2019-07-29"},{"lineNumber":336,"author":{"gitId":"-"},"content":"}","lastModifiedDate":"2019-07-29"}],"authorContributionMap":{"zengzihui":332,"-":4}},{"path":"src/main/java/DukeException.java","fileType":"java","lines":[{"lineNumber":1,"author":{"gitId":"zengzihui"},"content":"public class DukeException extends Exception {","lastModifiedDate":"2024-01-25"},{"lineNumber":2,"author":{"gitId":"zengzihui"},"content":"    public DukeException() {","lastModifiedDate":"2024-01-25"},{"lineNumber":3,"author":{"gitId":"zengzihui"},"content":"        super() ;","lastModifiedDate":"2024-01-25"},{"lineNumber":4,"author":{"gitId":"zengzihui"},"content":"    }","lastModifiedDate":"2024-01-25"},{"lineNumber":5,"author":{"gitId":"zengzihui"},"content":"","lastModifiedDate":"2024-01-25"},{"lineNumber":6,"author":{"gitId":"zengzihui"},"content":"    public DukeException(String errorMessage) {","lastModifiedDate":"2024-01-25"},{"lineNumber":7,"author":{"gitId":"zengzihui"},"content":"        super(errorMessage);","lastModifiedDate":"2024-01-25"},{"lineNumber":8,"author":{"gitId":"zengzihui"},"content":"    }","lastModifiedDate":"2024-01-25"},{"lineNumber":9,"author":{"gitId":"zengzihui"},"content":"}","lastModifiedDate":"2024-01-25"}],"authorContributionMap":{"zengzihui":9}},{"path":"src/main/java/Event.java","fileType":"java","lines":[{"lineNumber":1,"author":{"gitId":"zengzihui"},"content":"import java.time.LocalDateTime;","lastModifiedDate":"2024-02-07"},{"lineNumber":2,"author":{"gitId":"zengzihui"},"content":"import java.time.format.DateTimeFormatter;","lastModifiedDate":"2024-02-07"},{"lineNumber":3,"author":{"gitId":"zengzihui"},"content":"","lastModifiedDate":"2024-02-07"},{"lineNumber":4,"author":{"gitId":"zengzihui"},"content":"public class Event extends Task{","lastModifiedDate":"2024-01-25"},{"lineNumber":5,"author":{"gitId":"zengzihui"},"content":"    private final LocalDateTime start;","lastModifiedDate":"2024-02-07"},{"lineNumber":6,"author":{"gitId":"zengzihui"},"content":"    private final LocalDateTime end;","lastModifiedDate":"2024-02-07"},{"lineNumber":7,"author":{"gitId":"zengzihui"},"content":"","lastModifiedDate":"2024-02-07"},{"lineNumber":8,"author":{"gitId":"zengzihui"},"content":"    private DateTimeFormatter printFormatter;","lastModifiedDate":"2024-02-07"},{"lineNumber":9,"author":{"gitId":"zengzihui"},"content":"    public Event(String description, LocalDateTime start, LocalDateTime end, DateTimeFormatter formatter) {","lastModifiedDate":"2024-02-07"},{"lineNumber":10,"author":{"gitId":"zengzihui"},"content":"        super(description);","lastModifiedDate":"2024-01-25"},{"lineNumber":11,"author":{"gitId":"zengzihui"},"content":"        this.start \u003d start;","lastModifiedDate":"2024-01-25"},{"lineNumber":12,"author":{"gitId":"zengzihui"},"content":"        this.end \u003d end;","lastModifiedDate":"2024-01-25"},{"lineNumber":13,"author":{"gitId":"zengzihui"},"content":"        this.printFormatter \u003d formatter;","lastModifiedDate":"2024-02-07"},{"lineNumber":14,"author":{"gitId":"zengzihui"},"content":"    }","lastModifiedDate":"2024-01-25"},{"lineNumber":15,"author":{"gitId":"zengzihui"},"content":"","lastModifiedDate":"2024-01-25"},{"lineNumber":16,"author":{"gitId":"zengzihui"},"content":"    public Event(String description, Boolean status, LocalDateTime start, LocalDateTime end, DateTimeFormatter formatter) {","lastModifiedDate":"2024-02-07"},{"lineNumber":17,"author":{"gitId":"zengzihui"},"content":"        super(description, status);","lastModifiedDate":"2024-01-31"},{"lineNumber":18,"author":{"gitId":"zengzihui"},"content":"        this.start \u003d start;","lastModifiedDate":"2024-01-31"},{"lineNumber":19,"author":{"gitId":"zengzihui"},"content":"        this.end \u003d end;","lastModifiedDate":"2024-01-31"},{"lineNumber":20,"author":{"gitId":"zengzihui"},"content":"        this.printFormatter \u003d formatter;","lastModifiedDate":"2024-02-07"},{"lineNumber":21,"author":{"gitId":"zengzihui"},"content":"    }","lastModifiedDate":"2024-01-31"},{"lineNumber":22,"author":{"gitId":"zengzihui"},"content":"","lastModifiedDate":"2024-01-31"},{"lineNumber":23,"author":{"gitId":"zengzihui"},"content":"    @Override","lastModifiedDate":"2024-01-25"},{"lineNumber":24,"author":{"gitId":"zengzihui"},"content":"    public String toString() {","lastModifiedDate":"2024-01-25"},{"lineNumber":25,"author":{"gitId":"zengzihui"},"content":"        return \"[E]\" + super.toString() + \" (from: \" + this.start.format(this.printFormatter)","lastModifiedDate":"2024-02-07"},{"lineNumber":26,"author":{"gitId":"zengzihui"},"content":"                + \" to: \" + this.end.format(this.printFormatter) + \")\";","lastModifiedDate":"2024-02-07"},{"lineNumber":27,"author":{"gitId":"zengzihui"},"content":"    }","lastModifiedDate":"2024-01-25"},{"lineNumber":28,"author":{"gitId":"zengzihui"},"content":"","lastModifiedDate":"2024-01-31"},{"lineNumber":29,"author":{"gitId":"zengzihui"},"content":"    @Override","lastModifiedDate":"2024-01-31"},{"lineNumber":30,"author":{"gitId":"zengzihui"},"content":"    public String convertToFileFormat(DateTimeFormatter storeFormatter) {","lastModifiedDate":"2024-02-07"},{"lineNumber":31,"author":{"gitId":"zengzihui"},"content":"        return \"E | \" + super.convertToFileFormat(storeFormatter) + \" | \" + this.start.format(storeFormatter)","lastModifiedDate":"2024-02-07"},{"lineNumber":32,"author":{"gitId":"zengzihui"},"content":"                + \" | \" + this.end.format(storeFormatter);","lastModifiedDate":"2024-02-07"},{"lineNumber":33,"author":{"gitId":"zengzihui"},"content":"    }","lastModifiedDate":"2024-01-31"},{"lineNumber":34,"author":{"gitId":"zengzihui"},"content":"}","lastModifiedDate":"2024-01-25"}],"authorContributionMap":{"zengzihui":34}},{"path":"src/main/java/Task.java","fileType":"java","lines":[{"lineNumber":1,"author":{"gitId":"zengzihui"},"content":"import java.time.format.DateTimeFormatter;","lastModifiedDate":"2024-02-07"},{"lineNumber":2,"author":{"gitId":"zengzihui"},"content":"","lastModifiedDate":"2024-02-07"},{"lineNumber":3,"author":{"gitId":"zengzihui"},"content":"public class Task {","lastModifiedDate":"2024-01-25"},{"lineNumber":4,"author":{"gitId":"zengzihui"},"content":"    private String description;","lastModifiedDate":"2024-01-25"},{"lineNumber":5,"author":{"gitId":"zengzihui"},"content":"    private boolean isDone;","lastModifiedDate":"2024-01-25"},{"lineNumber":6,"author":{"gitId":"zengzihui"},"content":"","lastModifiedDate":"2024-01-25"},{"lineNumber":7,"author":{"gitId":"zengzihui"},"content":"    public Task(String description) {","lastModifiedDate":"2024-01-25"},{"lineNumber":8,"author":{"gitId":"zengzihui"},"content":"        this.description \u003d description;","lastModifiedDate":"2024-01-25"},{"lineNumber":9,"author":{"gitId":"zengzihui"},"content":"        this.isDone \u003d false;","lastModifiedDate":"2024-01-25"},{"lineNumber":10,"author":{"gitId":"zengzihui"},"content":"    }","lastModifiedDate":"2024-01-25"},{"lineNumber":11,"author":{"gitId":"zengzihui"},"content":"","lastModifiedDate":"2024-01-25"},{"lineNumber":12,"author":{"gitId":"zengzihui"},"content":"    public Task(String description, boolean status) {","lastModifiedDate":"2024-01-31"},{"lineNumber":13,"author":{"gitId":"zengzihui"},"content":"        this.description \u003d description;","lastModifiedDate":"2024-01-31"},{"lineNumber":14,"author":{"gitId":"zengzihui"},"content":"        this.isDone \u003d status;","lastModifiedDate":"2024-01-31"},{"lineNumber":15,"author":{"gitId":"zengzihui"},"content":"    }","lastModifiedDate":"2024-01-31"},{"lineNumber":16,"author":{"gitId":"zengzihui"},"content":"","lastModifiedDate":"2024-01-31"},{"lineNumber":17,"author":{"gitId":"zengzihui"},"content":"    public String getStatusIcon() {","lastModifiedDate":"2024-01-25"},{"lineNumber":18,"author":{"gitId":"zengzihui"},"content":"        return (isDone ? \"[X]\" : \"[ ]\");","lastModifiedDate":"2024-01-25"},{"lineNumber":19,"author":{"gitId":"zengzihui"},"content":"    }","lastModifiedDate":"2024-01-25"},{"lineNumber":20,"author":{"gitId":"zengzihui"},"content":"","lastModifiedDate":"2024-01-25"},{"lineNumber":21,"author":{"gitId":"zengzihui"},"content":"    public void markDone(String line) {","lastModifiedDate":"2024-01-25"},{"lineNumber":22,"author":{"gitId":"zengzihui"},"content":"        isDone \u003d true;","lastModifiedDate":"2024-01-25"},{"lineNumber":23,"author":{"gitId":"zengzihui"},"content":"        System.out.println(line);","lastModifiedDate":"2024-01-25"},{"lineNumber":24,"author":{"gitId":"zengzihui"},"content":"        System.out.println(\"Nice! I\u0027ve marked this task as done:\");","lastModifiedDate":"2024-01-25"},{"lineNumber":25,"author":{"gitId":"zengzihui"},"content":"        System.out.println(this.toString());","lastModifiedDate":"2024-01-25"},{"lineNumber":26,"author":{"gitId":"zengzihui"},"content":"        System.out.println(line);","lastModifiedDate":"2024-01-25"},{"lineNumber":27,"author":{"gitId":"zengzihui"},"content":"    }","lastModifiedDate":"2024-01-25"},{"lineNumber":28,"author":{"gitId":"zengzihui"},"content":"","lastModifiedDate":"2024-01-25"},{"lineNumber":29,"author":{"gitId":"zengzihui"},"content":"    public void unmark(String line) {","lastModifiedDate":"2024-01-25"},{"lineNumber":30,"author":{"gitId":"zengzihui"},"content":"        isDone \u003d false;","lastModifiedDate":"2024-01-25"},{"lineNumber":31,"author":{"gitId":"zengzihui"},"content":"        System.out.println(line);","lastModifiedDate":"2024-01-25"},{"lineNumber":32,"author":{"gitId":"zengzihui"},"content":"        System.out.println(\"OK, I\u0027ve marked this task as not done yet:\");","lastModifiedDate":"2024-01-25"},{"lineNumber":33,"author":{"gitId":"zengzihui"},"content":"        System.out.println(this.toString());","lastModifiedDate":"2024-01-25"},{"lineNumber":34,"author":{"gitId":"zengzihui"},"content":"        System.out.println(line);","lastModifiedDate":"2024-01-25"},{"lineNumber":35,"author":{"gitId":"zengzihui"},"content":"    }","lastModifiedDate":"2024-01-25"},{"lineNumber":36,"author":{"gitId":"zengzihui"},"content":"","lastModifiedDate":"2024-01-25"},{"lineNumber":37,"author":{"gitId":"zengzihui"},"content":"    public void displayTask(int size) {","lastModifiedDate":"2024-01-25"},{"lineNumber":38,"author":{"gitId":"zengzihui"},"content":"        System.out.println(\"Got it. I\u0027ve added this task:\");","lastModifiedDate":"2024-01-25"},{"lineNumber":39,"author":{"gitId":"zengzihui"},"content":"        System.out.println(\"  \" + this.toString());","lastModifiedDate":"2024-01-25"},{"lineNumber":40,"author":{"gitId":"zengzihui"},"content":"        System.out.println(\"Now you have \" + size + \" tasks in the list.\");","lastModifiedDate":"2024-01-25"},{"lineNumber":41,"author":{"gitId":"zengzihui"},"content":"    }","lastModifiedDate":"2024-01-25"},{"lineNumber":42,"author":{"gitId":"zengzihui"},"content":"","lastModifiedDate":"2024-01-25"},{"lineNumber":43,"author":{"gitId":"zengzihui"},"content":"    @Override","lastModifiedDate":"2024-01-25"},{"lineNumber":44,"author":{"gitId":"zengzihui"},"content":"    public String toString() {","lastModifiedDate":"2024-01-25"},{"lineNumber":45,"author":{"gitId":"zengzihui"},"content":"        return getStatusIcon() + \" \" + description;","lastModifiedDate":"2024-01-25"},{"lineNumber":46,"author":{"gitId":"zengzihui"},"content":"    }","lastModifiedDate":"2024-01-25"},{"lineNumber":47,"author":{"gitId":"zengzihui"},"content":"    public String convertToFileFormat(DateTimeFormatter storeFormatter) {","lastModifiedDate":"2024-02-07"},{"lineNumber":48,"author":{"gitId":"zengzihui"},"content":"        return (isDone ? \"1\" : \"0\") + \" | \" + description;","lastModifiedDate":"2024-01-31"},{"lineNumber":49,"author":{"gitId":"zengzihui"},"content":"    }","lastModifiedDate":"2024-01-31"},{"lineNumber":50,"author":{"gitId":"zengzihui"},"content":"}","lastModifiedDate":"2024-01-25"}],"authorContributionMap":{"zengzihui":50}},{"path":"src/main/java/ToDo.java","fileType":"java","lines":[{"lineNumber":1,"author":{"gitId":"zengzihui"},"content":"import java.time.format.DateTimeFormatter;","lastModifiedDate":"2024-02-07"},{"lineNumber":2,"author":{"gitId":"zengzihui"},"content":"","lastModifiedDate":"2024-02-07"},{"lineNumber":3,"author":{"gitId":"zengzihui"},"content":"public class ToDo extends Task{","lastModifiedDate":"2024-01-25"},{"lineNumber":4,"author":{"gitId":"zengzihui"},"content":"    public ToDo (String description) {","lastModifiedDate":"2024-01-25"},{"lineNumber":5,"author":{"gitId":"zengzihui"},"content":"        super(description);","lastModifiedDate":"2024-01-25"},{"lineNumber":6,"author":{"gitId":"zengzihui"},"content":"    }","lastModifiedDate":"2024-01-25"},{"lineNumber":7,"author":{"gitId":"zengzihui"},"content":"","lastModifiedDate":"2024-01-25"},{"lineNumber":8,"author":{"gitId":"zengzihui"},"content":"    public ToDo (String description, Boolean status) {","lastModifiedDate":"2024-01-31"},{"lineNumber":9,"author":{"gitId":"zengzihui"},"content":"        super(description, status);","lastModifiedDate":"2024-01-31"},{"lineNumber":10,"author":{"gitId":"zengzihui"},"content":"    }","lastModifiedDate":"2024-01-31"},{"lineNumber":11,"author":{"gitId":"zengzihui"},"content":"","lastModifiedDate":"2024-01-31"},{"lineNumber":12,"author":{"gitId":"zengzihui"},"content":"","lastModifiedDate":"2024-01-31"},{"lineNumber":13,"author":{"gitId":"zengzihui"},"content":"    @Override","lastModifiedDate":"2024-01-25"},{"lineNumber":14,"author":{"gitId":"zengzihui"},"content":"    public String toString() {","lastModifiedDate":"2024-01-25"},{"lineNumber":15,"author":{"gitId":"zengzihui"},"content":"        return \"[T]\" + super.toString();","lastModifiedDate":"2024-01-25"},{"lineNumber":16,"author":{"gitId":"zengzihui"},"content":"    }","lastModifiedDate":"2024-01-25"},{"lineNumber":17,"author":{"gitId":"zengzihui"},"content":"","lastModifiedDate":"2024-01-31"},{"lineNumber":18,"author":{"gitId":"zengzihui"},"content":"    @Override","lastModifiedDate":"2024-01-31"},{"lineNumber":19,"author":{"gitId":"zengzihui"},"content":"    public String convertToFileFormat(DateTimeFormatter storeFormatter) {","lastModifiedDate":"2024-02-07"},{"lineNumber":20,"author":{"gitId":"zengzihui"},"content":"        return \"T | \" + super.convertToFileFormat(storeFormatter);","lastModifiedDate":"2024-02-07"},{"lineNumber":21,"author":{"gitId":"zengzihui"},"content":"    }","lastModifiedDate":"2024-01-31"},{"lineNumber":22,"author":{"gitId":"zengzihui"},"content":"}","lastModifiedDate":"2024-01-25"}],"authorContributionMap":{"zengzihui":22}},{"path":"text-ui-test/input.txt","fileType":"txt","lines":[{"lineNumber":1,"author":{"gitId":"zengzihui"},"content":"todo borrow book","lastModifiedDate":"2024-01-25"},{"lineNumber":2,"author":{"gitId":"zengzihui"},"content":"deadline return book by this monday","lastModifiedDate":"2024-01-25"},{"lineNumber":3,"author":{"gitId":"zengzihui"},"content":"event project meeting from 5pm to 7pm","lastModifiedDate":"2024-01-25"},{"lineNumber":4,"author":{"gitId":"zengzihui"},"content":"list","lastModifiedDate":"2024-01-25"},{"lineNumber":5,"author":{"gitId":"zengzihui"},"content":"mark 3","lastModifiedDate":"2024-01-25"},{"lineNumber":6,"author":{"gitId":"zengzihui"},"content":"list","lastModifiedDate":"2024-01-25"},{"lineNumber":7,"author":{"gitId":"zengzihui"},"content":"unmark 3","lastModifiedDate":"2024-01-25"},{"lineNumber":8,"author":{"gitId":"zengzihui"},"content":"list","lastModifiedDate":"2024-01-25"}],"authorContributionMap":{"zengzihui":8}}]
