{"authorDailyContributionsMap":{"justinlengch":[{"date":"2024-01-25","commitResults":[{"hash":"84aaa86a7b7831e562c292936b4ce0ac5e826b7f","isMergeCommit":false,"messageTitle":"did level 0 increments","messageBody":"","tags":["Level-0"],"fileTypesAndContributionMap":{"java":{"insertions":34,"deletions":0}}}]},{"date":"2024-01-27","commitResults":[{"hash":"64d32992d93a0bf7944d5208ccffd75b2b7e4f8d","isMergeCommit":false,"messageTitle":"added level 1 Echo","messageBody":"","tags":["Level-1"],"fileTypesAndContributionMap":{"java":{"insertions":18,"deletions":3}}},{"hash":"f72af9645de166f09361db15ed9f9c2c36a8bae2","isMergeCommit":false,"messageTitle":"level-2 increments","messageBody":"","tags":["Level-2"],"fileTypesAndContributionMap":{"java":{"insertions":28,"deletions":3}}}]},{"date":"2024-01-29","commitResults":[{"hash":"3a9a397a6d5af2b5cbcfb22e291bf9bcb8808492","isMergeCommit":false,"messageTitle":"did level 3 increments","messageBody":"","tags":["Level-3"],"fileTypesAndContributionMap":{"java":{"insertions":76,"deletions":10}}},{"hash":"1e41f4c9541bcbb628410227ff8cc5d8c1a2bd95","isMergeCommit":false,"messageTitle":"made level 4 increments and added a input command identifier","messageBody":"","tags":["Level-4"],"fileTypesAndContributionMap":{"java":{"insertions":253,"deletions":39}}},{"hash":"0241c25bf28a3951e84d04a8e60f37f96c7f4999","isMergeCommit":false,"messageTitle":"A-TextUiTesting increment","messageBody":"","tags":["A-TextUiTesting"],"fileTypesAndContributionMap":{"txt":{"insertions":6,"deletions":0},"bat":{"insertions":1,"deletions":1}}},{"hash":"dcb07e1fe6f6b5002a8f7d6ad81d6734e85b898f","isMergeCommit":false,"messageTitle":"changed back bot name to Duke","messageBody":"","fileTypesAndContributionMap":{"java":{"insertions":75,"deletions":88}}},{"hash":"f925715a38f4a8a733f220dcb461be696ccb6840","isMergeCommit":false,"messageTitle":"added exceptions handling","messageBody":"","tags":["Level-5"],"fileTypesAndContributionMap":{"java":{"insertions":87,"deletions":57}}},{"hash":"ed549e09a3f170b00890a7b396456618e5dec846","isMergeCommit":false,"messageTitle":"ArrayList already used early on. Added delete tasks command.","messageBody":"","tags":["Level-6"],"fileTypesAndContributionMap":{"java":{"insertions":22,"deletions":1}}}]},{"date":"2024-02-09","commitResults":[{"hash":"1c56fb75d132ce2306b67aaa233f2d118e4c6457","isMergeCommit":false,"messageTitle":"did level-7 save, and cleanup Duke.java","messageBody":"","tags":["Level-7"],"fileTypesAndContributionMap":{"java":{"insertions":158,"deletions":60}}}]},{"date":"2024-02-11","commitResults":[{"hash":"359df499a894bdd8e20c91e1892a4795e1a03776","isMergeCommit":false,"messageTitle":"Level 8 date time and cleaned up exceptions","messageBody":"","fileTypesAndContributionMap":{"java":{"insertions":211,"deletions":148}}},{"hash":"f020b1032255e19d3c387daaf34a8adf9f5b0634","isMergeCommit":false,"messageTitle":"added level-8 increments","messageBody":"","fileTypesAndContributionMap":{"java":{"insertions":36,"deletions":17}}},{"hash":"9b98e1c6760f547fab12eeb055fbbff302c775dd","isMergeCommit":true,"messageTitle":"Merge branch \u0027branch-Level-7\u0027","messageBody":"","fileTypesAndContributionMap":{}},{"hash":"677161049a46b05deafdf7d8a26d47956c1eb76d","isMergeCommit":true,"messageTitle":"Merge branch \u0027branch-Level-8\u0027","messageBody":"","tags":["Level-8"],"fileTypesAndContributionMap":{}}]},{"date":"2024-02-12","commitResults":[{"hash":"013ee3b68f5bf3364bc25871cf6d88c48070541b","isMergeCommit":false,"messageTitle":"did more oop stuff","messageBody":"","fileTypesAndContributionMap":{"txt":{"insertions":29,"deletions":0},"java":{"insertions":538,"deletions":311}}}]},{"date":"2024-02-13","commitResults":[{"hash":"c3a95fc4517b706f6e10a9d6f97b30b038400db1","isMergeCommit":true,"messageTitle":"Merge branch \u0027A-MoreOOP\u0027","messageBody":"","tags":["A-MoreOOP"],"fileTypesAndContributionMap":{}},{"hash":"d48f2a78670a0dcee1f3afe211e7dcf3a789eabd","isMergeCommit":false,"messageTitle":"put .java files in respective packages","messageBody":"","fileTypesAndContributionMap":{"java":{"insertions":146,"deletions":159}}},{"hash":"e799829ae45debc7690ad3f3c2a8942ccd0e67c7","isMergeCommit":false,"messageTitle":"added .java files into their respective packages","messageBody":"","fileTypesAndContributionMap":{"java":{"insertions":124,"deletions":139}}},{"hash":"bdd72ad550a1a70f6d22d857c3d7a264c0d6dc91","isMergeCommit":true,"messageTitle":"fix conflict issues","messageBody":"","tags":["A-Packages"],"fileTypesAndContributionMap":{}},{"hash":"48f13efde913b2f5682e94c73414f4466126611c","isMergeCommit":false,"messageTitle":"pushed text-ui-test files","messageBody":"","fileTypesAndContributionMap":{"sh":{"insertions":1,"deletions":1}}},{"hash":"67fe7e39837580d840ccccb609281b07f74d7329","isMergeCommit":true,"messageTitle":"Merge remote-tracking branch \u0027origin/add-gradle-support\u0027","messageBody":"","fileTypesAndContributionMap":{}},{"hash":"7360ac1ca3062e5b5fac3f5a6d6aa311561cfd77","isMergeCommit":false,"messageTitle":"Added Gradle support","messageBody":"","fileTypesAndContributionMap":{"txt":{"insertions":1,"deletions":1},"md":{"insertions":2,"deletions":2}}},{"hash":"e86915765e2f0df6ac989e549736ef278d0966b7","isMergeCommit":true,"messageTitle":"Merge branch \u0027branch-A-Gradle\u0027","messageBody":"","tags":["A-Gradle"],"fileTypesAndContributionMap":{}},{"hash":"48c07ba96a7771e39f7f68f803b7b78ef0a72dc5","isMergeCommit":false,"messageTitle":"created JUnit tests to test 4 non-trivial methods","messageBody":"","fileTypesAndContributionMap":{"txt":{"insertions":2,"deletions":0},"java":{"insertions":146,"deletions":40}}},{"hash":"aa665845fb85f7e36192e9270e37185480d5a374","isMergeCommit":true,"messageTitle":"Merge branch \u0027branch-A-JUnit\u0027","messageBody":"","tags":["A-jar","A-JUnit"],"fileTypesAndContributionMap":{}}]},{"date":"2024-02-14","commitResults":[{"hash":"c902560d83fd7c9124eeb78a9043389201813af0","isMergeCommit":false,"messageTitle":"edit stuff to make jar work","messageBody":"","fileTypesAndContributionMap":{"gradle":{"insertions":11,"deletions":1},"txt":{"insertions":0,"deletions":0},"java":{"insertions":37,"deletions":17}}},{"hash":"8674ee442fdaee8c1698e5719468dd1b5d665fc9","isMergeCommit":true,"messageTitle":"Merge branch \u0027branch-A-jar\u0027","messageBody":"","fileTypesAndContributionMap":{}}]},{"date":"2024-02-15","commitResults":[{"hash":"9d7d635f98be40fae117bcfbed7381be2aa870f6","isMergeCommit":false,"messageTitle":"added javadoc for all methods","messageBody":"","fileTypesAndContributionMap":{"java":{"insertions":807,"deletions":28}}},{"hash":"7ac193efc8868e5e55149bca2ecbf1b7993dda28","isMergeCommit":false,"messageTitle":"edited code based on SonarLint coding standard","messageBody":"","fileTypesAndContributionMap":{"java":{"insertions":63,"deletions":115}}}]},{"date":"2024-02-17","commitResults":[{"hash":"b904c3c94c29550795b9a7d8a64a662069b5cb1b","isMergeCommit":false,"messageTitle":"Added Find command","messageBody":"","fileTypesAndContributionMap":{"txt":{"insertions":2,"deletions":1},"java":{"insertions":61,"deletions":9}}},{"hash":"5f4c6739fedc949f5876de20c0dfbd0fa6882327","isMergeCommit":true,"messageTitle":"Merge branch \u0027branch-A-JavaDoc\u0027","messageBody":"","tags":["A-JavaDoc"],"fileTypesAndContributionMap":{}},{"hash":"574dacbe2ebcf19a7f14b41436171395c24e9420","isMergeCommit":true,"messageTitle":"merge master to branch-A-CodingStandard","messageBody":"","tags":["A-CodingStandard"],"fileTypesAndContributionMap":{}},{"hash":"afadd467d2db5ce91f552798970676fc9c2d3870","isMergeCommit":true,"messageTitle":"Merge branch \u0027master\u0027 into branch-A-JavaDoc","messageBody":"","fileTypesAndContributionMap":{}},{"hash":"2081a0f27efba61c035056ca6acd31357dab3cce","isMergeCommit":false,"messageTitle":"Added remaining javadoc for all methods","messageBody":"","fileTypesAndContributionMap":{"java":{"insertions":243,"deletions":3}}},{"hash":"ecc54adec09bd247b3a10ccb2d110762fb34e66e","isMergeCommit":true,"messageTitle":"Merge branch \u0027branch-A-JavaDoc\u0027","messageBody":"","fileTypesAndContributionMap":{}},{"hash":"3c1e2bbd18c2b29a21b3d385af15fa7641faea14","isMergeCommit":true,"messageTitle":"fix conflict and merge Find to master","messageBody":"","tags":["Level-9","A-CheckStyle"],"fileTypesAndContributionMap":{}}]}]},"authorFileTypeContributionMap":{"justinlengch":{"java":1798,"md":2,"fxml":0,"sh":1,"bat":1,"gradle":9,"txt":38}},"authorContributionVariance":{"justinlengch":85134.125},"authorDisplayNameMap":{"justinlengch":"CS2103T-T16-4 JUST..HARN"}}
