[{"path":"src/main/java/Duke.java","fileType":"java","lines":[{"lineNumber":1,"author":{"gitId":"-"},"content":"public class Duke {","lastModifiedDate":"2019-07-29"},{"lineNumber":2,"author":{"gitId":"-"},"content":"    public static void main(String[] args) {","lastModifiedDate":"2019-07-29"},{"lineNumber":3,"author":{"gitId":"wolffe88"},"content":"        String logo \u003d \" ___  __    ________  ________  ___    \\n\"","lastModifiedDate":"2024-01-25"},{"lineNumber":4,"author":{"gitId":"wolffe88"},"content":"                + \"|\\\\  \\\\|\\\\  \\\\ |\\\\   __  \\\\|\\\\   __  \\\\|\\\\  \\\\\\n\"","lastModifiedDate":"2024-01-25"},{"lineNumber":5,"author":{"gitId":"wolffe88"},"content":"                + \"\\\\ \\\\  \\\\/  /|\\\\ \\\\  \\\\|\\\\  \\\\ \\\\  \\\\|\\\\  \\\\ \\\\  \\\\\\n\"","lastModifiedDate":"2024-01-25"},{"lineNumber":6,"author":{"gitId":"wolffe88"},"content":"                + \" \\\\ \\\\   ___  \\\\ \\\\   __  \\\\ \\\\   _  _\\\\ \\\\  \\\\\\n\"","lastModifiedDate":"2024-01-25"},{"lineNumber":7,"author":{"gitId":"wolffe88"},"content":"                + \"  \\\\ \\\\  \\\\\\\\ \\\\  \\\\ \\\\  \\\\ \\\\  \\\\ \\\\  \\\\\\\\  \\\\\\\\ \\\\  \\\\____  \\n\"","lastModifiedDate":"2024-01-25"},{"lineNumber":8,"author":{"gitId":"wolffe88"},"content":"                + \"   \\\\ \\\\__\\\\\\\\ \\\\__\\\\ \\\\__\\\\ \\\\__\\\\ \\\\__\\\\\\\\ _\\\\\\\\ \\\\_______\\\\\\n\"","lastModifiedDate":"2024-01-25"},{"lineNumber":9,"author":{"gitId":"wolffe88"},"content":"                + \"    \\\\|__| \\\\|__|\\\\|__|\\\\|__|\\\\|__|\\\\|__|\\\\|_______|\\n\";","lastModifiedDate":"2024-01-25"},{"lineNumber":10,"author":{"gitId":"-"},"content":"        System.out.println(\"Hello from\\n\" + logo);","lastModifiedDate":"2019-07-29"},{"lineNumber":11,"author":{"gitId":"wolffe88"},"content":"        System.out.println(\"Hello! I am KARL\");","lastModifiedDate":"2024-01-25"},{"lineNumber":12,"author":{"gitId":"wolffe88"},"content":"        System.out.println(\"What can I do for you?\");","lastModifiedDate":"2024-01-25"},{"lineNumber":13,"author":{"gitId":"wolffe88"},"content":"        System.out.println(\"Bye. Hope to see you again soon!\");","lastModifiedDate":"2024-01-25"},{"lineNumber":14,"author":{"gitId":"-"},"content":"    }","lastModifiedDate":"2019-07-29"},{"lineNumber":15,"author":{"gitId":"-"},"content":"}","lastModifiedDate":"2019-07-29"}],"authorContributionMap":{"wolffe88":10,"-":5}}]
