{"authorDailyContributionsMap":{"wolffe88":[{"date":"2024-01-25","commitResults":[{"hash":"868cc942fdbcc852e344211b106c14297f671538","isMergeCommit":false,"messageTitle":"echo","messageBody":"","tags":["Level-0"],"fileTypesAndContributionMap":{"java":{"insertions":10,"deletions":5}}},{"hash":"7cbc742affd988f6d721b7918bb2090a57ff913e","isMergeCommit":false,"messageTitle":"echo","messageBody":"","tags":["Level-1"],"fileTypesAndContributionMap":{"java":{"insertions":24,"deletions":11}}},{"hash":"87fa686ec6ecd93bd76f0b3341b3ee77fd23c464","isMergeCommit":false,"messageTitle":"add, list","messageBody":"","tags":["Level-2"],"fileTypesAndContributionMap":{"java":{"insertions":10,"deletions":3}}},{"hash":"6f77c47b02b00e9e7a3fddec2b341c6b38a4cd3a","isMergeCommit":false,"messageTitle":"mark as done","messageBody":"","tags":["Level-3"],"fileTypesAndContributionMap":{"java":{"insertions":47,"deletions":4}}},{"hash":"cfa528a5fd89f3ca0b1fe73e301f344a59764019","isMergeCommit":false,"messageTitle":"ToDos, Events, Deadlines","messageBody":"","tags":["Level-4"],"fileTypesAndContributionMap":{"java":{"insertions":75,"deletions":9}}},{"hash":"abf8bb94515e20af1f4576d4c779a32c9db937fc","isMergeCommit":false,"messageTitle":"Automated Text UI Testing","messageBody":"","tags":["A-TextUiTesting"],"fileTypesAndContributionMap":{"txt":{"insertions":6,"deletions":0},"java":{"insertions":4,"deletions":4}}},{"hash":"4a158540614607a94d8c887f774bb7baf6ca0add","isMergeCommit":false,"messageTitle":"Handle errors","messageBody":"","tags":["Level-5"],"fileTypesAndContributionMap":{"java":{"insertions":61,"deletions":16}}},{"hash":"7f867329de35b2823c5aea77cad01247715c4fed","isMergeCommit":false,"messageTitle":"Delete","messageBody":"","tags":["Level-6"],"fileTypesAndContributionMap":{"java":{"insertions":6,"deletions":0}}},{"hash":"ff0ba2e87c7ca0f4422185bc85d971ef8057217b","isMergeCommit":false,"messageTitle":"Delete","messageBody":"","tags":["Level-7"],"fileTypesAndContributionMap":{"java":{"insertions":30,"deletions":5}}},{"hash":"5cc373bbad3d8789f31fef91bc6e3468530aa646","isMergeCommit":true,"messageTitle":"Merge pull request #1 from wolffe88/branch-Level-7","messageBody":"added save","fileTypesAndContributionMap":{}}]},{"date":"2024-01-26","commitResults":[{"hash":"f107358a09d6fb9e7941757ed9020f9ae0efa7a6","isMergeCommit":false,"messageTitle":"dates and times","messageBody":"","tags":["Level-8"],"fileTypesAndContributionMap":{"java":{"insertions":18,"deletions":7}}},{"hash":"c2d11a66f754ddce1d5275a001bbbc0ba0b7b0d1","isMergeCommit":true,"messageTitle":"Merge pull request #2 from wolffe88/branch-Level-8","messageBody":"dates and times","fileTypesAndContributionMap":{}},{"hash":"d106785747ef6dc75f9e92c1eebabf668ef2261c","isMergeCommit":false,"messageTitle":"use more oop","messageBody":"","tags":["A-MoreOOP"],"fileTypesAndContributionMap":{"java":{"insertions":333,"deletions":129}}},{"hash":"ea65bd352d510db50211332530eedc6752683a06","isMergeCommit":true,"messageTitle":"Merge pull request #3 from wolffe88/MoreOOP","messageBody":"use more oop","fileTypesAndContributionMap":{}},{"hash":"fdafe14329c696e4fea9a851d8d24b337cd00f76","isMergeCommit":false,"messageTitle":"organise into packages","messageBody":"","tags":["A-Packages","A-Gradle"],"fileTypesAndContributionMap":{"java":{"insertions":74,"deletions":12}}},{"hash":"5caa8c7be20ac023e7aa0d39349c6bde6b02aec9","isMergeCommit":true,"messageTitle":"Merge pull request #4 from wolffe88/A-Packages","messageBody":"organise into packages","fileTypesAndContributionMap":{}}]},{"date":"2024-01-27","commitResults":[{"hash":"90e2004211ae3204a7ede16ddaa6645a58e8197d","isMergeCommit":true,"messageTitle":"Merge pull request #5 from wolffe88/add-gradle-support","messageBody":"Add gradle support","fileTypesAndContributionMap":{}}]},{"date":"2024-02-04","commitResults":[{"hash":"c134004d2f45e92863bfa9b08849ca9725871894","isMergeCommit":false,"messageTitle":"add JUnit test","messageBody":"","tags":["A-JUnit"],"fileTypesAndContributionMap":{"gradle":{"insertions":7,"deletions":1},"java":{"insertions":66,"deletions":296}}},{"hash":"ce5d1de74dec0f73adfe36f292eefba7873b7ca7","isMergeCommit":true,"messageTitle":"Merge pull request #6 from wolffe88/A-JUnit","messageBody":"add JUnit test","fileTypesAndContributionMap":{}},{"hash":"4e9c4d0d141ee767643915794efef73cd34675f4","isMergeCommit":false,"messageTitle":"package app as JAR file","messageBody":"","tags":["A-Jar"],"fileTypesAndContributionMap":{"gradle":{"insertions":1,"deletions":0},"java":{"insertions":290,"deletions":0}}},{"hash":"5b32422f4a22fd1c750619cf63ead0f7e637c061","isMergeCommit":true,"messageTitle":"Merge pull request #7 from wolffe88/branch-A-Jar","messageBody":"package app as JAR file","fileTypesAndContributionMap":{}}]},{"date":"2024-02-05","commitResults":[{"hash":"8eee9a6d5e7d23d258b941f9f7ec703c5eaf61c4","isMergeCommit":false,"messageTitle":"add javadoc comments","messageBody":"","tags":["A-JavaDoc"],"fileTypesAndContributionMap":{"java":{"insertions":285,"deletions":29}}},{"hash":"0cbc3f531845f4f5dfab2159378511907d2ae7de","isMergeCommit":true,"messageTitle":"Merge pull request #8 from wolffe88/branch-A-JavaDoc","messageBody":"add javadoc comments","fileTypesAndContributionMap":{}},{"hash":"c12d19f7754bb4dffa9f441e6834eeb5db119dc3","isMergeCommit":false,"messageTitle":"comply with coding standard","messageBody":"","tags":["A-CodingStandard"],"fileTypesAndContributionMap":{"java":{"insertions":171,"deletions":29}}},{"hash":"50b94d0f3c2075987d6f18e7cfb87a97471b27b5","isMergeCommit":true,"messageTitle":"Merge pull request #9 from wolffe88/branch-A-CodingStandard","messageBody":"comply with coding standard","fileTypesAndContributionMap":{}}]},{"date":"2024-02-10","commitResults":[{"hash":"67d6571b91bb5e231014ced2d907bcfe03a4082c","isMergeCommit":false,"messageTitle":"Update README.md","messageBody":"","fileTypesAndContributionMap":{"md":{"insertions":27,"deletions":20}}},{"hash":"5d2cc273bed6dac4e69b040ce81738839754ef9d","isMergeCommit":false,"messageTitle":"added checkstyle","messageBody":"","tags":["Level-9","A-CheckStyle"],"fileTypesAndContributionMap":{"gradle":{"insertions":15,"deletions":1},"java":{"insertions":187,"deletions":12}}},{"hash":"0c0eaa97114451c44108524562d7018b5574d001","isMergeCommit":true,"messageTitle":"Merge pull request #10 from wolffe88/branch-A-CheckStyle","messageBody":"added checkstyle","fileTypesAndContributionMap":{}}]},{"date":"2024-02-12","commitResults":[{"hash":"09d1b943cfe3d5c06fa1ceb0e6405bb45ef1c380","isMergeCommit":false,"messageTitle":"added GUI","messageBody":"","tags":["Level-10"],"fileTypesAndContributionMap":{"fxml":{"insertions":45,"deletions":0},"java":{"insertions":164,"deletions":161}}}]},{"date":"2024-02-19","commitResults":[{"hash":"a760ff1378862960d43a60e87c6a2201a2fc3a1f","isMergeCommit":false,"messageTitle":"This commit introduces assertions to document and validate important assumptions made in the parse method of the Command class. The parse method is responsible for interpreting user input and creating corresponding Command objects. By adding assertions, we ensure that the method\u0027s behavior aligns with our expectations and assumptions, and that any deviations from these assumptions are caught early during development.","messageBody":"","tags":["A-FullCommitMessage","A-Assertions"],"fileTypesAndContributionMap":{"fxml":{"insertions":1,"deletions":1},"java":{"insertions":36,"deletions":13}}},{"hash":"635bd2e8685855454e5475a1c4e4ff25096c3608","isMergeCommit":false,"messageTitle":"Improved on code quality","messageBody":"","tags":["A-CodeQuality"],"fileTypesAndContributionMap":{"java":{"insertions":32,"deletions":25}}},{"hash":"a8127ced5fba337e39e65f61f785bf793b96c76f","isMergeCommit":false,"messageTitle":"Added add notes functionality","messageBody":"","tags":["BCD-Extension"],"fileTypesAndContributionMap":{"gradle":{"insertions":1,"deletions":1},"java":{"insertions":83,"deletions":43}}}]},{"date":"2024-02-25","commitResults":[{"hash":"45856045ad69e32d365487ac8d1ad3a0aa454653","isMergeCommit":false,"messageTitle":"Added find","messageBody":"","fileTypesAndContributionMap":{"java":{"insertions":3,"deletions":3}}},{"hash":"d873c3a139b5b82eb7fc8e6cd9598212d316d23a","isMergeCommit":true,"messageTitle":"Merge pull request #12 from wolffe88/branch-Level-9","messageBody":"Branch level 9","fileTypesAndContributionMap":{}},{"hash":"3a37295c8ab4720762a3194ca802c37eb32058bd","isMergeCommit":false,"messageTitle":"Revert \"Branch level 9\"","messageBody":"","fileTypesAndContributionMap":{"gradle":{"insertions":1,"deletions":1},"fxml":{"insertions":0,"deletions":45},"java":{"insertions":281,"deletions":354}}},{"hash":"37fa387d1ffaafbf851392ab29adde128ef87f23","isMergeCommit":true,"messageTitle":"Merge pull request #13 from wolffe88/revert-12-branch-Level-9","messageBody":"Revert \"Branch level 9\"","fileTypesAndContributionMap":{}},{"hash":"ac5f7e88107f1552a4e73cf6f6af7eb5b2c2166f","isMergeCommit":false,"messageTitle":"Added find","messageBody":"","fileTypesAndContributionMap":{"java":{"insertions":1,"deletions":1}}},{"hash":"17d9fe59c2979e642f0f56c8572b629d12f34a72","isMergeCommit":true,"messageTitle":"Merge branch \u0027master\u0027 into branch-Level-9","messageBody":"","fileTypesAndContributionMap":{}},{"hash":"7030a2bece18bc2254b3649015e3b5c562f274c6","isMergeCommit":true,"messageTitle":"Merge pull request #14 from wolffe88/branch-Level-9","messageBody":"Added find","fileTypesAndContributionMap":{}},{"hash":"bbbe31d51a0db2989cb2532bbd6d635f27b1099f","isMergeCommit":true,"messageTitle":"Merge branch \u0027master\u0027 into branch-A-CodeQuality","messageBody":"","fileTypesAndContributionMap":{}},{"hash":"3d4757db58b7ed0db946634eea9fa5932d76fd70","isMergeCommit":false,"messageTitle":"Update README.md","messageBody":"","fileTypesAndContributionMap":{"md":{"insertions":27,"deletions":20}}},{"hash":"7e2ca2cb8321f3d2dfcda6b9e0707898f46627de","isMergeCommit":true,"messageTitle":"Merge pull request #17 from wolffe88/master","messageBody":"added find","fileTypesAndContributionMap":{}},{"hash":"88e5d28a7cb64416bdfd3a92adca550af88a74e2","isMergeCommit":false,"messageTitle":"Added find","messageBody":"","fileTypesAndContributionMap":{"java":{"insertions":2,"deletions":2}}},{"hash":"3f16792a9451900ef87284dcf2d7f4a88afdddf5","isMergeCommit":true,"messageTitle":"Merge pull request #18 from wolffe88/branch-Level-9","messageBody":"Branch level 9","fileTypesAndContributionMap":{}},{"hash":"665bf870fd71a990098d06609431b0133a76a9ed","isMergeCommit":false,"messageTitle":"Added GUI","messageBody":"","fileTypesAndContributionMap":{"java":{"insertions":1,"deletions":1}}},{"hash":"da63cfd7fc9607010c71b48f399d3ff5fb011d5a","isMergeCommit":true,"messageTitle":"Merge pull request #19 from wolffe88/branch-Level-10","messageBody":"Added GUI","fileTypesAndContributionMap":{}},{"hash":"690343d32fa97218972a2533470495dcfd82b3ab","isMergeCommit":false,"messageTitle":"Added assertions","messageBody":"","fileTypesAndContributionMap":{"java":{"insertions":1,"deletions":1}}},{"hash":"e11b3ceba1264cc6f7f3df0e26ed849a16a26a45","isMergeCommit":false,"messageTitle":"Added assertions","messageBody":"","fileTypesAndContributionMap":{"java":{"insertions":1,"deletions":1}}},{"hash":"5a4a823a737e5db38c74f6d8239e51d4e36121ef","isMergeCommit":false,"messageTitle":"Checked code quality","messageBody":"","fileTypesAndContributionMap":{"java":{"insertions":0,"deletions":1}}},{"hash":"a508530af76b8666ad43ef1e1db22d331c01f98b","isMergeCommit":true,"messageTitle":"Merge pull request #21 from wolffe88/branch-A-CodeQuality","messageBody":"Checked code quality","fileTypesAndContributionMap":{}},{"hash":"d4f50071d871aaec52ba7504b60ed937ee3f06ea","isMergeCommit":false,"messageTitle":"Update README.md","messageBody":"","fileTypesAndContributionMap":{"md":{"insertions":3,"deletions":4}}},{"hash":"454efdf4dc603e3c389f385579946e1196d10ce6","isMergeCommit":false,"messageTitle":"fixed some bugs","messageBody":"","fileTypesAndContributionMap":{"gradle":{"insertions":1,"deletions":1},"java":{"insertions":3,"deletions":1}}},{"hash":"2c9d8e55c1ed891a30896a687e931221fa1ba899","isMergeCommit":true,"messageTitle":"Merge remote-tracking branch \u0027origin/master\u0027","messageBody":"","fileTypesAndContributionMap":{}},{"hash":"50940671ccef0cf9faf5ce5bfc32bb78cb35548c","isMergeCommit":false,"messageTitle":"fixed some bugs","messageBody":"","fileTypesAndContributionMap":{"java":{"insertions":83,"deletions":56}}},{"hash":"6fda4154f1cc0de5bfb31b2478986af0fc1da9f3","isMergeCommit":false,"messageTitle":"Update README.md","messageBody":"","tags":["A-UserGuide"],"fileTypesAndContributionMap":{"md":{"insertions":46,"deletions":13}}},{"hash":"b79fff29740d327c5d5a98cfd3481e3ede997bfa","isMergeCommit":true,"messageTitle":"Merge pull request #22 from wolffe88/branch-A-UserGuide","messageBody":"Update README.md","fileTypesAndContributionMap":{}},{"hash":"1db7520498592e35cb7d23f658f208914748e6bb","isMergeCommit":false,"messageTitle":"Update README.md","messageBody":"","fileTypesAndContributionMap":{"md":{"insertions":2,"deletions":2}}},{"hash":"e6df863d1ba583cbe96dcaf65bdf44c1f9479f16","isMergeCommit":false,"messageTitle":"Update README.md","messageBody":"","fileTypesAndContributionMap":{"md":{"insertions":10,"deletions":10}}},{"hash":"56152fbccb0986ccbe885c54cf6c706358599229","isMergeCommit":false,"messageTitle":"fixed some bugs","messageBody":"","fileTypesAndContributionMap":{"gradle":{"insertions":2,"deletions":2},"fxml":{"insertions":1,"deletions":1},"java":{"insertions":23,"deletions":18}}},{"hash":"c5fbcc3261e573486287b9141b15fc6e8bb52972","isMergeCommit":true,"messageTitle":"Merge remote-tracking branch \u0027origin/master\u0027","messageBody":"","fileTypesAndContributionMap":{}},{"hash":"14036d26a4c8a5505793fb5335765423a3c13370","isMergeCommit":false,"messageTitle":"fixed some bugs","messageBody":"","fileTypesAndContributionMap":{"fxml":{"insertions":2,"deletions":2},"java":{"insertions":183,"deletions":86}}},{"hash":"24662113b41289d20fb943e20a1dda3d9dff58bd","isMergeCommit":false,"messageTitle":"Update README.md","messageBody":"","fileTypesAndContributionMap":{"md":{"insertions":5,"deletions":1}}},{"hash":"719bad091e71445412ba025c1d204d9702237518","isMergeCommit":false,"messageTitle":"Update README.md","messageBody":"","tags":["A-Release"],"fileTypesAndContributionMap":{"md":{"insertions":1,"deletions":1}}},{"hash":"bdbf964681b50ef5e8475f6cc0b6959c45b2570b","isMergeCommit":false,"messageTitle":"Update README.md","messageBody":"","fileTypesAndContributionMap":{"md":{"insertions":1,"deletions":1}}}]}]},"authorFileTypeContributionMap":{"wolffe88":{"java":1289,"md":76,"fxml":45,"sh":0,"bat":0,"gradle":22,"txt":6}},"authorContributionVariance":{"wolffe88":69637.14},"authorDisplayNameMap":{"wolffe88":"CS2103T-T14-1 YONG..I AN"}}
