{"authorDailyContributionsMap":{"Shauryan123":[{"date":"2024-01-25","commitResults":[{"hash":"fb41fe80c1a2226c27bf2db5a3f785cc1109f894","isMergeCommit":false,"messageTitle":"Level 0 commit","messageBody":"","tags":["Level-0"],"fileTypesAndContributionMap":{"java":{"insertions":24,"deletions":6}}},{"hash":"d3dcfac45fb04bbf9fe7717ba7495e73fc374b8a","isMergeCommit":false,"messageTitle":"Level-1 commit","messageBody":"","tags":["Level-1"],"fileTypesAndContributionMap":{"java":{"insertions":14,"deletions":1}}},{"hash":"339fbbd3b7a6e81f5318100b3e79a072957977ee","isMergeCommit":false,"messageTitle":"Level-2 commit","messageBody":"","tags":["Level-2"],"fileTypesAndContributionMap":{"java":{"insertions":7,"deletions":1}}},{"hash":"010ab5abed31b76d9421640b3b243f24afbe5341","isMergeCommit":false,"messageTitle":"Level-3 commit","messageBody":"","tags":["Level-3"],"fileTypesAndContributionMap":{"java":{"insertions":49,"deletions":10}}},{"hash":"0edd7e5e40487a43555463dc1107e4c62759a925","isMergeCommit":false,"messageTitle":"Level-4 commit","messageBody":"","tags":["Level-4"],"fileTypesAndContributionMap":{"java":{"insertions":103,"deletions":50}}},{"hash":"638f32d87713a9332cb8afd41ac0ebaa0cf310c5","isMergeCommit":false,"messageTitle":"Automated-UI-testing","messageBody":"","tags":["A-textUItesting","A-testing"],"fileTypesAndContributionMap":{"txt":{"insertions":7,"deletions":0}}}]},{"date":"2024-01-26","commitResults":[{"hash":"fd6f4f30a8aed548815d3c2541a81bef4270a09b","isMergeCommit":false,"messageTitle":"Level-5 commit","messageBody":"","tags":["Level-5"],"fileTypesAndContributionMap":{"java":{"insertions":36,"deletions":0}}},{"hash":"5f1e3c38e9186978e94cb5f3ed116ac13511f017","isMergeCommit":false,"messageTitle":"Level-6 commit","messageBody":"","tags":["Level-6"],"fileTypesAndContributionMap":{"java":{"insertions":13,"deletions":0}}}]},{"date":"2024-01-29","commitResults":[{"hash":"e3828645c11cc60555d8239e04c284f46a20d186","isMergeCommit":false,"messageTitle":"Level-7","messageBody":"","tags":["Level-7"],"fileTypesAndContributionMap":{"txt":{"insertions":2,"deletions":0},"java":{"insertions":297,"deletions":103}}}]},{"date":"2024-02-01","commitResults":[{"hash":"c96b32cd1b3810a19ec0252b16129fc430cb26b2","isMergeCommit":false,"messageTitle":"Level-7 refined code (added abstractions in Duke)","messageBody":"","fileTypesAndContributionMap":{"txt":{"insertions":3,"deletions":1},"java":{"insertions":127,"deletions":55}}},{"hash":"a8fe75c50f5606394bade07d7ca5264d75ec50e4","isMergeCommit":false,"messageTitle":"Level-8 commit","messageBody":"","tags":["Level-8"],"fileTypesAndContributionMap":{"txt":{"insertions":3,"deletions":4},"java":{"insertions":250,"deletions":62}}}]},{"date":"2024-02-02","commitResults":[{"hash":"d1c481b0184be215e5c58f0ac21b93993c35a22f","isMergeCommit":false,"messageTitle":"Applied OOP Changes","messageBody":"","tags":["A-OOP","A-MoreOOP"],"fileTypesAndContributionMap":{"txt":{"insertions":4,"deletions":3},"java":{"insertions":544,"deletions":303}}},{"hash":"94eaf3dee41a6673fbfc03fe0659242313138499","isMergeCommit":false,"messageTitle":"A-Packages commit","messageBody":"","tags":["A-Packages"],"fileTypesAndContributionMap":{"java":{"insertions":0,"deletions":35}}}]},{"date":"2024-02-03","commitResults":[{"hash":"2969839b654a9642ee5cf2e0b79b6b840ca42a2e","isMergeCommit":false,"messageTitle":"Bump gradle and lib version","messageBody":"","fileTypesAndContributionMap":{"gradle":{"insertions":5,"deletions":4}}},{"hash":"690062db315a195007164fe66f3c70ef7dfcac3c","isMergeCommit":false,"messageTitle":"A-Gradle Commit","messageBody":"","fileTypesAndContributionMap":{"gradle":{"insertions":1,"deletions":1},"txt":{"insertions":1,"deletions":0},"java":{"insertions":18,"deletions":0}}},{"hash":"6bfd1dd4fb8b60f5301b54bcaf9bdc67c3ba47c9","isMergeCommit":false,"messageTitle":"Corrected A-packages changes","messageBody":"","fileTypesAndContributionMap":{"gradle":{"insertions":1,"deletions":1},"txt":{"insertions":3,"deletions":2},"java":{"insertions":16,"deletions":15},"md":{"insertions":3,"deletions":3}}},{"hash":"548c534e63a425393e38d7ffa169d9cf4abcc523","isMergeCommit":false,"messageTitle":"Added J-Unit Tests","messageBody":"","fileTypesAndContributionMap":{"gradle":{"insertions":1,"deletions":0},"java":{"insertions":164,"deletions":1}}},{"hash":"192d0a04258ddf7964af060bbaae8a7daf7365a5","isMergeCommit":false,"messageTitle":"Added JavaDocs for half of the public methods/classes","messageBody":"","fileTypesAndContributionMap":{"java":{"insertions":136,"deletions":255}}},{"hash":"e5a608950f6961ca68d6aab3ab0423df0e954287","isMergeCommit":false,"messageTitle":"Made functionality for find and search","messageBody":"","fileTypesAndContributionMap":{"java":{"insertions":26,"deletions":0}}},{"hash":"ab6bc58c243f32e5645d954e188a8c858fe0ae7b","isMergeCommit":false,"messageTitle":"Refined Changes for Find functionality","messageBody":"","fileTypesAndContributionMap":{"java":{"insertions":2,"deletions":2}}},{"hash":"c0bd1b396b40327cdb7fbb0886977c78657579c5","isMergeCommit":false,"messageTitle":"Made changes according to coding standard","messageBody":"","tags":["A-CodingStandard"],"fileTypesAndContributionMap":{"java":{"insertions":23,"deletions":16}}},{"hash":"5d324e98a80392f4649c662353095473d3aa7fa4","isMergeCommit":false,"messageTitle":"Add J-Unit Tests","messageBody":"","fileTypesAndContributionMap":{"java":{"insertions":1,"deletions":1}}},{"hash":"5ea2fa7a093619221d3429ee484c39e039afde0d","isMergeCommit":false,"messageTitle":"Add JavaDocs for half of the public methods/classes","messageBody":"","fileTypesAndContributionMap":{"java":{"insertions":1,"deletions":1}}},{"hash":"8e035bcaa26d01635a25a3e3008dc72ad9b79124","isMergeCommit":false,"messageTitle":"Make functionality for find and search","messageBody":"","fileTypesAndContributionMap":{"java":{"insertions":2,"deletions":2}}},{"hash":"947137fe8ddc623eeec95e85b0d19c8a3c0334d1","isMergeCommit":false,"messageTitle":"Refine changes for find functionality","messageBody":"","fileTypesAndContributionMap":{"java":{"insertions":2,"deletions":2}}},{"hash":"a52ce0c23c7a487f8cb9532b78d3c7927ecba883","isMergeCommit":false,"messageTitle":"Make changes according to coding standard","messageBody":"","fileTypesAndContributionMap":{"java":{"insertions":1,"deletions":1}}}]}]},"authorFileTypeContributionMap":{"Shauryan123":{"java":943,"md":3,"fxml":0,"sh":0,"bat":0,"gradle":2,"txt":13}},"authorContributionVariance":{"Shauryan123":80763.81},"authorDisplayNameMap":{"Shauryan123":"CS2103T-T13-3 AGRA..RYAN"}}
