{"authorDailyContributionsMap":{"guanquann":[{"date":"2024-01-21","commitResults":[{"hash":"57f7aaadd936237fb060237271b1dd8dcc0868c1","isMergeCommit":false,"messageTitle":"rename, greet, exit","messageBody":"","tags":["Level-0"],"fileTypesAndContributionMap":{"java":{"insertions":7,"deletions":7}}},{"hash":"9e925273c35dbb56c2a97e5686cc1b71a13982a2","isMergeCommit":false,"messageTitle":"echo","messageBody":"","tags":["Level-1"],"fileTypesAndContributionMap":{"java":{"insertions":17,"deletions":6}}},{"hash":"bc438f7916688fc61e097a25d9436a3e5bf0d32b","isMergeCommit":false,"messageTitle":"add, list","messageBody":"","tags":["Level-2"],"fileTypesAndContributionMap":{"java":{"insertions":11,"deletions":2}}},{"hash":"3c042299431fb3bc392963bdb0af7226dbbbd063","isMergeCommit":false,"messageTitle":"mark as done","messageBody":"","tags":["Level-3"],"fileTypesAndContributionMap":{"java":{"insertions":46,"deletions":3}}},{"hash":"1372af6cf5f31d63bc0fbcf8d74c7c0fae2d8f74","isMergeCommit":false,"messageTitle":"todos, events, deadlines","messageBody":"","tags":["Level-4"],"fileTypesAndContributionMap":{"java":{"insertions":78,"deletions":2}}},{"hash":"1123f8297ed996c1750c7371091c9af99b52b5b7","isMergeCommit":false,"messageTitle":"automated text ui testing","messageBody":"","tags":["A-TextUiTesting"],"fileTypesAndContributionMap":{"txt":{"insertions":8,"deletions":0}}},{"hash":"7c2ae99d9f5b96ee3fa9f9e1dca0a8d7b00bd075","isMergeCommit":false,"messageTitle":"handle errors","messageBody":"","fileTypesAndContributionMap":{"java":{"insertions":63,"deletions":0}}},{"hash":"f1f0c168ee14a643bf3cb12a2c76aba73f8023de","isMergeCommit":false,"messageTitle":"handle errors","messageBody":"","tags":["Level-5"],"fileTypesAndContributionMap":{"java":{"insertions":80,"deletions":54}}},{"hash":"aee073ebf942c77104038721acf520662b756338","isMergeCommit":false,"messageTitle":"delete task","messageBody":"","tags":["Level-6"],"fileTypesAndContributionMap":{"txt":{"insertions":2,"deletions":0},"java":{"insertions":25,"deletions":10}}}]},{"date":"2024-01-26","commitResults":[{"hash":"a8b34ec8f0c2a8548e41b0a02038bca4ae53e31b","isMergeCommit":false,"messageTitle":"save the tasks in hard disk","messageBody":"","fileTypesAndContributionMap":{"java":{"insertions":97,"deletions":6}}},{"hash":"5d929fde18e44369c4a6d89c5aa959127421279b","isMergeCommit":true,"messageTitle":"Merge branch \u0027branch-Level-7\u0027","messageBody":"","tags":["Level-7"],"fileTypesAndContributionMap":{}},{"hash":"6d2eb91b2b9a8eed65ca46dd87f7944f0f4d69d7","isMergeCommit":false,"messageTitle":"add date to tasks","messageBody":"","fileTypesAndContributionMap":{"txt":{"insertions":2,"deletions":2},"java":{"insertions":105,"deletions":57}}},{"hash":"69336a25a75f0e596d0ca38b0371d8d71116b857","isMergeCommit":true,"messageTitle":"Merge branch \u0027branch-Level-8\u0027","messageBody":"","tags":["Level-8"],"fileTypesAndContributionMap":{}},{"hash":"44f7272af4a218c96636fe94fc04e97e3d563744","isMergeCommit":false,"messageTitle":"Follow Java convention in Duke.java","messageBody":"","fileTypesAndContributionMap":{"java":{"insertions":2,"deletions":2}}}]},{"date":"2024-01-27","commitResults":[{"hash":"6beb5856f53c1cfaf1f1ecc362b4b848020a035d","isMergeCommit":false,"messageTitle":"Make the code more OOP","messageBody":"","fileTypesAndContributionMap":{"java":{"insertions":219,"deletions":180}}},{"hash":"0b6cc479e7d6fd07f12fe2730b9f6045c1e0b060","isMergeCommit":true,"messageTitle":"Merge branch \u0027A-MoreOOP\u0027","messageBody":"","tags":["A-MoreOOP"],"fileTypesAndContributionMap":{}},{"hash":"f9e80e1c7aaf29f2b35571147dc727494960d89e","isMergeCommit":false,"messageTitle":"Put classes into Duke package","messageBody":"","fileTypesAndContributionMap":{"java":{"insertions":25,"deletions":3},"bat":{"insertions":2,"deletions":2},"md":{"insertions":2,"deletions":2}}},{"hash":"8c092dd7a29f46258f1378ee77f5c8d9a4d0d048","isMergeCommit":true,"messageTitle":"Merge branch \u0027branch-A-Packages\u0027","messageBody":"","tags":["A-Packages"],"fileTypesAndContributionMap":{}},{"hash":"26da8d26c57346b75e4c47150ff1329c77344d00","isMergeCommit":true,"messageTitle":"Merge branch \u0027add-gradle-support\u0027 of https://github.com/guanquann/ip into branch-A-Gradle","messageBody":"","fileTypesAndContributionMap":{}},{"hash":"3745ceb2b7a272c4ddd401fb574aeaf7523478d6","isMergeCommit":false,"messageTitle":"Update build.gradle","messageBody":"","fileTypesAndContributionMap":{"gradle":{"insertions":1,"deletions":1}}},{"hash":"6ed25ad3bf0c9cbefa401017b395b4fcc812d809","isMergeCommit":true,"messageTitle":"Merge branch \u0027branch-A-Gradle\u0027","messageBody":"","tags":["A-Gradle"],"fileTypesAndContributionMap":{}},{"hash":"4e640595f22199146683debe267cdfeb9199140e","isMergeCommit":false,"messageTitle":"Add unit test for Deadline, Event, Parser, TaskList, Todo","messageBody":"","tags":["v0.1","A-Jar","A-JUnit"],"fileTypesAndContributionMap":{"java":{"insertions":364,"deletions":9}}},{"hash":"00e3cc1e50435ed7a1ca4a324d18373c9618f905","isMergeCommit":false,"messageTitle":"Make task abstract class","messageBody":"","fileTypesAndContributionMap":{"java":{"insertions":1,"deletions":1}}},{"hash":"4b5ecc2ad97558001f4b57a9c9b5e917abdced40","isMergeCommit":false,"messageTitle":"Add JavaDoc comments","messageBody":"","tags":["A-JavaDoc"],"fileTypesAndContributionMap":{"java":{"insertions":224,"deletions":0}}},{"hash":"27bf4ddbcf37e4fe1c51585a41f72ca780015d17","isMergeCommit":false,"messageTitle":"Tweak Event, Deadline, Storage to comply with coding standard","messageBody":"","tags":["A-CodingStandard"],"fileTypesAndContributionMap":{"java":{"insertions":3,"deletions":3}}}]},{"date":"2024-01-28","commitResults":[{"hash":"c1d07254cddb6df6c9896eafa61c0a124ebe3fb2","isMergeCommit":false,"messageTitle":"Find a task by searching for a keyword","messageBody":"","tags":["Level-9"],"fileTypesAndContributionMap":{"java":{"insertions":46,"deletions":1}}},{"hash":"ccaa4d05da599cf8f1d2e775a639f79d836aefc1","isMergeCommit":true,"messageTitle":"Merge tag \u0027A-JavaDoc\u0027","messageBody":"Add JavaDoc comments\n","fileTypesAndContributionMap":{}},{"hash":"ea71f91a48c1cf014c36a7931b594d829c98687f","isMergeCommit":true,"messageTitle":"Merge tag \u0027A-CodingStandard\u0027","messageBody":"Tweak code to comply with a coding standard\n","fileTypesAndContributionMap":{}},{"hash":"cad2a41c820ac5b8cec5e92c900ce42fb79db860","isMergeCommit":true,"messageTitle":"Resolve merge conflict in TaskList","messageBody":"","fileTypesAndContributionMap":{}}]},{"date":"2024-01-29","commitResults":[{"hash":"fc290c354d182e03fb261d66ad99607c82772fe1","isMergeCommit":false,"messageTitle":"Update bot and filenames to GuanGuan","messageBody":"","fileTypesAndContributionMap":{"gradle":{"insertions":1,"deletions":1},"java":{"insertions":94,"deletions":94},"bat":{"insertions":2,"deletions":2},"sh":{"insertions":1,"deletions":1},"md":{"insertions":2,"deletions":2}}},{"hash":"54052b5bf16d067acc82f8c790afbfdaf93c545f","isMergeCommit":false,"messageTitle":"Add switch stastements to Parser and Storage","messageBody":"","fileTypesAndContributionMap":{"java":{"insertions":174,"deletions":97}}}]},{"date":"2024-02-03","commitResults":[{"hash":"01ddb9fb00b427d66997f3cf38a375ee9d70b39e","isMergeCommit":false,"messageTitle":"Add GUI to chatbot using JavaFX","messageBody":"","fileTypesAndContributionMap":{"gradle":{"insertions":14,"deletions":2},"java":{"insertions":44,"deletions":4}}},{"hash":"b2216b4ded0b8c64218275bbcc2b32e89fc5b434","isMergeCommit":false,"messageTitle":"Add GUI to chatbot using JavaFX","messageBody":"","fileTypesAndContributionMap":{"gradle":{"insertions":3,"deletions":0},"fxml":{"insertions":58,"deletions":0},"java":{"insertions":342,"deletions":72}}},{"hash":"08c6006b9d5a2f6a0aca607855eb80682b2e3d4f","isMergeCommit":true,"messageTitle":"Merge branch \u0027branch-Level-10\u0027","messageBody":"","tags":["Level-10"],"fileTypesAndContributionMap":{}},{"hash":"319f851568be1df0856e9d3f82da5bbe4ed8e0fa","isMergeCommit":false,"messageTitle":"Add checkstyle to detect coding style violations","messageBody":"","fileTypesAndContributionMap":{"gradle":{"insertions":5,"deletions":0},"java":{"insertions":43,"deletions":29}}},{"hash":"a803c2b2321faed568900c948b212517320965a8","isMergeCommit":true,"messageTitle":"Merge branch \u0027branch-A-CheckStyle\u0027","messageBody":"","tags":["A-CheckStyle"],"fileTypesAndContributionMap":{}}]}]},"authorFileTypeContributionMap":{"guanquann":{"java":1482,"md":2,"fxml":58,"sh":1,"bat":2,"gradle":21,"txt":10}},"authorContributionVariance":{"guanquann":89139.6},"authorDisplayNameMap":{"guanquann":"CS2103T-T16-3 TAN ..QUAN"}}
