{"authorDailyContributionsMap":{"kailinteoo":[{"date":"2024-01-24","commitResults":[{"hash":"5946947e1131d89761cde8d38edd879bc8e9f802","isMergeCommit":false,"messageTitle":"IP DUKE Level-1","messageBody":"","fileTypesAndContributionMap":{"java":{"insertions":11,"deletions":6}}},{"hash":"5841d299d0f428d2cbe6abf5c5bcc43ad53c3058","isMergeCommit":false,"messageTitle":"Level0","messageBody":"","fileTypesAndContributionMap":{"java":{"insertions":1,"deletions":1}}},{"hash":"655452d0a5791ad42c447d221fe796b9c4f3783c","isMergeCommit":false,"messageTitle":"IP DUKE - Level 0","messageBody":"","tags":["Level-0"],"fileTypesAndContributionMap":{"java":{"insertions":2,"deletions":2}}},{"hash":"73ff24252162ca6fd2d202356f5bc17f60176f37","isMergeCommit":false,"messageTitle":"IP Level-0","messageBody":"","fileTypesAndContributionMap":{"java":{"insertions":1,"deletions":1}}},{"hash":"1cc5744e473b184f0f0748baafac642b69412e89","isMergeCommit":false,"messageTitle":"Level-0","messageBody":"","fileTypesAndContributionMap":{"java":{"insertions":8,"deletions":1}}}]},{"date":"2024-01-25","commitResults":[{"hash":"4a5baf24cfa9dbd0158f9e002b93b23274d9ef5d","isMergeCommit":false,"messageTitle":"Level-1:Echo","messageBody":"","tags":["Level-1"],"fileTypesAndContributionMap":{"java":{"insertions":5,"deletions":6}}},{"hash":"902cc230089800ec0bb2166581beec59db561d30","isMergeCommit":false,"messageTitle":"Level-2: Add, List","messageBody":"","tags":["Level-2"],"fileTypesAndContributionMap":{"java":{"insertions":22,"deletions":5}}},{"hash":"51731f489ee6565d904e829d7e221fc670b5887c","isMergeCommit":false,"messageTitle":"Level-3:Mark as Done","messageBody":"","tags":["Level-3"],"fileTypesAndContributionMap":{"java":{"insertions":80,"deletions":18}}},{"hash":"21d3285167faf7fbe0d3e8fd9ca80185f4aafecf","isMergeCommit":false,"messageTitle":"Level-4: ToDo, Event, Deadline","messageBody":"","tags":["Level-4"],"fileTypesAndContributionMap":{"java":{"insertions":105,"deletions":5}}},{"hash":"cfa3d6f809ffa328e3a708728f1cbb232300b269","isMergeCommit":false,"messageTitle":"include separator line","messageBody":"","fileTypesAndContributionMap":{"java":{"insertions":15,"deletions":0}}},{"hash":"0b662ab74db0d167f3b313760efd217cd5124ead","isMergeCommit":false,"messageTitle":"A-TextUiTesting *","messageBody":"","tags":["A-TextUiTesting"],"fileTypesAndContributionMap":{"txt":{"insertions":2,"deletions":0},"java":{"insertions":0,"deletions":4}}}]},{"date":"2024-01-26","commitResults":[{"hash":"11ce0bfcfe48b26ca5c7025ef812936979b60226","isMergeCommit":false,"messageTitle":"Level-5:Handle Errors","messageBody":"","tags":["Level-5"],"fileTypesAndContributionMap":{"java":{"insertions":85,"deletions":57}}},{"hash":"3b91b5c43a4583218af5599f0e9da74c43a2cde5","isMergeCommit":false,"messageTitle":"Level-6: Delete","messageBody":"","tags":["Level-6"],"fileTypesAndContributionMap":{"java":{"insertions":12,"deletions":0}}}]},{"date":"2024-01-28","commitResults":[{"hash":"493d652c44ff53bd90ba68ddb70d36de02be24f3","isMergeCommit":false,"messageTitle":"Level-7: Save","messageBody":"","tags":["Level-7"],"fileTypesAndContributionMap":{"java":{"insertions":221,"deletions":29}}},{"hash":"ee27390687418b61aa2990ee99e499709787a2e1","isMergeCommit":false,"messageTitle":"Level-7:Save","messageBody":"","fileTypesAndContributionMap":{"java":{"insertions":70,"deletions":3}}},{"hash":"7f4580210d3fcffc68c1c4dbfb2a9113555cea16","isMergeCommit":false,"messageTitle":"Level-7:save","messageBody":"","fileTypesAndContributionMap":{"java":{"insertions":1,"deletions":1}}},{"hash":"2d2ae0101976b3020f4d9d37ffae06d1506783ef","isMergeCommit":false,"messageTitle":"Level-7:Save (edited version)","messageBody":"","fileTypesAndContributionMap":{"java":{"insertions":150,"deletions":30}}},{"hash":"e74111c775ee6c807dac4040110844f600970a65","isMergeCommit":true,"messageTitle":"Merge branch \u0027branch-Level-7\u0027","messageBody":"# Conflicts:\n#\tsrc/main/java/Duke.java\n#\tsrc/main/java/SaveTask.java\n#\tsrc/main/java/Todo.java\n","fileTypesAndContributionMap":{}},{"hash":"ae53529bd14368f8d08dee02660ab5159bd9a523","isMergeCommit":false,"messageTitle":"small changes made after merging Level-7 to master branch","messageBody":"","tags":["Level-8"],"fileTypesAndContributionMap":{"java":{"insertions":0,"deletions":134}}}]},{"date":"2024-01-29","commitResults":[{"hash":"e3201b92160cb294111a0121268bc43630a14784","isMergeCommit":false,"messageTitle":"Level-8: Dates and Times","messageBody":"","fileTypesAndContributionMap":{"java":{"insertions":266,"deletions":36}}},{"hash":"7b91dfbe91d3258e1faf431cd7ebc6cf6694df3b","isMergeCommit":true,"messageTitle":"Merge branch \u0027branch-Level-8\u0027","messageBody":"# Conflicts:\n#\tsrc/main/java/Deadline.java\n#\tsrc/main/java/SaveTask.java\n#\tsrc/main/java/Task.java\n#\tsrc/main/java/Todo.java\n","fileTypesAndContributionMap":{}},{"hash":"ebeb1bd875efb68d10aa98589ed3610149031a97","isMergeCommit":false,"messageTitle":"Level-8: Edit a bit after merching Master and Level-8 branch","messageBody":"","fileTypesAndContributionMap":{"java":{"insertions":1,"deletions":17}}}]},{"date":"2024-02-03","commitResults":[{"hash":"b84e65125e6bc1052a52ed51ca670d4b3a604e16","isMergeCommit":false,"messageTitle":"accidentally done task 7 in this branch","messageBody":"","fileTypesAndContributionMap":{"java":{"insertions":65,"deletions":4}}},{"hash":"3714bfb3960f63c94e011e92722f628f81b56256","isMergeCommit":false,"messageTitle":"edit of task 7 after tagging due to saving file issue","messageBody":"","fileTypesAndContributionMap":{"java":{"insertions":2,"deletions":2}}}]},{"date":"2024-02-04","commitResults":[{"hash":"4eccdf3adebf17cf072c3794d8a5ee4073f988cb","isMergeCommit":false,"messageTitle":"Refactor code to improve object-oriented design:","messageBody":"1. Ui Class:\n   - Extracted UI-related methods from the main class into a separate Ui class.\n   - The Ui class handles interactions with the user, including displaying information about marking/unmarking tasks, listing details, and removing tasks.\n\n2. Storage Class:\n   - Created a Storage class to handle loading tasks from and saving tasks to a file.\n   - The class includes methods for saving tasks to a file (saveTasks), loading tasks from a file (loadTasks), and ensuring the existence of the data folder and file (ensureFolderAndFileExists).\n\n3. Parser Class:\n   - Introduced a Parser class responsible for parsing user commands.\n   - The parseCommand method splits the user command and returns relevant parts, aiding in processing user inputs.\n\n4. TaskList Class:\n   - Refactored the main class to create a TaskList class, which manages the task list.\n   - The TaskList class contains methods for marking/unmarking tasks, listing tasks, removing tasks, and adding new tasks based on user commands.\n\nThese changes improve code organization, readability, and maintainability by adhering to object-oriented principles and separating concerns into distinct classes. The overall structure is now more modular and extensible.\n","tags":["A-MoreOOP"],"fileTypesAndContributionMap":{"java":{"insertions":437,"deletions":341}}},{"hash":"ff2424ac1ed9df5f63f213492e1df58aa4dd5ead","isMergeCommit":true,"messageTitle":"Merge branch \u0027branch-Level-7\u0027","messageBody":"# Conflicts:\n#\tsrc/main/java/Storage.java\n","fileTypesAndContributionMap":{}},{"hash":"e798b80c5ad1dc4b7833aa4a990f6e70ba6e8af7","isMergeCommit":false,"messageTitle":"edit of storage due to conflict","messageBody":"","fileTypesAndContributionMap":{"java":{"insertions":0,"deletions":7}}},{"hash":"4b3689fcf68bdf355478fb006139acc3426a071b","isMergeCommit":false,"messageTitle":"Organize classes into \u0027duke\u0027 package This commit consolidates all classes into a single package named \u0027duke\u0027. This minimal package structure simplifies the organization of the codebase.","messageBody":"","tags":["A-Packages"],"fileTypesAndContributionMap":{"java":{"insertions":637,"deletions":0}}},{"hash":"d4e6c9535451408da26f8567506f8e02ed6c3f3f","isMergeCommit":true,"messageTitle":"Merge branch \u0027add-gradle-support\u0027 of https://github.com/nus-cs2103-AY2324S2/ip","messageBody":"","fileTypesAndContributionMap":{}}]},{"date":"2024-02-05","commitResults":[{"hash":"b8dece7c7d028004261e28b7741a7b00f166b01b","isMergeCommit":false,"messageTitle":"successfully set up gradle - can build and run Duke using gradle.","messageBody":"","tags":["A-Gradle"],"fileTypesAndContributionMap":{"gradle":{"insertions":1,"deletions":1},"java":{"insertions":20,"deletions":646}}},{"hash":"9a558ca2ec92f8573a62ae21df7376a04573cb21","isMergeCommit":false,"messageTitle":"Applied Junit testing to a minimum of two significant methods, originating from distinct classes (Todo and Deadline). Have ensured comprehensive testing, aiming to identify and address potential issues within the targeted methods","messageBody":"","fileTypesAndContributionMap":{"java":{"insertions":22,"deletions":0}}},{"hash":"10d8a539f49bc6635fce98d0ebfb05ae87d85683","isMergeCommit":false,"messageTitle":"Applied Junit testing to a minimum of two significant methods, originating from distinct classes (Todo and Deadline). Have ensured comprehensive testing, aiming to identify and address potential issues within the targeted methods","messageBody":"","tags":["A-JUnit"],"fileTypesAndContributionMap":{"java":{"insertions":47,"deletions":1}}}]},{"date":"2024-02-06","commitResults":[{"hash":"4f4d47d0ac49496761230cda42cc86f56c1a879a","isMergeCommit":false,"messageTitle":"I am submitting my commits, primarily focused on creating a JAR file, updating JavaDoc, and adhering to coding standards. However, it is noteworthy that the JavaDoc and coding standard updates are predominaantly done in other branches. I have made some edits to these aspects in this branch, but the emphasis has been on the JAR file submiision.","messageBody":"Submitting commits with comprehensive updates, including JavaDoc enhancements and adhering to coding standards, ensures the codebase\u0027s readability, maintainability and overall quanlity.\n\nSeparating concerns into distinct branches allows for better organization and collaboration within the development team. It facilities parallel development efforts while ensuring that each aspect, such as JAR file creating receive appropriate attention and validation.\n","fileTypesAndContributionMap":{"gradle":{"insertions":3,"deletions":0},"java":{"insertions":343,"deletions":68}}},{"hash":"0a064aafea51016f4ea1e05c029442c5c5f63553","isMergeCommit":false,"messageTitle":"I have edited the JavaDoc comments within the codebase.","messageBody":"The JavaDoc comments require updates accurately reflect the functionality, purpose, and usage or various code elements. The ensures clarity and understanding for developers who will interact with code in future.\n\nThe focus of this commit is on revising and enhancing the JavaDoc comments to provide comprehensive documentatiion for the codebase.\n\nImproving the JavaDoc comments helps maintain the codebase\u0027s readability and understadnability. Clear and descriptive documentation fosters easier maintenance, debugging, and collarboration among team members.\n","tags":["A-JavaDoc"],"fileTypesAndContributionMap":{"java":{"insertions":2,"deletions":33}}},{"hash":"eb3fcec5360b2599a39df711ac1248a5ffd62082","isMergeCommit":false,"messageTitle":"I have reviewed and adjusted the code to comply with the established coding standards. Adhering to coding standards promotes consistency, readability, and maintainability across the codebase. This commits focuses on making necessary adjustments to the code to align with the predefined coding standards. Maintaining consistent coding stadnards help improve code quality and reduces like the likelihood of errors and inconsistencies.","messageBody":"","fileTypesAndContributionMap":{"java":{"insertions":12,"deletions":12}}},{"hash":"4d1f572af66a4562d24d15d2d20b6fd6c24aa962","isMergeCommit":true,"messageTitle":"Merge branch \u0027A-CodingStandard\u0027","messageBody":"# Conflicts:\n#\tsrc/main/java/duke/Parser.java\n","tags":["A-CodingStandard"],"fileTypesAndContributionMap":{}},{"hash":"b5ed3268950cf72fa4c77ff2ad06a7f21953d425","isMergeCommit":false,"messageTitle":"Added a new method \u0027find\u0027 to the \u0027TaskList\u0027 class to implement the search functionality Updated the UI to display the maching tasks in the specified format Implemented the logic to iterate through the task list and check if each task\u0027s description contains the specified  keyword","messageBody":"The addition of the \"Find\" feature enhances the usability of Duke, providing users with a convenient way to search for specific tasks within their task list. This functionality improves the overall user experience and makes it easier for users to manage their tasks effectively. This commit contributes to the ongoing development of Duke, bringing valuable new functionality to the application and enhancing its usefulness to users.\n","fileTypesAndContributionMap":{"java":{"insertions":29,"deletions":0}}},{"hash":"d5b6566ac4c7bf4db8475128ff632f4cb1a62db7","isMergeCommit":true,"messageTitle":"Merge branch \u0027Level-9\u0027","messageBody":"","tags":["Level-9"],"fileTypesAndContributionMap":{}},{"hash":"21b696362af79831fe48255087182fe824f3a748","isMergeCommit":false,"messageTitle":"Testing and rebugging parser class due to merging error","messageBody":"","fileTypesAndContributionMap":{"java":{"insertions":3,"deletions":9}}},{"hash":"14d393a0c9cc7e3655f85035c49f90a33bfc16b6","isMergeCommit":true,"messageTitle":"Merge branch \u0027A-Jar\u0027","messageBody":"# Conflicts:\n#\tdata/duke.txt\n#\tsrc/main/java/duke/Parser.java\n#\tsrc/main/java/duke/TaskList.java\n#\tsrc/main/java/duke/Ui.java\n","tags":["A-Jar"],"fileTypesAndContributionMap":{}},{"hash":"39b4b1fd767facc6e8a13a165748f9e79e6687c5","isMergeCommit":false,"messageTitle":"Debugging/Solving merging conflict between A-Jar and the master branch","messageBody":"","fileTypesAndContributionMap":{"java":{"insertions":4,"deletions":63}}}]},{"date":"2024-02-09","commitResults":[{"hash":"c70e7934bfeebd19831a84d882b14a7f1a620373","isMergeCommit":false,"messageTitle":"my Jar file isn\u0027t working, I was trying to fix it","messageBody":"","fileTypesAndContributionMap":{"gradle":{"insertions":2,"deletions":1}}},{"hash":"b779a8be197078ded743255825489f827a250b7f","isMergeCommit":false,"messageTitle":"accidentally did my checkStyle in this branch","messageBody":"","fileTypesAndContributionMap":{"gradle":{"insertions":77,"deletions":0},"txt":{"insertions":9,"deletions":0},"fxml":{"insertions":189,"deletions":0},"java":{"insertions":10344,"deletions":52},"bat":{"insertions":89,"deletions":0},"sh":{"insertions":74,"deletions":0},"md":{"insertions":1740,"deletions":0}}},{"hash":"f99849f1908ff4e6e5918fdeccd6591b1816fd62","isMergeCommit":false,"messageTitle":"Use checkStyle to detect coding style violations","messageBody":"","tags":["A-CheckStyle"],"fileTypesAndContributionMap":{"java":{"insertions":1,"deletions":1}}}]},{"date":"2024-02-12","commitResults":[{"hash":"3fe9c2d2b6ccce4eb3e005c9f133d35994d875e9","isMergeCommit":false,"messageTitle":"midway creating a GUI for my chatbot","messageBody":"","fileTypesAndContributionMap":{"gradle":{"insertions":14,"deletions":0},"fxml":{"insertions":35,"deletions":0},"java":{"insertions":230,"deletions":61}}},{"hash":"88ab14bba468d113c41166918b3b5ae7c245b03b","isMergeCommit":false,"messageTitle":"Created a GUi for my chatbot, but still got some minor issue regarding to the layout of the message","messageBody":"","tags":["Level-10"],"fileTypesAndContributionMap":{"fxml":{"insertions":2,"deletions":2},"java":{"insertions":213,"deletions":106},"md":{"insertions":9222,"deletions":0}}}]}]},"authorFileTypeContributionMap":{"kailinteoo":{"java":11569,"md":10962,"fxml":224,"sh":74,"bat":89,"gradle":96,"txt":11}},"authorContributionVariance":{"kailinteoo":9238498.0},"authorDisplayNameMap":{"kailinteoo":"CS2103T-T09-2 KAIL.. TEO"}}
