{"authorDailyContributionsMap":{"linnn-7":[{"date":"2024-01-20","commitResults":[{"hash":"dd639e2b1d7e4227bfe4cac11b1f0e230d94b0c7","isMergeCommit":false,"messageTitle":"initial version that greets and exit","messageBody":"","tags":["level-0"],"fileTypesAndContributionMap":{"java":{"insertions":9,"deletions":10}}},{"hash":"4d00c0ab9ce6edb5387d0e2cf5b8651688d4ba7d","isMergeCommit":false,"messageTitle":"echos commands entered by the user, and exits when the user types the command bye.","messageBody":"","tags":["level-1"],"fileTypesAndContributionMap":{"java":{"insertions":21,"deletions":5}}},{"hash":"ebb5f9d09f6374917fc97507bd75e7d9a4251d1b","isMergeCommit":false,"messageTitle":"store text entered by the user and display them back","messageBody":"","tags":["level-2"],"fileTypesAndContributionMap":{"java":{"insertions":19,"deletions":2}}},{"hash":"95a22ae23f20bf2f30d4b9324b9fa44160cfc483","isMergeCommit":false,"messageTitle":"Add the ability to mark tasks as done and the ability to change the status back to not done.","messageBody":"","tags":["level-3"],"fileTypesAndContributionMap":{"java":{"insertions":95,"deletions":10}}},{"hash":"d19beff7ecbc1db1b04004975af2a45c6706de76","isMergeCommit":false,"messageTitle":"Add support for tracking three types of tasks","messageBody":"","tags":["level-4"],"fileTypesAndContributionMap":{"txt":{"insertions":7,"deletions":0},"java":{"insertions":76,"deletions":11},"bat":{"insertions":1,"deletions":1},"sh":{"insertions":1,"deletions":1}}},{"hash":"178e8c53136d7b49bbc537c86d5157d9dc98f472","isMergeCommit":false,"messageTitle":"Use Exceptions to handle errors","messageBody":"","tags":["level-5"],"fileTypesAndContributionMap":{"java":{"insertions":99,"deletions":53}}},{"hash":"b2486d33ae32bfb2988e4afa48b246f3c3fe2fee","isMergeCommit":false,"messageTitle":"Add support for deleting tasks from the list.","messageBody":"","tags":["level-6"],"fileTypesAndContributionMap":{"java":{"insertions":54,"deletions":10}}}]},{"date":"2024-01-25","commitResults":[{"hash":"d93c9dc274fa53ed58441f98d2c13d0d354fbb0c","isMergeCommit":false,"messageTitle":"Test using the I/O redirection technique","messageBody":"","tags":["A-TextUiTesting"],"fileTypesAndContributionMap":{"txt":{"insertions":5,"deletions":3},"java":{"insertions":13,"deletions":13}}}]},{"date":"2024-01-27","commitResults":[{"hash":"44e49b7d47888dc1f34e205dfbc47ab48865ed4d","isMergeCommit":false,"messageTitle":"Update Javadoc according to Git conventions","messageBody":"","fileTypesAndContributionMap":{"java":{"insertions":77,"deletions":27}}},{"hash":"6aa143d9fd15f7fe5268e6a080ddc11cc9e127fe","isMergeCommit":false,"messageTitle":"Save the tasks in the hard disk automatically","messageBody":"","fileTypesAndContributionMap":{"txt":{"insertions":7,"deletions":0},"java":{"insertions":140,"deletions":8}}},{"hash":"cbee7adc5fa11330533eec13f4c7e530e299dd30","isMergeCommit":true,"messageTitle":"Merge branch \u0027branch-level-7\u0027","messageBody":"* branch-level-7:\n  Save the tasks in the hard disk automatically\n","tags":["level-7"],"fileTypesAndContributionMap":{}},{"hash":"a232839e39dab7e0b282c5518ca04cb636ef8186","isMergeCommit":false,"messageTitle":"Store deadline and event date and time","messageBody":"","fileTypesAndContributionMap":{"txt":{"insertions":8,"deletions":5},"java":{"insertions":57,"deletions":15}}},{"hash":"8080a6765215b7f439f8f62c7df75812a37c2bc3","isMergeCommit":true,"messageTitle":"Merge branch \u0027branch-level-8\u0027","messageBody":"* branch-level-8:\n  Store deadline and event date and time\n","tags":["level-8"],"fileTypesAndContributionMap":{}},{"hash":"4140de83168228372f8b669013951a284c9f3cf4","isMergeCommit":false,"messageTitle":"Refactor the code to extract out closely related code as classes","messageBody":"","tags":["A-MoreOOP"],"fileTypesAndContributionMap":{"txt":{"insertions":6,"deletions":6},"java":{"insertions":655,"deletions":306}}},{"hash":"7a409956500e056ef906b3bdd5ebb6f80f0ddc4f","isMergeCommit":false,"messageTitle":"Divide classes into packages","messageBody":"","tags":["A-Packages"],"fileTypesAndContributionMap":{"txt":{"insertions":1,"deletions":2},"java":{"insertions":143,"deletions":50}}},{"hash":"dc0afdec60625076dd1363566a560199a7d87b1d","isMergeCommit":true,"messageTitle":"Merge remote-tracking branch \u0027origin/add-gradle-support\u0027","messageBody":"* origin/add-gradle-support:\n  Bump gradle and lib version\n  Add Gradle support\n  docs/README.md: Tweak document template\n","fileTypesAndContributionMap":{}},{"hash":"24595620d4fee8bb0728e334c6a8d7640d03e033","isMergeCommit":false,"messageTitle":"Automate project builds using Gradle","messageBody":"","tags":["A-Gradle"],"fileTypesAndContributionMap":{"gradle":{"insertions":2,"deletions":1}}}]},{"date":"2024-01-28","commitResults":[{"hash":"66a2559960ceb8606bb2673cc9c1e34503396819","isMergeCommit":false,"messageTitle":"Add JUnit tests to test the behavior of the code","messageBody":"","tags":["A-Jar","A-JUnit"],"fileTypesAndContributionMap":{"gradle":{"insertions":1,"deletions":2},"txt":{"insertions":2,"deletions":1},"java":{"insertions":151,"deletions":32}}},{"hash":"eb0fcf9f49fba42945225fc9259719d694bd6eb9","isMergeCommit":false,"messageTitle":"Add JavaDoc comments","messageBody":"","fileTypesAndContributionMap":{"gradle":{"insertions":1,"deletions":1}}},{"hash":"335663adf7b60a7b7174abb5538da484aef9b13d","isMergeCommit":false,"messageTitle":"Tweak the code to comply with a coding standard","messageBody":"","fileTypesAndContributionMap":{"gradle":{"insertions":6,"deletions":1},"txt":{"insertions":1,"deletions":2}}},{"hash":"6745838477dd1bd01e2bb10630e2911e1e919002","isMergeCommit":false,"messageTitle":"Allow users to find a task by searching for a keyword","messageBody":"","fileTypesAndContributionMap":{"java":{"insertions":86,"deletions":5}}},{"hash":"5794fc9ba66fbef4ef53b106accc35652ef48ee3","isMergeCommit":true,"messageTitle":"Merge branch \u0027branch-A-JavaDoc\u0027","messageBody":"* branch-A-JavaDoc:\n  Add JavaDoc comments\n","tags":["A-JavaDoc"],"fileTypesAndContributionMap":{}},{"hash":"0a5146c568972cd43caae4a8269395c8fd9d762c","isMergeCommit":true,"messageTitle":"Merge branch \u0027branch-A-CodingStandard\u0027","messageBody":"* branch-A-CodingStandard:\n  Tweak the code to comply with a coding standard\n","tags":["A-CodingStandard"],"fileTypesAndContributionMap":{}},{"hash":"1e292e6a17e916f7d425aa2e20f19ccac0088281","isMergeCommit":true,"messageTitle":"Merge branch \u0027branch-Level-9\u0027","messageBody":"* branch-Level-9:\n  Allow users to find a task by searching for a keyword\n","tags":["level-9"],"fileTypesAndContributionMap":{}}]},{"date":"2024-01-31","commitResults":[{"hash":"b6f9d77b8621289af8d2ca1152004b775edb79ee","isMergeCommit":false,"messageTitle":"Fix Gradle checkstyle bugs","messageBody":"","fileTypesAndContributionMap":{"gradle":{"insertions":1,"deletions":1},"java":{"insertions":100,"deletions":46}}}]},{"date":"2024-02-02","commitResults":[{"hash":"34cb768ceeac36834805677feb8e81accbe248c1","isMergeCommit":false,"messageTitle":"Use checkStyle to detect coding style violations","messageBody":"","fileTypesAndContributionMap":{"java":{"insertions":1,"deletions":0}}},{"hash":"cc9c7222586092c60a595458d1807298ef3d0d18","isMergeCommit":true,"messageTitle":"Merge branch \u0027branch-A-CheckStyle\u0027","messageBody":"* branch-A-CheckStyle:\n  Use checkStyle to detect coding style violations\n","tags":["A-CheckStyle"],"fileTypesAndContributionMap":{}}]},{"date":"2024-02-03","commitResults":[{"hash":"e8192ef2b86415af380ce646623a0199eb72d019","isMergeCommit":false,"messageTitle":"Add a GUI to the chatbot","messageBody":"","fileTypesAndContributionMap":{"gradle":{"insertions":14,"deletions":0},"txt":{"insertions":3,"deletions":2},"fxml":{"insertions":40,"deletions":0},"java":{"insertions":298,"deletions":92}}},{"hash":"48921720fa0b040426b77fc4ce794ba8b71753cb","isMergeCommit":true,"messageTitle":"Merge branch \u0027branch-Level-10\u0027","messageBody":"* branch-Level-10:\n  Add a GUI to the chatbot\n","tags":["level-10"],"fileTypesAndContributionMap":{}}]},{"date":"2024-02-10","commitResults":[{"hash":"0849fb7e6d5de4d5e21c88a7496ee05eda966d08","isMergeCommit":false,"messageTitle":"Change GUI appearance","messageBody":"Changing GUI appearance makes instructions and user guides more clear for users to see.\n","tags":["A-FullCommitMessage"],"fileTypesAndContributionMap":{"txt":{"insertions":1,"deletions":1},"fxml":{"insertions":5,"deletions":2},"java":{"insertions":1,"deletions":3}}},{"hash":"1958a423123541ebcff42f78d4ad46a570b9219b","isMergeCommit":false,"messageTitle":"Use Assertions","messageBody":"Using assertions documents assumptions such as taskList must be initialised.\n","fileTypesAndContributionMap":{"gradle":{"insertions":3,"deletions":2},"java":{"insertions":11,"deletions":0}}},{"hash":"e082e699ecd1d4ea8d83939822316144c245bc15","isMergeCommit":false,"messageTitle":"Improve code quality","messageBody":"Let\u0027s,\n* shorten long methods to improve readabilty\n* avoid deep nesting to make logic obvious\n","fileTypesAndContributionMap":{"gradle":{"insertions":1,"deletions":1},"txt":{"insertions":2,"deletions":2},"java":{"insertions":203,"deletions":106}}},{"hash":"d4e223e9e0cf0c909deb86980fc8e6b0f757b691","isMergeCommit":true,"messageTitle":"Merge pull request #1 from linnn-7/branch-A-Assertions","messageBody":"Use Assertions","fileTypesAndContributionMap":{}},{"hash":"e404056eaea4b5536f6d9d7d139587b563df5a92","isMergeCommit":false,"messageTitle":"Revert \"Use Assertions\"","messageBody":"","fileTypesAndContributionMap":{"gradle":{"insertions":2,"deletions":3},"java":{"insertions":0,"deletions":11}}},{"hash":"b22ffb0292ae2f963d85cb32ec2d9cf6d1d034ff","isMergeCommit":true,"messageTitle":"Merge pull request #2 from linnn-7/revert-1-branch-A-Assertions","messageBody":"Use Assertions","fileTypesAndContributionMap":{}},{"hash":"ef8bf07908d05f9228872e36998e6ae498632b12","isMergeCommit":false,"messageTitle":"Add more assertions","messageBody":"","fileTypesAndContributionMap":{"txt":{"insertions":1,"deletions":1},"java":{"insertions":1,"deletions":0}}},{"hash":"f1feb8a6fd0daf9eec056aca68db61932a7a2130","isMergeCommit":true,"messageTitle":"Merge pull request #4 from linnn-7/branch-A-Assertions","messageBody":"Add assertions","tags":["A-Assertions"],"fileTypesAndContributionMap":{}},{"hash":"eb15498d93573c50ac41674b06e713d472c257ef","isMergeCommit":true,"messageTitle":"Merge branch \u0027master\u0027 into branch-A-CodeQuality","messageBody":"* master:\n  Add more assertions\n  Revert \"Use Assertions\"\n  Use Assertions\n","tags":["A-CodeQuality"],"fileTypesAndContributionMap":{}},{"hash":"81439026075cd6dad2a337e95f48988a8387351d","isMergeCommit":true,"messageTitle":"Merge pull request #3 from linnn-7/branch-A-CodeQuality","messageBody":"Improve code quality","fileTypesAndContributionMap":{}},{"hash":"75246751afe56a775f9dd4eb6439da46f28b0f63","isMergeCommit":true,"messageTitle":"Merge branch \u0027master\u0027 of https://github.com/linnn-7/ip","messageBody":"* \u0027master\u0027 of https://github.com/linnn-7/ip:\n  Improve code quality\n","fileTypesAndContributionMap":{}},{"hash":"cf49bae57da63e589f10197646566884331164c1","isMergeCommit":false,"messageTitle":"Support adding tasks that have a prerequisite","messageBody":"","fileTypesAndContributionMap":{"txt":{"insertions":2,"deletions":1},"java":{"insertions":80,"deletions":2}}},{"hash":"7ef405a9ae5863e24b62457461791f8aa04d0f8d","isMergeCommit":true,"messageTitle":"Merge branch \u0027branch-B-DoAfterTasks\u0027","messageBody":"* branch-B-DoAfterTasks:\n  Support adding tasks that have a prerequisite\n","tags":["BCD-Extension"],"fileTypesAndContributionMap":{}}]},{"date":"2024-02-16","commitResults":[{"hash":"81d569b629169537ef07fea9cd9571bdc16bb541","isMergeCommit":false,"messageTitle":"Improve the GUI","messageBody":"","tags":["A-BetterGui"],"fileTypesAndContributionMap":{"txt":{"insertions":2,"deletions":2},"fxml":{"insertions":4,"deletions":4},"java":{"insertions":14,"deletions":1}}},{"hash":"3099575e25d347d3e6a3c5f58657e1d7dcdb1ae4","isMergeCommit":false,"messageTitle":"Add a representative screenshot","messageBody":"","fileTypesAndContributionMap":{"java":{"insertions":8,"deletions":3}}}]}]},"authorFileTypeContributionMap":{"linnn-7":{"java":1601,"md":0,"fxml":43,"sh":1,"bat":1,"gradle":21,"txt":20}},"authorContributionVariance":{"linnn-7":91184.58},"authorDisplayNameMap":{"linnn-7":"CS2103T-T12-4 LIN .. BIN"}}
