[{"path":"src/main/java/Liv.java","fileType":"java","lines":[{"lineNumber":1,"author":{"gitId":"Kaya3842"},"content":"import java.util.Scanner;","lastModifiedDate":"2024-01-25"},{"lineNumber":2,"author":{"gitId":"Kaya3842"},"content":"","lastModifiedDate":"2024-01-25"},{"lineNumber":3,"author":{"gitId":"Kaya3842"},"content":"public class Liv {","lastModifiedDate":"2024-01-25"},{"lineNumber":4,"author":{"gitId":"Kaya3842"},"content":"    public static void greet() {","lastModifiedDate":"2024-01-25"},{"lineNumber":5,"author":{"gitId":"Kaya3842"},"content":"        System.out.println(\"Liv, under your instructions!\");","lastModifiedDate":"2024-01-25"},{"lineNumber":6,"author":{"gitId":"Kaya3842"},"content":"        System.out.println(\"What is your command?\\n\");","lastModifiedDate":"2024-01-25"},{"lineNumber":7,"author":{"gitId":"Kaya3842"},"content":"    }","lastModifiedDate":"2024-01-25"},{"lineNumber":8,"author":{"gitId":"Kaya3842"},"content":"    public static void exit() {","lastModifiedDate":"2024-01-25"},{"lineNumber":9,"author":{"gitId":"Kaya3842"},"content":"        System.out.println(\"Farewell, see you next time!\");","lastModifiedDate":"2024-01-25"},{"lineNumber":10,"author":{"gitId":"Kaya3842"},"content":"    }","lastModifiedDate":"2024-01-25"},{"lineNumber":11,"author":{"gitId":"Kaya3842"},"content":"    public static void main(String[] args) {","lastModifiedDate":"2024-01-25"},{"lineNumber":12,"author":{"gitId":"Kaya3842"},"content":"        greet();","lastModifiedDate":"2024-01-25"},{"lineNumber":13,"author":{"gitId":"Kaya3842"},"content":"","lastModifiedDate":"2024-01-25"},{"lineNumber":14,"author":{"gitId":"Kaya3842"},"content":"        Scanner scanner \u003d new Scanner(System.in);","lastModifiedDate":"2024-01-25"},{"lineNumber":15,"author":{"gitId":"Kaya3842"},"content":"        String command \u003d scanner.nextLine();","lastModifiedDate":"2024-01-25"},{"lineNumber":16,"author":{"gitId":"Kaya3842"},"content":"        while(!command.equals(\"bye\")) {","lastModifiedDate":"2024-01-25"},{"lineNumber":17,"author":{"gitId":"Kaya3842"},"content":"            System.out.println(\"     \" + command + \"\\n\");","lastModifiedDate":"2024-01-25"},{"lineNumber":18,"author":{"gitId":"Kaya3842"},"content":"            command \u003d scanner.nextLine();","lastModifiedDate":"2024-01-25"},{"lineNumber":19,"author":{"gitId":"Kaya3842"},"content":"        }","lastModifiedDate":"2024-01-25"},{"lineNumber":20,"author":{"gitId":"Kaya3842"},"content":"","lastModifiedDate":"2024-01-25"},{"lineNumber":21,"author":{"gitId":"Kaya3842"},"content":"        exit();","lastModifiedDate":"2024-01-25"},{"lineNumber":22,"author":{"gitId":"Kaya3842"},"content":"    }","lastModifiedDate":"2024-01-25"},{"lineNumber":23,"author":{"gitId":"Kaya3842"},"content":"}","lastModifiedDate":"2024-01-25"},{"lineNumber":24,"author":{"gitId":"Kaya3842"},"content":"","lastModifiedDate":"2024-01-25"}],"authorContributionMap":{"Kaya3842":24}}]
