{"authorDailyContributionsMap":{"Kaya3842":[{"date":"2024-01-25","commitResults":[{"hash":"f88764f9219be41dd18be6e083db1e660b0be28e","isMergeCommit":false,"messageTitle":"Level-0","messageBody":"","tags":["Level-0"],"fileTypesAndContributionMap":{"java":{"insertions":14,"deletions":10}}},{"hash":"2cc79205044998d6be6671a864feff7ae80b9fe7","isMergeCommit":false,"messageTitle":"Echo","messageBody":"","tags":["Level-1"],"fileTypesAndContributionMap":{"java":{"insertions":10,"deletions":0}}}]}]},"authorFileTypeContributionMap":{"Kaya3842":{"java":24,"md":0,"fxml":0,"sh":0,"bat":0,"gradle":0,"txt":0}},"authorContributionVariance":{"Kaya3842":141.55101},"authorDisplayNameMap":{"Kaya3842":"DINH..HIEN"}}
