{"authorDailyContributionsMap":{"Kaya3842":[{"date":"2024-01-25","commitResults":[{"hash":"f88764f9219be41dd18be6e083db1e660b0be28e","isMergeCommit":false,"messageTitle":"Level-0","messageBody":"","tags":["Level-0"],"fileTypesAndContributionMap":{"java":{"insertions":14,"deletions":10}}},{"hash":"2cc79205044998d6be6671a864feff7ae80b9fe7","isMergeCommit":false,"messageTitle":"Echo","messageBody":"","tags":["Level-1"],"fileTypesAndContributionMap":{"java":{"insertions":10,"deletions":0}}},{"hash":"babb77580a345fa3be2e0b6d6fd42eba196d3895","isMergeCommit":false,"messageTitle":"Add, List","messageBody":"","tags":["Level-2"],"fileTypesAndContributionMap":{"java":{"insertions":13,"deletions":2}}},{"hash":"bc2a4fd4f8f9c5fb463f094333f567f572629df0","isMergeCommit":false,"messageTitle":"Add Task class","messageBody":"","fileTypesAndContributionMap":{"java":{"insertions":21,"deletions":1}}},{"hash":"0ea9d3689a695a068c3ab57d40e153cc64f87449","isMergeCommit":false,"messageTitle":"Mark as Done","messageBody":"","tags":["Level-3"],"fileTypesAndContributionMap":{"java":{"insertions":69,"deletions":19}}}]},{"date":"2024-01-26","commitResults":[{"hash":"01b2d67a6626fac3b87e08ae9402a624e303a944","isMergeCommit":false,"messageTitle":"Added type of tasks","messageBody":"","tags":["Level-4"],"fileTypesAndContributionMap":{"java":{"insertions":99,"deletions":9}}},{"hash":"e790019c03acbe22f8cfe862e035df2d77060895","isMergeCommit":false,"messageTitle":"Automated Text UI Testing","messageBody":"","tags":["A-TextUiTesting"],"fileTypesAndContributionMap":{"txt":{"insertions":22,"deletions":0},"java":{"insertions":2,"deletions":2},"bat":{"insertions":2,"deletions":2},"sh":{"insertions":1,"deletions":1}}}]},{"date":"2024-01-27","commitResults":[{"hash":"9398963bbbe53ac6b420b710585fec9ba395cfb0","isMergeCommit":false,"messageTitle":"Handle Errors","messageBody":"","tags":["Level-5"],"fileTypesAndContributionMap":{"java":{"insertions":50,"deletions":23}}}]},{"date":"2024-01-29","commitResults":[{"hash":"1ad704c921c74a9cfe105f8cb25e9ba0d83e23a8","isMergeCommit":false,"messageTitle":"Add delete function + handle more errors","messageBody":"","tags":["Level-6"],"fileTypesAndContributionMap":{"java":{"insertions":44,"deletions":5}}}]},{"date":"2024-02-01","commitResults":[{"hash":"3557314bc43febded9b6def4f9b46805eab9ba51","isMergeCommit":false,"messageTitle":"Add Save function","messageBody":"","fileTypesAndContributionMap":{"txt":{"insertions":5,"deletions":0},"java":{"insertions":100,"deletions":4}}},{"hash":"979c86dc07c9168e77839bd5b6f7a63cdf9743c9","isMergeCommit":true,"messageTitle":"Merge branch \u0027branch-Level-7\u0027","messageBody":"","tags":["Level-7"],"fileTypesAndContributionMap":{}}]},{"date":"2024-02-06","commitResults":[{"hash":"786d432efeab26599e5f959df5581b6be8baa824","isMergeCommit":false,"messageTitle":"BREAKING CHANGE: now store time as a LocalDateTime object instead of a String object","messageBody":"","tags":["Level-8"],"fileTypesAndContributionMap":{"java":{"insertions":36,"deletions":18}}}]}]},"authorFileTypeContributionMap":{"Kaya3842":{"java":375,"md":0,"fxml":0,"sh":1,"bat":1,"gradle":0,"txt":27}},"authorContributionVariance":{"Kaya3842":2603.0361},"authorDisplayNameMap":{"Kaya3842":"CS2103T-W13-4 DINH..HIEN"}}
