{"authorDailyContributionsMap":{"Kaya3842":[{"date":"2024-01-25","commitResults":[{"hash":"f88764f9219be41dd18be6e083db1e660b0be28e","isMergeCommit":false,"messageTitle":"Level-0","messageBody":"","tags":["Level-0"],"fileTypesAndContributionMap":{"java":{"insertions":14,"deletions":10}}},{"hash":"2cc79205044998d6be6671a864feff7ae80b9fe7","isMergeCommit":false,"messageTitle":"Echo","messageBody":"","tags":["Level-1"],"fileTypesAndContributionMap":{"java":{"insertions":10,"deletions":0}}},{"hash":"babb77580a345fa3be2e0b6d6fd42eba196d3895","isMergeCommit":false,"messageTitle":"Add, List","messageBody":"","tags":["Level-2"],"fileTypesAndContributionMap":{"java":{"insertions":13,"deletions":2}}},{"hash":"bc2a4fd4f8f9c5fb463f094333f567f572629df0","isMergeCommit":false,"messageTitle":"Add Task class","messageBody":"","fileTypesAndContributionMap":{"java":{"insertions":21,"deletions":1}}},{"hash":"0ea9d3689a695a068c3ab57d40e153cc64f87449","isMergeCommit":false,"messageTitle":"Mark as Done","messageBody":"","tags":["Level-3"],"fileTypesAndContributionMap":{"java":{"insertions":69,"deletions":19}}}]},{"date":"2024-01-26","commitResults":[{"hash":"01b2d67a6626fac3b87e08ae9402a624e303a944","isMergeCommit":false,"messageTitle":"Added type of tasks","messageBody":"","tags":["Level-4"],"fileTypesAndContributionMap":{"java":{"insertions":99,"deletions":9}}},{"hash":"e790019c03acbe22f8cfe862e035df2d77060895","isMergeCommit":false,"messageTitle":"Automated Text UI Testing","messageBody":"","tags":["A-TextUiTesting"],"fileTypesAndContributionMap":{"txt":{"insertions":22,"deletions":0},"java":{"insertions":2,"deletions":2},"bat":{"insertions":2,"deletions":2},"sh":{"insertions":1,"deletions":1}}}]},{"date":"2024-01-27","commitResults":[{"hash":"9398963bbbe53ac6b420b710585fec9ba395cfb0","isMergeCommit":false,"messageTitle":"Handle Errors","messageBody":"","tags":["Level-5"],"fileTypesAndContributionMap":{"java":{"insertions":50,"deletions":23}}}]},{"date":"2024-01-29","commitResults":[{"hash":"1ad704c921c74a9cfe105f8cb25e9ba0d83e23a8","isMergeCommit":false,"messageTitle":"Add delete function + handle more errors","messageBody":"","tags":["Level-6"],"fileTypesAndContributionMap":{"java":{"insertions":44,"deletions":5}}}]},{"date":"2024-02-01","commitResults":[{"hash":"3557314bc43febded9b6def4f9b46805eab9ba51","isMergeCommit":false,"messageTitle":"Add Save function","messageBody":"","fileTypesAndContributionMap":{"txt":{"insertions":5,"deletions":0},"java":{"insertions":100,"deletions":4}}},{"hash":"979c86dc07c9168e77839bd5b6f7a63cdf9743c9","isMergeCommit":true,"messageTitle":"Merge branch \u0027branch-Level-7\u0027","messageBody":"","tags":["Level-7"],"fileTypesAndContributionMap":{}}]},{"date":"2024-02-06","commitResults":[{"hash":"786d432efeab26599e5f959df5581b6be8baa824","isMergeCommit":false,"messageTitle":"BREAKING CHANGE: now store time as a LocalDateTime object instead of a String object","messageBody":"","tags":["Level-8"],"fileTypesAndContributionMap":{"java":{"insertions":36,"deletions":18}}}]},{"date":"2024-02-07","commitResults":[{"hash":"a4fb9c03f3618e2de82b33ce2ad0bd6d2d21bcb3","isMergeCommit":false,"messageTitle":"Summary: Style: Change the class structure to add more OOP Description: Extract new classes such as Parser and Storage to separate the logic. Transfer some functions from Liv class to new classes","messageBody":"","fileTypesAndContributionMap":{"java":{"insertions":106,"deletions":1}}},{"hash":"457e52d6af8d8c16984e5a12a27921da3a38cc3d","isMergeCommit":false,"messageTitle":"Add more classes to make more OOP","messageBody":"Completely separate the main class Liv into smaller classes.\n","fileTypesAndContributionMap":{"java":{"insertions":310,"deletions":36}}},{"hash":"a1394545962ef628bf8a205aa157a61ede774a11","isMergeCommit":false,"messageTitle":"Liv.java: Remove old logic and add new logic","messageBody":"Rewrite the main class Liv.java using the new classes for more OOP.\n","fileTypesAndContributionMap":{"txt":{"insertions":0,"deletions":5},"java":{"insertions":73,"deletions":254}}},{"hash":"1fd6bdf65cb6c5168bf1fdc8b9016aaa7c2a2ffb","isMergeCommit":true,"messageTitle":"Merge branch \u0027branch-A-MoreOOP\u0027","messageBody":"* branch-A-MoreOOP:\n  Liv.java: Remove old logic and add new logic\n  Add more classes to make more OOP\n  Summary: Style: Change the class structure to add more OOP Description: Extract new classes such as Parser and Storage to separate the logic. Transfer some functions from Liv class to new classes\n","tags":["A-MoreOOP"],"fileTypesAndContributionMap":{}},{"hash":"5d72609e2b8d378d855db841599beae323601289","isMergeCommit":false,"messageTitle":"Organize into Packages","messageBody":"Divide the classes into suitable java packages.\n\nClasses that are closely related are divided into the same package.\n","fileTypesAndContributionMap":{"java":{"insertions":113,"deletions":19},"bat":{"insertions":1,"deletions":1}}},{"hash":"ea01f13e5eb355c07253e17f52cfd574e15199e8","isMergeCommit":true,"messageTitle":"Merge branch \u0027branch-A-Packages\u0027","messageBody":"* branch-A-Packages:\n  Organize into Packages\n","tags":["A-Packages"],"fileTypesAndContributionMap":{}},{"hash":"4d4267ac9940418c3290d6b97da6fb3742acc17f","isMergeCommit":true,"messageTitle":"Merge branch \u0027add-gradle-support\u0027","messageBody":"* add-gradle-support:\n  Bump gradle and lib version\n  Add Gradle support\n  docs/README.md: Tweak document template\n","fileTypesAndContributionMap":{}},{"hash":"0a1071a29011447e8bd982bbb5cf0faee2e2d99f","isMergeCommit":false,"messageTitle":"Add build.gradle","messageBody":"Add Gradle to use on the later tasks of the project.\n","fileTypesAndContributionMap":{"gradle":{"insertions":1,"deletions":1},"txt":{"insertions":0,"deletions":0}}},{"hash":"002fc03f5318a9677fd050d5609e0dcc08895eba","isMergeCommit":true,"messageTitle":"Merge branch \u0027branch-A-Gradle\u0027","messageBody":"* branch-A-Gradle:\n  Add build.gradle\n","tags":["A-Gradle"],"fileTypesAndContributionMap":{}},{"hash":"2b1b23088c73533e011c3360a4f046c393f32aa5","isMergeCommit":false,"messageTitle":"Add Unit Test","messageBody":"Unit Test on two classes TaskList and Task to test the code.\n\nFunctions tested: addTask, markAsDone, getDisplayedString.\n","tags":["A-JUnit"],"fileTypesAndContributionMap":{"txt":{"insertions":1,"deletions":0},"java":{"insertions":40,"deletions":0}}},{"hash":"51c4df1781961a50daf5bec4eacaa3faa287e581","isMergeCommit":false,"messageTitle":"Create a JAR File","messageBody":"Package the app as an executable JAR file for easier distribution.\n","tags":["A-Jar"],"fileTypesAndContributionMap":{"gradle":{"insertions":3,"deletions":3},"txt":{"insertions":1,"deletions":0},"java":{"insertions":1,"deletions":1}}}]},{"date":"2024-02-08","commitResults":[{"hash":"44678da13a9a5cf0b2b16e2d4b937b2bdf4a9614","isMergeCommit":false,"messageTitle":"Add the find feature","messageBody":"The find feature is used to find task using a keyword.\n\nThis feature will help user manage tasks in the list easier.\n","fileTypesAndContributionMap":{"txt":{"insertions":0,"deletions":2},"java":{"insertions":78,"deletions":3}}},{"hash":"f6424fc577b84ca8b44fd53631e149ac99fcf850","isMergeCommit":true,"messageTitle":"Merge branch \u0027branch-Level-9\u0027","messageBody":"* branch-Level-9:\n  Add the find feature\n","tags":["Level-9"],"fileTypesAndContributionMap":{}},{"hash":"dfda163fbeadd576d93932725be0e6992dd8f23c","isMergeCommit":false,"messageTitle":"Add javadoc comments to some of the code","messageBody":"Add header comments to some classes.\n","fileTypesAndContributionMap":{"txt":{"insertions":1,"deletions":2},"java":{"insertions":103,"deletions":4}}},{"hash":"a650b24cdd5f0e62f8a64cbda2b83b97ace225fd","isMergeCommit":false,"messageTitle":"Add more Javadoc","messageBody":"Add header comments to most classes and methods\n","fileTypesAndContributionMap":{"java":{"insertions":256,"deletions":8}}},{"hash":"754274a3bc16303a5f73722a6b99514bab3d05f4","isMergeCommit":true,"messageTitle":"Merge branch \u0027branch-A-JavaDoc\u0027","messageBody":"* branch-A-JavaDoc:\n  Add more Javadoc\n  Add javadoc comments to some of the code\n\n# Conflicts:\n#\tdata/liv.Liv.txt\n#\tsrc/main/java/liv/ui/Ui.java\n","tags":["A-JavaDoc"],"fileTypesAndContributionMap":{}},{"hash":"d03a73d1fa22ccea89943e699a25d1b7c1de756b","isMergeCommit":false,"messageTitle":"Fix the code to the coding standard","messageBody":"Change boolean changedData to hasChangedData.\n\nAdd more header comments.\n\nReorder some imports in classes to make them clearer.\n","fileTypesAndContributionMap":{"java":{"insertions":61,"deletions":10}}},{"hash":"f157ba6421595b47d144a0bf5651411733f9d57e","isMergeCommit":true,"messageTitle":"Merge branch \u0027branch-A-CodingStandard\u0027","messageBody":"* branch-A-CodingStandard:\n  Fix the code to the coding standard\n\n# Conflicts:\n#\tsrc/main/java/liv/processor/Command.java\n","tags":["A-CodingStandard"],"fileTypesAndContributionMap":{}},{"hash":"06ba05ba1eace4ae5b7e211046138be2b4283cea","isMergeCommit":false,"messageTitle":"Fix javadoc","messageBody":"Fix some header comments to better describe the classes.\n","fileTypesAndContributionMap":{"java":{"insertions":4,"deletions":11}}}]},{"date":"2024-02-15","commitResults":[{"hash":"fd11336db2c3621acb53da67812a8a42c05cfd5f","isMergeCommit":false,"messageTitle":"Add GUI features","messageBody":"Add a GUI to the chatbot using JavaFX technology.\n","fileTypesAndContributionMap":{"gradle":{"insertions":16,"deletions":1},"fxml":{"insertions":35,"deletions":0},"java":{"insertions":319,"deletions":27}}},{"hash":"24a562eaa93516332fdd1d8e3500f99ebaff06fb","isMergeCommit":false,"messageTitle":"Update classes to match GUI logic","messageBody":"Update the logic in command and UI classes to use the GUI features\n","fileTypesAndContributionMap":{"java":{"insertions":107,"deletions":69}}},{"hash":"122f9f8fa8f1b1e5e6696324a99542fb1dea727f","isMergeCommit":true,"messageTitle":"Merge branch \u0027branch-Level-10\u0027","messageBody":"* branch-Level-10:\n  Update classes to match GUI logic\n  Add GUI features\n","tags":["Level-10"],"fileTypesAndContributionMap":{}}]},{"date":"2024-02-22","commitResults":[{"hash":"7d44424c356b941390ac4ab09575019eeb769a6d","isMergeCommit":false,"messageTitle":"Fix logic for GUI","messageBody":"The old logic is used for CLI and that logic design breaks in GUI.\n\nTo make the app work as intended in GUI, most of the main logic has to\nbe changed.\n\nThe Command.execute() method now takes in the Storage parameter. This\nallows the app to store data when execute() is called instead of\nrun() in the CLI.\n\nSince the GUI uses a different start() method from the CLI, this change\nin design is to make the logic consistent for both interfaces.\n","tags":["A-FullCommitMessage"],"fileTypesAndContributionMap":{"txt":{"insertions":0,"deletions":4},"fxml":{"insertions":2,"deletions":2},"java":{"insertions":84,"deletions":36}}},{"hash":"3be78fc4273c2e7533c6c0ec3e2477e2a53a9a1f","isMergeCommit":false,"messageTitle":"Use Assertions and fix exception message","messageBody":"The assert feature can document important assumptions at various\npoints in the code. Make the exception message clearer so the user can\nunderstand what is wrong in the command.\n\nThe command that users input cannot be null. The number from the input\ncommand is a positive integer. The time for an event cannot be null.\nThe keyword in the find command cannot be null.\n\nThe number in the input command must be a positive integer.\nThe exception message is changed to make that error clearer.\nAdd another case where the keyword from find is empty.\n","fileTypesAndContributionMap":{"java":{"insertions":13,"deletions":48}}},{"hash":"5841608a1ec285b2187722b4e549bf567a8a59c5","isMergeCommit":false,"messageTitle":"Improve code quality","messageBody":"Improve code quality can help improve readability, making the logic\neasier to follow and debug.\n\nUse blank lines to separate different groups of logic in a method.\n\nChange the method initialize() in the MainWindow class to follow SLAP.\nMove the greetingMessage out of the method to make a single level\nof abstraction.\n\nHaving a single level of abstraction in a method can improve\nreadability.\n","fileTypesAndContributionMap":{"java":{"insertions":33,"deletions":5}}}]},{"date":"2024-02-23","commitResults":[{"hash":"2f7ee3af8cef4f20e08dd521f7f48a3c4d9b4130","isMergeCommit":true,"messageTitle":"Merge pull request #2 from Kaya3842/branch-A-Assertions","messageBody":"Use Assertions and fix exception message","tags":["A-Assertions"],"fileTypesAndContributionMap":{}},{"hash":"d4ad556aabae72f5b98362b25bca2839417d880e","isMergeCommit":true,"messageTitle":"Merge branch \u0027master\u0027 into branch-A-CodeQuality","messageBody":"","fileTypesAndContributionMap":{}},{"hash":"1ad6e85da8ae45255335fbbac513d248258dc6ec","isMergeCommit":true,"messageTitle":"Merge pull request #3 from Kaya3842/branch-A-CodeQuality","messageBody":"Improve code quality","tags":["A-CodeQuality"],"fileTypesAndContributionMap":{}},{"hash":"1259f87331c591fbab13d9c0f87ee00fbef6f223","isMergeCommit":false,"messageTitle":"Add extension C-MassOps","messageBody":"Add the feature to perform tasks on multiple items in one command.\n\nChange the methods in Parser class to take in more than one index for\none command.\n\nChange the logic of some command classes to support mass operations.\n","fileTypesAndContributionMap":{"java":{"insertions":95,"deletions":55}}},{"hash":"63a24da0345a4a977bc4aa2474c3bfee97b78a48","isMergeCommit":false,"messageTitle":"Add clear command and fix logic","messageBody":"Add a clear command to delete everything in the task list.\n\nFix the logic in Mark, Unmark and Delete command to support changing\nmultiple tasks in one command.\n","fileTypesAndContributionMap":{"txt":{"insertions":6,"deletions":0},"java":{"insertions":130,"deletions":32}}},{"hash":"a7f3d3a841585537b1444249fea505cf07ad1167","isMergeCommit":true,"messageTitle":"Merge branch \u0027branch-C-MassOps\u0027","messageBody":"","tags":["BCD-Extension"],"fileTypesAndContributionMap":{}}]}]},"authorFileTypeContributionMap":{"Kaya3842":{"java":1689,"md":0,"fxml":35,"sh":1,"bat":1,"gradle":19,"txt":28}},"authorContributionVariance":{"Kaya3842":41659.777},"authorDisplayNameMap":{"Kaya3842":"CS2103T-W13-4 DINH..HIEN"}}
