{"authorDailyContributionsMap":{"chonghaoen":[{"date":"2024-01-23","commitResults":[{"hash":"a9d7d293b444e7d2543499be2a5bebb95bbed1e1","isMergeCommit":false,"messageTitle":"test","messageBody":"","fileTypesAndContributionMap":{"txt":{"insertions":1,"deletions":0}}},{"hash":"10f05e21be5e250d1d1dd99818145a3c909ff8d9","isMergeCommit":false,"messageTitle":"Level-0","messageBody":"","tags":["Level-0"],"fileTypesAndContributionMap":{"java":{"insertions":3,"deletions":6}}}]},{"date":"2024-01-24","commitResults":[{"hash":"ce46c78e5b9635ae5200b56e4fcb5c1ace67a83d","isMergeCommit":false,"messageTitle":"Level-1","messageBody":"","tags":["Level-1"],"fileTypesAndContributionMap":{"java":{"insertions":23,"deletions":2}}},{"hash":"e6138c41913544530549aa3d42dea93e3b0b2f7d","isMergeCommit":false,"messageTitle":"Level-2","messageBody":"","tags":["Level-2"],"fileTypesAndContributionMap":{"java":{"insertions":60,"deletions":8}}},{"hash":"f41171b42fc6884339c35af0a93d315b3071beb1","isMergeCommit":false,"messageTitle":"Level-3","messageBody":"","tags":["Level-3"],"fileTypesAndContributionMap":{"java":{"insertions":39,"deletions":7}}},{"hash":"29d860603218ebad572cf35450a9de335922af73","isMergeCommit":false,"messageTitle":"Level-4","messageBody":"","tags":["Level-4"],"fileTypesAndContributionMap":{"java":{"insertions":66,"deletions":8}}},{"hash":"a0ca7d09b7da7d1d415b360d36ffe44d0d70cc63","isMergeCommit":false,"messageTitle":"A-TextUiTesting","messageBody":"","tags":["A-TextUiTesting"],"fileTypesAndContributionMap":{"txt":{"insertions":7,"deletions":0},"java":{"insertions":2,"deletions":2}}},{"hash":"1649a4e029fb568b58b407a6deac7494d1cb58f5","isMergeCommit":false,"messageTitle":"Level-5","messageBody":"","tags":["Level-5"],"fileTypesAndContributionMap":{"java":{"insertions":69,"deletions":16}}},{"hash":"d2c84c5bc92fb404c31dc1e43df8395a9123c65d","isMergeCommit":false,"messageTitle":"Level-6","messageBody":"","tags":["Level-6"],"fileTypesAndContributionMap":{"txt":{"insertions":6,"deletions":0},"java":{"insertions":15,"deletions":1}}}]}]},"authorFileTypeContributionMap":{"chonghaoen":{"java":233,"md":0,"fxml":0,"sh":0,"bat":0,"gradle":0,"txt":14}},"authorContributionVariance":{"chonghaoen":15046.805},"authorDisplayNameMap":{"chonghaoen":"ISAA..O EN"}}
