{"authorDailyContributionsMap":{"breezetall":[{"date":"2024-01-24","commitResults":[{"hash":"0825eddf7b67c3c985567969b41a9db594c4bf31","isMergeCommit":false,"messageTitle":"Level 0. Rename, Greet, Exit","messageBody":"","tags":["Level-0"],"fileTypesAndContributionMap":{"java":{"insertions":7,"deletions":6}}},{"hash":"18f2d3fa75941ea2dcd26f4f586ed4d08770246a","isMergeCommit":false,"messageTitle":"Level 1. Echo","messageBody":"","tags":["Level-1"],"fileTypesAndContributionMap":{"java":{"insertions":31,"deletions":3}}},{"hash":"ba9446239aae55e2e54a007a2c8aedf2d410392f","isMergeCommit":false,"messageTitle":"Level 2. Add, List","messageBody":"","tags":["Level-2"],"fileTypesAndContributionMap":{"java":{"insertions":28,"deletions":14}}},{"hash":"e41c488a684c39d31377a6ee53898dfb9368e50d","isMergeCommit":false,"messageTitle":"Level 3. Mark as Done","messageBody":"","tags":["Level-3"],"fileTypesAndContributionMap":{"java":{"insertions":61,"deletions":6}}},{"hash":"28a9c37bf0b98504e768022a9d5a8a74d1b765fc","isMergeCommit":false,"messageTitle":"Level 4. ToDos, Events, Deadlines","messageBody":"","tags":["Level-4"],"fileTypesAndContributionMap":{"java":{"insertions":139,"deletions":32}}},{"hash":"75fe467af5eb54e3541a044714a20f50a30bd7c4","isMergeCommit":false,"messageTitle":"Level 5. Handle Errors","messageBody":"","tags":["Level-5"],"fileTypesAndContributionMap":{"txt":{"insertions":1,"deletions":0},"java":{"insertions":85,"deletions":32}}},{"hash":"974a1b59a49f1cd99cd32a629675a7c972b13321","isMergeCommit":false,"messageTitle":"Level 6. Delete","messageBody":"","tags":["Level-6","A-TextUiTesting"],"fileTypesAndContributionMap":{"java":{"insertions":48,"deletions":1}}},{"hash":"a1c4c7737d926741f2e002593fd747af457b2249","isMergeCommit":false,"messageTitle":"Level 6. Fixed exception error. Removed extra try catch.","messageBody":"","fileTypesAndContributionMap":{"java":{"insertions":4,"deletions":12}}}]},{"date":"2024-01-27","commitResults":[{"hash":"93a8fc83fe215428c2ad9f519514d18433d41fb1","isMergeCommit":false,"messageTitle":"Added saving and loading","messageBody":"","fileTypesAndContributionMap":{"txt":{"insertions":1,"deletions":0},"java":{"insertions":122,"deletions":6}}},{"hash":"f0deca7e82dfedbc04e66c34c320012e0d011b2e","isMergeCommit":false,"messageTitle":"Removed unnecessary comments","messageBody":"","fileTypesAndContributionMap":{"java":{"insertions":0,"deletions":6}}},{"hash":"9229390b7bb7ff7f9c97d33499cc55be02cc01de","isMergeCommit":false,"messageTitle":"Removed unnecessary comments","messageBody":"","fileTypesAndContributionMap":{"java":{"insertions":1,"deletions":2}}},{"hash":"14a9b653c71d731b6a49ed03692bbe8c37d2e7d1","isMergeCommit":true,"messageTitle":"Merge branch \u0027branch-Level-7\u0027","messageBody":"","tags":["Level-7"],"fileTypesAndContributionMap":{}}]},{"date":"2024-01-28","commitResults":[{"hash":"d2b317562b63d161a45bdc0a0dffc6940c0a81e1","isMergeCommit":false,"messageTitle":"Deadline now only accepts yyyy-MM-dd format. Removed whitespaces from all cmd inputs.","messageBody":"","fileTypesAndContributionMap":{"txt":{"insertions":3,"deletions":1},"java":{"insertions":42,"deletions":18}}},{"hash":"7871b7765c2ce9d119436a4f7fb4d4434ffa70d0","isMergeCommit":false,"messageTitle":"Files save automatically every time the list changes.","messageBody":"","fileTypesAndContributionMap":{"txt":{"insertions":1,"deletions":0},"java":{"insertions":5,"deletions":4}}},{"hash":"19c9aa568a22a871f10006ace5748373b3f78265","isMergeCommit":false,"messageTitle":"Updated invalid date format text","messageBody":"","fileTypesAndContributionMap":{"txt":{"insertions":1,"deletions":0},"java":{"insertions":1,"deletions":1}}}]},{"date":"2024-01-29","commitResults":[{"hash":"eb78ea24e93c8a919441fe828a2f05d8ca4ea588","isMergeCommit":false,"messageTitle":"Add save after every list change","messageBody":"","fileTypesAndContributionMap":{"java":{"insertions":4,"deletions":3}}},{"hash":"03d670a8a167fb7bd50adab460d7e51bd58d57ac","isMergeCommit":false,"messageTitle":"Remove print debug line.","messageBody":"","fileTypesAndContributionMap":{"java":{"insertions":1,"deletions":4}}},{"hash":"38a0f919dc39e68e99e5304e0a01a74c4b7c0bce","isMergeCommit":false,"messageTitle":"Change DukeException to extend Exception instead of RuntimeException.","messageBody":"","fileTypesAndContributionMap":{"java":{"insertions":1,"deletions":1}}},{"hash":"17a9c0bdb261bc2590496a7bc28937a69d4a7e50","isMergeCommit":true,"messageTitle":"Merge branch \u0027branch-Level-8\u0027","messageBody":"","tags":["Level-8"],"fileTypesAndContributionMap":{}}]},{"date":"2024-01-30","commitResults":[{"hash":"0de50ba386e8875629024dfcca6082efd1e624c1","isMergeCommit":false,"messageTitle":"Add UI class","messageBody":"","fileTypesAndContributionMap":{"java":{"insertions":60,"deletions":27}}},{"hash":"404a504dcf204d9585a0bfea0208cee30af91ccc","isMergeCommit":false,"messageTitle":"Add Parser and TaskList class","messageBody":"","fileTypesAndContributionMap":{"txt":{"insertions":3,"deletions":4},"java":{"insertions":271,"deletions":166}}},{"hash":"9fb71b03c9bb611f10e2cf355523030c06b2767e","isMergeCommit":true,"messageTitle":"Merge branch \u0027A-MoreOOP\u0027","messageBody":"","tags":["A-MoreOOP"],"fileTypesAndContributionMap":{}},{"hash":"b0585af0dc1515063c72c46ef9b313fc00913457","isMergeCommit":false,"messageTitle":"Divide classes into packages","messageBody":"","fileTypesAndContributionMap":{"txt":{"insertions":0,"deletions":1},"java":{"insertions":34,"deletions":5}}},{"hash":"b6541bcbc0a5d86f698540d94d1c2987dc2b2902","isMergeCommit":true,"messageTitle":"Merge branch \u0027A-Packages\u0027","messageBody":"","tags":["A-Packages"],"fileTypesAndContributionMap":{}}]},{"date":"2024-01-31","commitResults":[{"hash":"7546dcaa74dd2328c54b61e96a6253d87f03163c","isMergeCommit":false,"messageTitle":"Remove unused import","messageBody":"","fileTypesAndContributionMap":{"java":{"insertions":0,"deletions":2}}},{"hash":"364b20cfc002d17aca95755f6459726cdf590441","isMergeCommit":true,"messageTitle":"Merge remote-tracking branch \u0027origin/add-gradle-support\u0027","messageBody":"","tags":["A-Gradle"],"fileTypesAndContributionMap":{}},{"hash":"4ef07449ea0f5a54e533ba5e0817b769af9cc885","isMergeCommit":false,"messageTitle":"Add JUnit test for parserMark method and deleteItem method","messageBody":"","fileTypesAndContributionMap":{"java":{"insertions":64,"deletions":0}}},{"hash":"4f3c68aa5de6ca08f1ad715a99d2bb9089e2b043","isMergeCommit":true,"messageTitle":"Merge branch \u0027branch-A-JUnit\u0027","messageBody":"","tags":["A-JUnit"],"fileTypesAndContributionMap":{}},{"hash":"45978fcc8c13f30a73ffc89d43942e5a6f2a7abe","isMergeCommit":false,"messageTitle":"Update shadowJar in gradle","messageBody":"","tags":["A-Jar"],"fileTypesAndContributionMap":{"gradle":{"insertions":2,"deletions":1}}}]},{"date":"2024-02-01","commitResults":[{"hash":"8c46ef4c178954d784f6f0bd033c0f105746221c","isMergeCommit":false,"messageTitle":"Add JavaDocs","messageBody":"","fileTypesAndContributionMap":{"java":{"insertions":106,"deletions":2}}},{"hash":"d2f481bc1386d547f3f5008e02686dfb00c62d87","isMergeCommit":false,"messageTitle":"Update to fit coding standards","messageBody":"","fileTypesAndContributionMap":{"java":{"insertions":27,"deletions":27}}},{"hash":"5414bb2528712a9e811bed621bb7fc36c25c648a","isMergeCommit":false,"messageTitle":"Add find command","messageBody":"","fileTypesAndContributionMap":{"java":{"insertions":40,"deletions":0}}},{"hash":"5b2ff4d049722a591f66a0a3c2f34ae443a88b2e","isMergeCommit":true,"messageTitle":"Merge branch \u0027branch-A-JavaDoc\u0027","messageBody":"","tags":["A-JavaDoc"],"fileTypesAndContributionMap":{}},{"hash":"15cb3be98da441bce09c967c54f264991aa15456","isMergeCommit":true,"messageTitle":"Merge branch \u0027branch-A-CodingStandard\u0027","messageBody":"","tags":["A-CodingStandard"],"fileTypesAndContributionMap":{}},{"hash":"f47353f84f544f86b400320eea3f9ca80cd5bdc5","isMergeCommit":true,"messageTitle":"Merge branch \u0027branch-Level-9\u0027","messageBody":"","tags":["Level-9"],"fileTypesAndContributionMap":{}}]},{"date":"2024-02-05","commitResults":[{"hash":"3412ac81fd15df572201aa9f118354d5e7b02ceb","isMergeCommit":false,"messageTitle":"Update Deadline to print in MMM dd yyyy format.","messageBody":"","fileTypesAndContributionMap":{"java":{"insertions":4,"deletions":1}}}]},{"date":"2024-02-06","commitResults":[{"hash":"c2bcc482df4e71498bd77de7513d44b3bc54f2a0","isMergeCommit":false,"messageTitle":"Add CheckStyle","messageBody":"","fileTypesAndContributionMap":{"gradle":{"insertions":6,"deletions":0}}},{"hash":"e43d6b67c2ee58ec9bc6e92ef8aaa571c630a7e7","isMergeCommit":false,"messageTitle":"Update JavaDocs","messageBody":"","fileTypesAndContributionMap":{"txt":{"insertions":1,"deletions":1},"java":{"insertions":14,"deletions":7}}},{"hash":"4198c46491e7e6fa4d89a667661a21502ced38c8","isMergeCommit":true,"messageTitle":"Merge branch \u0027master\u0027 into branch-A-CheckStyle","messageBody":"","fileTypesAndContributionMap":{}},{"hash":"113cdcab37fe249932f8797343114815e43f92c4","isMergeCommit":true,"messageTitle":"Merge branch \u0027branch-A-CheckStyle\u0027","messageBody":"","tags":["A-CheckStyle"],"fileTypesAndContributionMap":{}}]},{"date":"2024-02-11","commitResults":[{"hash":"d1c65a5b3ce04ae5557c5ba5d7413beb6001875e","isMergeCommit":false,"messageTitle":"Add GUI.","messageBody":"","fileTypesAndContributionMap":{"gradle":{"insertions":15,"deletions":0},"fxml":{"insertions":35,"deletions":0},"java":{"insertions":342,"deletions":107}}},{"hash":"fd5c74513137a8ec29ff60c4b5a4901b510bdf0d","isMergeCommit":true,"messageTitle":"Merge branch \u0027branch-Level-10\u0027","messageBody":"","tags":["Level-10"],"fileTypesAndContributionMap":{}}]},{"date":"2024-02-14","commitResults":[{"hash":"777cc2387f98835e857edaa5070b54f4365751e3","isMergeCommit":false,"messageTitle":"Remove main from duke class","messageBody":"","fileTypesAndContributionMap":{"gradle":{"insertions":3,"deletions":3},"java":{"insertions":4,"deletions":6}}},{"hash":"0f2a7d950e584f723e7390bc8d1e3e1c2f384ab1","isMergeCommit":false,"messageTitle":"Add assert to Storage.","messageBody":"In the method parseText(), the if statements only checks for the\ntask type. It is assumed that the correct number of parameters has\nbeen passed to the function.\n\nAssert has been added to check that the correct number of parameters\nare given.\n\nTo prevent any incorrect inputs given to the method.\n","tags":["A-FullCommitMessage"],"fileTypesAndContributionMap":{"java":{"insertions":16,"deletions":2}}}]},{"date":"2024-02-15","commitResults":[{"hash":"c0177929b2b20f9efcbbc8916d34f0059551288c","isMergeCommit":false,"messageTitle":"Update code to match the Code Quality standards.","messageBody":"parseAdd() is too long and has several arrowheads.\n\nSeparated each if else condition into their own smaller functions.\n\nBetter readability and the naming is abstract which lets readers\nunderstand the parseAdd() method easily without needing to\nknow the individual code.\n","fileTypesAndContributionMap":{"java":{"insertions":49,"deletions":35}}},{"hash":"0b148245c70a6137bb69010fc11ed73f2bde6a08","isMergeCommit":false,"messageTitle":"Add javaDocs to UI class","messageBody":"","fileTypesAndContributionMap":{"java":{"insertions":51,"deletions":3}}}]},{"date":"2024-02-16","commitResults":[{"hash":"2ec173cd15c71ac5ec9be9027a00592b4f0b37ed","isMergeCommit":true,"messageTitle":"Merge pull request #1 from breezetall/branch-A-Assertions","messageBody":"Add assert to Storage.","tags":["A-Assertions"],"fileTypesAndContributionMap":{}},{"hash":"f7972557c14d3d8b39d273920678f3d4652d9119","isMergeCommit":true,"messageTitle":"Merge branch \u0027master\u0027 into branch-A-CodeQuality","messageBody":"","fileTypesAndContributionMap":{}},{"hash":"602c9ab2de08040f28c3c0b980b5ac20ad1a0fee","isMergeCommit":true,"messageTitle":"Merge pull request #2 from breezetall/branch-A-CodeQuality","messageBody":"Update code to follow Code Quality standards","tags":["A-CodeQuality"],"fileTypesAndContributionMap":{}}]},{"date":"2024-02-17","commitResults":[{"hash":"4dc34fd13cbcd0f16720b92249be298ccdbc69d6","isMergeCommit":false,"messageTitle":"Add reminder for the earliest expiring deadline task.","messageBody":"","fileTypesAndContributionMap":{"java":{"insertions":60,"deletions":5}}},{"hash":"d6b75c8f06b505c3cac144149c134a86bdd125d4","isMergeCommit":true,"messageTitle":"Merge branch \u0027branch-BCD-Extension\u0027","messageBody":"","tags":["BCD-Extension"],"fileTypesAndContributionMap":{}}]},{"date":"2024-02-23","commitResults":[{"hash":"99c874aed6c7ed736b25936b66f091cae8c6aba0","isMergeCommit":false,"messageTitle":"Refactor Duke to Datuk","messageBody":"","fileTypesAndContributionMap":{"fxml":{"insertions":1,"deletions":1},"java":{"insertions":36,"deletions":41}}},{"hash":"6c7a2394dfff6c589d9845dba9e37d95f043d774","isMergeCommit":false,"messageTitle":"Refactor DukeException to DatukException","messageBody":"","fileTypesAndContributionMap":{"txt":{"insertions":1,"deletions":0},"java":{"insertions":44,"deletions":44}}},{"hash":"6db0ad90f9f1a0e864aeeb22218ff218975fbe06","isMergeCommit":false,"messageTitle":"Add exit method for bye command","messageBody":"","tags":["A-Release"],"fileTypesAndContributionMap":{"java":{"insertions":16,"deletions":4}}}]}]},"authorFileTypeContributionMap":{"breezetall":{"java":1199,"md":0,"fxml":35,"sh":0,"bat":0,"gradle":22,"txt":5}},"authorContributionVariance":{"breezetall":21873.367},"authorDisplayNameMap":{"breezetall":"CS2103T-W13-4 ABDU..SLAN"}}
