{"authorDailyContributionsMap":{"breezetall":[{"date":"2024-01-24","commitResults":[{"hash":"0825eddf7b67c3c985567969b41a9db594c4bf31","isMergeCommit":false,"messageTitle":"Level 0. Rename, Greet, Exit","messageBody":"","tags":["Level-0"],"fileTypesAndContributionMap":{"java":{"insertions":7,"deletions":6}}},{"hash":"18f2d3fa75941ea2dcd26f4f586ed4d08770246a","isMergeCommit":false,"messageTitle":"Level 1. Echo","messageBody":"","tags":["Level-1"],"fileTypesAndContributionMap":{"java":{"insertions":31,"deletions":3}}},{"hash":"ba9446239aae55e2e54a007a2c8aedf2d410392f","isMergeCommit":false,"messageTitle":"Level 2. Add, List","messageBody":"","tags":["Level-2"],"fileTypesAndContributionMap":{"java":{"insertions":28,"deletions":14}}},{"hash":"e41c488a684c39d31377a6ee53898dfb9368e50d","isMergeCommit":false,"messageTitle":"Level 3. Mark as Done","messageBody":"","tags":["Level-3"],"fileTypesAndContributionMap":{"java":{"insertions":61,"deletions":6}}},{"hash":"28a9c37bf0b98504e768022a9d5a8a74d1b765fc","isMergeCommit":false,"messageTitle":"Level 4. ToDos, Events, Deadlines","messageBody":"","tags":["Level-4"],"fileTypesAndContributionMap":{"java":{"insertions":139,"deletions":32}}},{"hash":"75fe467af5eb54e3541a044714a20f50a30bd7c4","isMergeCommit":false,"messageTitle":"Level 5. Handle Errors","messageBody":"","tags":["Level-5"],"fileTypesAndContributionMap":{"txt":{"insertions":1,"deletions":0},"java":{"insertions":85,"deletions":32}}},{"hash":"974a1b59a49f1cd99cd32a629675a7c972b13321","isMergeCommit":false,"messageTitle":"Level 6. Delete","messageBody":"","tags":["Level-6","A-TextUiTesting"],"fileTypesAndContributionMap":{"java":{"insertions":48,"deletions":1}}},{"hash":"a1c4c7737d926741f2e002593fd747af457b2249","isMergeCommit":false,"messageTitle":"Level 6. Fixed exception error. Removed extra try catch.","messageBody":"","fileTypesAndContributionMap":{"java":{"insertions":4,"deletions":12}}}]},{"date":"2024-01-27","commitResults":[{"hash":"93a8fc83fe215428c2ad9f519514d18433d41fb1","isMergeCommit":false,"messageTitle":"Added saving and loading","messageBody":"","fileTypesAndContributionMap":{"txt":{"insertions":1,"deletions":0},"java":{"insertions":122,"deletions":6}}}]}]},"authorFileTypeContributionMap":{"breezetall":{"java":419,"md":0,"fxml":0,"sh":0,"bat":0,"gradle":0,"txt":2}},"authorContributionVariance":{"breezetall":25708.0},"authorDisplayNameMap":{"breezetall":"CS2103T-W13-4 ABDU..SLAN"}}
