[{"path":"data/taskData.txt","fileType":"txt","lines":[{"lineNumber":1,"author":{"gitId":"ziiqii"},"content":"D,0,do homework,2024-01-29","lastModifiedDate":"2024-01-28"},{"lineNumber":2,"author":{"gitId":"ziiqii"},"content":"E,0,holiday,2024-02-10,2024-02-11","lastModifiedDate":"2024-01-28"}],"authorContributionMap":{"ziiqii":2}},{"path":"src/main/java/Deadline.java","fileType":"java","lines":[{"lineNumber":1,"author":{"gitId":"ziiqii"},"content":"import java.time.LocalDate;","lastModifiedDate":"2024-01-28"},{"lineNumber":2,"author":{"gitId":"ziiqii"},"content":"import java.time.format.DateTimeFormatter;","lastModifiedDate":"2024-01-28"},{"lineNumber":3,"author":{"gitId":"ziiqii"},"content":"","lastModifiedDate":"2024-01-28"},{"lineNumber":4,"author":{"gitId":"ziiqii"},"content":"public class Deadline extends Task {","lastModifiedDate":"2024-01-22"},{"lineNumber":5,"author":{"gitId":"ziiqii"},"content":"    private LocalDate by;","lastModifiedDate":"2024-01-28"},{"lineNumber":6,"author":{"gitId":"ziiqii"},"content":"","lastModifiedDate":"2024-01-22"},{"lineNumber":7,"author":{"gitId":"ziiqii"},"content":"    public Deadline(String description, LocalDate by) {","lastModifiedDate":"2024-01-28"},{"lineNumber":8,"author":{"gitId":"ziiqii"},"content":"        super(description);","lastModifiedDate":"2024-01-22"},{"lineNumber":9,"author":{"gitId":"ziiqii"},"content":"        this.by \u003d by;","lastModifiedDate":"2024-01-24"},{"lineNumber":10,"author":{"gitId":"ziiqii"},"content":"    }","lastModifiedDate":"2024-01-22"},{"lineNumber":11,"author":{"gitId":"ziiqii"},"content":"","lastModifiedDate":"2024-01-22"},{"lineNumber":12,"author":{"gitId":"ziiqii"},"content":"    public Deadline(String isDone, String description, LocalDate by) {","lastModifiedDate":"2024-01-28"},{"lineNumber":13,"author":{"gitId":"ziiqii"},"content":"        super(isDone, description);","lastModifiedDate":"2024-01-26"},{"lineNumber":14,"author":{"gitId":"ziiqii"},"content":"        this.by \u003d by;","lastModifiedDate":"2024-01-26"},{"lineNumber":15,"author":{"gitId":"ziiqii"},"content":"    }","lastModifiedDate":"2024-01-26"},{"lineNumber":16,"author":{"gitId":"ziiqii"},"content":"","lastModifiedDate":"2024-01-26"},{"lineNumber":17,"author":{"gitId":"ziiqii"},"content":"    public String getBy() {","lastModifiedDate":"2024-01-26"},{"lineNumber":18,"author":{"gitId":"ziiqii"},"content":"        return by.toString();","lastModifiedDate":"2024-01-28"},{"lineNumber":19,"author":{"gitId":"ziiqii"},"content":"    }","lastModifiedDate":"2024-01-26"},{"lineNumber":20,"author":{"gitId":"ziiqii"},"content":"","lastModifiedDate":"2024-01-26"},{"lineNumber":21,"author":{"gitId":"ziiqii"},"content":"    @Override","lastModifiedDate":"2024-01-22"},{"lineNumber":22,"author":{"gitId":"ziiqii"},"content":"    public String toString() {","lastModifiedDate":"2024-01-22"},{"lineNumber":23,"author":{"gitId":"ziiqii"},"content":"        String info \u003d String.format(\"(by: %s)\", by.format(DateTimeFormatter.ofPattern(\"MMM d yyyy\")));","lastModifiedDate":"2024-01-28"},{"lineNumber":24,"author":{"gitId":"ziiqii"},"content":"        return String.format(\"[D]%s%s %s\", this.getStatusIcon(), super.toString(), info);","lastModifiedDate":"2024-01-22"},{"lineNumber":25,"author":{"gitId":"ziiqii"},"content":"    }","lastModifiedDate":"2024-01-22"},{"lineNumber":26,"author":{"gitId":"ziiqii"},"content":"}","lastModifiedDate":"2024-01-22"}],"authorContributionMap":{"ziiqii":26}},{"path":"src/main/java/Event.java","fileType":"java","lines":[{"lineNumber":1,"author":{"gitId":"ziiqii"},"content":"import java.time.LocalDate;","lastModifiedDate":"2024-01-28"},{"lineNumber":2,"author":{"gitId":"ziiqii"},"content":"import java.time.format.DateTimeFormatter;","lastModifiedDate":"2024-01-28"},{"lineNumber":3,"author":{"gitId":"ziiqii"},"content":"","lastModifiedDate":"2024-01-28"},{"lineNumber":4,"author":{"gitId":"ziiqii"},"content":"public class Event extends Task {","lastModifiedDate":"2024-01-22"},{"lineNumber":5,"author":{"gitId":"ziiqii"},"content":"    private LocalDate start;","lastModifiedDate":"2024-01-28"},{"lineNumber":6,"author":{"gitId":"ziiqii"},"content":"    private LocalDate end;","lastModifiedDate":"2024-01-28"},{"lineNumber":7,"author":{"gitId":"ziiqii"},"content":"","lastModifiedDate":"2024-01-22"},{"lineNumber":8,"author":{"gitId":"ziiqii"},"content":"    public Event(String description, LocalDate start, LocalDate end) {","lastModifiedDate":"2024-01-28"},{"lineNumber":9,"author":{"gitId":"ziiqii"},"content":"        super(description);","lastModifiedDate":"2024-01-22"},{"lineNumber":10,"author":{"gitId":"ziiqii"},"content":"        this.start \u003d start;","lastModifiedDate":"2024-01-22"},{"lineNumber":11,"author":{"gitId":"ziiqii"},"content":"        this.end \u003d end;","lastModifiedDate":"2024-01-22"},{"lineNumber":12,"author":{"gitId":"ziiqii"},"content":"    }","lastModifiedDate":"2024-01-22"},{"lineNumber":13,"author":{"gitId":"ziiqii"},"content":"","lastModifiedDate":"2024-01-22"},{"lineNumber":14,"author":{"gitId":"ziiqii"},"content":"    public Event(String isDone, String description, LocalDate start, LocalDate end) {","lastModifiedDate":"2024-01-28"},{"lineNumber":15,"author":{"gitId":"ziiqii"},"content":"        super(isDone, description);","lastModifiedDate":"2024-01-26"},{"lineNumber":16,"author":{"gitId":"ziiqii"},"content":"        this.start \u003d start;","lastModifiedDate":"2024-01-26"},{"lineNumber":17,"author":{"gitId":"ziiqii"},"content":"        this.end \u003d end;","lastModifiedDate":"2024-01-26"},{"lineNumber":18,"author":{"gitId":"ziiqii"},"content":"    }","lastModifiedDate":"2024-01-26"},{"lineNumber":19,"author":{"gitId":"ziiqii"},"content":"","lastModifiedDate":"2024-01-26"},{"lineNumber":20,"author":{"gitId":"ziiqii"},"content":"    public String getStart() {","lastModifiedDate":"2024-01-26"},{"lineNumber":21,"author":{"gitId":"ziiqii"},"content":"        return this.start.toString();","lastModifiedDate":"2024-01-28"},{"lineNumber":22,"author":{"gitId":"ziiqii"},"content":"    }","lastModifiedDate":"2024-01-26"},{"lineNumber":23,"author":{"gitId":"ziiqii"},"content":"","lastModifiedDate":"2024-01-26"},{"lineNumber":24,"author":{"gitId":"ziiqii"},"content":"    public String getEnd() {","lastModifiedDate":"2024-01-26"},{"lineNumber":25,"author":{"gitId":"ziiqii"},"content":"        return this.end.toString();","lastModifiedDate":"2024-01-28"},{"lineNumber":26,"author":{"gitId":"ziiqii"},"content":"    }","lastModifiedDate":"2024-01-26"},{"lineNumber":27,"author":{"gitId":"ziiqii"},"content":"","lastModifiedDate":"2024-01-26"},{"lineNumber":28,"author":{"gitId":"ziiqii"},"content":"    @Override","lastModifiedDate":"2024-01-22"},{"lineNumber":29,"author":{"gitId":"ziiqii"},"content":"    public String toString() {","lastModifiedDate":"2024-01-22"},{"lineNumber":30,"author":{"gitId":"ziiqii"},"content":"        String info \u003d String.format(\"(from: %s to: %s)\",","lastModifiedDate":"2024-01-28"},{"lineNumber":31,"author":{"gitId":"ziiqii"},"content":"                start.format(DateTimeFormatter.ofPattern(\"MMM d yyyy\")),","lastModifiedDate":"2024-01-28"},{"lineNumber":32,"author":{"gitId":"ziiqii"},"content":"                end.format(DateTimeFormatter.ofPattern(\"MMM d yyyy\")));","lastModifiedDate":"2024-01-28"},{"lineNumber":33,"author":{"gitId":"ziiqii"},"content":"        return String.format(\"[E]%s%s %s\", this.getStatusIcon(), super.toString(), info);","lastModifiedDate":"2024-01-22"},{"lineNumber":34,"author":{"gitId":"ziiqii"},"content":"    }","lastModifiedDate":"2024-01-22"},{"lineNumber":35,"author":{"gitId":"ziiqii"},"content":"}","lastModifiedDate":"2024-01-22"}],"authorContributionMap":{"ziiqii":35}},{"path":"src/main/java/FileManager.java","fileType":"java","lines":[{"lineNumber":1,"author":{"gitId":"ziiqii"},"content":"import java.io.File;","lastModifiedDate":"2024-01-26"},{"lineNumber":2,"author":{"gitId":"ziiqii"},"content":"import java.util.Scanner;","lastModifiedDate":"2024-01-26"},{"lineNumber":3,"author":{"gitId":"ziiqii"},"content":"import java.io.FileWriter;","lastModifiedDate":"2024-01-26"},{"lineNumber":4,"author":{"gitId":"ziiqii"},"content":"import java.io.FileNotFoundException;","lastModifiedDate":"2024-01-26"},{"lineNumber":5,"author":{"gitId":"ziiqii"},"content":"import java.io.IOException;","lastModifiedDate":"2024-01-26"},{"lineNumber":6,"author":{"gitId":"ziiqii"},"content":"","lastModifiedDate":"2024-01-26"},{"lineNumber":7,"author":{"gitId":"ziiqii"},"content":"public class FileManager {","lastModifiedDate":"2024-01-26"},{"lineNumber":8,"author":{"gitId":"ziiqii"},"content":"    // Load data on startup","lastModifiedDate":"2024-01-26"},{"lineNumber":9,"author":{"gitId":"ziiqii"},"content":"    // If data file not found, create one","lastModifiedDate":"2024-01-26"},{"lineNumber":10,"author":{"gitId":"ziiqii"},"content":"    // TODO: read data line by line","lastModifiedDate":"2024-01-26"},{"lineNumber":11,"author":{"gitId":"ziiqii"},"content":"    // TODO: for each line, ask Storage to loadTask()","lastModifiedDate":"2024-01-26"},{"lineNumber":12,"author":{"gitId":"ziiqii"},"content":"    // TODO: Storage asks Parser to parse line","lastModifiedDate":"2024-01-26"},{"lineNumber":13,"author":{"gitId":"ziiqii"},"content":"    // TODO: Task can be created to be added (with mark info too)","lastModifiedDate":"2024-01-26"},{"lineNumber":14,"author":{"gitId":"ziiqii"},"content":"    public static void loadTasks() {","lastModifiedDate":"2024-01-26"},{"lineNumber":15,"author":{"gitId":"ziiqii"},"content":"        File f \u003d new File(\"data/taskData.txt\");","lastModifiedDate":"2024-01-26"},{"lineNumber":16,"author":{"gitId":"ziiqii"},"content":"        try (Scanner s \u003d new Scanner(f)) {","lastModifiedDate":"2024-01-26"},{"lineNumber":17,"author":{"gitId":"ziiqii"},"content":"            while (s.hasNext()) {","lastModifiedDate":"2024-01-26"},{"lineNumber":18,"author":{"gitId":"ziiqii"},"content":"                Storage.loadTask(s.nextLine());","lastModifiedDate":"2024-01-26"},{"lineNumber":19,"author":{"gitId":"ziiqii"},"content":"            }","lastModifiedDate":"2024-01-26"},{"lineNumber":20,"author":{"gitId":"ziiqii"},"content":"        } catch (FileNotFoundException eFNF) {","lastModifiedDate":"2024-01-26"},{"lineNumber":21,"author":{"gitId":"ziiqii"},"content":"            try {","lastModifiedDate":"2024-01-26"},{"lineNumber":22,"author":{"gitId":"ziiqii"},"content":"                boolean isCreated \u003d f.createNewFile();","lastModifiedDate":"2024-01-26"},{"lineNumber":23,"author":{"gitId":"ziiqii"},"content":"                if (isCreated) {","lastModifiedDate":"2024-01-26"},{"lineNumber":24,"author":{"gitId":"ziiqii"},"content":"                    System.out.println(\"File not found, I created one for you!\");","lastModifiedDate":"2024-01-26"},{"lineNumber":25,"author":{"gitId":"ziiqii"},"content":"                }","lastModifiedDate":"2024-01-26"},{"lineNumber":26,"author":{"gitId":"ziiqii"},"content":"            } catch (IOException eIO) {","lastModifiedDate":"2024-01-26"},{"lineNumber":27,"author":{"gitId":"ziiqii"},"content":"                System.out.println(\"IO error occurred when creating file.\");","lastModifiedDate":"2024-01-26"},{"lineNumber":28,"author":{"gitId":"ziiqii"},"content":"            }","lastModifiedDate":"2024-01-26"},{"lineNumber":29,"author":{"gitId":"ziiqii"},"content":"","lastModifiedDate":"2024-01-26"},{"lineNumber":30,"author":{"gitId":"ziiqii"},"content":"        }","lastModifiedDate":"2024-01-26"},{"lineNumber":31,"author":{"gitId":"ziiqii"},"content":"    }","lastModifiedDate":"2024-01-26"},{"lineNumber":32,"author":{"gitId":"ziiqii"},"content":"","lastModifiedDate":"2024-01-26"},{"lineNumber":33,"author":{"gitId":"ziiqii"},"content":"    // Rewrite file using data in Storage","lastModifiedDate":"2024-01-26"},{"lineNumber":34,"author":{"gitId":"ziiqii"},"content":"    public static void updateTasks() {","lastModifiedDate":"2024-01-26"},{"lineNumber":35,"author":{"gitId":"ziiqii"},"content":"        try (FileWriter fw \u003d new FileWriter(\"data/taskData.txt\")){","lastModifiedDate":"2024-01-26"},{"lineNumber":36,"author":{"gitId":"ziiqii"},"content":"            for (Task t : Storage.getTasks()) {","lastModifiedDate":"2024-01-26"},{"lineNumber":37,"author":{"gitId":"ziiqii"},"content":"                fw.write(Parser.parseTaskToCsv(t) + \"\\n\");","lastModifiedDate":"2024-01-26"},{"lineNumber":38,"author":{"gitId":"ziiqii"},"content":"            }","lastModifiedDate":"2024-01-26"},{"lineNumber":39,"author":{"gitId":"ziiqii"},"content":"//            System.out.println(\"Update success\");","lastModifiedDate":"2024-01-26"},{"lineNumber":40,"author":{"gitId":"ziiqii"},"content":"        } catch (IOException eIO) {","lastModifiedDate":"2024-01-26"},{"lineNumber":41,"author":{"gitId":"ziiqii"},"content":"            System.out.println(\"IO error occurred while updating.\");","lastModifiedDate":"2024-01-26"},{"lineNumber":42,"author":{"gitId":"ziiqii"},"content":"        }","lastModifiedDate":"2024-01-26"},{"lineNumber":43,"author":{"gitId":"ziiqii"},"content":"    }","lastModifiedDate":"2024-01-26"},{"lineNumber":44,"author":{"gitId":"ziiqii"},"content":"}","lastModifiedDate":"2024-01-26"}],"authorContributionMap":{"ziiqii":44}},{"path":"src/main/java/MarkType.java","fileType":"java","lines":[{"lineNumber":1,"author":{"gitId":"ziiqii"},"content":"public enum MarkType {","lastModifiedDate":"2024-01-24"},{"lineNumber":2,"author":{"gitId":"ziiqii"},"content":"    MARK, UNMARK;","lastModifiedDate":"2024-01-24"},{"lineNumber":3,"author":{"gitId":"ziiqii"},"content":"}","lastModifiedDate":"2024-01-24"}],"authorContributionMap":{"ziiqii":3}},{"path":"src/main/java/Parser.java","fileType":"java","lines":[{"lineNumber":1,"author":{"gitId":"ziiqii"},"content":"import java.time.LocalDate;","lastModifiedDate":"2024-01-28"},{"lineNumber":2,"author":{"gitId":"ziiqii"},"content":"import java.util.Scanner;","lastModifiedDate":"2024-01-24"},{"lineNumber":3,"author":{"gitId":"ziiqii"},"content":"import java.util.regex.Matcher;","lastModifiedDate":"2024-01-24"},{"lineNumber":4,"author":{"gitId":"ziiqii"},"content":"import java.util.regex.Pattern;","lastModifiedDate":"2024-01-24"},{"lineNumber":5,"author":{"gitId":"ziiqii"},"content":"","lastModifiedDate":"2024-01-24"},{"lineNumber":6,"author":{"gitId":"ziiqii"},"content":"// Takes in user input","lastModifiedDate":"2024-01-24"},{"lineNumber":7,"author":{"gitId":"ziiqii"},"content":"// Analyses input using regex","lastModifiedDate":"2024-01-24"},{"lineNumber":8,"author":{"gitId":"ziiqii"},"content":"// Stores information on the input in the storage","lastModifiedDate":"2024-01-24"},{"lineNumber":9,"author":{"gitId":"ziiqii"},"content":"public class Parser {","lastModifiedDate":"2024-01-24"},{"lineNumber":10,"author":{"gitId":"ziiqii"},"content":"    private static Scanner sc \u003d new Scanner(System.in);","lastModifiedDate":"2024-01-24"},{"lineNumber":11,"author":{"gitId":"ziiqii"},"content":"","lastModifiedDate":"2024-01-24"},{"lineNumber":12,"author":{"gitId":"ziiqii"},"content":"    public static void parse() {","lastModifiedDate":"2024-01-24"},{"lineNumber":13,"author":{"gitId":"ziiqii"},"content":"        // trim removes leading and trailing whitespaces","lastModifiedDate":"2024-01-24"},{"lineNumber":14,"author":{"gitId":"ziiqii"},"content":"        Storage.input \u003d (sc.nextLine().trim());","lastModifiedDate":"2024-01-24"},{"lineNumber":15,"author":{"gitId":"ziiqii"},"content":"        // whitespace regex is //s, the + means whitespace of any length","lastModifiedDate":"2024-01-24"},{"lineNumber":16,"author":{"gitId":"ziiqii"},"content":"        Storage.words \u003d Storage.input.split(\"\\\\s+\");","lastModifiedDate":"2024-01-24"},{"lineNumber":17,"author":{"gitId":"ziiqii"},"content":"","lastModifiedDate":"2024-01-24"},{"lineNumber":18,"author":{"gitId":"ziiqii"},"content":"    }","lastModifiedDate":"2024-01-24"},{"lineNumber":19,"author":{"gitId":"ziiqii"},"content":"","lastModifiedDate":"2024-01-24"},{"lineNumber":20,"author":{"gitId":"ziiqii"},"content":"    public static void parseToDo(String input) throws UkeCatException {","lastModifiedDate":"2024-01-24"},{"lineNumber":21,"author":{"gitId":"ziiqii"},"content":"        // Regex pattern: todo + whitespaces + any chars","lastModifiedDate":"2024-01-24"},{"lineNumber":22,"author":{"gitId":"ziiqii"},"content":"        Pattern pattern \u003d Pattern.compile(\"^todo\\\\s+(.+)\");","lastModifiedDate":"2024-01-24"},{"lineNumber":23,"author":{"gitId":"ziiqii"},"content":"        Matcher matcher \u003d pattern.matcher(input);","lastModifiedDate":"2024-01-24"},{"lineNumber":24,"author":{"gitId":"ziiqii"},"content":"","lastModifiedDate":"2024-01-24"},{"lineNumber":25,"author":{"gitId":"ziiqii"},"content":"        if (matcher.matches()) {","lastModifiedDate":"2024-01-24"},{"lineNumber":26,"author":{"gitId":"ziiqii"},"content":"            Storage.desc \u003d matcher.group(1); // store first capturing group","lastModifiedDate":"2024-01-24"},{"lineNumber":27,"author":{"gitId":"ziiqii"},"content":"        } else {","lastModifiedDate":"2024-01-24"},{"lineNumber":28,"author":{"gitId":"ziiqii"},"content":"            throw new UkeCatException(\"Wrong format, use: todo \u003cdesc\u003e\");","lastModifiedDate":"2024-01-24"},{"lineNumber":29,"author":{"gitId":"ziiqii"},"content":"        }","lastModifiedDate":"2024-01-24"},{"lineNumber":30,"author":{"gitId":"ziiqii"},"content":"    }","lastModifiedDate":"2024-01-24"},{"lineNumber":31,"author":{"gitId":"ziiqii"},"content":"","lastModifiedDate":"2024-01-24"},{"lineNumber":32,"author":{"gitId":"ziiqii"},"content":"    public static void parseDeadline(String input) throws UkeCatException {","lastModifiedDate":"2024-01-24"},{"lineNumber":33,"author":{"gitId":"ziiqii"},"content":"        // Regex pattern: deadline + spaces + chars + spaces + /by + spaces + chars","lastModifiedDate":"2024-01-24"},{"lineNumber":34,"author":{"gitId":"ziiqii"},"content":"        Pattern pattern \u003d Pattern.compile(\"^deadline\\\\s+(.+)\\\\s+/by\\\\s+(.+)\");","lastModifiedDate":"2024-01-24"},{"lineNumber":35,"author":{"gitId":"ziiqii"},"content":"        Matcher matcher \u003d pattern.matcher(input);","lastModifiedDate":"2024-01-24"},{"lineNumber":36,"author":{"gitId":"ziiqii"},"content":"            if (matcher.matches()) {","lastModifiedDate":"2024-01-24"},{"lineNumber":37,"author":{"gitId":"ziiqii"},"content":"                Storage.desc \u003d matcher.group(1);","lastModifiedDate":"2024-01-24"},{"lineNumber":38,"author":{"gitId":"ziiqii"},"content":"                Storage.by \u003d LocalDate.parse(matcher.group(2));","lastModifiedDate":"2024-01-28"},{"lineNumber":39,"author":{"gitId":"ziiqii"},"content":"            } else {","lastModifiedDate":"2024-01-24"},{"lineNumber":40,"author":{"gitId":"ziiqii"},"content":"                throw new UkeCatException(\"Wrong format1, use: deadline \u003cdesc\u003e /by yyyy-mm-dd\");","lastModifiedDate":"2024-01-28"},{"lineNumber":41,"author":{"gitId":"ziiqii"},"content":"            }","lastModifiedDate":"2024-01-24"},{"lineNumber":42,"author":{"gitId":"ziiqii"},"content":"        }","lastModifiedDate":"2024-01-24"},{"lineNumber":43,"author":{"gitId":"ziiqii"},"content":"","lastModifiedDate":"2024-01-24"},{"lineNumber":44,"author":{"gitId":"ziiqii"},"content":"    public static void parseEvent(String input) throws UkeCatException {","lastModifiedDate":"2024-01-24"},{"lineNumber":45,"author":{"gitId":"ziiqii"},"content":"        // Regex pattern: event + spaces + chars + spaces +","lastModifiedDate":"2024-01-24"},{"lineNumber":46,"author":{"gitId":"ziiqii"},"content":"        // /from + spaces + chars + spaces + /to + spaces + chars","lastModifiedDate":"2024-01-24"},{"lineNumber":47,"author":{"gitId":"ziiqii"},"content":"        Pattern pattern \u003d Pattern.compile(\"^event\\\\s+(.+)\\\\s+/from\\\\s+(.+)\\\\s+/to\\\\s+(.+)\");","lastModifiedDate":"2024-01-24"},{"lineNumber":48,"author":{"gitId":"ziiqii"},"content":"        Matcher matcher \u003d pattern.matcher(input);","lastModifiedDate":"2024-01-24"},{"lineNumber":49,"author":{"gitId":"ziiqii"},"content":"","lastModifiedDate":"2024-01-24"},{"lineNumber":50,"author":{"gitId":"ziiqii"},"content":"        if (matcher.matches()) {","lastModifiedDate":"2024-01-24"},{"lineNumber":51,"author":{"gitId":"ziiqii"},"content":"            Storage.desc \u003d matcher.group(1);","lastModifiedDate":"2024-01-24"},{"lineNumber":52,"author":{"gitId":"ziiqii"},"content":"            Storage.start \u003d LocalDate.parse(matcher.group(2));","lastModifiedDate":"2024-01-28"},{"lineNumber":53,"author":{"gitId":"ziiqii"},"content":"            Storage.end \u003d LocalDate.parse(matcher.group(3));","lastModifiedDate":"2024-01-28"},{"lineNumber":54,"author":{"gitId":"ziiqii"},"content":"        } else {","lastModifiedDate":"2024-01-24"},{"lineNumber":55,"author":{"gitId":"ziiqii"},"content":"            throw new UkeCatException(\"Wrong format, use: event \u003cdesc\u003e /from yyyy-mm-dd /to yyyy-mm-dd\");","lastModifiedDate":"2024-01-28"},{"lineNumber":56,"author":{"gitId":"ziiqii"},"content":"        }","lastModifiedDate":"2024-01-24"},{"lineNumber":57,"author":{"gitId":"ziiqii"},"content":"    }","lastModifiedDate":"2024-01-24"},{"lineNumber":58,"author":{"gitId":"ziiqii"},"content":"","lastModifiedDate":"2024-01-24"},{"lineNumber":59,"author":{"gitId":"ziiqii"},"content":"    public static int parseDeleteTask(String[] words) throws UkeCatException {","lastModifiedDate":"2024-01-24"},{"lineNumber":60,"author":{"gitId":"ziiqii"},"content":"        try{","lastModifiedDate":"2024-01-24"},{"lineNumber":61,"author":{"gitId":"ziiqii"},"content":"            if (words.length \u003d\u003d 2) {","lastModifiedDate":"2024-01-24"},{"lineNumber":62,"author":{"gitId":"ziiqii"},"content":"                return Integer.parseInt(words[1]) - 1;","lastModifiedDate":"2024-01-24"},{"lineNumber":63,"author":{"gitId":"ziiqii"},"content":"            } else {","lastModifiedDate":"2024-01-24"},{"lineNumber":64,"author":{"gitId":"ziiqii"},"content":"                throw new UkeCatException(\"Wrong format, use: mark / unmark \u003ctask#\u003e\");","lastModifiedDate":"2024-01-24"},{"lineNumber":65,"author":{"gitId":"ziiqii"},"content":"            }","lastModifiedDate":"2024-01-24"},{"lineNumber":66,"author":{"gitId":"ziiqii"},"content":"        }  catch (NumberFormatException e) {","lastModifiedDate":"2024-01-24"},{"lineNumber":67,"author":{"gitId":"ziiqii"},"content":"            throw new UkeCatException(\"Wrong format, use: mark / unmark \u003ctask#\u003e\");","lastModifiedDate":"2024-01-24"},{"lineNumber":68,"author":{"gitId":"ziiqii"},"content":"        }","lastModifiedDate":"2024-01-24"},{"lineNumber":69,"author":{"gitId":"ziiqii"},"content":"    }","lastModifiedDate":"2024-01-24"},{"lineNumber":70,"author":{"gitId":"ziiqii"},"content":"","lastModifiedDate":"2024-01-24"},{"lineNumber":71,"author":{"gitId":"ziiqii"},"content":"    public static int parseMarkTask(String[] words) throws UkeCatException{","lastModifiedDate":"2024-01-24"},{"lineNumber":72,"author":{"gitId":"ziiqii"},"content":"        try {","lastModifiedDate":"2024-01-24"},{"lineNumber":73,"author":{"gitId":"ziiqii"},"content":"            if (words.length \u003d\u003d 2) {","lastModifiedDate":"2024-01-24"},{"lineNumber":74,"author":{"gitId":"ziiqii"},"content":"                return Integer.parseInt(words[1]) - 1;","lastModifiedDate":"2024-01-24"},{"lineNumber":75,"author":{"gitId":"ziiqii"},"content":"            } else {","lastModifiedDate":"2024-01-24"},{"lineNumber":76,"author":{"gitId":"ziiqii"},"content":"                throw new UkeCatException(\"Wrong format, use: mark / unmark \u003ctask#\u003e\");","lastModifiedDate":"2024-01-24"},{"lineNumber":77,"author":{"gitId":"ziiqii"},"content":"            }","lastModifiedDate":"2024-01-24"},{"lineNumber":78,"author":{"gitId":"ziiqii"},"content":"        } catch (NumberFormatException e) {","lastModifiedDate":"2024-01-24"},{"lineNumber":79,"author":{"gitId":"ziiqii"},"content":"            throw new UkeCatException(\"Wrong format, use: mark / unmark \u003ctask#\u003e\");","lastModifiedDate":"2024-01-24"},{"lineNumber":80,"author":{"gitId":"ziiqii"},"content":"        }","lastModifiedDate":"2024-01-24"},{"lineNumber":81,"author":{"gitId":"ziiqii"},"content":"    }","lastModifiedDate":"2024-01-24"},{"lineNumber":82,"author":{"gitId":"ziiqii"},"content":"","lastModifiedDate":"2024-01-24"},{"lineNumber":83,"author":{"gitId":"ziiqii"},"content":"    // ToDo: T, 0/1, desc","lastModifiedDate":"2024-01-26"},{"lineNumber":84,"author":{"gitId":"ziiqii"},"content":"    // Deadline: D, 0/1, desc, by","lastModifiedDate":"2024-01-26"},{"lineNumber":85,"author":{"gitId":"ziiqii"},"content":"    // Event: E, 0/1, desc, from, to","lastModifiedDate":"2024-01-26"},{"lineNumber":86,"author":{"gitId":"ziiqii"},"content":"    public static String parseTaskToCsv(Task t) {","lastModifiedDate":"2024-01-26"},{"lineNumber":87,"author":{"gitId":"ziiqii"},"content":"        if (t instanceof ToDo) {","lastModifiedDate":"2024-01-26"},{"lineNumber":88,"author":{"gitId":"ziiqii"},"content":"            return String.format(\"T,%d,%s\", t.getIntIsDone(), t.getDescription());","lastModifiedDate":"2024-01-26"},{"lineNumber":89,"author":{"gitId":"ziiqii"},"content":"        } else if (t instanceof Deadline) {","lastModifiedDate":"2024-01-26"},{"lineNumber":90,"author":{"gitId":"ziiqii"},"content":"            Deadline x \u003d (Deadline) t;","lastModifiedDate":"2024-01-26"},{"lineNumber":91,"author":{"gitId":"ziiqii"},"content":"            return String.format(\"D,%d,%s,%s\", t.getIntIsDone(), t.getDescription(), x.getBy());","lastModifiedDate":"2024-01-26"},{"lineNumber":92,"author":{"gitId":"ziiqii"},"content":"        } else { // instanceof Event","lastModifiedDate":"2024-01-26"},{"lineNumber":93,"author":{"gitId":"ziiqii"},"content":"            Event x \u003d (Event) t;","lastModifiedDate":"2024-01-26"},{"lineNumber":94,"author":{"gitId":"ziiqii"},"content":"            return String.format(\"E,%d,%s,%s,%s\", t.getIntIsDone(), t.getDescription(),","lastModifiedDate":"2024-01-26"},{"lineNumber":95,"author":{"gitId":"ziiqii"},"content":"                    x.getStart(), x.getEnd());","lastModifiedDate":"2024-01-26"},{"lineNumber":96,"author":{"gitId":"ziiqii"},"content":"        }","lastModifiedDate":"2024-01-26"},{"lineNumber":97,"author":{"gitId":"ziiqii"},"content":"    }","lastModifiedDate":"2024-01-26"},{"lineNumber":98,"author":{"gitId":"ziiqii"},"content":"","lastModifiedDate":"2024-01-26"},{"lineNumber":99,"author":{"gitId":"ziiqii"},"content":"    public static void parseCsv(String csv) {","lastModifiedDate":"2024-01-26"},{"lineNumber":100,"author":{"gitId":"ziiqii"},"content":"        String[] words \u003d csv.split(\",\");","lastModifiedDate":"2024-01-26"},{"lineNumber":101,"author":{"gitId":"ziiqii"},"content":"        Storage.words \u003d words;","lastModifiedDate":"2024-01-26"},{"lineNumber":102,"author":{"gitId":"ziiqii"},"content":"        try {","lastModifiedDate":"2024-01-26"},{"lineNumber":103,"author":{"gitId":"ziiqii"},"content":"            switch (words[0]) {","lastModifiedDate":"2024-01-26"},{"lineNumber":104,"author":{"gitId":"ziiqii"},"content":"            case (\"T\"):","lastModifiedDate":"2024-01-26"},{"lineNumber":105,"author":{"gitId":"ziiqii"},"content":"                Storage.words[0] \u003d \"todo\";","lastModifiedDate":"2024-01-26"},{"lineNumber":106,"author":{"gitId":"ziiqii"},"content":"                Storage.input \u003d String.format(\"todo %s\", words[2]);","lastModifiedDate":"2024-01-26"},{"lineNumber":107,"author":{"gitId":"ziiqii"},"content":"                parseToDo(Storage.input);","lastModifiedDate":"2024-01-26"},{"lineNumber":108,"author":{"gitId":"ziiqii"},"content":"                break;","lastModifiedDate":"2024-01-26"},{"lineNumber":109,"author":{"gitId":"ziiqii"},"content":"            case (\"D\"):","lastModifiedDate":"2024-01-26"},{"lineNumber":110,"author":{"gitId":"ziiqii"},"content":"                Storage.words[0] \u003d \"deadline\";","lastModifiedDate":"2024-01-26"},{"lineNumber":111,"author":{"gitId":"ziiqii"},"content":"                Storage.input \u003d String.format(\"deadline %s /by %s\", words[2], words[3]);","lastModifiedDate":"2024-01-26"},{"lineNumber":112,"author":{"gitId":"ziiqii"},"content":"                parseDeadline(Storage.input);","lastModifiedDate":"2024-01-26"},{"lineNumber":113,"author":{"gitId":"ziiqii"},"content":"                break;","lastModifiedDate":"2024-01-26"},{"lineNumber":114,"author":{"gitId":"ziiqii"},"content":"            case (\"E\"):","lastModifiedDate":"2024-01-26"},{"lineNumber":115,"author":{"gitId":"ziiqii"},"content":"                Storage.words[0] \u003d \"event\";","lastModifiedDate":"2024-01-26"},{"lineNumber":116,"author":{"gitId":"ziiqii"},"content":"                Storage.input \u003d String.format(\"event %s /from %s /to %s\", words[2], words[3], words[4]);","lastModifiedDate":"2024-01-28"},{"lineNumber":117,"author":{"gitId":"ziiqii"},"content":"                parseEvent(Storage.input);","lastModifiedDate":"2024-01-26"},{"lineNumber":118,"author":{"gitId":"ziiqii"},"content":"                break;","lastModifiedDate":"2024-01-26"},{"lineNumber":119,"author":{"gitId":"ziiqii"},"content":"            default:","lastModifiedDate":"2024-01-26"},{"lineNumber":120,"author":{"gitId":"ziiqii"},"content":"                System.out.println(\"Can\u0027t read csv, file corrupted, abort!\");","lastModifiedDate":"2024-01-26"},{"lineNumber":121,"author":{"gitId":"ziiqii"},"content":"                System.exit(-1);","lastModifiedDate":"2024-01-26"},{"lineNumber":122,"author":{"gitId":"ziiqii"},"content":"            }","lastModifiedDate":"2024-01-26"},{"lineNumber":123,"author":{"gitId":"ziiqii"},"content":"        } catch (UkeCatException e) {","lastModifiedDate":"2024-01-26"},{"lineNumber":124,"author":{"gitId":"ziiqii"},"content":"            System.out.println(e.getMessage());","lastModifiedDate":"2024-01-26"},{"lineNumber":125,"author":{"gitId":"ziiqii"},"content":"        }","lastModifiedDate":"2024-01-26"},{"lineNumber":126,"author":{"gitId":"ziiqii"},"content":"    }","lastModifiedDate":"2024-01-26"},{"lineNumber":127,"author":{"gitId":"ziiqii"},"content":"","lastModifiedDate":"2024-01-26"},{"lineNumber":128,"author":{"gitId":"ziiqii"},"content":"    public static void closeScanner() {","lastModifiedDate":"2024-01-24"},{"lineNumber":129,"author":{"gitId":"ziiqii"},"content":"        sc.close();","lastModifiedDate":"2024-01-24"},{"lineNumber":130,"author":{"gitId":"ziiqii"},"content":"    }","lastModifiedDate":"2024-01-24"},{"lineNumber":131,"author":{"gitId":"ziiqii"},"content":"}","lastModifiedDate":"2024-01-24"}],"authorContributionMap":{"ziiqii":131}},{"path":"src/main/java/Responder.java","fileType":"java","lines":[{"lineNumber":1,"author":{"gitId":"ziiqii"},"content":"// Based on the parsed input, generate a response","lastModifiedDate":"2024-01-24"},{"lineNumber":2,"author":{"gitId":"ziiqii"},"content":"public class Responder {","lastModifiedDate":"2024-01-24"},{"lineNumber":3,"author":{"gitId":"ziiqii"},"content":"    public static void respond(String[] words) {","lastModifiedDate":"2024-01-24"},{"lineNumber":4,"author":{"gitId":"ziiqii"},"content":"        switch(words[0]) {","lastModifiedDate":"2024-01-24"},{"lineNumber":5,"author":{"gitId":"ziiqii"},"content":"        case \"hi\":","lastModifiedDate":"2024-01-24"},{"lineNumber":6,"author":{"gitId":"ziiqii"},"content":"            System.out.println(Storage.HI);","lastModifiedDate":"2024-01-24"},{"lineNumber":7,"author":{"gitId":"ziiqii"},"content":"            break;","lastModifiedDate":"2024-01-24"},{"lineNumber":8,"author":{"gitId":"ziiqii"},"content":"        case \"list\":","lastModifiedDate":"2024-01-24"},{"lineNumber":9,"author":{"gitId":"ziiqii"},"content":"            Storage.printTasks();","lastModifiedDate":"2024-01-24"},{"lineNumber":10,"author":{"gitId":"ziiqii"},"content":"            break;","lastModifiedDate":"2024-01-24"},{"lineNumber":11,"author":{"gitId":"ziiqii"},"content":"        case \"mark\":","lastModifiedDate":"2024-01-24"},{"lineNumber":12,"author":{"gitId":"ziiqii"},"content":"            Storage.markTask(MarkType.MARK);","lastModifiedDate":"2024-01-24"},{"lineNumber":13,"author":{"gitId":"ziiqii"},"content":"            break;","lastModifiedDate":"2024-01-24"},{"lineNumber":14,"author":{"gitId":"ziiqii"},"content":"        case \"unmark\":","lastModifiedDate":"2024-01-24"},{"lineNumber":15,"author":{"gitId":"ziiqii"},"content":"            Storage.markTask(MarkType.UNMARK);","lastModifiedDate":"2024-01-24"},{"lineNumber":16,"author":{"gitId":"ziiqii"},"content":"            break;","lastModifiedDate":"2024-01-24"},{"lineNumber":17,"author":{"gitId":"ziiqii"},"content":"        case \"delete\":","lastModifiedDate":"2024-01-24"},{"lineNumber":18,"author":{"gitId":"ziiqii"},"content":"            Storage.deleteTask();","lastModifiedDate":"2024-01-24"},{"lineNumber":19,"author":{"gitId":"ziiqii"},"content":"            break;","lastModifiedDate":"2024-01-24"},{"lineNumber":20,"author":{"gitId":"ziiqii"},"content":"        case \"todo\":","lastModifiedDate":"2024-01-24"},{"lineNumber":21,"author":{"gitId":"ziiqii"},"content":"        case \"deadline\":","lastModifiedDate":"2024-01-24"},{"lineNumber":22,"author":{"gitId":"ziiqii"},"content":"        case \"event\":","lastModifiedDate":"2024-01-24"},{"lineNumber":23,"author":{"gitId":"ziiqii"},"content":"            Storage.addTask();","lastModifiedDate":"2024-01-24"},{"lineNumber":24,"author":{"gitId":"ziiqii"},"content":"            break;","lastModifiedDate":"2024-01-24"},{"lineNumber":25,"author":{"gitId":"ziiqii"},"content":"        default:","lastModifiedDate":"2024-01-24"},{"lineNumber":26,"author":{"gitId":"ziiqii"},"content":"            System.out.println(\"  I don\u0027t understand! Try adding a task!\");","lastModifiedDate":"2024-01-24"},{"lineNumber":27,"author":{"gitId":"ziiqii"},"content":"        }","lastModifiedDate":"2024-01-24"},{"lineNumber":28,"author":{"gitId":"ziiqii"},"content":"    }","lastModifiedDate":"2024-01-24"},{"lineNumber":29,"author":{"gitId":"ziiqii"},"content":"}","lastModifiedDate":"2024-01-24"}],"authorContributionMap":{"ziiqii":29}},{"path":"src/main/java/Storage.java","fileType":"java","lines":[{"lineNumber":1,"author":{"gitId":"ziiqii"},"content":"import java.util.ArrayList;","lastModifiedDate":"2024-01-24"},{"lineNumber":2,"author":{"gitId":"ziiqii"},"content":"import java.time.LocalDate;","lastModifiedDate":"2024-01-28"},{"lineNumber":3,"author":{"gitId":"ziiqii"},"content":"","lastModifiedDate":"2024-01-24"},{"lineNumber":4,"author":{"gitId":"ziiqii"},"content":"// Holds information to be used conveniently","lastModifiedDate":"2024-01-24"},{"lineNumber":5,"author":{"gitId":"ziiqii"},"content":"// Contains:","lastModifiedDate":"2024-01-24"},{"lineNumber":6,"author":{"gitId":"ziiqii"},"content":"// Parsed user input","lastModifiedDate":"2024-01-24"},{"lineNumber":7,"author":{"gitId":"ziiqii"},"content":"// Array to hold tasks","lastModifiedDate":"2024-01-24"},{"lineNumber":8,"author":{"gitId":"ziiqii"},"content":"// Default replies","lastModifiedDate":"2024-01-24"},{"lineNumber":9,"author":{"gitId":"ziiqii"},"content":"public class Storage {","lastModifiedDate":"2024-01-24"},{"lineNumber":10,"author":{"gitId":"ziiqii"},"content":"    // Storage from input","lastModifiedDate":"2024-01-24"},{"lineNumber":11,"author":{"gitId":"ziiqii"},"content":"    public static String input; // user input","lastModifiedDate":"2024-01-24"},{"lineNumber":12,"author":{"gitId":"ziiqii"},"content":"    public static String[] words; // split words using","lastModifiedDate":"2024-01-24"},{"lineNumber":13,"author":{"gitId":"ziiqii"},"content":"    public static String desc; // for any task","lastModifiedDate":"2024-01-24"},{"lineNumber":14,"author":{"gitId":"ziiqii"},"content":"    public static LocalDate by; // for deadlines","lastModifiedDate":"2024-01-28"},{"lineNumber":15,"author":{"gitId":"ziiqii"},"content":"    public static LocalDate start; // for events","lastModifiedDate":"2024-01-28"},{"lineNumber":16,"author":{"gitId":"ziiqii"},"content":"    public static LocalDate end; // for events","lastModifiedDate":"2024-01-28"},{"lineNumber":17,"author":{"gitId":"ziiqii"},"content":"","lastModifiedDate":"2024-01-24"},{"lineNumber":18,"author":{"gitId":"ziiqii"},"content":"    // Tasks","lastModifiedDate":"2024-01-24"},{"lineNumber":19,"author":{"gitId":"ziiqii"},"content":"    private static final ArrayList\u003cTask\u003e tasks \u003d new ArrayList\u003c\u003e();","lastModifiedDate":"2024-01-24"},{"lineNumber":20,"author":{"gitId":"ziiqii"},"content":"    private static int numT \u003d 0;","lastModifiedDate":"2024-01-24"},{"lineNumber":21,"author":{"gitId":"ziiqii"},"content":"","lastModifiedDate":"2024-01-24"},{"lineNumber":22,"author":{"gitId":"ziiqii"},"content":"    public static ArrayList\u003cTask\u003e getTasks() {","lastModifiedDate":"2024-01-26"},{"lineNumber":23,"author":{"gitId":"ziiqii"},"content":"        return tasks;","lastModifiedDate":"2024-01-26"},{"lineNumber":24,"author":{"gitId":"ziiqii"},"content":"    }","lastModifiedDate":"2024-01-26"},{"lineNumber":25,"author":{"gitId":"ziiqii"},"content":"","lastModifiedDate":"2024-01-26"},{"lineNumber":26,"author":{"gitId":"ziiqii"},"content":"    public static void addTask() {","lastModifiedDate":"2024-01-24"},{"lineNumber":27,"author":{"gitId":"ziiqii"},"content":"        Task t \u003d new Task();","lastModifiedDate":"2024-01-24"},{"lineNumber":28,"author":{"gitId":"ziiqii"},"content":"        try{","lastModifiedDate":"2024-01-24"},{"lineNumber":29,"author":{"gitId":"ziiqii"},"content":"            switch (words[0]) {","lastModifiedDate":"2024-01-24"},{"lineNumber":30,"author":{"gitId":"ziiqii"},"content":"                case \"todo\":","lastModifiedDate":"2024-01-24"},{"lineNumber":31,"author":{"gitId":"ziiqii"},"content":"                    Parser.parseToDo(input);","lastModifiedDate":"2024-01-24"},{"lineNumber":32,"author":{"gitId":"ziiqii"},"content":"                    t \u003d new ToDo(desc);","lastModifiedDate":"2024-01-24"},{"lineNumber":33,"author":{"gitId":"ziiqii"},"content":"                    tasks.add(t);","lastModifiedDate":"2024-01-24"},{"lineNumber":34,"author":{"gitId":"ziiqii"},"content":"                    break;","lastModifiedDate":"2024-01-24"},{"lineNumber":35,"author":{"gitId":"ziiqii"},"content":"","lastModifiedDate":"2024-01-24"},{"lineNumber":36,"author":{"gitId":"ziiqii"},"content":"                case \"deadline\":","lastModifiedDate":"2024-01-24"},{"lineNumber":37,"author":{"gitId":"ziiqii"},"content":"                    Parser.parseDeadline(input);","lastModifiedDate":"2024-01-24"},{"lineNumber":38,"author":{"gitId":"ziiqii"},"content":"                    t \u003d new Deadline(desc, by);","lastModifiedDate":"2024-01-24"},{"lineNumber":39,"author":{"gitId":"ziiqii"},"content":"                    tasks.add(t);","lastModifiedDate":"2024-01-24"},{"lineNumber":40,"author":{"gitId":"ziiqii"},"content":"                    break;","lastModifiedDate":"2024-01-24"},{"lineNumber":41,"author":{"gitId":"ziiqii"},"content":"","lastModifiedDate":"2024-01-24"},{"lineNumber":42,"author":{"gitId":"ziiqii"},"content":"                case \"event\":","lastModifiedDate":"2024-01-24"},{"lineNumber":43,"author":{"gitId":"ziiqii"},"content":"                    Parser.parseEvent(input);","lastModifiedDate":"2024-01-24"},{"lineNumber":44,"author":{"gitId":"ziiqii"},"content":"                    t \u003d new Event(desc, start, end);","lastModifiedDate":"2024-01-24"},{"lineNumber":45,"author":{"gitId":"ziiqii"},"content":"                    tasks.add(t);","lastModifiedDate":"2024-01-24"},{"lineNumber":46,"author":{"gitId":"ziiqii"},"content":"                    break;","lastModifiedDate":"2024-01-24"},{"lineNumber":47,"author":{"gitId":"ziiqii"},"content":"            }","lastModifiedDate":"2024-01-24"},{"lineNumber":48,"author":{"gitId":"ziiqii"},"content":"            numT++;","lastModifiedDate":"2024-01-24"},{"lineNumber":49,"author":{"gitId":"ziiqii"},"content":"            System.out.println(\"  I added this task: \" + t);","lastModifiedDate":"2024-01-24"},{"lineNumber":50,"author":{"gitId":"ziiqii"},"content":"            report();","lastModifiedDate":"2024-01-24"},{"lineNumber":51,"author":{"gitId":"ziiqii"},"content":"            FileManager.updateTasks();","lastModifiedDate":"2024-01-26"},{"lineNumber":52,"author":{"gitId":"ziiqii"},"content":"        } catch(Exception e) {","lastModifiedDate":"2024-01-24"},{"lineNumber":53,"author":{"gitId":"ziiqii"},"content":"            System.out.println(e.getMessage());","lastModifiedDate":"2024-01-24"},{"lineNumber":54,"author":{"gitId":"ziiqii"},"content":"        }","lastModifiedDate":"2024-01-24"},{"lineNumber":55,"author":{"gitId":"ziiqii"},"content":"    }","lastModifiedDate":"2024-01-24"},{"lineNumber":56,"author":{"gitId":"ziiqii"},"content":"","lastModifiedDate":"2024-01-24"},{"lineNumber":57,"author":{"gitId":"ziiqii"},"content":"    public static void deleteTask() {","lastModifiedDate":"2024-01-24"},{"lineNumber":58,"author":{"gitId":"ziiqii"},"content":"        try {","lastModifiedDate":"2024-01-24"},{"lineNumber":59,"author":{"gitId":"ziiqii"},"content":"            int deleteIndex \u003d Parser.parseDeleteTask(words);","lastModifiedDate":"2024-01-24"},{"lineNumber":60,"author":{"gitId":"ziiqii"},"content":"            Task deletedTask \u003d tasks.remove(deleteIndex);","lastModifiedDate":"2024-01-24"},{"lineNumber":61,"author":{"gitId":"ziiqii"},"content":"            numT--;","lastModifiedDate":"2024-01-24"},{"lineNumber":62,"author":{"gitId":"ziiqii"},"content":"            System.out.println(\"  I removed this task: \" + deletedTask);","lastModifiedDate":"2024-01-24"},{"lineNumber":63,"author":{"gitId":"ziiqii"},"content":"            report();","lastModifiedDate":"2024-01-24"},{"lineNumber":64,"author":{"gitId":"ziiqii"},"content":"            FileManager.updateTasks();","lastModifiedDate":"2024-01-26"},{"lineNumber":65,"author":{"gitId":"ziiqii"},"content":"        } catch (UkeCatException e) {","lastModifiedDate":"2024-01-24"},{"lineNumber":66,"author":{"gitId":"ziiqii"},"content":"            System.out.println(e.getMessage());","lastModifiedDate":"2024-01-24"},{"lineNumber":67,"author":{"gitId":"ziiqii"},"content":"        } catch (IndexOutOfBoundsException e) {","lastModifiedDate":"2024-01-24"},{"lineNumber":68,"author":{"gitId":"ziiqii"},"content":"            System.out.println(\"Task not found. Please delete task from list:\");","lastModifiedDate":"2024-01-24"},{"lineNumber":69,"author":{"gitId":"ziiqii"},"content":"            printTasks();","lastModifiedDate":"2024-01-24"},{"lineNumber":70,"author":{"gitId":"ziiqii"},"content":"        }","lastModifiedDate":"2024-01-24"},{"lineNumber":71,"author":{"gitId":"ziiqii"},"content":"    }","lastModifiedDate":"2024-01-24"},{"lineNumber":72,"author":{"gitId":"ziiqii"},"content":"","lastModifiedDate":"2024-01-24"},{"lineNumber":73,"author":{"gitId":"ziiqii"},"content":"    public static void markTask(MarkType markType) {","lastModifiedDate":"2024-01-24"},{"lineNumber":74,"author":{"gitId":"ziiqii"},"content":"        try {","lastModifiedDate":"2024-01-24"},{"lineNumber":75,"author":{"gitId":"ziiqii"},"content":"            int taskIndex \u003d Parser.parseMarkTask(words);","lastModifiedDate":"2024-01-24"},{"lineNumber":76,"author":{"gitId":"ziiqii"},"content":"            tasks.get(taskIndex).setDone(markType);","lastModifiedDate":"2024-01-24"},{"lineNumber":77,"author":{"gitId":"ziiqii"},"content":"            FileManager.updateTasks();","lastModifiedDate":"2024-01-26"},{"lineNumber":78,"author":{"gitId":"ziiqii"},"content":"        } catch (UkeCatException e) {","lastModifiedDate":"2024-01-24"},{"lineNumber":79,"author":{"gitId":"ziiqii"},"content":"            System.out.println(e.getMessage());","lastModifiedDate":"2024-01-24"},{"lineNumber":80,"author":{"gitId":"ziiqii"},"content":"        } catch (IndexOutOfBoundsException e) {","lastModifiedDate":"2024-01-24"},{"lineNumber":81,"author":{"gitId":"ziiqii"},"content":"            System.out.println(\"Task not found. Please mark task from list:\");","lastModifiedDate":"2024-01-24"},{"lineNumber":82,"author":{"gitId":"ziiqii"},"content":"            printTasks();","lastModifiedDate":"2024-01-24"},{"lineNumber":83,"author":{"gitId":"ziiqii"},"content":"        }","lastModifiedDate":"2024-01-24"},{"lineNumber":84,"author":{"gitId":"ziiqii"},"content":"    }","lastModifiedDate":"2024-01-24"},{"lineNumber":85,"author":{"gitId":"ziiqii"},"content":"","lastModifiedDate":"2024-01-24"},{"lineNumber":86,"author":{"gitId":"ziiqii"},"content":"    // words[1] is \"0\"/\"1\"","lastModifiedDate":"2024-01-26"},{"lineNumber":87,"author":{"gitId":"ziiqii"},"content":"    public static void addCsvTask() {","lastModifiedDate":"2024-01-26"},{"lineNumber":88,"author":{"gitId":"ziiqii"},"content":"        Task t;","lastModifiedDate":"2024-01-28"},{"lineNumber":89,"author":{"gitId":"ziiqii"},"content":"        try{","lastModifiedDate":"2024-01-26"},{"lineNumber":90,"author":{"gitId":"ziiqii"},"content":"            switch (words[0]) {","lastModifiedDate":"2024-01-26"},{"lineNumber":91,"author":{"gitId":"ziiqii"},"content":"            case \"todo\":","lastModifiedDate":"2024-01-26"},{"lineNumber":92,"author":{"gitId":"ziiqii"},"content":"                Parser.parseToDo(input);","lastModifiedDate":"2024-01-26"},{"lineNumber":93,"author":{"gitId":"ziiqii"},"content":"                t \u003d new ToDo(words[1], desc);","lastModifiedDate":"2024-01-26"},{"lineNumber":94,"author":{"gitId":"ziiqii"},"content":"                tasks.add(t);","lastModifiedDate":"2024-01-26"},{"lineNumber":95,"author":{"gitId":"ziiqii"},"content":"                break;","lastModifiedDate":"2024-01-26"},{"lineNumber":96,"author":{"gitId":"ziiqii"},"content":"","lastModifiedDate":"2024-01-26"},{"lineNumber":97,"author":{"gitId":"ziiqii"},"content":"            case \"deadline\":","lastModifiedDate":"2024-01-26"},{"lineNumber":98,"author":{"gitId":"ziiqii"},"content":"                Parser.parseDeadline(input);","lastModifiedDate":"2024-01-26"},{"lineNumber":99,"author":{"gitId":"ziiqii"},"content":"                t \u003d new Deadline(words[1], desc, by);","lastModifiedDate":"2024-01-26"},{"lineNumber":100,"author":{"gitId":"ziiqii"},"content":"                tasks.add(t);","lastModifiedDate":"2024-01-26"},{"lineNumber":101,"author":{"gitId":"ziiqii"},"content":"                break;","lastModifiedDate":"2024-01-26"},{"lineNumber":102,"author":{"gitId":"ziiqii"},"content":"","lastModifiedDate":"2024-01-26"},{"lineNumber":103,"author":{"gitId":"ziiqii"},"content":"            case \"event\":","lastModifiedDate":"2024-01-26"},{"lineNumber":104,"author":{"gitId":"ziiqii"},"content":"                Parser.parseEvent(input);","lastModifiedDate":"2024-01-26"},{"lineNumber":105,"author":{"gitId":"ziiqii"},"content":"                t \u003d new Event(words[1], desc, start, end);","lastModifiedDate":"2024-01-26"},{"lineNumber":106,"author":{"gitId":"ziiqii"},"content":"                tasks.add(t);","lastModifiedDate":"2024-01-26"},{"lineNumber":107,"author":{"gitId":"ziiqii"},"content":"                break;","lastModifiedDate":"2024-01-26"},{"lineNumber":108,"author":{"gitId":"ziiqii"},"content":"            }","lastModifiedDate":"2024-01-26"},{"lineNumber":109,"author":{"gitId":"ziiqii"},"content":"            numT++;","lastModifiedDate":"2024-01-26"},{"lineNumber":110,"author":{"gitId":"ziiqii"},"content":"        } catch(Exception e) {","lastModifiedDate":"2024-01-26"},{"lineNumber":111,"author":{"gitId":"ziiqii"},"content":"            System.out.println(e.getMessage());","lastModifiedDate":"2024-01-26"},{"lineNumber":112,"author":{"gitId":"ziiqii"},"content":"        }","lastModifiedDate":"2024-01-26"},{"lineNumber":113,"author":{"gitId":"ziiqii"},"content":"    }","lastModifiedDate":"2024-01-26"},{"lineNumber":114,"author":{"gitId":"ziiqii"},"content":"","lastModifiedDate":"2024-01-26"},{"lineNumber":115,"author":{"gitId":"ziiqii"},"content":"    public static void loadTask(String csv) {","lastModifiedDate":"2024-01-26"},{"lineNumber":116,"author":{"gitId":"ziiqii"},"content":"        Parser.parseCsv(csv);","lastModifiedDate":"2024-01-26"},{"lineNumber":117,"author":{"gitId":"ziiqii"},"content":"        addCsvTask();","lastModifiedDate":"2024-01-26"},{"lineNumber":118,"author":{"gitId":"ziiqii"},"content":"    }","lastModifiedDate":"2024-01-26"},{"lineNumber":119,"author":{"gitId":"ziiqii"},"content":"","lastModifiedDate":"2024-01-26"},{"lineNumber":120,"author":{"gitId":"ziiqii"},"content":"    public static void printTasks() {","lastModifiedDate":"2024-01-24"},{"lineNumber":121,"author":{"gitId":"ziiqii"},"content":"        if (numT \u003d\u003d 0) {","lastModifiedDate":"2024-01-24"},{"lineNumber":122,"author":{"gitId":"ziiqii"},"content":"            System.out.println(\"  No tasks in list yet!\");","lastModifiedDate":"2024-01-24"},{"lineNumber":123,"author":{"gitId":"ziiqii"},"content":"            return;","lastModifiedDate":"2024-01-24"},{"lineNumber":124,"author":{"gitId":"ziiqii"},"content":"        }","lastModifiedDate":"2024-01-24"},{"lineNumber":125,"author":{"gitId":"ziiqii"},"content":"        for (int i \u003d 0; i \u003c numT; i++) {","lastModifiedDate":"2024-01-24"},{"lineNumber":126,"author":{"gitId":"ziiqii"},"content":"            System.out.format(\"  %d. %s%n\", i+1, tasks.get(i).toString());","lastModifiedDate":"2024-01-24"},{"lineNumber":127,"author":{"gitId":"ziiqii"},"content":"        }","lastModifiedDate":"2024-01-24"},{"lineNumber":128,"author":{"gitId":"ziiqii"},"content":"    }","lastModifiedDate":"2024-01-24"},{"lineNumber":129,"author":{"gitId":"ziiqii"},"content":"","lastModifiedDate":"2024-01-24"},{"lineNumber":130,"author":{"gitId":"ziiqii"},"content":"    public static void report() {","lastModifiedDate":"2024-01-24"},{"lineNumber":131,"author":{"gitId":"ziiqii"},"content":"        String out \u003d String.format(\"  You have %s tasks in the list now.\", numT);","lastModifiedDate":"2024-01-24"},{"lineNumber":132,"author":{"gitId":"ziiqii"},"content":"        System.out.println(out);","lastModifiedDate":"2024-01-24"},{"lineNumber":133,"author":{"gitId":"ziiqii"},"content":"    }","lastModifiedDate":"2024-01-24"},{"lineNumber":134,"author":{"gitId":"ziiqii"},"content":"","lastModifiedDate":"2024-01-24"},{"lineNumber":135,"author":{"gitId":"ziiqii"},"content":"    // Hardcoded messages","lastModifiedDate":"2024-01-24"},{"lineNumber":136,"author":{"gitId":"ziiqii"},"content":"    public static final String LINE \u003d \"________________________________________________________________________\\n\";","lastModifiedDate":"2024-01-24"},{"lineNumber":137,"author":{"gitId":"ziiqii"},"content":"    public static String WELCOME \u003d","lastModifiedDate":"2024-01-24"},{"lineNumber":138,"author":{"gitId":"ziiqii"},"content":"              \"                    /~(_)~\\\\.    Hi! I\u0027m UkeCat, a cat with an ukulele!\\n\"","lastModifiedDate":"2024-01-24"},{"lineNumber":139,"author":{"gitId":"ziiqii"},"content":"            + \" /\u003d ••\\\\      /~(_)~\\\\        \\\\   \\\\| /\\\\           What can I do for you?\\n\"","lastModifiedDate":"2024-01-24"},{"lineNumber":140,"author":{"gitId":"ziiqii"},"content":"            + \"K\u003d|\u003d|\u003d|\u003d|\u003d|\u003d|\u003d|\u003d|\u003d(  )\u003d\u003d\u003d]  |     (`~ o7 \\n\"","lastModifiedDate":"2024-01-24"},{"lineNumber":141,"author":{"gitId":"ziiqii"},"content":"            + \" \\\\\u003d ••/      \\\\_(~)_/        /    c\\\\   c\\\\ \\n\"","lastModifiedDate":"2024-01-24"},{"lineNumber":142,"author":{"gitId":"ziiqii"},"content":"            + \"                    \\\\_(~)_/`     U`U_, )\u003d~~ \\n\";","lastModifiedDate":"2024-01-24"},{"lineNumber":143,"author":{"gitId":"ziiqii"},"content":"    public static final String BYE \u003d","lastModifiedDate":"2024-01-24"},{"lineNumber":144,"author":{"gitId":"ziiqii"},"content":"        \"  +--------------------+\" + \"    /\\\\_/\\\\\\n\" +","lastModifiedDate":"2024-01-24"},{"lineNumber":145,"author":{"gitId":"ziiqii"},"content":"            \"  |Meow~ See you again!|\" + \"   \u003d~.~\u003d|\\n\" +","lastModifiedDate":"2024-01-24"},{"lineNumber":146,"author":{"gitId":"ziiqii"},"content":"            \"  +--------------------+\" + \"     \\\\  \\\\/\\n\";","lastModifiedDate":"2024-01-24"},{"lineNumber":147,"author":{"gitId":"ziiqii"},"content":"","lastModifiedDate":"2024-01-24"},{"lineNumber":148,"author":{"gitId":"ziiqii"},"content":"    public static final String HI \u003d","lastModifiedDate":"2024-01-24"},{"lineNumber":149,"author":{"gitId":"ziiqii"},"content":"        \"  +-------------------------------------------------------------------------------------------------------------+\\n\" +","lastModifiedDate":"2024-01-24"},{"lineNumber":150,"author":{"gitId":"ziiqii"},"content":"            \"  |Greetings, sentient being known as a human, I wish to convey my heartfelt salutations to you.                |\"+\"    /\\\\_/\\\\\\n\" +","lastModifiedDate":"2024-01-24"},{"lineNumber":151,"author":{"gitId":"ziiqii"},"content":"            \"  |As we commence our digital discourse, I extend a warm welcome and express my enthusiasm for this interaction.|\"+\"   \u003dX.X\u003d|\\n\" +","lastModifiedDate":"2024-01-24"},{"lineNumber":152,"author":{"gitId":"ziiqii"},"content":"            \"  |May our engagement be both enlightening and mutually beneficial in the realm of virtual communication.       |\"+\"     \\\\  \\\\/\\n\" +","lastModifiedDate":"2024-01-24"},{"lineNumber":153,"author":{"gitId":"ziiqii"},"content":"            \"  +-------------------------------------------------------------------------------------------------------------+\";","lastModifiedDate":"2024-01-24"},{"lineNumber":154,"author":{"gitId":"ziiqii"},"content":"}","lastModifiedDate":"2024-01-24"}],"authorContributionMap":{"ziiqii":154}},{"path":"src/main/java/Task.java","fileType":"java","lines":[{"lineNumber":1,"author":{"gitId":"ziiqii"},"content":"public class Task {","lastModifiedDate":"2024-01-21"},{"lineNumber":2,"author":{"gitId":"ziiqii"},"content":"    private String description;","lastModifiedDate":"2024-01-21"},{"lineNumber":3,"author":{"gitId":"ziiqii"},"content":"    private boolean isDone;","lastModifiedDate":"2024-01-24"},{"lineNumber":4,"author":{"gitId":"ziiqii"},"content":"","lastModifiedDate":"2024-01-21"},{"lineNumber":5,"author":{"gitId":"ziiqii"},"content":"    public Task(){}","lastModifiedDate":"2024-01-26"},{"lineNumber":6,"author":{"gitId":"ziiqii"},"content":"","lastModifiedDate":"2024-01-24"},{"lineNumber":7,"author":{"gitId":"ziiqii"},"content":"    public Task(String description) {","lastModifiedDate":"2024-01-21"},{"lineNumber":8,"author":{"gitId":"ziiqii"},"content":"        this.description \u003d description;","lastModifiedDate":"2024-01-21"},{"lineNumber":9,"author":{"gitId":"ziiqii"},"content":"        this.isDone \u003d false;","lastModifiedDate":"2024-01-21"},{"lineNumber":10,"author":{"gitId":"ziiqii"},"content":"    }","lastModifiedDate":"2024-01-21"},{"lineNumber":11,"author":{"gitId":"ziiqii"},"content":"","lastModifiedDate":"2024-01-21"},{"lineNumber":12,"author":{"gitId":"ziiqii"},"content":"    public Task(String isDone, String description) {","lastModifiedDate":"2024-01-26"},{"lineNumber":13,"author":{"gitId":"ziiqii"},"content":"        this.isDone \u003d isDone.equals(\"1\");","lastModifiedDate":"2024-01-26"},{"lineNumber":14,"author":{"gitId":"ziiqii"},"content":"        this.description \u003d description;","lastModifiedDate":"2024-01-26"},{"lineNumber":15,"author":{"gitId":"ziiqii"},"content":"    }","lastModifiedDate":"2024-01-26"},{"lineNumber":16,"author":{"gitId":"ziiqii"},"content":"","lastModifiedDate":"2024-01-26"},{"lineNumber":17,"author":{"gitId":"ziiqii"},"content":"    // mark or unmark, can enum later","lastModifiedDate":"2024-01-21"},{"lineNumber":18,"author":{"gitId":"ziiqii"},"content":"    public void setDone(MarkType markType) {","lastModifiedDate":"2024-01-24"},{"lineNumber":19,"author":{"gitId":"ziiqii"},"content":"        switch (markType) {","lastModifiedDate":"2024-01-24"},{"lineNumber":20,"author":{"gitId":"ziiqii"},"content":"        case MARK:","lastModifiedDate":"2024-01-24"},{"lineNumber":21,"author":{"gitId":"ziiqii"},"content":"            this.isDone \u003d true;","lastModifiedDate":"2024-01-21"},{"lineNumber":22,"author":{"gitId":"ziiqii"},"content":"            System.out.println(\"  Nice! I\u0027ve marked this task as done:\");","lastModifiedDate":"2024-01-21"},{"lineNumber":23,"author":{"gitId":"ziiqii"},"content":"            break;","lastModifiedDate":"2024-01-24"},{"lineNumber":24,"author":{"gitId":"ziiqii"},"content":"        case UNMARK:","lastModifiedDate":"2024-01-24"},{"lineNumber":25,"author":{"gitId":"ziiqii"},"content":"            this.isDone \u003d false;","lastModifiedDate":"2024-01-21"},{"lineNumber":26,"author":{"gitId":"ziiqii"},"content":"            System.out.println(\"  OK, I\u0027ve marked this task as not done yet:\");","lastModifiedDate":"2024-01-21"},{"lineNumber":27,"author":{"gitId":"ziiqii"},"content":"            break;","lastModifiedDate":"2024-01-24"},{"lineNumber":28,"author":{"gitId":"ziiqii"},"content":"        }","lastModifiedDate":"2024-01-21"},{"lineNumber":29,"author":{"gitId":"ziiqii"},"content":"        System.out.println(\"    \" + this);","lastModifiedDate":"2024-01-24"},{"lineNumber":30,"author":{"gitId":"ziiqii"},"content":"    }","lastModifiedDate":"2024-01-21"},{"lineNumber":31,"author":{"gitId":"ziiqii"},"content":"","lastModifiedDate":"2024-01-21"},{"lineNumber":32,"author":{"gitId":"ziiqii"},"content":"    public int getIntIsDone() {","lastModifiedDate":"2024-01-26"},{"lineNumber":33,"author":{"gitId":"ziiqii"},"content":"        return isDone ? 1 : 0;","lastModifiedDate":"2024-01-26"},{"lineNumber":34,"author":{"gitId":"ziiqii"},"content":"    }","lastModifiedDate":"2024-01-26"},{"lineNumber":35,"author":{"gitId":"ziiqii"},"content":"","lastModifiedDate":"2024-01-26"},{"lineNumber":36,"author":{"gitId":"ziiqii"},"content":"    public String getStatusIcon() {","lastModifiedDate":"2024-01-21"},{"lineNumber":37,"author":{"gitId":"ziiqii"},"content":"        return isDone ? \"[X] \" : \"[ ] \"; // mark done task with X","lastModifiedDate":"2024-01-22"},{"lineNumber":38,"author":{"gitId":"ziiqii"},"content":"    }","lastModifiedDate":"2024-01-21"},{"lineNumber":39,"author":{"gitId":"ziiqii"},"content":"","lastModifiedDate":"2024-01-21"},{"lineNumber":40,"author":{"gitId":"ziiqii"},"content":"    public String getDescription() {","lastModifiedDate":"2024-01-26"},{"lineNumber":41,"author":{"gitId":"ziiqii"},"content":"        return this.description;","lastModifiedDate":"2024-01-26"},{"lineNumber":42,"author":{"gitId":"ziiqii"},"content":"    }","lastModifiedDate":"2024-01-26"},{"lineNumber":43,"author":{"gitId":"ziiqii"},"content":"","lastModifiedDate":"2024-01-26"},{"lineNumber":44,"author":{"gitId":"ziiqii"},"content":"    @Override","lastModifiedDate":"2024-01-21"},{"lineNumber":45,"author":{"gitId":"ziiqii"},"content":"    public String toString() {","lastModifiedDate":"2024-01-21"},{"lineNumber":46,"author":{"gitId":"ziiqii"},"content":"        return this.description;","lastModifiedDate":"2024-01-21"},{"lineNumber":47,"author":{"gitId":"ziiqii"},"content":"    }","lastModifiedDate":"2024-01-21"},{"lineNumber":48,"author":{"gitId":"ziiqii"},"content":"}","lastModifiedDate":"2024-01-21"}],"authorContributionMap":{"ziiqii":48}},{"path":"src/main/java/ToDo.java","fileType":"java","lines":[{"lineNumber":1,"author":{"gitId":"ziiqii"},"content":"public class ToDo extends Task {","lastModifiedDate":"2024-01-22"},{"lineNumber":2,"author":{"gitId":"ziiqii"},"content":"","lastModifiedDate":"2024-01-22"},{"lineNumber":3,"author":{"gitId":"ziiqii"},"content":"    public ToDo(String description) {","lastModifiedDate":"2024-01-22"},{"lineNumber":4,"author":{"gitId":"ziiqii"},"content":"        super(description);","lastModifiedDate":"2024-01-22"},{"lineNumber":5,"author":{"gitId":"ziiqii"},"content":"    }","lastModifiedDate":"2024-01-22"},{"lineNumber":6,"author":{"gitId":"ziiqii"},"content":"","lastModifiedDate":"2024-01-22"},{"lineNumber":7,"author":{"gitId":"ziiqii"},"content":"    public ToDo(String isDone, String description) {","lastModifiedDate":"2024-01-26"},{"lineNumber":8,"author":{"gitId":"ziiqii"},"content":"        super(isDone, description);","lastModifiedDate":"2024-01-26"},{"lineNumber":9,"author":{"gitId":"ziiqii"},"content":"    }","lastModifiedDate":"2024-01-26"},{"lineNumber":10,"author":{"gitId":"ziiqii"},"content":"","lastModifiedDate":"2024-01-26"},{"lineNumber":11,"author":{"gitId":"ziiqii"},"content":"    @Override","lastModifiedDate":"2024-01-22"},{"lineNumber":12,"author":{"gitId":"ziiqii"},"content":"    public String toString() {","lastModifiedDate":"2024-01-22"},{"lineNumber":13,"author":{"gitId":"ziiqii"},"content":"        return String.format(\"[T]%s%s\", this.getStatusIcon(), super.toString());","lastModifiedDate":"2024-01-22"},{"lineNumber":14,"author":{"gitId":"ziiqii"},"content":"    }","lastModifiedDate":"2024-01-22"},{"lineNumber":15,"author":{"gitId":"ziiqii"},"content":"}","lastModifiedDate":"2024-01-22"}],"authorContributionMap":{"ziiqii":15}},{"path":"src/main/java/UkeCat.java","fileType":"java","lines":[{"lineNumber":1,"author":{"gitId":"ziiqii"},"content":"public class UkeCat {","lastModifiedDate":"2024-01-21"},{"lineNumber":2,"author":{"gitId":"ziiqii"},"content":"    public static void main(String[] args) {","lastModifiedDate":"2024-01-21"},{"lineNumber":3,"author":{"gitId":"ziiqii"},"content":"        FileManager.loadTasks();","lastModifiedDate":"2024-01-26"},{"lineNumber":4,"author":{"gitId":"ziiqii"},"content":"","lastModifiedDate":"2024-01-26"},{"lineNumber":5,"author":{"gitId":"ziiqii"},"content":"        try {","lastModifiedDate":"2024-01-24"},{"lineNumber":6,"author":{"gitId":"ziiqii"},"content":"            // Welcome msg","lastModifiedDate":"2024-01-21"},{"lineNumber":7,"author":{"gitId":"ziiqii"},"content":"            System.out.println(Storage.LINE + Storage.WELCOME + Storage.LINE);","lastModifiedDate":"2024-01-24"},{"lineNumber":8,"author":{"gitId":"ziiqii"},"content":"","lastModifiedDate":"2024-01-21"},{"lineNumber":9,"author":{"gitId":"ziiqii"},"content":"            // Read user input","lastModifiedDate":"2024-01-24"},{"lineNumber":10,"author":{"gitId":"ziiqii"},"content":"            while (true) {","lastModifiedDate":"2024-01-21"},{"lineNumber":11,"author":{"gitId":"ziiqii"},"content":"                Parser.parse();","lastModifiedDate":"2024-01-24"},{"lineNumber":12,"author":{"gitId":"ziiqii"},"content":"                if (Storage.words[0].equals(\"bye\")) {","lastModifiedDate":"2024-01-26"},{"lineNumber":13,"author":{"gitId":"ziiqii"},"content":"                    System.out.println(Storage.BYE);","lastModifiedDate":"2024-01-26"},{"lineNumber":14,"author":{"gitId":"ziiqii"},"content":"                    Parser.closeScanner();","lastModifiedDate":"2024-01-26"},{"lineNumber":15,"author":{"gitId":"ziiqii"},"content":"//                    FileManager.updateTasks();","lastModifiedDate":"2024-01-26"},{"lineNumber":16,"author":{"gitId":"ziiqii"},"content":"                    System.exit(0);","lastModifiedDate":"2024-01-26"},{"lineNumber":17,"author":{"gitId":"ziiqii"},"content":"                }","lastModifiedDate":"2024-01-26"},{"lineNumber":18,"author":{"gitId":"ziiqii"},"content":"                Responder.respond(Storage.words);","lastModifiedDate":"2024-01-24"},{"lineNumber":19,"author":{"gitId":"ziiqii"},"content":"            }","lastModifiedDate":"2024-01-24"},{"lineNumber":20,"author":{"gitId":"ziiqii"},"content":"        } catch (Exception e) {","lastModifiedDate":"2024-01-24"},{"lineNumber":21,"author":{"gitId":"ziiqii"},"content":"            System.out.println(\"Error: \" + e.getMessage());","lastModifiedDate":"2024-01-24"},{"lineNumber":22,"author":{"gitId":"ziiqii"},"content":"        }","lastModifiedDate":"2024-01-21"},{"lineNumber":23,"author":{"gitId":"ziiqii"},"content":"    }","lastModifiedDate":"2024-01-21"},{"lineNumber":24,"author":{"gitId":"ziiqii"},"content":"}","lastModifiedDate":"2024-01-21"}],"authorContributionMap":{"ziiqii":24}},{"path":"src/main/java/UkeCatException.java","fileType":"java","lines":[{"lineNumber":1,"author":{"gitId":"ziiqii"},"content":"public class UkeCatException extends Exception {","lastModifiedDate":"2024-01-24"},{"lineNumber":2,"author":{"gitId":"ziiqii"},"content":"    public UkeCatException(String msg) {","lastModifiedDate":"2024-01-24"},{"lineNumber":3,"author":{"gitId":"ziiqii"},"content":"        super(msg);","lastModifiedDate":"2024-01-24"},{"lineNumber":4,"author":{"gitId":"ziiqii"},"content":"    }","lastModifiedDate":"2024-01-24"},{"lineNumber":5,"author":{"gitId":"ziiqii"},"content":"","lastModifiedDate":"2024-01-24"},{"lineNumber":6,"author":{"gitId":"ziiqii"},"content":"}","lastModifiedDate":"2024-01-24"}],"authorContributionMap":{"ziiqii":6}},{"path":"src/main/java/logo.txt","fileType":"txt","lines":[{"lineNumber":1,"author":{"gitId":"ziiqii"},"content":"# Ukulele","lastModifiedDate":"2024-01-21"},{"lineNumber":2,"author":{"gitId":"ziiqii"},"content":"                    /~(_)~\\.","lastModifiedDate":"2024-01-21"},{"lineNumber":3,"author":{"gitId":"ziiqii"},"content":" /\u003d ••\\      /~(_)~\\        \\","lastModifiedDate":"2024-01-21"},{"lineNumber":4,"author":{"gitId":"ziiqii"},"content":"K\u003d|\u003d|\u003d|\u003d|\u003d|\u003d|\u003d|\u003d|\u003d(  )\u003d\u003d\u003d]  |","lastModifiedDate":"2024-01-21"},{"lineNumber":5,"author":{"gitId":"ziiqii"},"content":" \\\u003d ••/      \\_(~)_/        /","lastModifiedDate":"2024-01-21"},{"lineNumber":6,"author":{"gitId":"ziiqii"},"content":"                    \\_(~)_/`","lastModifiedDate":"2024-01-21"},{"lineNumber":7,"author":{"gitId":"ziiqii"},"content":"","lastModifiedDate":"2024-01-21"},{"lineNumber":8,"author":{"gitId":"ziiqii"},"content":"# UkeCat","lastModifiedDate":"2024-01-21"},{"lineNumber":9,"author":{"gitId":"ziiqii"},"content":"  /\\","lastModifiedDate":"2024-01-21"},{"lineNumber":10,"author":{"gitId":"ziiqii"},"content":" (`~ o7","lastModifiedDate":"2024-01-21"},{"lineNumber":11,"author":{"gitId":"ziiqii"},"content":"c\\   c\\","lastModifiedDate":"2024-01-21"},{"lineNumber":12,"author":{"gitId":"ziiqii"},"content":"U`U_, )\u003d~~","lastModifiedDate":"2024-01-21"},{"lineNumber":13,"author":{"gitId":"ziiqii"},"content":"","lastModifiedDate":"2024-01-21"},{"lineNumber":14,"author":{"gitId":"ziiqii"},"content":"# Echo cat","lastModifiedDate":"2024-01-21"},{"lineNumber":15,"author":{"gitId":"ziiqii"},"content":" /\\_/\\","lastModifiedDate":"2024-01-21"},{"lineNumber":16,"author":{"gitId":"ziiqii"},"content":"\u003dO.O\u003d|","lastModifiedDate":"2024-01-21"},{"lineNumber":17,"author":{"gitId":"ziiqii"},"content":"  \\  \\/","lastModifiedDate":"2024-01-21"}],"authorContributionMap":{"ziiqii":17}},{"path":"src/main/java/schema.txt","fileType":"txt","lines":[{"lineNumber":1,"author":{"gitId":"ziiqii"},"content":"UkeCat:","lastModifiedDate":"2024-01-24"},{"lineNumber":2,"author":{"gitId":"ziiqii"},"content":"- Storage: to store info on user input and tasks","lastModifiedDate":"2024-01-24"},{"lineNumber":3,"author":{"gitId":"ziiqii"},"content":"- Parses user input","lastModifiedDate":"2024-01-24"},{"lineNumber":4,"author":{"gitId":"ziiqii"},"content":"- Responds accordingly in the output","lastModifiedDate":"2024-01-24"},{"lineNumber":5,"author":{"gitId":"ziiqii"},"content":"","lastModifiedDate":"2024-01-24"},{"lineNumber":6,"author":{"gitId":"ziiqii"},"content":"Parser:","lastModifiedDate":"2024-01-24"},{"lineNumber":7,"author":{"gitId":"ziiqii"},"content":"- Parses the initial user input, stores info in storage","lastModifiedDate":"2024-01-24"},{"lineNumber":8,"author":{"gitId":"ziiqii"},"content":"","lastModifiedDate":"2024-01-24"},{"lineNumber":9,"author":{"gitId":"ziiqii"},"content":"Responder:","lastModifiedDate":"2024-01-24"},{"lineNumber":10,"author":{"gitId":"ziiqii"},"content":"- Based on input, respond or call for further parsing","lastModifiedDate":"2024-01-24"},{"lineNumber":11,"author":{"gitId":"ziiqii"},"content":"- Can give default replies","lastModifiedDate":"2024-01-24"},{"lineNumber":12,"author":{"gitId":"ziiqii"},"content":"- Can ask storage to add / remove tasks","lastModifiedDate":"2024-01-24"},{"lineNumber":13,"author":{"gitId":"ziiqii"},"content":"- Can ask storage to mark / unmark tasks","lastModifiedDate":"2024-01-24"},{"lineNumber":14,"author":{"gitId":"ziiqii"},"content":"","lastModifiedDate":"2024-01-24"},{"lineNumber":15,"author":{"gitId":"ziiqii"},"content":"Storage:","lastModifiedDate":"2024-01-24"},{"lineNumber":16,"author":{"gitId":"ziiqii"},"content":"- Stores input","lastModifiedDate":"2024-01-24"},{"lineNumber":17,"author":{"gitId":"ziiqii"},"content":"- Stores tasks in an ArrayList","lastModifiedDate":"2024-01-24"},{"lineNumber":18,"author":{"gitId":"ziiqii"},"content":"- Can call parser to help with generating required info","lastModifiedDate":"2024-01-24"},{"lineNumber":19,"author":{"gitId":"ziiqii"},"content":"- Has methods to add or give additional info on tasks","lastModifiedDate":"2024-01-24"},{"lineNumber":20,"author":{"gitId":"ziiqii"},"content":"","lastModifiedDate":"2024-01-24"},{"lineNumber":21,"author":{"gitId":"ziiqii"},"content":"FileManager:","lastModifiedDate":"2024-01-26"},{"lineNumber":22,"author":{"gitId":"ziiqii"},"content":"- Loads data on startup","lastModifiedDate":"2024-01-26"},{"lineNumber":23,"author":{"gitId":"ziiqii"},"content":"- Updates data when add/delete/mark tasks","lastModifiedDate":"2024-01-26"},{"lineNumber":24,"author":{"gitId":"ziiqii"},"content":"","lastModifiedDate":"2024-01-26"},{"lineNumber":25,"author":{"gitId":"ziiqii"},"content":"Task:","lastModifiedDate":"2024-01-24"},{"lineNumber":26,"author":{"gitId":"ziiqii"},"content":"- ToDo","lastModifiedDate":"2024-01-24"},{"lineNumber":27,"author":{"gitId":"ziiqii"},"content":"- Deadline","lastModifiedDate":"2024-01-24"},{"lineNumber":28,"author":{"gitId":"ziiqii"},"content":"- Event","lastModifiedDate":"2024-01-24"},{"lineNumber":29,"author":{"gitId":"ziiqii"},"content":"","lastModifiedDate":"2024-01-24"},{"lineNumber":30,"author":{"gitId":"ziiqii"},"content":"UkeCatException:","lastModifiedDate":"2024-01-24"},{"lineNumber":31,"author":{"gitId":"ziiqii"},"content":"- Custom exceptions -\u003e Will print out my manually written messages","lastModifiedDate":"2024-01-24"}],"authorContributionMap":{"ziiqii":31}},{"path":"text-ui-test/EXPECTED.txt","fileType":"txt","lines":[{"lineNumber":1,"author":{"gitId":"ziiqii"},"content":"________________________________________________________________________","lastModifiedDate":"2024-01-22"},{"lineNumber":2,"author":{"gitId":"ziiqii"},"content":"                    /~(_)~\\.    Hi! I\u0027m UkeCat, a cat with an ukulele!","lastModifiedDate":"2024-01-22"},{"lineNumber":3,"author":{"gitId":"ziiqii"},"content":" /\u003d ••\\      /~(_)~\\        \\   \\| /\\           What can I do for you?","lastModifiedDate":"2024-01-22"},{"lineNumber":4,"author":{"gitId":"ziiqii"},"content":"K\u003d|\u003d|\u003d|\u003d|\u003d|\u003d|\u003d|\u003d|\u003d(  )\u003d\u003d\u003d]  |     (`~ o7","lastModifiedDate":"2024-01-22"},{"lineNumber":5,"author":{"gitId":"ziiqii"},"content":" \\\u003d ••/      \\_(~)_/        /    c\\   c\\","lastModifiedDate":"2024-01-22"},{"lineNumber":6,"author":{"gitId":"ziiqii"},"content":"                    \\_(~)_/`     U`U_, )\u003d~~","lastModifiedDate":"2024-01-22"},{"lineNumber":7,"author":{"gitId":"ziiqii"},"content":"________________________________________________________________________","lastModifiedDate":"2024-01-22"},{"lineNumber":8,"author":{"gitId":"ziiqii"},"content":"","lastModifiedDate":"2024-01-24"},{"lineNumber":9,"author":{"gitId":"ziiqii"},"content":"  +-------------------------------------------------------------------------------------------------------------+","lastModifiedDate":"2024-01-22"},{"lineNumber":10,"author":{"gitId":"ziiqii"},"content":"  |Greetings, sentient being known as a human, I wish to convey my heartfelt salutations to you.                |    /\\_/\\","lastModifiedDate":"2024-01-22"},{"lineNumber":11,"author":{"gitId":"ziiqii"},"content":"  |As we commence our digital discourse, I extend a warm welcome and express my enthusiasm for this interaction.|   \u003dX.X\u003d|","lastModifiedDate":"2024-01-22"},{"lineNumber":12,"author":{"gitId":"ziiqii"},"content":"  |May our engagement be both enlightening and mutually beneficial in the realm of virtual communication.       |     \\  \\/","lastModifiedDate":"2024-01-22"},{"lineNumber":13,"author":{"gitId":"ziiqii"},"content":"  +-------------------------------------------------------------------------------------------------------------+","lastModifiedDate":"2024-01-22"},{"lineNumber":14,"author":{"gitId":"ziiqii"},"content":"  I added this task: [T][ ] a","lastModifiedDate":"2024-01-24"},{"lineNumber":15,"author":{"gitId":"ziiqii"},"content":"  You have 1 tasks in the list now.","lastModifiedDate":"2024-01-24"},{"lineNumber":16,"author":{"gitId":"ziiqii"},"content":"  I added this task: [D][ ] b (by: tmr)","lastModifiedDate":"2024-01-24"},{"lineNumber":17,"author":{"gitId":"ziiqii"},"content":"  You have 2 tasks in the list now.","lastModifiedDate":"2024-01-24"},{"lineNumber":18,"author":{"gitId":"ziiqii"},"content":"  I added this task: [E][ ] c (from: tdy to: tmr)","lastModifiedDate":"2024-01-24"},{"lineNumber":19,"author":{"gitId":"ziiqii"},"content":"  You have 3 tasks in the list now.","lastModifiedDate":"2024-01-24"},{"lineNumber":20,"author":{"gitId":"ziiqii"},"content":"  Nice! I\u0027ve marked this task as done:","lastModifiedDate":"2024-01-22"},{"lineNumber":21,"author":{"gitId":"ziiqii"},"content":"    [T][X] a","lastModifiedDate":"2024-01-24"},{"lineNumber":22,"author":{"gitId":"ziiqii"},"content":"  OK, I\u0027ve marked this task as not done yet:","lastModifiedDate":"2024-01-22"},{"lineNumber":23,"author":{"gitId":"ziiqii"},"content":"    [T][ ] a","lastModifiedDate":"2024-01-24"},{"lineNumber":24,"author":{"gitId":"ziiqii"},"content":"  1. [T][ ] a","lastModifiedDate":"2024-01-22"},{"lineNumber":25,"author":{"gitId":"ziiqii"},"content":"  2. [D][ ] b (by: tmr)","lastModifiedDate":"2024-01-22"},{"lineNumber":26,"author":{"gitId":"ziiqii"},"content":"  3. [E][ ] c (from: tdy to: tmr)","lastModifiedDate":"2024-01-22"},{"lineNumber":27,"author":{"gitId":"ziiqii"},"content":"  I removed this task: [T][ ] a","lastModifiedDate":"2024-01-24"},{"lineNumber":28,"author":{"gitId":"ziiqii"},"content":"  You have 2 tasks in the list now.","lastModifiedDate":"2024-01-24"},{"lineNumber":29,"author":{"gitId":"ziiqii"},"content":"  1. [D][ ] b (by: tmr)","lastModifiedDate":"2024-01-24"},{"lineNumber":30,"author":{"gitId":"ziiqii"},"content":"  2. [E][ ] c (from: tdy to: tmr)","lastModifiedDate":"2024-01-24"},{"lineNumber":31,"author":{"gitId":"ziiqii"},"content":"  I don\u0027t understand! Try adding a task!","lastModifiedDate":"2024-01-24"},{"lineNumber":32,"author":{"gitId":"ziiqii"},"content":"  +--------------------+    /\\_/\\","lastModifiedDate":"2024-01-22"},{"lineNumber":33,"author":{"gitId":"ziiqii"},"content":"  |Meow~ See you again!|   \u003d~.~\u003d|","lastModifiedDate":"2024-01-22"},{"lineNumber":34,"author":{"gitId":"ziiqii"},"content":"  +--------------------+     \\  \\/","lastModifiedDate":"2024-01-22"},{"lineNumber":35,"author":{"gitId":"ziiqii"},"content":"","lastModifiedDate":"2024-01-24"}],"authorContributionMap":{"ziiqii":35}},{"path":"text-ui-test/input.txt","fileType":"txt","lines":[{"lineNumber":1,"author":{"gitId":"ziiqii"},"content":"hi","lastModifiedDate":"2024-01-22"},{"lineNumber":2,"author":{"gitId":"ziiqii"},"content":"todo a","lastModifiedDate":"2024-01-22"},{"lineNumber":3,"author":{"gitId":"ziiqii"},"content":"deadline b /by tmr","lastModifiedDate":"2024-01-22"},{"lineNumber":4,"author":{"gitId":"ziiqii"},"content":"event c /from tdy /to tmr","lastModifiedDate":"2024-01-22"},{"lineNumber":5,"author":{"gitId":"ziiqii"},"content":"mark 1","lastModifiedDate":"2024-01-22"},{"lineNumber":6,"author":{"gitId":"ziiqii"},"content":"unmark 1","lastModifiedDate":"2024-01-22"},{"lineNumber":7,"author":{"gitId":"ziiqii"},"content":"list","lastModifiedDate":"2024-01-22"},{"lineNumber":8,"author":{"gitId":"ziiqii"},"content":"delete 1","lastModifiedDate":"2024-01-24"},{"lineNumber":9,"author":{"gitId":"ziiqii"},"content":"list","lastModifiedDate":"2024-01-24"},{"lineNumber":10,"author":{"gitId":"ziiqii"},"content":"hello?","lastModifiedDate":"2024-01-24"},{"lineNumber":11,"author":{"gitId":"ziiqii"},"content":"bye","lastModifiedDate":"2024-01-22"}],"authorContributionMap":{"ziiqii":11}},{"path":"text-ui-test/runtest.bat","fileType":"bat","lines":[{"lineNumber":1,"author":{"gitId":"-"},"content":"@ECHO OFF","lastModifiedDate":"2020-05-25"},{"lineNumber":2,"author":{"gitId":"-"},"content":"","lastModifiedDate":"2020-05-25"},{"lineNumber":3,"author":{"gitId":"-"},"content":"REM create bin directory if it doesn\u0027t exist","lastModifiedDate":"2020-05-25"},{"lineNumber":4,"author":{"gitId":"-"},"content":"if not exist ..\\bin mkdir ..\\bin","lastModifiedDate":"2020-05-25"},{"lineNumber":5,"author":{"gitId":"-"},"content":"","lastModifiedDate":"2020-05-25"},{"lineNumber":6,"author":{"gitId":"-"},"content":"REM delete output from previous run","lastModifiedDate":"2020-05-25"},{"lineNumber":7,"author":{"gitId":"ziiqii"},"content":"if exist ACTUAL.txt del ACTUAL.txt","lastModifiedDate":"2024-01-22"},{"lineNumber":8,"author":{"gitId":"-"},"content":"","lastModifiedDate":"2020-05-25"},{"lineNumber":9,"author":{"gitId":"-"},"content":"REM compile the code into the bin folder","lastModifiedDate":"2020-05-25"},{"lineNumber":10,"author":{"gitId":"-"},"content":"javac  -cp ..\\src\\main\\java -Xlint:none -d ..\\bin ..\\src\\main\\java\\*.java","lastModifiedDate":"2020-08-25"},{"lineNumber":11,"author":{"gitId":"-"},"content":"IF ERRORLEVEL 1 (","lastModifiedDate":"2020-05-25"},{"lineNumber":12,"author":{"gitId":"-"},"content":"    echo ********** BUILD FAILURE **********","lastModifiedDate":"2020-05-25"},{"lineNumber":13,"author":{"gitId":"-"},"content":"    exit /b 1","lastModifiedDate":"2020-05-25"},{"lineNumber":14,"author":{"gitId":"-"},"content":")","lastModifiedDate":"2020-05-25"},{"lineNumber":15,"author":{"gitId":"-"},"content":"REM no error here, errorlevel \u003d\u003d 0","lastModifiedDate":"2020-05-25"},{"lineNumber":16,"author":{"gitId":"-"},"content":"","lastModifiedDate":"2020-05-25"},{"lineNumber":17,"author":{"gitId":"-"},"content":"REM run the program, feed commands from input.txt file and redirect the output to the ACTUAL.TXT","lastModifiedDate":"2020-05-25"},{"lineNumber":18,"author":{"gitId":"ziiqii"},"content":"java -classpath ..\\bin UkeCat \u003c input.txt \u003e ACTUAL.txt","lastModifiedDate":"2024-01-22"},{"lineNumber":19,"author":{"gitId":"-"},"content":"","lastModifiedDate":"2020-05-25"},{"lineNumber":20,"author":{"gitId":"-"},"content":"REM compare the output to the expected output","lastModifiedDate":"2020-05-25"},{"lineNumber":21,"author":{"gitId":"ziiqii"},"content":"FC ACTUAL.txt EXPECTED.txt","lastModifiedDate":"2024-01-22"}],"authorContributionMap":{"-":18,"ziiqii":3}}]
