[{"path":"build.gradle","fileType":"gradle","lines":[{"lineNumber":1,"author":{"gitId":"-"},"content":"plugins {","lastModifiedDate":"2020-05-25"},{"lineNumber":2,"author":{"gitId":"-"},"content":"    id \u0027java\u0027","lastModifiedDate":"2020-05-25"},{"lineNumber":3,"author":{"gitId":"-"},"content":"    id \u0027application\u0027","lastModifiedDate":"2020-05-25"},{"lineNumber":4,"author":{"gitId":"-"},"content":"    id \u0027com.github.johnrengelman.shadow\u0027 version \u00277.1.2\u0027","lastModifiedDate":"2023-08-05"},{"lineNumber":5,"author":{"gitId":"ljy0422"},"content":"    id \u0027checkstyle\u0027","lastModifiedDate":"2024-02-05"},{"lineNumber":6,"author":{"gitId":"-"},"content":"}","lastModifiedDate":"2020-05-25"},{"lineNumber":7,"author":{"gitId":"-"},"content":"","lastModifiedDate":"2020-05-25"},{"lineNumber":8,"author":{"gitId":"-"},"content":"repositories {","lastModifiedDate":"2020-05-25"},{"lineNumber":9,"author":{"gitId":"-"},"content":"    mavenCentral()","lastModifiedDate":"2020-05-25"},{"lineNumber":10,"author":{"gitId":"-"},"content":"}","lastModifiedDate":"2020-05-25"},{"lineNumber":11,"author":{"gitId":"-"},"content":"","lastModifiedDate":"2020-05-25"},{"lineNumber":12,"author":{"gitId":"-"},"content":"dependencies {","lastModifiedDate":"2020-05-25"},{"lineNumber":13,"author":{"gitId":"-"},"content":"    testImplementation group: \u0027org.junit.jupiter\u0027, name: \u0027junit-jupiter-api\u0027, version: \u00275.10.0\u0027","lastModifiedDate":"2023-08-05"},{"lineNumber":14,"author":{"gitId":"-"},"content":"    testRuntimeOnly group: \u0027org.junit.jupiter\u0027, name: \u0027junit-jupiter-engine\u0027, version: \u00275.10.0\u0027","lastModifiedDate":"2023-08-05"},{"lineNumber":15,"author":{"gitId":"-"},"content":"}","lastModifiedDate":"2020-05-25"},{"lineNumber":16,"author":{"gitId":"-"},"content":"","lastModifiedDate":"2020-05-25"},{"lineNumber":17,"author":{"gitId":"-"},"content":"test {","lastModifiedDate":"2020-05-25"},{"lineNumber":18,"author":{"gitId":"-"},"content":"    useJUnitPlatform()","lastModifiedDate":"2020-05-25"},{"lineNumber":19,"author":{"gitId":"-"},"content":"","lastModifiedDate":"2020-05-25"},{"lineNumber":20,"author":{"gitId":"-"},"content":"    testLogging {","lastModifiedDate":"2020-05-25"},{"lineNumber":21,"author":{"gitId":"-"},"content":"        events \"passed\", \"skipped\", \"failed\"","lastModifiedDate":"2020-05-25"},{"lineNumber":22,"author":{"gitId":"-"},"content":"","lastModifiedDate":"2020-05-25"},{"lineNumber":23,"author":{"gitId":"-"},"content":"        showExceptions true","lastModifiedDate":"2020-05-25"},{"lineNumber":24,"author":{"gitId":"-"},"content":"        exceptionFormat \"full\"","lastModifiedDate":"2020-05-25"},{"lineNumber":25,"author":{"gitId":"-"},"content":"        showCauses true","lastModifiedDate":"2020-05-25"},{"lineNumber":26,"author":{"gitId":"-"},"content":"        showStackTraces true","lastModifiedDate":"2020-05-25"},{"lineNumber":27,"author":{"gitId":"-"},"content":"        showStandardStreams \u003d false","lastModifiedDate":"2020-05-25"},{"lineNumber":28,"author":{"gitId":"-"},"content":"    }","lastModifiedDate":"2020-05-25"},{"lineNumber":29,"author":{"gitId":"-"},"content":"}","lastModifiedDate":"2020-05-25"},{"lineNumber":30,"author":{"gitId":"-"},"content":"","lastModifiedDate":"2020-05-25"},{"lineNumber":31,"author":{"gitId":"-"},"content":"application {","lastModifiedDate":"2020-05-25"},{"lineNumber":32,"author":{"gitId":"ljy0422"},"content":"    mainClass.set(\"jiayou.Jiayou\")","lastModifiedDate":"2024-02-03"},{"lineNumber":33,"author":{"gitId":"-"},"content":"}","lastModifiedDate":"2020-05-25"},{"lineNumber":34,"author":{"gitId":"-"},"content":"","lastModifiedDate":"2020-05-25"},{"lineNumber":35,"author":{"gitId":"-"},"content":"shadowJar {","lastModifiedDate":"2020-05-25"},{"lineNumber":36,"author":{"gitId":"ljy0422"},"content":"    archiveBaseName \u003d \"jiayou\"","lastModifiedDate":"2024-02-03"},{"lineNumber":37,"author":{"gitId":"ljy0422"},"content":"    archiveClassifier \u003d \"0.4\"","lastModifiedDate":"2024-02-03"},{"lineNumber":38,"author":{"gitId":"-"},"content":"    dependsOn(\"distZip\", \"distTar\")","lastModifiedDate":"2023-08-05"},{"lineNumber":39,"author":{"gitId":"-"},"content":"}","lastModifiedDate":"2020-05-25"},{"lineNumber":40,"author":{"gitId":"-"},"content":"","lastModifiedDate":"2020-05-25"},{"lineNumber":41,"author":{"gitId":"ljy0422"},"content":"checkstyle {","lastModifiedDate":"2024-02-05"},{"lineNumber":42,"author":{"gitId":"ljy0422"},"content":"    toolVersion \u003d \u002710.2\u0027","lastModifiedDate":"2024-02-05"},{"lineNumber":43,"author":{"gitId":"ljy0422"},"content":"}","lastModifiedDate":"2024-02-05"},{"lineNumber":44,"author":{"gitId":"ljy0422"},"content":"","lastModifiedDate":"2024-02-05"},{"lineNumber":45,"author":{"gitId":"-"},"content":"run{","lastModifiedDate":"2020-05-25"},{"lineNumber":46,"author":{"gitId":"-"},"content":"    standardInput \u003d System.in","lastModifiedDate":"2020-05-25"},{"lineNumber":47,"author":{"gitId":"-"},"content":"}","lastModifiedDate":"2020-05-25"}],"authorContributionMap":{"-":39,"ljy0422":8}},{"path":"data/tasks.txt","fileType":"txt","lines":[{"lineNumber":1,"author":{"gitId":"ljy0422"},"content":"T | 0 | 999999","lastModifiedDate":"2024-02-01"},{"lineNumber":2,"author":{"gitId":"ljy0422"},"content":"D | 1 | 22222 | by2024-03-02","lastModifiedDate":"2024-02-03"},{"lineNumber":3,"author":{"gitId":"ljy0422"},"content":"T | 0 | wuwuwuwu","lastModifiedDate":"2024-02-01"},{"lineNumber":4,"author":{"gitId":"ljy0422"},"content":"T | 0 | assginment 1","lastModifiedDate":"2024-02-01"},{"lineNumber":5,"author":{"gitId":"ljy0422"},"content":"E | 0 | complete homework | from 2010-01-01 to 2020-01-01","lastModifiedDate":"2024-02-02"}],"authorContributionMap":{"ljy0422":5}},{"path":"src/main/java/jiayou/Jiayou.java","fileType":"java","lines":[{"lineNumber":1,"author":{"gitId":"ljy0422"},"content":"package jiayou;","lastModifiedDate":"2024-02-01"},{"lineNumber":2,"author":{"gitId":"ljy0422"},"content":"","lastModifiedDate":"2024-02-01"},{"lineNumber":3,"author":{"gitId":"ljy0422"},"content":"import jiayou.task.TaskList;","lastModifiedDate":"2024-02-05"},{"lineNumber":4,"author":{"gitId":"ljy0422"},"content":"","lastModifiedDate":"2024-02-01"},{"lineNumber":5,"author":{"gitId":"ljy0422"},"content":"/** Represents a chatbot named Jiayou.","lastModifiedDate":"2024-02-02"},{"lineNumber":6,"author":{"gitId":"ljy0422"},"content":" * @author Liu Jiayao","lastModifiedDate":"2024-02-02"},{"lineNumber":7,"author":{"gitId":"ljy0422"},"content":" */","lastModifiedDate":"2024-02-02"},{"lineNumber":8,"author":{"gitId":"ljy0422"},"content":"public class Jiayou {","lastModifiedDate":"2024-01-24"},{"lineNumber":9,"author":{"gitId":"ljy0422"},"content":"    private Storage storage;","lastModifiedDate":"2024-02-01"},{"lineNumber":10,"author":{"gitId":"ljy0422"},"content":"    private TaskList tasks;","lastModifiedDate":"2024-02-01"},{"lineNumber":11,"author":{"gitId":"ljy0422"},"content":"    private Ui ui;","lastModifiedDate":"2024-02-01"},{"lineNumber":12,"author":{"gitId":"ljy0422"},"content":"","lastModifiedDate":"2024-01-25"},{"lineNumber":13,"author":{"gitId":"ljy0422"},"content":"    /**","lastModifiedDate":"2024-02-02"},{"lineNumber":14,"author":{"gitId":"ljy0422"},"content":"     * Returns a new Jiayou instance.","lastModifiedDate":"2024-02-02"},{"lineNumber":15,"author":{"gitId":"ljy0422"},"content":"     *","lastModifiedDate":"2024-02-02"},{"lineNumber":16,"author":{"gitId":"ljy0422"},"content":"     * @param filePath The path of the text file which stores the task list.","lastModifiedDate":"2024-02-02"},{"lineNumber":17,"author":{"gitId":"ljy0422"},"content":"     */","lastModifiedDate":"2024-02-02"},{"lineNumber":18,"author":{"gitId":"ljy0422"},"content":"    public Jiayou(String filePath) {","lastModifiedDate":"2024-02-01"},{"lineNumber":19,"author":{"gitId":"ljy0422"},"content":"        this.tasks \u003d new TaskList();","lastModifiedDate":"2024-02-01"},{"lineNumber":20,"author":{"gitId":"ljy0422"},"content":"        this.ui \u003d new Ui(this.tasks);","lastModifiedDate":"2024-02-01"},{"lineNumber":21,"author":{"gitId":"ljy0422"},"content":"        this.storage \u003d new Storage(filePath, this.tasks);","lastModifiedDate":"2024-02-01"},{"lineNumber":22,"author":{"gitId":"ljy0422"},"content":"        this.tasks.linkStorage(this.storage);","lastModifiedDate":"2024-02-01"},{"lineNumber":23,"author":{"gitId":"ljy0422"},"content":"        this.storage.loadFromFile();","lastModifiedDate":"2024-02-06"},{"lineNumber":24,"author":{"gitId":"ljy0422"},"content":"    }","lastModifiedDate":"2024-01-31"},{"lineNumber":25,"author":{"gitId":"ljy0422"},"content":"","lastModifiedDate":"2024-01-31"},{"lineNumber":26,"author":{"gitId":"ljy0422"},"content":"    /**","lastModifiedDate":"2024-02-02"},{"lineNumber":27,"author":{"gitId":"ljy0422"},"content":"     * Runs the chatbot Jiayou to send the greeting message.","lastModifiedDate":"2024-02-02"},{"lineNumber":28,"author":{"gitId":"ljy0422"},"content":"     */","lastModifiedDate":"2024-02-02"},{"lineNumber":29,"author":{"gitId":"ljy0422"},"content":"    public void run() {","lastModifiedDate":"2024-02-01"},{"lineNumber":30,"author":{"gitId":"ljy0422"},"content":"        this.ui.greet();","lastModifiedDate":"2024-02-01"},{"lineNumber":31,"author":{"gitId":"ljy0422"},"content":"    }","lastModifiedDate":"2024-02-01"},{"lineNumber":32,"author":{"gitId":"ljy0422"},"content":"","lastModifiedDate":"2024-02-01"},{"lineNumber":33,"author":{"gitId":"ljy0422"},"content":"    /**","lastModifiedDate":"2024-02-02"},{"lineNumber":34,"author":{"gitId":"ljy0422"},"content":"     * Initializes the chatbot and runs it.","lastModifiedDate":"2024-02-02"},{"lineNumber":35,"author":{"gitId":"ljy0422"},"content":"     *","lastModifiedDate":"2024-02-02"},{"lineNumber":36,"author":{"gitId":"ljy0422"},"content":"     * @param args The command line arguments.","lastModifiedDate":"2024-02-02"},{"lineNumber":37,"author":{"gitId":"ljy0422"},"content":"     */","lastModifiedDate":"2024-02-02"},{"lineNumber":38,"author":{"gitId":"ljy0422"},"content":"    public static void main(String[] args) {","lastModifiedDate":"2024-01-24"},{"lineNumber":39,"author":{"gitId":"ljy0422"},"content":"        new Jiayou(\"./data/tasks.txt\").run();","lastModifiedDate":"2024-02-01"},{"lineNumber":40,"author":{"gitId":"ljy0422"},"content":"    }","lastModifiedDate":"2024-01-24"},{"lineNumber":41,"author":{"gitId":"ljy0422"},"content":"}","lastModifiedDate":"2024-01-24"}],"authorContributionMap":{"ljy0422":41}},{"path":"src/main/java/jiayou/JiayouException.java","fileType":"java","lines":[{"lineNumber":1,"author":{"gitId":"ljy0422"},"content":"package jiayou;","lastModifiedDate":"2024-02-02"},{"lineNumber":2,"author":{"gitId":"ljy0422"},"content":"","lastModifiedDate":"2024-02-02"},{"lineNumber":3,"author":{"gitId":"ljy0422"},"content":"/** Represents a customized exception for the chatbot jiayou.","lastModifiedDate":"2024-02-02"},{"lineNumber":4,"author":{"gitId":"ljy0422"},"content":" * @author Liu Jiayao","lastModifiedDate":"2024-02-02"},{"lineNumber":5,"author":{"gitId":"ljy0422"},"content":" */","lastModifiedDate":"2024-02-02"},{"lineNumber":6,"author":{"gitId":"ljy0422"},"content":"public class JiayouException extends Exception {","lastModifiedDate":"2024-02-02"},{"lineNumber":7,"author":{"gitId":"ljy0422"},"content":"    /**","lastModifiedDate":"2024-02-02"},{"lineNumber":8,"author":{"gitId":"ljy0422"},"content":"     * Returns a JiayouException instance with the given error message.","lastModifiedDate":"2024-02-02"},{"lineNumber":9,"author":{"gitId":"ljy0422"},"content":"     *","lastModifiedDate":"2024-02-02"},{"lineNumber":10,"author":{"gitId":"ljy0422"},"content":"     * @param message the description of the exception.","lastModifiedDate":"2024-02-02"},{"lineNumber":11,"author":{"gitId":"ljy0422"},"content":"     */","lastModifiedDate":"2024-02-02"},{"lineNumber":12,"author":{"gitId":"ljy0422"},"content":"    public JiayouException(String message) {","lastModifiedDate":"2024-02-02"},{"lineNumber":13,"author":{"gitId":"ljy0422"},"content":"        super(message);","lastModifiedDate":"2024-02-02"},{"lineNumber":14,"author":{"gitId":"ljy0422"},"content":"    }","lastModifiedDate":"2024-02-02"},{"lineNumber":15,"author":{"gitId":"ljy0422"},"content":"}","lastModifiedDate":"2024-02-02"}],"authorContributionMap":{"ljy0422":15}},{"path":"src/main/java/jiayou/Parser.java","fileType":"java","lines":[{"lineNumber":1,"author":{"gitId":"ljy0422"},"content":"package jiayou;","lastModifiedDate":"2024-02-01"},{"lineNumber":2,"author":{"gitId":"ljy0422"},"content":"","lastModifiedDate":"2024-02-01"},{"lineNumber":3,"author":{"gitId":"ljy0422"},"content":"import java.time.LocalDate;","lastModifiedDate":"2024-02-01"},{"lineNumber":4,"author":{"gitId":"ljy0422"},"content":"import jiayou.task.TaskList;","lastModifiedDate":"2024-02-05"},{"lineNumber":5,"author":{"gitId":"ljy0422"},"content":"import jiayou.task.ToDo;","lastModifiedDate":"2024-02-05"},{"lineNumber":6,"author":{"gitId":"ljy0422"},"content":"import jiayou.task.Deadline;","lastModifiedDate":"2024-02-05"},{"lineNumber":7,"author":{"gitId":"ljy0422"},"content":"import jiayou.task.Event;","lastModifiedDate":"2024-02-05"},{"lineNumber":8,"author":{"gitId":"ljy0422"},"content":"","lastModifiedDate":"2024-02-01"},{"lineNumber":9,"author":{"gitId":"ljy0422"},"content":"/** Represents the parser of the chatbot to parse the user commmand.","lastModifiedDate":"2024-02-02"},{"lineNumber":10,"author":{"gitId":"ljy0422"},"content":" * @author Liu Jiayao","lastModifiedDate":"2024-02-02"},{"lineNumber":11,"author":{"gitId":"ljy0422"},"content":" */","lastModifiedDate":"2024-02-02"},{"lineNumber":12,"author":{"gitId":"ljy0422"},"content":"public class Parser {","lastModifiedDate":"2024-02-01"},{"lineNumber":13,"author":{"gitId":"ljy0422"},"content":"    private static enum CommandType {","lastModifiedDate":"2024-02-01"},{"lineNumber":14,"author":{"gitId":"ljy0422"},"content":"        TODO, DEADLINE, EVENT, LIST, DELETE, MARK, UNMARK, SEARCH_BY_DATE, SEARCH_BY_KEYWORD","lastModifiedDate":"2024-02-05"},{"lineNumber":15,"author":{"gitId":"ljy0422"},"content":"    }","lastModifiedDate":"2024-02-01"},{"lineNumber":16,"author":{"gitId":"ljy0422"},"content":"","lastModifiedDate":"2024-02-01"},{"lineNumber":17,"author":{"gitId":"ljy0422"},"content":"    /** Parses the input command and invokes the corresponding methods in the task list to process it.","lastModifiedDate":"2024-02-02"},{"lineNumber":18,"author":{"gitId":"ljy0422"},"content":"     *","lastModifiedDate":"2024-02-02"},{"lineNumber":19,"author":{"gitId":"ljy0422"},"content":"     * @param tasks the task list of the chatbot.","lastModifiedDate":"2024-02-02"},{"lineNumber":20,"author":{"gitId":"ljy0422"},"content":"     * @param input the input string to be parsed.","lastModifiedDate":"2024-02-02"},{"lineNumber":21,"author":{"gitId":"ljy0422"},"content":"     */","lastModifiedDate":"2024-02-02"},{"lineNumber":22,"author":{"gitId":"ljy0422"},"content":"    public void parse(TaskList tasks, String input) {","lastModifiedDate":"2024-02-01"},{"lineNumber":23,"author":{"gitId":"ljy0422"},"content":"        try {","lastModifiedDate":"2024-02-01"},{"lineNumber":24,"author":{"gitId":"ljy0422"},"content":"            String[] parts \u003d input.split(\" \", 2);","lastModifiedDate":"2024-02-01"},{"lineNumber":25,"author":{"gitId":"ljy0422"},"content":"            String commandString \u003d parts[0];","lastModifiedDate":"2024-02-01"},{"lineNumber":26,"author":{"gitId":"ljy0422"},"content":"            Parser.CommandType command \u003d Parser.CommandType.valueOf(commandString.toUpperCase());","lastModifiedDate":"2024-02-01"},{"lineNumber":27,"author":{"gitId":"ljy0422"},"content":"            String content \u003d parts.length \u003e 1 ? parts[1] : \"\";","lastModifiedDate":"2024-02-01"},{"lineNumber":28,"author":{"gitId":"ljy0422"},"content":"","lastModifiedDate":"2024-02-01"},{"lineNumber":29,"author":{"gitId":"ljy0422"},"content":"            switch (command) {","lastModifiedDate":"2024-02-01"},{"lineNumber":30,"author":{"gitId":"ljy0422"},"content":"            case LIST:","lastModifiedDate":"2024-02-01"},{"lineNumber":31,"author":{"gitId":"ljy0422"},"content":"                tasks.printList();","lastModifiedDate":"2024-02-01"},{"lineNumber":32,"author":{"gitId":"ljy0422"},"content":"                break;","lastModifiedDate":"2024-02-01"},{"lineNumber":33,"author":{"gitId":"ljy0422"},"content":"            case MARK:","lastModifiedDate":"2024-02-01"},{"lineNumber":34,"author":{"gitId":"ljy0422"},"content":"                if (content.isEmpty()) {","lastModifiedDate":"2024-02-01"},{"lineNumber":35,"author":{"gitId":"ljy0422"},"content":"                    throw new JiayouException(\"OOPS!!! I don\u0027t know which task to mark. Please add the index after the keyword mark!\");","lastModifiedDate":"2024-02-02"},{"lineNumber":36,"author":{"gitId":"ljy0422"},"content":"                } else {","lastModifiedDate":"2024-02-01"},{"lineNumber":37,"author":{"gitId":"ljy0422"},"content":"                    tasks.markTask(content);","lastModifiedDate":"2024-02-01"},{"lineNumber":38,"author":{"gitId":"ljy0422"},"content":"                    tasks.updateStorage();","lastModifiedDate":"2024-02-03"},{"lineNumber":39,"author":{"gitId":"ljy0422"},"content":"                    break;","lastModifiedDate":"2024-02-01"},{"lineNumber":40,"author":{"gitId":"ljy0422"},"content":"                }","lastModifiedDate":"2024-02-01"},{"lineNumber":41,"author":{"gitId":"ljy0422"},"content":"            case UNMARK:","lastModifiedDate":"2024-02-01"},{"lineNumber":42,"author":{"gitId":"ljy0422"},"content":"                if (content.isEmpty()) {","lastModifiedDate":"2024-02-01"},{"lineNumber":43,"author":{"gitId":"ljy0422"},"content":"                    throw new JiayouException(\"OOPS!!! I don\u0027t know which task to unmark. Please add the index after the keyword unmark!\");","lastModifiedDate":"2024-02-02"},{"lineNumber":44,"author":{"gitId":"ljy0422"},"content":"                } else {","lastModifiedDate":"2024-02-01"},{"lineNumber":45,"author":{"gitId":"ljy0422"},"content":"                    tasks.unmarkTask(content);","lastModifiedDate":"2024-02-01"},{"lineNumber":46,"author":{"gitId":"ljy0422"},"content":"                    tasks.updateStorage();","lastModifiedDate":"2024-02-03"},{"lineNumber":47,"author":{"gitId":"ljy0422"},"content":"                    break;","lastModifiedDate":"2024-02-01"},{"lineNumber":48,"author":{"gitId":"ljy0422"},"content":"                }","lastModifiedDate":"2024-02-01"},{"lineNumber":49,"author":{"gitId":"ljy0422"},"content":"            case DELETE:","lastModifiedDate":"2024-02-01"},{"lineNumber":50,"author":{"gitId":"ljy0422"},"content":"                if (content.isEmpty()) {","lastModifiedDate":"2024-02-01"},{"lineNumber":51,"author":{"gitId":"ljy0422"},"content":"                    throw new JiayouException(\"OOPS!!! I don\u0027t know which task to delete. Please add the index after the keyword delete!\");","lastModifiedDate":"2024-02-02"},{"lineNumber":52,"author":{"gitId":"ljy0422"},"content":"                } else {","lastModifiedDate":"2024-02-01"},{"lineNumber":53,"author":{"gitId":"ljy0422"},"content":"                    tasks.deleteTask(content);","lastModifiedDate":"2024-02-01"},{"lineNumber":54,"author":{"gitId":"ljy0422"},"content":"                    break;","lastModifiedDate":"2024-02-01"},{"lineNumber":55,"author":{"gitId":"ljy0422"},"content":"                }","lastModifiedDate":"2024-02-01"},{"lineNumber":56,"author":{"gitId":"ljy0422"},"content":"            case TODO:","lastModifiedDate":"2024-02-01"},{"lineNumber":57,"author":{"gitId":"ljy0422"},"content":"                if (content.isEmpty()) {","lastModifiedDate":"2024-02-01"},{"lineNumber":58,"author":{"gitId":"ljy0422"},"content":"                    throw new JiayouException(\"OOPS!!! The description of a todo cannot be empty. Please add a description after the keyword todo!\");","lastModifiedDate":"2024-02-02"},{"lineNumber":59,"author":{"gitId":"ljy0422"},"content":"                } else {","lastModifiedDate":"2024-02-01"},{"lineNumber":60,"author":{"gitId":"ljy0422"},"content":"                    ToDo newToDo \u003d new ToDo(content);","lastModifiedDate":"2024-02-01"},{"lineNumber":61,"author":{"gitId":"ljy0422"},"content":"                    tasks.addTask(newToDo);","lastModifiedDate":"2024-02-01"},{"lineNumber":62,"author":{"gitId":"ljy0422"},"content":"                    System.out.println(\"\u003ew\u003cGot it. I\u0027ve added this task:\");","lastModifiedDate":"2024-02-02"},{"lineNumber":63,"author":{"gitId":"ljy0422"},"content":"                    System.out.println(\"  \" + newToDo);","lastModifiedDate":"2024-02-01"},{"lineNumber":64,"author":{"gitId":"ljy0422"},"content":"                    System.out.println(\"Now you have \" + tasks.getSize() + \" tasks in the list.\");","lastModifiedDate":"2024-02-01"},{"lineNumber":65,"author":{"gitId":"ljy0422"},"content":"                    break;","lastModifiedDate":"2024-02-01"},{"lineNumber":66,"author":{"gitId":"ljy0422"},"content":"                    }","lastModifiedDate":"2024-02-01"},{"lineNumber":67,"author":{"gitId":"ljy0422"},"content":"            case DEADLINE:","lastModifiedDate":"2024-02-01"},{"lineNumber":68,"author":{"gitId":"ljy0422"},"content":"                String[] deadlineParts \u003d content.split(\" /by \");","lastModifiedDate":"2024-02-01"},{"lineNumber":69,"author":{"gitId":"ljy0422"},"content":"                Deadline newDeadline \u003d new Deadline(deadlineParts[0], deadlineParts[1]);","lastModifiedDate":"2024-02-01"},{"lineNumber":70,"author":{"gitId":"ljy0422"},"content":"                tasks.addTask(newDeadline);","lastModifiedDate":"2024-02-01"},{"lineNumber":71,"author":{"gitId":"ljy0422"},"content":"                System.out.println(\"\u003ew\u003cGot it. I\u0027ve added this task:\");","lastModifiedDate":"2024-02-02"},{"lineNumber":72,"author":{"gitId":"ljy0422"},"content":"                System.out.println(\"  \" + newDeadline);","lastModifiedDate":"2024-02-01"},{"lineNumber":73,"author":{"gitId":"ljy0422"},"content":"                System.out.println(\"Now you have \" + tasks.getSize() + \" tasks in the list.\");","lastModifiedDate":"2024-02-01"},{"lineNumber":74,"author":{"gitId":"ljy0422"},"content":"                break;","lastModifiedDate":"2024-02-01"},{"lineNumber":75,"author":{"gitId":"ljy0422"},"content":"            case EVENT:","lastModifiedDate":"2024-02-01"},{"lineNumber":76,"author":{"gitId":"ljy0422"},"content":"                String[] eventParts \u003d content.split(\" /from | /to \");","lastModifiedDate":"2024-02-01"},{"lineNumber":77,"author":{"gitId":"ljy0422"},"content":"                Event newEvent \u003d new Event(eventParts[0], eventParts[1], eventParts[2]);","lastModifiedDate":"2024-02-01"},{"lineNumber":78,"author":{"gitId":"ljy0422"},"content":"                tasks.addTask(newEvent);","lastModifiedDate":"2024-02-01"},{"lineNumber":79,"author":{"gitId":"ljy0422"},"content":"                System.out.println(\"\u003ew\u003cGot it. I\u0027ve added this task:\");","lastModifiedDate":"2024-02-02"},{"lineNumber":80,"author":{"gitId":"ljy0422"},"content":"                System.out.println(\"  \" + newEvent);","lastModifiedDate":"2024-02-01"},{"lineNumber":81,"author":{"gitId":"ljy0422"},"content":"                System.out.println(\"Now you have \" + tasks.getSize() + \" tasks in the list.\");","lastModifiedDate":"2024-02-01"},{"lineNumber":82,"author":{"gitId":"ljy0422"},"content":"                break;","lastModifiedDate":"2024-02-01"},{"lineNumber":83,"author":{"gitId":"ljy0422"},"content":"            case SEARCH_BY_DATE:","lastModifiedDate":"2024-02-05"},{"lineNumber":84,"author":{"gitId":"ljy0422"},"content":"                LocalDate date \u003d LocalDate.parse(content);","lastModifiedDate":"2024-02-01"},{"lineNumber":85,"author":{"gitId":"ljy0422"},"content":"                tasks.searchByDate(date);","lastModifiedDate":"2024-02-01"},{"lineNumber":86,"author":{"gitId":"ljy0422"},"content":"                break;","lastModifiedDate":"2024-02-05"},{"lineNumber":87,"author":{"gitId":"ljy0422"},"content":"            case SEARCH_BY_KEYWORD:","lastModifiedDate":"2024-02-05"},{"lineNumber":88,"author":{"gitId":"ljy0422"},"content":"                tasks.searchByKeyword(content);","lastModifiedDate":"2024-02-01"},{"lineNumber":89,"author":{"gitId":"ljy0422"},"content":"                break;","lastModifiedDate":"2024-02-05"},{"lineNumber":90,"author":{"gitId":"ljy0422"},"content":"            }","lastModifiedDate":"2024-02-01"},{"lineNumber":91,"author":{"gitId":"ljy0422"},"content":"        } catch (IllegalArgumentException e) {","lastModifiedDate":"2024-02-01"},{"lineNumber":92,"author":{"gitId":"ljy0422"},"content":"            System.out.println(\"OOPS!!! I\u0027m sorry, but I don\u0027t know what that means :-(\");","lastModifiedDate":"2024-02-01"},{"lineNumber":93,"author":{"gitId":"ljy0422"},"content":"        } catch (JiayouException e) {","lastModifiedDate":"2024-02-02"},{"lineNumber":94,"author":{"gitId":"ljy0422"},"content":"            System.out.println(e.getMessage());","lastModifiedDate":"2024-02-01"},{"lineNumber":95,"author":{"gitId":"ljy0422"},"content":"        }","lastModifiedDate":"2024-02-01"},{"lineNumber":96,"author":{"gitId":"ljy0422"},"content":"    }","lastModifiedDate":"2024-02-01"},{"lineNumber":97,"author":{"gitId":"ljy0422"},"content":"}","lastModifiedDate":"2024-02-01"}],"authorContributionMap":{"ljy0422":97}},{"path":"src/main/java/jiayou/Storage.java","fileType":"java","lines":[{"lineNumber":1,"author":{"gitId":"ljy0422"},"content":"package jiayou;","lastModifiedDate":"2024-02-01"},{"lineNumber":2,"author":{"gitId":"ljy0422"},"content":"","lastModifiedDate":"2024-02-01"},{"lineNumber":3,"author":{"gitId":"ljy0422"},"content":"import java.util.List;","lastModifiedDate":"2024-02-01"},{"lineNumber":4,"author":{"gitId":"ljy0422"},"content":"import java.nio.file.*;","lastModifiedDate":"2024-02-01"},{"lineNumber":5,"author":{"gitId":"ljy0422"},"content":"import java.io.*;","lastModifiedDate":"2024-02-01"},{"lineNumber":6,"author":{"gitId":"ljy0422"},"content":"import jiayou.task.TaskList;","lastModifiedDate":"2024-02-05"},{"lineNumber":7,"author":{"gitId":"ljy0422"},"content":"import jiayou.task.Task;","lastModifiedDate":"2024-02-05"},{"lineNumber":8,"author":{"gitId":"ljy0422"},"content":"import jiayou.task.ToDo;","lastModifiedDate":"2024-02-05"},{"lineNumber":9,"author":{"gitId":"ljy0422"},"content":"import jiayou.task.Event;","lastModifiedDate":"2024-02-05"},{"lineNumber":10,"author":{"gitId":"ljy0422"},"content":"import jiayou.task.Deadline;","lastModifiedDate":"2024-02-05"},{"lineNumber":11,"author":{"gitId":"ljy0422"},"content":"","lastModifiedDate":"2024-02-01"},{"lineNumber":12,"author":{"gitId":"ljy0422"},"content":"/** Represents the storage to link the text file with the task list of the chatbot.","lastModifiedDate":"2024-02-02"},{"lineNumber":13,"author":{"gitId":"ljy0422"},"content":" * @author Liu Jiayao","lastModifiedDate":"2024-02-02"},{"lineNumber":14,"author":{"gitId":"ljy0422"},"content":" */","lastModifiedDate":"2024-02-02"},{"lineNumber":15,"author":{"gitId":"ljy0422"},"content":"public class Storage {","lastModifiedDate":"2024-02-01"},{"lineNumber":16,"author":{"gitId":"ljy0422"},"content":"    private TaskList taskList;","lastModifiedDate":"2024-02-01"},{"lineNumber":17,"author":{"gitId":"ljy0422"},"content":"    private Path filePath;","lastModifiedDate":"2024-02-01"},{"lineNumber":18,"author":{"gitId":"ljy0422"},"content":"","lastModifiedDate":"2024-02-01"},{"lineNumber":19,"author":{"gitId":"ljy0422"},"content":"    /**","lastModifiedDate":"2024-02-02"},{"lineNumber":20,"author":{"gitId":"ljy0422"},"content":"     * Returns a new Storage instance linked with the text file and the task list.","lastModifiedDate":"2024-02-02"},{"lineNumber":21,"author":{"gitId":"ljy0422"},"content":"     *","lastModifiedDate":"2024-02-02"},{"lineNumber":22,"author":{"gitId":"ljy0422"},"content":"     * @param filePath the path of the text file to store the content of the task list.","lastModifiedDate":"2024-02-02"},{"lineNumber":23,"author":{"gitId":"ljy0422"},"content":"     * @param taskList the task list of the chatbot.","lastModifiedDate":"2024-02-02"},{"lineNumber":24,"author":{"gitId":"ljy0422"},"content":"     */","lastModifiedDate":"2024-02-02"},{"lineNumber":25,"author":{"gitId":"ljy0422"},"content":"    public Storage(String filePath, TaskList taskList) {","lastModifiedDate":"2024-02-01"},{"lineNumber":26,"author":{"gitId":"ljy0422"},"content":"        this.filePath \u003d Paths.get(filePath);","lastModifiedDate":"2024-02-01"},{"lineNumber":27,"author":{"gitId":"ljy0422"},"content":"        this.taskList \u003d taskList;","lastModifiedDate":"2024-02-01"},{"lineNumber":28,"author":{"gitId":"ljy0422"},"content":"    }","lastModifiedDate":"2024-02-01"},{"lineNumber":29,"author":{"gitId":"ljy0422"},"content":"","lastModifiedDate":"2024-02-01"},{"lineNumber":30,"author":{"gitId":"ljy0422"},"content":"    /**","lastModifiedDate":"2024-02-02"},{"lineNumber":31,"author":{"gitId":"ljy0422"},"content":"     * Loads the content of the text file into the task list of the chatbot.","lastModifiedDate":"2024-02-02"},{"lineNumber":32,"author":{"gitId":"ljy0422"},"content":"     */","lastModifiedDate":"2024-02-02"},{"lineNumber":33,"author":{"gitId":"ljy0422"},"content":"    public void loadFromFile() {","lastModifiedDate":"2024-02-06"},{"lineNumber":34,"author":{"gitId":"ljy0422"},"content":"        try {","lastModifiedDate":"2024-02-01"},{"lineNumber":35,"author":{"gitId":"ljy0422"},"content":"            if (!Files.exists(filePath.getParent())) {","lastModifiedDate":"2024-02-01"},{"lineNumber":36,"author":{"gitId":"ljy0422"},"content":"                Files.createDirectories(filePath.getParent());","lastModifiedDate":"2024-02-01"},{"lineNumber":37,"author":{"gitId":"ljy0422"},"content":"            }","lastModifiedDate":"2024-02-01"},{"lineNumber":38,"author":{"gitId":"ljy0422"},"content":"            if (Files.exists(filePath)) {","lastModifiedDate":"2024-02-01"},{"lineNumber":39,"author":{"gitId":"ljy0422"},"content":"                List\u003cString\u003e lines \u003d Files.readAllLines(filePath);","lastModifiedDate":"2024-02-01"},{"lineNumber":40,"author":{"gitId":"ljy0422"},"content":"                for (String line : lines) {","lastModifiedDate":"2024-02-01"},{"lineNumber":41,"author":{"gitId":"ljy0422"},"content":"                    this.taskList.addTask(parseFromFile(line));","lastModifiedDate":"2024-02-01"},{"lineNumber":42,"author":{"gitId":"ljy0422"},"content":"                }","lastModifiedDate":"2024-02-01"},{"lineNumber":43,"author":{"gitId":"ljy0422"},"content":"            }","lastModifiedDate":"2024-02-01"},{"lineNumber":44,"author":{"gitId":"ljy0422"},"content":"        } catch (IOException e) {","lastModifiedDate":"2024-02-01"},{"lineNumber":45,"author":{"gitId":"ljy0422"},"content":"            e.printStackTrace();","lastModifiedDate":"2024-02-01"},{"lineNumber":46,"author":{"gitId":"ljy0422"},"content":"        }","lastModifiedDate":"2024-02-01"},{"lineNumber":47,"author":{"gitId":"ljy0422"},"content":"    }","lastModifiedDate":"2024-02-01"},{"lineNumber":48,"author":{"gitId":"ljy0422"},"content":"","lastModifiedDate":"2024-02-01"},{"lineNumber":49,"author":{"gitId":"ljy0422"},"content":"    /**","lastModifiedDate":"2024-02-02"},{"lineNumber":50,"author":{"gitId":"ljy0422"},"content":"     * Write the content of the task list of the chatbot back to the linked text file.","lastModifiedDate":"2024-02-02"},{"lineNumber":51,"author":{"gitId":"ljy0422"},"content":"     */","lastModifiedDate":"2024-02-02"},{"lineNumber":52,"author":{"gitId":"ljy0422"},"content":"    public void saveToFile() {","lastModifiedDate":"2024-02-06"},{"lineNumber":53,"author":{"gitId":"ljy0422"},"content":"        try (BufferedWriter writer \u003d Files.newBufferedWriter(filePath)) {","lastModifiedDate":"2024-02-01"},{"lineNumber":54,"author":{"gitId":"ljy0422"},"content":"            for (Task task : this.taskList.getList()) {","lastModifiedDate":"2024-02-01"},{"lineNumber":55,"author":{"gitId":"ljy0422"},"content":"                writer.write(task.toStringForStore());","lastModifiedDate":"2024-02-01"},{"lineNumber":56,"author":{"gitId":"ljy0422"},"content":"                writer.newLine();","lastModifiedDate":"2024-02-01"},{"lineNumber":57,"author":{"gitId":"ljy0422"},"content":"            }","lastModifiedDate":"2024-02-01"},{"lineNumber":58,"author":{"gitId":"ljy0422"},"content":"        } catch (IOException e) {","lastModifiedDate":"2024-02-01"},{"lineNumber":59,"author":{"gitId":"ljy0422"},"content":"            e.printStackTrace();","lastModifiedDate":"2024-02-01"},{"lineNumber":60,"author":{"gitId":"ljy0422"},"content":"        }","lastModifiedDate":"2024-02-01"},{"lineNumber":61,"author":{"gitId":"ljy0422"},"content":"    }","lastModifiedDate":"2024-02-01"},{"lineNumber":62,"author":{"gitId":"ljy0422"},"content":"","lastModifiedDate":"2024-02-01"},{"lineNumber":63,"author":{"gitId":"ljy0422"},"content":"    /**","lastModifiedDate":"2024-02-02"},{"lineNumber":64,"author":{"gitId":"ljy0422"},"content":"     * Reads and parses the text in the file into a task instance.","lastModifiedDate":"2024-02-02"},{"lineNumber":65,"author":{"gitId":"ljy0422"},"content":"     *","lastModifiedDate":"2024-02-02"},{"lineNumber":66,"author":{"gitId":"ljy0422"},"content":"     * @param string the string to be parsed.","lastModifiedDate":"2024-02-02"},{"lineNumber":67,"author":{"gitId":"ljy0422"},"content":"     * @return a task instance corresponding to the text content.","lastModifiedDate":"2024-02-02"},{"lineNumber":68,"author":{"gitId":"ljy0422"},"content":"     */","lastModifiedDate":"2024-02-02"},{"lineNumber":69,"author":{"gitId":"ljy0422"},"content":"    public Task parseFromFile(String string) {","lastModifiedDate":"2024-02-01"},{"lineNumber":70,"author":{"gitId":"ljy0422"},"content":"        String[] parts \u003d string.split(\" \\\\| \", 3);","lastModifiedDate":"2024-02-01"},{"lineNumber":71,"author":{"gitId":"ljy0422"},"content":"        String command \u003d parts[0];","lastModifiedDate":"2024-02-01"},{"lineNumber":72,"author":{"gitId":"ljy0422"},"content":"        String isDone \u003d parts[1];","lastModifiedDate":"2024-02-01"},{"lineNumber":73,"author":{"gitId":"ljy0422"},"content":"        String content \u003d parts[2];","lastModifiedDate":"2024-02-01"},{"lineNumber":74,"author":{"gitId":"ljy0422"},"content":"        Task newTask \u003d null;","lastModifiedDate":"2024-02-01"},{"lineNumber":75,"author":{"gitId":"ljy0422"},"content":"","lastModifiedDate":"2024-02-01"},{"lineNumber":76,"author":{"gitId":"ljy0422"},"content":"        switch (command) {","lastModifiedDate":"2024-02-01"},{"lineNumber":77,"author":{"gitId":"ljy0422"},"content":"        case \"T\":","lastModifiedDate":"2024-02-01"},{"lineNumber":78,"author":{"gitId":"ljy0422"},"content":"            newTask \u003d new ToDo(content);","lastModifiedDate":"2024-02-01"},{"lineNumber":79,"author":{"gitId":"ljy0422"},"content":"            break;","lastModifiedDate":"2024-02-01"},{"lineNumber":80,"author":{"gitId":"ljy0422"},"content":"        case \"E\":","lastModifiedDate":"2024-02-01"},{"lineNumber":81,"author":{"gitId":"ljy0422"},"content":"            String[] eventParts \u003d content.split(\" \\\\| \", 2);","lastModifiedDate":"2024-02-01"},{"lineNumber":82,"author":{"gitId":"ljy0422"},"content":"            String description \u003d eventParts[0];","lastModifiedDate":"2024-02-01"},{"lineNumber":83,"author":{"gitId":"ljy0422"},"content":"            String datePart \u003d eventParts[1];","lastModifiedDate":"2024-02-01"},{"lineNumber":84,"author":{"gitId":"ljy0422"},"content":"            String[] dates \u003d datePart.split(\" to \");","lastModifiedDate":"2024-02-01"},{"lineNumber":85,"author":{"gitId":"ljy0422"},"content":"            String startDate \u003d dates[0].substring(dates[0].indexOf(\"from\") + 5).trim();","lastModifiedDate":"2024-02-01"},{"lineNumber":86,"author":{"gitId":"ljy0422"},"content":"            String endDate \u003d dates[1].trim();","lastModifiedDate":"2024-02-01"},{"lineNumber":87,"author":{"gitId":"ljy0422"},"content":"            newTask \u003d new Event(description, startDate, endDate);","lastModifiedDate":"2024-02-01"},{"lineNumber":88,"author":{"gitId":"ljy0422"},"content":"            break;","lastModifiedDate":"2024-02-01"},{"lineNumber":89,"author":{"gitId":"ljy0422"},"content":"        case \"D\":","lastModifiedDate":"2024-02-01"},{"lineNumber":90,"author":{"gitId":"ljy0422"},"content":"            String[] deadlineParts \u003d content.split(\" \\\\| by\");","lastModifiedDate":"2024-02-01"},{"lineNumber":91,"author":{"gitId":"ljy0422"},"content":"            newTask \u003d new Deadline(deadlineParts[0], deadlineParts[1]);","lastModifiedDate":"2024-02-01"},{"lineNumber":92,"author":{"gitId":"ljy0422"},"content":"            break;","lastModifiedDate":"2024-02-01"},{"lineNumber":93,"author":{"gitId":"ljy0422"},"content":"        }","lastModifiedDate":"2024-02-01"},{"lineNumber":94,"author":{"gitId":"ljy0422"},"content":"","lastModifiedDate":"2024-02-01"},{"lineNumber":95,"author":{"gitId":"ljy0422"},"content":"        newTask.setStatus((isDone.contains(\"1\")));","lastModifiedDate":"2024-02-03"},{"lineNumber":96,"author":{"gitId":"ljy0422"},"content":"        return newTask;","lastModifiedDate":"2024-02-01"},{"lineNumber":97,"author":{"gitId":"ljy0422"},"content":"    }","lastModifiedDate":"2024-02-01"},{"lineNumber":98,"author":{"gitId":"ljy0422"},"content":"}","lastModifiedDate":"2024-02-01"},{"lineNumber":99,"author":{"gitId":"ljy0422"},"content":"","lastModifiedDate":"2024-02-01"}],"authorContributionMap":{"ljy0422":99}},{"path":"src/main/java/jiayou/Ui.java","fileType":"java","lines":[{"lineNumber":1,"author":{"gitId":"ljy0422"},"content":"package jiayou;","lastModifiedDate":"2024-02-01"},{"lineNumber":2,"author":{"gitId":"ljy0422"},"content":"","lastModifiedDate":"2024-02-01"},{"lineNumber":3,"author":{"gitId":"ljy0422"},"content":"import java.util.Scanner;","lastModifiedDate":"2024-02-01"},{"lineNumber":4,"author":{"gitId":"ljy0422"},"content":"import jiayou.task.TaskList;","lastModifiedDate":"2024-02-05"},{"lineNumber":5,"author":{"gitId":"ljy0422"},"content":"","lastModifiedDate":"2024-02-01"},{"lineNumber":6,"author":{"gitId":"ljy0422"},"content":"/** Represents the user interface for the chatbot.","lastModifiedDate":"2024-02-02"},{"lineNumber":7,"author":{"gitId":"ljy0422"},"content":" * @author Liu Jiayao","lastModifiedDate":"2024-02-02"},{"lineNumber":8,"author":{"gitId":"ljy0422"},"content":" */","lastModifiedDate":"2024-02-02"},{"lineNumber":9,"author":{"gitId":"ljy0422"},"content":"public class Ui {","lastModifiedDate":"2024-02-01"},{"lineNumber":10,"author":{"gitId":"ljy0422"},"content":"    private static final String LINE \u003d \"____________________________________________________________\";","lastModifiedDate":"2024-02-01"},{"lineNumber":11,"author":{"gitId":"ljy0422"},"content":"    private Parser parser \u003d new Parser();","lastModifiedDate":"2024-02-01"},{"lineNumber":12,"author":{"gitId":"ljy0422"},"content":"    private TaskList tasks;","lastModifiedDate":"2024-02-01"},{"lineNumber":13,"author":{"gitId":"ljy0422"},"content":"","lastModifiedDate":"2024-02-01"},{"lineNumber":14,"author":{"gitId":"ljy0422"},"content":"    /**","lastModifiedDate":"2024-02-02"},{"lineNumber":15,"author":{"gitId":"ljy0422"},"content":"     * Returns a new Ui instance.","lastModifiedDate":"2024-02-02"},{"lineNumber":16,"author":{"gitId":"ljy0422"},"content":"     *","lastModifiedDate":"2024-02-02"},{"lineNumber":17,"author":{"gitId":"ljy0422"},"content":"     * @param tasks The task list linked to the chatbot interface.","lastModifiedDate":"2024-02-02"},{"lineNumber":18,"author":{"gitId":"ljy0422"},"content":"     */","lastModifiedDate":"2024-02-02"},{"lineNumber":19,"author":{"gitId":"ljy0422"},"content":"    public Ui(TaskList tasks) {","lastModifiedDate":"2024-02-01"},{"lineNumber":20,"author":{"gitId":"ljy0422"},"content":"        this.tasks \u003d tasks;","lastModifiedDate":"2024-02-01"},{"lineNumber":21,"author":{"gitId":"ljy0422"},"content":"    }","lastModifiedDate":"2024-02-01"},{"lineNumber":22,"author":{"gitId":"ljy0422"},"content":"","lastModifiedDate":"2024-02-01"},{"lineNumber":23,"author":{"gitId":"ljy0422"},"content":"    /**","lastModifiedDate":"2024-02-02"},{"lineNumber":24,"author":{"gitId":"ljy0422"},"content":"     * Prints the greeting message.","lastModifiedDate":"2024-02-02"},{"lineNumber":25,"author":{"gitId":"ljy0422"},"content":"     */","lastModifiedDate":"2024-02-02"},{"lineNumber":26,"author":{"gitId":"ljy0422"},"content":"    public void greet() {","lastModifiedDate":"2024-02-01"},{"lineNumber":27,"author":{"gitId":"ljy0422"},"content":"        System.out.println(Ui.LINE);","lastModifiedDate":"2024-02-01"},{"lineNumber":28,"author":{"gitId":"ljy0422"},"content":"        System.out.println(\"Hello! I\u0027m Jiayou.\");","lastModifiedDate":"2024-02-01"},{"lineNumber":29,"author":{"gitId":"ljy0422"},"content":"        System.out.println(\"What can I do for you? \u003e \u003c\");","lastModifiedDate":"2024-02-02"},{"lineNumber":30,"author":{"gitId":"ljy0422"},"content":"        System.out.println(\"(enter \u0027help\u0027 to know all my functionalities!)\");","lastModifiedDate":"2024-02-05"},{"lineNumber":31,"author":{"gitId":"ljy0422"},"content":"        System.out.println(Ui.LINE);","lastModifiedDate":"2024-02-01"},{"lineNumber":32,"author":{"gitId":"ljy0422"},"content":"        chat();","lastModifiedDate":"2024-02-01"},{"lineNumber":33,"author":{"gitId":"ljy0422"},"content":"    }","lastModifiedDate":"2024-02-01"},{"lineNumber":34,"author":{"gitId":"ljy0422"},"content":"","lastModifiedDate":"2024-02-01"},{"lineNumber":35,"author":{"gitId":"ljy0422"},"content":"    /**","lastModifiedDate":"2024-02-05"},{"lineNumber":36,"author":{"gitId":"ljy0422"},"content":"     * Prints all the command types and usages.","lastModifiedDate":"2024-02-05"},{"lineNumber":37,"author":{"gitId":"ljy0422"},"content":"     */","lastModifiedDate":"2024-02-05"},{"lineNumber":38,"author":{"gitId":"ljy0422"},"content":"    public void guide() {","lastModifiedDate":"2024-02-05"},{"lineNumber":39,"author":{"gitId":"ljy0422"},"content":"        System.out.println(\"1. To get the whole list of tasks: list\");","lastModifiedDate":"2024-02-05"},{"lineNumber":40,"author":{"gitId":"ljy0422"},"content":"        System.out.println(\"2. To mark/unmark a certain task with the index x: mark/unmark x\");","lastModifiedDate":"2024-02-05"},{"lineNumber":41,"author":{"gitId":"ljy0422"},"content":"        System.out.println(\"3. To delete a certain task with the index x: delete x\");","lastModifiedDate":"2024-02-05"},{"lineNumber":42,"author":{"gitId":"ljy0422"},"content":"        System.out.println(\"4. To search tasks on a certain date: search_by_date YYYY-MM-DD\");","lastModifiedDate":"2024-02-05"},{"lineNumber":43,"author":{"gitId":"ljy0422"},"content":"        System.out.println(\"5. To search tasks with the keyword x: search_by_keyword x\");","lastModifiedDate":"2024-02-05"},{"lineNumber":44,"author":{"gitId":"ljy0422"},"content":"        System.out.println(\"6. To add a todo task: todo description\");","lastModifiedDate":"2024-02-05"},{"lineNumber":45,"author":{"gitId":"ljy0422"},"content":"        System.out.println(\"7. To add a deadline task: deadline description /by YYYY-MM-DD\");","lastModifiedDate":"2024-02-05"},{"lineNumber":46,"author":{"gitId":"ljy0422"},"content":"        System.out.println(\"8. To add an event task: event description /from YYYY-MM-DD /to YYYY-MM-DD\");","lastModifiedDate":"2024-02-05"},{"lineNumber":47,"author":{"gitId":"ljy0422"},"content":"        System.out.println(Ui.LINE);","lastModifiedDate":"2024-02-05"},{"lineNumber":48,"author":{"gitId":"ljy0422"},"content":"    }","lastModifiedDate":"2024-02-05"},{"lineNumber":49,"author":{"gitId":"ljy0422"},"content":"","lastModifiedDate":"2024-02-05"},{"lineNumber":50,"author":{"gitId":"ljy0422"},"content":"    /**","lastModifiedDate":"2024-02-02"},{"lineNumber":51,"author":{"gitId":"ljy0422"},"content":"     * Starts reading in the user command and continuing the chat.","lastModifiedDate":"2024-02-02"},{"lineNumber":52,"author":{"gitId":"ljy0422"},"content":"     */","lastModifiedDate":"2024-02-02"},{"lineNumber":53,"author":{"gitId":"ljy0422"},"content":"    public void chat() {","lastModifiedDate":"2024-02-01"},{"lineNumber":54,"author":{"gitId":"ljy0422"},"content":"        Scanner sc \u003d new Scanner(System.in);","lastModifiedDate":"2024-02-01"},{"lineNumber":55,"author":{"gitId":"ljy0422"},"content":"        while (true) {","lastModifiedDate":"2024-02-01"},{"lineNumber":56,"author":{"gitId":"ljy0422"},"content":"            String input \u003d sc.nextLine();","lastModifiedDate":"2024-02-01"},{"lineNumber":57,"author":{"gitId":"ljy0422"},"content":"            System.out.println(Ui.LINE);","lastModifiedDate":"2024-02-01"},{"lineNumber":58,"author":{"gitId":"ljy0422"},"content":"            if (input.equals(\"bye\")) { break;}","lastModifiedDate":"2024-02-01"},{"lineNumber":59,"author":{"gitId":"ljy0422"},"content":"            if (input.equals(\"help\")) {","lastModifiedDate":"2024-02-05"},{"lineNumber":60,"author":{"gitId":"ljy0422"},"content":"                guide();","lastModifiedDate":"2024-02-05"},{"lineNumber":61,"author":{"gitId":"ljy0422"},"content":"                continue;","lastModifiedDate":"2024-02-05"},{"lineNumber":62,"author":{"gitId":"ljy0422"},"content":"            }","lastModifiedDate":"2024-02-05"},{"lineNumber":63,"author":{"gitId":"ljy0422"},"content":"            this.parser.parse(this.tasks, input);","lastModifiedDate":"2024-02-01"},{"lineNumber":64,"author":{"gitId":"ljy0422"},"content":"            System.out.println(Ui.LINE);","lastModifiedDate":"2024-02-01"},{"lineNumber":65,"author":{"gitId":"ljy0422"},"content":"        }","lastModifiedDate":"2024-02-01"},{"lineNumber":66,"author":{"gitId":"ljy0422"},"content":"        sc.close();","lastModifiedDate":"2024-02-01"},{"lineNumber":67,"author":{"gitId":"ljy0422"},"content":"        bye();","lastModifiedDate":"2024-02-01"},{"lineNumber":68,"author":{"gitId":"ljy0422"},"content":"    }","lastModifiedDate":"2024-02-01"},{"lineNumber":69,"author":{"gitId":"ljy0422"},"content":"","lastModifiedDate":"2024-02-01"},{"lineNumber":70,"author":{"gitId":"ljy0422"},"content":"    /**","lastModifiedDate":"2024-02-02"},{"lineNumber":71,"author":{"gitId":"ljy0422"},"content":"     * Prints the bye message.","lastModifiedDate":"2024-02-02"},{"lineNumber":72,"author":{"gitId":"ljy0422"},"content":"     */","lastModifiedDate":"2024-02-02"},{"lineNumber":73,"author":{"gitId":"ljy0422"},"content":"    public void bye() {","lastModifiedDate":"2024-02-01"},{"lineNumber":74,"author":{"gitId":"ljy0422"},"content":"        System.out.println(\"Bye. Hope to see you again soon! \u003e \u003c\");","lastModifiedDate":"2024-02-02"},{"lineNumber":75,"author":{"gitId":"ljy0422"},"content":"        System.out.println(Ui.LINE);","lastModifiedDate":"2024-02-01"},{"lineNumber":76,"author":{"gitId":"ljy0422"},"content":"    }","lastModifiedDate":"2024-02-01"},{"lineNumber":77,"author":{"gitId":"ljy0422"},"content":"}","lastModifiedDate":"2024-02-01"}],"authorContributionMap":{"ljy0422":77}},{"path":"src/main/java/jiayou/task/Deadline.java","fileType":"java","lines":[{"lineNumber":1,"author":{"gitId":"ljy0422"},"content":"package jiayou.task;","lastModifiedDate":"2024-02-01"},{"lineNumber":2,"author":{"gitId":"ljy0422"},"content":"","lastModifiedDate":"2024-02-01"},{"lineNumber":3,"author":{"gitId":"ljy0422"},"content":"import java.time.LocalDate;","lastModifiedDate":"2024-02-01"},{"lineNumber":4,"author":{"gitId":"ljy0422"},"content":"import java.time.format.DateTimeFormatter;","lastModifiedDate":"2024-02-01"},{"lineNumber":5,"author":{"gitId":"ljy0422"},"content":"","lastModifiedDate":"2024-02-01"},{"lineNumber":6,"author":{"gitId":"ljy0422"},"content":"/** Represents deadline, a subtype of the task, which has a deadline date.","lastModifiedDate":"2024-02-02"},{"lineNumber":7,"author":{"gitId":"ljy0422"},"content":" * @author Liu Jiayao","lastModifiedDate":"2024-02-02"},{"lineNumber":8,"author":{"gitId":"ljy0422"},"content":" */","lastModifiedDate":"2024-02-02"},{"lineNumber":9,"author":{"gitId":"ljy0422"},"content":"public class Deadline extends Task {","lastModifiedDate":"2024-01-25"},{"lineNumber":10,"author":{"gitId":"ljy0422"},"content":"    private LocalDate byTime;","lastModifiedDate":"2024-02-01"},{"lineNumber":11,"author":{"gitId":"ljy0422"},"content":"","lastModifiedDate":"2024-01-25"},{"lineNumber":12,"author":{"gitId":"ljy0422"},"content":"    public Deadline(String description, String byTime) {","lastModifiedDate":"2024-01-25"},{"lineNumber":13,"author":{"gitId":"ljy0422"},"content":"        super(description);","lastModifiedDate":"2024-01-25"},{"lineNumber":14,"author":{"gitId":"ljy0422"},"content":"        this.byTime \u003d LocalDate.parse(byTime);","lastModifiedDate":"2024-02-01"},{"lineNumber":15,"author":{"gitId":"ljy0422"},"content":"    }","lastModifiedDate":"2024-02-01"},{"lineNumber":16,"author":{"gitId":"ljy0422"},"content":"","lastModifiedDate":"2024-02-01"},{"lineNumber":17,"author":{"gitId":"ljy0422"},"content":"    public LocalDate getByTime() {","lastModifiedDate":"2024-02-01"},{"lineNumber":18,"author":{"gitId":"ljy0422"},"content":"        return this.byTime;","lastModifiedDate":"2024-02-01"},{"lineNumber":19,"author":{"gitId":"ljy0422"},"content":"    }","lastModifiedDate":"2024-01-25"},{"lineNumber":20,"author":{"gitId":"ljy0422"},"content":"","lastModifiedDate":"2024-01-25"},{"lineNumber":21,"author":{"gitId":"ljy0422"},"content":"    @Override","lastModifiedDate":"2024-01-31"},{"lineNumber":22,"author":{"gitId":"ljy0422"},"content":"    public String toStringForStore() {","lastModifiedDate":"2024-01-31"},{"lineNumber":23,"author":{"gitId":"ljy0422"},"content":"        return \"D\" + super.toStringForStore() + \" | by\" + this.byTime.toString();","lastModifiedDate":"2024-02-01"},{"lineNumber":24,"author":{"gitId":"ljy0422"},"content":"    }","lastModifiedDate":"2024-01-31"},{"lineNumber":25,"author":{"gitId":"ljy0422"},"content":"","lastModifiedDate":"2024-01-31"},{"lineNumber":26,"author":{"gitId":"ljy0422"},"content":"    @Override","lastModifiedDate":"2024-01-25"},{"lineNumber":27,"author":{"gitId":"ljy0422"},"content":"    public String toString() {","lastModifiedDate":"2024-01-25"},{"lineNumber":28,"author":{"gitId":"ljy0422"},"content":"        return \"[D]\" + super.toString() + \" (by: \" + this.byTime.format(DateTimeFormatter.ofPattern(\"MMM d yyyy\")) + \")\";","lastModifiedDate":"2024-02-01"},{"lineNumber":29,"author":{"gitId":"ljy0422"},"content":"    }","lastModifiedDate":"2024-01-25"},{"lineNumber":30,"author":{"gitId":"ljy0422"},"content":"}","lastModifiedDate":"2024-01-25"}],"authorContributionMap":{"ljy0422":30}},{"path":"src/main/java/jiayou/task/Event.java","fileType":"java","lines":[{"lineNumber":1,"author":{"gitId":"ljy0422"},"content":"package jiayou.task;","lastModifiedDate":"2024-02-01"},{"lineNumber":2,"author":{"gitId":"ljy0422"},"content":"","lastModifiedDate":"2024-02-01"},{"lineNumber":3,"author":{"gitId":"ljy0422"},"content":"import java.time.LocalDate;","lastModifiedDate":"2024-02-01"},{"lineNumber":4,"author":{"gitId":"ljy0422"},"content":"import java.time.format.DateTimeFormatter;","lastModifiedDate":"2024-02-01"},{"lineNumber":5,"author":{"gitId":"ljy0422"},"content":"","lastModifiedDate":"2024-02-01"},{"lineNumber":6,"author":{"gitId":"ljy0422"},"content":"/** Represents event, a subtype of the task, which has both a starting date and an ending date.","lastModifiedDate":"2024-02-02"},{"lineNumber":7,"author":{"gitId":"ljy0422"},"content":" * @author Liu Jiayao","lastModifiedDate":"2024-02-02"},{"lineNumber":8,"author":{"gitId":"ljy0422"},"content":" */","lastModifiedDate":"2024-02-02"},{"lineNumber":9,"author":{"gitId":"ljy0422"},"content":"public class Event extends Task {","lastModifiedDate":"2024-01-25"},{"lineNumber":10,"author":{"gitId":"ljy0422"},"content":"    private LocalDate from;","lastModifiedDate":"2024-02-01"},{"lineNumber":11,"author":{"gitId":"ljy0422"},"content":"    private LocalDate to;","lastModifiedDate":"2024-02-01"},{"lineNumber":12,"author":{"gitId":"ljy0422"},"content":"","lastModifiedDate":"2024-01-25"},{"lineNumber":13,"author":{"gitId":"ljy0422"},"content":"    public Event(String description, String from, String to) {","lastModifiedDate":"2024-01-25"},{"lineNumber":14,"author":{"gitId":"ljy0422"},"content":"        super(description);","lastModifiedDate":"2024-01-25"},{"lineNumber":15,"author":{"gitId":"ljy0422"},"content":"        this.from \u003d LocalDate.parse(from);","lastModifiedDate":"2024-02-01"},{"lineNumber":16,"author":{"gitId":"ljy0422"},"content":"        this.to \u003d LocalDate.parse(to);","lastModifiedDate":"2024-02-01"},{"lineNumber":17,"author":{"gitId":"ljy0422"},"content":"    }","lastModifiedDate":"2024-02-01"},{"lineNumber":18,"author":{"gitId":"ljy0422"},"content":"","lastModifiedDate":"2024-02-01"},{"lineNumber":19,"author":{"gitId":"ljy0422"},"content":"    public LocalDate getFrom() {","lastModifiedDate":"2024-02-01"},{"lineNumber":20,"author":{"gitId":"ljy0422"},"content":"        return this.from;","lastModifiedDate":"2024-02-01"},{"lineNumber":21,"author":{"gitId":"ljy0422"},"content":"    }","lastModifiedDate":"2024-02-01"},{"lineNumber":22,"author":{"gitId":"ljy0422"},"content":"","lastModifiedDate":"2024-02-01"},{"lineNumber":23,"author":{"gitId":"ljy0422"},"content":"    public LocalDate getTo() {","lastModifiedDate":"2024-02-01"},{"lineNumber":24,"author":{"gitId":"ljy0422"},"content":"        return this.to;","lastModifiedDate":"2024-02-01"},{"lineNumber":25,"author":{"gitId":"ljy0422"},"content":"    }","lastModifiedDate":"2024-01-25"},{"lineNumber":26,"author":{"gitId":"ljy0422"},"content":"","lastModifiedDate":"2024-01-25"},{"lineNumber":27,"author":{"gitId":"ljy0422"},"content":"    @Override","lastModifiedDate":"2024-01-31"},{"lineNumber":28,"author":{"gitId":"ljy0422"},"content":"    public String toStringForStore() {","lastModifiedDate":"2024-01-31"},{"lineNumber":29,"author":{"gitId":"ljy0422"},"content":"        return \"E\" + super.toStringForStore() + \" | from \" + this.from.toString() + \" to \" + this.to.toString();","lastModifiedDate":"2024-02-01"},{"lineNumber":30,"author":{"gitId":"ljy0422"},"content":"    }","lastModifiedDate":"2024-01-31"},{"lineNumber":31,"author":{"gitId":"ljy0422"},"content":"","lastModifiedDate":"2024-01-31"},{"lineNumber":32,"author":{"gitId":"ljy0422"},"content":"    @Override","lastModifiedDate":"2024-01-25"},{"lineNumber":33,"author":{"gitId":"ljy0422"},"content":"    public String toString() {","lastModifiedDate":"2024-01-25"},{"lineNumber":34,"author":{"gitId":"ljy0422"},"content":"        return \"[E]\" + super.toString() + \" (from: \" + this.from.format(DateTimeFormatter.ofPattern(\"MMM d yyyy\"))+ \" to: \" + this.to.format(DateTimeFormatter.ofPattern(\"MMM d yyyy\")) + \")\";","lastModifiedDate":"2024-02-01"},{"lineNumber":35,"author":{"gitId":"ljy0422"},"content":"    }","lastModifiedDate":"2024-01-25"},{"lineNumber":36,"author":{"gitId":"ljy0422"},"content":"}","lastModifiedDate":"2024-01-25"}],"authorContributionMap":{"ljy0422":36}},{"path":"src/main/java/jiayou/task/Task.java","fileType":"java","lines":[{"lineNumber":1,"author":{"gitId":"ljy0422"},"content":"package jiayou.task;","lastModifiedDate":"2024-02-01"},{"lineNumber":2,"author":{"gitId":"ljy0422"},"content":"","lastModifiedDate":"2024-02-01"},{"lineNumber":3,"author":{"gitId":"ljy0422"},"content":"/** Represents a task in the task list.","lastModifiedDate":"2024-02-02"},{"lineNumber":4,"author":{"gitId":"ljy0422"},"content":" * @author Liu Jiayao","lastModifiedDate":"2024-02-02"},{"lineNumber":5,"author":{"gitId":"ljy0422"},"content":" */","lastModifiedDate":"2024-02-02"},{"lineNumber":6,"author":{"gitId":"ljy0422"},"content":"public class Task {","lastModifiedDate":"2024-01-25"},{"lineNumber":7,"author":{"gitId":"ljy0422"},"content":"    private String description;","lastModifiedDate":"2024-01-25"},{"lineNumber":8,"author":{"gitId":"ljy0422"},"content":"    private boolean isDone \u003d false;","lastModifiedDate":"2024-01-25"},{"lineNumber":9,"author":{"gitId":"ljy0422"},"content":"    private char taskType;","lastModifiedDate":"2024-01-25"},{"lineNumber":10,"author":{"gitId":"ljy0422"},"content":"","lastModifiedDate":"2024-01-25"},{"lineNumber":11,"author":{"gitId":"ljy0422"},"content":"    /**","lastModifiedDate":"2024-02-02"},{"lineNumber":12,"author":{"gitId":"ljy0422"},"content":"     * Returns a new task with the given description.","lastModifiedDate":"2024-02-02"},{"lineNumber":13,"author":{"gitId":"ljy0422"},"content":"     *","lastModifiedDate":"2024-02-02"},{"lineNumber":14,"author":{"gitId":"ljy0422"},"content":"     * @param description the description of the task.","lastModifiedDate":"2024-02-02"},{"lineNumber":15,"author":{"gitId":"ljy0422"},"content":"     */","lastModifiedDate":"2024-02-02"},{"lineNumber":16,"author":{"gitId":"ljy0422"},"content":"    public Task(String description) {","lastModifiedDate":"2024-01-25"},{"lineNumber":17,"author":{"gitId":"ljy0422"},"content":"        this.description \u003d description;","lastModifiedDate":"2024-01-25"},{"lineNumber":18,"author":{"gitId":"ljy0422"},"content":"    }","lastModifiedDate":"2024-01-25"},{"lineNumber":19,"author":{"gitId":"ljy0422"},"content":"","lastModifiedDate":"2024-01-25"},{"lineNumber":20,"author":{"gitId":"ljy0422"},"content":"    public String getDescription() {","lastModifiedDate":"2024-01-25"},{"lineNumber":21,"author":{"gitId":"ljy0422"},"content":"        return this.description;","lastModifiedDate":"2024-01-25"},{"lineNumber":22,"author":{"gitId":"ljy0422"},"content":"    }","lastModifiedDate":"2024-01-25"},{"lineNumber":23,"author":{"gitId":"ljy0422"},"content":"","lastModifiedDate":"2024-01-25"},{"lineNumber":24,"author":{"gitId":"ljy0422"},"content":"    public void setStatus(boolean isDone) {","lastModifiedDate":"2024-01-25"},{"lineNumber":25,"author":{"gitId":"ljy0422"},"content":"        this.isDone \u003d isDone;","lastModifiedDate":"2024-01-25"},{"lineNumber":26,"author":{"gitId":"ljy0422"},"content":"    }","lastModifiedDate":"2024-01-25"},{"lineNumber":27,"author":{"gitId":"ljy0422"},"content":"","lastModifiedDate":"2024-01-25"},{"lineNumber":28,"author":{"gitId":"ljy0422"},"content":"    /**","lastModifiedDate":"2024-02-02"},{"lineNumber":29,"author":{"gitId":"ljy0422"},"content":"     * Transforms the task in the task list to a string for storage.","lastModifiedDate":"2024-02-02"},{"lineNumber":30,"author":{"gitId":"ljy0422"},"content":"     *","lastModifiedDate":"2024-02-02"},{"lineNumber":31,"author":{"gitId":"ljy0422"},"content":"     * @return the string corresponding to the task.","lastModifiedDate":"2024-02-02"},{"lineNumber":32,"author":{"gitId":"ljy0422"},"content":"     */","lastModifiedDate":"2024-02-02"},{"lineNumber":33,"author":{"gitId":"ljy0422"},"content":"    public String toStringForStore() {","lastModifiedDate":"2024-01-31"},{"lineNumber":34,"author":{"gitId":"ljy0422"},"content":"        if (this.isDone) {","lastModifiedDate":"2024-01-31"},{"lineNumber":35,"author":{"gitId":"ljy0422"},"content":"            return \" | 1 | \" + this.description;","lastModifiedDate":"2024-01-31"},{"lineNumber":36,"author":{"gitId":"ljy0422"},"content":"        } else {","lastModifiedDate":"2024-01-31"},{"lineNumber":37,"author":{"gitId":"ljy0422"},"content":"            return \" | 0 | \" + this.description;","lastModifiedDate":"2024-01-31"},{"lineNumber":38,"author":{"gitId":"ljy0422"},"content":"        }","lastModifiedDate":"2024-01-31"},{"lineNumber":39,"author":{"gitId":"ljy0422"},"content":"    }","lastModifiedDate":"2024-01-31"},{"lineNumber":40,"author":{"gitId":"ljy0422"},"content":"","lastModifiedDate":"2024-01-31"},{"lineNumber":41,"author":{"gitId":"ljy0422"},"content":"    /**","lastModifiedDate":"2024-02-02"},{"lineNumber":42,"author":{"gitId":"ljy0422"},"content":"     * Transforms the task in the task list to a string for printing in the user interface.","lastModifiedDate":"2024-02-02"},{"lineNumber":43,"author":{"gitId":"ljy0422"},"content":"     *","lastModifiedDate":"2024-02-02"},{"lineNumber":44,"author":{"gitId":"ljy0422"},"content":"     * @return the string corresponding to the task.","lastModifiedDate":"2024-02-02"},{"lineNumber":45,"author":{"gitId":"ljy0422"},"content":"     */","lastModifiedDate":"2024-02-02"},{"lineNumber":46,"author":{"gitId":"ljy0422"},"content":"    @Override","lastModifiedDate":"2024-01-25"},{"lineNumber":47,"author":{"gitId":"ljy0422"},"content":"    public String toString() {","lastModifiedDate":"2024-01-25"},{"lineNumber":48,"author":{"gitId":"ljy0422"},"content":"        if (this.isDone) {","lastModifiedDate":"2024-01-25"},{"lineNumber":49,"author":{"gitId":"ljy0422"},"content":"            return \"[X] \" + this.description;","lastModifiedDate":"2024-01-25"},{"lineNumber":50,"author":{"gitId":"ljy0422"},"content":"        } else {","lastModifiedDate":"2024-01-25"},{"lineNumber":51,"author":{"gitId":"ljy0422"},"content":"            return \"[ ] \" + this.description;","lastModifiedDate":"2024-01-25"},{"lineNumber":52,"author":{"gitId":"ljy0422"},"content":"        }","lastModifiedDate":"2024-01-25"},{"lineNumber":53,"author":{"gitId":"ljy0422"},"content":"    }","lastModifiedDate":"2024-01-25"},{"lineNumber":54,"author":{"gitId":"ljy0422"},"content":"","lastModifiedDate":"2024-01-25"},{"lineNumber":55,"author":{"gitId":"ljy0422"},"content":"}","lastModifiedDate":"2024-01-25"}],"authorContributionMap":{"ljy0422":55}},{"path":"src/main/java/jiayou/task/TaskList.java","fileType":"java","lines":[{"lineNumber":1,"author":{"gitId":"ljy0422"},"content":"package jiayou.task;","lastModifiedDate":"2024-02-01"},{"lineNumber":2,"author":{"gitId":"ljy0422"},"content":"","lastModifiedDate":"2024-02-01"},{"lineNumber":3,"author":{"gitId":"ljy0422"},"content":"import java.time.LocalDate;","lastModifiedDate":"2024-02-01"},{"lineNumber":4,"author":{"gitId":"ljy0422"},"content":"import java.util.ArrayList;","lastModifiedDate":"2024-02-01"},{"lineNumber":5,"author":{"gitId":"ljy0422"},"content":"import jiayou.Storage;","lastModifiedDate":"2024-02-05"},{"lineNumber":6,"author":{"gitId":"ljy0422"},"content":"import jiayou.JiayouException;","lastModifiedDate":"2024-02-05"},{"lineNumber":7,"author":{"gitId":"ljy0422"},"content":"","lastModifiedDate":"2024-02-01"},{"lineNumber":8,"author":{"gitId":"ljy0422"},"content":"/**","lastModifiedDate":"2024-02-02"},{"lineNumber":9,"author":{"gitId":"ljy0422"},"content":" * Represents a task list to store all the tasks of the chatbot.","lastModifiedDate":"2024-02-02"},{"lineNumber":10,"author":{"gitId":"ljy0422"},"content":" */","lastModifiedDate":"2024-02-02"},{"lineNumber":11,"author":{"gitId":"ljy0422"},"content":"public class TaskList {","lastModifiedDate":"2024-02-01"},{"lineNumber":12,"author":{"gitId":"ljy0422"},"content":"    private Storage storage;","lastModifiedDate":"2024-02-01"},{"lineNumber":13,"author":{"gitId":"ljy0422"},"content":"    private ArrayList\u003cTask\u003e tasks \u003d new ArrayList\u003cTask\u003e();","lastModifiedDate":"2024-02-01"},{"lineNumber":14,"author":{"gitId":"ljy0422"},"content":"","lastModifiedDate":"2024-02-01"},{"lineNumber":15,"author":{"gitId":"ljy0422"},"content":"    /**","lastModifiedDate":"2024-02-02"},{"lineNumber":16,"author":{"gitId":"ljy0422"},"content":"     * Links the given storage to the task list.","lastModifiedDate":"2024-02-02"},{"lineNumber":17,"author":{"gitId":"ljy0422"},"content":"     *","lastModifiedDate":"2024-02-02"},{"lineNumber":18,"author":{"gitId":"ljy0422"},"content":"     * @param storage the storage to be linked.","lastModifiedDate":"2024-02-02"},{"lineNumber":19,"author":{"gitId":"ljy0422"},"content":"     */","lastModifiedDate":"2024-02-02"},{"lineNumber":20,"author":{"gitId":"ljy0422"},"content":"    public void linkStorage(Storage storage) {","lastModifiedDate":"2024-02-01"},{"lineNumber":21,"author":{"gitId":"ljy0422"},"content":"        this.storage \u003d storage;","lastModifiedDate":"2024-02-01"},{"lineNumber":22,"author":{"gitId":"ljy0422"},"content":"    }","lastModifiedDate":"2024-02-01"},{"lineNumber":23,"author":{"gitId":"ljy0422"},"content":"","lastModifiedDate":"2024-02-01"},{"lineNumber":24,"author":{"gitId":"ljy0422"},"content":"    /**","lastModifiedDate":"2024-02-03"},{"lineNumber":25,"author":{"gitId":"ljy0422"},"content":"     * Updates the linked text file.","lastModifiedDate":"2024-02-03"},{"lineNumber":26,"author":{"gitId":"ljy0422"},"content":"     */","lastModifiedDate":"2024-02-03"},{"lineNumber":27,"author":{"gitId":"ljy0422"},"content":"    public void updateStorage() {","lastModifiedDate":"2024-02-03"},{"lineNumber":28,"author":{"gitId":"ljy0422"},"content":"        this.storage.saveToFile();","lastModifiedDate":"2024-02-06"},{"lineNumber":29,"author":{"gitId":"ljy0422"},"content":"    }","lastModifiedDate":"2024-02-03"},{"lineNumber":30,"author":{"gitId":"ljy0422"},"content":"","lastModifiedDate":"2024-02-03"},{"lineNumber":31,"author":{"gitId":"ljy0422"},"content":"    /**","lastModifiedDate":"2024-02-02"},{"lineNumber":32,"author":{"gitId":"ljy0422"},"content":"     * Adds a new task to the task list.","lastModifiedDate":"2024-02-02"},{"lineNumber":33,"author":{"gitId":"ljy0422"},"content":"     *","lastModifiedDate":"2024-02-02"},{"lineNumber":34,"author":{"gitId":"ljy0422"},"content":"     * @param task the task to be added.","lastModifiedDate":"2024-02-02"},{"lineNumber":35,"author":{"gitId":"ljy0422"},"content":"     */","lastModifiedDate":"2024-02-02"},{"lineNumber":36,"author":{"gitId":"ljy0422"},"content":"    public void addTask(Task task) {","lastModifiedDate":"2024-02-01"},{"lineNumber":37,"author":{"gitId":"ljy0422"},"content":"         this.tasks.add(task);","lastModifiedDate":"2024-02-01"},{"lineNumber":38,"author":{"gitId":"ljy0422"},"content":"         updateStorage();","lastModifiedDate":"2024-02-03"},{"lineNumber":39,"author":{"gitId":"ljy0422"},"content":"    }","lastModifiedDate":"2024-02-01"},{"lineNumber":40,"author":{"gitId":"ljy0422"},"content":"","lastModifiedDate":"2024-02-01"},{"lineNumber":41,"author":{"gitId":"ljy0422"},"content":"    /**","lastModifiedDate":"2024-02-02"},{"lineNumber":42,"author":{"gitId":"ljy0422"},"content":"     * Deletes a new task from the task list.","lastModifiedDate":"2024-02-02"},{"lineNumber":43,"author":{"gitId":"ljy0422"},"content":"     *","lastModifiedDate":"2024-02-02"},{"lineNumber":44,"author":{"gitId":"ljy0422"},"content":"     * @param input the task id of the task to be deleted.","lastModifiedDate":"2024-02-02"},{"lineNumber":45,"author":{"gitId":"ljy0422"},"content":"     */","lastModifiedDate":"2024-02-02"},{"lineNumber":46,"author":{"gitId":"ljy0422"},"content":"    public void deleteTask(String input) {","lastModifiedDate":"2024-02-01"},{"lineNumber":47,"author":{"gitId":"ljy0422"},"content":"        try {","lastModifiedDate":"2024-02-01"},{"lineNumber":48,"author":{"gitId":"ljy0422"},"content":"            int taskId \u003d Integer.parseInt(input) - 1;","lastModifiedDate":"2024-02-01"},{"lineNumber":49,"author":{"gitId":"ljy0422"},"content":"            if (taskId \u003c 0 || taskId \u003e\u003d tasks.size()) {","lastModifiedDate":"2024-02-01"},{"lineNumber":50,"author":{"gitId":"ljy0422"},"content":"                throw new JiayouException(\"OOPS!!! The task you wanna delete doesn\u0027t exist. Please input a valid number!\");","lastModifiedDate":"2024-02-02"},{"lineNumber":51,"author":{"gitId":"ljy0422"},"content":"            }","lastModifiedDate":"2024-02-01"},{"lineNumber":52,"author":{"gitId":"ljy0422"},"content":"","lastModifiedDate":"2024-02-01"},{"lineNumber":53,"author":{"gitId":"ljy0422"},"content":"            Task removedTask \u003d tasks.remove(taskId);","lastModifiedDate":"2024-02-01"},{"lineNumber":54,"author":{"gitId":"ljy0422"},"content":"            System.out.println(\"\u003ew\u003cNoted. I\u0027ve removed this task:\");","lastModifiedDate":"2024-02-02"},{"lineNumber":55,"author":{"gitId":"ljy0422"},"content":"            System.out.println(\"  \" + removedTask);","lastModifiedDate":"2024-02-01"},{"lineNumber":56,"author":{"gitId":"ljy0422"},"content":"            System.out.println(\"Now you have \" + tasks.size() + \" tasks in the list.\");","lastModifiedDate":"2024-02-01"},{"lineNumber":57,"author":{"gitId":"ljy0422"},"content":"            updateStorage();","lastModifiedDate":"2024-02-03"},{"lineNumber":58,"author":{"gitId":"ljy0422"},"content":"        } catch (NumberFormatException e) {","lastModifiedDate":"2024-02-01"},{"lineNumber":59,"author":{"gitId":"ljy0422"},"content":"            System.out.println(\"OOPS!!! Please enter a valid task number!\");","lastModifiedDate":"2024-02-01"},{"lineNumber":60,"author":{"gitId":"ljy0422"},"content":"        } catch (JiayouException e) {","lastModifiedDate":"2024-02-02"},{"lineNumber":61,"author":{"gitId":"ljy0422"},"content":"            System.out.println(e.getMessage());","lastModifiedDate":"2024-02-01"},{"lineNumber":62,"author":{"gitId":"ljy0422"},"content":"        }","lastModifiedDate":"2024-02-01"},{"lineNumber":63,"author":{"gitId":"ljy0422"},"content":"    }","lastModifiedDate":"2024-02-01"},{"lineNumber":64,"author":{"gitId":"ljy0422"},"content":"","lastModifiedDate":"2024-02-01"},{"lineNumber":65,"author":{"gitId":"ljy0422"},"content":"    /**","lastModifiedDate":"2024-02-02"},{"lineNumber":66,"author":{"gitId":"ljy0422"},"content":"     * Marks the certain task in the list as done.","lastModifiedDate":"2024-02-02"},{"lineNumber":67,"author":{"gitId":"ljy0422"},"content":"     *","lastModifiedDate":"2024-02-02"},{"lineNumber":68,"author":{"gitId":"ljy0422"},"content":"     * @param input the task id of the task to get marked done.","lastModifiedDate":"2024-02-02"},{"lineNumber":69,"author":{"gitId":"ljy0422"},"content":"     */","lastModifiedDate":"2024-02-02"},{"lineNumber":70,"author":{"gitId":"ljy0422"},"content":"    public void markTask(String input) {","lastModifiedDate":"2024-02-01"},{"lineNumber":71,"author":{"gitId":"ljy0422"},"content":"        int taskId \u003d Integer.parseInt(input);","lastModifiedDate":"2024-02-01"},{"lineNumber":72,"author":{"gitId":"ljy0422"},"content":"        Task task \u003d this.tasks.get(taskId - 1);","lastModifiedDate":"2024-02-01"},{"lineNumber":73,"author":{"gitId":"ljy0422"},"content":"        task.setStatus(true);","lastModifiedDate":"2024-02-01"},{"lineNumber":74,"author":{"gitId":"ljy0422"},"content":"        System.out.println(\"\u003ew\u003cNice! I\u0027ve marked this task as done:\");","lastModifiedDate":"2024-02-02"},{"lineNumber":75,"author":{"gitId":"ljy0422"},"content":"        System.out.println(\"  \" + task);","lastModifiedDate":"2024-02-01"},{"lineNumber":76,"author":{"gitId":"ljy0422"},"content":"        updateStorage();","lastModifiedDate":"2024-02-03"},{"lineNumber":77,"author":{"gitId":"ljy0422"},"content":"    }","lastModifiedDate":"2024-02-01"},{"lineNumber":78,"author":{"gitId":"ljy0422"},"content":"","lastModifiedDate":"2024-02-01"},{"lineNumber":79,"author":{"gitId":"ljy0422"},"content":"    /**","lastModifiedDate":"2024-02-02"},{"lineNumber":80,"author":{"gitId":"ljy0422"},"content":"     * Unmarks the certain task in the list as not done.","lastModifiedDate":"2024-02-02"},{"lineNumber":81,"author":{"gitId":"ljy0422"},"content":"     *","lastModifiedDate":"2024-02-02"},{"lineNumber":82,"author":{"gitId":"ljy0422"},"content":"     * @param input the task id of the task to get masked not done.","lastModifiedDate":"2024-02-02"},{"lineNumber":83,"author":{"gitId":"ljy0422"},"content":"     */","lastModifiedDate":"2024-02-02"},{"lineNumber":84,"author":{"gitId":"ljy0422"},"content":"    public void unmarkTask(String input) {","lastModifiedDate":"2024-02-01"},{"lineNumber":85,"author":{"gitId":"ljy0422"},"content":"        int taskId \u003d Integer.parseInt(input);","lastModifiedDate":"2024-02-01"},{"lineNumber":86,"author":{"gitId":"ljy0422"},"content":"        Task task \u003d tasks.get(taskId - 1);","lastModifiedDate":"2024-02-01"},{"lineNumber":87,"author":{"gitId":"ljy0422"},"content":"        task.setStatus(false);","lastModifiedDate":"2024-02-01"},{"lineNumber":88,"author":{"gitId":"ljy0422"},"content":"        System.out.println(\"OK, I\u0027ve marked this task as not done yet:\");","lastModifiedDate":"2024-02-01"},{"lineNumber":89,"author":{"gitId":"ljy0422"},"content":"        System.out.println(\"  \" + task);","lastModifiedDate":"2024-02-01"},{"lineNumber":90,"author":{"gitId":"ljy0422"},"content":"        updateStorage();","lastModifiedDate":"2024-02-03"},{"lineNumber":91,"author":{"gitId":"ljy0422"},"content":"    }","lastModifiedDate":"2024-02-01"},{"lineNumber":92,"author":{"gitId":"ljy0422"},"content":"","lastModifiedDate":"2024-02-01"},{"lineNumber":93,"author":{"gitId":"ljy0422"},"content":"    /**","lastModifiedDate":"2024-02-02"},{"lineNumber":94,"author":{"gitId":"ljy0422"},"content":"     * Searches for the tasks on a certain date and print them out.","lastModifiedDate":"2024-02-02"},{"lineNumber":95,"author":{"gitId":"ljy0422"},"content":"     *","lastModifiedDate":"2024-02-02"},{"lineNumber":96,"author":{"gitId":"ljy0422"},"content":"     * @param date the date to search.","lastModifiedDate":"2024-02-02"},{"lineNumber":97,"author":{"gitId":"ljy0422"},"content":"     */","lastModifiedDate":"2024-02-02"},{"lineNumber":98,"author":{"gitId":"ljy0422"},"content":"    public void searchByDate(LocalDate date) {","lastModifiedDate":"2024-02-01"},{"lineNumber":99,"author":{"gitId":"ljy0422"},"content":"        System.out.println(\"Here are the tasks on \" + date + \" in your list:\");","lastModifiedDate":"2024-02-01"},{"lineNumber":100,"author":{"gitId":"ljy0422"},"content":"        for (int i \u003d 0; i \u003c this.tasks.size(); i++) {","lastModifiedDate":"2024-02-01"},{"lineNumber":101,"author":{"gitId":"ljy0422"},"content":"            Task task \u003d this.tasks.get(i);","lastModifiedDate":"2024-02-01"},{"lineNumber":102,"author":{"gitId":"ljy0422"},"content":"            if (task instanceof Event) {","lastModifiedDate":"2024-02-01"},{"lineNumber":103,"author":{"gitId":"ljy0422"},"content":"                if (date.equals(((Event) task).getFrom()) | date.equals((((Event) task).getTo())) | (date.isAfter((((Event) task).getFrom())) \u0026 date.isBefore(((Event) task).getTo()))) {","lastModifiedDate":"2024-02-01"},{"lineNumber":104,"author":{"gitId":"ljy0422"},"content":"                    System.out.println((i + 1) + \".\" + task.toString());","lastModifiedDate":"2024-02-01"},{"lineNumber":105,"author":{"gitId":"ljy0422"},"content":"                }","lastModifiedDate":"2024-02-01"},{"lineNumber":106,"author":{"gitId":"ljy0422"},"content":"            } else if (task instanceof Deadline) {","lastModifiedDate":"2024-02-01"},{"lineNumber":107,"author":{"gitId":"ljy0422"},"content":"                if (date.equals(((Deadline) task).getByTime())) {","lastModifiedDate":"2024-02-01"},{"lineNumber":108,"author":{"gitId":"ljy0422"},"content":"                    System.out.println((i + 1) + \".\" + task.toString());","lastModifiedDate":"2024-02-01"},{"lineNumber":109,"author":{"gitId":"ljy0422"},"content":"                }","lastModifiedDate":"2024-02-01"},{"lineNumber":110,"author":{"gitId":"ljy0422"},"content":"            }","lastModifiedDate":"2024-02-01"},{"lineNumber":111,"author":{"gitId":"ljy0422"},"content":"        }","lastModifiedDate":"2024-02-01"},{"lineNumber":112,"author":{"gitId":"ljy0422"},"content":"    }","lastModifiedDate":"2024-02-01"},{"lineNumber":113,"author":{"gitId":"ljy0422"},"content":"","lastModifiedDate":"2024-02-01"},{"lineNumber":114,"author":{"gitId":"ljy0422"},"content":"    /**","lastModifiedDate":"2024-02-02"},{"lineNumber":115,"author":{"gitId":"ljy0422"},"content":"     * Searches for the tasks with a certain keyword and print them out.","lastModifiedDate":"2024-02-02"},{"lineNumber":116,"author":{"gitId":"ljy0422"},"content":"     *","lastModifiedDate":"2024-02-02"},{"lineNumber":117,"author":{"gitId":"ljy0422"},"content":"     * @param keyword the keyword to search.","lastModifiedDate":"2024-02-02"},{"lineNumber":118,"author":{"gitId":"ljy0422"},"content":"     */","lastModifiedDate":"2024-02-02"},{"lineNumber":119,"author":{"gitId":"ljy0422"},"content":"    public void searchByKeyword(String keyword) {","lastModifiedDate":"2024-02-01"},{"lineNumber":120,"author":{"gitId":"ljy0422"},"content":"        System.out.println(\"Here are the tasks with the keyword \" + keyword + \" in your list:\");","lastModifiedDate":"2024-02-01"},{"lineNumber":121,"author":{"gitId":"ljy0422"},"content":"        for (int i \u003d 0; i \u003c this.tasks.size(); i++) {","lastModifiedDate":"2024-02-01"},{"lineNumber":122,"author":{"gitId":"ljy0422"},"content":"            Task task \u003d this.tasks.get(i);","lastModifiedDate":"2024-02-01"},{"lineNumber":123,"author":{"gitId":"ljy0422"},"content":"            if (task.getDescription().contains(keyword)) {","lastModifiedDate":"2024-02-01"},{"lineNumber":124,"author":{"gitId":"ljy0422"},"content":"                System.out.println((i + 1) + \".\" + task.toString());","lastModifiedDate":"2024-02-01"},{"lineNumber":125,"author":{"gitId":"ljy0422"},"content":"            }","lastModifiedDate":"2024-02-01"},{"lineNumber":126,"author":{"gitId":"ljy0422"},"content":"        }","lastModifiedDate":"2024-02-01"},{"lineNumber":127,"author":{"gitId":"ljy0422"},"content":"    }","lastModifiedDate":"2024-02-01"},{"lineNumber":128,"author":{"gitId":"ljy0422"},"content":"","lastModifiedDate":"2024-02-01"},{"lineNumber":129,"author":{"gitId":"ljy0422"},"content":"    public int getSize() {","lastModifiedDate":"2024-02-01"},{"lineNumber":130,"author":{"gitId":"ljy0422"},"content":"        return this.tasks.size();","lastModifiedDate":"2024-02-01"},{"lineNumber":131,"author":{"gitId":"ljy0422"},"content":"    }","lastModifiedDate":"2024-02-01"},{"lineNumber":132,"author":{"gitId":"ljy0422"},"content":"","lastModifiedDate":"2024-02-01"},{"lineNumber":133,"author":{"gitId":"ljy0422"},"content":"    /**","lastModifiedDate":"2024-02-02"},{"lineNumber":134,"author":{"gitId":"ljy0422"},"content":"     * Prints all the tasks out.","lastModifiedDate":"2024-02-02"},{"lineNumber":135,"author":{"gitId":"ljy0422"},"content":"     */","lastModifiedDate":"2024-02-02"},{"lineNumber":136,"author":{"gitId":"ljy0422"},"content":"    public void printList() {","lastModifiedDate":"2024-02-01"},{"lineNumber":137,"author":{"gitId":"ljy0422"},"content":"        System.out.println(\"Here are the tasks in your list:\");","lastModifiedDate":"2024-02-01"},{"lineNumber":138,"author":{"gitId":"ljy0422"},"content":"        for (int i \u003d 0; i \u003c this.tasks.size(); i++) {","lastModifiedDate":"2024-02-01"},{"lineNumber":139,"author":{"gitId":"ljy0422"},"content":"            Task task \u003d this.tasks.get(i);","lastModifiedDate":"2024-02-01"},{"lineNumber":140,"author":{"gitId":"ljy0422"},"content":"            System.out.println((i + 1) + \".\" + task.toString());","lastModifiedDate":"2024-02-01"},{"lineNumber":141,"author":{"gitId":"ljy0422"},"content":"        }","lastModifiedDate":"2024-02-01"},{"lineNumber":142,"author":{"gitId":"ljy0422"},"content":"    }","lastModifiedDate":"2024-02-01"},{"lineNumber":143,"author":{"gitId":"ljy0422"},"content":"","lastModifiedDate":"2024-02-01"},{"lineNumber":144,"author":{"gitId":"ljy0422"},"content":"    public ArrayList\u003cTask\u003e getList() {","lastModifiedDate":"2024-02-01"},{"lineNumber":145,"author":{"gitId":"ljy0422"},"content":"        return this.tasks;","lastModifiedDate":"2024-02-01"},{"lineNumber":146,"author":{"gitId":"ljy0422"},"content":"    }","lastModifiedDate":"2024-02-01"},{"lineNumber":147,"author":{"gitId":"ljy0422"},"content":"}","lastModifiedDate":"2024-02-01"}],"authorContributionMap":{"ljy0422":147}},{"path":"src/main/java/jiayou/task/ToDo.java","fileType":"java","lines":[{"lineNumber":1,"author":{"gitId":"ljy0422"},"content":"package jiayou.task;","lastModifiedDate":"2024-02-01"},{"lineNumber":2,"author":{"gitId":"ljy0422"},"content":"","lastModifiedDate":"2024-02-01"},{"lineNumber":3,"author":{"gitId":"ljy0422"},"content":"/** Represents todo, a subtype of the task.","lastModifiedDate":"2024-02-02"},{"lineNumber":4,"author":{"gitId":"ljy0422"},"content":" * @author Liu Jiayao","lastModifiedDate":"2024-02-02"},{"lineNumber":5,"author":{"gitId":"ljy0422"},"content":" */","lastModifiedDate":"2024-02-02"},{"lineNumber":6,"author":{"gitId":"ljy0422"},"content":"public class ToDo extends Task {","lastModifiedDate":"2024-02-01"},{"lineNumber":7,"author":{"gitId":"ljy0422"},"content":"    public ToDo(String description) {","lastModifiedDate":"2024-01-25"},{"lineNumber":8,"author":{"gitId":"ljy0422"},"content":"        super(description);","lastModifiedDate":"2024-01-25"},{"lineNumber":9,"author":{"gitId":"ljy0422"},"content":"    }","lastModifiedDate":"2024-01-25"},{"lineNumber":10,"author":{"gitId":"ljy0422"},"content":"","lastModifiedDate":"2024-01-25"},{"lineNumber":11,"author":{"gitId":"ljy0422"},"content":"    @Override","lastModifiedDate":"2024-01-31"},{"lineNumber":12,"author":{"gitId":"ljy0422"},"content":"    public String toStringForStore() {","lastModifiedDate":"2024-01-31"},{"lineNumber":13,"author":{"gitId":"ljy0422"},"content":"        return \"T\" + super.toStringForStore();","lastModifiedDate":"2024-01-31"},{"lineNumber":14,"author":{"gitId":"ljy0422"},"content":"    }","lastModifiedDate":"2024-01-31"},{"lineNumber":15,"author":{"gitId":"ljy0422"},"content":"","lastModifiedDate":"2024-01-31"},{"lineNumber":16,"author":{"gitId":"ljy0422"},"content":"    @Override","lastModifiedDate":"2024-01-25"},{"lineNumber":17,"author":{"gitId":"ljy0422"},"content":"    public String toString() {","lastModifiedDate":"2024-01-25"},{"lineNumber":18,"author":{"gitId":"ljy0422"},"content":"        return \"[T]\" + super.toString();","lastModifiedDate":"2024-01-25"},{"lineNumber":19,"author":{"gitId":"ljy0422"},"content":"    }","lastModifiedDate":"2024-01-25"},{"lineNumber":20,"author":{"gitId":"ljy0422"},"content":"}","lastModifiedDate":"2024-01-25"}],"authorContributionMap":{"ljy0422":20}},{"path":"src/test/java/jiayou/task/DeadlineTest.java","fileType":"java","lines":[{"lineNumber":1,"author":{"gitId":"ljy0422"},"content":"package jiayou.task;","lastModifiedDate":"2024-02-02"},{"lineNumber":2,"author":{"gitId":"ljy0422"},"content":"","lastModifiedDate":"2024-02-02"},{"lineNumber":3,"author":{"gitId":"ljy0422"},"content":"import org.junit.jupiter.api.Test;","lastModifiedDate":"2024-02-02"},{"lineNumber":4,"author":{"gitId":"ljy0422"},"content":"","lastModifiedDate":"2024-02-02"},{"lineNumber":5,"author":{"gitId":"ljy0422"},"content":"import static org.junit.jupiter.api.Assertions.assertEquals;","lastModifiedDate":"2024-02-02"},{"lineNumber":6,"author":{"gitId":"ljy0422"},"content":"","lastModifiedDate":"2024-02-02"},{"lineNumber":7,"author":{"gitId":"ljy0422"},"content":"public class DeadlineTest {","lastModifiedDate":"2024-02-02"},{"lineNumber":8,"author":{"gitId":"ljy0422"},"content":"","lastModifiedDate":"2024-02-02"},{"lineNumber":9,"author":{"gitId":"ljy0422"},"content":"    @Test","lastModifiedDate":"2024-02-02"},{"lineNumber":10,"author":{"gitId":"ljy0422"},"content":"    public void testToStringForStore() {","lastModifiedDate":"2024-02-02"},{"lineNumber":11,"author":{"gitId":"ljy0422"},"content":"        Deadline deadline \u003d new Deadline(\"Watch movies\", \"2020-01-01\");","lastModifiedDate":"2024-02-02"},{"lineNumber":12,"author":{"gitId":"ljy0422"},"content":"        String expected \u003d \"D | 0 | Watch movies | by2020-01-01\";","lastModifiedDate":"2024-02-02"},{"lineNumber":13,"author":{"gitId":"ljy0422"},"content":"        assertEquals(expected, deadline.toStringForStore());","lastModifiedDate":"2024-02-02"},{"lineNumber":14,"author":{"gitId":"ljy0422"},"content":"    }","lastModifiedDate":"2024-02-02"},{"lineNumber":15,"author":{"gitId":"ljy0422"},"content":"","lastModifiedDate":"2024-02-02"},{"lineNumber":16,"author":{"gitId":"ljy0422"},"content":"    @Test","lastModifiedDate":"2024-02-02"},{"lineNumber":17,"author":{"gitId":"ljy0422"},"content":"    public void testToString() {","lastModifiedDate":"2024-02-02"},{"lineNumber":18,"author":{"gitId":"ljy0422"},"content":"        Deadline deadline \u003d new Deadline(\"Watch movies\", \"2020-01-01\");","lastModifiedDate":"2024-02-02"},{"lineNumber":19,"author":{"gitId":"ljy0422"},"content":"        String expected \u003d \"[D][ ] Watch movies (by: Jan 1 2020)\";","lastModifiedDate":"2024-02-02"},{"lineNumber":20,"author":{"gitId":"ljy0422"},"content":"        assertEquals(expected, deadline.toString());","lastModifiedDate":"2024-02-02"},{"lineNumber":21,"author":{"gitId":"ljy0422"},"content":"    }","lastModifiedDate":"2024-02-02"},{"lineNumber":22,"author":{"gitId":"ljy0422"},"content":"","lastModifiedDate":"2024-02-02"},{"lineNumber":23,"author":{"gitId":"ljy0422"},"content":"    @Test","lastModifiedDate":"2024-02-02"},{"lineNumber":24,"author":{"gitId":"ljy0422"},"content":"    public void testToDoDescription() {","lastModifiedDate":"2024-02-02"},{"lineNumber":25,"author":{"gitId":"ljy0422"},"content":"        String description \u003d \"Watch movies\";","lastModifiedDate":"2024-02-02"},{"lineNumber":26,"author":{"gitId":"ljy0422"},"content":"        Deadline deadline \u003d new Deadline(\"Watch movies\", \"2020-01-01\");","lastModifiedDate":"2024-02-02"},{"lineNumber":27,"author":{"gitId":"ljy0422"},"content":"        assertEquals(description, deadline.getDescription());","lastModifiedDate":"2024-02-02"},{"lineNumber":28,"author":{"gitId":"ljy0422"},"content":"    }","lastModifiedDate":"2024-02-02"},{"lineNumber":29,"author":{"gitId":"ljy0422"},"content":"}","lastModifiedDate":"2024-02-02"}],"authorContributionMap":{"ljy0422":29}},{"path":"src/test/java/jiayou/task/EventTest.java","fileType":"java","lines":[{"lineNumber":1,"author":{"gitId":"ljy0422"},"content":"package jiayou.task;","lastModifiedDate":"2024-02-02"},{"lineNumber":2,"author":{"gitId":"ljy0422"},"content":"","lastModifiedDate":"2024-02-02"},{"lineNumber":3,"author":{"gitId":"ljy0422"},"content":"import org.junit.jupiter.api.Test;","lastModifiedDate":"2024-02-02"},{"lineNumber":4,"author":{"gitId":"ljy0422"},"content":"","lastModifiedDate":"2024-02-02"},{"lineNumber":5,"author":{"gitId":"ljy0422"},"content":"import static org.junit.jupiter.api.Assertions.assertEquals;","lastModifiedDate":"2024-02-02"},{"lineNumber":6,"author":{"gitId":"ljy0422"},"content":"","lastModifiedDate":"2024-02-02"},{"lineNumber":7,"author":{"gitId":"ljy0422"},"content":"public class EventTest {","lastModifiedDate":"2024-02-02"},{"lineNumber":8,"author":{"gitId":"ljy0422"},"content":"    @Test","lastModifiedDate":"2024-02-02"},{"lineNumber":9,"author":{"gitId":"ljy0422"},"content":"    public void testToString() {","lastModifiedDate":"2024-02-02"},{"lineNumber":10,"author":{"gitId":"ljy0422"},"content":"        Event event \u003d new Event(\"Complete homework\", \"2010-01-01\", \"2020-01-01\");","lastModifiedDate":"2024-02-02"},{"lineNumber":11,"author":{"gitId":"ljy0422"},"content":"        String expected \u003d \"[E][ ] Complete homework (from: Jan 1 2010 to: Jan 1 2020)\";","lastModifiedDate":"2024-02-02"},{"lineNumber":12,"author":{"gitId":"ljy0422"},"content":"        assertEquals(expected, event.toString());","lastModifiedDate":"2024-02-02"},{"lineNumber":13,"author":{"gitId":"ljy0422"},"content":"    }","lastModifiedDate":"2024-02-02"},{"lineNumber":14,"author":{"gitId":"ljy0422"},"content":"","lastModifiedDate":"2024-02-02"},{"lineNumber":15,"author":{"gitId":"ljy0422"},"content":"    @Test","lastModifiedDate":"2024-02-02"},{"lineNumber":16,"author":{"gitId":"ljy0422"},"content":"    public void testToStringForStore() {","lastModifiedDate":"2024-02-02"},{"lineNumber":17,"author":{"gitId":"ljy0422"},"content":"        Event event \u003d new Event(\"Complete homework\", \"2010-01-01\", \"2020-01-01\");","lastModifiedDate":"2024-02-02"},{"lineNumber":18,"author":{"gitId":"ljy0422"},"content":"        String expected \u003d \"E | 0 | Complete homework | from 2010-01-01 to 2020-01-01\";","lastModifiedDate":"2024-02-02"},{"lineNumber":19,"author":{"gitId":"ljy0422"},"content":"        assertEquals(expected, event.toStringForStore());","lastModifiedDate":"2024-02-02"},{"lineNumber":20,"author":{"gitId":"ljy0422"},"content":"    }","lastModifiedDate":"2024-02-02"},{"lineNumber":21,"author":{"gitId":"ljy0422"},"content":"","lastModifiedDate":"2024-02-02"},{"lineNumber":22,"author":{"gitId":"ljy0422"},"content":"    @Test","lastModifiedDate":"2024-02-02"},{"lineNumber":23,"author":{"gitId":"ljy0422"},"content":"    public void testToDoDescription() {","lastModifiedDate":"2024-02-02"},{"lineNumber":24,"author":{"gitId":"ljy0422"},"content":"        String description \u003d \"Complete homework\";","lastModifiedDate":"2024-02-02"},{"lineNumber":25,"author":{"gitId":"ljy0422"},"content":"        Event event \u003d new Event(\"Complete homework\", \"2010-01-01\", \"2020-01-01\");","lastModifiedDate":"2024-02-02"},{"lineNumber":26,"author":{"gitId":"ljy0422"},"content":"        assertEquals(description, event.getDescription());","lastModifiedDate":"2024-02-02"},{"lineNumber":27,"author":{"gitId":"ljy0422"},"content":"    }","lastModifiedDate":"2024-02-02"},{"lineNumber":28,"author":{"gitId":"ljy0422"},"content":"}","lastModifiedDate":"2024-02-02"}],"authorContributionMap":{"ljy0422":28}},{"path":"src/test/java/jiayou/task/ToDoTest.java","fileType":"java","lines":[{"lineNumber":1,"author":{"gitId":"ljy0422"},"content":"package jiayou.task;","lastModifiedDate":"2024-02-02"},{"lineNumber":2,"author":{"gitId":"ljy0422"},"content":"","lastModifiedDate":"2024-02-02"},{"lineNumber":3,"author":{"gitId":"ljy0422"},"content":"import org.junit.jupiter.api.Test;","lastModifiedDate":"2024-02-02"},{"lineNumber":4,"author":{"gitId":"ljy0422"},"content":"","lastModifiedDate":"2024-02-02"},{"lineNumber":5,"author":{"gitId":"ljy0422"},"content":"import static org.junit.jupiter.api.Assertions.assertEquals;","lastModifiedDate":"2024-02-02"},{"lineNumber":6,"author":{"gitId":"ljy0422"},"content":"","lastModifiedDate":"2024-02-02"},{"lineNumber":7,"author":{"gitId":"ljy0422"},"content":"public class ToDoTest {","lastModifiedDate":"2024-02-02"},{"lineNumber":8,"author":{"gitId":"ljy0422"},"content":"    @Test","lastModifiedDate":"2024-02-02"},{"lineNumber":9,"author":{"gitId":"ljy0422"},"content":"    public void testToString() {","lastModifiedDate":"2024-02-02"},{"lineNumber":10,"author":{"gitId":"ljy0422"},"content":"        ToDo todo \u003d new ToDo(\"Complete homework\");","lastModifiedDate":"2024-02-02"},{"lineNumber":11,"author":{"gitId":"ljy0422"},"content":"        String expected \u003d \"[T][ ] Complete homework\";","lastModifiedDate":"2024-02-02"},{"lineNumber":12,"author":{"gitId":"ljy0422"},"content":"        assertEquals(expected, todo.toString());","lastModifiedDate":"2024-02-02"},{"lineNumber":13,"author":{"gitId":"ljy0422"},"content":"    }","lastModifiedDate":"2024-02-02"},{"lineNumber":14,"author":{"gitId":"ljy0422"},"content":"","lastModifiedDate":"2024-02-02"},{"lineNumber":15,"author":{"gitId":"ljy0422"},"content":"    @Test","lastModifiedDate":"2024-02-02"},{"lineNumber":16,"author":{"gitId":"ljy0422"},"content":"    public void testToStringForStore() {","lastModifiedDate":"2024-02-02"},{"lineNumber":17,"author":{"gitId":"ljy0422"},"content":"        ToDo todo \u003d new ToDo(\"Read a book\");","lastModifiedDate":"2024-02-02"},{"lineNumber":18,"author":{"gitId":"ljy0422"},"content":"        String expected \u003d \"T | 0 | Read a book\";","lastModifiedDate":"2024-02-02"},{"lineNumber":19,"author":{"gitId":"ljy0422"},"content":"        assertEquals(expected, todo.toStringForStore());","lastModifiedDate":"2024-02-02"},{"lineNumber":20,"author":{"gitId":"ljy0422"},"content":"    }","lastModifiedDate":"2024-02-02"},{"lineNumber":21,"author":{"gitId":"ljy0422"},"content":"","lastModifiedDate":"2024-02-02"},{"lineNumber":22,"author":{"gitId":"ljy0422"},"content":"    @Test","lastModifiedDate":"2024-02-02"},{"lineNumber":23,"author":{"gitId":"ljy0422"},"content":"    public void testToDoDescription() {","lastModifiedDate":"2024-02-02"},{"lineNumber":24,"author":{"gitId":"ljy0422"},"content":"        String description \u003d \"Go for a run\";","lastModifiedDate":"2024-02-02"},{"lineNumber":25,"author":{"gitId":"ljy0422"},"content":"        ToDo todo \u003d new ToDo(description);","lastModifiedDate":"2024-02-02"},{"lineNumber":26,"author":{"gitId":"ljy0422"},"content":"        assertEquals(description, todo.getDescription());","lastModifiedDate":"2024-02-02"},{"lineNumber":27,"author":{"gitId":"ljy0422"},"content":"    }","lastModifiedDate":"2024-02-02"},{"lineNumber":28,"author":{"gitId":"ljy0422"},"content":"}","lastModifiedDate":"2024-02-02"}],"authorContributionMap":{"ljy0422":28}},{"path":"text-ui-test/input.txt","fileType":"txt","lines":[{"lineNumber":1,"author":{"gitId":"ljy0422"},"content":"todo borrow book","lastModifiedDate":"2024-01-25"},{"lineNumber":2,"author":{"gitId":"ljy0422"},"content":"bye","lastModifiedDate":"2024-01-25"}],"authorContributionMap":{"ljy0422":2}},{"path":"text-ui-test/runtest.sh","fileType":"sh","lines":[{"lineNumber":1,"author":{"gitId":"-"},"content":"#!/usr/bin/env bash","lastModifiedDate":"2020-05-25"},{"lineNumber":2,"author":{"gitId":"-"},"content":"","lastModifiedDate":"2020-05-25"},{"lineNumber":3,"author":{"gitId":"-"},"content":"# create bin directory if it doesn\u0027t exist","lastModifiedDate":"2020-05-25"},{"lineNumber":4,"author":{"gitId":"-"},"content":"if [ ! -d \"../bin\" ]","lastModifiedDate":"2020-05-25"},{"lineNumber":5,"author":{"gitId":"-"},"content":"then","lastModifiedDate":"2020-05-25"},{"lineNumber":6,"author":{"gitId":"-"},"content":"    mkdir ../bin","lastModifiedDate":"2020-05-25"},{"lineNumber":7,"author":{"gitId":"-"},"content":"fi","lastModifiedDate":"2020-05-25"},{"lineNumber":8,"author":{"gitId":"-"},"content":"","lastModifiedDate":"2020-05-25"},{"lineNumber":9,"author":{"gitId":"-"},"content":"# delete output from previous run","lastModifiedDate":"2020-05-25"},{"lineNumber":10,"author":{"gitId":"-"},"content":"if [ -e \"./ACTUAL.TXT\" ]","lastModifiedDate":"2020-05-25"},{"lineNumber":11,"author":{"gitId":"-"},"content":"then","lastModifiedDate":"2020-05-25"},{"lineNumber":12,"author":{"gitId":"-"},"content":"    rm ACTUAL.TXT","lastModifiedDate":"2020-05-25"},{"lineNumber":13,"author":{"gitId":"-"},"content":"fi","lastModifiedDate":"2020-05-25"},{"lineNumber":14,"author":{"gitId":"-"},"content":"","lastModifiedDate":"2020-05-25"},{"lineNumber":15,"author":{"gitId":"-"},"content":"# compile the code into the bin folder, terminates if error occurred","lastModifiedDate":"2020-05-25"},{"lineNumber":16,"author":{"gitId":"-"},"content":"if ! javac -cp ../src/main/java -Xlint:none -d ../bin ../src/main/java/*.java","lastModifiedDate":"2020-08-25"},{"lineNumber":17,"author":{"gitId":"-"},"content":"then","lastModifiedDate":"2020-05-25"},{"lineNumber":18,"author":{"gitId":"-"},"content":"    echo \"********** BUILD FAILURE **********\"","lastModifiedDate":"2020-05-25"},{"lineNumber":19,"author":{"gitId":"-"},"content":"    exit 1","lastModifiedDate":"2020-05-25"},{"lineNumber":20,"author":{"gitId":"-"},"content":"fi","lastModifiedDate":"2020-05-25"},{"lineNumber":21,"author":{"gitId":"-"},"content":"","lastModifiedDate":"2020-05-25"},{"lineNumber":22,"author":{"gitId":"-"},"content":"# run the program, feed commands from input.txt file and redirect the output to the ACTUAL.TXT","lastModifiedDate":"2020-05-25"},{"lineNumber":23,"author":{"gitId":"ljy0422"},"content":"java -classpath ../bin Jiayou \u003c input.txt \u003e ACTUAL.TXT","lastModifiedDate":"2024-01-25"},{"lineNumber":24,"author":{"gitId":"-"},"content":"","lastModifiedDate":"2020-05-25"},{"lineNumber":25,"author":{"gitId":"-"},"content":"# convert to UNIX format","lastModifiedDate":"2020-05-25"},{"lineNumber":26,"author":{"gitId":"-"},"content":"cp EXPECTED.TXT EXPECTED-UNIX.TXT","lastModifiedDate":"2020-05-25"},{"lineNumber":27,"author":{"gitId":"-"},"content":"dos2unix ACTUAL.TXT EXPECTED-UNIX.TXT","lastModifiedDate":"2020-05-25"},{"lineNumber":28,"author":{"gitId":"-"},"content":"","lastModifiedDate":"2020-05-25"},{"lineNumber":29,"author":{"gitId":"-"},"content":"# compare the output to the expected output","lastModifiedDate":"2020-05-25"},{"lineNumber":30,"author":{"gitId":"-"},"content":"diff ACTUAL.TXT EXPECTED-UNIX.TXT","lastModifiedDate":"2020-05-25"},{"lineNumber":31,"author":{"gitId":"-"},"content":"if [ $? -eq 0 ]","lastModifiedDate":"2020-05-25"},{"lineNumber":32,"author":{"gitId":"-"},"content":"then","lastModifiedDate":"2020-05-25"},{"lineNumber":33,"author":{"gitId":"-"},"content":"    echo \"Test result: PASSED\"","lastModifiedDate":"2020-05-25"},{"lineNumber":34,"author":{"gitId":"-"},"content":"    exit 0","lastModifiedDate":"2020-05-25"},{"lineNumber":35,"author":{"gitId":"-"},"content":"else","lastModifiedDate":"2020-05-25"},{"lineNumber":36,"author":{"gitId":"-"},"content":"    echo \"Test result: FAILED\"","lastModifiedDate":"2020-05-25"},{"lineNumber":37,"author":{"gitId":"-"},"content":"    exit 1","lastModifiedDate":"2020-05-25"},{"lineNumber":38,"author":{"gitId":"-"},"content":"fi","lastModifiedDate":"2020-05-25"}],"authorContributionMap":{"-":37,"ljy0422":1}}]
