[{"path":"src/main/java/Damon.java","fileType":"java","lines":[{"lineNumber":1,"author":{"gitId":"Morninggloryyy"},"content":"import java.util.Scanner;","lastModifiedDate":"2024-02-07"},{"lineNumber":2,"author":{"gitId":"Morninggloryyy"},"content":"import java.util.ArrayList;","lastModifiedDate":"2024-02-14"},{"lineNumber":3,"author":{"gitId":"Morninggloryyy"},"content":"","lastModifiedDate":"2024-02-07"},{"lineNumber":4,"author":{"gitId":"Morninggloryyy"},"content":"public class Damon {","lastModifiedDate":"2024-02-07"},{"lineNumber":5,"author":{"gitId":"Morninggloryyy"},"content":"    private static ArrayList\u003cTask\u003e storage;","lastModifiedDate":"2024-02-14"},{"lineNumber":6,"author":{"gitId":"Morninggloryyy"},"content":"","lastModifiedDate":"2024-02-14"},{"lineNumber":7,"author":{"gitId":"Morninggloryyy"},"content":"    Damon() {","lastModifiedDate":"2024-02-14"},{"lineNumber":8,"author":{"gitId":"Morninggloryyy"},"content":"        storage \u003d new ArrayList\u003cTask\u003e();","lastModifiedDate":"2024-02-14"},{"lineNumber":9,"author":{"gitId":"Morninggloryyy"},"content":"    }","lastModifiedDate":"2024-02-14"},{"lineNumber":10,"author":{"gitId":"Morninggloryyy"},"content":"","lastModifiedDate":"2024-02-14"},{"lineNumber":11,"author":{"gitId":"Morninggloryyy"},"content":"    public static void main(String[] args) {","lastModifiedDate":"2024-02-07"},{"lineNumber":12,"author":{"gitId":"Morninggloryyy"},"content":"        Damon damon \u003d new Damon();","lastModifiedDate":"2024-02-14"},{"lineNumber":13,"author":{"gitId":"Morninggloryyy"},"content":"        String logo \u003d \" ____\\n\"","lastModifiedDate":"2024-02-07"},{"lineNumber":14,"author":{"gitId":"Morninggloryyy"},"content":"                + \"|  _  \\\\\\n\"","lastModifiedDate":"2024-02-07"},{"lineNumber":15,"author":{"gitId":"Morninggloryyy"},"content":"                + \"| | | |\\n\"","lastModifiedDate":"2024-02-07"},{"lineNumber":16,"author":{"gitId":"Morninggloryyy"},"content":"                + \"| |_| |\\n\"","lastModifiedDate":"2024-02-07"},{"lineNumber":17,"author":{"gitId":"Morninggloryyy"},"content":"                + \"|____/ \\n\";","lastModifiedDate":"2024-02-07"},{"lineNumber":18,"author":{"gitId":"Morninggloryyy"},"content":"        System.out.println(\"Hello from\\n\" + logo);","lastModifiedDate":"2024-02-07"},{"lineNumber":19,"author":{"gitId":"Morninggloryyy"},"content":"","lastModifiedDate":"2024-02-07"},{"lineNumber":20,"author":{"gitId":"Morninggloryyy"},"content":"        //Solution below adapted from https://stackoverflow.com/a/16252290","lastModifiedDate":"2024-02-07"},{"lineNumber":21,"author":{"gitId":"Morninggloryyy"},"content":"        Scanner scanner \u003d new Scanner(System.in);","lastModifiedDate":"2024-02-07"},{"lineNumber":22,"author":{"gitId":"Morninggloryyy"},"content":"","lastModifiedDate":"2024-02-07"},{"lineNumber":23,"author":{"gitId":"Morninggloryyy"},"content":"        while (scanner.hasNextLine()) {","lastModifiedDate":"2024-02-14"},{"lineNumber":24,"author":{"gitId":"Morninggloryyy"},"content":"            String inputString \u003d scanner.nextLine();","lastModifiedDate":"2024-02-14"},{"lineNumber":25,"author":{"gitId":"Morninggloryyy"},"content":"            if (inputString.equals(\"bye\")) {","lastModifiedDate":"2024-02-14"},{"lineNumber":26,"author":{"gitId":"Morninggloryyy"},"content":"                stop();","lastModifiedDate":"2024-02-14"},{"lineNumber":27,"author":{"gitId":"Morninggloryyy"},"content":"                break;","lastModifiedDate":"2024-02-14"},{"lineNumber":28,"author":{"gitId":"Morninggloryyy"},"content":"            } else if (inputString.equals(\"list\")) {","lastModifiedDate":"2024-02-14"},{"lineNumber":29,"author":{"gitId":"Morninggloryyy"},"content":"                showList();","lastModifiedDate":"2024-02-14"},{"lineNumber":30,"author":{"gitId":"Morninggloryyy"},"content":"            } else if (inputString.startsWith(\"mark\")) {","lastModifiedDate":"2024-02-14"},{"lineNumber":31,"author":{"gitId":"Morninggloryyy"},"content":"                int index \u003d Integer.parseInt(inputString.substring(5)) - 1;","lastModifiedDate":"2024-02-14"},{"lineNumber":32,"author":{"gitId":"Morninggloryyy"},"content":"                mark(index);","lastModifiedDate":"2024-02-14"},{"lineNumber":33,"author":{"gitId":"Morninggloryyy"},"content":"            } else if (inputString.startsWith(\"unmark\")) {","lastModifiedDate":"2024-02-14"},{"lineNumber":34,"author":{"gitId":"Morninggloryyy"},"content":"                int index \u003d Integer.parseInt(inputString.substring(7)) - 1;","lastModifiedDate":"2024-02-14"},{"lineNumber":35,"author":{"gitId":"Morninggloryyy"},"content":"                unmark(index);","lastModifiedDate":"2024-02-14"},{"lineNumber":36,"author":{"gitId":"Morninggloryyy"},"content":"            } else if (inputString.startsWith(\"delete\")){","lastModifiedDate":"2024-02-15"},{"lineNumber":37,"author":{"gitId":"Morninggloryyy"},"content":"                int index \u003d Integer.parseInt(inputString.substring(7)) - 1;","lastModifiedDate":"2024-02-15"},{"lineNumber":38,"author":{"gitId":"Morninggloryyy"},"content":"                delete(index);","lastModifiedDate":"2024-02-15"},{"lineNumber":39,"author":{"gitId":"Morninggloryyy"},"content":"            } else {","lastModifiedDate":"2024-02-15"},{"lineNumber":40,"author":{"gitId":"Morninggloryyy"},"content":"                storeInput(inputString);","lastModifiedDate":"2024-02-15"},{"lineNumber":41,"author":{"gitId":"Morninggloryyy"},"content":"            }","lastModifiedDate":"2024-02-14"},{"lineNumber":42,"author":{"gitId":"Morninggloryyy"},"content":"        }","lastModifiedDate":"2024-02-14"},{"lineNumber":43,"author":{"gitId":"Morninggloryyy"},"content":"    }","lastModifiedDate":"2024-02-14"},{"lineNumber":44,"author":{"gitId":"Morninggloryyy"},"content":"","lastModifiedDate":"2024-02-14"},{"lineNumber":45,"author":{"gitId":"Morninggloryyy"},"content":"    static void stop() {","lastModifiedDate":"2024-02-14"},{"lineNumber":46,"author":{"gitId":"Morninggloryyy"},"content":"        System.out.println(\"____________________________________________________________\\n\"","lastModifiedDate":"2024-02-15"},{"lineNumber":47,"author":{"gitId":"Morninggloryyy"},"content":"                + \"Bye. Hope to see you again soon!\\n\"","lastModifiedDate":"2024-02-07"},{"lineNumber":48,"author":{"gitId":"Morninggloryyy"},"content":"                + \"____________________________________________________________\\n\");","lastModifiedDate":"2024-02-15"},{"lineNumber":49,"author":{"gitId":"Morninggloryyy"},"content":"    }","lastModifiedDate":"2024-02-07"},{"lineNumber":50,"author":{"gitId":"Morninggloryyy"},"content":"","lastModifiedDate":"2024-02-14"},{"lineNumber":51,"author":{"gitId":"Morninggloryyy"},"content":"    static void showList () {","lastModifiedDate":"2024-02-14"},{"lineNumber":52,"author":{"gitId":"Morninggloryyy"},"content":"        int n \u003d storage.size();","lastModifiedDate":"2024-02-14"},{"lineNumber":53,"author":{"gitId":"Morninggloryyy"},"content":"        System.out.println(\"____________________________________________________________\\n\"","lastModifiedDate":"2024-02-15"},{"lineNumber":54,"author":{"gitId":"Morninggloryyy"},"content":"                + \"Here are the tasks in your list:\\n\");","lastModifiedDate":"2024-02-14"},{"lineNumber":55,"author":{"gitId":"Morninggloryyy"},"content":"        for (int i \u003d 0; i \u003c n; i++) {","lastModifiedDate":"2024-02-14"},{"lineNumber":56,"author":{"gitId":"Morninggloryyy"},"content":"            Task currentTask \u003d storage.get(i);","lastModifiedDate":"2024-02-14"},{"lineNumber":57,"author":{"gitId":"Morninggloryyy"},"content":"            System.out.println((i + 1) + \".\" + currentTask.toString() + \"\\n\");","lastModifiedDate":"2024-02-15"},{"lineNumber":58,"author":{"gitId":"Morninggloryyy"},"content":"        }","lastModifiedDate":"2024-02-07"},{"lineNumber":59,"author":{"gitId":"Morninggloryyy"},"content":"        System.out.println(\"____________________________________________________________\\n\");","lastModifiedDate":"2024-02-15"},{"lineNumber":60,"author":{"gitId":"Morninggloryyy"},"content":"    }","lastModifiedDate":"2024-02-07"},{"lineNumber":61,"author":{"gitId":"Morninggloryyy"},"content":"","lastModifiedDate":"2024-02-14"},{"lineNumber":62,"author":{"gitId":"Morninggloryyy"},"content":"    static void storeInput(String inputString) {","lastModifiedDate":"2024-02-14"},{"lineNumber":63,"author":{"gitId":"Morninggloryyy"},"content":"        Task newTask;","lastModifiedDate":"2024-02-15"},{"lineNumber":64,"author":{"gitId":"Morninggloryyy"},"content":"        if (inputString.startsWith(\"todo\")) {","lastModifiedDate":"2024-02-15"},{"lineNumber":65,"author":{"gitId":"Morninggloryyy"},"content":"            String description \u003d inputString.substring(5);","lastModifiedDate":"2024-02-15"},{"lineNumber":66,"author":{"gitId":"Morninggloryyy"},"content":"            ToDo newToDo \u003d new ToDo(description);","lastModifiedDate":"2024-02-15"},{"lineNumber":67,"author":{"gitId":"Morninggloryyy"},"content":"            storage.add(newToDo);","lastModifiedDate":"2024-02-15"},{"lineNumber":68,"author":{"gitId":"Morninggloryyy"},"content":"            newTask \u003d newToDo;","lastModifiedDate":"2024-02-15"},{"lineNumber":69,"author":{"gitId":"Morninggloryyy"},"content":"","lastModifiedDate":"2024-02-15"},{"lineNumber":70,"author":{"gitId":"Morninggloryyy"},"content":"        } else if (inputString.startsWith(\"deadline\")) {","lastModifiedDate":"2024-02-15"},{"lineNumber":71,"author":{"gitId":"Morninggloryyy"},"content":"            String[] splittedString \u003d inputString.substring(9).split(\" /by \");","lastModifiedDate":"2024-02-15"},{"lineNumber":72,"author":{"gitId":"Morninggloryyy"},"content":"            String description \u003d splittedString[0];","lastModifiedDate":"2024-02-15"},{"lineNumber":73,"author":{"gitId":"Morninggloryyy"},"content":"            String by \u003d splittedString[1];","lastModifiedDate":"2024-02-15"},{"lineNumber":74,"author":{"gitId":"Morninggloryyy"},"content":"            Deadline newDeadline \u003d new Deadline(description, by);","lastModifiedDate":"2024-02-15"},{"lineNumber":75,"author":{"gitId":"Morninggloryyy"},"content":"            storage.add(newDeadline);","lastModifiedDate":"2024-02-15"},{"lineNumber":76,"author":{"gitId":"Morninggloryyy"},"content":"            newTask \u003d newDeadline;","lastModifiedDate":"2024-02-15"},{"lineNumber":77,"author":{"gitId":"Morninggloryyy"},"content":"        } else {","lastModifiedDate":"2024-02-15"},{"lineNumber":78,"author":{"gitId":"Morninggloryyy"},"content":"            String[] firstSplittedString \u003d inputString.substring(6).split(\" /from \");","lastModifiedDate":"2024-02-15"},{"lineNumber":79,"author":{"gitId":"Morninggloryyy"},"content":"            String description \u003d firstSplittedString[0];","lastModifiedDate":"2024-02-15"},{"lineNumber":80,"author":{"gitId":"Morninggloryyy"},"content":"            String[] secondSplittedString \u003d firstSplittedString[1].split(\" /to \");","lastModifiedDate":"2024-02-15"},{"lineNumber":81,"author":{"gitId":"Morninggloryyy"},"content":"            String startTime \u003d secondSplittedString[0];","lastModifiedDate":"2024-02-15"},{"lineNumber":82,"author":{"gitId":"Morninggloryyy"},"content":"            String endTime \u003d secondSplittedString[1];","lastModifiedDate":"2024-02-15"},{"lineNumber":83,"author":{"gitId":"Morninggloryyy"},"content":"            Event newEvent \u003d new Event(description, startTime, endTime);","lastModifiedDate":"2024-02-15"},{"lineNumber":84,"author":{"gitId":"Morninggloryyy"},"content":"            storage.add(newEvent);","lastModifiedDate":"2024-02-15"},{"lineNumber":85,"author":{"gitId":"Morninggloryyy"},"content":"            newTask \u003d newEvent;","lastModifiedDate":"2024-02-15"},{"lineNumber":86,"author":{"gitId":"Morninggloryyy"},"content":"        }","lastModifiedDate":"2024-02-15"},{"lineNumber":87,"author":{"gitId":"Morninggloryyy"},"content":"        System.out.println(\"____________________________________________________________\\n\"","lastModifiedDate":"2024-02-15"},{"lineNumber":88,"author":{"gitId":"Morninggloryyy"},"content":"                + \"Got it. I\u0027ve added this task:\\n\"","lastModifiedDate":"2024-02-15"},{"lineNumber":89,"author":{"gitId":"Morninggloryyy"},"content":"                + newTask.toString() + \"\\n\"","lastModifiedDate":"2024-02-15"},{"lineNumber":90,"author":{"gitId":"Morninggloryyy"},"content":"                + \"Now you have \" + storage.size() + \" tasks in the list.\\n\"","lastModifiedDate":"2024-02-15"},{"lineNumber":91,"author":{"gitId":"Morninggloryyy"},"content":"                + \"____________________________________________________________\\n\");","lastModifiedDate":"2024-02-15"},{"lineNumber":92,"author":{"gitId":"Morninggloryyy"},"content":"    }","lastModifiedDate":"2024-02-14"},{"lineNumber":93,"author":{"gitId":"Morninggloryyy"},"content":"","lastModifiedDate":"2024-02-14"},{"lineNumber":94,"author":{"gitId":"Morninggloryyy"},"content":"    static void echo(String inputString) {","lastModifiedDate":"2024-02-14"},{"lineNumber":95,"author":{"gitId":"Morninggloryyy"},"content":"            System.out.println(\"____________________________________________________________\\n\"","lastModifiedDate":"2024-02-15"},{"lineNumber":96,"author":{"gitId":"Morninggloryyy"},"content":"                    + inputString + \"\\n\"","lastModifiedDate":"2024-02-14"},{"lineNumber":97,"author":{"gitId":"Morninggloryyy"},"content":"                    + \"____________________________________________________________\\n\");","lastModifiedDate":"2024-02-15"},{"lineNumber":98,"author":{"gitId":"Morninggloryyy"},"content":"    }","lastModifiedDate":"2024-02-14"},{"lineNumber":99,"author":{"gitId":"Morninggloryyy"},"content":"","lastModifiedDate":"2024-02-14"},{"lineNumber":100,"author":{"gitId":"Morninggloryyy"},"content":"    static void mark(int index) {","lastModifiedDate":"2024-02-14"},{"lineNumber":101,"author":{"gitId":"Morninggloryyy"},"content":"        storage.get(index).markAsDone();","lastModifiedDate":"2024-02-14"},{"lineNumber":102,"author":{"gitId":"Morninggloryyy"},"content":"        System.out.println(\"____________________________________________________________\\n\"","lastModifiedDate":"2024-02-15"},{"lineNumber":103,"author":{"gitId":"Morninggloryyy"},"content":"                + \"Nice! I\u0027ve marked this task as done:\\n\"","lastModifiedDate":"2024-02-14"},{"lineNumber":104,"author":{"gitId":"Morninggloryyy"},"content":"                + storage.get(index).toString() + \"\\n\"","lastModifiedDate":"2024-02-15"},{"lineNumber":105,"author":{"gitId":"Morninggloryyy"},"content":"                + \"____________________________________________________________\\n\");","lastModifiedDate":"2024-02-15"},{"lineNumber":106,"author":{"gitId":"Morninggloryyy"},"content":"    }","lastModifiedDate":"2024-02-14"},{"lineNumber":107,"author":{"gitId":"Morninggloryyy"},"content":"","lastModifiedDate":"2024-02-14"},{"lineNumber":108,"author":{"gitId":"Morninggloryyy"},"content":"    static void unmark(int index) {","lastModifiedDate":"2024-02-14"},{"lineNumber":109,"author":{"gitId":"Morninggloryyy"},"content":"        storage.get(index).markBackNotDone();","lastModifiedDate":"2024-02-14"},{"lineNumber":110,"author":{"gitId":"Morninggloryyy"},"content":"        System.out.println(\"____________________________________________________________\\n\"","lastModifiedDate":"2024-02-15"},{"lineNumber":111,"author":{"gitId":"Morninggloryyy"},"content":"                + \"OK, I\u0027ve marked this task as not done yet:\\n\"","lastModifiedDate":"2024-02-14"},{"lineNumber":112,"author":{"gitId":"Morninggloryyy"},"content":"                + storage.get(index).toString() + \"\\n\"","lastModifiedDate":"2024-02-15"},{"lineNumber":113,"author":{"gitId":"Morninggloryyy"},"content":"                + \"____________________________________________________________\\n\");","lastModifiedDate":"2024-02-15"},{"lineNumber":114,"author":{"gitId":"Morninggloryyy"},"content":"    }","lastModifiedDate":"2024-02-14"},{"lineNumber":115,"author":{"gitId":"Morninggloryyy"},"content":"","lastModifiedDate":"2024-02-15"},{"lineNumber":116,"author":{"gitId":"Morninggloryyy"},"content":"    static void delete(int index) {","lastModifiedDate":"2024-02-15"},{"lineNumber":117,"author":{"gitId":"Morninggloryyy"},"content":"        System.out.println(\"____________________________________________________________\\n\"","lastModifiedDate":"2024-02-15"},{"lineNumber":118,"author":{"gitId":"Morninggloryyy"},"content":"                + \"Noted. I\u0027ve removed this task:\\n\"","lastModifiedDate":"2024-02-15"},{"lineNumber":119,"author":{"gitId":"Morninggloryyy"},"content":"                + storage.get(index).toString()","lastModifiedDate":"2024-02-15"},{"lineNumber":120,"author":{"gitId":"Morninggloryyy"},"content":"                + \"Now you have \" + (storage.size() - 1) + \" tasks in the list.\\n\"","lastModifiedDate":"2024-02-15"},{"lineNumber":121,"author":{"gitId":"Morninggloryyy"},"content":"                + \"____________________________________________________________\\n\");","lastModifiedDate":"2024-02-15"},{"lineNumber":122,"author":{"gitId":"Morninggloryyy"},"content":"        storage.remove(index);","lastModifiedDate":"2024-02-15"},{"lineNumber":123,"author":{"gitId":"Morninggloryyy"},"content":"    }","lastModifiedDate":"2024-02-15"},{"lineNumber":124,"author":{"gitId":"Morninggloryyy"},"content":"}","lastModifiedDate":"2024-02-07"}],"authorContributionMap":{"Morninggloryyy":124}},{"path":"src/main/java/Deadline.java","fileType":"java","lines":[{"lineNumber":1,"author":{"gitId":"Morninggloryyy"},"content":"public class Deadline extends Task {","lastModifiedDate":"2024-02-15"},{"lineNumber":2,"author":{"gitId":"Morninggloryyy"},"content":"","lastModifiedDate":"2024-02-15"},{"lineNumber":3,"author":{"gitId":"Morninggloryyy"},"content":"    protected String by;","lastModifiedDate":"2024-02-15"},{"lineNumber":4,"author":{"gitId":"Morninggloryyy"},"content":"","lastModifiedDate":"2024-02-15"},{"lineNumber":5,"author":{"gitId":"Morninggloryyy"},"content":"    public Deadline(String description, String by) {","lastModifiedDate":"2024-02-15"},{"lineNumber":6,"author":{"gitId":"Morninggloryyy"},"content":"        super(description);","lastModifiedDate":"2024-02-15"},{"lineNumber":7,"author":{"gitId":"Morninggloryyy"},"content":"        this.by \u003d by;","lastModifiedDate":"2024-02-15"},{"lineNumber":8,"author":{"gitId":"Morninggloryyy"},"content":"    }","lastModifiedDate":"2024-02-15"},{"lineNumber":9,"author":{"gitId":"Morninggloryyy"},"content":"","lastModifiedDate":"2024-02-15"},{"lineNumber":10,"author":{"gitId":"Morninggloryyy"},"content":"    @Override","lastModifiedDate":"2024-02-15"},{"lineNumber":11,"author":{"gitId":"Morninggloryyy"},"content":"    public String toString() {","lastModifiedDate":"2024-02-15"},{"lineNumber":12,"author":{"gitId":"Morninggloryyy"},"content":"        return \"[D]\" + super.toString() + \" (by: \" + by + \")\";","lastModifiedDate":"2024-02-15"},{"lineNumber":13,"author":{"gitId":"Morninggloryyy"},"content":"    }","lastModifiedDate":"2024-02-15"},{"lineNumber":14,"author":{"gitId":"Morninggloryyy"},"content":"}","lastModifiedDate":"2024-02-15"}],"authorContributionMap":{"Morninggloryyy":14}},{"path":"src/main/java/DukeException.java","fileType":"java","lines":[{"lineNumber":1,"author":{"gitId":"Morninggloryyy"},"content":"public class DukeException extends Exception {","lastModifiedDate":"2024-02-15"},{"lineNumber":2,"author":{"gitId":"Morninggloryyy"},"content":"","lastModifiedDate":"2024-02-15"},{"lineNumber":3,"author":{"gitId":"Morninggloryyy"},"content":"}","lastModifiedDate":"2024-02-15"}],"authorContributionMap":{"Morninggloryyy":3}},{"path":"src/main/java/Event.java","fileType":"java","lines":[{"lineNumber":1,"author":{"gitId":"Morninggloryyy"},"content":"public class Event extends Task {","lastModifiedDate":"2024-02-15"},{"lineNumber":2,"author":{"gitId":"Morninggloryyy"},"content":"","lastModifiedDate":"2024-02-15"},{"lineNumber":3,"author":{"gitId":"Morninggloryyy"},"content":"    protected String startTime;","lastModifiedDate":"2024-02-15"},{"lineNumber":4,"author":{"gitId":"Morninggloryyy"},"content":"    protected String endTime;","lastModifiedDate":"2024-02-15"},{"lineNumber":5,"author":{"gitId":"Morninggloryyy"},"content":"","lastModifiedDate":"2024-02-15"},{"lineNumber":6,"author":{"gitId":"Morninggloryyy"},"content":"    public Event(String description, String startTime, String endTime) {","lastModifiedDate":"2024-02-15"},{"lineNumber":7,"author":{"gitId":"Morninggloryyy"},"content":"        super(description);","lastModifiedDate":"2024-02-15"},{"lineNumber":8,"author":{"gitId":"Morninggloryyy"},"content":"        this.startTime \u003d startTime;","lastModifiedDate":"2024-02-15"},{"lineNumber":9,"author":{"gitId":"Morninggloryyy"},"content":"        this.endTime \u003d endTime;","lastModifiedDate":"2024-02-15"},{"lineNumber":10,"author":{"gitId":"Morninggloryyy"},"content":"    }","lastModifiedDate":"2024-02-15"},{"lineNumber":11,"author":{"gitId":"Morninggloryyy"},"content":"","lastModifiedDate":"2024-02-15"},{"lineNumber":12,"author":{"gitId":"Morninggloryyy"},"content":"    @Override","lastModifiedDate":"2024-02-15"},{"lineNumber":13,"author":{"gitId":"Morninggloryyy"},"content":"    public String toString() {","lastModifiedDate":"2024-02-15"},{"lineNumber":14,"author":{"gitId":"Morninggloryyy"},"content":"        return \"[E]\" + super.toString() + \" (from: \" + startTime + \" to: \" + endTime + \")\";","lastModifiedDate":"2024-02-15"},{"lineNumber":15,"author":{"gitId":"Morninggloryyy"},"content":"    }","lastModifiedDate":"2024-02-15"},{"lineNumber":16,"author":{"gitId":"Morninggloryyy"},"content":"}","lastModifiedDate":"2024-02-15"},{"lineNumber":17,"author":{"gitId":"Morninggloryyy"},"content":"","lastModifiedDate":"2024-02-15"}],"authorContributionMap":{"Morninggloryyy":17}},{"path":"src/main/java/Task.java","fileType":"java","lines":[{"lineNumber":1,"author":{"gitId":"Morninggloryyy"},"content":"public class Task {","lastModifiedDate":"2024-02-14"},{"lineNumber":2,"author":{"gitId":"Morninggloryyy"},"content":"    protected String description;","lastModifiedDate":"2024-02-14"},{"lineNumber":3,"author":{"gitId":"Morninggloryyy"},"content":"    protected boolean isDone;","lastModifiedDate":"2024-02-14"},{"lineNumber":4,"author":{"gitId":"Morninggloryyy"},"content":"","lastModifiedDate":"2024-02-14"},{"lineNumber":5,"author":{"gitId":"Morninggloryyy"},"content":"    public Task(String description) {","lastModifiedDate":"2024-02-14"},{"lineNumber":6,"author":{"gitId":"Morninggloryyy"},"content":"        this.description \u003d description;","lastModifiedDate":"2024-02-14"},{"lineNumber":7,"author":{"gitId":"Morninggloryyy"},"content":"        this.isDone \u003d false;","lastModifiedDate":"2024-02-14"},{"lineNumber":8,"author":{"gitId":"Morninggloryyy"},"content":"    }","lastModifiedDate":"2024-02-14"},{"lineNumber":9,"author":{"gitId":"Morninggloryyy"},"content":"","lastModifiedDate":"2024-02-14"},{"lineNumber":10,"author":{"gitId":"Morninggloryyy"},"content":"    public String getStatusIcon() {","lastModifiedDate":"2024-02-14"},{"lineNumber":11,"author":{"gitId":"Morninggloryyy"},"content":"        return (isDone ? \"X\" : \" \"); // mark done task with X","lastModifiedDate":"2024-02-14"},{"lineNumber":12,"author":{"gitId":"Morninggloryyy"},"content":"    }","lastModifiedDate":"2024-02-14"},{"lineNumber":13,"author":{"gitId":"Morninggloryyy"},"content":"","lastModifiedDate":"2024-02-14"},{"lineNumber":14,"author":{"gitId":"Morninggloryyy"},"content":"    public void markAsDone() {","lastModifiedDate":"2024-02-14"},{"lineNumber":15,"author":{"gitId":"Morninggloryyy"},"content":"        this.isDone \u003d true;","lastModifiedDate":"2024-02-14"},{"lineNumber":16,"author":{"gitId":"Morninggloryyy"},"content":"    }","lastModifiedDate":"2024-02-14"},{"lineNumber":17,"author":{"gitId":"Morninggloryyy"},"content":"","lastModifiedDate":"2024-02-14"},{"lineNumber":18,"author":{"gitId":"Morninggloryyy"},"content":"    public void markBackNotDone() {","lastModifiedDate":"2024-02-14"},{"lineNumber":19,"author":{"gitId":"Morninggloryyy"},"content":"        this.isDone \u003d false;","lastModifiedDate":"2024-02-14"},{"lineNumber":20,"author":{"gitId":"Morninggloryyy"},"content":"    }","lastModifiedDate":"2024-02-14"},{"lineNumber":21,"author":{"gitId":"Morninggloryyy"},"content":"","lastModifiedDate":"2024-02-14"},{"lineNumber":22,"author":{"gitId":"Morninggloryyy"},"content":"    public String toString() {","lastModifiedDate":"2024-02-15"},{"lineNumber":23,"author":{"gitId":"Morninggloryyy"},"content":"        return \"[\" + this.getStatusIcon() + \"] \" + this.description;","lastModifiedDate":"2024-02-15"},{"lineNumber":24,"author":{"gitId":"Morninggloryyy"},"content":"    }","lastModifiedDate":"2024-02-15"},{"lineNumber":25,"author":{"gitId":"Morninggloryyy"},"content":"","lastModifiedDate":"2024-02-15"},{"lineNumber":26,"author":{"gitId":"Morninggloryyy"},"content":"    //...","lastModifiedDate":"2024-02-14"},{"lineNumber":27,"author":{"gitId":"Morninggloryyy"},"content":"}","lastModifiedDate":"2024-02-14"},{"lineNumber":28,"author":{"gitId":"Morninggloryyy"},"content":"","lastModifiedDate":"2024-02-14"}],"authorContributionMap":{"Morninggloryyy":28}},{"path":"src/main/java/ToDo.java","fileType":"java","lines":[{"lineNumber":1,"author":{"gitId":"Morninggloryyy"},"content":"public class ToDo extends Task {","lastModifiedDate":"2024-02-15"},{"lineNumber":2,"author":{"gitId":"Morninggloryyy"},"content":"","lastModifiedDate":"2024-02-15"},{"lineNumber":3,"author":{"gitId":"Morninggloryyy"},"content":"    public ToDo(String description) {","lastModifiedDate":"2024-02-15"},{"lineNumber":4,"author":{"gitId":"Morninggloryyy"},"content":"        super(description);","lastModifiedDate":"2024-02-15"},{"lineNumber":5,"author":{"gitId":"Morninggloryyy"},"content":"    }","lastModifiedDate":"2024-02-15"},{"lineNumber":6,"author":{"gitId":"Morninggloryyy"},"content":"","lastModifiedDate":"2024-02-15"},{"lineNumber":7,"author":{"gitId":"Morninggloryyy"},"content":"    @Override","lastModifiedDate":"2024-02-15"},{"lineNumber":8,"author":{"gitId":"Morninggloryyy"},"content":"    public String toString() {","lastModifiedDate":"2024-02-15"},{"lineNumber":9,"author":{"gitId":"Morninggloryyy"},"content":"        return \"[T]\" + super.toString();","lastModifiedDate":"2024-02-15"},{"lineNumber":10,"author":{"gitId":"Morninggloryyy"},"content":"    }","lastModifiedDate":"2024-02-15"},{"lineNumber":11,"author":{"gitId":"Morninggloryyy"},"content":"}","lastModifiedDate":"2024-02-15"},{"lineNumber":12,"author":{"gitId":"Morninggloryyy"},"content":"","lastModifiedDate":"2024-02-15"}],"authorContributionMap":{"Morninggloryyy":12}},{"path":"text-ui-test/input.txt","fileType":"txt","lines":[{"lineNumber":1,"author":{"gitId":"Morninggloryyy"},"content":"todo borrow book","lastModifiedDate":"2024-02-15"}],"authorContributionMap":{"Morninggloryyy":1}},{"path":"text-ui-test/runtest.bat","fileType":"bat","lines":[{"lineNumber":1,"author":{"gitId":"-"},"content":"@ECHO OFF","lastModifiedDate":"2020-05-25"},{"lineNumber":2,"author":{"gitId":"-"},"content":"","lastModifiedDate":"2020-05-25"},{"lineNumber":3,"author":{"gitId":"-"},"content":"REM create bin directory if it doesn\u0027t exist","lastModifiedDate":"2020-05-25"},{"lineNumber":4,"author":{"gitId":"-"},"content":"if not exist ..\\bin mkdir ..\\bin","lastModifiedDate":"2020-05-25"},{"lineNumber":5,"author":{"gitId":"-"},"content":"","lastModifiedDate":"2020-05-25"},{"lineNumber":6,"author":{"gitId":"-"},"content":"REM delete output from previous run","lastModifiedDate":"2020-05-25"},{"lineNumber":7,"author":{"gitId":"Morninggloryyy"},"content":"del ACTUAL.TXT","lastModifiedDate":"2024-02-15"},{"lineNumber":8,"author":{"gitId":"-"},"content":"","lastModifiedDate":"2020-05-25"},{"lineNumber":9,"author":{"gitId":"-"},"content":"REM compile the code into the bin folder","lastModifiedDate":"2020-05-25"},{"lineNumber":10,"author":{"gitId":"-"},"content":"javac  -cp ..\\src\\main\\java -Xlint:none -d ..\\bin ..\\src\\main\\java\\*.java","lastModifiedDate":"2020-08-25"},{"lineNumber":11,"author":{"gitId":"-"},"content":"IF ERRORLEVEL 1 (","lastModifiedDate":"2020-05-25"},{"lineNumber":12,"author":{"gitId":"-"},"content":"    echo ********** BUILD FAILURE **********","lastModifiedDate":"2020-05-25"},{"lineNumber":13,"author":{"gitId":"-"},"content":"    exit /b 1","lastModifiedDate":"2020-05-25"},{"lineNumber":14,"author":{"gitId":"-"},"content":")","lastModifiedDate":"2020-05-25"},{"lineNumber":15,"author":{"gitId":"-"},"content":"REM no error here, errorlevel \u003d\u003d 0","lastModifiedDate":"2020-05-25"},{"lineNumber":16,"author":{"gitId":"-"},"content":"","lastModifiedDate":"2020-05-25"},{"lineNumber":17,"author":{"gitId":"-"},"content":"REM run the program, feed commands from input.txt file and redirect the output to the ACTUAL.TXT","lastModifiedDate":"2020-05-25"},{"lineNumber":18,"author":{"gitId":"Morninggloryyy"},"content":"java -classpath ..\\bin Damon \u003c input.txt \u003e ACTUAL.TXT","lastModifiedDate":"2024-02-15"},{"lineNumber":19,"author":{"gitId":"-"},"content":"","lastModifiedDate":"2020-05-25"},{"lineNumber":20,"author":{"gitId":"-"},"content":"REM compare the output to the expected output","lastModifiedDate":"2020-05-25"},{"lineNumber":21,"author":{"gitId":"-"},"content":"FC ACTUAL.TXT EXPECTED.TXT","lastModifiedDate":"2020-05-25"}],"authorContributionMap":{"Morninggloryyy":2,"-":19}}]
