{"authorDailyContributionsMap":{"Howlong11":[{"date":"2024-01-25","commitResults":[{"hash":"52c8e422cd17e9c5b6a523abc22f313ccd1b60fd","isMergeCommit":false,"messageTitle":"FIrst commit, level-0","messageBody":"","tags":["Level-0"],"fileTypesAndContributionMap":{"java":{"insertions":9,"deletions":10}}},{"hash":"8cc892402b5567c506b3b43e3bde76b3b2b1ab23","isMergeCommit":false,"messageTitle":"second commit. Level-1","messageBody":"","fileTypesAndContributionMap":{"java":{"insertions":23,"deletions":5}}},{"hash":"db066283c17ecc149d1345d6ec62c1d36f240629","isMergeCommit":false,"messageTitle":"Revert \"second commit. Level-1\"","messageBody":"This reverts commit 8cc892402b5567c506b3b43e3bde76b3b2b1ab23.\n","fileTypesAndContributionMap":{"java":{"insertions":5,"deletions":23}}},{"hash":"957599c11bb2f0b7ea6d3d5b6261d5333126dc08","isMergeCommit":false,"messageTitle":"Second commit, Level-1","messageBody":"","tags":["Level-1"],"fileTypesAndContributionMap":{"java":{"insertions":23,"deletions":5}}},{"hash":"58bba397eb1bf260b399b8d25f4aa7d7cdfa7230","isMergeCommit":false,"messageTitle":"Third commit, Level-2","messageBody":"","tags":["Level-2"],"fileTypesAndContributionMap":{"java":{"insertions":10,"deletions":2}}},{"hash":"59d6d947936831423fd4e92cf5ffb71f13bd2a33","isMergeCommit":false,"messageTitle":"Fourth commit, level-3","messageBody":"","tags":["Level-3"],"fileTypesAndContributionMap":{"java":{"insertions":50,"deletions":7}}}]},{"date":"2024-01-26","commitResults":[{"hash":"9231dfc60c953b8d27aee2430e5c7cd60fea4d5a","isMergeCommit":false,"messageTitle":"Fifth commit, level-4","messageBody":"","tags":["Level-4"],"fileTypesAndContributionMap":{"java":{"insertions":94,"deletions":13}}},{"hash":"72735d711cd7036f759d3105d70469afb0b791fb","isMergeCommit":false,"messageTitle":"Sixth commit, A-textUItesting","messageBody":"","tags":["A-TextUiTesting"],"fileTypesAndContributionMap":{"txt":{"insertions":4,"deletions":0},"bat":{"insertions":2,"deletions":2}}}]},{"date":"2024-01-28","commitResults":[{"hash":"54bab98f61f6f3eb51b525e9a318a5161cffd715","isMergeCommit":false,"messageTitle":"Seventh commit, level-5","messageBody":"","tags":["Level-5"],"fileTypesAndContributionMap":{"java":{"insertions":55,"deletions":19}}},{"hash":"80b7231cde7eb783a78a554dff0fe340b4de4fd2","isMergeCommit":false,"messageTitle":"eighth commit, level-6","messageBody":"","tags":["Level-6"],"fileTypesAndContributionMap":{"java":{"insertions":25,"deletions":6}}}]}]},"authorFileTypeContributionMap":{"Howlong11":{"java":214,"md":0,"fxml":0,"sh":0,"bat":2,"gradle":0,"txt":4}},"authorContributionVariance":{"Howlong11":3846.7603},"authorDisplayNameMap":{"Howlong11":"CS2103T-F12-2 HYUN..NKYU"}}
