{"authorDailyContributionsMap":{"Howlong11":[{"date":"2024-01-25","commitResults":[{"hash":"52c8e422cd17e9c5b6a523abc22f313ccd1b60fd","isMergeCommit":false,"messageTitle":"FIrst commit, level-0","messageBody":"","tags":["Level-0"],"fileTypesAndContributionMap":{"java":{"insertions":9,"deletions":10}}},{"hash":"8cc892402b5567c506b3b43e3bde76b3b2b1ab23","isMergeCommit":false,"messageTitle":"second commit. Level-1","messageBody":"","fileTypesAndContributionMap":{"java":{"insertions":23,"deletions":5}}},{"hash":"db066283c17ecc149d1345d6ec62c1d36f240629","isMergeCommit":false,"messageTitle":"Revert \"second commit. Level-1\"","messageBody":"This reverts commit 8cc892402b5567c506b3b43e3bde76b3b2b1ab23.\n","fileTypesAndContributionMap":{"java":{"insertions":5,"deletions":23}}},{"hash":"957599c11bb2f0b7ea6d3d5b6261d5333126dc08","isMergeCommit":false,"messageTitle":"Second commit, Level-1","messageBody":"","tags":["Level-1"],"fileTypesAndContributionMap":{"java":{"insertions":23,"deletions":5}}},{"hash":"58bba397eb1bf260b399b8d25f4aa7d7cdfa7230","isMergeCommit":false,"messageTitle":"Third commit, Level-2","messageBody":"","tags":["Level-2"],"fileTypesAndContributionMap":{"java":{"insertions":10,"deletions":2}}},{"hash":"59d6d947936831423fd4e92cf5ffb71f13bd2a33","isMergeCommit":false,"messageTitle":"Fourth commit, level-3","messageBody":"","tags":["Level-3"],"fileTypesAndContributionMap":{"java":{"insertions":50,"deletions":7}}}]},{"date":"2024-01-26","commitResults":[{"hash":"9231dfc60c953b8d27aee2430e5c7cd60fea4d5a","isMergeCommit":false,"messageTitle":"Fifth commit, level-4","messageBody":"","tags":["Level-4"],"fileTypesAndContributionMap":{"java":{"insertions":94,"deletions":13}}},{"hash":"72735d711cd7036f759d3105d70469afb0b791fb","isMergeCommit":false,"messageTitle":"Sixth commit, A-textUItesting","messageBody":"","tags":["A-TextUiTesting"],"fileTypesAndContributionMap":{"txt":{"insertions":4,"deletions":0},"bat":{"insertions":2,"deletions":2}}}]},{"date":"2024-01-28","commitResults":[{"hash":"54bab98f61f6f3eb51b525e9a318a5161cffd715","isMergeCommit":false,"messageTitle":"Seventh commit, level-5","messageBody":"","tags":["Level-5"],"fileTypesAndContributionMap":{"java":{"insertions":55,"deletions":19}}},{"hash":"80b7231cde7eb783a78a554dff0fe340b4de4fd2","isMergeCommit":false,"messageTitle":"eighth commit, level-6","messageBody":"","tags":["Level-6"],"fileTypesAndContributionMap":{"java":{"insertions":25,"deletions":6}}}]},{"date":"2024-02-04","commitResults":[{"hash":"35e1c005aa83fe517397ea68e3fb2c069e8445af","isMergeCommit":false,"messageTitle":"ninth commit, error fixes","messageBody":"","fileTypesAndContributionMap":{"java":{"insertions":241,"deletions":116}}}]},{"date":"2024-02-05","commitResults":[{"hash":"4a81beabfd876135986a3538e250290ef1ed31bf","isMergeCommit":false,"messageTitle":"Save list into txt file, level-7","messageBody":"","fileTypesAndContributionMap":{"txt":{"insertions":1,"deletions":0},"java":{"insertions":232,"deletions":112}}},{"hash":"e9a600b182dfe4dd92fff5e9f799412c995527f6","isMergeCommit":true,"messageTitle":"Merge branch \u0027branch-Level-7\u0027","messageBody":"","tags":["Level-7"],"fileTypesAndContributionMap":{}}]},{"date":"2024-02-06","commitResults":[{"hash":"77989e5c3fa2c52bf191352abf7658f32f079e33","isMergeCommit":false,"messageTitle":"Save dates as LocalDateTime objects, level-8","messageBody":"","fileTypesAndContributionMap":{"txt":{"insertions":2,"deletions":1},"java":{"insertions":64,"deletions":42}}},{"hash":"ace0cdd65091a6c642c08f051f691c38b97d5a39","isMergeCommit":true,"messageTitle":"Merge branch \u0027branch-Level-8\u0027","messageBody":"","tags":["Level-8"],"fileTypesAndContributionMap":{}}]},{"date":"2024-02-07","commitResults":[{"hash":"a4255220f4d7dcaacb689c8560c0f9531543ae23","isMergeCommit":false,"messageTitle":"OOP structure, A-MoreOOP","messageBody":"","fileTypesAndContributionMap":{"txt":{"insertions":3,"deletions":2},"java":{"insertions":421,"deletions":269}}},{"hash":"aa218d61925f7c765502ca02ebd00005be151f22","isMergeCommit":false,"messageTitle":"data file","messageBody":"","fileTypesAndContributionMap":{"txt":{"insertions":3,"deletions":2}}},{"hash":"a5924c72a09cb28f339b51929ef3d5ec30d666f6","isMergeCommit":true,"messageTitle":"Merge branch \u0027branch-MoreOOP\u0027","messageBody":"","tags":["A-MoreOOP"],"fileTypesAndContributionMap":{}},{"hash":"7a7626b831820c494b8b7b29c0ea83a104b7fa6b","isMergeCommit":false,"messageTitle":"create packages","messageBody":"","tags":["A-Packages"],"fileTypesAndContributionMap":{"txt":{"insertions":2,"deletions":2},"java":{"insertions":41,"deletions":1}}},{"hash":"d909c511836c68d49605d3097e8a8aef93804cce","isMergeCommit":true,"messageTitle":"Merge branch \u0027add-gradle-support\u0027","messageBody":"","fileTypesAndContributionMap":{}},{"hash":"5f640dd2c0a270195fef10debf52ea7cdc0d3142","isMergeCommit":false,"messageTitle":"Set up gradle","messageBody":"","tags":["A-Gradle"],"fileTypesAndContributionMap":{"gradle":{"insertions":1,"deletions":1}}},{"hash":"90a138b912e1124c02e643b19b1f781b5b47ab21","isMergeCommit":false,"messageTitle":"add junit tests","messageBody":"","tags":["A-JUnit"],"fileTypesAndContributionMap":{"gradle":{"insertions":1,"deletions":1},"java":{"insertions":115,"deletions":9}}},{"hash":"8a954d1d433f9b8a2df1917b78faf2bdaf054470","isMergeCommit":false,"messageTitle":"commit for jar","messageBody":"","tags":["A-Jar"],"fileTypesAndContributionMap":{"java":{"insertions":69,"deletions":3}}},{"hash":"04b3a11cc7c2f4c61313c5151a5259956a508f4e","isMergeCommit":false,"messageTitle":"Javadoc","messageBody":"","tags":["A-JavaDoc"],"fileTypesAndContributionMap":{"java":{"insertions":148,"deletions":1}}}]},{"date":"2024-02-08","commitResults":[{"hash":"d9441633892ed1c616f5a549ffd5f204d9aebe35","isMergeCommit":false,"messageTitle":"coding standard","messageBody":"","tags":["A-CodingStandard"],"fileTypesAndContributionMap":{"java":{"insertions":100,"deletions":88}}},{"hash":"6217414721c9ba12707dd77e6c294ca2291b87ce","isMergeCommit":false,"messageTitle":"add Find method","messageBody":"","tags":["Level-9"],"fileTypesAndContributionMap":{"txt":{"insertions":1,"deletions":2},"java":{"insertions":25,"deletions":1}}}]},{"date":"2024-02-14","commitResults":[{"hash":"fc6cb4133772e9d71eec45335d98185fe98b6ee6","isMergeCommit":false,"messageTitle":"add styletest using gradle","messageBody":"","fileTypesAndContributionMap":{"gradle":{"insertions":5,"deletions":0},"txt":{"insertions":1,"deletions":1}}},{"hash":"a11adc8baddbd6bbd0f94d6a64e5b79e8c81ac83","isMergeCommit":true,"messageTitle":"Merge branch \u0027branch-A-CheckStyle\u0027","messageBody":"","tags":["A-CheckStyle"],"fileTypesAndContributionMap":{}}]},{"date":"2024-02-20","commitResults":[{"hash":"e79bec1e172928b33b4fd6b705c20eb2c059ee30","isMergeCommit":false,"messageTitle":"Create a GUI of Lemona chatbot","messageBody":"","fileTypesAndContributionMap":{"gradle":{"insertions":16,"deletions":1},"txt":{"insertions":1,"deletions":2},"fxml":{"insertions":35,"deletions":0},"java":{"insertions":826,"deletions":598},"bat":{"insertions":1,"deletions":1},"md":{"insertions":24,"deletions":24}}},{"hash":"b21824b89c03f04152f357156f9b2f1057ccd090","isMergeCommit":true,"messageTitle":"Merge branch \u0027branch-Level-10\u0027","messageBody":"","tags":["Level-10"],"fileTypesAndContributionMap":{}},{"hash":"c6b49bbe8436084a2aac7194f7a65f48e5f93542","isMergeCommit":false,"messageTitle":"Add assertions","messageBody":"TaskList and Parser classes have no assertions.\n\nThese classes can cause errors if wrong input is entered.\n\nAdding assertions allow to prevent possible bugs.\n\nAssertions are added instead of exceptions as they could be prevented if original code was written in better ways.\n","tags":["A-FullCommitMessage"],"fileTypesAndContributionMap":{"java":{"insertions":8,"deletions":8}}},{"hash":"c87e26f00c6182414b9dd199dc2cce0f696aa6aa","isMergeCommit":false,"messageTitle":"Improve code quality of Parser class","messageBody":"parse() method of Parser class was too long\n\npart of parse() method is extracted\n\nparseDates() method is extracted from parse() method to make it shorter\n","fileTypesAndContributionMap":{"txt":{"insertions":2,"deletions":1},"java":{"insertions":177,"deletions":35}}},{"hash":"616164df0c7fee0b2b8803bb305229e3b1767da3","isMergeCommit":true,"messageTitle":"Merge pull request #2 from Howlong11/branch-A-Assertions","messageBody":"Add assertions","tags":["A-Assertions"],"fileTypesAndContributionMap":{}},{"hash":"df7429663acfa0f7a7a278734c57c38e00baafe8","isMergeCommit":true,"messageTitle":"Merge branch \u0027master\u0027 into branch-A-CodeQuality","messageBody":"# Conflicts:\n#\tsrc/main/java/lemona/oop/Parser.java\n","fileTypesAndContributionMap":{}},{"hash":"0177a2de244ba2bf1a0e92bc388d1c7410c22130","isMergeCommit":true,"messageTitle":"Merge pull request #3 from Howlong11/branch-A-CodeQuality","messageBody":"Improve code quality of Parser class","tags":["A-CodeQuality"],"fileTypesAndContributionMap":{}},{"hash":"148465f60d204ddf93da9966ce28a0ea5b912fe3","isMergeCommit":false,"messageTitle":"detect duplicate tasks added","messageBody":"","tags":["BCD-Extension"],"fileTypesAndContributionMap":{"java":{"insertions":3,"deletions":2}}},{"hash":"7502bbe6407c5227f2d371067138a9758700ac1f","isMergeCommit":false,"messageTitle":"add title to GUI","messageBody":"","fileTypesAndContributionMap":{"java":{"insertions":1,"deletions":0}}},{"hash":"fdb6225c956a25a80833868d3fd9c80890ad60bb","isMergeCommit":false,"messageTitle":"add GUI screenshot","messageBody":"","fileTypesAndContributionMap":{"txt":{"insertions":1,"deletions":2}}},{"hash":"6cb97ae6d71960af96a53cb92bc9cf0d5184e6b9","isMergeCommit":false,"messageTitle":"Update README.md","messageBody":"","fileTypesAndContributionMap":{"md":{"insertions":27,"deletions":16}}}]}]},"authorFileTypeContributionMap":{"Howlong11":{"java":1396,"md":51,"fxml":35,"sh":0,"bat":2,"gradle":21,"txt":5}},"authorContributionVariance":{"Howlong11":129469.625},"authorDisplayNameMap":{"Howlong11":"CS2103T-F12-2 HYUN..NKYU"}}
