{"authorDailyContributionsMap":{"1rbg":[{"date":"2024-01-23","commitResults":[{"hash":"9fcc1cdc2b1baa268485e720858049c54b851ed4","isMergeCommit":false,"messageTitle":"Level-0","messageBody":"","tags":["Level-1"],"fileTypesAndContributionMap":{"java":{"insertions":17,"deletions":10},"bat":{"insertions":1,"deletions":1}}},{"hash":"7c39a479ac71385d284eff9e1305c54f90c61525","isMergeCommit":false,"messageTitle":"Implemented echo functionality","messageBody":"","fileTypesAndContributionMap":{"java":{"insertions":19,"deletions":0}}},{"hash":"e2aadd7b956b45c014052c3b3911dd8d0f2d0574","isMergeCommit":false,"messageTitle":"Revert \"Implemented echo functionality\"","messageBody":"This reverts commit 7c39a479ac71385d284eff9e1305c54f90c61525.\n","fileTypesAndContributionMap":{"java":{"insertions":0,"deletions":19}}},{"hash":"690d56483dcf113a796f29cbca9a8c91a182b5ca","isMergeCommit":false,"messageTitle":"Implemented echo functionality","messageBody":"","fileTypesAndContributionMap":{"java":{"insertions":19,"deletions":0}}},{"hash":"9648fa687ef24302d682512f593bf6e83b4275e6","isMergeCommit":false,"messageTitle":"Added ability to store text and display","messageBody":"","tags":["Level-2"],"fileTypesAndContributionMap":{"java":{"insertions":36,"deletions":5}}},{"hash":"c59c8483cdf4339e12d648e1fce34945708ba4ae","isMergeCommit":false,"messageTitle":"Implemented mark as done and undone functionality","messageBody":"","tags":["Level-3"],"fileTypesAndContributionMap":{"java":{"insertions":65,"deletions":7}}},{"hash":"6ef76dea45775d76c95b366d0123ad3bdc713d20","isMergeCommit":false,"messageTitle":"Shifted printSepLine() to it\u0027s own class","messageBody":"","fileTypesAndContributionMap":{"java":{"insertions":5,"deletions":0}}},{"hash":"1ed5ee60eafc74b8b9d5620304485859d91a7558","isMergeCommit":false,"messageTitle":"Changed Task to abstract class","messageBody":"","fileTypesAndContributionMap":{"java":{"insertions":2,"deletions":6}}},{"hash":"7ba0333e580524ed808bb547e280938be3616317","isMergeCommit":false,"messageTitle":"Subclasses of Task","messageBody":"","fileTypesAndContributionMap":{"java":{"insertions":97,"deletions":0}}},{"hash":"36124bd71fb95e8d97d8e9f76b9e92e69aa8d72a","isMergeCommit":false,"messageTitle":"Improved CoDriver interaction with user","messageBody":"","fileTypesAndContributionMap":{"java":{"insertions":15,"deletions":16}}},{"hash":"0d063860afea73c82a7777641436de060a09b341","isMergeCommit":false,"messageTitle":"Implemented ToDo, Event, Deadline","messageBody":"","tags":["Level-4"],"fileTypesAndContributionMap":{"java":{"insertions":13,"deletions":10}}},{"hash":"07a1eb748dd22ddede58929ca3def9cc243b6d5f","isMergeCommit":false,"messageTitle":"Added simple single test","messageBody":"","tags":["A-TextUiTesting"],"fileTypesAndContributionMap":{"txt":{"insertions":10,"deletions":0},"bat":{"insertions":1,"deletions":1}}},{"hash":"ab65ce712a84fc9e464d115cf2c411187bb1a17c","isMergeCommit":false,"messageTitle":"Added new exception for erroneous commands","messageBody":"","fileTypesAndContributionMap":{"java":{"insertions":10,"deletions":0}}},{"hash":"06dc0a2959e338a98787b1fd1755cb127198c060","isMergeCommit":false,"messageTitle":"Implemented error handling for erroneous commands","messageBody":"","fileTypesAndContributionMap":{"java":{"insertions":74,"deletions":24}}},{"hash":"a8eefae200a5107114c0e375ce1f4db136b59ea6","isMergeCommit":false,"messageTitle":"Changed test script","messageBody":"","tags":["Level-5"],"fileTypesAndContributionMap":{"txt":{"insertions":20,"deletions":1}}},{"hash":"87244e025827b70fcd428012636f3de4dcc0c210","isMergeCommit":false,"messageTitle":"Implemented ArrayList instead of array, added exceptions for mark and unmark","messageBody":"","fileTypesAndContributionMap":{"java":{"insertions":17,"deletions":14}}},{"hash":"af5392fdca61861917aa714ae2854d33bf6084f7","isMergeCommit":false,"messageTitle":"Implemented ArrayList instead of array, added exceptions for mark and unmark","messageBody":"","fileTypesAndContributionMap":{"java":{"insertions":2,"deletions":0}}},{"hash":"173c7e29aa55f51cb7ffbde7d890650b39c92a8b","isMergeCommit":false,"messageTitle":"Changed TaskList constructor, added exceptions for mark and unmark","messageBody":"","fileTypesAndContributionMap":{"java":{"insertions":21,"deletions":1}}},{"hash":"d5629d081a3dc0abbace9a930c7f020de31eb0cf","isMergeCommit":false,"messageTitle":"Added support for deleting tasks from TaskList","messageBody":"","fileTypesAndContributionMap":{"java":{"insertions":7,"deletions":0}}},{"hash":"7a4f5c5784b509e7e894759cd84031e75af881cd","isMergeCommit":false,"messageTitle":"Added test cases for unmark and mark, and delete","messageBody":"","fileTypesAndContributionMap":{"txt":{"insertions":3,"deletions":0}}},{"hash":"83e52f780b7678430124031f0509457b1975a3b1","isMergeCommit":false,"messageTitle":"Added more error handling cases for mark, unmark, delete","messageBody":"","fileTypesAndContributionMap":{"java":{"insertions":13,"deletions":0}}},{"hash":"b48f4bff308d2beac12eb229ca662c966ed9c6d6","isMergeCommit":false,"messageTitle":"Changed test script","messageBody":"","tags":["Level-6"],"fileTypesAndContributionMap":{"txt":{"insertions":3,"deletions":0}}}]},{"date":"2024-01-30","commitResults":[{"hash":"5a5e6a3f669e6cc9de836ef41a0e410dd69b863b","isMergeCommit":false,"messageTitle":"Consolidate parsing of command into Parser class","messageBody":"To simplify the addition of new commands, a new enum Command is\nused. Parser and Command make the code more readable and is easier\nto expand.\n","tags":["A-Enums"],"fileTypesAndContributionMap":{"java":{"insertions":104,"deletions":70}}},{"hash":"b91ddb45f3caaaf4f822ab1c2c05dc041aff8900","isMergeCommit":false,"messageTitle":"Add save functionality","messageBody":"","fileTypesAndContributionMap":{"txt":{"insertions":6,"deletions":0},"java":{"insertions":113,"deletions":2}}},{"hash":"a2b4b04d99970d735d7e3fc2d0713f7fd2a9ef35","isMergeCommit":true,"messageTitle":"Merge branch \u0027branch-Level-7\u0027","messageBody":"","tags":["Level-7"],"fileTypesAndContributionMap":{}}]}]},"authorFileTypeContributionMap":{"1rbg":{"java":475,"md":0,"fxml":0,"sh":0,"bat":1,"gradle":0,"txt":41}},"authorContributionVariance":{"1rbg":30393.055},"authorDisplayNameMap":{"1rbg":"CS2103T-T17-4 CHUA..RIEL"}}
