{"authorDailyContributionsMap":{"kab-dot":[{"date":"2024-01-23","commitResults":[{"hash":"0fed9cf894b19ccc49b5a15f22c7e69a47d21549","isMergeCommit":false,"messageTitle":"rename, greet, exit","messageBody":"","fileTypesAndContributionMap":{"java":{"insertions":15,"deletions":10}}},{"hash":"671c9d337403ad9f48871015a5386f3a7bbee9b4","isMergeCommit":false,"messageTitle":"rename, greet, exit","messageBody":"","tags":["Level-0"],"fileTypesAndContributionMap":{"java":{"insertions":5,"deletions":4}}}]},{"date":"2024-01-24","commitResults":[{"hash":"505bf7345216c0657279d3c09543e0137710b294","isMergeCommit":false,"messageTitle":"echo + study + bye","messageBody":"","tags":["Level-1.Echo"],"fileTypesAndContributionMap":{"java":{"insertions":31,"deletions":3}}},{"hash":"e9b8d7c2401870e49bc1c1a769e86c1b2f45897c","isMergeCommit":false,"messageTitle":"add, list","messageBody":"","tags":["Level-2.Add,List"],"fileTypesAndContributionMap":{"java":{"insertions":20,"deletions":11}}}]},{"date":"2024-01-25","commitResults":[{"hash":"10c161baf35ab34ab333a8c1b14b0b3efda9a388","isMergeCommit":false,"messageTitle":"mark and unmark","messageBody":"","tags":["Level-3.Mark-As-Done"],"fileTypesAndContributionMap":{"java":{"insertions":54,"deletions":10}}},{"hash":"ca48f730df6a30c563577961cf9a779bb2724fe7","isMergeCommit":false,"messageTitle":"todos, events, deadlines","messageBody":"","tags":["Level-4.Todos,Events,Deadlines"],"fileTypesAndContributionMap":{"java":{"insertions":75,"deletions":2}}},{"hash":"9f31ec445514cbbdce1318dfcfa67a694ac19da3","isMergeCommit":false,"messageTitle":"text-ui-testing","messageBody":"","tags":["A-TextUiTesting-Automated-Text-UI-Testing"],"fileTypesAndContributionMap":{"txt":{"insertions":5,"deletions":0},"java":{"insertions":3,"deletions":4}}}]},{"date":"2024-01-26","commitResults":[{"hash":"00e887d7cd6f4786600486d488a06a6140edaede","isMergeCommit":false,"messageTitle":"handle errors","messageBody":"","tags":["Level-5.Handle-Errors"],"fileTypesAndContributionMap":{"java":{"insertions":12,"deletions":6}}},{"hash":"af04c1b3217c2f9b28ac46bfed93a92a2baeca30","isMergeCommit":false,"messageTitle":"delete","messageBody":"","tags":["Level-6.Delete"],"fileTypesAndContributionMap":{"java":{"insertions":27,"deletions":9}}}]},{"date":"2024-01-30","commitResults":[{"hash":"cbe0b004ada3a5c18d57ab78f3600353ff488037","isMergeCommit":false,"messageTitle":"date and time","messageBody":"","tags":["Level-8.Dates-and-Times"],"fileTypesAndContributionMap":{"java":{"insertions":178,"deletions":63}}}]},{"date":"2024-01-31","commitResults":[{"hash":"ef48b1b15ab16aa4586e72175e805b881fcfd6ae","isMergeCommit":false,"messageTitle":"OOP refactoring","messageBody":"","tags":["A-MoreOOP"],"fileTypesAndContributionMap":{"java":{"insertions":618,"deletions":187}}},{"hash":"997dc87e658dac10aac7b0a9e75badcd59874529","isMergeCommit":false,"messageTitle":"packages + fixed file save issues","messageBody":"","tags":["A-Packages"],"fileTypesAndContributionMap":{"txt":{"insertions":2,"deletions":0},"java":{"insertions":23,"deletions":7}}}]},{"date":"2024-02-01","commitResults":[{"hash":"25bbbad28aa16e6f532f0053e507264fa101926a","isMergeCommit":true,"messageTitle":"Merge commit \u0027a6f73244a20539e20c2189973ebf597df34ef631\u0027","messageBody":"* commit \u0027a6f73244a20539e20c2189973ebf597df34ef631\u0027:\n  Bump gradle and lib version\n  Add Gradle support\n  docs/README.md: Tweak document template\n","fileTypesAndContributionMap":{}},{"hash":"e36ab8f06c53b3df78f61211ea70de46306a7654","isMergeCommit":false,"messageTitle":"gradle","messageBody":"","tags":["A-Gradle"],"fileTypesAndContributionMap":{"gradle":{"insertions":1,"deletions":1},"java":{"insertions":1,"deletions":0}}},{"hash":"eed17909ca9314559a7881bc48a4acbbd1ecc0b4","isMergeCommit":false,"messageTitle":"Implement the JUnit tests for TaskList and Event as well as Gradle (implemented in the previous commit)","messageBody":"","tags":["A-Jar","A-JUnit"],"fileTypesAndContributionMap":{"gradle":{"insertions":5,"deletions":0},"txt":{"insertions":1,"deletions":2},"java":{"insertions":65,"deletions":9}}}]},{"date":"2024-02-02","commitResults":[{"hash":"9e8cce1dd9ea643c714e011b0dd26e7965156738","isMergeCommit":false,"messageTitle":"Wrote JavaDocs for most of the public methods and classes","messageBody":"","fileTypesAndContributionMap":{"java":{"insertions":307,"deletions":15}}},{"hash":"41ab5fa2d2ba1a76c98678835894124ce3a84528","isMergeCommit":false,"messageTitle":"Implement search and find","messageBody":"","fileTypesAndContributionMap":{"txt":{"insertions":1,"deletions":1},"java":{"insertions":37,"deletions":1}}},{"hash":"ddb2028d80cc8d2596864b28afdd358cd2b057a0","isMergeCommit":false,"messageTitle":"Implement Coding Standard","messageBody":"","fileTypesAndContributionMap":{"gradle":{"insertions":4,"deletions":0},"java":{"insertions":102,"deletions":245}}},{"hash":"09c5e0a837dae943b47985142bac3e684b9ecf3c","isMergeCommit":true,"messageTitle":"Merge branch \u0027branch-A-CodingStandard\u0027 Fix the merge conflict * branch-A-CodingStandard:   Implement Coding Standard","messageBody":"# Conflicts:\n#\tsrc/main/java/duke/Command.java\n","fileTypesAndContributionMap":{}},{"hash":"d9d0cdba1638b8d80646a5054eecba5a660fe898","isMergeCommit":true,"messageTitle":"Merge branch \u0027branch-A-JavaDoc\u0027 Fix merge conflicts * branch-A-JavaDoc:   Wrote JavaDocs for most of the public methods and classes","messageBody":"# Conflicts:\n#\tsrc/main/java/duke/Command.java\n#\tsrc/main/java/duke/DukeException.java\n#\tsrc/main/java/duke/Storage.java\n#\tsrc/main/java/duke/Task.java\n#\tsrc/main/java/duke/Ui.java\n","tags":["Level-9.Find","A-JavaDoc","A-CodingStandard"],"fileTypesAndContributionMap":{}},{"hash":"4a57ca24d672b2068d8426a8b76e8659178a6632","isMergeCommit":false,"messageTitle":"Test out the code after merging","messageBody":"","fileTypesAndContributionMap":{"txt":{"insertions":2,"deletions":1}}}]},{"date":"2024-02-07","commitResults":[{"hash":"17ead1d58f34cebab7e60d59909f863be8ae7198","isMergeCommit":false,"messageTitle":"Fix Checkstyle Errors","messageBody":"","fileTypesAndContributionMap":{"java":{"insertions":1,"deletions":1}}},{"hash":"7b2250c565e3a3a188a6eb1440c01d9ce2ac121b","isMergeCommit":false,"messageTitle":"Fix some minor comments that should be removed","messageBody":"","fileTypesAndContributionMap":{"java":{"insertions":0,"deletions":86}}},{"hash":"a4edcb97ae459986ae412fbd43a8c6311ee0f78b","isMergeCommit":true,"messageTitle":"Merge branch \u0027A-CheckStyle\u0027","messageBody":"* A-CheckStyle:\n  Fix some minor comments that should be removed\n","tags":["A-CheckStyle"],"fileTypesAndContributionMap":{}}]},{"date":"2024-02-08","commitResults":[{"hash":"684dacaa2e64c26e6f4d0b816bb5ffd745b4854a","isMergeCommit":false,"messageTitle":"Implement GUI","messageBody":"","fileTypesAndContributionMap":{"gradle":{"insertions":15,"deletions":0},"fxml":{"insertions":35,"deletions":0},"java":{"insertions":302,"deletions":1}}},{"hash":"93d037f29cbd7a65d246fce4978128a461dfad24","isMergeCommit":true,"messageTitle":"Merge branch \u0027Level-10\u0027","messageBody":"* Level-10:\n  Implement GUI\n","tags":["Level-10.GUI"],"fileTypesAndContributionMap":{}},{"hash":"413f3723a795e32fd25de72418c5efabc183bf1d","isMergeCommit":false,"messageTitle":"Fix the package name in FXML","messageBody":"","fileTypesAndContributionMap":{"fxml":{"insertions":1,"deletions":1}}}]},{"date":"2024-02-10","commitResults":[{"hash":"38ddf6c6dc09ebf99de4e34eb7c685bbcf4f24d0","isMergeCommit":false,"messageTitle":"Implement GUI","messageBody":"","fileTypesAndContributionMap":{"txt":{"insertions":1,"deletions":2},"java":{"insertions":497,"deletions":201}}},{"hash":"5a3cea61c9dd92a047c26d7c98611151d88e6ed0","isMergeCommit":false,"messageTitle":"Fix the GUI and commit","messageBody":"","fileTypesAndContributionMap":{"txt":{"insertions":2,"deletions":1},"java":{"insertions":43,"deletions":8}}}]},{"date":"2024-02-14","commitResults":[{"hash":"76fa629d563b98c85785d9e76b9e458b60d3a8f3","isMergeCommit":false,"messageTitle":"Fix the gradle run issue and other checkstyle issues","messageBody":"","fileTypesAndContributionMap":{"gradle":{"insertions":1,"deletions":1},"txt":{"insertions":2,"deletions":2},"java":{"insertions":141,"deletions":52}}}]},{"date":"2024-02-15","commitResults":[{"hash":"0c5d0b2009c88412013996cd6f8e0fb65083de36","isMergeCommit":false,"messageTitle":"Add Assertions","messageBody":"","tags":["A-Assertions"],"fileTypesAndContributionMap":{"java":{"insertions":13,"deletions":2}}},{"hash":"9573fbe0bcb7eb20fe722864835977c68b51f80a","isMergeCommit":true,"messageTitle":"Merge pull request #1 from kab-dot/branch-A-Assertions","messageBody":"Add Assertions","fileTypesAndContributionMap":{}}]}]},"authorFileTypeContributionMap":{"kab-dot":{"java":1645,"md":0,"fxml":35,"sh":0,"bat":0,"gradle":25,"txt":7}},"authorContributionVariance":{"kab-dot":56848.965},"authorDisplayNameMap":{"kab-dot":"CS2103T-T13-4 KHUS..GWAT"}}
