{"authorDailyContributionsMap":{"kab-dot":[{"date":"2024-01-23","commitResults":[{"hash":"0fed9cf894b19ccc49b5a15f22c7e69a47d21549","isMergeCommit":false,"messageTitle":"rename, greet, exit","messageBody":"","fileTypesAndContributionMap":{"java":{"insertions":15,"deletions":10}}},{"hash":"671c9d337403ad9f48871015a5386f3a7bbee9b4","isMergeCommit":false,"messageTitle":"rename, greet, exit","messageBody":"","tags":["Level-0"],"fileTypesAndContributionMap":{"java":{"insertions":5,"deletions":4}}}]},{"date":"2024-01-24","commitResults":[{"hash":"505bf7345216c0657279d3c09543e0137710b294","isMergeCommit":false,"messageTitle":"echo + study + bye","messageBody":"","tags":["Level-1.Echo"],"fileTypesAndContributionMap":{"java":{"insertions":31,"deletions":3}}},{"hash":"e9b8d7c2401870e49bc1c1a769e86c1b2f45897c","isMergeCommit":false,"messageTitle":"add, list","messageBody":"","tags":["Level-2.Add,List"],"fileTypesAndContributionMap":{"java":{"insertions":20,"deletions":11}}}]},{"date":"2024-01-25","commitResults":[{"hash":"10c161baf35ab34ab333a8c1b14b0b3efda9a388","isMergeCommit":false,"messageTitle":"mark and unmark","messageBody":"","tags":["Level-3.Mark-As-Done"],"fileTypesAndContributionMap":{"java":{"insertions":54,"deletions":10}}},{"hash":"ca48f730df6a30c563577961cf9a779bb2724fe7","isMergeCommit":false,"messageTitle":"todos, events, deadlines","messageBody":"","tags":["Level-4.Todos,Events,Deadlines"],"fileTypesAndContributionMap":{"java":{"insertions":75,"deletions":2}}},{"hash":"9f31ec445514cbbdce1318dfcfa67a694ac19da3","isMergeCommit":false,"messageTitle":"text-ui-testing","messageBody":"","tags":["A-TextUiTesting-Automated-Text-UI-Testing"],"fileTypesAndContributionMap":{"txt":{"insertions":5,"deletions":0},"java":{"insertions":3,"deletions":4}}}]},{"date":"2024-01-26","commitResults":[{"hash":"00e887d7cd6f4786600486d488a06a6140edaede","isMergeCommit":false,"messageTitle":"handle errors","messageBody":"","tags":["Level-5.Handle-Errors"],"fileTypesAndContributionMap":{"java":{"insertions":12,"deletions":6}}},{"hash":"af04c1b3217c2f9b28ac46bfed93a92a2baeca30","isMergeCommit":false,"messageTitle":"delete","messageBody":"","tags":["Level-6.Delete"],"fileTypesAndContributionMap":{"java":{"insertions":27,"deletions":9}}}]},{"date":"2024-01-30","commitResults":[{"hash":"cbe0b004ada3a5c18d57ab78f3600353ff488037","isMergeCommit":false,"messageTitle":"date and time","messageBody":"","tags":["Level-8.Dates-and-Times"],"fileTypesAndContributionMap":{"java":{"insertions":178,"deletions":63}}}]},{"date":"2024-01-31","commitResults":[{"hash":"ef48b1b15ab16aa4586e72175e805b881fcfd6ae","isMergeCommit":false,"messageTitle":"OOP refactoring","messageBody":"","tags":["A-MoreOOP"],"fileTypesAndContributionMap":{"java":{"insertions":618,"deletions":187}}}]}]},"authorFileTypeContributionMap":{"kab-dot":{"java":737,"md":0,"fxml":0,"sh":0,"bat":0,"gradle":0,"txt":5}},"authorContributionVariance":{"kab-dot":45938.77},"authorDisplayNameMap":{"kab-dot":"CS2103T-T13-4 KHUS..GWAT"}}
