{"authorDailyContributionsMap":{"tayziyi":[{"date":"2024-01-24","commitResults":[{"hash":"f823d93cf3666a633a780f33959a49cdb20d4d97","isMergeCommit":false,"messageTitle":"Level-0","messageBody":"","fileTypesAndContributionMap":{"java":{"insertions":8,"deletions":10}}},{"hash":"be1a42279abb0a19ec51528a7fed601227791efd","isMergeCommit":false,"messageTitle":"Level-1","messageBody":"","fileTypesAndContributionMap":{"java":{"insertions":24,"deletions":1}}},{"hash":"a739b8ade727fadcf6af0acf8a03c01ff0dc8e86","isMergeCommit":true,"messageTitle":"Merge remote-tracking branch \u0027origin/master\u0027","messageBody":"","fileTypesAndContributionMap":{}},{"hash":"95066230ddcf0b428763e5f0e56cb3a8ca030ea3","isMergeCommit":false,"messageTitle":"Level-2","messageBody":"","fileTypesAndContributionMap":{"java":{"insertions":23,"deletions":4}}},{"hash":"28fe3f23ba611ffa3a8b3aada3bfacd8c77310ab","isMergeCommit":false,"messageTitle":"Level-3","messageBody":"","fileTypesAndContributionMap":{"java":{"insertions":55,"deletions":4}}},{"hash":"c1e5524e10b047a11e554fcb26852075f1c16938","isMergeCommit":false,"messageTitle":"Level-4","messageBody":"","fileTypesAndContributionMap":{"java":{"insertions":95,"deletions":8}}}]}]},"authorFileTypeContributionMap":{"tayziyi":{"java":188,"md":0,"fxml":0,"sh":0,"bat":0,"gradle":0,"txt":0}},"authorContributionVariance":{"tayziyi":7475.555},"authorDisplayNameMap":{"tayziyi":"TAY ..I YI"}}
