{"authorDailyContributionsMap":{"tayziyi":[{"date":"2024-01-24","commitResults":[{"hash":"f823d93cf3666a633a780f33959a49cdb20d4d97","isMergeCommit":false,"messageTitle":"Level-0","messageBody":"","fileTypesAndContributionMap":{"java":{"insertions":8,"deletions":10}}},{"hash":"be1a42279abb0a19ec51528a7fed601227791efd","isMergeCommit":false,"messageTitle":"Level-1","messageBody":"","tags":["Level-1"],"fileTypesAndContributionMap":{"java":{"insertions":24,"deletions":1}}},{"hash":"a739b8ade727fadcf6af0acf8a03c01ff0dc8e86","isMergeCommit":true,"messageTitle":"Merge remote-tracking branch \u0027origin/master\u0027","messageBody":"","fileTypesAndContributionMap":{}},{"hash":"95066230ddcf0b428763e5f0e56cb3a8ca030ea3","isMergeCommit":false,"messageTitle":"Level-2","messageBody":"","tags":["Level-2"],"fileTypesAndContributionMap":{"java":{"insertions":23,"deletions":4}}},{"hash":"28fe3f23ba611ffa3a8b3aada3bfacd8c77310ab","isMergeCommit":false,"messageTitle":"Level-3","messageBody":"","tags":["Level-3"],"fileTypesAndContributionMap":{"java":{"insertions":55,"deletions":4}}},{"hash":"c1e5524e10b047a11e554fcb26852075f1c16938","isMergeCommit":false,"messageTitle":"Level-4","messageBody":"","tags":["Level-4"],"fileTypesAndContributionMap":{"java":{"insertions":95,"deletions":8}}}]},{"date":"2024-01-25","commitResults":[{"hash":"d8f178a4c34743f0124196533a7792d6cb867806","isMergeCommit":false,"messageTitle":"A-TextUiTesting","messageBody":"","tags":["A-TextUiTesting"],"fileTypesAndContributionMap":{"txt":{"insertions":2,"deletions":0},"java":{"insertions":93,"deletions":65},"bat":{"insertions":1,"deletions":1},"sh":{"insertions":1,"deletions":1}}},{"hash":"9faa64880436ff85f7565bf146f05058e43a78bb","isMergeCommit":false,"messageTitle":"Level-5","messageBody":"","tags":["Level-5"],"fileTypesAndContributionMap":{"java":{"insertions":0,"deletions":4}}},{"hash":"1c85c1664ee1eee66e365ac4de5a2df5184fc3cb","isMergeCommit":false,"messageTitle":"Level-6","messageBody":"","tags":["Level-6"],"fileTypesAndContributionMap":{"java":{"insertions":33,"deletions":25}}},{"hash":"688262e222fe6b1ba6c4c3fa9ad8c53fc087e20f","isMergeCommit":false,"messageTitle":"A-Enums","messageBody":"","tags":["A-Enums"],"fileTypesAndContributionMap":{"java":{"insertions":41,"deletions":44}}}]},{"date":"2024-02-06","commitResults":[{"hash":"faf6a5c885d09a65e60efae4fd43e877ebacbabf","isMergeCommit":false,"messageTitle":"Add Save function","messageBody":"","tags":["Level-7"],"fileTypesAndContributionMap":{"txt":{"insertions":4,"deletions":0},"java":{"insertions":98,"deletions":0}}}]},{"date":"2024-02-09","commitResults":[{"hash":"732632a7dcd33acd8864faf2d1000060b82c7ead","isMergeCommit":false,"messageTitle":"Add date and time function","messageBody":"","tags":["Level-8"],"fileTypesAndContributionMap":{"java":{"insertions":59,"deletions":26}}},{"hash":"2ad10169f260b8654d1b12223d2566c4478773f0","isMergeCommit":false,"messageTitle":"Extract Ui, Storage, Parser, TaskList class","messageBody":"","tags":["A-MoreOOP"],"fileTypesAndContributionMap":{"java":{"insertions":278,"deletions":188}}},{"hash":"5345a6f71910913b7e7532aa02dd7285b8372fdb","isMergeCommit":false,"messageTitle":"Organize into Packages","messageBody":"","fileTypesAndContributionMap":{"java":{"insertions":12,"deletions":0}}},{"hash":"959c5fc027f44bd3b24fea9a3cfbd256bb5c8c8f","isMergeCommit":false,"messageTitle":"Stash .txt file","messageBody":"","fileTypesAndContributionMap":{"txt":{"insertions":5,"deletions":4}}}]},{"date":"2024-02-13","commitResults":[{"hash":"9df40b3700a97b89423691c3cd60ade31cb85dcb","isMergeCommit":true,"messageTitle":"\u0027Merge branch \u0027add-gradle-support\u0027","messageBody":"","fileTypesAndContributionMap":{}}]},{"date":"2024-02-15","commitResults":[{"hash":"8005cd623688312bfa35c4cb983c404966d06ab3","isMergeCommit":false,"messageTitle":"Add JUnit Tests","messageBody":"","tags":["A-Jar","A-JUnit"],"fileTypesAndContributionMap":{"java":{"insertions":137,"deletions":0}}},{"hash":"eb860c943e52ea7165a5877f5c96b35badf71108","isMergeCommit":false,"messageTitle":"Add JavaDocs","messageBody":"","tags":["A-JavaDoc"],"fileTypesAndContributionMap":{"java":{"insertions":249,"deletions":11}}},{"hash":"921b5ac698df69c376db7c85ba775af2fb391d9c","isMergeCommit":false,"messageTitle":"Tweak code to comply with coding standard","messageBody":"","tags":["A-CodingStandard"],"fileTypesAndContributionMap":{"java":{"insertions":49,"deletions":39}}},{"hash":"cbdb2d9e497bff45ebd95d389494a1bfd830c5cc","isMergeCommit":false,"messageTitle":"Add Find function","messageBody":"","tags":["Level-9"],"fileTypesAndContributionMap":{"java":{"insertions":28,"deletions":0}}},{"hash":"75004508ebecf99f33f8c68595a8da7933a46600","isMergeCommit":true,"messageTitle":"Fix conflict for merge branch","messageBody":"","fileTypesAndContributionMap":{}},{"hash":"26de07b11ed124a6240711947987b5b788957f71","isMergeCommit":true,"messageTitle":"Fix conflict for merge branch","messageBody":"","fileTypesAndContributionMap":{}}]}]},"authorFileTypeContributionMap":{"tayziyi":{"java":860,"md":0,"fxml":0,"sh":1,"bat":1,"gradle":2,"txt":7}},"authorContributionVariance":{"tayziyi":23014.738},"authorDisplayNameMap":{"tayziyi":"CS2103T-F10-4 TAY ..I YI"}}
