{"authorDailyContributionsMap":{"larainezo":[{"date":"2024-01-23","commitResults":[{"hash":"7faa29ffcbac2b9e26b616ae2baa77dd305e1a57","isMergeCommit":false,"messageTitle":"Level-0","messageBody":"","tags":["Level-0"],"fileTypesAndContributionMap":{"java":{"insertions":9,"deletions":0}}},{"hash":"77127d74f98248765b89d2d13a9af7697f33e0ca","isMergeCommit":false,"messageTitle":"Level-1","messageBody":"","tags":["Level-1"],"fileTypesAndContributionMap":{"java":{"insertions":18,"deletions":5}}},{"hash":"8ec1e7f1c0afc4f2a7a23af23fe9b9396ead9406","isMergeCommit":false,"messageTitle":"Level-2","messageBody":"","tags":["Level-2"],"fileTypesAndContributionMap":{"java":{"insertions":17,"deletions":3}}},{"hash":"ae6fd852104fd52dddc97a6f8be2b917af27c478","isMergeCommit":false,"messageTitle":"Level-3","messageBody":"","tags":["Level-3"],"fileTypesAndContributionMap":{"java":{"insertions":59,"deletions":12}}}]},{"date":"2024-01-24","commitResults":[{"hash":"413fb771dbd4f2bedf48ae50bc4f7c2f2c18fc84","isMergeCommit":false,"messageTitle":"Level-4","messageBody":"","tags":["Level-4"],"fileTypesAndContributionMap":{"java":{"insertions":89,"deletions":9}}},{"hash":"301c2c775ebd72bd0e3d7196ff7d9d472a702fd5","isMergeCommit":false,"messageTitle":"A-TextUiTesting","messageBody":"","tags":["A-TextUiTesting"],"fileTypesAndContributionMap":{"java":{"insertions":2,"deletions":1},"bat":{"insertions":1,"deletions":1}}},{"hash":"4b42b37da988831d19464e2c4ea90b31ef3b8c49","isMergeCommit":false,"messageTitle":"A-Exceptions","messageBody":"","tags":["A-Exceptions"],"fileTypesAndContributionMap":{"java":{"insertions":147,"deletions":58}}},{"hash":"591e1336d184f1099a856e42add2726ad9ab4213","isMergeCommit":false,"messageTitle":"Level-6","messageBody":"","tags":["Level-6"],"fileTypesAndContributionMap":{"java":{"insertions":39,"deletions":18}}},{"hash":"7f5fe0cd945f07ffa2c14e718533a88e23827382","isMergeCommit":false,"messageTitle":"Level-5","messageBody":"","tags":["Level-5"],"fileTypesAndContributionMap":{"java":{"insertions":0,"deletions":23}}},{"hash":"c59a9c48f5f68fbe2a41f15105cae62ad1df88c3","isMergeCommit":false,"messageTitle":"Level-6","messageBody":"","tags":["A-Enums"],"fileTypesAndContributionMap":{"java":{"insertions":23,"deletions":0}}}]},{"date":"2024-02-03","commitResults":[{"hash":"18c1fd06ed6919fa7c7c5e415d2c22667d2bc287","isMergeCommit":false,"messageTitle":"Level-7","messageBody":"","fileTypesAndContributionMap":{"java":{"insertions":112,"deletions":18}}},{"hash":"e3f27fba7b3d5913cdbef2c092628aafa7d77ebb","isMergeCommit":false,"messageTitle":"Revert \"Level-7\"","messageBody":"This reverts commit 18c1fd06ed6919fa7c7c5e415d2c22667d2bc287.\n","fileTypesAndContributionMap":{"java":{"insertions":18,"deletions":112}}},{"hash":"b51ff49ec5f2377097bc80f7363b1836ec671e0c","isMergeCommit":false,"messageTitle":"Level-7","messageBody":"","fileTypesAndContributionMap":{"java":{"insertions":112,"deletions":18}}},{"hash":"255c1e33f1da6eea6fb59e7f4d5ce0e0c758ea01","isMergeCommit":false,"messageTitle":"Revert \"Level-7\"","messageBody":"This reverts commit b51ff49ec5f2377097bc80f7363b1836ec671e0c.\n","fileTypesAndContributionMap":{"java":{"insertions":18,"deletions":112}}},{"hash":"f065bd63bebb94c7d194585f1bf1e58456c4e99b","isMergeCommit":false,"messageTitle":"Level-7","messageBody":"","fileTypesAndContributionMap":{"java":{"insertions":112,"deletions":18}}},{"hash":"b8dacf75bbcc130c4c54a117a249328cc8272dd3","isMergeCommit":false,"messageTitle":"Level-7","messageBody":"","fileTypesAndContributionMap":{"java":{"insertions":18,"deletions":112}}},{"hash":"6179cfd51ce3588202624567564e78a7e443ae25","isMergeCommit":false,"messageTitle":"Level-7","messageBody":"","fileTypesAndContributionMap":{"java":{"insertions":112,"deletions":18}}},{"hash":"65b7b4bdc98c7f690b4eda084a8b0b0a6059fa7e","isMergeCommit":false,"messageTitle":"Add save feature","messageBody":"","tags":["Level-7"],"fileTypesAndContributionMap":{"java":{"insertions":0,"deletions":16}}},{"hash":"5215e96ff5466054d791c66d802a50e11baf471a","isMergeCommit":true,"messageTitle":"Merge pull request #1 from larainezo/branch-Level-7","messageBody":"Merge branch-Level-7","fileTypesAndContributionMap":{}}]}]},"authorFileTypeContributionMap":{"larainezo":{"java":352,"md":0,"fxml":0,"sh":0,"bat":1,"gradle":0,"txt":0}},"authorContributionVariance":{"larainezo":56768.812},"authorDisplayNameMap":{"larainezo":"CS2103T-F11-4 LIM ..AINE"}}
