{"authorDailyContributionsMap":{"Bandov":[{"date":"2024-01-20","commitResults":[{"hash":"d939adc145f25fee22667cef2ae516e5d55e0dca","isMergeCommit":false,"messageTitle":"Level 0","messageBody":"","tags":["Level-0"],"fileTypesAndContributionMap":{"java":{"insertions":6,"deletions":6}}},{"hash":"dd5d0b4f0bee7a29eab8bdcb3048322af6eed788","isMergeCommit":false,"messageTitle":"Level 1","messageBody":"","tags":["Level-1"],"fileTypesAndContributionMap":{"java":{"insertions":13,"deletions":0}}},{"hash":"1fa5b091ef40551faed487252bc4a6247d15f335","isMergeCommit":false,"messageTitle":"Level 2","messageBody":"","tags":["Level-2"],"fileTypesAndContributionMap":{"java":{"insertions":11,"deletions":2}}},{"hash":"7ea9a42b8613d90a6d2d65d045acaddf8ddcf3c5","isMergeCommit":false,"messageTitle":"Level 3","messageBody":"","tags":["Level-3"],"fileTypesAndContributionMap":{"java":{"insertions":59,"deletions":7}}},{"hash":"413d537eac2b2a2882d7b248ce4f0d8b27154762","isMergeCommit":false,"messageTitle":"Level 4","messageBody":"","fileTypesAndContributionMap":{"java":{"insertions":76,"deletions":36}}},{"hash":"eba8bbc136546a09580c24c60f48e2a2a6f93ea5","isMergeCommit":false,"messageTitle":"fixed double lining","messageBody":"","tags":["Level-4"],"fileTypesAndContributionMap":{"java":{"insertions":1,"deletions":1}}}]},{"date":"2024-01-22","commitResults":[{"hash":"3965a0c45171cd863925c3e37e0195a210e8333c","isMergeCommit":false,"messageTitle":"Added error catching functionality","messageBody":"","tags":["Level-5"],"fileTypesAndContributionMap":{"java":{"insertions":99,"deletions":49}}},{"hash":"36865521f1d995737e8019d3c09dcb17f39599c3","isMergeCommit":false,"messageTitle":"deleting of tasks from task list","messageBody":"","tags":["Level-6"],"fileTypesAndContributionMap":{"java":{"insertions":21,"deletions":0}}}]},{"date":"2024-01-24","commitResults":[{"hash":"412f760d56a2cc994b396706e0930108f8b4f921","isMergeCommit":false,"messageTitle":"Add the autorunning of tests","messageBody":"","fileTypesAndContributionMap":{"sh":{"insertions":35,"deletions":0}}},{"hash":"64174a43ea5b15682ac1dd81618539f17e9e4c4d","isMergeCommit":false,"messageTitle":"correct testing methodology","messageBody":"","tags":["A-TextUiTesting"],"fileTypesAndContributionMap":{"txt":{"insertions":35,"deletions":0},"sh":{"insertions":5,"deletions":8}}}]},{"date":"2024-01-25","commitResults":[{"hash":"ff165f0efb8aa20279176104c86114513a1898c7","isMergeCommit":false,"messageTitle":"added saving","messageBody":"","tags":["Level-7"],"fileTypesAndContributionMap":{"java":{"insertions":110,"deletions":4}}},{"hash":"c811695f16030aaa41af03d2952a318064c8fce5","isMergeCommit":false,"messageTitle":"added time functionality","messageBody":"","tags":["Level-8"],"fileTypesAndContributionMap":{"java":{"insertions":45,"deletions":13}}},{"hash":"8a6cf9e4beb4cf8fec44ae36d470c96607f02909","isMergeCommit":false,"messageTitle":"OOP","messageBody":"","tags":["A-MoreOOP"],"fileTypesAndContributionMap":{"java":{"insertions":272,"deletions":185}}},{"hash":"4478a954777931fd1fd77ec1f2113f72d29066f3","isMergeCommit":false,"messageTitle":"added to package duke","messageBody":"","fileTypesAndContributionMap":{"java":{"insertions":18,"deletions":3},"sh":{"insertions":1,"deletions":1}}}]},{"date":"2024-01-26","commitResults":[{"hash":"1379e3307de176da605b8a99bf2597e80a415471","isMergeCommit":true,"messageTitle":"Merge commit \u0027a6f73244a20539e20c2189973ebf597df34ef631\u0027 into A-Packages","messageBody":"","fileTypesAndContributionMap":{}},{"hash":"52aa6682b94a6380ce7eeaf2c9109d285b64c8b8","isMergeCommit":false,"messageTitle":"Added gradle testing and functionality","messageBody":"","fileTypesAndContributionMap":{"gradle":{"insertions":1,"deletions":1},"java":{"insertions":73,"deletions":0}}},{"hash":"d4feed0adddf5bbc883646054c1dce2315873f0a","isMergeCommit":false,"messageTitle":"no message","messageBody":"","tags":["A-Packages","A-Gradle"],"fileTypesAndContributionMap":{"java":{"insertions":6,"deletions":0}}},{"hash":"8e306b2824bc9526df886a0b189bd9129111259d","isMergeCommit":false,"messageTitle":"Added more JUnit tests","messageBody":"","tags":["A-JUnit"],"fileTypesAndContributionMap":{"java":{"insertions":77,"deletions":0}}},{"hash":"617d11991d293964e69a49215390bf20aa8bccd7","isMergeCommit":false,"messageTitle":"Jar file creation","messageBody":"","tags":["A-Jar"],"fileTypesAndContributionMap":{"gradle":{"insertions":1,"deletions":0}}}]},{"date":"2024-01-27","commitResults":[{"hash":"0f6233802a04de9ffc20ee654356bdf14fde4970","isMergeCommit":false,"messageTitle":"gradle checkstyle plus javadocs","messageBody":"","tags":["A-JavaDoc"],"fileTypesAndContributionMap":{"gradle":{"insertions":11,"deletions":0},"java":{"insertions":294,"deletions":1}}},{"hash":"3436a90f145e1ebdbee3d0930fa1b59e05c40193","isMergeCommit":false,"messageTitle":"coding standard","messageBody":"","tags":["A-CodingStandard"],"fileTypesAndContributionMap":{"gradle":{"insertions":1,"deletions":1},"java":{"insertions":31,"deletions":16}}},{"hash":"4b4e97813ca03afcc541ff621eddd2c88671e8d5","isMergeCommit":false,"messageTitle":"added find capability","messageBody":"","tags":["Level-9"],"fileTypesAndContributionMap":{"java":{"insertions":42,"deletions":0}}},{"hash":"5c15a053dc46dda43959f2cd52f82b7b9ed0f5d2","isMergeCommit":false,"messageTitle":"changed indentation to follow checkstyle","messageBody":"","fileTypesAndContributionMap":{"java":{"insertions":11,"deletions":11}}}]},{"date":"2024-01-29","commitResults":[{"hash":"e7485a33153f814dddfc4cdd82dfef9d3e4ab8a3","isMergeCommit":false,"messageTitle":"fix wrong branching","messageBody":"","fileTypesAndContributionMap":{"java":{"insertions":3,"deletions":0}}},{"hash":"1b361110f07265935271189ad111348123ef5107","isMergeCommit":true,"messageTitle":"Merge commit \u0027e7485a33153f814dddfc4cdd82dfef9d3e4ab8a3\u0027 into branch-Level-8","messageBody":"* commit \u0027e7485a33153f814dddfc4cdd82dfef9d3e4ab8a3\u0027:\n  fix wrong branching\n","fileTypesAndContributionMap":{}},{"hash":"219a8459f416f419b8a73422e0b010a776dcdea9","isMergeCommit":true,"messageTitle":"Merge branch \u0027branch-Level-8\u0027","messageBody":"* branch-Level-8:\n  fix wrong branching\n\n# Conflicts:\n#\tsrc/main/java/Duke.java\n","fileTypesAndContributionMap":{}}]},{"date":"2024-01-30","commitResults":[{"hash":"a00a335d4e86d85012411e90244b2aab6960cf67","isMergeCommit":false,"messageTitle":"Updated to fit checkstyle requirements","messageBody":"","fileTypesAndContributionMap":{"gradle":{"insertions":1,"deletions":7},"java":{"insertions":37,"deletions":23}}}]}]},"authorFileTypeContributionMap":{"Bandov":{"java":954,"md":0,"fxml":0,"sh":39,"bat":0,"gradle":7,"txt":35}},"authorContributionVariance":{"Bandov":37681.914},"authorDisplayNameMap":{"Bandov":"CS2103T-T11-1 SONG..INIC"}}
