{"authorDailyContributionsMap":{"Bandov":[{"date":"2024-01-20","commitResults":[{"hash":"d939adc145f25fee22667cef2ae516e5d55e0dca","isMergeCommit":false,"messageTitle":"Level 0","messageBody":"","tags":["Level-0"],"fileTypesAndContributionMap":{"java":{"insertions":6,"deletions":6}}},{"hash":"dd5d0b4f0bee7a29eab8bdcb3048322af6eed788","isMergeCommit":false,"messageTitle":"Level 1","messageBody":"","tags":["Level-1"],"fileTypesAndContributionMap":{"java":{"insertions":13,"deletions":0}}},{"hash":"1fa5b091ef40551faed487252bc4a6247d15f335","isMergeCommit":false,"messageTitle":"Level 2","messageBody":"","tags":["Level-2"],"fileTypesAndContributionMap":{"java":{"insertions":11,"deletions":2}}},{"hash":"7ea9a42b8613d90a6d2d65d045acaddf8ddcf3c5","isMergeCommit":false,"messageTitle":"Level 3","messageBody":"","tags":["Level-3"],"fileTypesAndContributionMap":{"java":{"insertions":59,"deletions":7}}},{"hash":"413d537eac2b2a2882d7b248ce4f0d8b27154762","isMergeCommit":false,"messageTitle":"Level 4","messageBody":"","fileTypesAndContributionMap":{"java":{"insertions":76,"deletions":36}}},{"hash":"eba8bbc136546a09580c24c60f48e2a2a6f93ea5","isMergeCommit":false,"messageTitle":"fixed double lining","messageBody":"","tags":["Level-4"],"fileTypesAndContributionMap":{"java":{"insertions":1,"deletions":1}}}]},{"date":"2024-01-22","commitResults":[{"hash":"3965a0c45171cd863925c3e37e0195a210e8333c","isMergeCommit":false,"messageTitle":"Added error catching functionality","messageBody":"","tags":["Level-5"],"fileTypesAndContributionMap":{"java":{"insertions":99,"deletions":49}}},{"hash":"36865521f1d995737e8019d3c09dcb17f39599c3","isMergeCommit":false,"messageTitle":"deleting of tasks from task list","messageBody":"","tags":["Level-6"],"fileTypesAndContributionMap":{"java":{"insertions":21,"deletions":0}}}]},{"date":"2024-01-24","commitResults":[{"hash":"412f760d56a2cc994b396706e0930108f8b4f921","isMergeCommit":false,"messageTitle":"Add the autorunning of tests","messageBody":"","fileTypesAndContributionMap":{"sh":{"insertions":35,"deletions":0}}},{"hash":"64174a43ea5b15682ac1dd81618539f17e9e4c4d","isMergeCommit":false,"messageTitle":"correct testing methodology","messageBody":"","tags":["A-TextUiTesting"],"fileTypesAndContributionMap":{"txt":{"insertions":35,"deletions":0},"sh":{"insertions":5,"deletions":8}}}]},{"date":"2024-01-25","commitResults":[{"hash":"ff165f0efb8aa20279176104c86114513a1898c7","isMergeCommit":false,"messageTitle":"added saving","messageBody":"","tags":["Level-7"],"fileTypesAndContributionMap":{"java":{"insertions":110,"deletions":4}}},{"hash":"c811695f16030aaa41af03d2952a318064c8fce5","isMergeCommit":false,"messageTitle":"added time functionality","messageBody":"","tags":["Level-8"],"fileTypesAndContributionMap":{"java":{"insertions":45,"deletions":13}}},{"hash":"8a6cf9e4beb4cf8fec44ae36d470c96607f02909","isMergeCommit":false,"messageTitle":"OOP","messageBody":"","tags":["A-MoreOOP"],"fileTypesAndContributionMap":{"java":{"insertions":272,"deletions":185}}},{"hash":"4478a954777931fd1fd77ec1f2113f72d29066f3","isMergeCommit":false,"messageTitle":"added to package duke","messageBody":"","fileTypesAndContributionMap":{"java":{"insertions":18,"deletions":3},"sh":{"insertions":1,"deletions":1}}}]},{"date":"2024-01-26","commitResults":[{"hash":"1379e3307de176da605b8a99bf2597e80a415471","isMergeCommit":true,"messageTitle":"Merge commit \u0027a6f73244a20539e20c2189973ebf597df34ef631\u0027 into A-Packages","messageBody":"","fileTypesAndContributionMap":{}},{"hash":"52aa6682b94a6380ce7eeaf2c9109d285b64c8b8","isMergeCommit":false,"messageTitle":"Added gradle testing and functionality","messageBody":"","fileTypesAndContributionMap":{"gradle":{"insertions":1,"deletions":1},"java":{"insertions":73,"deletions":0}}},{"hash":"d4feed0adddf5bbc883646054c1dce2315873f0a","isMergeCommit":false,"messageTitle":"no message","messageBody":"","tags":["A-Packages","A-Gradle"],"fileTypesAndContributionMap":{"java":{"insertions":6,"deletions":0}}},{"hash":"8e306b2824bc9526df886a0b189bd9129111259d","isMergeCommit":false,"messageTitle":"Added more JUnit tests","messageBody":"","tags":["A-JUnit"],"fileTypesAndContributionMap":{"java":{"insertions":77,"deletions":0}}},{"hash":"617d11991d293964e69a49215390bf20aa8bccd7","isMergeCommit":false,"messageTitle":"Jar file creation","messageBody":"","tags":["A-Jar"],"fileTypesAndContributionMap":{"gradle":{"insertions":1,"deletions":0}}}]},{"date":"2024-01-27","commitResults":[{"hash":"0f6233802a04de9ffc20ee654356bdf14fde4970","isMergeCommit":false,"messageTitle":"gradle checkstyle plus javadocs","messageBody":"","tags":["A-JavaDoc"],"fileTypesAndContributionMap":{"gradle":{"insertions":11,"deletions":0},"java":{"insertions":294,"deletions":1}}},{"hash":"3436a90f145e1ebdbee3d0930fa1b59e05c40193","isMergeCommit":false,"messageTitle":"coding standard","messageBody":"","tags":["A-CodingStandard"],"fileTypesAndContributionMap":{"gradle":{"insertions":1,"deletions":1},"java":{"insertions":31,"deletions":16}}},{"hash":"4b4e97813ca03afcc541ff621eddd2c88671e8d5","isMergeCommit":false,"messageTitle":"added find capability","messageBody":"","tags":["Level-9"],"fileTypesAndContributionMap":{"java":{"insertions":42,"deletions":0}}},{"hash":"5c15a053dc46dda43959f2cd52f82b7b9ed0f5d2","isMergeCommit":false,"messageTitle":"changed indentation to follow checkstyle","messageBody":"","fileTypesAndContributionMap":{"java":{"insertions":11,"deletions":11}}}]},{"date":"2024-01-29","commitResults":[{"hash":"e7485a33153f814dddfc4cdd82dfef9d3e4ab8a3","isMergeCommit":false,"messageTitle":"fix wrong branching","messageBody":"","fileTypesAndContributionMap":{"java":{"insertions":3,"deletions":0}}},{"hash":"1b361110f07265935271189ad111348123ef5107","isMergeCommit":true,"messageTitle":"Merge commit \u0027e7485a33153f814dddfc4cdd82dfef9d3e4ab8a3\u0027 into branch-Level-8","messageBody":"* commit \u0027e7485a33153f814dddfc4cdd82dfef9d3e4ab8a3\u0027:\n  fix wrong branching\n","fileTypesAndContributionMap":{}},{"hash":"219a8459f416f419b8a73422e0b010a776dcdea9","isMergeCommit":true,"messageTitle":"Merge branch \u0027branch-Level-8\u0027","messageBody":"* branch-Level-8:\n  fix wrong branching\n\n# Conflicts:\n#\tsrc/main/java/Duke.java\n","fileTypesAndContributionMap":{}}]},{"date":"2024-01-30","commitResults":[{"hash":"a00a335d4e86d85012411e90244b2aab6960cf67","isMergeCommit":false,"messageTitle":"Updated to fit checkstyle requirements","messageBody":"","tags":["A-CheckStyle"],"fileTypesAndContributionMap":{"gradle":{"insertions":1,"deletions":7},"java":{"insertions":37,"deletions":23}}}]},{"date":"2024-02-03","commitResults":[{"hash":"1fe5df1c896840864c65f148930f7bb5e00db214","isMergeCommit":false,"messageTitle":"implemented functional user interface","messageBody":"","fileTypesAndContributionMap":{"gradle":{"insertions":19,"deletions":0},"fxml":{"insertions":72,"deletions":0},"java":{"insertions":238,"deletions":33}}},{"hash":"7e0cc7e45911f9121cfb743feefd4a86ae0b1231","isMergeCommit":false,"messageTitle":"fixed checkstyle issues","messageBody":"","fileTypesAndContributionMap":{"java":{"insertions":5,"deletions":5}}},{"hash":"5dcc2997a4a315ea2ae86d5585330a70cd96490f","isMergeCommit":false,"messageTitle":"added missing javadocs","messageBody":"","tags":["Level-10"],"fileTypesAndContributionMap":{"java":{"insertions":101,"deletions":40}}},{"hash":"e95592c3d6a8275f110a264cb542efa6e86f162b","isMergeCommit":false,"messageTitle":"fixed the no storage file issue","messageBody":"","fileTypesAndContributionMap":{"java":{"insertions":10,"deletions":1}}},{"hash":"80d3158744f42aa21c8e1c654f4a18fd8fb51a3e","isMergeCommit":false,"messageTitle":"made duke string path final and implemented varargs","messageBody":"","tags":["Varargs"],"fileTypesAndContributionMap":{"java":{"insertions":2,"deletions":2}}}]},{"date":"2024-02-05","commitResults":[{"hash":"0b7e984eba57c3bde03daa50e9f821ff33721037","isMergeCommit":false,"messageTitle":"created a jar file to be used","messageBody":"","fileTypesAndContributionMap":{"gradle":{"insertions":1,"deletions":1},"java":{"insertions":1,"deletions":1}}},{"hash":"32487837f3a06164ee8d63a5e43cfaf234def62f","isMergeCommit":false,"messageTitle":"Add assertions to improve code robustness","messageBody":"Incorporate assertions throughout the codebase to ensure key assumptions about variable states and method outcomes hold true. This addition aims to catch and identify potential bugs early in the development cycle, enhancing the overall reliability and maintainability of the project. Assertions have been added primarily in critical sections where unexpected values could lead to logic errors or unexpected behavior.\n\n- Add assertions in method argument checks to prevent invalid inputs.\n- Ensure data integrity by asserting expected conditions before and after data manipulation.\n- Validate state consistency within objects post-initialization and during key operations.\n\nThis update does not affect the external API or performance under normal operation conditions but significantly improves code quality and debuggability.\n","tags":["A-FullCommitMessage","A-Assertions"],"fileTypesAndContributionMap":{"java":{"insertions":4,"deletions":2}}},{"hash":"2317afbe73dc95bd7c886b97f19f0892aff543dc","isMergeCommit":true,"messageTitle":"Merge pull request #1 from Bandov/branch-A-Assertions","messageBody":"Add assertions to improve code robustness","fileTypesAndContributionMap":{}},{"hash":"2e4f5ae8eb54d569d951f1d55a2c58fe319c3a84","isMergeCommit":false,"messageTitle":"Comprehensive code quality improvement across the project","messageBody":"- Standardized code formatting and naming conventions for improved consistency.\n- Modularized large components and optimized data structures for better maintainability and performance.\n- Enhanced encapsulation and applied design patterns where applicable for increased robustness and flexibility.\n- Implemented dependency injection to decouple components, facilitating easier testing and modification.\n- Refined error handling and logging mechanisms to improve application reliability and debuggability.\n- Updated and expanded documentation, including Javadoc and in-line comments, for clearer understanding and maintainability.\n- Increased test coverage with unit and integration tests to ensure code reliability and facilitate safe refactoring.\n- Addressed security concerns and vulnerabilities to protect against potential threats.\n\nThis refactor aims to enhance the overall quality of the project, focusing on readability, maintainability, performance, and security, ensuring a solid foundation for future development and scalability.\n","tags":["A-CodeQuality"],"fileTypesAndContributionMap":{"java":{"insertions":23,"deletions":70}}},{"hash":"c340a065932aa8180cadb2835ca55ca7a9516c30","isMergeCommit":true,"messageTitle":"Merge pull request #2 from Bandov/branch-A-CodeQuality","messageBody":"Comprehensive code quality improvement across the project","fileTypesAndContributionMap":{}}]},{"date":"2024-02-09","commitResults":[{"hash":"ce0fce2ff143a5c5c71f53b3938459fda1dfba77","isMergeCommit":false,"messageTitle":"feat: Implement tagging feature for tasks","messageBody":"This commit introduces the ability for users to add tags to tasks using the format \u0027tag [task number] /tag [tag content]\u0027. Tags are displayed alongside task descriptions and are prefixed with a \u0027#\u0027. The handleTag method has been updated to parse the command and append the tag to the specified task.\n","tags":["BCD-Extension"],"fileTypesAndContributionMap":{"java":{"insertions":151,"deletions":7}}}]},{"date":"2024-02-13","commitResults":[{"hash":"4efa98d28f0f868c0412574b6c3e07782fb0d4c0","isMergeCommit":false,"messageTitle":"Enhance GUI layout and accessibility","messageBody":"","tags":["A-BetterGUI"],"fileTypesAndContributionMap":{"fxml":{"insertions":7,"deletions":7},"java":{"insertions":2,"deletions":2}}}]},{"date":"2024-02-17","commitResults":[{"hash":"1005cf85788b3b296fa84c68f356c6b06aa4f5f6","isMergeCommit":false,"messageTitle":"Add comprehensive unit tests for Event class functionality","messageBody":"","tags":["A-MoreTesting"],"fileTypesAndContributionMap":{"java":{"insertions":172,"deletions":1}}},{"hash":"b60b76a2b3d0033f2c94342aa05eaeeefec99064","isMergeCommit":false,"messageTitle":"Add README documentation for the tagging feature","messageBody":"This commit introduces a README file that details the tagging feature within the application. It covers the creation and usage of tags for categorizing tasks, including methods for associating, filtering, and removing tags from tasks. This documentation aims to provide users and developers with a clear understanding of how tags can be used to enhance task management and organization.\n","tags":["Published-UG"],"fileTypesAndContributionMap":{"md":{"insertions":51,"deletions":11}}},{"hash":"008d0471b2d14fe21b47c4b7e340a57ed7f3e2bc","isMergeCommit":false,"messageTitle":"Updated to fix the image","messageBody":"","fileTypesAndContributionMap":{"md":{"insertions":1,"deletions":1}}},{"hash":"fb9a55a4f8ef33c6e11c30f829599f2ff6b8a481","isMergeCommit":false,"messageTitle":"Fixed image issues","messageBody":"","fileTypesAndContributionMap":{"md":{"insertions":4,"deletions":4}}},{"hash":"91c11e6976ba337237a8dc8b7383895f788dd47c","isMergeCommit":false,"messageTitle":"Fix Image issues","messageBody":"","tags":["A-UserGuide"],"fileTypesAndContributionMap":{"md":{"insertions":2,"deletions":2}}},{"hash":"5c31f832163d086c8c0953b2cd3d5721fa19b856","isMergeCommit":false,"messageTitle":"fix image issues","messageBody":"","fileTypesAndContributionMap":{"md":{"insertions":1,"deletions":1}}}]},{"date":"2024-02-18","commitResults":[{"hash":"1d9f55cf695e12bccb2613082a8c278325ef4724","isMergeCommit":false,"messageTitle":"Cleanup of readme file","messageBody":"","fileTypesAndContributionMap":{"md":{"insertions":2,"deletions":2}}},{"hash":"5d986fce4e2ed2d3882e2259014c431bbfd4fa45","isMergeCommit":false,"messageTitle":"fixed image issues","messageBody":"","tags":["A-Release"],"fileTypesAndContributionMap":{"md":{"insertions":1,"deletions":1}}}]},{"date":"2024-03-21","commitResults":[{"hash":"6ad94b31c11679894272b440d6619ca6af5308ae","isMergeCommit":false,"messageTitle":"fixed the parser issues","messageBody":"","fileTypesAndContributionMap":{"java":{"insertions":12,"deletions":0}}},{"hash":"a7eac2d16bcac6c6869d6982f640dba24b0b7fd6","isMergeCommit":false,"messageTitle":"fixed the UG and bug fixes","messageBody":"","fileTypesAndContributionMap":{"java":{"insertions":33,"deletions":16},"md":{"insertions":126,"deletions":30}}},{"hash":"89f592b84ae9788538079950a6dacdd47e9e2af7","isMergeCommit":false,"messageTitle":"updated image","messageBody":"","tags":["A-Release-Deprecate"],"fileTypesAndContributionMap":{"md":{"insertions":0,"deletions":1}}},{"hash":"e5afa4c66f13d107898366443fb88ba8a1523e9a","isMergeCommit":false,"messageTitle":"bug fix","messageBody":"","fileTypesAndContributionMap":{"java":{"insertions":1,"deletions":6}}}]}]},"authorFileTypeContributionMap":{"Bandov":{"java":1523,"md":142,"fxml":72,"sh":39,"bat":0,"gradle":26,"txt":35}},"authorContributionVariance":{"Bandov":15766.153},"authorDisplayNameMap":{"Bandov":"CS2103T-T11-1 SONG..INIC"}}
