[{"path":"src/main/java/Duke.java","fileType":"java","lines":[{"lineNumber":1,"author":{"gitId":"RunjiaChen"},"content":"import java.util.ArrayList;","lastModifiedDate":"2024-01-25"},{"lineNumber":2,"author":{"gitId":"RunjiaChen"},"content":"import java.util.Arrays;","lastModifiedDate":"2024-01-25"},{"lineNumber":3,"author":{"gitId":"RunjiaChen"},"content":"import java.util.Scanner;","lastModifiedDate":"2024-01-24"},{"lineNumber":4,"author":{"gitId":"RunjiaChen"},"content":"","lastModifiedDate":"2024-01-24"},{"lineNumber":5,"author":{"gitId":"-"},"content":"public class Duke {","lastModifiedDate":"2019-07-29"},{"lineNumber":6,"author":{"gitId":"RunjiaChen"},"content":"    private ArrayList\u003cTask\u003e tasks;","lastModifiedDate":"2024-01-25"},{"lineNumber":7,"author":{"gitId":"RunjiaChen"},"content":"    private int counter;","lastModifiedDate":"2024-01-24"},{"lineNumber":8,"author":{"gitId":"RunjiaChen"},"content":"    ","lastModifiedDate":"2024-01-24"},{"lineNumber":9,"author":{"gitId":"RunjiaChen"},"content":"    public Duke() {","lastModifiedDate":"2024-01-24"},{"lineNumber":10,"author":{"gitId":"RunjiaChen"},"content":"        this.tasks \u003d new ArrayList\u003cTask\u003e();","lastModifiedDate":"2024-01-25"},{"lineNumber":11,"author":{"gitId":"RunjiaChen"},"content":"        this.counter \u003d 0;","lastModifiedDate":"2024-01-24"},{"lineNumber":12,"author":{"gitId":"RunjiaChen"},"content":"    }","lastModifiedDate":"2024-01-24"},{"lineNumber":13,"author":{"gitId":"-"},"content":"    public static void main(String[] args) {","lastModifiedDate":"2019-07-29"},{"lineNumber":14,"author":{"gitId":"RunjiaChen"},"content":"        Duke d \u003d new Duke();","lastModifiedDate":"2024-01-23"},{"lineNumber":15,"author":{"gitId":"RunjiaChen"},"content":"","lastModifiedDate":"2024-01-23"},{"lineNumber":16,"author":{"gitId":"RunjiaChen"},"content":"        d.runBot();","lastModifiedDate":"2024-01-24"},{"lineNumber":17,"author":{"gitId":"RunjiaChen"},"content":"    }","lastModifiedDate":"2024-01-24"},{"lineNumber":18,"author":{"gitId":"RunjiaChen"},"content":"","lastModifiedDate":"2024-01-24"},{"lineNumber":19,"author":{"gitId":"RunjiaChen"},"content":"    /**","lastModifiedDate":"2024-01-25"},{"lineNumber":20,"author":{"gitId":"RunjiaChen"},"content":"     * Greets the user when the bot is started.","lastModifiedDate":"2024-01-25"},{"lineNumber":21,"author":{"gitId":"RunjiaChen"},"content":"     */","lastModifiedDate":"2024-01-25"},{"lineNumber":22,"author":{"gitId":"RunjiaChen"},"content":"    private void greet() {","lastModifiedDate":"2024-01-24"},{"lineNumber":23,"author":{"gitId":"RunjiaChen"},"content":"        System.out.println(\"Hello, I\u0027m Baymin\");","lastModifiedDate":"2024-01-25"},{"lineNumber":24,"author":{"gitId":"RunjiaChen"},"content":"        System.out.println(\"What can I do for you?\");","lastModifiedDate":"2024-01-25"},{"lineNumber":25,"author":{"gitId":"RunjiaChen"},"content":"    }","lastModifiedDate":"2024-01-24"},{"lineNumber":26,"author":{"gitId":"RunjiaChen"},"content":"","lastModifiedDate":"2024-01-24"},{"lineNumber":27,"author":{"gitId":"RunjiaChen"},"content":"    /**","lastModifiedDate":"2024-01-25"},{"lineNumber":28,"author":{"gitId":"RunjiaChen"},"content":"     * Says goodbye to the user when the bot has finished running.","lastModifiedDate":"2024-01-25"},{"lineNumber":29,"author":{"gitId":"RunjiaChen"},"content":"     */","lastModifiedDate":"2024-01-25"},{"lineNumber":30,"author":{"gitId":"RunjiaChen"},"content":"    private void bye() {","lastModifiedDate":"2024-01-24"},{"lineNumber":31,"author":{"gitId":"RunjiaChen"},"content":"        System.out.println(\"Bye. Hope to see you again soon!\");","lastModifiedDate":"2024-01-24"},{"lineNumber":32,"author":{"gitId":"RunjiaChen"},"content":"    }","lastModifiedDate":"2024-01-24"},{"lineNumber":33,"author":{"gitId":"RunjiaChen"},"content":"","lastModifiedDate":"2024-01-23"},{"lineNumber":34,"author":{"gitId":"RunjiaChen"},"content":"    /**","lastModifiedDate":"2024-01-25"},{"lineNumber":35,"author":{"gitId":"RunjiaChen"},"content":"     * Prints out a confirmation message when a task is added successfully.","lastModifiedDate":"2024-01-25"},{"lineNumber":36,"author":{"gitId":"RunjiaChen"},"content":"     * @param task is the name of the task.","lastModifiedDate":"2024-01-25"},{"lineNumber":37,"author":{"gitId":"RunjiaChen"},"content":"     */","lastModifiedDate":"2024-01-25"},{"lineNumber":38,"author":{"gitId":"RunjiaChen"},"content":"    private void echo(String task) {","lastModifiedDate":"2024-01-24"},{"lineNumber":39,"author":{"gitId":"RunjiaChen"},"content":"        System.out.println(\"added: \" + task);","lastModifiedDate":"2024-01-24"},{"lineNumber":40,"author":{"gitId":"-"},"content":"    }","lastModifiedDate":"2019-07-29"},{"lineNumber":41,"author":{"gitId":"RunjiaChen"},"content":"","lastModifiedDate":"2024-01-23"},{"lineNumber":42,"author":{"gitId":"RunjiaChen"},"content":"    /**","lastModifiedDate":"2024-01-25"},{"lineNumber":43,"author":{"gitId":"RunjiaChen"},"content":"     * Adds a new task to the list of tasks, provided that the task details pass","lastModifiedDate":"2024-01-25"},{"lineNumber":44,"author":{"gitId":"RunjiaChen"},"content":"     * the checks.","lastModifiedDate":"2024-01-25"},{"lineNumber":45,"author":{"gitId":"RunjiaChen"},"content":"     *","lastModifiedDate":"2024-01-25"},{"lineNumber":46,"author":{"gitId":"RunjiaChen"},"content":"     * @param name is details of the task.","lastModifiedDate":"2024-01-25"},{"lineNumber":47,"author":{"gitId":"RunjiaChen"},"content":"     */","lastModifiedDate":"2024-01-25"},{"lineNumber":48,"author":{"gitId":"RunjiaChen"},"content":"    private void addTask(String name) {","lastModifiedDate":"2024-01-24"},{"lineNumber":49,"author":{"gitId":"RunjiaChen"},"content":"        String[] details \u003d name.split(\" \");","lastModifiedDate":"2024-01-25"},{"lineNumber":50,"author":{"gitId":"RunjiaChen"},"content":"        String type \u003d details[0];","lastModifiedDate":"2024-01-25"},{"lineNumber":51,"author":{"gitId":"RunjiaChen"},"content":"        if (!checkType(type)) {","lastModifiedDate":"2024-01-25"},{"lineNumber":52,"author":{"gitId":"RunjiaChen"},"content":"            System.out.println(\"please enter a valid task type\");","lastModifiedDate":"2024-01-25"},{"lineNumber":53,"author":{"gitId":"RunjiaChen"},"content":"            return;","lastModifiedDate":"2024-01-25"},{"lineNumber":54,"author":{"gitId":"RunjiaChen"},"content":"        } else {","lastModifiedDate":"2024-01-25"},{"lineNumber":55,"author":{"gitId":"RunjiaChen"},"content":"            switch(type) {","lastModifiedDate":"2024-01-25"},{"lineNumber":56,"author":{"gitId":"RunjiaChen"},"content":"                case \"todo\" :","lastModifiedDate":"2024-01-25"},{"lineNumber":57,"author":{"gitId":"RunjiaChen"},"content":"                    addToDo(name);","lastModifiedDate":"2024-01-25"},{"lineNumber":58,"author":{"gitId":"RunjiaChen"},"content":"                    break;","lastModifiedDate":"2024-01-25"},{"lineNumber":59,"author":{"gitId":"RunjiaChen"},"content":"                case \"deadline\":","lastModifiedDate":"2024-01-25"},{"lineNumber":60,"author":{"gitId":"RunjiaChen"},"content":"                    addDeadline(name);","lastModifiedDate":"2024-01-25"},{"lineNumber":61,"author":{"gitId":"RunjiaChen"},"content":"                    break;","lastModifiedDate":"2024-01-25"},{"lineNumber":62,"author":{"gitId":"RunjiaChen"},"content":"                default:","lastModifiedDate":"2024-01-25"},{"lineNumber":63,"author":{"gitId":"RunjiaChen"},"content":"                    addEvent(name);","lastModifiedDate":"2024-01-25"},{"lineNumber":64,"author":{"gitId":"RunjiaChen"},"content":"                    break;","lastModifiedDate":"2024-01-25"},{"lineNumber":65,"author":{"gitId":"RunjiaChen"},"content":"            };","lastModifiedDate":"2024-01-25"},{"lineNumber":66,"author":{"gitId":"RunjiaChen"},"content":"","lastModifiedDate":"2024-01-25"},{"lineNumber":67,"author":{"gitId":"RunjiaChen"},"content":"        }","lastModifiedDate":"2024-01-25"},{"lineNumber":68,"author":{"gitId":"RunjiaChen"},"content":"","lastModifiedDate":"2024-01-25"},{"lineNumber":69,"author":{"gitId":"RunjiaChen"},"content":"","lastModifiedDate":"2024-01-25"},{"lineNumber":70,"author":{"gitId":"RunjiaChen"},"content":"","lastModifiedDate":"2024-01-25"},{"lineNumber":71,"author":{"gitId":"RunjiaChen"},"content":"    }","lastModifiedDate":"2024-01-25"},{"lineNumber":72,"author":{"gitId":"RunjiaChen"},"content":"","lastModifiedDate":"2024-01-25"},{"lineNumber":73,"author":{"gitId":"RunjiaChen"},"content":"    /**","lastModifiedDate":"2024-01-25"},{"lineNumber":74,"author":{"gitId":"RunjiaChen"},"content":"     * Checks if the string for the name or date is blank.","lastModifiedDate":"2024-01-25"},{"lineNumber":75,"author":{"gitId":"RunjiaChen"},"content":"     * @param s is the string that represents the dates or name","lastModifiedDate":"2024-01-25"},{"lineNumber":76,"author":{"gitId":"RunjiaChen"},"content":"     *          of a task.","lastModifiedDate":"2024-01-25"},{"lineNumber":77,"author":{"gitId":"RunjiaChen"},"content":"     * @return a boolean value to indicate if the string is blank.","lastModifiedDate":"2024-01-25"},{"lineNumber":78,"author":{"gitId":"RunjiaChen"},"content":"     */","lastModifiedDate":"2024-01-25"},{"lineNumber":79,"author":{"gitId":"RunjiaChen"},"content":"    private boolean checkBlankString(String s) {","lastModifiedDate":"2024-01-25"},{"lineNumber":80,"author":{"gitId":"RunjiaChen"},"content":"        return s.trim().isEmpty();","lastModifiedDate":"2024-01-25"},{"lineNumber":81,"author":{"gitId":"RunjiaChen"},"content":"    }","lastModifiedDate":"2024-01-25"},{"lineNumber":82,"author":{"gitId":"RunjiaChen"},"content":"","lastModifiedDate":"2024-01-25"},{"lineNumber":83,"author":{"gitId":"RunjiaChen"},"content":"    /**","lastModifiedDate":"2024-01-25"},{"lineNumber":84,"author":{"gitId":"RunjiaChen"},"content":"     * Adds a todo task to the list of tasks after verifying its details.","lastModifiedDate":"2024-01-25"},{"lineNumber":85,"author":{"gitId":"RunjiaChen"},"content":"     * @param name is the details of a todo task.","lastModifiedDate":"2024-01-25"},{"lineNumber":86,"author":{"gitId":"RunjiaChen"},"content":"     */","lastModifiedDate":"2024-01-25"},{"lineNumber":87,"author":{"gitId":"RunjiaChen"},"content":"    private void addToDo(String name) {","lastModifiedDate":"2024-01-25"},{"lineNumber":88,"author":{"gitId":"RunjiaChen"},"content":"        String[] lst \u003d name.split(\"todo\");","lastModifiedDate":"2024-01-25"},{"lineNumber":89,"author":{"gitId":"RunjiaChen"},"content":"        if (lst.length \u003d\u003d 0 || checkBlankString(lst[1])) {","lastModifiedDate":"2024-01-25"},{"lineNumber":90,"author":{"gitId":"RunjiaChen"},"content":"            System.out.println(\"Don\u0027t leave the task description blank\");","lastModifiedDate":"2024-01-25"},{"lineNumber":91,"author":{"gitId":"RunjiaChen"},"content":"        } else {","lastModifiedDate":"2024-01-25"},{"lineNumber":92,"author":{"gitId":"RunjiaChen"},"content":"            Task t \u003d new ToDo(lst[1]);","lastModifiedDate":"2024-01-25"},{"lineNumber":93,"author":{"gitId":"RunjiaChen"},"content":"            this.tasks.add(t);","lastModifiedDate":"2024-01-25"},{"lineNumber":94,"author":{"gitId":"RunjiaChen"},"content":"            this.counter +\u003d 1;","lastModifiedDate":"2024-01-25"},{"lineNumber":95,"author":{"gitId":"RunjiaChen"},"content":"            this.echo(lst[1]);","lastModifiedDate":"2024-01-25"},{"lineNumber":96,"author":{"gitId":"RunjiaChen"},"content":"        }","lastModifiedDate":"2024-01-25"},{"lineNumber":97,"author":{"gitId":"RunjiaChen"},"content":"","lastModifiedDate":"2024-01-25"},{"lineNumber":98,"author":{"gitId":"RunjiaChen"},"content":"    }","lastModifiedDate":"2024-01-25"},{"lineNumber":99,"author":{"gitId":"RunjiaChen"},"content":"","lastModifiedDate":"2024-01-25"},{"lineNumber":100,"author":{"gitId":"RunjiaChen"},"content":"","lastModifiedDate":"2024-01-25"},{"lineNumber":101,"author":{"gitId":"RunjiaChen"},"content":"    /**","lastModifiedDate":"2024-01-25"},{"lineNumber":102,"author":{"gitId":"RunjiaChen"},"content":"     * Adds a deadline task to the list of tasks after verifying its details.","lastModifiedDate":"2024-01-25"},{"lineNumber":103,"author":{"gitId":"RunjiaChen"},"content":"     * @param name is the details of a Deadline task.","lastModifiedDate":"2024-01-25"},{"lineNumber":104,"author":{"gitId":"RunjiaChen"},"content":"     */","lastModifiedDate":"2024-01-25"},{"lineNumber":105,"author":{"gitId":"RunjiaChen"},"content":"    private void addDeadline(String name) {","lastModifiedDate":"2024-01-25"},{"lineNumber":106,"author":{"gitId":"RunjiaChen"},"content":"        String[] lst \u003d name.split(\"deadline\");","lastModifiedDate":"2024-01-25"},{"lineNumber":107,"author":{"gitId":"RunjiaChen"},"content":"        if (lst.length \u003d\u003d 0 || checkBlankString(lst[1])) {","lastModifiedDate":"2024-01-25"},{"lineNumber":108,"author":{"gitId":"RunjiaChen"},"content":"            System.out.println(\"Don\u0027t leave the task description blank\");","lastModifiedDate":"2024-01-25"},{"lineNumber":109,"author":{"gitId":"RunjiaChen"},"content":"        } else if (!name.contains(\"/\")) {","lastModifiedDate":"2024-01-25"},{"lineNumber":110,"author":{"gitId":"RunjiaChen"},"content":"            System.out.println(\"Please leave a \\\" / \\\" for the due date\");","lastModifiedDate":"2024-01-25"},{"lineNumber":111,"author":{"gitId":"RunjiaChen"},"content":"        } else {","lastModifiedDate":"2024-01-25"},{"lineNumber":112,"author":{"gitId":"RunjiaChen"},"content":"            lst \u003d lst[1].split(\"/\",3);","lastModifiedDate":"2024-01-25"},{"lineNumber":113,"author":{"gitId":"RunjiaChen"},"content":"            name \u003d lst[0];","lastModifiedDate":"2024-01-25"},{"lineNumber":114,"author":{"gitId":"RunjiaChen"},"content":"            String date \u003d lst[1];","lastModifiedDate":"2024-01-25"},{"lineNumber":115,"author":{"gitId":"RunjiaChen"},"content":"            if (checkBlankString(name) || checkBlankString(date)) {","lastModifiedDate":"2024-01-25"},{"lineNumber":116,"author":{"gitId":"RunjiaChen"},"content":"                System.out.println(\"Please fill in both the name and due date\");","lastModifiedDate":"2024-01-25"},{"lineNumber":117,"author":{"gitId":"RunjiaChen"},"content":"                return;","lastModifiedDate":"2024-01-25"},{"lineNumber":118,"author":{"gitId":"RunjiaChen"},"content":"            }","lastModifiedDate":"2024-01-25"},{"lineNumber":119,"author":{"gitId":"RunjiaChen"},"content":"            Task t \u003d new Deadline(name, date);","lastModifiedDate":"2024-01-25"},{"lineNumber":120,"author":{"gitId":"RunjiaChen"},"content":"            this.tasks.add(t);","lastModifiedDate":"2024-01-25"},{"lineNumber":121,"author":{"gitId":"RunjiaChen"},"content":"            this.counter +\u003d 1;","lastModifiedDate":"2024-01-25"},{"lineNumber":122,"author":{"gitId":"RunjiaChen"},"content":"            this.echo(name);","lastModifiedDate":"2024-01-25"},{"lineNumber":123,"author":{"gitId":"RunjiaChen"},"content":"        }","lastModifiedDate":"2024-01-25"},{"lineNumber":124,"author":{"gitId":"RunjiaChen"},"content":"","lastModifiedDate":"2024-01-25"},{"lineNumber":125,"author":{"gitId":"RunjiaChen"},"content":"    }","lastModifiedDate":"2024-01-25"},{"lineNumber":126,"author":{"gitId":"RunjiaChen"},"content":"","lastModifiedDate":"2024-01-25"},{"lineNumber":127,"author":{"gitId":"RunjiaChen"},"content":"    /**","lastModifiedDate":"2024-01-25"},{"lineNumber":128,"author":{"gitId":"RunjiaChen"},"content":"     * Adds a Event task to the list of tasks after verifying its details.","lastModifiedDate":"2024-01-25"},{"lineNumber":129,"author":{"gitId":"RunjiaChen"},"content":"     * @param name is the details of a Event task.","lastModifiedDate":"2024-01-25"},{"lineNumber":130,"author":{"gitId":"RunjiaChen"},"content":"     */","lastModifiedDate":"2024-01-25"},{"lineNumber":131,"author":{"gitId":"RunjiaChen"},"content":"    private void addEvent(String name) {","lastModifiedDate":"2024-01-25"},{"lineNumber":132,"author":{"gitId":"RunjiaChen"},"content":"        String[] lst \u003d name.split(\"event\");","lastModifiedDate":"2024-01-25"},{"lineNumber":133,"author":{"gitId":"RunjiaChen"},"content":"        if (lst.length \u003d\u003d 0 || checkBlankString(lst[1])) {","lastModifiedDate":"2024-01-25"},{"lineNumber":134,"author":{"gitId":"RunjiaChen"},"content":"            System.out.println(\"Don\u0027t leave the task description blank\");","lastModifiedDate":"2024-01-25"},{"lineNumber":135,"author":{"gitId":"RunjiaChen"},"content":"        } else if (!name.contains(\"/\")) {","lastModifiedDate":"2024-01-25"},{"lineNumber":136,"author":{"gitId":"RunjiaChen"},"content":"            System.out.println(\"Please leave a \\\" / \\\" for the due date\");","lastModifiedDate":"2024-01-25"},{"lineNumber":137,"author":{"gitId":"RunjiaChen"},"content":"        } else {","lastModifiedDate":"2024-01-24"},{"lineNumber":138,"author":{"gitId":"RunjiaChen"},"content":"            lst \u003d lst[1].split(\"/\", 4);","lastModifiedDate":"2024-01-25"},{"lineNumber":139,"author":{"gitId":"RunjiaChen"},"content":"            if (lst.length !\u003d 3) {","lastModifiedDate":"2024-01-25"},{"lineNumber":140,"author":{"gitId":"RunjiaChen"},"content":"                System.out.println(\"Please enter the correct format for event\");","lastModifiedDate":"2024-01-25"},{"lineNumber":141,"author":{"gitId":"RunjiaChen"},"content":"                return;","lastModifiedDate":"2024-01-25"},{"lineNumber":142,"author":{"gitId":"RunjiaChen"},"content":"            }","lastModifiedDate":"2024-01-24"},{"lineNumber":143,"author":{"gitId":"RunjiaChen"},"content":"            name \u003d lst[0];","lastModifiedDate":"2024-01-25"},{"lineNumber":144,"author":{"gitId":"RunjiaChen"},"content":"            String start \u003d lst[1];","lastModifiedDate":"2024-01-25"},{"lineNumber":145,"author":{"gitId":"RunjiaChen"},"content":"            String end \u003d lst[2];","lastModifiedDate":"2024-01-25"},{"lineNumber":146,"author":{"gitId":"RunjiaChen"},"content":"            if (checkBlankString(name) || checkBlankString(start) || checkBlankString(end)) {","lastModifiedDate":"2024-01-25"},{"lineNumber":147,"author":{"gitId":"RunjiaChen"},"content":"                System.out.println(\"Please fill in both the name and due date\");","lastModifiedDate":"2024-01-25"},{"lineNumber":148,"author":{"gitId":"RunjiaChen"},"content":"                return;","lastModifiedDate":"2024-01-25"},{"lineNumber":149,"author":{"gitId":"RunjiaChen"},"content":"            }","lastModifiedDate":"2024-01-25"},{"lineNumber":150,"author":{"gitId":"RunjiaChen"},"content":"            Task t \u003d new Event(name, start + \" \" + end);","lastModifiedDate":"2024-01-25"},{"lineNumber":151,"author":{"gitId":"RunjiaChen"},"content":"            this.tasks.add(t);","lastModifiedDate":"2024-01-25"},{"lineNumber":152,"author":{"gitId":"RunjiaChen"},"content":"            this.counter +\u003d 1;","lastModifiedDate":"2024-01-24"},{"lineNumber":153,"author":{"gitId":"RunjiaChen"},"content":"            this.echo(name);","lastModifiedDate":"2024-01-25"},{"lineNumber":154,"author":{"gitId":"RunjiaChen"},"content":"        }","lastModifiedDate":"2024-01-25"},{"lineNumber":155,"author":{"gitId":"RunjiaChen"},"content":"","lastModifiedDate":"2024-01-24"},{"lineNumber":156,"author":{"gitId":"RunjiaChen"},"content":"    }","lastModifiedDate":"2024-01-23"},{"lineNumber":157,"author":{"gitId":"RunjiaChen"},"content":"","lastModifiedDate":"2024-01-23"},{"lineNumber":158,"author":{"gitId":"RunjiaChen"},"content":"    /**","lastModifiedDate":"2024-01-25"},{"lineNumber":159,"author":{"gitId":"RunjiaChen"},"content":"     * Prints out all the tasks","lastModifiedDate":"2024-01-25"},{"lineNumber":160,"author":{"gitId":"RunjiaChen"},"content":"     */","lastModifiedDate":"2024-01-25"},{"lineNumber":161,"author":{"gitId":"RunjiaChen"},"content":"    private void listTask() {","lastModifiedDate":"2024-01-24"},{"lineNumber":162,"author":{"gitId":"RunjiaChen"},"content":"        for (int i \u003d 0; i \u003c counter; i++) {","lastModifiedDate":"2024-01-24"},{"lineNumber":163,"author":{"gitId":"RunjiaChen"},"content":"            System.out.println(i + 1 + \".\" + this.tasks.get(i));","lastModifiedDate":"2024-01-25"},{"lineNumber":164,"author":{"gitId":"RunjiaChen"},"content":"        }","lastModifiedDate":"2024-01-24"},{"lineNumber":165,"author":{"gitId":"RunjiaChen"},"content":"        return;","lastModifiedDate":"2024-01-24"},{"lineNumber":166,"author":{"gitId":"RunjiaChen"},"content":"    }","lastModifiedDate":"2024-01-24"},{"lineNumber":167,"author":{"gitId":"RunjiaChen"},"content":"","lastModifiedDate":"2024-01-24"},{"lineNumber":168,"author":{"gitId":"RunjiaChen"},"content":"","lastModifiedDate":"2024-01-23"},{"lineNumber":169,"author":{"gitId":"RunjiaChen"},"content":"    /**","lastModifiedDate":"2024-01-25"},{"lineNumber":170,"author":{"gitId":"RunjiaChen"},"content":"     * Checks if the type of task entered matches the available types.","lastModifiedDate":"2024-01-25"},{"lineNumber":171,"author":{"gitId":"RunjiaChen"},"content":"     * @param cmd is the String representing the task type.","lastModifiedDate":"2024-01-25"},{"lineNumber":172,"author":{"gitId":"RunjiaChen"},"content":"     * @return a boolean value depending on whehter the type is valid.","lastModifiedDate":"2024-01-25"},{"lineNumber":173,"author":{"gitId":"RunjiaChen"},"content":"     */","lastModifiedDate":"2024-01-25"},{"lineNumber":174,"author":{"gitId":"RunjiaChen"},"content":"    private boolean checkType(String cmd) {","lastModifiedDate":"2024-01-25"},{"lineNumber":175,"author":{"gitId":"RunjiaChen"},"content":"        String[] cmds \u003d {\"todo\", \"event\", \"deadline\"};","lastModifiedDate":"2024-01-25"},{"lineNumber":176,"author":{"gitId":"RunjiaChen"},"content":"        return Arrays.stream(cmds).anyMatch(cmd::equals);","lastModifiedDate":"2024-01-25"},{"lineNumber":177,"author":{"gitId":"RunjiaChen"},"content":"    }","lastModifiedDate":"2024-01-24"},{"lineNumber":178,"author":{"gitId":"RunjiaChen"},"content":"","lastModifiedDate":"2024-01-24"},{"lineNumber":179,"author":{"gitId":"RunjiaChen"},"content":"    /**","lastModifiedDate":"2024-01-25"},{"lineNumber":180,"author":{"gitId":"RunjiaChen"},"content":"     * Removes a task from the list.","lastModifiedDate":"2024-01-25"},{"lineNumber":181,"author":{"gitId":"RunjiaChen"},"content":"     * @param pos is the index position of the task in the list, note that the index entered","lastModifiedDate":"2024-01-25"},{"lineNumber":182,"author":{"gitId":"RunjiaChen"},"content":"     *            is based on 1-based index rather than 0-based index.","lastModifiedDate":"2024-01-25"},{"lineNumber":183,"author":{"gitId":"RunjiaChen"},"content":"     */","lastModifiedDate":"2024-01-25"},{"lineNumber":184,"author":{"gitId":"RunjiaChen"},"content":"    private void delete(int pos) {","lastModifiedDate":"2024-01-25"},{"lineNumber":185,"author":{"gitId":"RunjiaChen"},"content":"        pos -\u003d 1;","lastModifiedDate":"2024-01-25"},{"lineNumber":186,"author":{"gitId":"RunjiaChen"},"content":"        if (this.tasks.get(pos) \u003d\u003d null) {","lastModifiedDate":"2024-01-25"},{"lineNumber":187,"author":{"gitId":"RunjiaChen"},"content":"            System.out.println(\"Please enter a valid index\");","lastModifiedDate":"2024-01-25"},{"lineNumber":188,"author":{"gitId":"RunjiaChen"},"content":"        } else {","lastModifiedDate":"2024-01-25"},{"lineNumber":189,"author":{"gitId":"RunjiaChen"},"content":"            this.tasks.remove(pos);","lastModifiedDate":"2024-01-25"},{"lineNumber":190,"author":{"gitId":"RunjiaChen"},"content":"            this.counter -\u003d 1;","lastModifiedDate":"2024-01-25"},{"lineNumber":191,"author":{"gitId":"RunjiaChen"},"content":"        }","lastModifiedDate":"2024-01-24"},{"lineNumber":192,"author":{"gitId":"RunjiaChen"},"content":"","lastModifiedDate":"2024-01-24"},{"lineNumber":193,"author":{"gitId":"RunjiaChen"},"content":"    }","lastModifiedDate":"2024-01-25"},{"lineNumber":194,"author":{"gitId":"RunjiaChen"},"content":"","lastModifiedDate":"2024-01-25"},{"lineNumber":195,"author":{"gitId":"RunjiaChen"},"content":"    /**","lastModifiedDate":"2024-01-25"},{"lineNumber":196,"author":{"gitId":"RunjiaChen"},"content":"     * Starts the execution of the bot.","lastModifiedDate":"2024-01-25"},{"lineNumber":197,"author":{"gitId":"RunjiaChen"},"content":"     */","lastModifiedDate":"2024-01-25"},{"lineNumber":198,"author":{"gitId":"RunjiaChen"},"content":"    public void runBot() {","lastModifiedDate":"2024-01-24"},{"lineNumber":199,"author":{"gitId":"RunjiaChen"},"content":"        Scanner s \u003d new Scanner(System.in);","lastModifiedDate":"2024-01-23"},{"lineNumber":200,"author":{"gitId":"RunjiaChen"},"content":"        this.greet();","lastModifiedDate":"2024-01-23"},{"lineNumber":201,"author":{"gitId":"RunjiaChen"},"content":"        boolean active \u003d true;","lastModifiedDate":"2024-01-24"},{"lineNumber":202,"author":{"gitId":"RunjiaChen"},"content":"","lastModifiedDate":"2024-01-24"},{"lineNumber":203,"author":{"gitId":"RunjiaChen"},"content":"        while (active) {","lastModifiedDate":"2024-01-24"},{"lineNumber":204,"author":{"gitId":"RunjiaChen"},"content":"            String cmd \u003d s.nextLine();","lastModifiedDate":"2024-01-24"},{"lineNumber":205,"author":{"gitId":"RunjiaChen"},"content":"            if (cmd.equals(\"bye\")) {","lastModifiedDate":"2024-01-24"},{"lineNumber":206,"author":{"gitId":"RunjiaChen"},"content":"                active \u003d false;","lastModifiedDate":"2024-01-24"},{"lineNumber":207,"author":{"gitId":"RunjiaChen"},"content":"                this.bye();","lastModifiedDate":"2024-01-24"},{"lineNumber":208,"author":{"gitId":"RunjiaChen"},"content":"            } else if (cmd.equals(\"list\")) {","lastModifiedDate":"2024-01-24"},{"lineNumber":209,"author":{"gitId":"RunjiaChen"},"content":"","lastModifiedDate":"2024-01-25"},{"lineNumber":210,"author":{"gitId":"RunjiaChen"},"content":"                this.listTask();","lastModifiedDate":"2024-01-24"},{"lineNumber":211,"author":{"gitId":"RunjiaChen"},"content":"            } else if (cmd.contains(\"unmark\")) {","lastModifiedDate":"2024-01-24"},{"lineNumber":212,"author":{"gitId":"RunjiaChen"},"content":"                    String[] lst \u003d cmd.split(\" \");","lastModifiedDate":"2024-01-24"},{"lineNumber":213,"author":{"gitId":"RunjiaChen"},"content":"                    int pos \u003d Integer.parseInt(lst[1]);","lastModifiedDate":"2024-01-24"},{"lineNumber":214,"author":{"gitId":"RunjiaChen"},"content":"                    this.tasks.get(pos - 1).undoTask();","lastModifiedDate":"2024-01-25"},{"lineNumber":215,"author":{"gitId":"RunjiaChen"},"content":"            } else if (cmd.contains(\"mark\")) {","lastModifiedDate":"2024-01-24"},{"lineNumber":216,"author":{"gitId":"RunjiaChen"},"content":"                String[] lst \u003d cmd.split(\" \");","lastModifiedDate":"2024-01-24"},{"lineNumber":217,"author":{"gitId":"RunjiaChen"},"content":"                int pos \u003d Integer.parseInt(lst[1]);","lastModifiedDate":"2024-01-24"},{"lineNumber":218,"author":{"gitId":"RunjiaChen"},"content":"                this.tasks.get(pos - 1).doTask();","lastModifiedDate":"2024-01-25"},{"lineNumber":219,"author":{"gitId":"RunjiaChen"},"content":"            } else {","lastModifiedDate":"2024-01-23"},{"lineNumber":220,"author":{"gitId":"RunjiaChen"},"content":"","lastModifiedDate":"2024-01-25"},{"lineNumber":221,"author":{"gitId":"RunjiaChen"},"content":"                this.addTask(cmd);","lastModifiedDate":"2024-01-24"},{"lineNumber":222,"author":{"gitId":"-"},"content":"            }","lastModifiedDate":"2019-07-29"},{"lineNumber":223,"author":{"gitId":"RunjiaChen"},"content":"","lastModifiedDate":"2024-01-24"},{"lineNumber":224,"author":{"gitId":"RunjiaChen"},"content":"","lastModifiedDate":"2024-01-24"},{"lineNumber":225,"author":{"gitId":"RunjiaChen"},"content":"","lastModifiedDate":"2024-01-24"},{"lineNumber":226,"author":{"gitId":"RunjiaChen"},"content":"","lastModifiedDate":"2024-01-24"},{"lineNumber":227,"author":{"gitId":"RunjiaChen"},"content":"        }","lastModifiedDate":"2024-01-23"},{"lineNumber":228,"author":{"gitId":"RunjiaChen"},"content":"","lastModifiedDate":"2024-01-24"},{"lineNumber":229,"author":{"gitId":"RunjiaChen"},"content":"","lastModifiedDate":"2024-01-24"},{"lineNumber":230,"author":{"gitId":"RunjiaChen"},"content":"    }","lastModifiedDate":"2024-01-23"},{"lineNumber":231,"author":{"gitId":"RunjiaChen"},"content":"","lastModifiedDate":"2024-01-23"},{"lineNumber":232,"author":{"gitId":"RunjiaChen"},"content":"","lastModifiedDate":"2024-01-24"},{"lineNumber":233,"author":{"gitId":"RunjiaChen"},"content":"","lastModifiedDate":"2024-01-24"},{"lineNumber":234,"author":{"gitId":"RunjiaChen"},"content":"}","lastModifiedDate":"2024-01-23"},{"lineNumber":235,"author":{"gitId":"RunjiaChen"},"content":"","lastModifiedDate":"2024-01-23"},{"lineNumber":236,"author":{"gitId":"RunjiaChen"},"content":"","lastModifiedDate":"2024-01-24"},{"lineNumber":237,"author":{"gitId":"RunjiaChen"},"content":"abstract class Task {","lastModifiedDate":"2024-01-24"},{"lineNumber":238,"author":{"gitId":"RunjiaChen"},"content":"","lastModifiedDate":"2024-01-24"},{"lineNumber":239,"author":{"gitId":"RunjiaChen"},"content":"    private String name;","lastModifiedDate":"2024-01-24"},{"lineNumber":240,"author":{"gitId":"RunjiaChen"},"content":"","lastModifiedDate":"2024-01-24"},{"lineNumber":241,"author":{"gitId":"RunjiaChen"},"content":"    private boolean done;","lastModifiedDate":"2024-01-24"},{"lineNumber":242,"author":{"gitId":"RunjiaChen"},"content":"","lastModifiedDate":"2024-01-24"},{"lineNumber":243,"author":{"gitId":"RunjiaChen"},"content":"    public Task(String name) {","lastModifiedDate":"2024-01-24"},{"lineNumber":244,"author":{"gitId":"RunjiaChen"},"content":"        this.name \u003d name;","lastModifiedDate":"2024-01-24"},{"lineNumber":245,"author":{"gitId":"RunjiaChen"},"content":"        this.done \u003d false;","lastModifiedDate":"2024-01-24"},{"lineNumber":246,"author":{"gitId":"RunjiaChen"},"content":"    }","lastModifiedDate":"2024-01-24"},{"lineNumber":247,"author":{"gitId":"RunjiaChen"},"content":"","lastModifiedDate":"2024-01-24"},{"lineNumber":248,"author":{"gitId":"RunjiaChen"},"content":"    @Override","lastModifiedDate":"2024-01-24"},{"lineNumber":249,"author":{"gitId":"RunjiaChen"},"content":"    public String toString() {","lastModifiedDate":"2024-01-24"},{"lineNumber":250,"author":{"gitId":"RunjiaChen"},"content":"        if (done) {","lastModifiedDate":"2024-01-24"},{"lineNumber":251,"author":{"gitId":"RunjiaChen"},"content":"            return \"[X]\" + this.name;","lastModifiedDate":"2024-01-24"},{"lineNumber":252,"author":{"gitId":"RunjiaChen"},"content":"        } else {","lastModifiedDate":"2024-01-24"},{"lineNumber":253,"author":{"gitId":"RunjiaChen"},"content":"            return \"[ ]\" + this.name;","lastModifiedDate":"2024-01-24"},{"lineNumber":254,"author":{"gitId":"RunjiaChen"},"content":"        }","lastModifiedDate":"2024-01-24"},{"lineNumber":255,"author":{"gitId":"RunjiaChen"},"content":"","lastModifiedDate":"2024-01-24"},{"lineNumber":256,"author":{"gitId":"RunjiaChen"},"content":"    }","lastModifiedDate":"2024-01-24"},{"lineNumber":257,"author":{"gitId":"RunjiaChen"},"content":"","lastModifiedDate":"2024-01-24"},{"lineNumber":258,"author":{"gitId":"RunjiaChen"},"content":"    /**","lastModifiedDate":"2024-01-25"},{"lineNumber":259,"author":{"gitId":"RunjiaChen"},"content":"     * Changes the satus of a task from not done to done","lastModifiedDate":"2024-01-25"},{"lineNumber":260,"author":{"gitId":"RunjiaChen"},"content":"     */","lastModifiedDate":"2024-01-25"},{"lineNumber":261,"author":{"gitId":"RunjiaChen"},"content":"    public void doTask() {","lastModifiedDate":"2024-01-24"},{"lineNumber":262,"author":{"gitId":"RunjiaChen"},"content":"        if (!done) {","lastModifiedDate":"2024-01-24"},{"lineNumber":263,"author":{"gitId":"RunjiaChen"},"content":"            this.done \u003d true;","lastModifiedDate":"2024-01-24"},{"lineNumber":264,"author":{"gitId":"RunjiaChen"},"content":"            System.out.println(\"Nice! I\u0027ve marked this task as done:\");","lastModifiedDate":"2024-01-24"},{"lineNumber":265,"author":{"gitId":"RunjiaChen"},"content":"            System.out.println(this.toString());","lastModifiedDate":"2024-01-24"},{"lineNumber":266,"author":{"gitId":"RunjiaChen"},"content":"        } else {","lastModifiedDate":"2024-01-24"},{"lineNumber":267,"author":{"gitId":"RunjiaChen"},"content":"            System.out.println(\"This task is already done\");","lastModifiedDate":"2024-01-24"},{"lineNumber":268,"author":{"gitId":"RunjiaChen"},"content":"        }","lastModifiedDate":"2024-01-24"},{"lineNumber":269,"author":{"gitId":"RunjiaChen"},"content":"","lastModifiedDate":"2024-01-24"},{"lineNumber":270,"author":{"gitId":"RunjiaChen"},"content":"    }","lastModifiedDate":"2024-01-24"},{"lineNumber":271,"author":{"gitId":"RunjiaChen"},"content":"","lastModifiedDate":"2024-01-24"},{"lineNumber":272,"author":{"gitId":"RunjiaChen"},"content":"    /**","lastModifiedDate":"2024-01-25"},{"lineNumber":273,"author":{"gitId":"RunjiaChen"},"content":"     * Changes the satus of a task from done to not done","lastModifiedDate":"2024-01-25"},{"lineNumber":274,"author":{"gitId":"RunjiaChen"},"content":"     */","lastModifiedDate":"2024-01-25"},{"lineNumber":275,"author":{"gitId":"RunjiaChen"},"content":"    public void undoTask() {","lastModifiedDate":"2024-01-24"},{"lineNumber":276,"author":{"gitId":"RunjiaChen"},"content":"        if (done) {","lastModifiedDate":"2024-01-24"},{"lineNumber":277,"author":{"gitId":"RunjiaChen"},"content":"            this.done \u003d false;","lastModifiedDate":"2024-01-24"},{"lineNumber":278,"author":{"gitId":"RunjiaChen"},"content":"            System.out.println(\"OK, I\u0027ve marked this task as not done yet:\");","lastModifiedDate":"2024-01-24"},{"lineNumber":279,"author":{"gitId":"RunjiaChen"},"content":"            System.out.println(this.toString());","lastModifiedDate":"2024-01-24"},{"lineNumber":280,"author":{"gitId":"RunjiaChen"},"content":"        } else {","lastModifiedDate":"2024-01-24"},{"lineNumber":281,"author":{"gitId":"RunjiaChen"},"content":"            System.out.println(\"This task has not been done\");","lastModifiedDate":"2024-01-24"},{"lineNumber":282,"author":{"gitId":"RunjiaChen"},"content":"","lastModifiedDate":"2024-01-24"},{"lineNumber":283,"author":{"gitId":"RunjiaChen"},"content":"        }","lastModifiedDate":"2024-01-24"},{"lineNumber":284,"author":{"gitId":"RunjiaChen"},"content":"","lastModifiedDate":"2024-01-24"},{"lineNumber":285,"author":{"gitId":"RunjiaChen"},"content":"    }","lastModifiedDate":"2024-01-24"},{"lineNumber":286,"author":{"gitId":"RunjiaChen"},"content":"","lastModifiedDate":"2024-01-25"},{"lineNumber":287,"author":{"gitId":"RunjiaChen"},"content":"","lastModifiedDate":"2024-01-25"},{"lineNumber":288,"author":{"gitId":"RunjiaChen"},"content":"}","lastModifiedDate":"2024-01-24"},{"lineNumber":289,"author":{"gitId":"RunjiaChen"},"content":"","lastModifiedDate":"2024-01-24"},{"lineNumber":290,"author":{"gitId":"RunjiaChen"},"content":"class ToDo extends Task{","lastModifiedDate":"2024-01-24"},{"lineNumber":291,"author":{"gitId":"RunjiaChen"},"content":"","lastModifiedDate":"2024-01-24"},{"lineNumber":292,"author":{"gitId":"RunjiaChen"},"content":"    public ToDo(String name) {","lastModifiedDate":"2024-01-24"},{"lineNumber":293,"author":{"gitId":"RunjiaChen"},"content":"        super(name);","lastModifiedDate":"2024-01-24"},{"lineNumber":294,"author":{"gitId":"RunjiaChen"},"content":"    }","lastModifiedDate":"2024-01-24"},{"lineNumber":295,"author":{"gitId":"RunjiaChen"},"content":"","lastModifiedDate":"2024-01-24"},{"lineNumber":296,"author":{"gitId":"RunjiaChen"},"content":"    @Override","lastModifiedDate":"2024-01-24"},{"lineNumber":297,"author":{"gitId":"RunjiaChen"},"content":"    public String toString() {","lastModifiedDate":"2024-01-24"},{"lineNumber":298,"author":{"gitId":"RunjiaChen"},"content":"        return \"[T]\" + super.toString();","lastModifiedDate":"2024-01-24"},{"lineNumber":299,"author":{"gitId":"RunjiaChen"},"content":"    }","lastModifiedDate":"2024-01-24"},{"lineNumber":300,"author":{"gitId":"RunjiaChen"},"content":"}","lastModifiedDate":"2024-01-24"},{"lineNumber":301,"author":{"gitId":"RunjiaChen"},"content":"","lastModifiedDate":"2024-01-24"},{"lineNumber":302,"author":{"gitId":"RunjiaChen"},"content":"","lastModifiedDate":"2024-01-24"},{"lineNumber":303,"author":{"gitId":"RunjiaChen"},"content":"class Deadline extends Task{","lastModifiedDate":"2024-01-24"},{"lineNumber":304,"author":{"gitId":"RunjiaChen"},"content":"","lastModifiedDate":"2024-01-24"},{"lineNumber":305,"author":{"gitId":"RunjiaChen"},"content":"    private String deadline;","lastModifiedDate":"2024-01-24"},{"lineNumber":306,"author":{"gitId":"RunjiaChen"},"content":"","lastModifiedDate":"2024-01-24"},{"lineNumber":307,"author":{"gitId":"RunjiaChen"},"content":"    public Deadline(String name, String deadline) {","lastModifiedDate":"2024-01-24"},{"lineNumber":308,"author":{"gitId":"RunjiaChen"},"content":"        super(name);","lastModifiedDate":"2024-01-24"},{"lineNumber":309,"author":{"gitId":"RunjiaChen"},"content":"        this.deadline \u003d deadline;","lastModifiedDate":"2024-01-24"},{"lineNumber":310,"author":{"gitId":"RunjiaChen"},"content":"    }","lastModifiedDate":"2024-01-24"},{"lineNumber":311,"author":{"gitId":"RunjiaChen"},"content":"","lastModifiedDate":"2024-01-24"},{"lineNumber":312,"author":{"gitId":"RunjiaChen"},"content":"    @Override","lastModifiedDate":"2024-01-24"},{"lineNumber":313,"author":{"gitId":"RunjiaChen"},"content":"    public String toString() {","lastModifiedDate":"2024-01-24"},{"lineNumber":314,"author":{"gitId":"RunjiaChen"},"content":"        return \"[D]\" + super.toString() + \"(by: \" + this.deadline + \")\";","lastModifiedDate":"2024-01-24"},{"lineNumber":315,"author":{"gitId":"RunjiaChen"},"content":"    }","lastModifiedDate":"2024-01-24"},{"lineNumber":316,"author":{"gitId":"RunjiaChen"},"content":"}","lastModifiedDate":"2024-01-24"},{"lineNumber":317,"author":{"gitId":"RunjiaChen"},"content":"","lastModifiedDate":"2024-01-24"},{"lineNumber":318,"author":{"gitId":"RunjiaChen"},"content":"class Event extends Task{","lastModifiedDate":"2024-01-24"},{"lineNumber":319,"author":{"gitId":"RunjiaChen"},"content":"","lastModifiedDate":"2024-01-24"},{"lineNumber":320,"author":{"gitId":"RunjiaChen"},"content":"    private String time;","lastModifiedDate":"2024-01-24"},{"lineNumber":321,"author":{"gitId":"RunjiaChen"},"content":"","lastModifiedDate":"2024-01-24"},{"lineNumber":322,"author":{"gitId":"RunjiaChen"},"content":"    public Event(String name, String time) {","lastModifiedDate":"2024-01-24"},{"lineNumber":323,"author":{"gitId":"RunjiaChen"},"content":"        super(name);","lastModifiedDate":"2024-01-24"},{"lineNumber":324,"author":{"gitId":"RunjiaChen"},"content":"        this.time \u003d time;","lastModifiedDate":"2024-01-24"},{"lineNumber":325,"author":{"gitId":"RunjiaChen"},"content":"    }","lastModifiedDate":"2024-01-24"},{"lineNumber":326,"author":{"gitId":"RunjiaChen"},"content":"","lastModifiedDate":"2024-01-24"},{"lineNumber":327,"author":{"gitId":"RunjiaChen"},"content":"","lastModifiedDate":"2024-01-24"},{"lineNumber":328,"author":{"gitId":"RunjiaChen"},"content":"    @Override","lastModifiedDate":"2024-01-24"},{"lineNumber":329,"author":{"gitId":"RunjiaChen"},"content":"    public String toString() {","lastModifiedDate":"2024-01-24"},{"lineNumber":330,"author":{"gitId":"RunjiaChen"},"content":"        return \"[E]\" + super.toString() + this.time;","lastModifiedDate":"2024-01-24"},{"lineNumber":331,"author":{"gitId":"-"},"content":"    }","lastModifiedDate":"2024-01-24"},{"lineNumber":332,"author":{"gitId":"-"},"content":"}","lastModifiedDate":"2024-01-24"},{"lineNumber":333,"author":{"gitId":"RunjiaChen"},"content":"","lastModifiedDate":"2024-01-24"},{"lineNumber":334,"author":{"gitId":"RunjiaChen"},"content":"","lastModifiedDate":"2024-01-24"},{"lineNumber":335,"author":{"gitId":"RunjiaChen"},"content":"","lastModifiedDate":"2024-01-24"},{"lineNumber":336,"author":{"gitId":"RunjiaChen"},"content":"","lastModifiedDate":"2024-01-24"}],"authorContributionMap":{"RunjiaChen":330,"-":6}},{"path":"text-ui-test/input.txt","fileType":"txt","lines":[{"lineNumber":1,"author":{"gitId":"RunjiaChen"},"content":"todo","lastModifiedDate":"2024-01-25"},{"lineNumber":2,"author":{"gitId":"RunjiaChen"},"content":"todo read book","lastModifiedDate":"2024-01-25"},{"lineNumber":3,"author":{"gitId":"RunjiaChen"},"content":"i want to add task","lastModifiedDate":"2024-01-25"},{"lineNumber":4,"author":{"gitId":"RunjiaChen"},"content":"deadline","lastModifiedDate":"2024-01-25"},{"lineNumber":5,"author":{"gitId":"RunjiaChen"},"content":"deadline /","lastModifiedDate":"2024-01-25"},{"lineNumber":6,"author":{"gitId":"RunjiaChen"},"content":"deadline cs2103 ip/thursday","lastModifiedDate":"2024-01-25"},{"lineNumber":7,"author":{"gitId":"RunjiaChen"},"content":"event","lastModifiedDate":"2024-01-25"},{"lineNumber":8,"author":{"gitId":"RunjiaChen"},"content":"event /","lastModifiedDate":"2024-01-25"},{"lineNumber":9,"author":{"gitId":"RunjiaChen"},"content":"bye","lastModifiedDate":"2024-01-25"}],"authorContributionMap":{"RunjiaChen":9}},{"path":"text-ui-test/runtest.sh","fileType":"sh","lines":[{"lineNumber":1,"author":{"gitId":"-"},"content":"#!/usr/bin/env bash","lastModifiedDate":"2020-05-25"},{"lineNumber":2,"author":{"gitId":"-"},"content":"","lastModifiedDate":"2020-05-25"},{"lineNumber":3,"author":{"gitId":"-"},"content":"# create bin directory if it doesn\u0027t exist","lastModifiedDate":"2020-05-25"},{"lineNumber":4,"author":{"gitId":"-"},"content":"if [ ! -d \"../bin\" ]","lastModifiedDate":"2020-05-25"},{"lineNumber":5,"author":{"gitId":"-"},"content":"then","lastModifiedDate":"2020-05-25"},{"lineNumber":6,"author":{"gitId":"-"},"content":"    mkdir ../bin","lastModifiedDate":"2020-05-25"},{"lineNumber":7,"author":{"gitId":"-"},"content":"fi","lastModifiedDate":"2020-05-25"},{"lineNumber":8,"author":{"gitId":"-"},"content":"","lastModifiedDate":"2020-05-25"},{"lineNumber":9,"author":{"gitId":"-"},"content":"# delete output from previous run","lastModifiedDate":"2020-05-25"},{"lineNumber":10,"author":{"gitId":"-"},"content":"if [ -e \"./ACTUAL.TXT\" ]","lastModifiedDate":"2020-05-25"},{"lineNumber":11,"author":{"gitId":"-"},"content":"then","lastModifiedDate":"2020-05-25"},{"lineNumber":12,"author":{"gitId":"-"},"content":"    rm ACTUAL.TXT","lastModifiedDate":"2020-05-25"},{"lineNumber":13,"author":{"gitId":"-"},"content":"fi","lastModifiedDate":"2020-05-25"},{"lineNumber":14,"author":{"gitId":"-"},"content":"","lastModifiedDate":"2020-05-25"},{"lineNumber":15,"author":{"gitId":"-"},"content":"# compile the code into the bin folder, terminates if error occurred","lastModifiedDate":"2020-05-25"},{"lineNumber":16,"author":{"gitId":"RunjiaChen"},"content":"if ! javac -cp ../src/main/java/ -Xlint:none -d ../bin ../src/main/java/*.java","lastModifiedDate":"2024-01-25"},{"lineNumber":17,"author":{"gitId":"-"},"content":"then","lastModifiedDate":"2020-05-25"},{"lineNumber":18,"author":{"gitId":"-"},"content":"    echo \"********** BUILD FAILURE **********\"","lastModifiedDate":"2020-05-25"},{"lineNumber":19,"author":{"gitId":"-"},"content":"    exit 1","lastModifiedDate":"2020-05-25"},{"lineNumber":20,"author":{"gitId":"-"},"content":"fi","lastModifiedDate":"2020-05-25"},{"lineNumber":21,"author":{"gitId":"-"},"content":"","lastModifiedDate":"2020-05-25"},{"lineNumber":22,"author":{"gitId":"-"},"content":"# run the program, feed commands from input.txt file and redirect the output to the ACTUAL.TXT","lastModifiedDate":"2020-05-25"},{"lineNumber":23,"author":{"gitId":"-"},"content":"java -classpath ../bin Duke \u003c input.txt \u003e ACTUAL.TXT","lastModifiedDate":"2024-01-25"},{"lineNumber":24,"author":{"gitId":"-"},"content":"","lastModifiedDate":"2020-05-25"},{"lineNumber":25,"author":{"gitId":"-"},"content":"# convert to UNIX format","lastModifiedDate":"2020-05-25"},{"lineNumber":26,"author":{"gitId":"-"},"content":"cp EXPECTED.TXT EXPECTED-UNIX.TXT","lastModifiedDate":"2020-05-25"},{"lineNumber":27,"author":{"gitId":"-"},"content":"dos2unix ACTUAL.TXT EXPECTED-UNIX.TXT","lastModifiedDate":"2020-05-25"},{"lineNumber":28,"author":{"gitId":"-"},"content":"","lastModifiedDate":"2020-05-25"},{"lineNumber":29,"author":{"gitId":"-"},"content":"# compare the output to the expected output","lastModifiedDate":"2020-05-25"},{"lineNumber":30,"author":{"gitId":"-"},"content":"diff ACTUAL.TXT EXPECTED-UNIX.TXT","lastModifiedDate":"2020-05-25"},{"lineNumber":31,"author":{"gitId":"-"},"content":"if [ $? -eq 0 ]","lastModifiedDate":"2020-05-25"},{"lineNumber":32,"author":{"gitId":"-"},"content":"then","lastModifiedDate":"2020-05-25"},{"lineNumber":33,"author":{"gitId":"-"},"content":"    echo \"Test result: PASSED\"","lastModifiedDate":"2020-05-25"},{"lineNumber":34,"author":{"gitId":"-"},"content":"    exit 0","lastModifiedDate":"2020-05-25"},{"lineNumber":35,"author":{"gitId":"-"},"content":"else","lastModifiedDate":"2020-05-25"},{"lineNumber":36,"author":{"gitId":"-"},"content":"    echo \"Test result: FAILED\"","lastModifiedDate":"2020-05-25"},{"lineNumber":37,"author":{"gitId":"-"},"content":"    exit 1","lastModifiedDate":"2020-05-25"},{"lineNumber":38,"author":{"gitId":"-"},"content":"fi","lastModifiedDate":"2020-05-25"}],"authorContributionMap":{"RunjiaChen":1,"-":37}}]
