[{"path":"src/main/java/Deadline.java","fileType":"java","lines":[{"lineNumber":1,"author":{"gitId":"appleraincoat"},"content":"public class Deadline extends Task {","lastModifiedDate":"2024-01-24"},{"lineNumber":2,"author":{"gitId":"appleraincoat"},"content":"    protected String byWhen;","lastModifiedDate":"2024-01-24"},{"lineNumber":3,"author":{"gitId":"appleraincoat"},"content":"","lastModifiedDate":"2024-01-24"},{"lineNumber":4,"author":{"gitId":"appleraincoat"},"content":"    public Deadline(String name, String byWhen) {","lastModifiedDate":"2024-01-24"},{"lineNumber":5,"author":{"gitId":"appleraincoat"},"content":"        super(name);","lastModifiedDate":"2024-01-24"},{"lineNumber":6,"author":{"gitId":"appleraincoat"},"content":"        this.byWhen \u003d byWhen;","lastModifiedDate":"2024-01-24"},{"lineNumber":7,"author":{"gitId":"appleraincoat"},"content":"    }","lastModifiedDate":"2024-01-24"},{"lineNumber":8,"author":{"gitId":"appleraincoat"},"content":"","lastModifiedDate":"2024-01-24"},{"lineNumber":9,"author":{"gitId":"appleraincoat"},"content":"    @Override","lastModifiedDate":"2024-01-24"},{"lineNumber":10,"author":{"gitId":"appleraincoat"},"content":"    public String toString() {","lastModifiedDate":"2024-01-24"},{"lineNumber":11,"author":{"gitId":"appleraincoat"},"content":"        return \"[D]\" + super.toString() + \" (by: \" + byWhen + \")\";","lastModifiedDate":"2024-01-24"},{"lineNumber":12,"author":{"gitId":"appleraincoat"},"content":"    }","lastModifiedDate":"2024-01-24"},{"lineNumber":13,"author":{"gitId":"appleraincoat"},"content":"}","lastModifiedDate":"2024-01-24"}],"authorContributionMap":{"appleraincoat":13}},{"path":"src/main/java/Event.java","fileType":"java","lines":[{"lineNumber":1,"author":{"gitId":"appleraincoat"},"content":"public class Event extends Task {","lastModifiedDate":"2024-01-24"},{"lineNumber":2,"author":{"gitId":"appleraincoat"},"content":"    protected String fromWhen;","lastModifiedDate":"2024-01-24"},{"lineNumber":3,"author":{"gitId":"appleraincoat"},"content":"    protected String toWhen;","lastModifiedDate":"2024-01-24"},{"lineNumber":4,"author":{"gitId":"appleraincoat"},"content":"","lastModifiedDate":"2024-01-24"},{"lineNumber":5,"author":{"gitId":"appleraincoat"},"content":"    public Event(String name, String fromWhen, String toWhen) {","lastModifiedDate":"2024-01-24"},{"lineNumber":6,"author":{"gitId":"appleraincoat"},"content":"        super(name);","lastModifiedDate":"2024-01-24"},{"lineNumber":7,"author":{"gitId":"appleraincoat"},"content":"        this.fromWhen \u003d fromWhen;","lastModifiedDate":"2024-01-24"},{"lineNumber":8,"author":{"gitId":"appleraincoat"},"content":"        this.toWhen \u003d toWhen;","lastModifiedDate":"2024-01-24"},{"lineNumber":9,"author":{"gitId":"appleraincoat"},"content":"    }","lastModifiedDate":"2024-01-24"},{"lineNumber":10,"author":{"gitId":"appleraincoat"},"content":"","lastModifiedDate":"2024-01-24"},{"lineNumber":11,"author":{"gitId":"appleraincoat"},"content":"    @Override","lastModifiedDate":"2024-01-24"},{"lineNumber":12,"author":{"gitId":"appleraincoat"},"content":"    public String toString() {","lastModifiedDate":"2024-01-24"},{"lineNumber":13,"author":{"gitId":"appleraincoat"},"content":"        return \"[E]\" + super.toString() + \" (from: \" + fromWhen + \" to: \" + toWhen + \")\";","lastModifiedDate":"2024-01-24"},{"lineNumber":14,"author":{"gitId":"appleraincoat"},"content":"    }","lastModifiedDate":"2024-01-24"},{"lineNumber":15,"author":{"gitId":"appleraincoat"},"content":"}","lastModifiedDate":"2024-01-24"}],"authorContributionMap":{"appleraincoat":15}},{"path":"src/main/java/Task.java","fileType":"java","lines":[{"lineNumber":1,"author":{"gitId":"appleraincoat"},"content":"public class Task {","lastModifiedDate":"2024-01-24"},{"lineNumber":2,"author":{"gitId":"appleraincoat"},"content":"    protected String name;","lastModifiedDate":"2024-01-24"},{"lineNumber":3,"author":{"gitId":"appleraincoat"},"content":"    protected boolean completed;","lastModifiedDate":"2024-01-24"},{"lineNumber":4,"author":{"gitId":"appleraincoat"},"content":"","lastModifiedDate":"2024-01-24"},{"lineNumber":5,"author":{"gitId":"appleraincoat"},"content":"    //constructor","lastModifiedDate":"2024-01-24"},{"lineNumber":6,"author":{"gitId":"appleraincoat"},"content":"    public Task(String name) {","lastModifiedDate":"2024-01-24"},{"lineNumber":7,"author":{"gitId":"appleraincoat"},"content":"        this.name \u003d name;","lastModifiedDate":"2024-01-24"},{"lineNumber":8,"author":{"gitId":"appleraincoat"},"content":"        this.completed \u003d false;","lastModifiedDate":"2024-01-24"},{"lineNumber":9,"author":{"gitId":"appleraincoat"},"content":"    }","lastModifiedDate":"2024-01-24"},{"lineNumber":10,"author":{"gitId":"appleraincoat"},"content":"","lastModifiedDate":"2024-01-24"},{"lineNumber":11,"author":{"gitId":"appleraincoat"},"content":"    public void markTask() {","lastModifiedDate":"2024-01-24"},{"lineNumber":12,"author":{"gitId":"appleraincoat"},"content":"        this.completed \u003d true;","lastModifiedDate":"2024-01-24"},{"lineNumber":13,"author":{"gitId":"appleraincoat"},"content":"        System.out.println(\"Upz la, mark for you already!\");","lastModifiedDate":"2024-01-24"},{"lineNumber":14,"author":{"gitId":"appleraincoat"},"content":"        System.out.println(this.toString());","lastModifiedDate":"2024-01-24"},{"lineNumber":15,"author":{"gitId":"appleraincoat"},"content":"    }","lastModifiedDate":"2024-01-24"},{"lineNumber":16,"author":{"gitId":"appleraincoat"},"content":"","lastModifiedDate":"2024-01-24"},{"lineNumber":17,"author":{"gitId":"appleraincoat"},"content":"    public void unmarkTask() {","lastModifiedDate":"2024-01-24"},{"lineNumber":18,"author":{"gitId":"appleraincoat"},"content":"        this.completed \u003d false;","lastModifiedDate":"2024-01-24"},{"lineNumber":19,"author":{"gitId":"appleraincoat"},"content":"        System.out.println(\"Eh wake up your idea, faster finish can or not?? Unmark for you already la!\");","lastModifiedDate":"2024-01-24"},{"lineNumber":20,"author":{"gitId":"appleraincoat"},"content":"        System.out.println(this.toString());","lastModifiedDate":"2024-01-24"},{"lineNumber":21,"author":{"gitId":"appleraincoat"},"content":"    }","lastModifiedDate":"2024-01-24"},{"lineNumber":22,"author":{"gitId":"appleraincoat"},"content":"","lastModifiedDate":"2024-01-24"},{"lineNumber":23,"author":{"gitId":"appleraincoat"},"content":"    public String getStatusIcon() {","lastModifiedDate":"2024-01-24"},{"lineNumber":24,"author":{"gitId":"appleraincoat"},"content":"        return (completed ? \"X\" : \" \"); // mark done task with X","lastModifiedDate":"2024-01-24"},{"lineNumber":25,"author":{"gitId":"appleraincoat"},"content":"    }","lastModifiedDate":"2024-01-24"},{"lineNumber":26,"author":{"gitId":"appleraincoat"},"content":"","lastModifiedDate":"2024-01-24"},{"lineNumber":27,"author":{"gitId":"appleraincoat"},"content":"    @Override","lastModifiedDate":"2024-01-24"},{"lineNumber":28,"author":{"gitId":"appleraincoat"},"content":"    public String toString() {","lastModifiedDate":"2024-01-24"},{"lineNumber":29,"author":{"gitId":"appleraincoat"},"content":"        return \"[\" + this.getStatusIcon() + \"] \" + name;","lastModifiedDate":"2024-01-24"},{"lineNumber":30,"author":{"gitId":"appleraincoat"},"content":"    }","lastModifiedDate":"2024-01-24"},{"lineNumber":31,"author":{"gitId":"appleraincoat"},"content":"}","lastModifiedDate":"2024-01-24"}],"authorContributionMap":{"appleraincoat":31}},{"path":"src/main/java/ToDo.java","fileType":"java","lines":[{"lineNumber":1,"author":{"gitId":"appleraincoat"},"content":"public class ToDo extends Task {","lastModifiedDate":"2024-01-24"},{"lineNumber":2,"author":{"gitId":"appleraincoat"},"content":"","lastModifiedDate":"2024-01-24"},{"lineNumber":3,"author":{"gitId":"appleraincoat"},"content":"    public ToDo(String name) {","lastModifiedDate":"2024-01-24"},{"lineNumber":4,"author":{"gitId":"appleraincoat"},"content":"        super(name);","lastModifiedDate":"2024-01-24"},{"lineNumber":5,"author":{"gitId":"appleraincoat"},"content":"    }","lastModifiedDate":"2024-01-24"},{"lineNumber":6,"author":{"gitId":"appleraincoat"},"content":"","lastModifiedDate":"2024-01-24"},{"lineNumber":7,"author":{"gitId":"appleraincoat"},"content":"    @Override","lastModifiedDate":"2024-01-24"},{"lineNumber":8,"author":{"gitId":"appleraincoat"},"content":"    public String toString() {","lastModifiedDate":"2024-01-24"},{"lineNumber":9,"author":{"gitId":"appleraincoat"},"content":"        return \"[T]\" + super.toString();","lastModifiedDate":"2024-01-24"},{"lineNumber":10,"author":{"gitId":"appleraincoat"},"content":"    }","lastModifiedDate":"2024-01-24"},{"lineNumber":11,"author":{"gitId":"appleraincoat"},"content":"}","lastModifiedDate":"2024-01-24"}],"authorContributionMap":{"appleraincoat":11}},{"path":"src/main/java/Ypxmm.java","fileType":"java","lines":[{"lineNumber":1,"author":{"gitId":"appleraincoat"},"content":"import java.util.*;","lastModifiedDate":"2024-01-24"},{"lineNumber":2,"author":{"gitId":"appleraincoat"},"content":"","lastModifiedDate":"2024-01-24"},{"lineNumber":3,"author":{"gitId":"appleraincoat"},"content":"public class Ypxmm {","lastModifiedDate":"2024-01-24"},{"lineNumber":4,"author":{"gitId":"appleraincoat"},"content":"","lastModifiedDate":"2024-01-24"},{"lineNumber":5,"author":{"gitId":"appleraincoat"},"content":"    public static ArrayList\u003cTask\u003e tasks \u003d new ArrayList\u003cTask\u003e(); //tasks","lastModifiedDate":"2024-01-24"},{"lineNumber":6,"author":{"gitId":"appleraincoat"},"content":"    public static void main(String[] args) throws YpxmmException {","lastModifiedDate":"2024-01-25"},{"lineNumber":7,"author":{"gitId":"appleraincoat"},"content":"        Scanner sc \u003d new Scanner(System.in);","lastModifiedDate":"2024-01-24"},{"lineNumber":8,"author":{"gitId":"appleraincoat"},"content":"        sayHello();","lastModifiedDate":"2024-01-24"},{"lineNumber":9,"author":{"gitId":"appleraincoat"},"content":"","lastModifiedDate":"2024-01-24"},{"lineNumber":10,"author":{"gitId":"appleraincoat"},"content":"        while (true) {","lastModifiedDate":"2024-01-24"},{"lineNumber":11,"author":{"gitId":"appleraincoat"},"content":"            try {","lastModifiedDate":"2024-01-25"},{"lineNumber":12,"author":{"gitId":"appleraincoat"},"content":"                String input \u003d sc.nextLine();","lastModifiedDate":"2024-01-24"},{"lineNumber":13,"author":{"gitId":"appleraincoat"},"content":"                if (input.equals(\"bye\")) {","lastModifiedDate":"2024-01-24"},{"lineNumber":14,"author":{"gitId":"appleraincoat"},"content":"                    sayGoodbye();","lastModifiedDate":"2024-01-24"},{"lineNumber":15,"author":{"gitId":"appleraincoat"},"content":"                    break;","lastModifiedDate":"2024-01-24"},{"lineNumber":16,"author":{"gitId":"appleraincoat"},"content":"                } else if (input.equals(\"list\")) {","lastModifiedDate":"2024-01-24"},{"lineNumber":17,"author":{"gitId":"appleraincoat"},"content":"                    list();","lastModifiedDate":"2024-01-24"},{"lineNumber":18,"author":{"gitId":"appleraincoat"},"content":"                } else if (input.startsWith(\"mark\")) {","lastModifiedDate":"2024-01-24"},{"lineNumber":19,"author":{"gitId":"appleraincoat"},"content":"                    String[] vals \u003d input.split(\" \");","lastModifiedDate":"2024-01-24"},{"lineNumber":20,"author":{"gitId":"appleraincoat"},"content":"                    try {","lastModifiedDate":"2024-01-25"},{"lineNumber":21,"author":{"gitId":"appleraincoat"},"content":"                        int index \u003d Integer.parseInt(vals[1]);","lastModifiedDate":"2024-01-24"},{"lineNumber":22,"author":{"gitId":"appleraincoat"},"content":"                        mark(index);","lastModifiedDate":"2024-01-24"},{"lineNumber":23,"author":{"gitId":"appleraincoat"},"content":"                    } catch (IndexOutOfBoundsException e) {","lastModifiedDate":"2024-01-25"},{"lineNumber":24,"author":{"gitId":"appleraincoat"},"content":"                        throw new YpxmmException(\"Brother, key in mark \u003cspace\u003e then a valid number\");","lastModifiedDate":"2024-01-25"},{"lineNumber":25,"author":{"gitId":"appleraincoat"},"content":"                    } catch (NumberFormatException n) {","lastModifiedDate":"2024-01-25"},{"lineNumber":26,"author":{"gitId":"appleraincoat"},"content":"                        throw new YpxmmException(\"You tell me now what task am I supposed to mark if you don\u0027t provide me with a number?\");","lastModifiedDate":"2024-01-25"},{"lineNumber":27,"author":{"gitId":"appleraincoat"},"content":"                    }","lastModifiedDate":"2024-01-25"},{"lineNumber":28,"author":{"gitId":"appleraincoat"},"content":"                } else if (input.startsWith(\"unmark\")) {","lastModifiedDate":"2024-01-24"},{"lineNumber":29,"author":{"gitId":"appleraincoat"},"content":"                    String[] vals \u003d input.split(\" \");","lastModifiedDate":"2024-01-24"},{"lineNumber":30,"author":{"gitId":"appleraincoat"},"content":"                    try {","lastModifiedDate":"2024-01-25"},{"lineNumber":31,"author":{"gitId":"appleraincoat"},"content":"                        int index \u003d Integer.parseInt(vals[1]);","lastModifiedDate":"2024-01-24"},{"lineNumber":32,"author":{"gitId":"appleraincoat"},"content":"                        unmark(index);","lastModifiedDate":"2024-01-24"},{"lineNumber":33,"author":{"gitId":"appleraincoat"},"content":"                    } catch (IndexOutOfBoundsException e) {","lastModifiedDate":"2024-01-25"},{"lineNumber":34,"author":{"gitId":"appleraincoat"},"content":"                        throw new YpxmmException(\"Brother, key in unmark \u003cspace\u003e then a valid number\");","lastModifiedDate":"2024-01-25"},{"lineNumber":35,"author":{"gitId":"appleraincoat"},"content":"                    } catch (NumberFormatException n) {","lastModifiedDate":"2024-01-25"},{"lineNumber":36,"author":{"gitId":"appleraincoat"},"content":"                        throw new YpxmmException(\"You tell me now what task am I supposed to unmark if you don\u0027t provide me with a number?\");","lastModifiedDate":"2024-01-25"},{"lineNumber":37,"author":{"gitId":"appleraincoat"},"content":"                    }","lastModifiedDate":"2024-01-25"},{"lineNumber":38,"author":{"gitId":"appleraincoat"},"content":"                } else if (input.startsWith(\"todo\")) {","lastModifiedDate":"2024-01-24"},{"lineNumber":39,"author":{"gitId":"appleraincoat"},"content":"                    addTask(input, \"todo\");","lastModifiedDate":"2024-01-24"},{"lineNumber":40,"author":{"gitId":"appleraincoat"},"content":"                } else if (input.startsWith(\"deadline\")) {","lastModifiedDate":"2024-01-24"},{"lineNumber":41,"author":{"gitId":"appleraincoat"},"content":"                    addTask(input, \"deadline\");","lastModifiedDate":"2024-01-24"},{"lineNumber":42,"author":{"gitId":"appleraincoat"},"content":"                } else if (input.startsWith(\"event\")) {","lastModifiedDate":"2024-01-24"},{"lineNumber":43,"author":{"gitId":"appleraincoat"},"content":"                    addTask(input, \"event\");","lastModifiedDate":"2024-01-24"},{"lineNumber":44,"author":{"gitId":"appleraincoat"},"content":"                } else if (input.equals(\"get commands\")) {","lastModifiedDate":"2024-01-24"},{"lineNumber":45,"author":{"gitId":"appleraincoat"},"content":"                    getCommands();","lastModifiedDate":"2024-01-25"},{"lineNumber":46,"author":{"gitId":"appleraincoat"},"content":"                } else if (input.startsWith(\"delete\")) {","lastModifiedDate":"2024-01-25"},{"lineNumber":47,"author":{"gitId":"appleraincoat"},"content":"                    String[] vals \u003d input.split(\" \");","lastModifiedDate":"2024-01-25"},{"lineNumber":48,"author":{"gitId":"appleraincoat"},"content":"                    try {","lastModifiedDate":"2024-01-25"},{"lineNumber":49,"author":{"gitId":"appleraincoat"},"content":"                        int index \u003d Integer.parseInt(vals[1]);","lastModifiedDate":"2024-01-25"},{"lineNumber":50,"author":{"gitId":"appleraincoat"},"content":"                        delete(index);","lastModifiedDate":"2024-01-25"},{"lineNumber":51,"author":{"gitId":"appleraincoat"},"content":"                    } catch (IndexOutOfBoundsException e) {","lastModifiedDate":"2024-01-25"},{"lineNumber":52,"author":{"gitId":"appleraincoat"},"content":"                        throw new YpxmmException(\"Brother, key in delete \u003cspace\u003e then a valid number\");","lastModifiedDate":"2024-01-25"},{"lineNumber":53,"author":{"gitId":"appleraincoat"},"content":"                    } catch (NumberFormatException n) {","lastModifiedDate":"2024-01-25"},{"lineNumber":54,"author":{"gitId":"appleraincoat"},"content":"                        throw new YpxmmException(\"You tell me now what task am I supposed to delete if you don\u0027t provide me with a number?\");","lastModifiedDate":"2024-01-25"},{"lineNumber":55,"author":{"gitId":"appleraincoat"},"content":"                    }","lastModifiedDate":"2024-01-25"},{"lineNumber":56,"author":{"gitId":"appleraincoat"},"content":"                } else {","lastModifiedDate":"2024-01-24"},{"lineNumber":57,"author":{"gitId":"appleraincoat"},"content":"                    throw new YpxmmException(\"Sorry bro, idk what that means. You try type in \\\"get commands\\\" then see if got what u want.\");","lastModifiedDate":"2024-01-25"},{"lineNumber":58,"author":{"gitId":"appleraincoat"},"content":"                }","lastModifiedDate":"2024-01-25"},{"lineNumber":59,"author":{"gitId":"appleraincoat"},"content":"            } catch (YpxmmException y) {","lastModifiedDate":"2024-01-25"},{"lineNumber":60,"author":{"gitId":"appleraincoat"},"content":"                System.out.println(y.getMessage());","lastModifiedDate":"2024-01-25"},{"lineNumber":61,"author":{"gitId":"appleraincoat"},"content":"            }","lastModifiedDate":"2024-01-24"},{"lineNumber":62,"author":{"gitId":"appleraincoat"},"content":"        }","lastModifiedDate":"2024-01-24"},{"lineNumber":63,"author":{"gitId":"appleraincoat"},"content":"        sc.close();","lastModifiedDate":"2024-01-24"},{"lineNumber":64,"author":{"gitId":"appleraincoat"},"content":"    }","lastModifiedDate":"2024-01-24"},{"lineNumber":65,"author":{"gitId":"appleraincoat"},"content":"    public static void getCommands() {","lastModifiedDate":"2024-01-24"},{"lineNumber":66,"author":{"gitId":"appleraincoat"},"content":"        System.out.println(\"todo \u003ctask\u003e - adds todo\\ndeadline \u003ctask\u003e/\u003cby when\u003e - adds deadline\\n\" +","lastModifiedDate":"2024-01-25"},{"lineNumber":67,"author":{"gitId":"appleraincoat"},"content":"                \"event \u003ctask\u003e/\u003cfrom when\u003e/\u003cto when\u003e - adds event\\nlist - lists out all tasks\\n\" +","lastModifiedDate":"2024-01-25"},{"lineNumber":68,"author":{"gitId":"appleraincoat"},"content":"                \"mark \u003cx\u003e - marks task x as done\\nunmark \u003cx\u003e - unmarks task x as undone\\n\" +","lastModifiedDate":"2024-01-25"},{"lineNumber":69,"author":{"gitId":"appleraincoat"},"content":"                \"bye - exit\");","lastModifiedDate":"2024-01-24"},{"lineNumber":70,"author":{"gitId":"appleraincoat"},"content":"    }","lastModifiedDate":"2024-01-24"},{"lineNumber":71,"author":{"gitId":"appleraincoat"},"content":"","lastModifiedDate":"2024-01-24"},{"lineNumber":72,"author":{"gitId":"appleraincoat"},"content":"    public static void sayHello() {","lastModifiedDate":"2024-01-24"},{"lineNumber":73,"author":{"gitId":"appleraincoat"},"content":"        System.out.println(\"Hello, I\u0027m Ypxmm.\\nNeed me do what for you?\");","lastModifiedDate":"2024-01-24"},{"lineNumber":74,"author":{"gitId":"appleraincoat"},"content":"    }","lastModifiedDate":"2024-01-24"},{"lineNumber":75,"author":{"gitId":"appleraincoat"},"content":"","lastModifiedDate":"2024-01-24"},{"lineNumber":76,"author":{"gitId":"appleraincoat"},"content":"    public static void sayGoodbye() {","lastModifiedDate":"2024-01-24"},{"lineNumber":77,"author":{"gitId":"appleraincoat"},"content":"        System.out.println(\"Oh you need zao alr? Okok see you next time!\");","lastModifiedDate":"2024-01-24"},{"lineNumber":78,"author":{"gitId":"appleraincoat"},"content":"    }","lastModifiedDate":"2024-01-24"},{"lineNumber":79,"author":{"gitId":"appleraincoat"},"content":"","lastModifiedDate":"2024-01-24"},{"lineNumber":80,"author":{"gitId":"appleraincoat"},"content":"    public static void list() {","lastModifiedDate":"2024-01-24"},{"lineNumber":81,"author":{"gitId":"appleraincoat"},"content":"        if (tasks.size() \u003d\u003d 0) {","lastModifiedDate":"2024-01-24"},{"lineNumber":82,"author":{"gitId":"appleraincoat"},"content":"            System.out.println(\"No tasks yet la bro\");","lastModifiedDate":"2024-01-24"},{"lineNumber":83,"author":{"gitId":"appleraincoat"},"content":"        } else {","lastModifiedDate":"2024-01-24"},{"lineNumber":84,"author":{"gitId":"appleraincoat"},"content":"            System.out.println(\"Ok wait ah, here are your tasks:\");","lastModifiedDate":"2024-01-25"},{"lineNumber":85,"author":{"gitId":"appleraincoat"},"content":"            int count \u003d 1;","lastModifiedDate":"2024-01-24"},{"lineNumber":86,"author":{"gitId":"appleraincoat"},"content":"            for (Task t : tasks) {","lastModifiedDate":"2024-01-24"},{"lineNumber":87,"author":{"gitId":"appleraincoat"},"content":"                System.out.println(count + \". \" + t.toString());","lastModifiedDate":"2024-01-24"},{"lineNumber":88,"author":{"gitId":"appleraincoat"},"content":"                count++;","lastModifiedDate":"2024-01-24"},{"lineNumber":89,"author":{"gitId":"appleraincoat"},"content":"            }","lastModifiedDate":"2024-01-24"},{"lineNumber":90,"author":{"gitId":"appleraincoat"},"content":"        }","lastModifiedDate":"2024-01-24"},{"lineNumber":91,"author":{"gitId":"appleraincoat"},"content":"    }","lastModifiedDate":"2024-01-24"},{"lineNumber":92,"author":{"gitId":"appleraincoat"},"content":"","lastModifiedDate":"2024-01-24"},{"lineNumber":93,"author":{"gitId":"appleraincoat"},"content":"    public static void mark(int index) {","lastModifiedDate":"2024-01-24"},{"lineNumber":94,"author":{"gitId":"appleraincoat"},"content":"        try {","lastModifiedDate":"2024-01-25"},{"lineNumber":95,"author":{"gitId":"appleraincoat"},"content":"            try {","lastModifiedDate":"2024-01-24"},{"lineNumber":96,"author":{"gitId":"appleraincoat"},"content":"                tasks.get(index - 1).markTask();","lastModifiedDate":"2024-01-24"},{"lineNumber":97,"author":{"gitId":"appleraincoat"},"content":"            } catch (IndexOutOfBoundsException e) {","lastModifiedDate":"2024-01-24"},{"lineNumber":98,"author":{"gitId":"appleraincoat"},"content":"                throw new YpxmmException(\"Eh u seh isit? Now your list got \" +","lastModifiedDate":"2024-01-25"},{"lineNumber":99,"author":{"gitId":"appleraincoat"},"content":"                        (tasks.size() \u003d\u003d 0 ? \"no tasks to mark.\" : tasks.size() +","lastModifiedDate":"2024-01-25"},{"lineNumber":100,"author":{"gitId":"appleraincoat"},"content":"                                \" tasks, enter any number from 1 to \" + tasks.size()));","lastModifiedDate":"2024-01-24"},{"lineNumber":101,"author":{"gitId":"appleraincoat"},"content":"            }","lastModifiedDate":"2024-01-24"},{"lineNumber":102,"author":{"gitId":"appleraincoat"},"content":"        } catch (YpxmmException y) {","lastModifiedDate":"2024-01-25"},{"lineNumber":103,"author":{"gitId":"appleraincoat"},"content":"            System.out.println(y.getMessage());","lastModifiedDate":"2024-01-25"},{"lineNumber":104,"author":{"gitId":"appleraincoat"},"content":"        }","lastModifiedDate":"2024-01-25"},{"lineNumber":105,"author":{"gitId":"appleraincoat"},"content":"    }","lastModifiedDate":"2024-01-24"},{"lineNumber":106,"author":{"gitId":"appleraincoat"},"content":"","lastModifiedDate":"2024-01-24"},{"lineNumber":107,"author":{"gitId":"appleraincoat"},"content":"    public static void unmark(int index) {","lastModifiedDate":"2024-01-24"},{"lineNumber":108,"author":{"gitId":"appleraincoat"},"content":"        try {","lastModifiedDate":"2024-01-25"},{"lineNumber":109,"author":{"gitId":"appleraincoat"},"content":"            try {","lastModifiedDate":"2024-01-24"},{"lineNumber":110,"author":{"gitId":"appleraincoat"},"content":"                tasks.get(index - 1).unmarkTask();","lastModifiedDate":"2024-01-24"},{"lineNumber":111,"author":{"gitId":"appleraincoat"},"content":"            } catch (IndexOutOfBoundsException e) {","lastModifiedDate":"2024-01-24"},{"lineNumber":112,"author":{"gitId":"appleraincoat"},"content":"                throw new YpxmmException(\"Eh u seh isit? Now your list got \" +","lastModifiedDate":"2024-01-25"},{"lineNumber":113,"author":{"gitId":"appleraincoat"},"content":"                        (tasks.size() \u003d\u003d 0 ? \"no tasks to unmark.\" : tasks.size() +","lastModifiedDate":"2024-01-25"},{"lineNumber":114,"author":{"gitId":"appleraincoat"},"content":"                                \" tasks, enter any number from 1 to \" + tasks.size()));","lastModifiedDate":"2024-01-24"},{"lineNumber":115,"author":{"gitId":"appleraincoat"},"content":"            }","lastModifiedDate":"2024-01-25"},{"lineNumber":116,"author":{"gitId":"appleraincoat"},"content":"        } catch (YpxmmException y) {","lastModifiedDate":"2024-01-25"},{"lineNumber":117,"author":{"gitId":"appleraincoat"},"content":"            System.out.println(y.getMessage());","lastModifiedDate":"2024-01-25"},{"lineNumber":118,"author":{"gitId":"appleraincoat"},"content":"        }","lastModifiedDate":"2024-01-25"},{"lineNumber":119,"author":{"gitId":"appleraincoat"},"content":"    }","lastModifiedDate":"2024-01-25"},{"lineNumber":120,"author":{"gitId":"appleraincoat"},"content":"","lastModifiedDate":"2024-01-25"},{"lineNumber":121,"author":{"gitId":"appleraincoat"},"content":"    public static void delete(int index) {","lastModifiedDate":"2024-01-25"},{"lineNumber":122,"author":{"gitId":"appleraincoat"},"content":"        try {","lastModifiedDate":"2024-01-25"},{"lineNumber":123,"author":{"gitId":"appleraincoat"},"content":"            try {","lastModifiedDate":"2024-01-25"},{"lineNumber":124,"author":{"gitId":"appleraincoat"},"content":"                String t \u003d tasks.get(index - 1).toString();","lastModifiedDate":"2024-01-25"},{"lineNumber":125,"author":{"gitId":"appleraincoat"},"content":"                tasks.remove(index - 1);","lastModifiedDate":"2024-01-25"},{"lineNumber":126,"author":{"gitId":"appleraincoat"},"content":"                System.out.println(\"Ok deleted liao:\\n\" + t + \"\\nNow your list got \" +","lastModifiedDate":"2024-01-25"},{"lineNumber":127,"author":{"gitId":"appleraincoat"},"content":"                        (tasks.size() \u003d\u003d 0 ? \"no tasks.\" : tasks.size() + \" tasks left.\"));","lastModifiedDate":"2024-01-25"},{"lineNumber":128,"author":{"gitId":"appleraincoat"},"content":"            } catch (IndexOutOfBoundsException e) {","lastModifiedDate":"2024-01-25"},{"lineNumber":129,"author":{"gitId":"appleraincoat"},"content":"                throw new YpxmmException(\"Eh u seh isit? Now your list got \" +","lastModifiedDate":"2024-01-25"},{"lineNumber":130,"author":{"gitId":"appleraincoat"},"content":"                        (tasks.size() \u003d\u003d 0 ? \"no tasks to delete.\" : tasks.size() +","lastModifiedDate":"2024-01-25"},{"lineNumber":131,"author":{"gitId":"appleraincoat"},"content":"                                \" tasks, enter any number from 1 to \" + tasks.size()));","lastModifiedDate":"2024-01-25"},{"lineNumber":132,"author":{"gitId":"appleraincoat"},"content":"            }","lastModifiedDate":"2024-01-24"},{"lineNumber":133,"author":{"gitId":"appleraincoat"},"content":"        } catch (YpxmmException y) {","lastModifiedDate":"2024-01-25"},{"lineNumber":134,"author":{"gitId":"appleraincoat"},"content":"            System.out.println(y.getMessage());","lastModifiedDate":"2024-01-25"},{"lineNumber":135,"author":{"gitId":"appleraincoat"},"content":"        }","lastModifiedDate":"2024-01-25"},{"lineNumber":136,"author":{"gitId":"appleraincoat"},"content":"    }","lastModifiedDate":"2024-01-24"},{"lineNumber":137,"author":{"gitId":"appleraincoat"},"content":"","lastModifiedDate":"2024-01-24"},{"lineNumber":138,"author":{"gitId":"appleraincoat"},"content":"    public static void addTask(String input, String type) {","lastModifiedDate":"2024-01-24"},{"lineNumber":139,"author":{"gitId":"appleraincoat"},"content":"        try {","lastModifiedDate":"2024-01-25"},{"lineNumber":140,"author":{"gitId":"appleraincoat"},"content":"            if (type.equals(\"todo\")) {","lastModifiedDate":"2024-01-24"},{"lineNumber":141,"author":{"gitId":"appleraincoat"},"content":"                try {","lastModifiedDate":"2024-01-25"},{"lineNumber":142,"author":{"gitId":"appleraincoat"},"content":"                    String[] info \u003d input.split(\"todo \");","lastModifiedDate":"2024-01-25"},{"lineNumber":143,"author":{"gitId":"appleraincoat"},"content":"                    if (info[1].isBlank()) {","lastModifiedDate":"2024-01-25"},{"lineNumber":144,"author":{"gitId":"appleraincoat"},"content":"                        throw new YpxmmException(\"Help la, can just tell me what is the name of your task anot?\");","lastModifiedDate":"2024-01-25"},{"lineNumber":145,"author":{"gitId":"appleraincoat"},"content":"                    }","lastModifiedDate":"2024-01-25"},{"lineNumber":146,"author":{"gitId":"appleraincoat"},"content":"                    Task t \u003d new ToDo(info[1]);","lastModifiedDate":"2024-01-25"},{"lineNumber":147,"author":{"gitId":"appleraincoat"},"content":"                    tasks.add(t);","lastModifiedDate":"2024-01-24"},{"lineNumber":148,"author":{"gitId":"appleraincoat"},"content":"                    System.out.println(\"Ok I help you add this one liao:\\n\" + t.toString() +","lastModifiedDate":"2024-01-24"},{"lineNumber":149,"author":{"gitId":"appleraincoat"},"content":"                            \"\\nNow your list got \" + tasks.size() + ((tasks.size() \u003d\u003d 1) ? \" task.\" : \" tasks.\"));","lastModifiedDate":"2024-01-24"},{"lineNumber":150,"author":{"gitId":"appleraincoat"},"content":"                } catch (IndexOutOfBoundsException e) {","lastModifiedDate":"2024-01-25"},{"lineNumber":151,"author":{"gitId":"appleraincoat"},"content":"                    throw new YpxmmException(\"You trying to test my patience ah? Type \\\"get commands\\\" if u blur and dunno how to use me properly.\");","lastModifiedDate":"2024-01-25"},{"lineNumber":152,"author":{"gitId":"appleraincoat"},"content":"                }","lastModifiedDate":"2024-01-25"},{"lineNumber":153,"author":{"gitId":"appleraincoat"},"content":"            } else if (type.equals(\"deadline\")) {","lastModifiedDate":"2024-01-24"},{"lineNumber":154,"author":{"gitId":"appleraincoat"},"content":"                try {","lastModifiedDate":"2024-01-25"},{"lineNumber":155,"author":{"gitId":"appleraincoat"},"content":"                    String[] info \u003d input.split(\"/\");","lastModifiedDate":"2024-01-25"},{"lineNumber":156,"author":{"gitId":"appleraincoat"},"content":"                    if (info[0].split(\"deadline \")[1].isBlank() || info[1].isBlank()) {","lastModifiedDate":"2024-01-25"},{"lineNumber":157,"author":{"gitId":"appleraincoat"},"content":"                        throw new YpxmmException(\"Help la, can just tell me what is the name of your task anot?\");","lastModifiedDate":"2024-01-25"},{"lineNumber":158,"author":{"gitId":"appleraincoat"},"content":"                    }","lastModifiedDate":"2024-01-25"},{"lineNumber":159,"author":{"gitId":"appleraincoat"},"content":"                    Task t \u003d new Deadline(info[0].substring(9), info[1]);","lastModifiedDate":"2024-01-24"},{"lineNumber":160,"author":{"gitId":"appleraincoat"},"content":"                    tasks.add(t);","lastModifiedDate":"2024-01-24"},{"lineNumber":161,"author":{"gitId":"appleraincoat"},"content":"                    System.out.println(\"Ok I help you add this one liao:\\n\" + t.toString() +","lastModifiedDate":"2024-01-24"},{"lineNumber":162,"author":{"gitId":"appleraincoat"},"content":"                            \"\\nNow your list got \" + tasks.size() + ((tasks.size() \u003d\u003d 1) ? \" task.\" : \" tasks.\"));","lastModifiedDate":"2024-01-24"},{"lineNumber":163,"author":{"gitId":"appleraincoat"},"content":"                } catch (IndexOutOfBoundsException e) {","lastModifiedDate":"2024-01-25"},{"lineNumber":164,"author":{"gitId":"appleraincoat"},"content":"                    throw new YpxmmException(\"You trying to test my patience ah? Check that u got key in the deadline lehhh\\n\" +","lastModifiedDate":"2024-01-25"},{"lineNumber":165,"author":{"gitId":"appleraincoat"},"content":"                            \"Type \\\"get commands\\\" if u blur and dunno how to use me properly.\");","lastModifiedDate":"2024-01-25"},{"lineNumber":166,"author":{"gitId":"appleraincoat"},"content":"                }","lastModifiedDate":"2024-01-25"},{"lineNumber":167,"author":{"gitId":"appleraincoat"},"content":"            } else {","lastModifiedDate":"2024-01-24"},{"lineNumber":168,"author":{"gitId":"appleraincoat"},"content":"                try {","lastModifiedDate":"2024-01-25"},{"lineNumber":169,"author":{"gitId":"appleraincoat"},"content":"                    String[] info \u003d input.split(\"/\");","lastModifiedDate":"2024-01-25"},{"lineNumber":170,"author":{"gitId":"appleraincoat"},"content":"                    if (info[0].split(\"event \")[1].isBlank() || info[1].isBlank() || info[2].isBlank()) {","lastModifiedDate":"2024-01-25"},{"lineNumber":171,"author":{"gitId":"appleraincoat"},"content":"                        throw new YpxmmException(\"Help la, can just tell me what is the name of your task anot?\");","lastModifiedDate":"2024-01-25"},{"lineNumber":172,"author":{"gitId":"appleraincoat"},"content":"                    }","lastModifiedDate":"2024-01-25"},{"lineNumber":173,"author":{"gitId":"appleraincoat"},"content":"                    Task t \u003d new Event(info[0].substring(6), info[1], info[2]);","lastModifiedDate":"2024-01-24"},{"lineNumber":174,"author":{"gitId":"appleraincoat"},"content":"                    tasks.add(t);","lastModifiedDate":"2024-01-24"},{"lineNumber":175,"author":{"gitId":"appleraincoat"},"content":"                    System.out.println(\"Ok I help you add this one liao:\\n\" + t.toString() +","lastModifiedDate":"2024-01-24"},{"lineNumber":176,"author":{"gitId":"appleraincoat"},"content":"                            \"\\nNow your list got \" + tasks.size() + ((tasks.size() \u003d\u003d 1) ? \" task.\" : \" tasks.\"));","lastModifiedDate":"2024-01-24"},{"lineNumber":177,"author":{"gitId":"appleraincoat"},"content":"                } catch (IndexOutOfBoundsException e) {","lastModifiedDate":"2024-01-25"},{"lineNumber":178,"author":{"gitId":"appleraincoat"},"content":"                    throw new YpxmmException(\"Eh brother last warning ah. Check that u got key in the start and end time\\n\" +","lastModifiedDate":"2024-01-25"},{"lineNumber":179,"author":{"gitId":"appleraincoat"},"content":"                            \"Type \\\"get commands\\\" if u blur and dunno how to use me properly.\");","lastModifiedDate":"2024-01-25"},{"lineNumber":180,"author":{"gitId":"appleraincoat"},"content":"                }","lastModifiedDate":"2024-01-25"},{"lineNumber":181,"author":{"gitId":"appleraincoat"},"content":"            }","lastModifiedDate":"2024-01-25"},{"lineNumber":182,"author":{"gitId":"appleraincoat"},"content":"        } catch (YpxmmException y) {","lastModifiedDate":"2024-01-25"},{"lineNumber":183,"author":{"gitId":"appleraincoat"},"content":"            System.out.println(y.getMessage());","lastModifiedDate":"2024-01-25"},{"lineNumber":184,"author":{"gitId":"appleraincoat"},"content":"        }","lastModifiedDate":"2024-01-24"},{"lineNumber":185,"author":{"gitId":"appleraincoat"},"content":"    }","lastModifiedDate":"2024-01-24"},{"lineNumber":186,"author":{"gitId":"appleraincoat"},"content":"}","lastModifiedDate":"2024-01-24"}],"authorContributionMap":{"appleraincoat":186}},{"path":"src/main/java/YpxmmException.java","fileType":"java","lines":[{"lineNumber":1,"author":{"gitId":"appleraincoat"},"content":"public class YpxmmException extends Exception {","lastModifiedDate":"2024-01-25"},{"lineNumber":2,"author":{"gitId":"appleraincoat"},"content":"    public YpxmmException(String message) {","lastModifiedDate":"2024-01-25"},{"lineNumber":3,"author":{"gitId":"appleraincoat"},"content":"        super(message);","lastModifiedDate":"2024-01-25"},{"lineNumber":4,"author":{"gitId":"appleraincoat"},"content":"    }","lastModifiedDate":"2024-01-25"},{"lineNumber":5,"author":{"gitId":"appleraincoat"},"content":"}","lastModifiedDate":"2024-01-25"}],"authorContributionMap":{"appleraincoat":5}},{"path":"text-ui-test/input.txt","fileType":"txt","lines":[{"lineNumber":1,"author":{"gitId":"appleraincoat"},"content":"mark 1","lastModifiedDate":"2024-01-25"},{"lineNumber":2,"author":{"gitId":"appleraincoat"},"content":"unmark 1","lastModifiedDate":"2024-01-25"},{"lineNumber":3,"author":{"gitId":"appleraincoat"},"content":"delete 1","lastModifiedDate":"2024-01-25"},{"lineNumber":4,"author":{"gitId":"appleraincoat"},"content":"todo eat","lastModifiedDate":"2024-01-25"},{"lineNumber":5,"author":{"gitId":"appleraincoat"},"content":"deadline","lastModifiedDate":"2024-01-25"},{"lineNumber":6,"author":{"gitId":"appleraincoat"},"content":"deadline homework /5pm","lastModifiedDate":"2024-01-25"},{"lineNumber":7,"author":{"gitId":"appleraincoat"},"content":"event dinner / /","lastModifiedDate":"2024-01-25"},{"lineNumber":8,"author":{"gitId":"appleraincoat"},"content":"event dinner /5pm /6pm","lastModifiedDate":"2024-01-25"},{"lineNumber":9,"author":{"gitId":"appleraincoat"},"content":"list","lastModifiedDate":"2024-01-24"},{"lineNumber":10,"author":{"gitId":"appleraincoat"},"content":"mark 4","lastModifiedDate":"2024-01-25"},{"lineNumber":11,"author":{"gitId":"appleraincoat"},"content":"mark 2","lastModifiedDate":"2024-01-24"},{"lineNumber":12,"author":{"gitId":"appleraincoat"},"content":"unmark 2","lastModifiedDate":"2024-01-24"},{"lineNumber":13,"author":{"gitId":"appleraincoat"},"content":"delete 2","lastModifiedDate":"2024-01-25"},{"lineNumber":14,"author":{"gitId":"appleraincoat"},"content":"bye","lastModifiedDate":"2024-01-24"}],"authorContributionMap":{"appleraincoat":14}},{"path":"text-ui-test/runtest.bat","fileType":"bat","lines":[{"lineNumber":1,"author":{"gitId":"-"},"content":"@ECHO OFF","lastModifiedDate":"2020-05-25"},{"lineNumber":2,"author":{"gitId":"-"},"content":"","lastModifiedDate":"2020-05-25"},{"lineNumber":3,"author":{"gitId":"-"},"content":"REM create bin directory if it doesn\u0027t exist","lastModifiedDate":"2020-05-25"},{"lineNumber":4,"author":{"gitId":"-"},"content":"if not exist ..\\bin mkdir ..\\bin","lastModifiedDate":"2020-05-25"},{"lineNumber":5,"author":{"gitId":"-"},"content":"","lastModifiedDate":"2020-05-25"},{"lineNumber":6,"author":{"gitId":"-"},"content":"REM delete output from previous run","lastModifiedDate":"2020-05-25"},{"lineNumber":7,"author":{"gitId":"-"},"content":"if exist ACTUAL.TXT del ACTUAL.TXT","lastModifiedDate":"2020-08-25"},{"lineNumber":8,"author":{"gitId":"-"},"content":"","lastModifiedDate":"2020-05-25"},{"lineNumber":9,"author":{"gitId":"-"},"content":"REM compile the code into the bin folder","lastModifiedDate":"2020-05-25"},{"lineNumber":10,"author":{"gitId":"-"},"content":"javac  -cp ..\\src\\main\\java -Xlint:none -d ..\\bin ..\\src\\main\\java\\*.java","lastModifiedDate":"2020-08-25"},{"lineNumber":11,"author":{"gitId":"-"},"content":"IF ERRORLEVEL 1 (","lastModifiedDate":"2020-05-25"},{"lineNumber":12,"author":{"gitId":"-"},"content":"    echo ********** BUILD FAILURE **********","lastModifiedDate":"2020-05-25"},{"lineNumber":13,"author":{"gitId":"-"},"content":"    exit /b 1","lastModifiedDate":"2020-05-25"},{"lineNumber":14,"author":{"gitId":"-"},"content":")","lastModifiedDate":"2020-05-25"},{"lineNumber":15,"author":{"gitId":"-"},"content":"REM no error here, errorlevel \u003d\u003d 0","lastModifiedDate":"2020-05-25"},{"lineNumber":16,"author":{"gitId":"-"},"content":"","lastModifiedDate":"2020-05-25"},{"lineNumber":17,"author":{"gitId":"-"},"content":"REM run the program, feed commands from input.txt file and redirect the output to the ACTUAL.TXT","lastModifiedDate":"2020-05-25"},{"lineNumber":18,"author":{"gitId":"appleraincoat"},"content":"java -classpath ..\\bin Ypxmm \u003c input.txt \u003e ACTUAL.TXT","lastModifiedDate":"2024-01-24"},{"lineNumber":19,"author":{"gitId":"-"},"content":"","lastModifiedDate":"2020-05-25"},{"lineNumber":20,"author":{"gitId":"-"},"content":"REM compare the output to the expected output","lastModifiedDate":"2020-05-25"},{"lineNumber":21,"author":{"gitId":"-"},"content":"FC ACTUAL.TXT EXPECTED.TXT","lastModifiedDate":"2020-05-25"}],"authorContributionMap":{"-":20,"appleraincoat":1}}]
