[{"path":"data/Ypxmm.txt","fileType":"txt","lines":[{"lineNumber":1,"author":{"gitId":"appleraincoat"},"content":"T | 0 | eat","lastModifiedDate":"2024-01-29"},{"lineNumber":2,"author":{"gitId":"appleraincoat"},"content":"D | 0 | level 9 hmwk | 03-02-2024 2359","lastModifiedDate":"2024-01-29"},{"lineNumber":3,"author":{"gitId":"appleraincoat"},"content":"E | 0 | bros dinner | 29-01-2024 1900 to 29-01-2024 2000","lastModifiedDate":"2024-01-29"}],"authorContributionMap":{"appleraincoat":3}},{"path":"src/main/java/Deadline.java","fileType":"java","lines":[{"lineNumber":1,"author":{"gitId":"appleraincoat"},"content":"import java.time.LocalDateTime;","lastModifiedDate":"2024-01-29"},{"lineNumber":2,"author":{"gitId":"appleraincoat"},"content":"import java.time.format.DateTimeFormatter;","lastModifiedDate":"2024-01-29"},{"lineNumber":3,"author":{"gitId":"appleraincoat"},"content":"","lastModifiedDate":"2024-01-29"},{"lineNumber":4,"author":{"gitId":"appleraincoat"},"content":"public class Deadline extends Task {","lastModifiedDate":"2024-01-24"},{"lineNumber":5,"author":{"gitId":"appleraincoat"},"content":"    protected LocalDateTime byWhen;","lastModifiedDate":"2024-01-29"},{"lineNumber":6,"author":{"gitId":"appleraincoat"},"content":"","lastModifiedDate":"2024-01-24"},{"lineNumber":7,"author":{"gitId":"appleraincoat"},"content":"    public Deadline(String name, String byWhen) {","lastModifiedDate":"2024-01-24"},{"lineNumber":8,"author":{"gitId":"appleraincoat"},"content":"        super(name);","lastModifiedDate":"2024-01-24"},{"lineNumber":9,"author":{"gitId":"appleraincoat"},"content":"        this.byWhen \u003d parseTime(byWhen);","lastModifiedDate":"2024-01-29"},{"lineNumber":10,"author":{"gitId":"appleraincoat"},"content":"    }","lastModifiedDate":"2024-01-24"},{"lineNumber":11,"author":{"gitId":"appleraincoat"},"content":"","lastModifiedDate":"2024-01-24"},{"lineNumber":12,"author":{"gitId":"appleraincoat"},"content":"    private LocalDateTime parseTime(String timeString) {","lastModifiedDate":"2024-01-29"},{"lineNumber":13,"author":{"gitId":"appleraincoat"},"content":"        DateTimeFormatter formatter \u003d DateTimeFormatter.ofPattern(\"dd-MM-yyyy HHmm\");","lastModifiedDate":"2024-01-29"},{"lineNumber":14,"author":{"gitId":"appleraincoat"},"content":"        return LocalDateTime.parse(timeString, formatter);","lastModifiedDate":"2024-01-29"},{"lineNumber":15,"author":{"gitId":"appleraincoat"},"content":"    }","lastModifiedDate":"2024-01-29"},{"lineNumber":16,"author":{"gitId":"appleraincoat"},"content":"    @Override","lastModifiedDate":"2024-01-24"},{"lineNumber":17,"author":{"gitId":"appleraincoat"},"content":"    public String toString() {","lastModifiedDate":"2024-01-24"},{"lineNumber":18,"author":{"gitId":"appleraincoat"},"content":"        return \"[D]\" + super.toString() + \" (by: \" + byWhen.format(DateTimeFormatter.ofPattern(\"MMM dd yyyy HHmm\")) + \")\";","lastModifiedDate":"2024-01-29"},{"lineNumber":19,"author":{"gitId":"appleraincoat"},"content":"    }","lastModifiedDate":"2024-01-24"},{"lineNumber":20,"author":{"gitId":"appleraincoat"},"content":"","lastModifiedDate":"2024-01-29"},{"lineNumber":21,"author":{"gitId":"appleraincoat"},"content":"    @Override","lastModifiedDate":"2024-01-29"},{"lineNumber":22,"author":{"gitId":"appleraincoat"},"content":"    public String toWrite() {","lastModifiedDate":"2024-01-29"},{"lineNumber":23,"author":{"gitId":"appleraincoat"},"content":"        return \"D | \" + super.toWrite() + \" | \" + byWhen.format(DateTimeFormatter.ofPattern(\"dd-MM-yyyy HHmm\"));","lastModifiedDate":"2024-01-29"},{"lineNumber":24,"author":{"gitId":"appleraincoat"},"content":"    }","lastModifiedDate":"2024-01-29"},{"lineNumber":25,"author":{"gitId":"appleraincoat"},"content":"}","lastModifiedDate":"2024-01-24"}],"authorContributionMap":{"appleraincoat":25}},{"path":"src/main/java/EnumCommands.java","fileType":"java","lines":[{"lineNumber":1,"author":{"gitId":"appleraincoat"},"content":"public enum EnumCommands {","lastModifiedDate":"2024-01-25"},{"lineNumber":2,"author":{"gitId":"appleraincoat"},"content":"    LIST,","lastModifiedDate":"2024-01-25"},{"lineNumber":3,"author":{"gitId":"appleraincoat"},"content":"    MARK,","lastModifiedDate":"2024-01-25"},{"lineNumber":4,"author":{"gitId":"appleraincoat"},"content":"    UNMARK,","lastModifiedDate":"2024-01-25"},{"lineNumber":5,"author":{"gitId":"appleraincoat"},"content":"    TODO,","lastModifiedDate":"2024-01-25"},{"lineNumber":6,"author":{"gitId":"appleraincoat"},"content":"    DEADLINE,","lastModifiedDate":"2024-01-25"},{"lineNumber":7,"author":{"gitId":"appleraincoat"},"content":"    EVENT,","lastModifiedDate":"2024-01-25"},{"lineNumber":8,"author":{"gitId":"appleraincoat"},"content":"    GETCOMMANDS,","lastModifiedDate":"2024-01-25"},{"lineNumber":9,"author":{"gitId":"appleraincoat"},"content":"    DELETE,","lastModifiedDate":"2024-01-25"},{"lineNumber":10,"author":{"gitId":"appleraincoat"},"content":"    BYE;","lastModifiedDate":"2024-01-25"},{"lineNumber":11,"author":{"gitId":"appleraincoat"},"content":"}","lastModifiedDate":"2024-01-25"}],"authorContributionMap":{"appleraincoat":11}},{"path":"src/main/java/Event.java","fileType":"java","lines":[{"lineNumber":1,"author":{"gitId":"appleraincoat"},"content":"import java.time.LocalDateTime;","lastModifiedDate":"2024-01-29"},{"lineNumber":2,"author":{"gitId":"appleraincoat"},"content":"import java.time.format.DateTimeFormatter;","lastModifiedDate":"2024-01-29"},{"lineNumber":3,"author":{"gitId":"appleraincoat"},"content":"","lastModifiedDate":"2024-01-29"},{"lineNumber":4,"author":{"gitId":"appleraincoat"},"content":"public class Event extends Task {","lastModifiedDate":"2024-01-24"},{"lineNumber":5,"author":{"gitId":"appleraincoat"},"content":"    protected LocalDateTime fromWhen;","lastModifiedDate":"2024-01-29"},{"lineNumber":6,"author":{"gitId":"appleraincoat"},"content":"    protected LocalDateTime toWhen;","lastModifiedDate":"2024-01-29"},{"lineNumber":7,"author":{"gitId":"appleraincoat"},"content":"","lastModifiedDate":"2024-01-24"},{"lineNumber":8,"author":{"gitId":"appleraincoat"},"content":"    public Event(String name, String fromWhen, String toWhen) {","lastModifiedDate":"2024-01-24"},{"lineNumber":9,"author":{"gitId":"appleraincoat"},"content":"        super(name);","lastModifiedDate":"2024-01-24"},{"lineNumber":10,"author":{"gitId":"appleraincoat"},"content":"        this.fromWhen \u003d parseTime(fromWhen);","lastModifiedDate":"2024-01-29"},{"lineNumber":11,"author":{"gitId":"appleraincoat"},"content":"        this.toWhen \u003d parseTime(toWhen);","lastModifiedDate":"2024-01-29"},{"lineNumber":12,"author":{"gitId":"appleraincoat"},"content":"    }","lastModifiedDate":"2024-01-29"},{"lineNumber":13,"author":{"gitId":"appleraincoat"},"content":"","lastModifiedDate":"2024-01-29"},{"lineNumber":14,"author":{"gitId":"appleraincoat"},"content":"    private LocalDateTime parseTime(String timeString) {","lastModifiedDate":"2024-01-29"},{"lineNumber":15,"author":{"gitId":"appleraincoat"},"content":"        DateTimeFormatter formatter \u003d DateTimeFormatter.ofPattern(\"dd-MM-yyyy HHmm\");","lastModifiedDate":"2024-01-29"},{"lineNumber":16,"author":{"gitId":"appleraincoat"},"content":"        return LocalDateTime.parse(timeString, formatter);","lastModifiedDate":"2024-01-29"},{"lineNumber":17,"author":{"gitId":"appleraincoat"},"content":"    }","lastModifiedDate":"2024-01-24"},{"lineNumber":18,"author":{"gitId":"appleraincoat"},"content":"","lastModifiedDate":"2024-01-24"},{"lineNumber":19,"author":{"gitId":"appleraincoat"},"content":"    @Override","lastModifiedDate":"2024-01-24"},{"lineNumber":20,"author":{"gitId":"appleraincoat"},"content":"    public String toString() {","lastModifiedDate":"2024-01-24"},{"lineNumber":21,"author":{"gitId":"appleraincoat"},"content":"        return \"[E]\" + super.toString() + \" (from: \" + fromWhen.format(DateTimeFormatter.ofPattern(\"MMM dd yyyy HHmm\"))","lastModifiedDate":"2024-01-29"},{"lineNumber":22,"author":{"gitId":"appleraincoat"},"content":"                + \" to: \" + toWhen.format(DateTimeFormatter.ofPattern(\"MMM dd yyyy HHmm\")) + \")\";","lastModifiedDate":"2024-01-29"},{"lineNumber":23,"author":{"gitId":"appleraincoat"},"content":"    }","lastModifiedDate":"2024-01-24"},{"lineNumber":24,"author":{"gitId":"appleraincoat"},"content":"","lastModifiedDate":"2024-01-29"},{"lineNumber":25,"author":{"gitId":"appleraincoat"},"content":"    @Override","lastModifiedDate":"2024-01-29"},{"lineNumber":26,"author":{"gitId":"appleraincoat"},"content":"    public String toWrite() {","lastModifiedDate":"2024-01-29"},{"lineNumber":27,"author":{"gitId":"appleraincoat"},"content":"        return \"E | \" + super.toWrite() + \" | \" + fromWhen.format(DateTimeFormatter.ofPattern(\"dd-MM-yyyy HHmm\")) +","lastModifiedDate":"2024-01-29"},{"lineNumber":28,"author":{"gitId":"appleraincoat"},"content":"                \" to \" + toWhen.format(DateTimeFormatter.ofPattern(\"dd-MM-yyyy HHmm\"));","lastModifiedDate":"2024-01-29"},{"lineNumber":29,"author":{"gitId":"appleraincoat"},"content":"    }","lastModifiedDate":"2024-01-29"},{"lineNumber":30,"author":{"gitId":"appleraincoat"},"content":"}","lastModifiedDate":"2024-01-24"}],"authorContributionMap":{"appleraincoat":30}},{"path":"src/main/java/Task.java","fileType":"java","lines":[{"lineNumber":1,"author":{"gitId":"appleraincoat"},"content":"public class Task {","lastModifiedDate":"2024-01-24"},{"lineNumber":2,"author":{"gitId":"appleraincoat"},"content":"    protected String name;","lastModifiedDate":"2024-01-24"},{"lineNumber":3,"author":{"gitId":"appleraincoat"},"content":"    protected boolean completed;","lastModifiedDate":"2024-01-24"},{"lineNumber":4,"author":{"gitId":"appleraincoat"},"content":"","lastModifiedDate":"2024-01-24"},{"lineNumber":5,"author":{"gitId":"appleraincoat"},"content":"    //constructor","lastModifiedDate":"2024-01-24"},{"lineNumber":6,"author":{"gitId":"appleraincoat"},"content":"    public Task(String name) {","lastModifiedDate":"2024-01-24"},{"lineNumber":7,"author":{"gitId":"appleraincoat"},"content":"        this.name \u003d name;","lastModifiedDate":"2024-01-24"},{"lineNumber":8,"author":{"gitId":"appleraincoat"},"content":"        this.completed \u003d false;","lastModifiedDate":"2024-01-24"},{"lineNumber":9,"author":{"gitId":"appleraincoat"},"content":"    }","lastModifiedDate":"2024-01-24"},{"lineNumber":10,"author":{"gitId":"appleraincoat"},"content":"","lastModifiedDate":"2024-01-24"},{"lineNumber":11,"author":{"gitId":"appleraincoat"},"content":"    public void markTask() {","lastModifiedDate":"2024-01-24"},{"lineNumber":12,"author":{"gitId":"appleraincoat"},"content":"        this.completed \u003d true;","lastModifiedDate":"2024-01-24"},{"lineNumber":13,"author":{"gitId":"appleraincoat"},"content":"        System.out.println(\"Upz la, mark for you already!\");","lastModifiedDate":"2024-01-24"},{"lineNumber":14,"author":{"gitId":"appleraincoat"},"content":"        System.out.println(this.toString());","lastModifiedDate":"2024-01-24"},{"lineNumber":15,"author":{"gitId":"appleraincoat"},"content":"    }","lastModifiedDate":"2024-01-24"},{"lineNumber":16,"author":{"gitId":"appleraincoat"},"content":"","lastModifiedDate":"2024-01-24"},{"lineNumber":17,"author":{"gitId":"appleraincoat"},"content":"    public void setCompleted() {","lastModifiedDate":"2024-01-29"},{"lineNumber":18,"author":{"gitId":"appleraincoat"},"content":"        this.completed \u003d true;","lastModifiedDate":"2024-01-29"},{"lineNumber":19,"author":{"gitId":"appleraincoat"},"content":"    }","lastModifiedDate":"2024-01-29"},{"lineNumber":20,"author":{"gitId":"appleraincoat"},"content":"","lastModifiedDate":"2024-01-29"},{"lineNumber":21,"author":{"gitId":"appleraincoat"},"content":"    public void unmarkTask() {","lastModifiedDate":"2024-01-24"},{"lineNumber":22,"author":{"gitId":"appleraincoat"},"content":"        this.completed \u003d false;","lastModifiedDate":"2024-01-24"},{"lineNumber":23,"author":{"gitId":"appleraincoat"},"content":"        System.out.println(\"Eh wake up your idea, faster finish can or not?? Unmark for you already la!\");","lastModifiedDate":"2024-01-24"},{"lineNumber":24,"author":{"gitId":"appleraincoat"},"content":"        System.out.println(this.toString());","lastModifiedDate":"2024-01-24"},{"lineNumber":25,"author":{"gitId":"appleraincoat"},"content":"    }","lastModifiedDate":"2024-01-24"},{"lineNumber":26,"author":{"gitId":"appleraincoat"},"content":"","lastModifiedDate":"2024-01-24"},{"lineNumber":27,"author":{"gitId":"appleraincoat"},"content":"    public String getStatusIcon() {","lastModifiedDate":"2024-01-24"},{"lineNumber":28,"author":{"gitId":"appleraincoat"},"content":"","lastModifiedDate":"2024-01-29"},{"lineNumber":29,"author":{"gitId":"appleraincoat"},"content":"        return (completed ? \"X\" : \" \"); // mark done task with X","lastModifiedDate":"2024-01-24"},{"lineNumber":30,"author":{"gitId":"appleraincoat"},"content":"    }","lastModifiedDate":"2024-01-24"},{"lineNumber":31,"author":{"gitId":"appleraincoat"},"content":"","lastModifiedDate":"2024-01-24"},{"lineNumber":32,"author":{"gitId":"appleraincoat"},"content":"    public String toWrite() {","lastModifiedDate":"2024-01-29"},{"lineNumber":33,"author":{"gitId":"appleraincoat"},"content":"        return (completed ? \"1\" : \"0\") + \" | \" + name;","lastModifiedDate":"2024-01-29"},{"lineNumber":34,"author":{"gitId":"appleraincoat"},"content":"    }","lastModifiedDate":"2024-01-29"},{"lineNumber":35,"author":{"gitId":"appleraincoat"},"content":"","lastModifiedDate":"2024-01-29"},{"lineNumber":36,"author":{"gitId":"appleraincoat"},"content":"    @Override","lastModifiedDate":"2024-01-24"},{"lineNumber":37,"author":{"gitId":"appleraincoat"},"content":"    public String toString() {","lastModifiedDate":"2024-01-24"},{"lineNumber":38,"author":{"gitId":"appleraincoat"},"content":"        return \"[\" + this.getStatusIcon() + \"] \" + name;","lastModifiedDate":"2024-01-24"},{"lineNumber":39,"author":{"gitId":"appleraincoat"},"content":"    }","lastModifiedDate":"2024-01-24"},{"lineNumber":40,"author":{"gitId":"appleraincoat"},"content":"}","lastModifiedDate":"2024-01-24"}],"authorContributionMap":{"appleraincoat":40}},{"path":"src/main/java/ToDo.java","fileType":"java","lines":[{"lineNumber":1,"author":{"gitId":"appleraincoat"},"content":"public class ToDo extends Task {","lastModifiedDate":"2024-01-24"},{"lineNumber":2,"author":{"gitId":"appleraincoat"},"content":"","lastModifiedDate":"2024-01-24"},{"lineNumber":3,"author":{"gitId":"appleraincoat"},"content":"    public ToDo(String name) {","lastModifiedDate":"2024-01-24"},{"lineNumber":4,"author":{"gitId":"appleraincoat"},"content":"        super(name);","lastModifiedDate":"2024-01-24"},{"lineNumber":5,"author":{"gitId":"appleraincoat"},"content":"    }","lastModifiedDate":"2024-01-24"},{"lineNumber":6,"author":{"gitId":"appleraincoat"},"content":"","lastModifiedDate":"2024-01-24"},{"lineNumber":7,"author":{"gitId":"appleraincoat"},"content":"    @Override","lastModifiedDate":"2024-01-24"},{"lineNumber":8,"author":{"gitId":"appleraincoat"},"content":"    public String toString() {","lastModifiedDate":"2024-01-24"},{"lineNumber":9,"author":{"gitId":"appleraincoat"},"content":"        return \"[T]\" + super.toString();","lastModifiedDate":"2024-01-24"},{"lineNumber":10,"author":{"gitId":"appleraincoat"},"content":"    }","lastModifiedDate":"2024-01-24"},{"lineNumber":11,"author":{"gitId":"appleraincoat"},"content":"","lastModifiedDate":"2024-01-29"},{"lineNumber":12,"author":{"gitId":"appleraincoat"},"content":"    @Override","lastModifiedDate":"2024-01-29"},{"lineNumber":13,"author":{"gitId":"appleraincoat"},"content":"    public String toWrite() {","lastModifiedDate":"2024-01-29"},{"lineNumber":14,"author":{"gitId":"appleraincoat"},"content":"        return \"T | \" + super.toWrite();","lastModifiedDate":"2024-01-29"},{"lineNumber":15,"author":{"gitId":"appleraincoat"},"content":"    }","lastModifiedDate":"2024-01-29"},{"lineNumber":16,"author":{"gitId":"appleraincoat"},"content":"}","lastModifiedDate":"2024-01-24"}],"authorContributionMap":{"appleraincoat":16}},{"path":"src/main/java/Ypxmm.java","fileType":"java","lines":[{"lineNumber":1,"author":{"gitId":"appleraincoat"},"content":"import java.io.IOException;","lastModifiedDate":"2024-01-29"},{"lineNumber":2,"author":{"gitId":"appleraincoat"},"content":"import java.time.format.DateTimeParseException;","lastModifiedDate":"2024-01-29"},{"lineNumber":3,"author":{"gitId":"appleraincoat"},"content":"import java.util.ArrayList;","lastModifiedDate":"2024-01-28"},{"lineNumber":4,"author":{"gitId":"appleraincoat"},"content":"import java.util.Arrays;","lastModifiedDate":"2024-01-29"},{"lineNumber":5,"author":{"gitId":"appleraincoat"},"content":"import java.util.Scanner;","lastModifiedDate":"2024-01-28"},{"lineNumber":6,"author":{"gitId":"appleraincoat"},"content":"import java.io.File;","lastModifiedDate":"2024-01-29"},{"lineNumber":7,"author":{"gitId":"appleraincoat"},"content":"import java.io.FileNotFoundException;","lastModifiedDate":"2024-01-29"},{"lineNumber":8,"author":{"gitId":"appleraincoat"},"content":"import java.io.FileWriter;","lastModifiedDate":"2024-01-29"},{"lineNumber":9,"author":{"gitId":"appleraincoat"},"content":"","lastModifiedDate":"2024-01-28"},{"lineNumber":10,"author":{"gitId":"appleraincoat"},"content":"","lastModifiedDate":"2024-01-24"},{"lineNumber":11,"author":{"gitId":"appleraincoat"},"content":"public class Ypxmm {","lastModifiedDate":"2024-01-24"},{"lineNumber":12,"author":{"gitId":"appleraincoat"},"content":"","lastModifiedDate":"2024-01-24"},{"lineNumber":13,"author":{"gitId":"appleraincoat"},"content":"    public static ArrayList\u003cTask\u003e tasks \u003d new ArrayList\u003cTask\u003e(); //tasks","lastModifiedDate":"2024-01-24"},{"lineNumber":14,"author":{"gitId":"appleraincoat"},"content":"    public static File f;","lastModifiedDate":"2024-01-29"},{"lineNumber":15,"author":{"gitId":"appleraincoat"},"content":"    private static void printFileContents() throws FileNotFoundException {","lastModifiedDate":"2024-01-29"},{"lineNumber":16,"author":{"gitId":"appleraincoat"},"content":"        Scanner s \u003d new Scanner(f); // create a Scanner using the File as the source","lastModifiedDate":"2024-01-29"},{"lineNumber":17,"author":{"gitId":"appleraincoat"},"content":"        while (s.hasNext()) {","lastModifiedDate":"2024-01-29"},{"lineNumber":18,"author":{"gitId":"appleraincoat"},"content":"            System.out.println(s.nextLine());","lastModifiedDate":"2024-01-29"},{"lineNumber":19,"author":{"gitId":"appleraincoat"},"content":"        }","lastModifiedDate":"2024-01-29"},{"lineNumber":20,"author":{"gitId":"appleraincoat"},"content":"    }","lastModifiedDate":"2024-01-29"},{"lineNumber":21,"author":{"gitId":"appleraincoat"},"content":"    private static void writeToFile(String textToAdd) throws IOException, FileNotFoundException {","lastModifiedDate":"2024-01-29"},{"lineNumber":22,"author":{"gitId":"appleraincoat"},"content":"        FileWriter fw \u003d new FileWriter(f);","lastModifiedDate":"2024-01-29"},{"lineNumber":23,"author":{"gitId":"appleraincoat"},"content":"        fw.write(textToAdd + \"\\n\");","lastModifiedDate":"2024-01-29"},{"lineNumber":24,"author":{"gitId":"appleraincoat"},"content":"        fw.close();","lastModifiedDate":"2024-01-29"},{"lineNumber":25,"author":{"gitId":"appleraincoat"},"content":"    }","lastModifiedDate":"2024-01-29"},{"lineNumber":26,"author":{"gitId":"appleraincoat"},"content":"    private static void appendToFile(String textToAppend) throws IOException, FileNotFoundException {","lastModifiedDate":"2024-01-29"},{"lineNumber":27,"author":{"gitId":"appleraincoat"},"content":"        FileWriter fw \u003d new FileWriter(f, true); // create a FileWriter in append mode","lastModifiedDate":"2024-01-29"},{"lineNumber":28,"author":{"gitId":"appleraincoat"},"content":"        fw.write(textToAppend + \"\\n\");","lastModifiedDate":"2024-01-29"},{"lineNumber":29,"author":{"gitId":"appleraincoat"},"content":"        fw.close();","lastModifiedDate":"2024-01-29"},{"lineNumber":30,"author":{"gitId":"appleraincoat"},"content":"    }","lastModifiedDate":"2024-01-29"},{"lineNumber":31,"author":{"gitId":"appleraincoat"},"content":"","lastModifiedDate":"2024-01-29"},{"lineNumber":32,"author":{"gitId":"appleraincoat"},"content":"    private static void reWrite() throws IOException, FileNotFoundException {","lastModifiedDate":"2024-01-29"},{"lineNumber":33,"author":{"gitId":"appleraincoat"},"content":"        FileWriter fw \u003d new FileWriter(f);","lastModifiedDate":"2024-01-29"},{"lineNumber":34,"author":{"gitId":"appleraincoat"},"content":"        for (Task t : tasks) {","lastModifiedDate":"2024-01-29"},{"lineNumber":35,"author":{"gitId":"appleraincoat"},"content":"            fw.write(t.toWrite() + \"\\n\");","lastModifiedDate":"2024-01-29"},{"lineNumber":36,"author":{"gitId":"appleraincoat"},"content":"        }","lastModifiedDate":"2024-01-29"},{"lineNumber":37,"author":{"gitId":"appleraincoat"},"content":"        fw.close();","lastModifiedDate":"2024-01-29"},{"lineNumber":38,"author":{"gitId":"appleraincoat"},"content":"    }","lastModifiedDate":"2024-01-29"},{"lineNumber":39,"author":{"gitId":"appleraincoat"},"content":"","lastModifiedDate":"2024-01-29"},{"lineNumber":40,"author":{"gitId":"appleraincoat"},"content":"    private static void initToArray() throws FileNotFoundException {","lastModifiedDate":"2024-01-29"},{"lineNumber":41,"author":{"gitId":"appleraincoat"},"content":"        Scanner s \u003d new Scanner(f);","lastModifiedDate":"2024-01-29"},{"lineNumber":42,"author":{"gitId":"appleraincoat"},"content":"        while (s.hasNext()) {","lastModifiedDate":"2024-01-29"},{"lineNumber":43,"author":{"gitId":"appleraincoat"},"content":"            String[] line \u003d s.nextLine().split(\" \\\\| \");","lastModifiedDate":"2024-01-29"},{"lineNumber":44,"author":{"gitId":"appleraincoat"},"content":"            if (line[0].equals(\"T\")) {","lastModifiedDate":"2024-01-29"},{"lineNumber":45,"author":{"gitId":"appleraincoat"},"content":"                Task task \u003d new ToDo(line[2]);","lastModifiedDate":"2024-01-29"},{"lineNumber":46,"author":{"gitId":"appleraincoat"},"content":"                if (line[1].equals(\"1\")) {","lastModifiedDate":"2024-01-29"},{"lineNumber":47,"author":{"gitId":"appleraincoat"},"content":"                    task.setCompleted();","lastModifiedDate":"2024-01-29"},{"lineNumber":48,"author":{"gitId":"appleraincoat"},"content":"                }","lastModifiedDate":"2024-01-29"},{"lineNumber":49,"author":{"gitId":"appleraincoat"},"content":"                tasks.add(task);","lastModifiedDate":"2024-01-29"},{"lineNumber":50,"author":{"gitId":"appleraincoat"},"content":"            } else if (line[0].equals(\"D\")) {","lastModifiedDate":"2024-01-29"},{"lineNumber":51,"author":{"gitId":"appleraincoat"},"content":"                Task task \u003d new Deadline(line[2], line[3]);","lastModifiedDate":"2024-01-29"},{"lineNumber":52,"author":{"gitId":"appleraincoat"},"content":"                if (line[1].equals(\"1\")) {","lastModifiedDate":"2024-01-29"},{"lineNumber":53,"author":{"gitId":"appleraincoat"},"content":"                    task.setCompleted();","lastModifiedDate":"2024-01-29"},{"lineNumber":54,"author":{"gitId":"appleraincoat"},"content":"                }","lastModifiedDate":"2024-01-29"},{"lineNumber":55,"author":{"gitId":"appleraincoat"},"content":"                tasks.add(task);","lastModifiedDate":"2024-01-29"},{"lineNumber":56,"author":{"gitId":"appleraincoat"},"content":"            } else if (line[0].equals(\"E\")) {","lastModifiedDate":"2024-01-29"},{"lineNumber":57,"author":{"gitId":"appleraincoat"},"content":"                String[] timing \u003d line[3].split(\" to \");","lastModifiedDate":"2024-01-29"},{"lineNumber":58,"author":{"gitId":"appleraincoat"},"content":"                Task task \u003d new Event(line[2], timing[0], timing[1]);","lastModifiedDate":"2024-01-29"},{"lineNumber":59,"author":{"gitId":"appleraincoat"},"content":"                if (line[1].equals(\"1\")) {","lastModifiedDate":"2024-01-29"},{"lineNumber":60,"author":{"gitId":"appleraincoat"},"content":"                    task.setCompleted();","lastModifiedDate":"2024-01-29"},{"lineNumber":61,"author":{"gitId":"appleraincoat"},"content":"                }","lastModifiedDate":"2024-01-29"},{"lineNumber":62,"author":{"gitId":"appleraincoat"},"content":"                tasks.add(task);","lastModifiedDate":"2024-01-29"},{"lineNumber":63,"author":{"gitId":"appleraincoat"},"content":"            }","lastModifiedDate":"2024-01-29"},{"lineNumber":64,"author":{"gitId":"appleraincoat"},"content":"        }","lastModifiedDate":"2024-01-29"},{"lineNumber":65,"author":{"gitId":"appleraincoat"},"content":"    }","lastModifiedDate":"2024-01-29"},{"lineNumber":66,"author":{"gitId":"appleraincoat"},"content":"    public static void main(String[] args) throws YpxmmException {","lastModifiedDate":"2024-01-25"},{"lineNumber":67,"author":{"gitId":"appleraincoat"},"content":"        Scanner sc \u003d new Scanner(System.in);","lastModifiedDate":"2024-01-24"},{"lineNumber":68,"author":{"gitId":"appleraincoat"},"content":"        sayHello();","lastModifiedDate":"2024-01-24"},{"lineNumber":69,"author":{"gitId":"appleraincoat"},"content":"        boolean condition \u003d true;","lastModifiedDate":"2024-01-25"},{"lineNumber":70,"author":{"gitId":"appleraincoat"},"content":"        f \u003d new File(\"data/Ypxmm.txt\");","lastModifiedDate":"2024-01-29"},{"lineNumber":71,"author":{"gitId":"appleraincoat"},"content":"","lastModifiedDate":"2024-01-29"},{"lineNumber":72,"author":{"gitId":"appleraincoat"},"content":"        try {","lastModifiedDate":"2024-01-29"},{"lineNumber":73,"author":{"gitId":"appleraincoat"},"content":"            try {","lastModifiedDate":"2024-01-29"},{"lineNumber":74,"author":{"gitId":"appleraincoat"},"content":"                initToArray();","lastModifiedDate":"2024-01-29"},{"lineNumber":75,"author":{"gitId":"appleraincoat"},"content":"            } catch (FileNotFoundException e) {","lastModifiedDate":"2024-01-29"},{"lineNumber":76,"author":{"gitId":"appleraincoat"},"content":"                throw new YpxmmException(\"File not created yet la bro. In the ip folder, create a new folder \\\"data\\\" and a new txt file \\\"Ypxmm\\\" to proceed\");","lastModifiedDate":"2024-01-29"},{"lineNumber":77,"author":{"gitId":"appleraincoat"},"content":"            }","lastModifiedDate":"2024-01-29"},{"lineNumber":78,"author":{"gitId":"appleraincoat"},"content":"        } catch (YpxmmException y) {","lastModifiedDate":"2024-01-29"},{"lineNumber":79,"author":{"gitId":"appleraincoat"},"content":"            System.out.println(y.getMessage());","lastModifiedDate":"2024-01-29"},{"lineNumber":80,"author":{"gitId":"appleraincoat"},"content":"        }","lastModifiedDate":"2024-01-29"},{"lineNumber":81,"author":{"gitId":"appleraincoat"},"content":"","lastModifiedDate":"2024-01-24"},{"lineNumber":82,"author":{"gitId":"appleraincoat"},"content":"        while (condition) {","lastModifiedDate":"2024-01-25"},{"lineNumber":83,"author":{"gitId":"appleraincoat"},"content":"            try {","lastModifiedDate":"2024-01-25"},{"lineNumber":84,"author":{"gitId":"appleraincoat"},"content":"                String input \u003d sc.nextLine();","lastModifiedDate":"2024-01-24"},{"lineNumber":85,"author":{"gitId":"appleraincoat"},"content":"                String[] splitInput \u003d input.split(\" \");","lastModifiedDate":"2024-01-25"},{"lineNumber":86,"author":{"gitId":"appleraincoat"},"content":"                EnumCommands enumc \u003d EnumCommands.valueOf(splitInput[0].toUpperCase());","lastModifiedDate":"2024-01-25"},{"lineNumber":87,"author":{"gitId":"appleraincoat"},"content":"                switch (enumc) {","lastModifiedDate":"2024-01-25"},{"lineNumber":88,"author":{"gitId":"appleraincoat"},"content":"                    case BYE:","lastModifiedDate":"2024-01-25"},{"lineNumber":89,"author":{"gitId":"appleraincoat"},"content":"                        sayGoodbye();","lastModifiedDate":"2024-01-24"},{"lineNumber":90,"author":{"gitId":"appleraincoat"},"content":"                        condition \u003d false;","lastModifiedDate":"2024-01-25"},{"lineNumber":91,"author":{"gitId":"appleraincoat"},"content":"                        break;","lastModifiedDate":"2024-01-24"},{"lineNumber":92,"author":{"gitId":"appleraincoat"},"content":"                    case LIST:","lastModifiedDate":"2024-01-25"},{"lineNumber":93,"author":{"gitId":"appleraincoat"},"content":"                        list();","lastModifiedDate":"2024-01-24"},{"lineNumber":94,"author":{"gitId":"appleraincoat"},"content":"                        break;","lastModifiedDate":"2024-01-25"},{"lineNumber":95,"author":{"gitId":"appleraincoat"},"content":"                    case MARK:","lastModifiedDate":"2024-01-25"},{"lineNumber":96,"author":{"gitId":"appleraincoat"},"content":"                        String[] valsMark \u003d input.split(\" \");","lastModifiedDate":"2024-01-25"},{"lineNumber":97,"author":{"gitId":"appleraincoat"},"content":"                        try {","lastModifiedDate":"2024-01-25"},{"lineNumber":98,"author":{"gitId":"appleraincoat"},"content":"                            int index \u003d Integer.parseInt(valsMark[1]);","lastModifiedDate":"2024-01-25"},{"lineNumber":99,"author":{"gitId":"appleraincoat"},"content":"                            mark(index);","lastModifiedDate":"2024-01-24"},{"lineNumber":100,"author":{"gitId":"appleraincoat"},"content":"                        } catch (IndexOutOfBoundsException e) {","lastModifiedDate":"2024-01-25"},{"lineNumber":101,"author":{"gitId":"appleraincoat"},"content":"                            throw new YpxmmException(\"Brother, key in mark \u003cspace\u003e then a valid number\");","lastModifiedDate":"2024-01-25"},{"lineNumber":102,"author":{"gitId":"appleraincoat"},"content":"                        } catch (NumberFormatException n) {","lastModifiedDate":"2024-01-25"},{"lineNumber":103,"author":{"gitId":"appleraincoat"},"content":"                            throw new YpxmmException(\"You tell me now what task am I supposed to mark if you don\u0027t provide me with a number?\");","lastModifiedDate":"2024-01-25"},{"lineNumber":104,"author":{"gitId":"appleraincoat"},"content":"                        }","lastModifiedDate":"2024-01-25"},{"lineNumber":105,"author":{"gitId":"appleraincoat"},"content":"                        break;","lastModifiedDate":"2024-01-25"},{"lineNumber":106,"author":{"gitId":"appleraincoat"},"content":"                    case UNMARK:","lastModifiedDate":"2024-01-25"},{"lineNumber":107,"author":{"gitId":"appleraincoat"},"content":"                        String[] valsUnmark \u003d input.split(\" \");","lastModifiedDate":"2024-01-25"},{"lineNumber":108,"author":{"gitId":"appleraincoat"},"content":"                        try {","lastModifiedDate":"2024-01-25"},{"lineNumber":109,"author":{"gitId":"appleraincoat"},"content":"                            int index \u003d Integer.parseInt(valsUnmark[1]);","lastModifiedDate":"2024-01-25"},{"lineNumber":110,"author":{"gitId":"appleraincoat"},"content":"                            unmark(index);","lastModifiedDate":"2024-01-24"},{"lineNumber":111,"author":{"gitId":"appleraincoat"},"content":"                        } catch (IndexOutOfBoundsException e) {","lastModifiedDate":"2024-01-25"},{"lineNumber":112,"author":{"gitId":"appleraincoat"},"content":"                            throw new YpxmmException(\"Brother, key in unmark \u003cspace\u003e then a valid number\");","lastModifiedDate":"2024-01-25"},{"lineNumber":113,"author":{"gitId":"appleraincoat"},"content":"                        } catch (NumberFormatException n) {","lastModifiedDate":"2024-01-25"},{"lineNumber":114,"author":{"gitId":"appleraincoat"},"content":"                            throw new YpxmmException(\"You tell me now what task am I supposed to unmark if you don\u0027t provide me with a number?\");","lastModifiedDate":"2024-01-25"},{"lineNumber":115,"author":{"gitId":"appleraincoat"},"content":"                        }","lastModifiedDate":"2024-01-25"},{"lineNumber":116,"author":{"gitId":"appleraincoat"},"content":"                        break;","lastModifiedDate":"2024-01-25"},{"lineNumber":117,"author":{"gitId":"appleraincoat"},"content":"                    case TODO:","lastModifiedDate":"2024-01-25"},{"lineNumber":118,"author":{"gitId":"appleraincoat"},"content":"                        addTask(input, \"todo\");","lastModifiedDate":"2024-01-24"},{"lineNumber":119,"author":{"gitId":"appleraincoat"},"content":"                        break;","lastModifiedDate":"2024-01-25"},{"lineNumber":120,"author":{"gitId":"appleraincoat"},"content":"                    case DEADLINE:","lastModifiedDate":"2024-01-25"},{"lineNumber":121,"author":{"gitId":"appleraincoat"},"content":"                        addTask(input, \"deadline\");","lastModifiedDate":"2024-01-24"},{"lineNumber":122,"author":{"gitId":"appleraincoat"},"content":"                        break;","lastModifiedDate":"2024-01-25"},{"lineNumber":123,"author":{"gitId":"appleraincoat"},"content":"                    case EVENT:","lastModifiedDate":"2024-01-25"},{"lineNumber":124,"author":{"gitId":"appleraincoat"},"content":"                        addTask(input, \"event\");","lastModifiedDate":"2024-01-24"},{"lineNumber":125,"author":{"gitId":"appleraincoat"},"content":"                        break;","lastModifiedDate":"2024-01-25"},{"lineNumber":126,"author":{"gitId":"appleraincoat"},"content":"                    case GETCOMMANDS:","lastModifiedDate":"2024-01-25"},{"lineNumber":127,"author":{"gitId":"appleraincoat"},"content":"                        getCommands();","lastModifiedDate":"2024-01-25"},{"lineNumber":128,"author":{"gitId":"appleraincoat"},"content":"                        break;","lastModifiedDate":"2024-01-25"},{"lineNumber":129,"author":{"gitId":"appleraincoat"},"content":"                    case DELETE:","lastModifiedDate":"2024-01-25"},{"lineNumber":130,"author":{"gitId":"appleraincoat"},"content":"                        String[] vals \u003d input.split(\" \");","lastModifiedDate":"2024-01-25"},{"lineNumber":131,"author":{"gitId":"appleraincoat"},"content":"                        try {","lastModifiedDate":"2024-01-25"},{"lineNumber":132,"author":{"gitId":"appleraincoat"},"content":"                            int index \u003d Integer.parseInt(vals[1]);","lastModifiedDate":"2024-01-25"},{"lineNumber":133,"author":{"gitId":"appleraincoat"},"content":"                            delete(index);","lastModifiedDate":"2024-01-25"},{"lineNumber":134,"author":{"gitId":"appleraincoat"},"content":"                        } catch (IndexOutOfBoundsException e) {","lastModifiedDate":"2024-01-25"},{"lineNumber":135,"author":{"gitId":"appleraincoat"},"content":"                            throw new YpxmmException(\"Brother, key in delete \u003cspace\u003e then a valid number\");","lastModifiedDate":"2024-01-25"},{"lineNumber":136,"author":{"gitId":"appleraincoat"},"content":"                        } catch (NumberFormatException n) {","lastModifiedDate":"2024-01-25"},{"lineNumber":137,"author":{"gitId":"appleraincoat"},"content":"                            throw new YpxmmException(\"You tell me now what task am I supposed to delete if you don\u0027t provide me with a number?\");","lastModifiedDate":"2024-01-25"},{"lineNumber":138,"author":{"gitId":"appleraincoat"},"content":"                        }","lastModifiedDate":"2024-01-25"},{"lineNumber":139,"author":{"gitId":"appleraincoat"},"content":"                        break;","lastModifiedDate":"2024-01-25"},{"lineNumber":140,"author":{"gitId":"appleraincoat"},"content":"                }","lastModifiedDate":"2024-01-25"},{"lineNumber":141,"author":{"gitId":"appleraincoat"},"content":"","lastModifiedDate":"2024-01-25"},{"lineNumber":142,"author":{"gitId":"appleraincoat"},"content":"            } catch (YpxmmException y) {","lastModifiedDate":"2024-01-25"},{"lineNumber":143,"author":{"gitId":"appleraincoat"},"content":"                System.out.println(y.getMessage());","lastModifiedDate":"2024-01-25"},{"lineNumber":144,"author":{"gitId":"appleraincoat"},"content":"            } catch (IllegalArgumentException i) {","lastModifiedDate":"2024-01-25"},{"lineNumber":145,"author":{"gitId":"appleraincoat"},"content":"                System.out.println(\"Sorry bro, idk what that means. You try type in \\\"getcommands\\\" then see if got what u want.\");","lastModifiedDate":"2024-01-25"},{"lineNumber":146,"author":{"gitId":"appleraincoat"},"content":"            }","lastModifiedDate":"2024-01-24"},{"lineNumber":147,"author":{"gitId":"appleraincoat"},"content":"        }","lastModifiedDate":"2024-01-24"},{"lineNumber":148,"author":{"gitId":"appleraincoat"},"content":"        sc.close();","lastModifiedDate":"2024-01-24"},{"lineNumber":149,"author":{"gitId":"appleraincoat"},"content":"    }","lastModifiedDate":"2024-01-24"},{"lineNumber":150,"author":{"gitId":"appleraincoat"},"content":"    public static void getCommands() {","lastModifiedDate":"2024-01-24"},{"lineNumber":151,"author":{"gitId":"appleraincoat"},"content":"        System.out.println(\"Take note ah, enter all time based commands are in \u003cdd-mm-yyyy HHmm\u003e format\\n\" +","lastModifiedDate":"2024-01-29"},{"lineNumber":152,"author":{"gitId":"appleraincoat"},"content":"                \"  todo \u003ctask\u003e - adds todo\\n  deadline \u003ctask\u003e/\u003cby when\u003e - adds deadline\\n\" +","lastModifiedDate":"2024-01-29"},{"lineNumber":153,"author":{"gitId":"appleraincoat"},"content":"                \"  event \u003ctask\u003e/\u003cfrom when\u003e/\u003cto when\u003e - adds event\\n  list - lists out all tasks\\n\" +","lastModifiedDate":"2024-01-25"},{"lineNumber":154,"author":{"gitId":"appleraincoat"},"content":"                \"  mark \u003cx\u003e - marks task x as done\\n  unmark \u003cx\u003e - unmarks task x as undone\\n\" +","lastModifiedDate":"2024-01-25"},{"lineNumber":155,"author":{"gitId":"appleraincoat"},"content":"                \"  bye - exit\");","lastModifiedDate":"2024-01-24"},{"lineNumber":156,"author":{"gitId":"appleraincoat"},"content":"    }","lastModifiedDate":"2024-01-24"},{"lineNumber":157,"author":{"gitId":"appleraincoat"},"content":"","lastModifiedDate":"2024-01-24"},{"lineNumber":158,"author":{"gitId":"appleraincoat"},"content":"    public static void sayHello() {","lastModifiedDate":"2024-01-24"},{"lineNumber":159,"author":{"gitId":"appleraincoat"},"content":"        System.out.println(\"Hello, I\u0027m Ypxmm.\\nNeed me do what for you?\");","lastModifiedDate":"2024-01-24"},{"lineNumber":160,"author":{"gitId":"appleraincoat"},"content":"    }","lastModifiedDate":"2024-01-24"},{"lineNumber":161,"author":{"gitId":"appleraincoat"},"content":"","lastModifiedDate":"2024-01-24"},{"lineNumber":162,"author":{"gitId":"appleraincoat"},"content":"    public static void sayGoodbye() {","lastModifiedDate":"2024-01-24"},{"lineNumber":163,"author":{"gitId":"appleraincoat"},"content":"        System.out.println(\"Oh you need zao alr? Okok see you next time!\");","lastModifiedDate":"2024-01-24"},{"lineNumber":164,"author":{"gitId":"appleraincoat"},"content":"    }","lastModifiedDate":"2024-01-24"},{"lineNumber":165,"author":{"gitId":"appleraincoat"},"content":"","lastModifiedDate":"2024-01-24"},{"lineNumber":166,"author":{"gitId":"appleraincoat"},"content":"    public static void list() {","lastModifiedDate":"2024-01-24"},{"lineNumber":167,"author":{"gitId":"appleraincoat"},"content":"        if (tasks.size() \u003d\u003d 0) {","lastModifiedDate":"2024-01-24"},{"lineNumber":168,"author":{"gitId":"appleraincoat"},"content":"            System.out.println(\"No tasks yet la bro\");","lastModifiedDate":"2024-01-24"},{"lineNumber":169,"author":{"gitId":"appleraincoat"},"content":"        } else {","lastModifiedDate":"2024-01-24"},{"lineNumber":170,"author":{"gitId":"appleraincoat"},"content":"            System.out.println(\"Ok wait ah, here are your tasks:\");","lastModifiedDate":"2024-01-25"},{"lineNumber":171,"author":{"gitId":"appleraincoat"},"content":"            int count \u003d 1;","lastModifiedDate":"2024-01-24"},{"lineNumber":172,"author":{"gitId":"appleraincoat"},"content":"            for (Task t : tasks) {","lastModifiedDate":"2024-01-24"},{"lineNumber":173,"author":{"gitId":"appleraincoat"},"content":"                System.out.println(count + \". \" + t.toString());","lastModifiedDate":"2024-01-24"},{"lineNumber":174,"author":{"gitId":"appleraincoat"},"content":"                count++;","lastModifiedDate":"2024-01-24"},{"lineNumber":175,"author":{"gitId":"appleraincoat"},"content":"            }","lastModifiedDate":"2024-01-24"},{"lineNumber":176,"author":{"gitId":"appleraincoat"},"content":"        }","lastModifiedDate":"2024-01-24"},{"lineNumber":177,"author":{"gitId":"appleraincoat"},"content":"    }","lastModifiedDate":"2024-01-24"},{"lineNumber":178,"author":{"gitId":"appleraincoat"},"content":"","lastModifiedDate":"2024-01-24"},{"lineNumber":179,"author":{"gitId":"appleraincoat"},"content":"    public static void mark(int index) {","lastModifiedDate":"2024-01-24"},{"lineNumber":180,"author":{"gitId":"appleraincoat"},"content":"        try {","lastModifiedDate":"2024-01-25"},{"lineNumber":181,"author":{"gitId":"appleraincoat"},"content":"            try {","lastModifiedDate":"2024-01-24"},{"lineNumber":182,"author":{"gitId":"appleraincoat"},"content":"                tasks.get(index - 1).markTask();","lastModifiedDate":"2024-01-24"},{"lineNumber":183,"author":{"gitId":"appleraincoat"},"content":"                reWrite();","lastModifiedDate":"2024-01-29"},{"lineNumber":184,"author":{"gitId":"appleraincoat"},"content":"            } catch (IndexOutOfBoundsException e) {","lastModifiedDate":"2024-01-24"},{"lineNumber":185,"author":{"gitId":"appleraincoat"},"content":"                throw new YpxmmException(\"Eh u seh isit? Now your list got \" +","lastModifiedDate":"2024-01-25"},{"lineNumber":186,"author":{"gitId":"appleraincoat"},"content":"                        (tasks.size() \u003d\u003d 0 ? \"no tasks to mark.\" : tasks.size() +","lastModifiedDate":"2024-01-25"},{"lineNumber":187,"author":{"gitId":"appleraincoat"},"content":"                                \" tasks, enter any number from 1 to \" + tasks.size()));","lastModifiedDate":"2024-01-24"},{"lineNumber":188,"author":{"gitId":"appleraincoat"},"content":"            } catch (FileNotFoundException e) {","lastModifiedDate":"2024-01-29"},{"lineNumber":189,"author":{"gitId":"appleraincoat"},"content":"                throw new YpxmmException(\"File not created yet la bro. In the ip folder, create a new folder \\\"data\\\" and a new txt file \\\"Ypxmm\\\" to proceed\");","lastModifiedDate":"2024-01-29"},{"lineNumber":190,"author":{"gitId":"appleraincoat"},"content":"            } catch (IOException e) {","lastModifiedDate":"2024-01-29"},{"lineNumber":191,"author":{"gitId":"appleraincoat"},"content":"                throw new YpxmmException(\"IOException\");","lastModifiedDate":"2024-01-29"},{"lineNumber":192,"author":{"gitId":"appleraincoat"},"content":"            }","lastModifiedDate":"2024-01-24"},{"lineNumber":193,"author":{"gitId":"appleraincoat"},"content":"        } catch (YpxmmException y) {","lastModifiedDate":"2024-01-25"},{"lineNumber":194,"author":{"gitId":"appleraincoat"},"content":"            System.out.println(y.getMessage());","lastModifiedDate":"2024-01-25"},{"lineNumber":195,"author":{"gitId":"appleraincoat"},"content":"        }","lastModifiedDate":"2024-01-25"},{"lineNumber":196,"author":{"gitId":"appleraincoat"},"content":"    }","lastModifiedDate":"2024-01-24"},{"lineNumber":197,"author":{"gitId":"appleraincoat"},"content":"","lastModifiedDate":"2024-01-24"},{"lineNumber":198,"author":{"gitId":"appleraincoat"},"content":"    public static void unmark(int index) {","lastModifiedDate":"2024-01-24"},{"lineNumber":199,"author":{"gitId":"appleraincoat"},"content":"        try {","lastModifiedDate":"2024-01-25"},{"lineNumber":200,"author":{"gitId":"appleraincoat"},"content":"            try {","lastModifiedDate":"2024-01-24"},{"lineNumber":201,"author":{"gitId":"appleraincoat"},"content":"                tasks.get(index - 1).unmarkTask();","lastModifiedDate":"2024-01-24"},{"lineNumber":202,"author":{"gitId":"appleraincoat"},"content":"                reWrite();","lastModifiedDate":"2024-01-29"},{"lineNumber":203,"author":{"gitId":"appleraincoat"},"content":"            } catch (IndexOutOfBoundsException e) {","lastModifiedDate":"2024-01-24"},{"lineNumber":204,"author":{"gitId":"appleraincoat"},"content":"                throw new YpxmmException(\"Eh u seh isit? Now your list got \" +","lastModifiedDate":"2024-01-25"},{"lineNumber":205,"author":{"gitId":"appleraincoat"},"content":"                        (tasks.size() \u003d\u003d 0 ? \"no tasks to unmark.\" : tasks.size() +","lastModifiedDate":"2024-01-25"},{"lineNumber":206,"author":{"gitId":"appleraincoat"},"content":"                                \" tasks, enter any number from 1 to \" + tasks.size()));","lastModifiedDate":"2024-01-24"},{"lineNumber":207,"author":{"gitId":"appleraincoat"},"content":"            } catch (FileNotFoundException e) {","lastModifiedDate":"2024-01-29"},{"lineNumber":208,"author":{"gitId":"appleraincoat"},"content":"                throw new YpxmmException(\"File not created yet la bro. In the ip folder, create a new folder \\\"data\\\" and a new txt file \\\"Ypxmm\\\" to proceed\");","lastModifiedDate":"2024-01-29"},{"lineNumber":209,"author":{"gitId":"appleraincoat"},"content":"            } catch (IOException e) {","lastModifiedDate":"2024-01-29"},{"lineNumber":210,"author":{"gitId":"appleraincoat"},"content":"                throw new YpxmmException(\"IOException\");","lastModifiedDate":"2024-01-29"},{"lineNumber":211,"author":{"gitId":"appleraincoat"},"content":"            }","lastModifiedDate":"2024-01-25"},{"lineNumber":212,"author":{"gitId":"appleraincoat"},"content":"        } catch (YpxmmException y) {","lastModifiedDate":"2024-01-25"},{"lineNumber":213,"author":{"gitId":"appleraincoat"},"content":"            System.out.println(y.getMessage());","lastModifiedDate":"2024-01-25"},{"lineNumber":214,"author":{"gitId":"appleraincoat"},"content":"        }","lastModifiedDate":"2024-01-25"},{"lineNumber":215,"author":{"gitId":"appleraincoat"},"content":"    }","lastModifiedDate":"2024-01-25"},{"lineNumber":216,"author":{"gitId":"appleraincoat"},"content":"","lastModifiedDate":"2024-01-25"},{"lineNumber":217,"author":{"gitId":"appleraincoat"},"content":"    public static void delete(int index) {","lastModifiedDate":"2024-01-25"},{"lineNumber":218,"author":{"gitId":"appleraincoat"},"content":"        try {","lastModifiedDate":"2024-01-25"},{"lineNumber":219,"author":{"gitId":"appleraincoat"},"content":"            try {","lastModifiedDate":"2024-01-25"},{"lineNumber":220,"author":{"gitId":"appleraincoat"},"content":"                String t \u003d tasks.get(index - 1).toString();","lastModifiedDate":"2024-01-25"},{"lineNumber":221,"author":{"gitId":"appleraincoat"},"content":"                tasks.remove(index - 1);","lastModifiedDate":"2024-01-25"},{"lineNumber":222,"author":{"gitId":"appleraincoat"},"content":"                reWrite();","lastModifiedDate":"2024-01-29"},{"lineNumber":223,"author":{"gitId":"appleraincoat"},"content":"                System.out.println(\"Ok deleted liao:\\n\" + t + \"\\nNow your list got \" +","lastModifiedDate":"2024-01-25"},{"lineNumber":224,"author":{"gitId":"appleraincoat"},"content":"                        (tasks.size() \u003d\u003d 0 ? \"no tasks.\" : tasks.size() + \" tasks left.\"));","lastModifiedDate":"2024-01-25"},{"lineNumber":225,"author":{"gitId":"appleraincoat"},"content":"            } catch (IndexOutOfBoundsException e) {","lastModifiedDate":"2024-01-25"},{"lineNumber":226,"author":{"gitId":"appleraincoat"},"content":"                throw new YpxmmException(\"Eh u seh isit? Now your list got \" +","lastModifiedDate":"2024-01-25"},{"lineNumber":227,"author":{"gitId":"appleraincoat"},"content":"                        (tasks.size() \u003d\u003d 0 ? \"no tasks to delete.\" : tasks.size() +","lastModifiedDate":"2024-01-25"},{"lineNumber":228,"author":{"gitId":"appleraincoat"},"content":"                                \" tasks, enter any number from 1 to \" + tasks.size()));","lastModifiedDate":"2024-01-25"},{"lineNumber":229,"author":{"gitId":"appleraincoat"},"content":"            } catch (FileNotFoundException e) {","lastModifiedDate":"2024-01-29"},{"lineNumber":230,"author":{"gitId":"appleraincoat"},"content":"                throw new YpxmmException(\"File not created yet la bro. In the ip folder, create a new folder \\\"data\\\" and a new txt file \\\"Ypxmm\\\" to proceed\");","lastModifiedDate":"2024-01-29"},{"lineNumber":231,"author":{"gitId":"appleraincoat"},"content":"            } catch (IOException e) {","lastModifiedDate":"2024-01-29"},{"lineNumber":232,"author":{"gitId":"appleraincoat"},"content":"                throw new YpxmmException(\"IOException\");","lastModifiedDate":"2024-01-29"},{"lineNumber":233,"author":{"gitId":"appleraincoat"},"content":"            }","lastModifiedDate":"2024-01-24"},{"lineNumber":234,"author":{"gitId":"appleraincoat"},"content":"        } catch (YpxmmException y) {","lastModifiedDate":"2024-01-25"},{"lineNumber":235,"author":{"gitId":"appleraincoat"},"content":"            System.out.println(y.getMessage());","lastModifiedDate":"2024-01-25"},{"lineNumber":236,"author":{"gitId":"appleraincoat"},"content":"        }","lastModifiedDate":"2024-01-25"},{"lineNumber":237,"author":{"gitId":"appleraincoat"},"content":"    }","lastModifiedDate":"2024-01-24"},{"lineNumber":238,"author":{"gitId":"appleraincoat"},"content":"","lastModifiedDate":"2024-01-24"},{"lineNumber":239,"author":{"gitId":"appleraincoat"},"content":"    public static void addTask(String input, String type) {","lastModifiedDate":"2024-01-24"},{"lineNumber":240,"author":{"gitId":"appleraincoat"},"content":"        try {","lastModifiedDate":"2024-01-25"},{"lineNumber":241,"author":{"gitId":"appleraincoat"},"content":"            if (type.equals(\"todo\")) {","lastModifiedDate":"2024-01-24"},{"lineNumber":242,"author":{"gitId":"appleraincoat"},"content":"                try {","lastModifiedDate":"2024-01-25"},{"lineNumber":243,"author":{"gitId":"appleraincoat"},"content":"                    String[] info \u003d input.split(\"todo \");","lastModifiedDate":"2024-01-25"},{"lineNumber":244,"author":{"gitId":"appleraincoat"},"content":"                    if (info[1].isBlank()) {","lastModifiedDate":"2024-01-25"},{"lineNumber":245,"author":{"gitId":"appleraincoat"},"content":"                        throw new YpxmmException(\"Help la, can just tell me what is the name of your task anot?\");","lastModifiedDate":"2024-01-25"},{"lineNumber":246,"author":{"gitId":"appleraincoat"},"content":"                    }","lastModifiedDate":"2024-01-25"},{"lineNumber":247,"author":{"gitId":"appleraincoat"},"content":"                    Task t \u003d new ToDo(info[1].trim());","lastModifiedDate":"2024-01-29"},{"lineNumber":248,"author":{"gitId":"appleraincoat"},"content":"                    tasks.add(t);","lastModifiedDate":"2024-01-24"},{"lineNumber":249,"author":{"gitId":"appleraincoat"},"content":"                    appendToFile(t.toWrite());","lastModifiedDate":"2024-01-29"},{"lineNumber":250,"author":{"gitId":"appleraincoat"},"content":"                    System.out.println(\"Ok I help you add this one liao:\\n\" + t.toString() +","lastModifiedDate":"2024-01-24"},{"lineNumber":251,"author":{"gitId":"appleraincoat"},"content":"                            \"\\nNow your list got \" + tasks.size() + ((tasks.size() \u003d\u003d 1) ? \" task.\" : \" tasks.\"));","lastModifiedDate":"2024-01-24"},{"lineNumber":252,"author":{"gitId":"appleraincoat"},"content":"                } catch (IndexOutOfBoundsException e) {","lastModifiedDate":"2024-01-25"},{"lineNumber":253,"author":{"gitId":"appleraincoat"},"content":"                    throw new YpxmmException(\"You trying to test my patience ah? Type \\\"get commands\\\" if u blur and dunno how to use me properly.\");","lastModifiedDate":"2024-01-25"},{"lineNumber":254,"author":{"gitId":"appleraincoat"},"content":"                } catch (FileNotFoundException e) {","lastModifiedDate":"2024-01-29"},{"lineNumber":255,"author":{"gitId":"appleraincoat"},"content":"                    throw new YpxmmException(\"File not created yet la bro. In the ip folder, create a new folder \\\"data\\\" and a new txt file \\\"Ypxmm\\\" to proceed\");","lastModifiedDate":"2024-01-29"},{"lineNumber":256,"author":{"gitId":"appleraincoat"},"content":"                } catch (IOException e) {","lastModifiedDate":"2024-01-29"},{"lineNumber":257,"author":{"gitId":"appleraincoat"},"content":"                    throw new YpxmmException(\"IOException\");","lastModifiedDate":"2024-01-29"},{"lineNumber":258,"author":{"gitId":"appleraincoat"},"content":"                }","lastModifiedDate":"2024-01-25"},{"lineNumber":259,"author":{"gitId":"appleraincoat"},"content":"            } else if (type.equals(\"deadline\")) {","lastModifiedDate":"2024-01-24"},{"lineNumber":260,"author":{"gitId":"appleraincoat"},"content":"                try {","lastModifiedDate":"2024-01-25"},{"lineNumber":261,"author":{"gitId":"appleraincoat"},"content":"                    String[] info \u003d input.split(\"/\");","lastModifiedDate":"2024-01-25"},{"lineNumber":262,"author":{"gitId":"appleraincoat"},"content":"                    if (info[0].split(\"deadline \")[1].isBlank() || info[1].isBlank()) {","lastModifiedDate":"2024-01-25"},{"lineNumber":263,"author":{"gitId":"appleraincoat"},"content":"                        throw new YpxmmException(\"Help la, can just tell me what is the name of your task anot?\");","lastModifiedDate":"2024-01-25"},{"lineNumber":264,"author":{"gitId":"appleraincoat"},"content":"                    }","lastModifiedDate":"2024-01-25"},{"lineNumber":265,"author":{"gitId":"appleraincoat"},"content":"                    Task t \u003d new Deadline(info[0].substring(9).trim(), info[1].trim());","lastModifiedDate":"2024-01-29"},{"lineNumber":266,"author":{"gitId":"appleraincoat"},"content":"                    tasks.add(t);","lastModifiedDate":"2024-01-24"},{"lineNumber":267,"author":{"gitId":"appleraincoat"},"content":"                    appendToFile(t.toWrite());","lastModifiedDate":"2024-01-29"},{"lineNumber":268,"author":{"gitId":"appleraincoat"},"content":"                    System.out.println(\"Ok I help you add this one liao:\\n\" + t.toString() +","lastModifiedDate":"2024-01-24"},{"lineNumber":269,"author":{"gitId":"appleraincoat"},"content":"                            \"\\nNow your list got \" + tasks.size() + ((tasks.size() \u003d\u003d 1) ? \" task.\" : \" tasks.\"));","lastModifiedDate":"2024-01-24"},{"lineNumber":270,"author":{"gitId":"appleraincoat"},"content":"                } catch (IndexOutOfBoundsException e) {","lastModifiedDate":"2024-01-25"},{"lineNumber":271,"author":{"gitId":"appleraincoat"},"content":"                    throw new YpxmmException(\"You trying to test my patience ah? Check that u got key in the deadline lehhh\\n\" +","lastModifiedDate":"2024-01-25"},{"lineNumber":272,"author":{"gitId":"appleraincoat"},"content":"                            \"Type \\\"get commands\\\" if u blur and dunno how to use me properly.\");","lastModifiedDate":"2024-01-25"},{"lineNumber":273,"author":{"gitId":"appleraincoat"},"content":"                } catch (FileNotFoundException e) {","lastModifiedDate":"2024-01-29"},{"lineNumber":274,"author":{"gitId":"appleraincoat"},"content":"                    throw new YpxmmException(\"File not created yet la bro. In the ip folder, create a new folder \\\"data\\\" and a new txt file \\\"Ypxmm\\\" to proceed\");","lastModifiedDate":"2024-01-29"},{"lineNumber":275,"author":{"gitId":"appleraincoat"},"content":"                } catch (IOException e) {","lastModifiedDate":"2024-01-29"},{"lineNumber":276,"author":{"gitId":"appleraincoat"},"content":"                    throw new YpxmmException(\"IOException\");","lastModifiedDate":"2024-01-29"},{"lineNumber":277,"author":{"gitId":"appleraincoat"},"content":"                } catch (DateTimeParseException e) {","lastModifiedDate":"2024-01-29"},{"lineNumber":278,"author":{"gitId":"appleraincoat"},"content":"                    throw new YpxmmException(\"Brother, follow format can or not? Enter dates in dd-mm-yyyy HHmm (24-08-2024 1800)\");","lastModifiedDate":"2024-01-29"},{"lineNumber":279,"author":{"gitId":"appleraincoat"},"content":"                }","lastModifiedDate":"2024-01-25"},{"lineNumber":280,"author":{"gitId":"appleraincoat"},"content":"            } else {","lastModifiedDate":"2024-01-24"},{"lineNumber":281,"author":{"gitId":"appleraincoat"},"content":"                try {","lastModifiedDate":"2024-01-25"},{"lineNumber":282,"author":{"gitId":"appleraincoat"},"content":"                    String[] info \u003d input.split(\"/\");","lastModifiedDate":"2024-01-25"},{"lineNumber":283,"author":{"gitId":"appleraincoat"},"content":"                    if (info[0].split(\"event \")[1].isBlank() || info[1].isBlank() || info[2].isBlank()) {","lastModifiedDate":"2024-01-25"},{"lineNumber":284,"author":{"gitId":"appleraincoat"},"content":"                        throw new YpxmmException(\"Help la, can just tell me what is the name of your task anot?\");","lastModifiedDate":"2024-01-25"},{"lineNumber":285,"author":{"gitId":"appleraincoat"},"content":"                    }","lastModifiedDate":"2024-01-25"},{"lineNumber":286,"author":{"gitId":"appleraincoat"},"content":"                    Task t \u003d new Event(info[0].substring(6).trim(), info[1].trim(), info[2].trim());","lastModifiedDate":"2024-01-29"},{"lineNumber":287,"author":{"gitId":"appleraincoat"},"content":"                    tasks.add(t);","lastModifiedDate":"2024-01-24"},{"lineNumber":288,"author":{"gitId":"appleraincoat"},"content":"                    appendToFile(t.toWrite());","lastModifiedDate":"2024-01-29"},{"lineNumber":289,"author":{"gitId":"appleraincoat"},"content":"                    System.out.println(\"Ok I help you add this one liao:\\n\" + t.toString() +","lastModifiedDate":"2024-01-24"},{"lineNumber":290,"author":{"gitId":"appleraincoat"},"content":"                            \"\\nNow your list got \" + tasks.size() + ((tasks.size() \u003d\u003d 1) ? \" task.\" : \" tasks.\"));","lastModifiedDate":"2024-01-24"},{"lineNumber":291,"author":{"gitId":"appleraincoat"},"content":"                } catch (IndexOutOfBoundsException e) {","lastModifiedDate":"2024-01-25"},{"lineNumber":292,"author":{"gitId":"appleraincoat"},"content":"                    throw new YpxmmException(\"Eh brother last warning ah. Check that u got key in the start and end time\\n\" +","lastModifiedDate":"2024-01-25"},{"lineNumber":293,"author":{"gitId":"appleraincoat"},"content":"                            \"Type \\\"get commands\\\" if u blur and dunno how to use me properly.\");","lastModifiedDate":"2024-01-25"},{"lineNumber":294,"author":{"gitId":"appleraincoat"},"content":"                } catch (FileNotFoundException e) {","lastModifiedDate":"2024-01-29"},{"lineNumber":295,"author":{"gitId":"appleraincoat"},"content":"                    throw new YpxmmException(\"File not created yet la bro. In the ip folder, create a new folder \\\"data\\\" and a new txt file \\\"Ypxmm\\\" to proceed\");","lastModifiedDate":"2024-01-29"},{"lineNumber":296,"author":{"gitId":"appleraincoat"},"content":"                } catch (IOException e) {","lastModifiedDate":"2024-01-29"},{"lineNumber":297,"author":{"gitId":"appleraincoat"},"content":"                    throw new YpxmmException(\"IOException\");","lastModifiedDate":"2024-01-29"},{"lineNumber":298,"author":{"gitId":"appleraincoat"},"content":"                } catch (DateTimeParseException e) {","lastModifiedDate":"2024-01-29"},{"lineNumber":299,"author":{"gitId":"appleraincoat"},"content":"                    throw new YpxmmException(\"Brother, follow format can or not? Enter dates in dd-mm-yyyy HHmm (24-08-2024 1800)\");","lastModifiedDate":"2024-01-29"},{"lineNumber":300,"author":{"gitId":"appleraincoat"},"content":"                }","lastModifiedDate":"2024-01-25"},{"lineNumber":301,"author":{"gitId":"appleraincoat"},"content":"            }","lastModifiedDate":"2024-01-25"},{"lineNumber":302,"author":{"gitId":"appleraincoat"},"content":"        } catch (YpxmmException y) {","lastModifiedDate":"2024-01-25"},{"lineNumber":303,"author":{"gitId":"appleraincoat"},"content":"            System.out.println(y.getMessage());","lastModifiedDate":"2024-01-25"},{"lineNumber":304,"author":{"gitId":"appleraincoat"},"content":"        }","lastModifiedDate":"2024-01-24"},{"lineNumber":305,"author":{"gitId":"appleraincoat"},"content":"    }","lastModifiedDate":"2024-01-24"},{"lineNumber":306,"author":{"gitId":"appleraincoat"},"content":"}","lastModifiedDate":"2024-01-24"}],"authorContributionMap":{"appleraincoat":306}},{"path":"src/main/java/YpxmmException.java","fileType":"java","lines":[{"lineNumber":1,"author":{"gitId":"appleraincoat"},"content":"public class YpxmmException extends Exception {","lastModifiedDate":"2024-01-25"},{"lineNumber":2,"author":{"gitId":"appleraincoat"},"content":"    public YpxmmException(String message) {","lastModifiedDate":"2024-01-25"},{"lineNumber":3,"author":{"gitId":"appleraincoat"},"content":"        super(message);","lastModifiedDate":"2024-01-25"},{"lineNumber":4,"author":{"gitId":"appleraincoat"},"content":"    }","lastModifiedDate":"2024-01-25"},{"lineNumber":5,"author":{"gitId":"appleraincoat"},"content":"}","lastModifiedDate":"2024-01-25"}],"authorContributionMap":{"appleraincoat":5}},{"path":"text-ui-test/input.txt","fileType":"txt","lines":[{"lineNumber":1,"author":{"gitId":"appleraincoat"},"content":"list","lastModifiedDate":"2024-01-25"},{"lineNumber":2,"author":{"gitId":"appleraincoat"},"content":"mark 1","lastModifiedDate":"2024-01-25"},{"lineNumber":3,"author":{"gitId":"appleraincoat"},"content":"mark t","lastModifiedDate":"2024-01-25"},{"lineNumber":4,"author":{"gitId":"appleraincoat"},"content":"unmark 1","lastModifiedDate":"2024-01-25"},{"lineNumber":5,"author":{"gitId":"appleraincoat"},"content":"unmark y","lastModifiedDate":"2024-01-25"},{"lineNumber":6,"author":{"gitId":"appleraincoat"},"content":"todo","lastModifiedDate":"2024-01-25"},{"lineNumber":7,"author":{"gitId":"appleraincoat"},"content":"todo eat","lastModifiedDate":"2024-01-25"},{"lineNumber":8,"author":{"gitId":"appleraincoat"},"content":"deadline homework /","lastModifiedDate":"2024-01-25"},{"lineNumber":9,"author":{"gitId":"appleraincoat"},"content":"deadline homework /5pm","lastModifiedDate":"2024-01-25"},{"lineNumber":10,"author":{"gitId":"appleraincoat"},"content":"event dinner /5pm /","lastModifiedDate":"2024-01-25"},{"lineNumber":11,"author":{"gitId":"appleraincoat"},"content":"event dinner /5pm /6pm","lastModifiedDate":"2024-01-25"},{"lineNumber":12,"author":{"gitId":"appleraincoat"},"content":"list","lastModifiedDate":"2024-01-24"},{"lineNumber":13,"author":{"gitId":"appleraincoat"},"content":"mark 1","lastModifiedDate":"2024-01-25"},{"lineNumber":14,"author":{"gitId":"appleraincoat"},"content":"delete 4","lastModifiedDate":"2024-01-25"},{"lineNumber":15,"author":{"gitId":"appleraincoat"},"content":"delete y","lastModifiedDate":"2024-01-25"},{"lineNumber":16,"author":{"gitId":"appleraincoat"},"content":"delete 2","lastModifiedDate":"2024-01-25"},{"lineNumber":17,"author":{"gitId":"appleraincoat"},"content":"list","lastModifiedDate":"2024-01-25"},{"lineNumber":18,"author":{"gitId":"appleraincoat"},"content":"zzz","lastModifiedDate":"2024-01-25"},{"lineNumber":19,"author":{"gitId":"appleraincoat"},"content":"getcommands","lastModifiedDate":"2024-01-25"},{"lineNumber":20,"author":{"gitId":"appleraincoat"},"content":"bye","lastModifiedDate":"2024-01-24"}],"authorContributionMap":{"appleraincoat":20}},{"path":"text-ui-test/runtest.bat","fileType":"bat","lines":[{"lineNumber":1,"author":{"gitId":"-"},"content":"@ECHO OFF","lastModifiedDate":"2020-05-25"},{"lineNumber":2,"author":{"gitId":"-"},"content":"","lastModifiedDate":"2020-05-25"},{"lineNumber":3,"author":{"gitId":"-"},"content":"REM create bin directory if it doesn\u0027t exist","lastModifiedDate":"2020-05-25"},{"lineNumber":4,"author":{"gitId":"-"},"content":"if not exist ..\\bin mkdir ..\\bin","lastModifiedDate":"2020-05-25"},{"lineNumber":5,"author":{"gitId":"-"},"content":"","lastModifiedDate":"2020-05-25"},{"lineNumber":6,"author":{"gitId":"-"},"content":"REM delete output from previous run","lastModifiedDate":"2020-05-25"},{"lineNumber":7,"author":{"gitId":"-"},"content":"if exist ACTUAL.TXT del ACTUAL.TXT","lastModifiedDate":"2020-08-25"},{"lineNumber":8,"author":{"gitId":"-"},"content":"","lastModifiedDate":"2020-05-25"},{"lineNumber":9,"author":{"gitId":"-"},"content":"REM compile the code into the bin folder","lastModifiedDate":"2020-05-25"},{"lineNumber":10,"author":{"gitId":"-"},"content":"javac  -cp ..\\src\\main\\java -Xlint:none -d ..\\bin ..\\src\\main\\java\\*.java","lastModifiedDate":"2020-08-25"},{"lineNumber":11,"author":{"gitId":"-"},"content":"IF ERRORLEVEL 1 (","lastModifiedDate":"2020-05-25"},{"lineNumber":12,"author":{"gitId":"-"},"content":"    echo ********** BUILD FAILURE **********","lastModifiedDate":"2020-05-25"},{"lineNumber":13,"author":{"gitId":"-"},"content":"    exit /b 1","lastModifiedDate":"2020-05-25"},{"lineNumber":14,"author":{"gitId":"-"},"content":")","lastModifiedDate":"2020-05-25"},{"lineNumber":15,"author":{"gitId":"-"},"content":"REM no error here, errorlevel \u003d\u003d 0","lastModifiedDate":"2020-05-25"},{"lineNumber":16,"author":{"gitId":"-"},"content":"","lastModifiedDate":"2020-05-25"},{"lineNumber":17,"author":{"gitId":"-"},"content":"REM run the program, feed commands from input.txt file and redirect the output to the ACTUAL.TXT","lastModifiedDate":"2020-05-25"},{"lineNumber":18,"author":{"gitId":"appleraincoat"},"content":"java -classpath ..\\bin Ypxmm \u003c input.txt \u003e ACTUAL.TXT","lastModifiedDate":"2024-01-24"},{"lineNumber":19,"author":{"gitId":"-"},"content":"","lastModifiedDate":"2020-05-25"},{"lineNumber":20,"author":{"gitId":"-"},"content":"REM compare the output to the expected output","lastModifiedDate":"2020-05-25"},{"lineNumber":21,"author":{"gitId":"-"},"content":"FC ACTUAL.TXT EXPECTED.TXT","lastModifiedDate":"2020-05-25"}],"authorContributionMap":{"-":20,"appleraincoat":1}}]
