{"authorDailyContributionsMap":{"appleraincoat":[{"date":"2024-01-24","commitResults":[{"hash":"7b7c9116e31eba52d9b99a5d02a58d814721c0c8","isMergeCommit":false,"messageTitle":"Added chatbot Ypxmm, with only simple greetings before exiting","messageBody":"","tags":["Level-0"],"fileTypesAndContributionMap":{"java":{"insertions":8,"deletions":10}}},{"hash":"301514198e0c45709c3a0c0605cc68736cfe9a52","isMergeCommit":false,"messageTitle":"Added the ability to echo messages, exiting on input \"bye\".","messageBody":"","tags":["Level-1"],"fileTypesAndContributionMap":{"java":{"insertions":12,"deletions":2}}},{"hash":"853403d4e6436a88595bd004a0b59df5368745f3","isMergeCommit":false,"messageTitle":"Removed ability to echo, keeps a lsit of inputs now and prints it upon request.","messageBody":"","tags":["Level-2"],"fileTypesAndContributionMap":{"java":{"insertions":10,"deletions":1}}},{"hash":"5dd07de207755da3675ca3431bdd21e5f3991562","isMergeCommit":false,"messageTitle":"Abstracted a Task class.","messageBody":"","tags":["Level-3"],"fileTypesAndContributionMap":{"java":{"insertions":49,"deletions":8}}},{"hash":"c4997f86cf293bbd2785a509ac8307df94419def","isMergeCommit":false,"messageTitle":"Add and extend 3 types of Tasks, Deadline, Event and Todo. Add static methods into main class to abstract out further.","messageBody":"","tags":["Level-4"],"fileTypesAndContributionMap":{"java":{"insertions":111,"deletions":14}}},{"hash":"436fb0c4dffc3ce39b71dee8293dfdaf30bb874a","isMergeCommit":false,"messageTitle":"Add some simple test cases for semi-automated testing.","messageBody":"","tags":["A-TextUiTesting"],"fileTypesAndContributionMap":{"txt":{"insertions":9,"deletions":0},"java":{"insertions":1,"deletions":2},"bat":{"insertions":1,"deletions":1}}},{"hash":"6ad583d035115ea7ad5613caab675016719ad026","isMergeCommit":false,"messageTitle":"Add handling of invalid input for mark and unmark methods.","messageBody":"","fileTypesAndContributionMap":{"java":{"insertions":14,"deletions":2}}}]},{"date":"2024-01-25","commitResults":[{"hash":"7d8af053ce1e8b334bbc9bd36e92f117a7edc7e2","isMergeCommit":false,"messageTitle":"Add YpxmmException class. Able to handle invalid inputs.","messageBody":"","fileTypesAndContributionMap":{"java":{"insertions":97,"deletions":51}}},{"hash":"239f76baef9cc0af555d8e14e659ec00ab6b0cc3","isMergeCommit":false,"messageTitle":"Add more exception handling features.","messageBody":"","fileTypesAndContributionMap":{"java":{"insertions":18,"deletions":5}}},{"hash":"1fd8acb5402a648f6f1849d1af0da08bdd54eaea","isMergeCommit":false,"messageTitle":"Add test cases for error handling.","messageBody":"","tags":["Level-5"],"fileTypesAndContributionMap":{"txt":{"insertions":8,"deletions":5}}},{"hash":"70fc418c2ef05d445951aed3fa80864ceec8f362","isMergeCommit":false,"messageTitle":"Add delete function.","messageBody":"","fileTypesAndContributionMap":{"java":{"insertions":28,"deletions":2}}},{"hash":"157f0c497ff797f3677dcdcedcecc7ca486f634f","isMergeCommit":false,"messageTitle":"Add new test cases.","messageBody":"","tags":["Level-6"],"fileTypesAndContributionMap":{"txt":{"insertions":2,"deletions":0}}},{"hash":"6ce2e148e446a0e26ad3b1d270901785e93a8771","isMergeCommit":false,"messageTitle":"Add Enum class for commands","messageBody":"","fileTypesAndContributionMap":{"java":{"insertions":22,"deletions":0}}},{"hash":"cba57607a4f94db49337525247091a41b9928bd0","isMergeCommit":false,"messageTitle":"Add enums, and change implementation to use them in a switch statement. Add 1 more catch for illegal argument exception. Add more test cases.","messageBody":"","tags":["A-Enums"],"fileTypesAndContributionMap":{"txt":{"insertions":12,"deletions":6},"java":{"insertions":69,"deletions":66}}}]},{"date":"2024-01-28","commitResults":[{"hash":"596f5dbf5cc2ff9cfebd6f92bdafe43c8f4e8498","isMergeCommit":false,"messageTitle":"Change import statements in Ypxmm.","messageBody":"","fileTypesAndContributionMap":{"java":{"insertions":3,"deletions":1}}}]},{"date":"2024-01-29","commitResults":[{"hash":"a78bfed5020264c8c93afeeb140b0feaacbe091b","isMergeCommit":false,"messageTitle":"Add ability to save tasks to a file in hard disk, and load from it when initialise.","messageBody":"","fileTypesAndContributionMap":{"txt":{"insertions":5,"deletions":0},"java":{"insertions":123,"deletions":0}}},{"hash":"21b1149b18864ffaa994040823b99e181075d9cf","isMergeCommit":false,"messageTitle":"Add trimming when initialising tasks.","messageBody":"","fileTypesAndContributionMap":{"txt":{"insertions":1,"deletions":0},"java":{"insertions":3,"deletions":3}}},{"hash":"825f1e9fdff8aa9339dcda229ec93abd8dd05941","isMergeCommit":true,"messageTitle":"Merge branch \u0027branch-Level-7\u0027","messageBody":"","tags":["Level-7"],"fileTypesAndContributionMap":{}},{"hash":"cbc1fbc38e2bdd263da2e125d9edd292669ef698","isMergeCommit":false,"messageTitle":"Change byWhen variable in Deadline class to store in LocalDateTime format.","messageBody":"","fileTypesAndContributionMap":{"txt":{"insertions":2,"deletions":4},"java":{"insertions":10,"deletions":3}}},{"hash":"1e0213e96c828563208d7c718aaaf1aea725a9b7","isMergeCommit":false,"messageTitle":"Change Deadline and Event class to store timing with LocalDateTime type, adjust formatting to be consistent.","messageBody":"","fileTypesAndContributionMap":{"txt":{"insertions":4,"deletions":4},"java":{"insertions":23,"deletions":14}}},{"hash":"4c28cb3b0c0016d7ded86aa94edd82eee20db2b3","isMergeCommit":false,"messageTitle":"Modify getcommands command to suit the change in format","messageBody":"","fileTypesAndContributionMap":{"txt":{"insertions":0,"deletions":1},"java":{"insertions":5,"deletions":4}}},{"hash":"696d08e5824f83ae3967559379f4f0b2b65dd9fa","isMergeCommit":false,"messageTitle":"Add a catch for DateTimeParseException if the user inputs in the wrong format","messageBody":"","fileTypesAndContributionMap":{"java":{"insertions":5,"deletions":0}}},{"hash":"49255cd0b1928bd41d91a3a17b5d9b8268ddf06d","isMergeCommit":true,"messageTitle":"Merge branch \u0027branch-Level-8\u0027","messageBody":"","tags":["Level-8"],"fileTypesAndContributionMap":{}}]},{"date":"2024-01-30","commitResults":[{"hash":"7ea8744afe39a8887d405e7c2e3d17fe286c6781","isMergeCommit":false,"messageTitle":"Refactor code. Rename EnumCommands to Command, add Parser, Storage, Ui, TaskList classes.","messageBody":"","fileTypesAndContributionMap":{"java":{"insertions":441,"deletions":289}}},{"hash":"4ee5530812003ce55649fa4d20019a6d651e7f7b","isMergeCommit":false,"messageTitle":"Small bug fixes","messageBody":"","fileTypesAndContributionMap":{"java":{"insertions":2,"deletions":6}}},{"hash":"854391b613101ec18d8e3f404a58deda59eb8c34","isMergeCommit":false,"messageTitle":"Add DateTImeParser class that parses format of time in Deadline and Event classes. Add other small modifications to UI output.","messageBody":"","fileTypesAndContributionMap":{"java":{"insertions":27,"deletions":15}}},{"hash":"4237fc396670b957ee9a2b206d9af9f1c6011ed4","isMergeCommit":true,"messageTitle":"Merge branch \u0027A-MoreOOP\u0027","messageBody":"","tags":["A-MoreOOP"],"fileTypesAndContributionMap":{}},{"hash":"5eef11a0ddf3907d9fd70a7848f5feda44f43849","isMergeCommit":false,"messageTitle":"Package all classes into their respective packages","messageBody":"","fileTypesAndContributionMap":{"java":{"insertions":58,"deletions":20}}},{"hash":"5d28dd8ed96ff6f2d05f85e6fdd14a0dfefb4d32","isMergeCommit":true,"messageTitle":"Merge branch \u0027A-Packages\u0027","messageBody":"","tags":["A-Packages"],"fileTypesAndContributionMap":{}},{"hash":"b3957d71dcb3ef355c731fc8409ff3273ac45b7b","isMergeCommit":true,"messageTitle":"Merge remote-tracking branch \u0027origin/add-gradle-support\u0027","messageBody":"","fileTypesAndContributionMap":{}},{"hash":"62ebd8dee67baca2fc798412801e6c1415b47d2d","isMergeCommit":false,"messageTitle":"Fix small error in build.gradle.","messageBody":"","tags":["A-Gradle"],"fileTypesAndContributionMap":{"gradle":{"insertions":1,"deletions":1},"java":{"insertions":0,"deletions":1}}}]},{"date":"2024-02-01","commitResults":[{"hash":"e4921115f9255987d032652179f132356778978b","isMergeCommit":false,"messageTitle":"Add some test classes for Command and DateTimeParser classes and unpackage main class Ypxmm. Modify gradle build, set the name and mainclass to Ypxmm.","messageBody":"","fileTypesAndContributionMap":{"gradle":{"insertions":2,"deletions":2},"java":{"insertions":41,"deletions":3}}},{"hash":"c4aa35d323e811e230d4f86f0127f8872fcd16d4","isMergeCommit":false,"messageTitle":"Add tests for Parser class. Tests for Command and DateTimeParser classes incomplete.","messageBody":"","fileTypesAndContributionMap":{"java":{"insertions":203,"deletions":5}}},{"hash":"9e7052d7049d7f6c5c6c6ad1068bbfe544018b63","isMergeCommit":false,"messageTitle":"Remove CommandTest for now, add DateTimeParserTest class and DateTimeParserStub to help in testing.","messageBody":"","fileTypesAndContributionMap":{"java":{"insertions":28,"deletions":52}}},{"hash":"f374a23d65cce39ec8e4d214875644479f0a0155","isMergeCommit":true,"messageTitle":"Merge branch \u0027A-JUnit\u0027","messageBody":"","tags":["A-JUnit"],"fileTypesAndContributionMap":{}},{"hash":"6b8d6d77aa1cb1a3f3d3c1c09db85095d4e76d39","isMergeCommit":false,"messageTitle":"Configure to create jar file.","messageBody":"","fileTypesAndContributionMap":{"gradle":{"insertions":1,"deletions":1}}},{"hash":"472e8b0621b8df6e4adc9559538228d7b6c78cad","isMergeCommit":true,"messageTitle":"Merge branch \u0027A-Jar\u0027","messageBody":"","tags":["A-Jar"],"fileTypesAndContributionMap":{}},{"hash":"3154d16ecce7e3d5f6b607d9d2417a1df21ed2ca","isMergeCommit":false,"messageTitle":"Add a line in getcommands to show the delete command.","messageBody":"","fileTypesAndContributionMap":{"java":{"insertions":1,"deletions":1}}},{"hash":"fbcb0d4b23dfe58c98201dccbc7eb2e0b4e11df3","isMergeCommit":false,"messageTitle":"Add Find command, which finds tasks with that keyword in their name.","messageBody":"","fileTypesAndContributionMap":{"java":{"insertions":60,"deletions":6}}},{"hash":"4ba2bfbea577edaff4c5a7669e061d577e9937af","isMergeCommit":false,"messageTitle":"Add JavaDocs for DateTimeParserClass.","messageBody":"","fileTypesAndContributionMap":{"java":{"insertions":18,"deletions":2}}},{"hash":"43177c2ab9f17ef37d9bf62e8889ab11762a2c0d","isMergeCommit":false,"messageTitle":"Adjust coding standard for DateTimeParser class.","messageBody":"","fileTypesAndContributionMap":{"java":{"insertions":2,"deletions":3}}}]},{"date":"2024-02-02","commitResults":[{"hash":"8e4261e6f35f4262f72fdefa84bcabb967473c96","isMergeCommit":false,"messageTitle":"Fix some coding standard violations.","messageBody":"","fileTypesAndContributionMap":{"java":{"insertions":11,"deletions":5}}},{"hash":"9bffbc18dc019ab258f37afcbc3bf455532efcdc","isMergeCommit":false,"messageTitle":"Add JavaDocs for all classes and methods.","messageBody":"","fileTypesAndContributionMap":{"java":{"insertions":513,"deletions":149}}},{"hash":"8916f60475dd522dd3dff72f4b645607aa310fe6","isMergeCommit":true,"messageTitle":"Merge branch \u0027A-JavaDoc\u0027","messageBody":"","tags":["A-JavaDoc"],"fileTypesAndContributionMap":{}},{"hash":"ad04d1fc773f3aae39a7d9ab3237831eb4655dbb","isMergeCommit":true,"messageTitle":"Merge branch \u0027A-CodingStandard\u0027","messageBody":"# Conflicts:\n#\tsrc/main/java/Parsing/DateTimeParser.java\n#\tsrc/main/java/Parsing/ParserStub.java\n#\tsrc/main/java/Ypxmm.java\n","tags":["A-CodingStandard"],"fileTypesAndContributionMap":{}},{"hash":"f009bd1615f60944f6046ad1ab3766f40966cc7f","isMergeCommit":true,"messageTitle":"Merge branch \u0027Level-9\u0027","messageBody":"# Conflicts:\n#\tsrc/main/java/Commands/Command.java\n#\tsrc/main/java/Parsing/Parser.java\n#\tsrc/main/java/Parsing/ParserStub.java\n#\tsrc/main/java/Tasks/Task.java\n#\tsrc/main/java/Utilities/Storage.java\n#\tsrc/main/java/Utilities/Ui.java\n#\tsrc/test/java/Parsing/ParserTest.java\n\nMerge all files. Add JavaDocs for Level 9 methods which do not have yet.\n","tags":["Level-9"],"fileTypesAndContributionMap":{}}]},{"date":"2024-02-09","commitResults":[{"hash":"d7edcea1a9483ed941b6fa229d41d3984df72dce","isMergeCommit":false,"messageTitle":"Add JavaFX implementation and basic GUI features","messageBody":"","fileTypesAndContributionMap":{"gradle":{"insertions":15,"deletions":0},"txt":{"insertions":0,"deletions":3},"fxml":{"insertions":35,"deletions":0},"java":{"insertions":277,"deletions":116}}}]},{"date":"2024-02-10","commitResults":[{"hash":"e1a8a74a4087a73567fdad02fff6ea46bde90d09","isMergeCommit":false,"messageTitle":"Add some styling changes to the GUI","messageBody":"","fileTypesAndContributionMap":{"fxml":{"insertions":3,"deletions":3},"java":{"insertions":30,"deletions":6}}},{"hash":"47b11e8858f765c4b5a7423d23ce6e84cfed1cd5","isMergeCommit":false,"messageTitle":"Fix some small issues with the truncation when listing tasks. Make picture round, and fix some small issues with some printing message functions","messageBody":"","fileTypesAndContributionMap":{"fxml":{"insertions":1,"deletions":1},"java":{"insertions":22,"deletions":15}}},{"hash":"6c1673642af5e41034654cc784060daac8d3e226","isMergeCommit":true,"messageTitle":"Merge branch \u0027Level-10\u0027","messageBody":"","tags":["Level-10"],"fileTypesAndContributionMap":{}}]},{"date":"2024-02-12","commitResults":[{"hash":"ccfad6f4d58cd1cee38d634a270993b21fb2737c","isMergeCommit":false,"messageTitle":"Update README.md","messageBody":"","fileTypesAndContributionMap":{"md":{"insertions":18,"deletions":20}}},{"hash":"314c72bfa0a41c4c10c9eb32d724996e6ab8a64a","isMergeCommit":false,"messageTitle":"Update README.md","messageBody":"","fileTypesAndContributionMap":{"md":{"insertions":1,"deletions":1}}}]}]},"authorFileTypeContributionMap":{"appleraincoat":{"java":1501,"md":18,"fxml":35,"sh":0,"bat":1,"gradle":17,"txt":20}},"authorContributionVariance":{"appleraincoat":55795.56},"authorDisplayNameMap":{"appleraincoat":"CS2103T-W10-1 LAU ..AMES"}}
