{"authorDailyContributionsMap":{"dabzpengu":[{"date":"2024-01-25","commitResults":[{"hash":"f06dbb2ce274183e5a080759fc7ea788e63b6cdf","isMergeCommit":false,"messageTitle":"renamed, greeted and exit","messageBody":"","tags":["Level-0"],"fileTypesAndContributionMap":{"java":{"insertions":7,"deletions":10}}},{"hash":"1737d318706f1197201c7ee0e97acdb0a12b4bc0","isMergeCommit":false,"messageTitle":"echo","messageBody":"","tags":["Level-1"],"fileTypesAndContributionMap":{"java":{"insertions":13,"deletions":2}}},{"hash":"8ad365406d8e4fd7894265449647429ed32ca6e2","isMergeCommit":false,"messageTitle":"add, list","messageBody":"","tags":["Level-2"],"fileTypesAndContributionMap":{"java":{"insertions":14,"deletions":1}}},{"hash":"2971dac088710cf8f8de3456ebb5a9f53321db40","isMergeCommit":false,"messageTitle":"can mark tasks as done or not done","messageBody":"","tags":["Level-3"],"fileTypesAndContributionMap":{"java":{"insertions":57,"deletions":8}}},{"hash":"9cc34cad86b9c52b511f3c67bcbf895b13eac568","isMergeCommit":false,"messageTitle":"todos, events, Deadlines","messageBody":"","tags":["Level-4"],"fileTypesAndContributionMap":{"java":{"insertions":90,"deletions":18}}},{"hash":"09538aee203aad78b43fd4cb6eef5624d1aba3a0","isMergeCommit":false,"messageTitle":"added textUItesting","messageBody":"","tags":["A-TextUiTesting"],"fileTypesAndContributionMap":{"txt":{"insertions":2,"deletions":0},"bat":{"insertions":2,"deletions":2}}}]},{"date":"2024-01-28","commitResults":[{"hash":"d7d63e6a17ddda791bce776d35ef9bfd361dbd15","isMergeCommit":false,"messageTitle":"handle errors","messageBody":"","tags":["Level-5"],"fileTypesAndContributionMap":{"java":{"insertions":25,"deletions":4}}},{"hash":"5b8975cb8161a1f467b03f018acfcc75e77733f0","isMergeCommit":false,"messageTitle":"delete function","messageBody":"","tags":["Level-6"],"fileTypesAndContributionMap":{"java":{"insertions":37,"deletions":27}}}]},{"date":"2024-02-04","commitResults":[{"hash":"32bf19814d91af4b4df4e608609bbf4c9ad51f4f","isMergeCommit":false,"messageTitle":"save feature","messageBody":"","fileTypesAndContributionMap":{"txt":{"insertions":1,"deletions":0},"java":{"insertions":40,"deletions":0}}},{"hash":"4d87e8385c40f3020fd27cfe66803136f070b752","isMergeCommit":true,"messageTitle":"Merge branch \u0027branch-level-7\u0027","messageBody":"","tags":["Level-7"],"fileTypesAndContributionMap":{}}]},{"date":"2024-02-06","commitResults":[{"hash":"9e2f08d81338547d139f9ec2d368496b06879e96","isMergeCommit":false,"messageTitle":"interpret time feature and redid parsing logic","messageBody":"","tags":["Level-8"],"fileTypesAndContributionMap":{"txt":{"insertions":3,"deletions":1},"java":{"insertions":52,"deletions":32}}},{"hash":"94b41603e95a59dcca7b63ade2e061c72bb20e32","isMergeCommit":false,"messageTitle":"still in the midst of doing oop","messageBody":"","fileTypesAndContributionMap":{"java":{"insertions":221,"deletions":121}}}]},{"date":"2024-02-08","commitResults":[{"hash":"b9319b9719c5fd72f92259c5f72151879c677620","isMergeCommit":false,"messageTitle":"extracted more OOP","messageBody":"","tags":["A-MoreOOP"],"fileTypesAndContributionMap":{"txt":{"insertions":3,"deletions":0},"java":{"insertions":28,"deletions":35}}},{"hash":"59bade14c5264a6fb147fb7a1511958cb0468238","isMergeCommit":false,"messageTitle":"packaged classes","messageBody":"","fileTypesAndContributionMap":{"java":{"insertions":26,"deletions":8}}},{"hash":"6aee51bce1aee99a82829f6532a0ea3a232ea701","isMergeCommit":true,"messageTitle":"Merge branch \u0027A-Packages\u0027","messageBody":"","tags":["A-Packages"],"fileTypesAndContributionMap":{}},{"hash":"c282bf2724bcf30eab1aad9eb99735032ec2d185","isMergeCommit":true,"messageTitle":"Merge branch \u0027add-gradle-support\u0027","messageBody":"","fileTypesAndContributionMap":{}},{"hash":"0a451a839e81394ef2e4d82a6486a3d5f59f348c","isMergeCommit":false,"messageTitle":"run gradle with chatbot","messageBody":"","tags":["A-Gradle"],"fileTypesAndContributionMap":{"gradle":{"insertions":1,"deletions":1},"txt":{"insertions":0,"deletions":2}}},{"hash":"a173a1619988838bab250772439795338a787974","isMergeCommit":false,"messageTitle":"j-unit test classes","messageBody":"","fileTypesAndContributionMap":{"txt":{"insertions":1,"deletions":1},"java":{"insertions":29,"deletions":0}}},{"hash":"6734ac6b8cf147e70f32f81ef58f9d8c604241a4","isMergeCommit":true,"messageTitle":"Merge branch \u0027A-JUnit\u0027","messageBody":"","tags":["A-JUnit"],"fileTypesAndContributionMap":{}}]}]},"authorFileTypeContributionMap":{"dabzpengu":{"java":383,"md":0,"fxml":0,"sh":0,"bat":2,"gradle":1,"txt":3}},"authorContributionVariance":{"dabzpengu":10656.5205},"authorDisplayNameMap":{"dabzpengu":"CS2103T-T08-3 MUHA..AHIM"}}
