[{"path":"src/main/java/BotBot.java","fileType":"java","lines":[{"lineNumber":1,"author":{"gitId":"owenong1"},"content":"import java.util.Scanner;","lastModifiedDate":"2024-01-26"},{"lineNumber":2,"author":{"gitId":"owenong1"},"content":"","lastModifiedDate":"2024-01-26"},{"lineNumber":3,"author":{"gitId":"owenong1"},"content":"public class BotBot {","lastModifiedDate":"2024-01-25"},{"lineNumber":4,"author":{"gitId":"owenong1"},"content":"    public static void main(String[] args) {","lastModifiedDate":"2024-01-25"},{"lineNumber":5,"author":{"gitId":"owenong1"},"content":"        Scanner scanner \u003d new Scanner(System.in);","lastModifiedDate":"2024-01-26"},{"lineNumber":6,"author":{"gitId":"owenong1"},"content":"        BotBot.greet();","lastModifiedDate":"2024-01-25"},{"lineNumber":7,"author":{"gitId":"owenong1"},"content":"","lastModifiedDate":"2024-01-26"},{"lineNumber":8,"author":{"gitId":"owenong1"},"content":"        while (scanner.hasNext()) {","lastModifiedDate":"2024-01-26"},{"lineNumber":9,"author":{"gitId":"owenong1"},"content":"            String next \u003d scanner.next();","lastModifiedDate":"2024-01-26"},{"lineNumber":10,"author":{"gitId":"owenong1"},"content":"            if (next.equals(\"bye\")) {","lastModifiedDate":"2024-01-26"},{"lineNumber":11,"author":{"gitId":"owenong1"},"content":"                BotBot.exit();","lastModifiedDate":"2024-01-25"},{"lineNumber":12,"author":{"gitId":"owenong1"},"content":"                break;","lastModifiedDate":"2024-01-26"},{"lineNumber":13,"author":{"gitId":"owenong1"},"content":"            }","lastModifiedDate":"2024-01-26"},{"lineNumber":14,"author":{"gitId":"owenong1"},"content":"            BotBot.print(next);","lastModifiedDate":"2024-01-26"},{"lineNumber":15,"author":{"gitId":"owenong1"},"content":"            BotBot.divider();","lastModifiedDate":"2024-01-26"},{"lineNumber":16,"author":{"gitId":"owenong1"},"content":"        }","lastModifiedDate":"2024-01-26"},{"lineNumber":17,"author":{"gitId":"owenong1"},"content":"","lastModifiedDate":"2024-01-26"},{"lineNumber":18,"author":{"gitId":"owenong1"},"content":"        scanner.close();","lastModifiedDate":"2024-01-26"},{"lineNumber":19,"author":{"gitId":"owenong1"},"content":"    }","lastModifiedDate":"2024-01-26"},{"lineNumber":20,"author":{"gitId":"owenong1"},"content":"","lastModifiedDate":"2024-01-26"},{"lineNumber":21,"author":{"gitId":"owenong1"},"content":"    private static void print(String string) {","lastModifiedDate":"2024-01-26"},{"lineNumber":22,"author":{"gitId":"owenong1"},"content":"        System.out.println(string);","lastModifiedDate":"2024-01-26"},{"lineNumber":23,"author":{"gitId":"owenong1"},"content":"    }","lastModifiedDate":"2024-01-25"},{"lineNumber":24,"author":{"gitId":"owenong1"},"content":"    private static void divider() {","lastModifiedDate":"2024-01-25"},{"lineNumber":25,"author":{"gitId":"owenong1"},"content":"        BotBot.print(\"########################################\");","lastModifiedDate":"2024-01-26"},{"lineNumber":26,"author":{"gitId":"owenong1"},"content":"    }","lastModifiedDate":"2024-01-25"},{"lineNumber":27,"author":{"gitId":"owenong1"},"content":"    public static void greet() {","lastModifiedDate":"2024-01-25"},{"lineNumber":28,"author":{"gitId":"owenong1"},"content":"        BotBot.divider();","lastModifiedDate":"2024-01-25"},{"lineNumber":29,"author":{"gitId":"owenong1"},"content":"        BotBot.print(\"I am BotBot!\\nWhat can I do for you?\\n\");","lastModifiedDate":"2024-01-26"},{"lineNumber":30,"author":{"gitId":"owenong1"},"content":"        BotBot.divider();","lastModifiedDate":"2024-01-25"},{"lineNumber":31,"author":{"gitId":"owenong1"},"content":"    }","lastModifiedDate":"2024-01-25"},{"lineNumber":32,"author":{"gitId":"owenong1"},"content":"    public static void exit() {","lastModifiedDate":"2024-01-25"},{"lineNumber":33,"author":{"gitId":"owenong1"},"content":"        BotBot.print(\"Goodbye! See you soon!\\n\");","lastModifiedDate":"2024-01-26"},{"lineNumber":34,"author":{"gitId":"owenong1"},"content":"        BotBot.divider();","lastModifiedDate":"2024-01-25"},{"lineNumber":35,"author":{"gitId":"owenong1"},"content":"    }","lastModifiedDate":"2024-01-25"},{"lineNumber":36,"author":{"gitId":"owenong1"},"content":"}","lastModifiedDate":"2024-01-25"}],"authorContributionMap":{"owenong1":36}}]
