{"authorDailyContributionsMap":{"owenong1":[{"date":"2024-01-25","commitResults":[{"hash":"a13caa3cf18c0ecceb49ebabf8198dc6a75a4798","isMergeCommit":false,"messageTitle":"Renamed Chatbot, Implemented basic greet/exit","messageBody":"","tags":["Level-0"],"fileTypesAndContributionMap":{"java":{"insertions":18,"deletions":10}}}]},{"date":"2024-01-26","commitResults":[{"hash":"551cd4dce87af1597cc0723ab49d849df3e58598","isMergeCommit":false,"messageTitle":"Implemented echo feature, adjusted code structure","messageBody":"","tags":["Level-1"],"fileTypesAndContributionMap":{"java":{"insertions":22,"deletions":4}}},{"hash":"93a219fc73518ab1eb8a0d619b6ba3d355c9e9fe","isMergeCommit":false,"messageTitle":"Implemented task list, Minor edits to formatting","messageBody":"","tags":["Level-2"],"fileTypesAndContributionMap":{"java":{"insertions":35,"deletions":5}}},{"hash":"9eeab4f5b7483db110ef454228b6f82da2697001","isMergeCommit":false,"messageTitle":"Implemented marking; Added Task class and modified main logic","messageBody":"","tags":["Level-3"],"fileTypesAndContributionMap":{"java":{"insertions":49,"deletions":17}}},{"hash":"599a88efe382ae4b6e0bb1ac1d38583f8e880197","isMergeCommit":false,"messageTitle":"Implemented Todo/Event/Deadline classes and \u0027list\u0027 command","messageBody":"","tags":["Level-4"],"fileTypesAndContributionMap":{"java":{"insertions":71,"deletions":10}}},{"hash":"644073af249a47c38d12764cdfb00baac9480a17","isMergeCommit":false,"messageTitle":"Auto testing and minor structure changes","messageBody":"","tags":["A-TextUiTesting"],"fileTypesAndContributionMap":{"txt":{"insertions":8,"deletions":0},"java":{"insertions":12,"deletions":17},"bat":{"insertions":1,"deletions":1}}}]},{"date":"2024-01-27","commitResults":[{"hash":"11bfe45a3c5379eae8347b3666969c8161217b16","isMergeCommit":false,"messageTitle":"Implement some errors","messageBody":"","tags":["Level-5"],"fileTypesAndContributionMap":{"java":{"insertions":23,"deletions":4}}},{"hash":"6b0665dd3677d8ebdedf890d6b2b91f7d6514986","isMergeCommit":false,"messageTitle":"Implemented delete functionality","messageBody":"","tags":["Level-6"],"fileTypesAndContributionMap":{"java":{"insertions":7,"deletions":0}}}]},{"date":"2024-01-30","commitResults":[{"hash":"88c89a8c8506ca2cdacf0e856c67272e18259b1c","isMergeCommit":false,"messageTitle":"Added save feature that saves to data/list.txt","messageBody":"","fileTypesAndContributionMap":{"txt":{"insertions":3,"deletions":0},"java":{"insertions":78,"deletions":3}}},{"hash":"fb9ff09bb7c48b0b54b98de1ae4672b020dacdb9","isMergeCommit":true,"messageTitle":"Merge branch \u0027branch-Level-7\u0027","messageBody":"","tags":["Level-7"],"fileTypesAndContributionMap":{}}]},{"date":"2024-01-31","commitResults":[{"hash":"8a560b405243740a8b348e1efa85f561c0665449","isMergeCommit":false,"messageTitle":"Implemented Time, Added Exceptions to handle invalid time formats","messageBody":"","tags":["Level-8"],"fileTypesAndContributionMap":{"txt":{"insertions":2,"deletions":3},"java":{"insertions":33,"deletions":8}}},{"hash":"da23eb7aabcfb25cdc54d5b7dc114bf356a457f0","isMergeCommit":false,"messageTitle":"Restructured to use OOP","messageBody":"","fileTypesAndContributionMap":{"txt":{"insertions":2,"deletions":1},"java":{"insertions":110,"deletions":82}}},{"hash":"46597b4317858ab58866a0ef7dcd07e11a59cf6c","isMergeCommit":true,"messageTitle":"Merge branch \u0027branch-A-MoreOOP\u0027","messageBody":"","tags":["A-MoreOOP"],"fileTypesAndContributionMap":{}},{"hash":"a6d5021c344a3c547b15a4d3cc178702a66729db","isMergeCommit":false,"messageTitle":"Re-factored classes into packages","messageBody":"","tags":["A-Packages"],"fileTypesAndContributionMap":{"java":{"insertions":49,"deletions":5}}}]},{"date":"2024-02-01","commitResults":[{"hash":"742c6b0e21dfe307aca153a204560ba8f2cb418f","isMergeCommit":true,"messageTitle":"Merge commit \u00278a560b405243740a8b348e1efa85f561c0665449\u0027 into branch-Level-8","messageBody":"","fileTypesAndContributionMap":{}},{"hash":"08f27d2e4d1a64f9776caf9e2d8d88499fba9e82","isMergeCommit":true,"messageTitle":"Merge branch \u0027branch-Level-8\u0027","messageBody":"","fileTypesAndContributionMap":{}},{"hash":"6e39cb8dde23c2fe1bb171b4cb293dd146f47543","isMergeCommit":true,"messageTitle":"Merge remote-tracking branch \u0027origin/add-gradle-support\u0027","messageBody":"","tags":["A-Gradle"],"fileTypesAndContributionMap":{}},{"hash":"9c7b92bb7658f6e04683e833686aea77789e0528","isMergeCommit":false,"messageTitle":"Added Junit tests","messageBody":"","tags":["A-JUnit"],"fileTypesAndContributionMap":{"gradle":{"insertions":1,"deletions":0},"java":{"insertions":20,"deletions":0}}},{"hash":"6d1a19f2e43f0ff11f2223c4029e1499bb24ac76","isMergeCommit":false,"messageTitle":"Modify JAR settings","messageBody":"","tags":["A-Jar"],"fileTypesAndContributionMap":{"gradle":{"insertions":2,"deletions":2}}}]},{"date":"2024-02-03","commitResults":[{"hash":"b61a359a1baa619385c639b80e58bbfbce8aea2e","isMergeCommit":false,"messageTitle":"Added javaDoc comments for relevant methods","messageBody":"","tags":["A-JavaDoc","A-CodingStandard"],"fileTypesAndContributionMap":{"java":{"insertions":54,"deletions":0}}},{"hash":"a353c039402a73e6b1d40907cd6e4c8040bb12ee","isMergeCommit":false,"messageTitle":"Implemented find command","messageBody":"","tags":["Level-9"],"fileTypesAndContributionMap":{"java":{"insertions":12,"deletions":0}}}]},{"date":"2024-02-09","commitResults":[{"hash":"b5d95044cb02f58e4a284f0943a812331eb2536b","isMergeCommit":false,"messageTitle":"Added checkstyle check compatability","messageBody":"","fileTypesAndContributionMap":{"gradle":{"insertions":5,"deletions":0},"txt":{"insertions":0,"deletions":3},"java":{"insertions":3,"deletions":2}}},{"hash":"bfcee7757a24fed43cb3ed52578f3d7f1f7a146d","isMergeCommit":true,"messageTitle":"Merge branch \u0027branch-A-checkStyle\u0027","messageBody":"","tags":["A-CheckStyle"],"fileTypesAndContributionMap":{}}]},{"date":"2024-02-10","commitResults":[{"hash":"db9c402e67801a90778fbbf23c6d879c053ac29f","isMergeCommit":false,"messageTitle":"Basic GUI without functionality implemented","messageBody":"","fileTypesAndContributionMap":{"gradle":{"insertions":15,"deletions":0},"java":{"insertions":79,"deletions":1}}},{"hash":"25c4b4a02f7b4c9028d12bc8b3bb7c0e18fba9f6","isMergeCommit":false,"messageTitle":"Minor restructuring of files, GUI .xml without functionality implemented","messageBody":"","fileTypesAndContributionMap":{"fxml":{"insertions":35,"deletions":0},"java":{"insertions":161,"deletions":67}}},{"hash":"8811a5b7a1bdd01538ed4da716929f54767a15a3","isMergeCommit":false,"messageTitle":"Implemented funcitonalities except for save/load","messageBody":"","fileTypesAndContributionMap":{"java":{"insertions":55,"deletions":24}}},{"hash":"54d8b8a41ae3c33dfcf6247b854e328aab09bc58","isMergeCommit":false,"messageTitle":"Implemented Save/Load to the GUI implementation (GUI now fully functional)","messageBody":"","fileTypesAndContributionMap":{"txt":{"insertions":1,"deletions":0},"java":{"insertions":9,"deletions":4}}},{"hash":"9e80e36b15ce0032028a1aa230d40e0ff8e9b59d","isMergeCommit":true,"messageTitle":"Merge branch \u0027branch-Level-10\u0027","messageBody":"","tags":["Level-10"],"fileTypesAndContributionMap":{}}]},{"date":"2024-02-16","commitResults":[{"hash":"22fd7a434abd1e0b6ebb4bec46d4bf920a210fe2","isMergeCommit":false,"messageTitle":"Include some assert cases","messageBody":"There are some methods that can be tested with assert\n\nThese will be added\n","fileTypesAndContributionMap":{"txt":{"insertions":1,"deletions":1},"java":{"insertions":3,"deletions":1}}},{"hash":"1148ba8374cd6471b6398c282d60aade068dfff2","isMergeCommit":false,"messageTitle":"Refined some code quality","messageBody":"Did trivial code refactoring as test\n","fileTypesAndContributionMap":{"java":{"insertions":0,"deletions":1}}},{"hash":"f9494aa0013186b7df7d91d2428b930c033828b4","isMergeCommit":true,"messageTitle":"Merge pull request #1 from owenong1/branch-A-Assertions","messageBody":"Include some assert cases","fileTypesAndContributionMap":{}},{"hash":"23fc76448ffdfc131a07f841abea7bfa5ed1059a","isMergeCommit":false,"messageTitle":"no message","messageBody":"","tags":["A-CodeQuality","A-Assertions"],"fileTypesAndContributionMap":{"txt":{"insertions":1,"deletions":1},"java":{"insertions":3,"deletions":1}}}]},{"date":"2024-02-17","commitResults":[{"hash":"0f3b6d48f574a93ff7ee913b9550d3258cbd78a2","isMergeCommit":false,"messageTitle":"Implemented priority","messageBody":"The code lacked a way to add priotity of tasks\n\nThis commit provides a basic implementation\n","tags":["BCD-Extension"],"fileTypesAndContributionMap":{"java":{"insertions":14,"deletions":1}}}]},{"date":"2024-02-22","commitResults":[{"hash":"f51a77955df6434c79b5a2f4310ca306264e9e39","isMergeCommit":true,"messageTitle":"Merge branch \u0027branch-Extension\u0027 into branch-A-JavaDoc","messageBody":"","fileTypesAndContributionMap":{}},{"hash":"dc3a5fb959333d9b7200b9f88473d0f10604fade","isMergeCommit":true,"messageTitle":"Merge branch \u0027branch-Level-9\u0027 into branch-A-CodeQuality","messageBody":"","fileTypesAndContributionMap":{}}]},{"date":"2024-02-23","commitResults":[{"hash":"e6a44cb6bfe676acd565aae625108dd84f886e78","isMergeCommit":false,"messageTitle":"Commit all final changes","messageBody":"Implementing user guide for all final changes\n","fileTypesAndContributionMap":{"md":{"insertions":42,"deletions":16}}}]},{"date":"2024-02-24","commitResults":[{"hash":"2219fe408ba310fa8242ab7048b0f1d24fea5c2c","isMergeCommit":true,"messageTitle":"Minor changes","messageBody":"File renaming\n","tags":["A-UserGuide","A-Release"],"fileTypesAndContributionMap":{}},{"hash":"64eb9c977aecb358b625f354e8290c8914402268","isMergeCommit":false,"messageTitle":"Minor renaming","messageBody":"","fileTypesAndContributionMap":{"md":{"insertions":2,"deletions":2}}}]}]},"authorFileTypeContributionMap":{"owenong1":{"java":665,"md":43,"fxml":35,"sh":0,"bat":1,"gradle":23,"txt":9}},"authorContributionVariance":{"owenong1":8742.295},"authorDisplayNameMap":{"owenong1":"CS2103T-T11-3 ONG ..OWEN"}}
