{"authorDailyContributionsMap":{"danielleloh":[{"date":"2024-01-22","commitResults":[{"hash":"46c70174e3b58ca636bea51ba4902c84fc6f70d1","isMergeCommit":false,"messageTitle":"Rename, Greet, and Exit","messageBody":"","tags":["Level-0"],"fileTypesAndContributionMap":{"java":{"insertions":3,"deletions":6}}},{"hash":"0acccb6ba6af4dd687ddc23fea82d0bab4884544","isMergeCommit":false,"messageTitle":"Edited to echo commands entered by user, exits when user enters bye","messageBody":"","tags":["Level-1"],"fileTypesAndContributionMap":{"java":{"insertions":11,"deletions":1}}},{"hash":"e5332842873f29455335aa650dba00e707597e9a","isMergeCommit":false,"messageTitle":"Added a list to store tasks, and list items in list","messageBody":"","tags":["Level-2"],"fileTypesAndContributionMap":{"java":{"insertions":18,"deletions":3}}}]},{"date":"2024-01-23","commitResults":[{"hash":"d80c494de54c8a2e90a802c78ee835d6ef34a09b","isMergeCommit":false,"messageTitle":"Added mark and unmark feature","messageBody":"","tags":["Level-3"],"fileTypesAndContributionMap":{"java":{"insertions":65,"deletions":6}}},{"hash":"75b6c5b8817598a422524a57859a3a93f4e394b4","isMergeCommit":false,"messageTitle":"Added task types: Todos, Deadlines, Events.","messageBody":"","fileTypesAndContributionMap":{"java":{"insertions":112,"deletions":16}}},{"hash":"6307d844bc65d2aa4ef956559da052049cb74580","isMergeCommit":false,"messageTitle":"Edited System.out.println when adding Todos, Deadlines, Events to list","messageBody":"","tags":["Level-4"],"fileTypesAndContributionMap":{"java":{"insertions":9,"deletions":6}}},{"hash":"cfa916e36a11792a6023a09e1df34e8a187afec3","isMergeCommit":false,"messageTitle":"Added automated text UI testing","messageBody":"","tags":["A-TextUiTesting"],"fileTypesAndContributionMap":{"txt":{"insertions":14,"deletions":0},"bat":{"insertions":0,"deletions":21}}},{"hash":"5ff2506a2c3bd3a84878518b7927c975b09f2a64","isMergeCommit":false,"messageTitle":"Added error messages for invalid inputs.","messageBody":"","tags":["Level-5"],"fileTypesAndContributionMap":{"java":{"insertions":68,"deletions":20}}}]},{"date":"2024-01-24","commitResults":[{"hash":"09b6aaedb3f0fa05a2aa5ff04207260a305dc7d7","isMergeCommit":false,"messageTitle":"Add support for deleting tasks from the list.","messageBody":"","tags":["Level-6"],"fileTypesAndContributionMap":{"java":{"insertions":16,"deletions":0}}}]},{"date":"2024-01-30","commitResults":[{"hash":"f748dee9fb383bd2b2e0e9947f47a41e8b26fc41","isMergeCommit":false,"messageTitle":"Separate classes Task, Todo, Deadline and Event from main method","messageBody":"For better organization of classes from the main method\n","fileTypesAndContributionMap":{"java":{"insertions":94,"deletions":0}}},{"hash":"afa4c05424b55e8bd684df98adc4aa4d7e047a03","isMergeCommit":false,"messageTitle":"Rename file Duke.java to Scribbles.java","messageBody":"Rename file to match with new chatbot name\n","fileTypesAndContributionMap":{"java":{"insertions":283,"deletions":254}}},{"hash":"7f1a154c1b9d11fb5b00c9c575bc2676282bd385","isMergeCommit":false,"messageTitle":"Scribbles.java: Add loadFileData method","messageBody":"Data from the hard disk needs to be loaded to program when chatbot starts up.\n\nMethod is called when main() is ran and the data from hard disk is loaded into the chatbot.\n","fileTypesAndContributionMap":{"java":{"insertions":74,"deletions":11}}},{"hash":"ab20542a6b20a07eff08644f8c4856e96f3e2dae","isMergeCommit":false,"messageTitle":"Scribbles.java: Add saveFileData method","messageBody":"Update the hard disk whenever changes to tasks are made\n\nThis saves the data to the hard disk such that when main() is ran again, it is able to load data from the previous use of the chatbot.\n","fileTypesAndContributionMap":{"java":{"insertions":66,"deletions":2}}},{"hash":"0c476eeaa537c26d889d833fce7b3435bd88e93a","isMergeCommit":true,"messageTitle":"Merge branch \u0027branch-Level-7\u0027","messageBody":"* branch-Level-7:\n  Scribbles.java: Add saveFileData method\n  Scribbles.java: Add loadFileData method\n  Rename file Duke.java to Scribbles.java\n  Separate classes Task, Todo, Deadline and Event from main method\n","tags":["Level-7"],"fileTypesAndContributionMap":{}}]},{"date":"2024-01-31","commitResults":[{"hash":"041091d7b48a76d61e7b11f82561ceb57a54d644","isMergeCommit":false,"messageTitle":"Scribbles.java: Add file and directory check","messageBody":"Checks if the file path used by the chatbot exists in the user\u0027s computer. If it does not, it will create the directory and the file in the user\u0027s computer to save data.\n","fileTypesAndContributionMap":{"java":{"insertions":33,"deletions":0}}},{"hash":"210e6a05c25c07bc182b43b231d3ffaa2d82f05a","isMergeCommit":true,"messageTitle":"Merge branch \u0027branch-Level-7\u0027","messageBody":"* branch-Level-7:\n  Scribbles.java: Add file and directory check\n","fileTypesAndContributionMap":{}},{"hash":"da72142c2d9163aebf9cdf30f86e4a7cd5fdbff9","isMergeCommit":false,"messageTitle":"Event.java: Change the start and end type to LocalDateTime","messageBody":"Scribbles can now recognize the start and end in Event as a date and time.\n\nPrints stored start date/time and end date/time in the format \"dd/MM/yyyy HHmm\" such that it is readable to users of the chatbot.\n","fileTypesAndContributionMap":{"java":{"insertions":24,"deletions":10}}},{"hash":"cb7a417b7bc19d2ca5463019a3f5215f2c57c039","isMergeCommit":false,"messageTitle":"Scribbles.java: Edit all methods affected by the change in type of end and start of Event from String to LocalDateTime","messageBody":"Scribbles now recognize start and end of Event as a date/time.\n\nEdit,\n* addEvent method to convert String input of user in format \"dd/MM/yyyy HHmm\" to date/time of type LocalDateTime\n* addEvent method to print error message if date/time is in incorrect format\n* loadFileData method to add saved date/time of Event to LocalDateTime before adding to taskList\n* loadFileData method to print error message if date/time for Event stored are of incorrect format\n* saveFileData method to save to file date/time of Event as String in the format \"dd/MM/yyyy HHmm\" from type LocalDateTime\n","fileTypesAndContributionMap":{"java":{"insertions":35,"deletions":7}}},{"hash":"3252a9b3afc0a0caf8cb683c7e959e5a47f22c9b","isMergeCommit":false,"messageTitle":"Deadline.java: Edit type of By to be LocalDateTime","messageBody":"Chatbot is able to recognise By as a LocalDateTime\n\nEdit,\n* Type of By from String to LocalDateTime\n* getBy() method to return By in LocalDateTime\n* Add getByString() method to return By in String format \"dd/MM/yyyy HHmm\"\n* toString() method to return By in String format \"dd/MM/yyyy HHmm\" that is readable to user\n","fileTypesAndContributionMap":{"java":{"insertions":14,"deletions":6}}},{"hash":"7b1472d98835de76f3e18f1a6a82386cf6973bdd","isMergeCommit":false,"messageTitle":"Scribbles.java: Edit methods that are affected by change of type of By to LocalDateTime in Deadline.java","messageBody":"Change of type of By from String to LocalDateTime will cause bugs in methods that are affected.\n\nEdit,\n* addDeadline method to read deadline input in String format \"dd/MM/yyyy HHmm\" and store it as a LocalDateTime in taskList\n* addDeadline method to print a warning if input is not in String format \"dd/MM/yyyy HHmm\"\n* loadFileData to add deadlines stored in hard disk in the String format \"dd/MM/yyyy HHmm\" to taskList as LocalDateTime\n* saveFileData to save Deadline to harddisk of type LocalDateTime to String format \"dd/MM/yyyy HHmm\"\n","fileTypesAndContributionMap":{"java":{"insertions":23,"deletions":7}}},{"hash":"0bf2a2bd74a88dd24bc925c8f4fec6c589dc36cf","isMergeCommit":true,"messageTitle":"Merge branch \u0027branch-Level-8\u0027","messageBody":"* branch-Level-8:\n  Scribbles.java: Edit methods that are affected by change of type of By to LocalDateTime in Deadline.java\n  Deadline.java: Edit type of By to be LocalDateTime\n  Scribbles.java: Edit all methods affected by the change in type of end and start of Event from String to LocalDateTime\n  Event.java: Change the start and end type to LocalDateTime\n","tags":["Level-8"],"fileTypesAndContributionMap":{}}]},{"date":"2024-02-01","commitResults":[{"hash":"7bdc09b8c778a728b9538eefcdab566aadd3b6da","isMergeCommit":false,"messageTitle":"Add new classes Ui.java, TaskList.java, Storage.java and Parser.java.","messageBody":"This makes the code more OOP.\n\n* class Ui.java: deals with interactions with the user\n* class Storage.java: deals with loading tasks from the file and saving tasks in the file\n* class Parser.java: deals with making sense of the user command\n* class TaskList.java: contains the task list\n","fileTypesAndContributionMap":{"java":{"insertions":577,"deletions":438}}},{"hash":"1d625a5239d2e52043e6cddb22c26b2a4e3ced1d","isMergeCommit":true,"messageTitle":"Merge branch \u0027branch-OOP-Increment\u0027","messageBody":"* branch-OOP-Increment:\n  Add new classes Ui.java, TaskList.java, Storage.java and Parser.java.\n","tags":["A-MoreOOP"],"fileTypesAndContributionMap":{}},{"hash":"0b88c3d300b9a5914e3e76bebdd472677804a564","isMergeCommit":false,"messageTitle":"Create package for classes.","messageBody":"Organise classes into suitable packages.\n\nCreate,\n* task package for Task.java, Todo.java, Deadline.java, Event.java\n* parser package for Parser.java\n* storage package for Storage.java\n* ui package for Ui.java\n\nAdd import statements to affect classes to allow use of classes in other packages.\n","fileTypesAndContributionMap":{"java":{"insertions":45,"deletions":2}}},{"hash":"c32166bb8f5b61e6945dd8ac64717818e360ac76","isMergeCommit":true,"messageTitle":"Merge branch \u0027branch-Package-Increment\u0027","messageBody":"* branch-Package-Increment:\n  Create package for classes.\n","tags":["A-Packages"],"fileTypesAndContributionMap":{}},{"hash":"b5be9f14cf7b0393d421fd04933c86252336fb7d","isMergeCommit":true,"messageTitle":"Merge commit \u0027a6f73244a20539e20c2189973ebf597df34ef631\u0027","messageBody":"* commit \u0027a6f73244a20539e20c2189973ebf597df34ef631\u0027:\n  Bump gradle and lib version\n  Add Gradle support\n  docs/README.md: Tweak document template\n","tags":["A-Gradle"],"fileTypesAndContributionMap":{}}]},{"date":"2024-02-02","commitResults":[{"hash":"db2b974ac820c285da9a3c57b6e5b08aac4816a8","isMergeCommit":false,"messageTitle":"ScribblesTest.java: Create JUnit test for parseInput(String input) method in Scribbles.java.","messageBody":"Automate the testing of parseInput for different input to ensure the right output.\n\nWrote test cases for all possible inputs.\n","fileTypesAndContributionMap":{"java":{"insertions":49,"deletions":0}}},{"hash":"c56fe985b4a032c15b8e5a2cd3ef03f985a44046","isMergeCommit":false,"messageTitle":"ParserTest.java: Create JUnit tests for isMissingDeadlineInformation() method in Parser class","messageBody":"Automate the testing of isMissingDeadlineInformation for different inputs to ensure the right output.\nIt should return true if any inputs for deadlines are missing relevant information, and true otherwise, or throw IndexOutOfBoundsException\n\nWrote test cases for all possible inputs.\n","fileTypesAndContributionMap":{"gradle":{"insertions":3,"deletions":3},"java":{"insertions":31,"deletions":0}}},{"hash":"12a33a9e9826c8cef1a99a06a6da7ee1079ca32a","isMergeCommit":true,"messageTitle":"Merge branch \u0027branch-JUnit-Increment\u0027","messageBody":"* branch-JUnit-Increment:\n  ParserTest.java: Create JUnit tests for isMissingDeadlineInformation() method in Parser class\n  ScribblesTest.java: Create JUnit test for parseInput(String input) method in Scribbles.java.\n","tags":["A-Jar","A-JUnit"],"fileTypesAndContributionMap":{}}]},{"date":"2024-02-03","commitResults":[{"hash":"d21068216f7d4396a0e8cc5c0885d999fdf3da37","isMergeCommit":false,"messageTitle":"Add JavaDoc comments to code.","messageBody":"Explain the use of the different methods and classes.\n","fileTypesAndContributionMap":{"java":{"insertions":115,"deletions":24}}},{"hash":"2990898dc2b6a36dba13c0180f9354e15c204c9a","isMergeCommit":true,"messageTitle":"Merge branch \u0027branch-A-JavaDoc\u0027","messageBody":"* branch-A-JavaDoc:\n  Add JavaDoc comments to code.\n","tags":["A-JavaDoc"],"fileTypesAndContributionMap":{}},{"hash":"e6054b121727f79e2e0de3fd7405bf35daa9d2c8","isMergeCommit":false,"messageTitle":"Edit code to comply with coding standards.","messageBody":"Complying with coding standards will help to improve code quality.\n\nEdit,\n* boolean methods and variables to sound like booleans — completed to isCompleted, parsedInput to isParsedInput\n* indentation for switch statements — remove the indentation in front of case clauses\n","fileTypesAndContributionMap":{"java":{"insertions":103,"deletions":103}}},{"hash":"0a805632c96a0366972f1dd05a58efd1c64bc75b","isMergeCommit":true,"messageTitle":"Merge branch \u0027branch-A-CodingStandard\u0027","messageBody":"* branch-A-CodingStandard:\n  Edit code to comply with coding standards.\n","tags":["A-CodingStandard"],"fileTypesAndContributionMap":{}},{"hash":"3592b9b26292be3b8555d6224338ea136f9c5405","isMergeCommit":false,"messageTitle":"Parser.java: Change split method input from (\"\\\\s+\") to (\"\\\\s+\", 2)","messageBody":"The error was causing to-do tasks description with a space in between to only store the first word.\n","fileTypesAndContributionMap":{"java":{"insertions":1,"deletions":1}}},{"hash":"da30382bd6344cd571ebea179369a1872f55270a","isMergeCommit":false,"messageTitle":"Add feature that give users a way to search for tasks using a keyword.","messageBody":"Users can easily search for tasks with a keyword instead of looking through the whole list of tasks.\n\nAdd,\n* getFindKeyword() method to Parser.java that returns the keyword in the user\u0027s input\n* find case clause for the actions to perform after a find command\n* new instruction under invalidInputMessage to direct users on how to use find command\n* taskWithKeyword method Ui.java class that lists all the tasks with the keyword\n* missingKeywordMessage() method that prints an error message if users do not include a keyword in their find command\n","fileTypesAndContributionMap":{"java":{"insertions":55,"deletions":2}}},{"hash":"2f8c833a5b35423866c15c6314f589f472195ef0","isMergeCommit":true,"messageTitle":"Merge branch \u0027branch-Level-9\u0027","messageBody":"* branch-Level-9:\n  Add feature that give users a way to search for tasks using a keyword.\n  Parser.java: Change split method input from (\"\\\\s+\") to (\"\\\\s+\", 2)\n","tags":["Level-9"],"fileTypesAndContributionMap":{}}]},{"date":"2024-02-07","commitResults":[{"hash":"49ac281ea815223af17863d3d87d6292bde8ca4f","isMergeCommit":false,"messageTitle":"fix: allow todo tasks to accept a description","messageBody":"Split string in getTodoDescription() split the string wrongly causing\nit to throw an IndexOutOfBoundsException all the time.\n\nChange (\"\\\\s+, 2\") to (\"\\\\s+\", 2).\n","fileTypesAndContributionMap":{"java":{"insertions":1,"deletions":1}}},{"hash":"745a1af62a73bc26d7226832aaf9feb96794a1f9","isMergeCommit":false,"messageTitle":"fix: edit line spacing of scribbles messages","messageBody":"some replies include a line spacing after and some do not which\nmakes it seem messy.\n","fileTypesAndContributionMap":{"java":{"insertions":3,"deletions":1}}},{"hash":"d3574224d8f11867dfd1b983d229f27b8e59ee24","isMergeCommit":false,"messageTitle":"fix: add checkstyle feature and edit checkstyle errors","messageBody":"","fileTypesAndContributionMap":{"gradle":{"insertions":7,"deletions":1},"java":{"insertions":127,"deletions":110}}},{"hash":"6c5da8b3384421e2b8e69c334feb84b3f82adf74","isMergeCommit":true,"messageTitle":"Merge branch \u0027branch-CheckStyle\u0027","messageBody":"* branch-CheckStyle:\n  fix: add checkstyle feature and edit checkstyle errors\n","tags":["A-CheckStyle"],"fileTypesAndContributionMap":{}}]},{"date":"2024-02-12","commitResults":[{"hash":"265b9f137d5257fdeb7be8811022a8c13df64415","isMergeCommit":false,"messageTitle":"feat: add basic gui to scribbles","messageBody":"Use the JavaFX technology to implement the GUI.\n","fileTypesAndContributionMap":{"gradle":{"insertions":15,"deletions":0},"fxml":{"insertions":35,"deletions":0},"java":{"insertions":305,"deletions":178}}},{"hash":"65efb4eac5c4e08c6c664fca44151ba110720f92","isMergeCommit":true,"messageTitle":"Merge branch \u0027branch-GUI\u0027","messageBody":"* branch-GUI:\n  feat: add basic gui to scribbles\n","tags":["Level-10"],"fileTypesAndContributionMap":{}},{"hash":"aaa27d25a99ef94b647886d7c8c92378df9e134a","isMergeCommit":false,"messageTitle":"feat: add default greeting message in GUI when it is launched","messageBody":"","fileTypesAndContributionMap":{"fxml":{"insertions":75,"deletions":19},"java":{"insertions":76,"deletions":30}}},{"hash":"0ba120f9fbb7f2c99a5bdca7500789d7b09789a3","isMergeCommit":true,"messageTitle":"Merge branch \u0027branch-GUI\u0027","messageBody":"* branch-GUI:\n  feat: add default greeting message in GUI when it is launched\n","fileTypesAndContributionMap":{}},{"hash":"dd72e3d085a524a9638eff92edba35783bff19e9","isMergeCommit":false,"messageTitle":"fix: change icon for GUI and edit some view features","messageBody":"","fileTypesAndContributionMap":{"fxml":{"insertions":16,"deletions":13},"java":{"insertions":2,"deletions":2}}},{"hash":"1c8f3606ee3f1dc2414d96f55f14cf840662b98d","isMergeCommit":false,"messageTitle":"fix: edit javadocs","messageBody":"","fileTypesAndContributionMap":{"java":{"insertions":61,"deletions":23}}}]},{"date":"2024-02-16","commitResults":[{"hash":"79776505973523c6b0c6ab1869a9b67f6e4d74d0","isMergeCommit":false,"messageTitle":"fix: change minimum height of dialog box and edit gui aesthetics","messageBody":"messages that exceed height indicated would automatically be\ntruncated with \"...\".\n\nupdate the dialog box minimum height such that the minimum height is\nUSE_PREF_SIZE.\n","fileTypesAndContributionMap":{"fxml":{"insertions":10,"deletions":10}}},{"hash":"812a1f72dc511221c578b072bc277ca234cea4e4","isMergeCommit":true,"messageTitle":"Merge branch \u0027branch-Level-10\u0027","messageBody":"* branch-Level-10:\n  fix: change minimum height of dialog box and edit gui aesthetics\n","tags":["A-FullCommitMessage"],"fileTypesAndContributionMap":{}},{"hash":"23991eee8d6feaa2b533cf8cc6dd7e0bfa4c7dc3","isMergeCommit":false,"messageTitle":"fix: change marking completed icons to be constant strings","messageBody":"changing the icons to constant string help to avoid magic literals as\nit makes it clearer what they icons represent\n\nadd private static final String COMPLETED_ICON and INCOMPLETED_ICON\n","fileTypesAndContributionMap":{"java":{"insertions":5,"deletions":2}}},{"hash":"7cfecf8fed867946a5418231340f439483292329","isMergeCommit":false,"messageTitle":"fix: edit help message to be more informative and fix typos","messageBody":"","fileTypesAndContributionMap":{"java":{"insertions":6,"deletions":5}}},{"hash":"e72fe85b51f02f03241b008477c70024728a01e4","isMergeCommit":false,"messageTitle":"feat: add java assertions to code","messageBody":"java assertions help to document important assumptions that should hold\nat various points of the code\n","tags":["A-Assertions"],"fileTypesAndContributionMap":{"java":{"insertions":1,"deletions":0}}},{"hash":"d6e6fcde096b7541d16a917c61f206c46c0a51de","isMergeCommit":false,"messageTitle":"fix: change the dateTimeFormat of Parser class to a constant","messageBody":"same date time format is used throughout the class.\nimproves code quality by avoiding magic literals.\n\nadd private static final DATE_TIME_FORMAT.\n","fileTypesAndContributionMap":{"java":{"insertions":5,"deletions":6}}},{"hash":"5810b43947dc8df1dc88b6601df1f0d30ec39608","isMergeCommit":false,"messageTitle":"fix: split getResponse method and add another method respondToCommand","messageBody":"improve code quality by avoiding multiple levels of abstraction within\nthe getResponse method.\n","tags":["A-CodeQuality"],"fileTypesAndContributionMap":{"java":{"insertions":12,"deletions":1}}},{"hash":"a5e7e252fdf088a8e8933895faa9fd95d73a6305","isMergeCommit":true,"messageTitle":"Merge pull request #1 from danielleloh/branch-A-Assertions","messageBody":"feat: add java assertions to code","fileTypesAndContributionMap":{}},{"hash":"c59814bddd71abf326bdf61f5079c2a719cfe3db","isMergeCommit":true,"messageTitle":"Merge pull request #2 from danielleloh/branch-A-CodeQuality","messageBody":"feat: edit to improve code quality","fileTypesAndContributionMap":{}},{"hash":"08188d2354432922eeae45e41c65c1ed4e9ade0d","isMergeCommit":false,"messageTitle":"feat: add feature to allow users to sort the tasks in their task list","messageBody":"users may find it neater to sort their tasks for neater organisation\n\nallowed sorting orders:\n* date\n* description\n* completed first\n* incompleted first\n* type of task\n","fileTypesAndContributionMap":{"java":{"insertions":185,"deletions":0}}},{"hash":"84fa013eb646ce679933790edbbc81eb621bab94","isMergeCommit":true,"messageTitle":"Merge branch \u0027branch-BCD-Extensions\u0027","messageBody":"* branch-BCD-Extensions:\n  feat: add feature to allow users to sort the tasks in their task list\n","tags":["C-Sort","BCD-Extension"],"fileTypesAndContributionMap":{}},{"hash":"413b43ef234ced6165dca93ee09c48938a3de18c","isMergeCommit":false,"messageTitle":"fix: update javadocs for new methods added","messageBody":"","fileTypesAndContributionMap":{"java":{"insertions":30,"deletions":0}}},{"hash":"d907da5709f1d7f84e4f92efc0e525202918ffee","isMergeCommit":false,"messageTitle":"fix: fix gui such that user inputs are aligned to the right","messageBody":"","fileTypesAndContributionMap":{"fxml":{"insertions":1,"deletions":1}}}]},{"date":"2024-02-18","commitResults":[{"hash":"129811d5327f3e388affe54d948483a8894cd145","isMergeCommit":false,"messageTitle":"fix: change mainClassName in build.gradle to set new entry point of the application to scribbles.Launcher instead of scribbles.Scribbles","messageBody":"","fileTypesAndContributionMap":{"gradle":{"insertions":1,"deletions":1}}},{"hash":"7b9beb025b535754118733f6e70f1e9924da3858","isMergeCommit":false,"messageTitle":"feat: improve GUI to make it look more polished","messageBody":"add,\n* chat boxes surrounding dialog of Scribbles and User\n* different fonts to accommodate windows users and macbook users\n* different display image to look better and clearer\n* different colours to the chat box and text for dialog of Scribbles\nand User\n","tags":["A-Personality","A-BetterGui"],"fileTypesAndContributionMap":{"fxml":{"insertions":49,"deletions":19}}},{"hash":"27421555dc626ddb2d1c6548143efecc5a922589","isMergeCommit":false,"messageTitle":"feat: add quitting of program after user input \"bye\"","messageBody":"the chatbot only responds to bye initially but does not completely\nexit and shut down the program.\n\nadd a 2 second delay after bye for the program to shut down.\n","fileTypesAndContributionMap":{"java":{"insertions":22,"deletions":4}}},{"hash":"e16f04d1d87cb36d2bee7e76e9a3dcbacf6bb4a8","isMergeCommit":false,"messageTitle":"fix: disallow the input of event start date/time to be later than event end date/time","messageBody":"it does not make sense for the start of the event to be later than the\nend of the event\n\nchatbot does not allow the addition of such event and prints a message\nto inform users that the input start is later than the input end\n","tags":["A-MoreErrorHandling"],"fileTypesAndContributionMap":{"java":{"insertions":16,"deletions":1}}},{"hash":"486404d5b8a442af761fa4b2f79853ba093f632d","isMergeCommit":false,"messageTitle":"fix: change filepath of where there data is stored so that it will can work when converted to a JAR file","messageBody":"","fileTypesAndContributionMap":{"java":{"insertions":1,"deletions":1}}},{"hash":"a843d4eb743a3bcec04d27e5ed91a45f12232a5d","isMergeCommit":false,"messageTitle":"fix: edit warning message to be clearer when file date is corrupted","messageBody":"","fileTypesAndContributionMap":{"java":{"insertions":3,"deletions":3}}}]},{"date":"2024-02-19","commitResults":[{"hash":"a070b35b2df070dd2e176bd3d744b953a06e91c3","isMergeCommit":false,"messageTitle":"fix: add javadocs for methods","messageBody":"","fileTypesAndContributionMap":{"java":{"insertions":12,"deletions":0}}},{"hash":"6f2ad77cbfd971e562270e63259a253938b3524b","isMergeCommit":false,"messageTitle":"fix: edit name of directory for filepath for Scribbles","messageBody":"the name is edited to be more specific that it is linked to Scribbles\nso that users know which file contains information for Scribbles.\n","fileTypesAndContributionMap":{"java":{"insertions":1,"deletions":1}}},{"hash":"9d98e7fb385e76db03fefa6881b5742311556740","isMergeCommit":false,"messageTitle":"fix: add class CommandResponder to deal with responding to commands made by the user","messageBody":"this resolves the very-long method, respondToCommand, which was\ninitially in the Scribbles class by further abstracting the method.\nThis also improves OOP as the response to the commands is dealt with in\na separate class.\n\nadd,\n* new class CommandResponder\n* methods for the different commands\n* javadocs for the new methods in CommandResponder\n","fileTypesAndContributionMap":{"java":{"insertions":240,"deletions":114}}},{"hash":"36c79428240c68b00a594b3531b1905af7de4547","isMergeCommit":false,"messageTitle":"fix: update junit testing to accomodate new or removed methods","messageBody":"","fileTypesAndContributionMap":{"gradle":{"insertions":1,"deletions":1},"java":{"insertions":59,"deletions":81}}}]}]},"authorFileTypeContributionMap":{"danielleloh":{"java":1618,"md":0,"fxml":124,"sh":0,"bat":0,"gradle":22,"txt":14}},"authorContributionVariance":{"danielleloh":76303.09},"authorDisplayNameMap":{"danielleloh":"CS2103T-T10-1 LOH ..ELLE"}}
