[{"path":"src/main/java/Deadline.java","fileType":"java","lines":[{"lineNumber":1,"author":{"gitId":"Jawad280"},"content":"public class Deadline extends Task {","lastModifiedDate":"2024-01-25"},{"lineNumber":2,"author":{"gitId":"Jawad280"},"content":"    protected String deadline;","lastModifiedDate":"2024-01-25"},{"lineNumber":3,"author":{"gitId":"Jawad280"},"content":"","lastModifiedDate":"2024-01-25"},{"lineNumber":4,"author":{"gitId":"Jawad280"},"content":"    public Deadline(String description, String deadline) {","lastModifiedDate":"2024-01-25"},{"lineNumber":5,"author":{"gitId":"Jawad280"},"content":"        super(description);","lastModifiedDate":"2024-01-25"},{"lineNumber":6,"author":{"gitId":"Jawad280"},"content":"        this.deadline \u003d deadline;","lastModifiedDate":"2024-01-25"},{"lineNumber":7,"author":{"gitId":"Jawad280"},"content":"    }","lastModifiedDate":"2024-01-25"},{"lineNumber":8,"author":{"gitId":"Jawad280"},"content":"","lastModifiedDate":"2024-01-25"},{"lineNumber":9,"author":{"gitId":"Jawad280"},"content":"    @Override","lastModifiedDate":"2024-01-25"},{"lineNumber":10,"author":{"gitId":"Jawad280"},"content":"    public void taskPrinter() {","lastModifiedDate":"2024-01-25"},{"lineNumber":11,"author":{"gitId":"Jawad280"},"content":"        String result \u003d \"    \" + \"[D][ ]\" + \" \" + description + \"(by: \" + deadline+ \")\";","lastModifiedDate":"2024-01-25"},{"lineNumber":12,"author":{"gitId":"Jawad280"},"content":"        System.out.println(result);","lastModifiedDate":"2024-01-25"},{"lineNumber":13,"author":{"gitId":"Jawad280"},"content":"    }","lastModifiedDate":"2024-01-25"},{"lineNumber":14,"author":{"gitId":"Jawad280"},"content":"","lastModifiedDate":"2024-01-25"},{"lineNumber":15,"author":{"gitId":"Jawad280"},"content":"    @Override","lastModifiedDate":"2024-01-25"},{"lineNumber":16,"author":{"gitId":"Jawad280"},"content":"    public void taskPrinter(int index) {","lastModifiedDate":"2024-01-25"},{"lineNumber":17,"author":{"gitId":"-"},"content":"        String result \u003d \"    \" + (index+1) + \".[D]\" + getStatusIcon() + \" \" + description  + \"(by: \" + deadline+ \")\";","lastModifiedDate":"2024-01-25"},{"lineNumber":18,"author":{"gitId":"Jawad280"},"content":"        System.out.println(result);","lastModifiedDate":"2024-01-25"},{"lineNumber":19,"author":{"gitId":"Jawad280"},"content":"    }","lastModifiedDate":"2024-01-25"},{"lineNumber":20,"author":{"gitId":"Jawad280"},"content":"}","lastModifiedDate":"2024-01-25"}],"authorContributionMap":{"Jawad280":19,"-":1}},{"path":"src/main/java/Event.java","fileType":"java","lines":[{"lineNumber":1,"author":{"gitId":"Jawad280"},"content":"public class Event extends Task {","lastModifiedDate":"2024-01-25"},{"lineNumber":2,"author":{"gitId":"Jawad280"},"content":"","lastModifiedDate":"2024-01-25"},{"lineNumber":3,"author":{"gitId":"Jawad280"},"content":"    protected String from;","lastModifiedDate":"2024-01-25"},{"lineNumber":4,"author":{"gitId":"Jawad280"},"content":"    protected String to;","lastModifiedDate":"2024-01-25"},{"lineNumber":5,"author":{"gitId":"Jawad280"},"content":"","lastModifiedDate":"2024-01-25"},{"lineNumber":6,"author":{"gitId":"Jawad280"},"content":"    public Event(String description, String from, String to) {","lastModifiedDate":"2024-01-25"},{"lineNumber":7,"author":{"gitId":"Jawad280"},"content":"        super(description);","lastModifiedDate":"2024-01-25"},{"lineNumber":8,"author":{"gitId":"Jawad280"},"content":"        this.from \u003d from;","lastModifiedDate":"2024-01-25"},{"lineNumber":9,"author":{"gitId":"Jawad280"},"content":"        this.to \u003d to;","lastModifiedDate":"2024-01-25"},{"lineNumber":10,"author":{"gitId":"Jawad280"},"content":"    }","lastModifiedDate":"2024-01-25"},{"lineNumber":11,"author":{"gitId":"Jawad280"},"content":"","lastModifiedDate":"2024-01-25"},{"lineNumber":12,"author":{"gitId":"Jawad280"},"content":"    @Override","lastModifiedDate":"2024-01-25"},{"lineNumber":13,"author":{"gitId":"Jawad280"},"content":"    public void taskPrinter() {","lastModifiedDate":"2024-01-25"},{"lineNumber":14,"author":{"gitId":"Jawad280"},"content":"        String result \u003d \"    \" + \"[E][ ]\" + \" \" + description + \"(from: \" + from + \" to: \" + to +\")\";","lastModifiedDate":"2024-01-25"},{"lineNumber":15,"author":{"gitId":"Jawad280"},"content":"        System.out.println(result);","lastModifiedDate":"2024-01-25"},{"lineNumber":16,"author":{"gitId":"Jawad280"},"content":"    }","lastModifiedDate":"2024-01-25"},{"lineNumber":17,"author":{"gitId":"Jawad280"},"content":"","lastModifiedDate":"2024-01-25"},{"lineNumber":18,"author":{"gitId":"Jawad280"},"content":"    @Override","lastModifiedDate":"2024-01-25"},{"lineNumber":19,"author":{"gitId":"Jawad280"},"content":"    public void taskPrinter(int index) {","lastModifiedDate":"2024-01-25"},{"lineNumber":20,"author":{"gitId":"-"},"content":"        String result \u003d \"    \" + (index+1) + \".[E]\" + getStatusIcon() + \" \" + description  + \"(from: \" + from + \" to: \" + to +\")\";","lastModifiedDate":"2024-01-25"},{"lineNumber":21,"author":{"gitId":"Jawad280"},"content":"        System.out.println(result);","lastModifiedDate":"2024-01-25"},{"lineNumber":22,"author":{"gitId":"Jawad280"},"content":"    }","lastModifiedDate":"2024-01-25"},{"lineNumber":23,"author":{"gitId":"Jawad280"},"content":"}","lastModifiedDate":"2024-01-25"}],"authorContributionMap":{"Jawad280":22,"-":1}},{"path":"src/main/java/Task.java","fileType":"java","lines":[{"lineNumber":1,"author":{"gitId":"Jawad280"},"content":"public abstract class Task {","lastModifiedDate":"2024-01-25"},{"lineNumber":2,"author":{"gitId":"Jawad280"},"content":"    protected String description;","lastModifiedDate":"2024-01-25"},{"lineNumber":3,"author":{"gitId":"Jawad280"},"content":"    protected boolean isDone;","lastModifiedDate":"2024-01-25"},{"lineNumber":4,"author":{"gitId":"Jawad280"},"content":"","lastModifiedDate":"2024-01-25"},{"lineNumber":5,"author":{"gitId":"Jawad280"},"content":"    public Task(String description) {","lastModifiedDate":"2024-01-25"},{"lineNumber":6,"author":{"gitId":"Jawad280"},"content":"        this.description \u003d description;","lastModifiedDate":"2024-01-25"},{"lineNumber":7,"author":{"gitId":"Jawad280"},"content":"        this.isDone \u003d false;","lastModifiedDate":"2024-01-25"},{"lineNumber":8,"author":{"gitId":"Jawad280"},"content":"    }","lastModifiedDate":"2024-01-25"},{"lineNumber":9,"author":{"gitId":"Jawad280"},"content":"","lastModifiedDate":"2024-01-25"},{"lineNumber":10,"author":{"gitId":"-"},"content":"    public String getStatusIcon() {","lastModifiedDate":"2024-01-25"},{"lineNumber":11,"author":{"gitId":"-"},"content":"        return isDone ? \"[✔]\" : \"[ ]\";","lastModifiedDate":"2024-01-25"},{"lineNumber":12,"author":{"gitId":"-"},"content":"    }","lastModifiedDate":"2024-01-25"},{"lineNumber":13,"author":{"gitId":"-"},"content":"","lastModifiedDate":"2024-01-25"},{"lineNumber":14,"author":{"gitId":"Jawad280"},"content":"    abstract public void taskPrinter();","lastModifiedDate":"2024-01-25"},{"lineNumber":15,"author":{"gitId":"Jawad280"},"content":"","lastModifiedDate":"2024-01-25"},{"lineNumber":16,"author":{"gitId":"Jawad280"},"content":"    abstract public void taskPrinter(int index);","lastModifiedDate":"2024-01-25"},{"lineNumber":17,"author":{"gitId":"Jawad280"},"content":"","lastModifiedDate":"2024-01-25"},{"lineNumber":18,"author":{"gitId":"Jawad280"},"content":"    public void markAsDone() {","lastModifiedDate":"2024-01-25"},{"lineNumber":19,"author":{"gitId":"Jawad280"},"content":"        this.isDone \u003d true;","lastModifiedDate":"2024-01-25"},{"lineNumber":20,"author":{"gitId":"Jawad280"},"content":"    }","lastModifiedDate":"2024-01-25"},{"lineNumber":21,"author":{"gitId":"Jawad280"},"content":"","lastModifiedDate":"2024-01-25"},{"lineNumber":22,"author":{"gitId":"Jawad280"},"content":"    public void markAsUndone() {","lastModifiedDate":"2024-01-25"},{"lineNumber":23,"author":{"gitId":"Jawad280"},"content":"        this.isDone \u003d false;","lastModifiedDate":"2024-01-25"},{"lineNumber":24,"author":{"gitId":"Jawad280"},"content":"    }","lastModifiedDate":"2024-01-25"},{"lineNumber":25,"author":{"gitId":"Jawad280"},"content":"}","lastModifiedDate":"2024-01-25"}],"authorContributionMap":{"Jawad280":21,"-":4}},{"path":"src/main/java/ToDo.java","fileType":"java","lines":[{"lineNumber":1,"author":{"gitId":"Jawad280"},"content":"public class ToDo extends Task {","lastModifiedDate":"2024-01-25"},{"lineNumber":2,"author":{"gitId":"Jawad280"},"content":"","lastModifiedDate":"2024-01-25"},{"lineNumber":3,"author":{"gitId":"Jawad280"},"content":"    public ToDo(String description) {","lastModifiedDate":"2024-01-25"},{"lineNumber":4,"author":{"gitId":"Jawad280"},"content":"        super(description);","lastModifiedDate":"2024-01-25"},{"lineNumber":5,"author":{"gitId":"Jawad280"},"content":"    }","lastModifiedDate":"2024-01-25"},{"lineNumber":6,"author":{"gitId":"Jawad280"},"content":"","lastModifiedDate":"2024-01-25"},{"lineNumber":7,"author":{"gitId":"Jawad280"},"content":"    @Override","lastModifiedDate":"2024-01-25"},{"lineNumber":8,"author":{"gitId":"Jawad280"},"content":"    public void taskPrinter() {","lastModifiedDate":"2024-01-25"},{"lineNumber":9,"author":{"gitId":"Jawad280"},"content":"        String result \u003d \"    \" + \"[T][ ]\" + \" \" + description;","lastModifiedDate":"2024-01-25"},{"lineNumber":10,"author":{"gitId":"Jawad280"},"content":"        System.out.println(result);","lastModifiedDate":"2024-01-25"},{"lineNumber":11,"author":{"gitId":"Jawad280"},"content":"    }","lastModifiedDate":"2024-01-25"},{"lineNumber":12,"author":{"gitId":"Jawad280"},"content":"","lastModifiedDate":"2024-01-25"},{"lineNumber":13,"author":{"gitId":"Jawad280"},"content":"    @Override","lastModifiedDate":"2024-01-25"},{"lineNumber":14,"author":{"gitId":"Jawad280"},"content":"    public void taskPrinter(int index) {","lastModifiedDate":"2024-01-25"},{"lineNumber":15,"author":{"gitId":"-"},"content":"        String result \u003d \"    \" + (index+1) + \".[T]\" + getStatusIcon() + \" \" + description;","lastModifiedDate":"2024-01-25"},{"lineNumber":16,"author":{"gitId":"Jawad280"},"content":"        System.out.println(result);","lastModifiedDate":"2024-01-25"},{"lineNumber":17,"author":{"gitId":"Jawad280"},"content":"    }","lastModifiedDate":"2024-01-25"},{"lineNumber":18,"author":{"gitId":"Jawad280"},"content":"}","lastModifiedDate":"2024-01-25"}],"authorContributionMap":{"Jawad280":17,"-":1}},{"path":"src/main/java/Tobias.java","fileType":"java","lines":[{"lineNumber":1,"author":{"gitId":"Jawad280"},"content":"import java.util.ArrayList;","lastModifiedDate":"2024-01-25"},{"lineNumber":2,"author":{"gitId":"Jawad280"},"content":"import java.util.List;","lastModifiedDate":"2024-01-25"},{"lineNumber":3,"author":{"gitId":"Jawad280"},"content":"import java.util.Scanner;","lastModifiedDate":"2024-01-25"},{"lineNumber":4,"author":{"gitId":"Jawad280"},"content":"public class Tobias {","lastModifiedDate":"2024-01-25"},{"lineNumber":5,"author":{"gitId":"Jawad280"},"content":"","lastModifiedDate":"2024-01-25"},{"lineNumber":6,"author":{"gitId":"Jawad280"},"content":"    public static void addedTaskPrinter(Task task, int size, String divider) {","lastModifiedDate":"2024-01-25"},{"lineNumber":7,"author":{"gitId":"Jawad280"},"content":"        System.out.println(divider);","lastModifiedDate":"2024-01-25"},{"lineNumber":8,"author":{"gitId":"Jawad280"},"content":"        System.out.println(\"    Got it. I\u0027ve added this task: \");","lastModifiedDate":"2024-01-25"},{"lineNumber":9,"author":{"gitId":"Jawad280"},"content":"        task.taskPrinter();","lastModifiedDate":"2024-01-25"},{"lineNumber":10,"author":{"gitId":"Jawad280"},"content":"        System.out.println(\"    Now you have \" + size + \" tasks in the list!\");","lastModifiedDate":"2024-01-25"},{"lineNumber":11,"author":{"gitId":"Jawad280"},"content":"        System.out.println(divider);","lastModifiedDate":"2024-01-25"},{"lineNumber":12,"author":{"gitId":"Jawad280"},"content":"    }","lastModifiedDate":"2024-01-25"},{"lineNumber":13,"author":{"gitId":"Jawad280"},"content":"","lastModifiedDate":"2024-01-25"},{"lineNumber":14,"author":{"gitId":"Jawad280"},"content":"    public static void commandHandler(String divider) {","lastModifiedDate":"2024-01-25"},{"lineNumber":15,"author":{"gitId":"Jawad280"},"content":"        Scanner scanner \u003d new Scanner(System.in);","lastModifiedDate":"2024-01-25"},{"lineNumber":16,"author":{"gitId":"Jawad280"},"content":"        String outro \u003d \"Bye. Hope to see you soon!\";","lastModifiedDate":"2024-01-25"},{"lineNumber":17,"author":{"gitId":"Jawad280"},"content":"","lastModifiedDate":"2024-01-25"},{"lineNumber":18,"author":{"gitId":"Jawad280"},"content":"        Boolean isExit \u003d false;","lastModifiedDate":"2024-01-25"},{"lineNumber":19,"author":{"gitId":"Jawad280"},"content":"        String command \u003d \"\";","lastModifiedDate":"2024-01-25"},{"lineNumber":20,"author":{"gitId":"Jawad280"},"content":"","lastModifiedDate":"2024-01-25"},{"lineNumber":21,"author":{"gitId":"Jawad280"},"content":"        List\u003cTask\u003e tasks \u003d new ArrayList\u003cTask\u003e();","lastModifiedDate":"2024-01-25"},{"lineNumber":22,"author":{"gitId":"Jawad280"},"content":"","lastModifiedDate":"2024-01-25"},{"lineNumber":23,"author":{"gitId":"Jawad280"},"content":"        while (!isExit) {","lastModifiedDate":"2024-01-25"},{"lineNumber":24,"author":{"gitId":"Jawad280"},"content":"            try {","lastModifiedDate":"2024-01-25"},{"lineNumber":25,"author":{"gitId":"Jawad280"},"content":"                command \u003d scanner.nextLine().trim();","lastModifiedDate":"2024-01-25"},{"lineNumber":26,"author":{"gitId":"Jawad280"},"content":"                if (command.equals(\"bye\")) {","lastModifiedDate":"2024-01-25"},{"lineNumber":27,"author":{"gitId":"Jawad280"},"content":"                    System.out.println(divider);","lastModifiedDate":"2024-01-25"},{"lineNumber":28,"author":{"gitId":"Jawad280"},"content":"                    System.out.println(\"    \" + outro);","lastModifiedDate":"2024-01-25"},{"lineNumber":29,"author":{"gitId":"Jawad280"},"content":"                    System.out.println(divider);","lastModifiedDate":"2024-01-25"},{"lineNumber":30,"author":{"gitId":"Jawad280"},"content":"                    isExit \u003d true;","lastModifiedDate":"2024-01-25"},{"lineNumber":31,"author":{"gitId":"Jawad280"},"content":"                }","lastModifiedDate":"2024-01-25"},{"lineNumber":32,"author":{"gitId":"Jawad280"},"content":"                else if (command.equals(\"list\")) {","lastModifiedDate":"2024-01-25"},{"lineNumber":33,"author":{"gitId":"Jawad280"},"content":"                    try {","lastModifiedDate":"2024-01-25"},{"lineNumber":34,"author":{"gitId":"Jawad280"},"content":"                        if (tasks.isEmpty()) {","lastModifiedDate":"2024-01-25"},{"lineNumber":35,"author":{"gitId":"Jawad280"},"content":"                            throw new TobiasException(\"    Your list is empty at the moment !\");","lastModifiedDate":"2024-01-25"},{"lineNumber":36,"author":{"gitId":"Jawad280"},"content":"                        } else {","lastModifiedDate":"2024-01-25"},{"lineNumber":37,"author":{"gitId":"Jawad280"},"content":"                            System.out.println(divider);","lastModifiedDate":"2024-01-25"},{"lineNumber":38,"author":{"gitId":"Jawad280"},"content":"                            System.out.println(\"    Here are the tasks in your list:\");","lastModifiedDate":"2024-01-25"},{"lineNumber":39,"author":{"gitId":"Jawad280"},"content":"                            for (Task task : tasks) {","lastModifiedDate":"2024-01-25"},{"lineNumber":40,"author":{"gitId":"Jawad280"},"content":"                                int index \u003d tasks.indexOf(task);","lastModifiedDate":"2024-01-25"},{"lineNumber":41,"author":{"gitId":"Jawad280"},"content":"                                task.taskPrinter(index);","lastModifiedDate":"2024-01-25"},{"lineNumber":42,"author":{"gitId":"Jawad280"},"content":"                            }","lastModifiedDate":"2024-01-25"},{"lineNumber":43,"author":{"gitId":"Jawad280"},"content":"                            System.out.println(divider);","lastModifiedDate":"2024-01-25"},{"lineNumber":44,"author":{"gitId":"Jawad280"},"content":"                        }","lastModifiedDate":"2024-01-25"},{"lineNumber":45,"author":{"gitId":"Jawad280"},"content":"                    } catch (TobiasException e) {","lastModifiedDate":"2024-01-25"},{"lineNumber":46,"author":{"gitId":"Jawad280"},"content":"                        e.printMessage();","lastModifiedDate":"2024-01-25"},{"lineNumber":47,"author":{"gitId":"Jawad280"},"content":"                    }","lastModifiedDate":"2024-01-25"},{"lineNumber":48,"author":{"gitId":"Jawad280"},"content":"                }","lastModifiedDate":"2024-01-25"},{"lineNumber":49,"author":{"gitId":"Jawad280"},"content":"                else if (command.startsWith(\"mark\")) {","lastModifiedDate":"2024-01-25"},{"lineNumber":50,"author":{"gitId":"Jawad280"},"content":"                    try {","lastModifiedDate":"2024-01-25"},{"lineNumber":51,"author":{"gitId":"Jawad280"},"content":"                        int size \u003d tasks.size();","lastModifiedDate":"2024-01-25"},{"lineNumber":52,"author":{"gitId":"Jawad280"},"content":"                        if (command.equals(\"mark\")) {","lastModifiedDate":"2024-01-25"},{"lineNumber":53,"author":{"gitId":"Jawad280"},"content":"                            if (size \u003d\u003d 0) {","lastModifiedDate":"2024-01-25"},{"lineNumber":54,"author":{"gitId":"Jawad280"},"content":"                                throw new TobiasException(\"    Your list is empty at the moment, add some todos/events/deadlines to MARK them!\");","lastModifiedDate":"2024-01-25"},{"lineNumber":55,"author":{"gitId":"Jawad280"},"content":"                            } else {","lastModifiedDate":"2024-01-25"},{"lineNumber":56,"author":{"gitId":"Jawad280"},"content":"                                throw new TobiasException(\"    No index provided! Please give a valid index from 1 to \" + size +\" !!\");","lastModifiedDate":"2024-01-25"},{"lineNumber":57,"author":{"gitId":"Jawad280"},"content":"                            }","lastModifiedDate":"2024-01-25"},{"lineNumber":58,"author":{"gitId":"Jawad280"},"content":"                        }","lastModifiedDate":"2024-01-25"},{"lineNumber":59,"author":{"gitId":"Jawad280"},"content":"","lastModifiedDate":"2024-01-25"},{"lineNumber":60,"author":{"gitId":"Jawad280"},"content":"                        int index \u003d Integer.parseInt(command.substring(5)) - 1;","lastModifiedDate":"2024-01-25"},{"lineNumber":61,"author":{"gitId":"Jawad280"},"content":"","lastModifiedDate":"2024-01-25"},{"lineNumber":62,"author":{"gitId":"Jawad280"},"content":"                        if (index \u003e\u003d 0 \u0026\u0026 index \u003c tasks.size()) {","lastModifiedDate":"2024-01-25"},{"lineNumber":63,"author":{"gitId":"Jawad280"},"content":"                            Task curr \u003d tasks.get(index);","lastModifiedDate":"2024-01-25"},{"lineNumber":64,"author":{"gitId":"Jawad280"},"content":"                            curr.markAsDone();","lastModifiedDate":"2024-01-25"},{"lineNumber":65,"author":{"gitId":"Jawad280"},"content":"","lastModifiedDate":"2024-01-25"},{"lineNumber":66,"author":{"gitId":"Jawad280"},"content":"                            System.out.println(divider);","lastModifiedDate":"2024-01-25"},{"lineNumber":67,"author":{"gitId":"Jawad280"},"content":"                            System.out.println(\"    Nice! I\u0027ve marked this task as done: \");","lastModifiedDate":"2024-01-25"},{"lineNumber":68,"author":{"gitId":"Jawad280"},"content":"                            curr.taskPrinter(index);","lastModifiedDate":"2024-01-25"},{"lineNumber":69,"author":{"gitId":"Jawad280"},"content":"                            System.out.println(divider);","lastModifiedDate":"2024-01-25"},{"lineNumber":70,"author":{"gitId":"Jawad280"},"content":"                        } else {","lastModifiedDate":"2024-01-25"},{"lineNumber":71,"author":{"gitId":"Jawad280"},"content":"                            throw new TobiasException(\"    Invalid number provided! Please give a valid index from 1 to \" + size +\" !!\");","lastModifiedDate":"2024-01-25"},{"lineNumber":72,"author":{"gitId":"Jawad280"},"content":"                        }","lastModifiedDate":"2024-01-25"},{"lineNumber":73,"author":{"gitId":"Jawad280"},"content":"                    } catch (TobiasException e) {","lastModifiedDate":"2024-01-25"},{"lineNumber":74,"author":{"gitId":"Jawad280"},"content":"                        e.printMessage();","lastModifiedDate":"2024-01-25"},{"lineNumber":75,"author":{"gitId":"Jawad280"},"content":"                    }","lastModifiedDate":"2024-01-25"},{"lineNumber":76,"author":{"gitId":"Jawad280"},"content":"                }","lastModifiedDate":"2024-01-25"},{"lineNumber":77,"author":{"gitId":"Jawad280"},"content":"                else if (command.startsWith(\"unmark\")) {","lastModifiedDate":"2024-01-25"},{"lineNumber":78,"author":{"gitId":"Jawad280"},"content":"                    try {","lastModifiedDate":"2024-01-25"},{"lineNumber":79,"author":{"gitId":"Jawad280"},"content":"                        int size \u003d tasks.size();","lastModifiedDate":"2024-01-25"},{"lineNumber":80,"author":{"gitId":"Jawad280"},"content":"","lastModifiedDate":"2024-01-25"},{"lineNumber":81,"author":{"gitId":"Jawad280"},"content":"                        if (command.equals(\"unmark\")) {","lastModifiedDate":"2024-01-25"},{"lineNumber":82,"author":{"gitId":"Jawad280"},"content":"                            if (size \u003d\u003d 0) {","lastModifiedDate":"2024-01-25"},{"lineNumber":83,"author":{"gitId":"Jawad280"},"content":"                                throw new TobiasException(\"    Your list is empty at the moment, add some todos/events/deadlines to UNMARK them!\");","lastModifiedDate":"2024-01-25"},{"lineNumber":84,"author":{"gitId":"Jawad280"},"content":"                            } else {","lastModifiedDate":"2024-01-25"},{"lineNumber":85,"author":{"gitId":"Jawad280"},"content":"                                throw new TobiasException(\"    No index provided! Please give a valid index from 1 to \" + size +\" !!\");","lastModifiedDate":"2024-01-25"},{"lineNumber":86,"author":{"gitId":"Jawad280"},"content":"                            }","lastModifiedDate":"2024-01-25"},{"lineNumber":87,"author":{"gitId":"Jawad280"},"content":"                        }","lastModifiedDate":"2024-01-25"},{"lineNumber":88,"author":{"gitId":"Jawad280"},"content":"","lastModifiedDate":"2024-01-25"},{"lineNumber":89,"author":{"gitId":"Jawad280"},"content":"                        int index \u003d Integer.parseInt(command.substring(7)) - 1;","lastModifiedDate":"2024-01-25"},{"lineNumber":90,"author":{"gitId":"Jawad280"},"content":"","lastModifiedDate":"2024-01-25"},{"lineNumber":91,"author":{"gitId":"Jawad280"},"content":"                        if (index \u003e\u003d 0 \u0026\u0026 index \u003c tasks.size()) {","lastModifiedDate":"2024-01-25"},{"lineNumber":92,"author":{"gitId":"Jawad280"},"content":"                            Task curr \u003d tasks.get(index);","lastModifiedDate":"2024-01-25"},{"lineNumber":93,"author":{"gitId":"Jawad280"},"content":"                            curr.markAsUndone();","lastModifiedDate":"2024-01-25"},{"lineNumber":94,"author":{"gitId":"Jawad280"},"content":"","lastModifiedDate":"2024-01-25"},{"lineNumber":95,"author":{"gitId":"Jawad280"},"content":"                            System.out.println(divider);","lastModifiedDate":"2024-01-25"},{"lineNumber":96,"author":{"gitId":"Jawad280"},"content":"                            System.out.println(\"    OK, I\u0027ve marked this task as not done : \");","lastModifiedDate":"2024-01-25"},{"lineNumber":97,"author":{"gitId":"Jawad280"},"content":"                            curr.taskPrinter(index);","lastModifiedDate":"2024-01-25"},{"lineNumber":98,"author":{"gitId":"Jawad280"},"content":"                            System.out.println(divider);","lastModifiedDate":"2024-01-25"},{"lineNumber":99,"author":{"gitId":"Jawad280"},"content":"                        } else {","lastModifiedDate":"2024-01-25"},{"lineNumber":100,"author":{"gitId":"Jawad280"},"content":"                            throw new TobiasException(\"    Invalid number provided! Please give a valid index from 1 to \" + size +\" !!\");","lastModifiedDate":"2024-01-25"},{"lineNumber":101,"author":{"gitId":"Jawad280"},"content":"                        }","lastModifiedDate":"2024-01-25"},{"lineNumber":102,"author":{"gitId":"Jawad280"},"content":"                    } catch (TobiasException e) {","lastModifiedDate":"2024-01-25"},{"lineNumber":103,"author":{"gitId":"Jawad280"},"content":"                        e.printMessage();","lastModifiedDate":"2024-01-25"},{"lineNumber":104,"author":{"gitId":"Jawad280"},"content":"                    }","lastModifiedDate":"2024-01-25"},{"lineNumber":105,"author":{"gitId":"Jawad280"},"content":"                }","lastModifiedDate":"2024-01-25"},{"lineNumber":106,"author":{"gitId":"Jawad280"},"content":"                else if (command.startsWith(\"delete\")) {","lastModifiedDate":"2024-01-25"},{"lineNumber":107,"author":{"gitId":"Jawad280"},"content":"                    try {","lastModifiedDate":"2024-01-25"},{"lineNumber":108,"author":{"gitId":"Jawad280"},"content":"                        int size \u003d tasks.size();","lastModifiedDate":"2024-01-25"},{"lineNumber":109,"author":{"gitId":"Jawad280"},"content":"","lastModifiedDate":"2024-01-25"},{"lineNumber":110,"author":{"gitId":"Jawad280"},"content":"                        if (command.equals(\"delete\")) {","lastModifiedDate":"2024-01-25"},{"lineNumber":111,"author":{"gitId":"Jawad280"},"content":"                            if (size \u003d\u003d 0) {","lastModifiedDate":"2024-01-25"},{"lineNumber":112,"author":{"gitId":"Jawad280"},"content":"                                throw new TobiasException(\"    Your list is empty at the moment, add some todos/events/deadlines to DELETE them!\");","lastModifiedDate":"2024-01-25"},{"lineNumber":113,"author":{"gitId":"Jawad280"},"content":"                            } else {","lastModifiedDate":"2024-01-25"},{"lineNumber":114,"author":{"gitId":"Jawad280"},"content":"                                throw new TobiasException(\"    No index provided! Please give a valid index from 1 to \" + size +\" !!\");","lastModifiedDate":"2024-01-25"},{"lineNumber":115,"author":{"gitId":"Jawad280"},"content":"                            }","lastModifiedDate":"2024-01-25"},{"lineNumber":116,"author":{"gitId":"Jawad280"},"content":"                        }","lastModifiedDate":"2024-01-25"},{"lineNumber":117,"author":{"gitId":"Jawad280"},"content":"","lastModifiedDate":"2024-01-25"},{"lineNumber":118,"author":{"gitId":"Jawad280"},"content":"                        int index \u003d Integer.parseInt(command.substring(7)) - 1;","lastModifiedDate":"2024-01-25"},{"lineNumber":119,"author":{"gitId":"-"},"content":"                        if (index \u003e\u003d 0 \u0026\u0026 index \u003c tasks.size()) {","lastModifiedDate":"2024-01-25"},{"lineNumber":120,"author":{"gitId":"Jawad280"},"content":"                            Task curr \u003d tasks.get(index);","lastModifiedDate":"2024-01-25"},{"lineNumber":121,"author":{"gitId":"Jawad280"},"content":"                            tasks.remove(index);","lastModifiedDate":"2024-01-25"},{"lineNumber":122,"author":{"gitId":"Jawad280"},"content":"","lastModifiedDate":"2024-01-25"},{"lineNumber":123,"author":{"gitId":"Jawad280"},"content":"                            System.out.println(divider);","lastModifiedDate":"2024-01-25"},{"lineNumber":124,"author":{"gitId":"Jawad280"},"content":"                            System.out.println(\"    Noted, I\u0027ve removed this task: \");","lastModifiedDate":"2024-01-25"},{"lineNumber":125,"author":{"gitId":"Jawad280"},"content":"                            curr.taskPrinter();","lastModifiedDate":"2024-01-25"},{"lineNumber":126,"author":{"gitId":"Jawad280"},"content":"                            System.out.println(divider);","lastModifiedDate":"2024-01-25"},{"lineNumber":127,"author":{"gitId":"Jawad280"},"content":"                        } else {","lastModifiedDate":"2024-01-25"},{"lineNumber":128,"author":{"gitId":"Jawad280"},"content":"                            throw new TobiasException(\"    Invalid number provided! Please give a valid index from 1 to \" + size +\" !!\");","lastModifiedDate":"2024-01-25"},{"lineNumber":129,"author":{"gitId":"Jawad280"},"content":"                        }","lastModifiedDate":"2024-01-25"},{"lineNumber":130,"author":{"gitId":"Jawad280"},"content":"                    }   catch (TobiasException e) {","lastModifiedDate":"2024-01-25"},{"lineNumber":131,"author":{"gitId":"Jawad280"},"content":"                        e.printMessage();","lastModifiedDate":"2024-01-25"},{"lineNumber":132,"author":{"gitId":"Jawad280"},"content":"                    }","lastModifiedDate":"2024-01-25"},{"lineNumber":133,"author":{"gitId":"Jawad280"},"content":"                }","lastModifiedDate":"2024-01-25"},{"lineNumber":134,"author":{"gitId":"Jawad280"},"content":"                else if (command.startsWith(\"todo\")) {","lastModifiedDate":"2024-01-25"},{"lineNumber":135,"author":{"gitId":"Jawad280"},"content":"                    try {","lastModifiedDate":"2024-01-25"},{"lineNumber":136,"author":{"gitId":"Jawad280"},"content":"                        if (command.equals(\"todo\")) {","lastModifiedDate":"2024-01-25"},{"lineNumber":137,"author":{"gitId":"Jawad280"},"content":"                            throw new TobiasException(\"    Hey, please enter a description !\");","lastModifiedDate":"2024-01-25"},{"lineNumber":138,"author":{"gitId":"Jawad280"},"content":"                        }","lastModifiedDate":"2024-01-25"},{"lineNumber":139,"author":{"gitId":"Jawad280"},"content":"                        String description \u003d command.substring(4);","lastModifiedDate":"2024-01-25"},{"lineNumber":140,"author":{"gitId":"Jawad280"},"content":"","lastModifiedDate":"2024-01-25"},{"lineNumber":141,"author":{"gitId":"Jawad280"},"content":"                        Task newTask \u003d new ToDo(description);","lastModifiedDate":"2024-01-25"},{"lineNumber":142,"author":{"gitId":"Jawad280"},"content":"                        tasks.add(newTask);","lastModifiedDate":"2024-01-25"},{"lineNumber":143,"author":{"gitId":"Jawad280"},"content":"","lastModifiedDate":"2024-01-25"},{"lineNumber":144,"author":{"gitId":"Jawad280"},"content":"                        addedTaskPrinter(newTask, tasks.size(), divider);","lastModifiedDate":"2024-01-25"},{"lineNumber":145,"author":{"gitId":"Jawad280"},"content":"                    } catch(TobiasException e) {","lastModifiedDate":"2024-01-25"},{"lineNumber":146,"author":{"gitId":"Jawad280"},"content":"                        e.printMessage();","lastModifiedDate":"2024-01-25"},{"lineNumber":147,"author":{"gitId":"Jawad280"},"content":"                    }","lastModifiedDate":"2024-01-25"},{"lineNumber":148,"author":{"gitId":"Jawad280"},"content":"                }","lastModifiedDate":"2024-01-25"},{"lineNumber":149,"author":{"gitId":"Jawad280"},"content":"                else if (command.startsWith(\"deadline\")) {","lastModifiedDate":"2024-01-25"},{"lineNumber":150,"author":{"gitId":"Jawad280"},"content":"                    try {","lastModifiedDate":"2024-01-25"},{"lineNumber":151,"author":{"gitId":"Jawad280"},"content":"                        if (command.equals(\"deadline\")) {","lastModifiedDate":"2024-01-25"},{"lineNumber":152,"author":{"gitId":"Jawad280"},"content":"                            throw new TobiasException(\"    Hey, please enter a description !\");","lastModifiedDate":"2024-01-25"},{"lineNumber":153,"author":{"gitId":"Jawad280"},"content":"                        }","lastModifiedDate":"2024-01-25"},{"lineNumber":154,"author":{"gitId":"Jawad280"},"content":"","lastModifiedDate":"2024-01-25"},{"lineNumber":155,"author":{"gitId":"Jawad280"},"content":"                        int byIndex \u003d command.indexOf(\"/by\");","lastModifiedDate":"2024-01-25"},{"lineNumber":156,"author":{"gitId":"Jawad280"},"content":"","lastModifiedDate":"2024-01-25"},{"lineNumber":157,"author":{"gitId":"Jawad280"},"content":"                        if (byIndex \u003d\u003d -1) {","lastModifiedDate":"2024-01-25"},{"lineNumber":158,"author":{"gitId":"Jawad280"},"content":"                            throw new TobiasException(\"    Hey, please use \u0027/by\u0027 to specify the deadline!!\");","lastModifiedDate":"2024-01-25"},{"lineNumber":159,"author":{"gitId":"Jawad280"},"content":"                        }","lastModifiedDate":"2024-01-25"},{"lineNumber":160,"author":{"gitId":"Jawad280"},"content":"","lastModifiedDate":"2024-01-25"},{"lineNumber":161,"author":{"gitId":"Jawad280"},"content":"                        String description \u003d command.substring(9, byIndex);","lastModifiedDate":"2024-01-25"},{"lineNumber":162,"author":{"gitId":"Jawad280"},"content":"","lastModifiedDate":"2024-01-25"},{"lineNumber":163,"author":{"gitId":"Jawad280"},"content":"                        int deadlineIndex \u003d byIndex+4;","lastModifiedDate":"2024-01-25"},{"lineNumber":164,"author":{"gitId":"Jawad280"},"content":"","lastModifiedDate":"2024-01-25"},{"lineNumber":165,"author":{"gitId":"Jawad280"},"content":"                        if (deadlineIndex \u003e command.length()) {","lastModifiedDate":"2024-01-25"},{"lineNumber":166,"author":{"gitId":"Jawad280"},"content":"                            throw new TobiasException(\"     Hey, please enter a date/time !\");","lastModifiedDate":"2024-01-25"},{"lineNumber":167,"author":{"gitId":"Jawad280"},"content":"                        }","lastModifiedDate":"2024-01-25"},{"lineNumber":168,"author":{"gitId":"Jawad280"},"content":"","lastModifiedDate":"2024-01-25"},{"lineNumber":169,"author":{"gitId":"Jawad280"},"content":"                        String deadline \u003d command.substring(byIndex + 4);","lastModifiedDate":"2024-01-25"},{"lineNumber":170,"author":{"gitId":"Jawad280"},"content":"","lastModifiedDate":"2024-01-25"},{"lineNumber":171,"author":{"gitId":"Jawad280"},"content":"                        if (deadline.isEmpty() || deadline.isBlank()) {","lastModifiedDate":"2024-01-25"},{"lineNumber":172,"author":{"gitId":"Jawad280"},"content":"                            throw new TobiasException(\"     Hey, please enter a date/time !\");","lastModifiedDate":"2024-01-25"},{"lineNumber":173,"author":{"gitId":"Jawad280"},"content":"                        }","lastModifiedDate":"2024-01-25"},{"lineNumber":174,"author":{"gitId":"Jawad280"},"content":"","lastModifiedDate":"2024-01-25"},{"lineNumber":175,"author":{"gitId":"Jawad280"},"content":"                        Task newTask \u003d new Deadline(description, deadline);","lastModifiedDate":"2024-01-25"},{"lineNumber":176,"author":{"gitId":"Jawad280"},"content":"                        tasks.add(newTask);","lastModifiedDate":"2024-01-25"},{"lineNumber":177,"author":{"gitId":"Jawad280"},"content":"","lastModifiedDate":"2024-01-25"},{"lineNumber":178,"author":{"gitId":"Jawad280"},"content":"                        addedTaskPrinter(newTask, tasks.size(), divider);","lastModifiedDate":"2024-01-25"},{"lineNumber":179,"author":{"gitId":"Jawad280"},"content":"                    } catch (TobiasException e) {","lastModifiedDate":"2024-01-25"},{"lineNumber":180,"author":{"gitId":"Jawad280"},"content":"                        e.printMessage();","lastModifiedDate":"2024-01-25"},{"lineNumber":181,"author":{"gitId":"Jawad280"},"content":"                    }","lastModifiedDate":"2024-01-25"},{"lineNumber":182,"author":{"gitId":"Jawad280"},"content":"","lastModifiedDate":"2024-01-25"},{"lineNumber":183,"author":{"gitId":"Jawad280"},"content":"                }","lastModifiedDate":"2024-01-25"},{"lineNumber":184,"author":{"gitId":"Jawad280"},"content":"                else if (command.startsWith(\"event\")) {","lastModifiedDate":"2024-01-25"},{"lineNumber":185,"author":{"gitId":"Jawad280"},"content":"                    try {","lastModifiedDate":"2024-01-25"},{"lineNumber":186,"author":{"gitId":"Jawad280"},"content":"","lastModifiedDate":"2024-01-25"},{"lineNumber":187,"author":{"gitId":"Jawad280"},"content":"                        if (command.equals(\"event\")) {","lastModifiedDate":"2024-01-25"},{"lineNumber":188,"author":{"gitId":"Jawad280"},"content":"                            throw new TobiasException(\"     Hey, please enter a description !\");","lastModifiedDate":"2024-01-25"},{"lineNumber":189,"author":{"gitId":"Jawad280"},"content":"                        }","lastModifiedDate":"2024-01-25"},{"lineNumber":190,"author":{"gitId":"Jawad280"},"content":"","lastModifiedDate":"2024-01-25"},{"lineNumber":191,"author":{"gitId":"Jawad280"},"content":"                        int fromIndex \u003d command.indexOf(\"/from\");","lastModifiedDate":"2024-01-25"},{"lineNumber":192,"author":{"gitId":"Jawad280"},"content":"                        int toIndex \u003d command.indexOf(\"/to\");","lastModifiedDate":"2024-01-25"},{"lineNumber":193,"author":{"gitId":"Jawad280"},"content":"","lastModifiedDate":"2024-01-25"},{"lineNumber":194,"author":{"gitId":"Jawad280"},"content":"                        if (fromIndex \u003d\u003d -1 \u0026\u0026 toIndex \u003d\u003d -1) {","lastModifiedDate":"2024-01-25"},{"lineNumber":195,"author":{"gitId":"Jawad280"},"content":"                            throw new TobiasException(\"     Hey, please enter a /from and /to date/day/time!!\");","lastModifiedDate":"2024-01-25"},{"lineNumber":196,"author":{"gitId":"Jawad280"},"content":"                        }","lastModifiedDate":"2024-01-25"},{"lineNumber":197,"author":{"gitId":"Jawad280"},"content":"","lastModifiedDate":"2024-01-25"},{"lineNumber":198,"author":{"gitId":"Jawad280"},"content":"                        if (fromIndex \u003d\u003d -1) {","lastModifiedDate":"2024-01-25"},{"lineNumber":199,"author":{"gitId":"Jawad280"},"content":"                            throw new TobiasException(\"     Hey, please enter a /from date/day/time!!\");","lastModifiedDate":"2024-01-25"},{"lineNumber":200,"author":{"gitId":"Jawad280"},"content":"                        }","lastModifiedDate":"2024-01-25"},{"lineNumber":201,"author":{"gitId":"Jawad280"},"content":"","lastModifiedDate":"2024-01-25"},{"lineNumber":202,"author":{"gitId":"Jawad280"},"content":"                        if (toIndex \u003d\u003d -1) {","lastModifiedDate":"2024-01-25"},{"lineNumber":203,"author":{"gitId":"Jawad280"},"content":"                            throw new TobiasException(\"     Hey, please enter a /to date/day/time!!\");","lastModifiedDate":"2024-01-25"},{"lineNumber":204,"author":{"gitId":"Jawad280"},"content":"                        }","lastModifiedDate":"2024-01-25"},{"lineNumber":205,"author":{"gitId":"Jawad280"},"content":"","lastModifiedDate":"2024-01-25"},{"lineNumber":206,"author":{"gitId":"Jawad280"},"content":"                        if (fromIndex \u003e toIndex \u0026\u0026 toIndex \u003e 0) {","lastModifiedDate":"2024-01-25"},{"lineNumber":207,"author":{"gitId":"Jawad280"},"content":"                            throw new TobiasException(\"     Hey, you have to enter /from before /to !!\");","lastModifiedDate":"2024-01-25"},{"lineNumber":208,"author":{"gitId":"Jawad280"},"content":"                        }","lastModifiedDate":"2024-01-25"},{"lineNumber":209,"author":{"gitId":"Jawad280"},"content":"","lastModifiedDate":"2024-01-25"},{"lineNumber":210,"author":{"gitId":"Jawad280"},"content":"                        String from \u003d command.substring(fromIndex + 6, toIndex);","lastModifiedDate":"2024-01-25"},{"lineNumber":211,"author":{"gitId":"Jawad280"},"content":"","lastModifiedDate":"2024-01-25"},{"lineNumber":212,"author":{"gitId":"Jawad280"},"content":"                        if (from.isEmpty() || from.isBlank()) {","lastModifiedDate":"2024-01-25"},{"lineNumber":213,"author":{"gitId":"Jawad280"},"content":"                            throw new TobiasException(\"     Hey, please enter a /from date/day/time!!\");","lastModifiedDate":"2024-01-25"},{"lineNumber":214,"author":{"gitId":"Jawad280"},"content":"                        }","lastModifiedDate":"2024-01-25"},{"lineNumber":215,"author":{"gitId":"Jawad280"},"content":"","lastModifiedDate":"2024-01-25"},{"lineNumber":216,"author":{"gitId":"Jawad280"},"content":"                        if ((toIndex + 4) \u003e command.length()) {","lastModifiedDate":"2024-01-25"},{"lineNumber":217,"author":{"gitId":"Jawad280"},"content":"                            throw new TobiasException(\"     Hey, please enter a /to date/day/time!!\");","lastModifiedDate":"2024-01-25"},{"lineNumber":218,"author":{"gitId":"Jawad280"},"content":"                        }","lastModifiedDate":"2024-01-25"},{"lineNumber":219,"author":{"gitId":"Jawad280"},"content":"","lastModifiedDate":"2024-01-25"},{"lineNumber":220,"author":{"gitId":"Jawad280"},"content":"                        String to \u003d command.substring(toIndex + 4);","lastModifiedDate":"2024-01-25"},{"lineNumber":221,"author":{"gitId":"Jawad280"},"content":"","lastModifiedDate":"2024-01-25"},{"lineNumber":222,"author":{"gitId":"Jawad280"},"content":"                        if (to.isEmpty() || to.isBlank()) {","lastModifiedDate":"2024-01-25"},{"lineNumber":223,"author":{"gitId":"Jawad280"},"content":"                            throw new TobiasException(\"     Hey, please enter a /to date/day/time!!\");","lastModifiedDate":"2024-01-25"},{"lineNumber":224,"author":{"gitId":"Jawad280"},"content":"                        }","lastModifiedDate":"2024-01-25"},{"lineNumber":225,"author":{"gitId":"Jawad280"},"content":"","lastModifiedDate":"2024-01-25"},{"lineNumber":226,"author":{"gitId":"Jawad280"},"content":"                        String description \u003d command.substring(6, fromIndex);","lastModifiedDate":"2024-01-25"},{"lineNumber":227,"author":{"gitId":"Jawad280"},"content":"","lastModifiedDate":"2024-01-25"},{"lineNumber":228,"author":{"gitId":"Jawad280"},"content":"                        Task newTask \u003d new Event(description, from, to);","lastModifiedDate":"2024-01-25"},{"lineNumber":229,"author":{"gitId":"Jawad280"},"content":"                        tasks.add(newTask);","lastModifiedDate":"2024-01-25"},{"lineNumber":230,"author":{"gitId":"Jawad280"},"content":"","lastModifiedDate":"2024-01-25"},{"lineNumber":231,"author":{"gitId":"Jawad280"},"content":"                        addedTaskPrinter(newTask, tasks.size(), divider);","lastModifiedDate":"2024-01-25"},{"lineNumber":232,"author":{"gitId":"Jawad280"},"content":"                    } catch (TobiasException e) {","lastModifiedDate":"2024-01-25"},{"lineNumber":233,"author":{"gitId":"Jawad280"},"content":"                        e.printMessage();","lastModifiedDate":"2024-01-25"},{"lineNumber":234,"author":{"gitId":"Jawad280"},"content":"                    }","lastModifiedDate":"2024-01-25"},{"lineNumber":235,"author":{"gitId":"Jawad280"},"content":"","lastModifiedDate":"2024-01-25"},{"lineNumber":236,"author":{"gitId":"Jawad280"},"content":"                }","lastModifiedDate":"2024-01-25"},{"lineNumber":237,"author":{"gitId":"Jawad280"},"content":"                else {","lastModifiedDate":"2024-01-25"},{"lineNumber":238,"author":{"gitId":"Jawad280"},"content":"                    throw new TobiasException(\"    You have said something I cannot yet understand !!!\\n\" +","lastModifiedDate":"2024-01-25"},{"lineNumber":239,"author":{"gitId":"Jawad280"},"content":"                            \"    You can ask me simple stuff like : \u0027bye\u0027, \u0027list\u0027, \u0027mark\u0027, \u0027unmark\u0027,\u0027delete\u0027\\n\" +","lastModifiedDate":"2024-01-25"},{"lineNumber":240,"author":{"gitId":"Jawad280"},"content":"                            \"    You can ask me to create these   : \u0027todo\u0027, \u0027deadline\u0027, \u0027event\u0027\");","lastModifiedDate":"2024-01-25"},{"lineNumber":241,"author":{"gitId":"Jawad280"},"content":"                }","lastModifiedDate":"2024-01-25"},{"lineNumber":242,"author":{"gitId":"Jawad280"},"content":"            } catch (TobiasException e) {","lastModifiedDate":"2024-01-25"},{"lineNumber":243,"author":{"gitId":"Jawad280"},"content":"                e.printMessage();","lastModifiedDate":"2024-01-25"},{"lineNumber":244,"author":{"gitId":"Jawad280"},"content":"            }","lastModifiedDate":"2024-01-25"},{"lineNumber":245,"author":{"gitId":"Jawad280"},"content":"        }","lastModifiedDate":"2024-01-25"},{"lineNumber":246,"author":{"gitId":"Jawad280"},"content":"","lastModifiedDate":"2024-01-25"},{"lineNumber":247,"author":{"gitId":"Jawad280"},"content":"","lastModifiedDate":"2024-01-25"},{"lineNumber":248,"author":{"gitId":"Jawad280"},"content":"    }","lastModifiedDate":"2024-01-25"},{"lineNumber":249,"author":{"gitId":"Jawad280"},"content":"","lastModifiedDate":"2024-01-25"},{"lineNumber":250,"author":{"gitId":"Jawad280"},"content":"    public static void introPrinter(String botName, String divider) {","lastModifiedDate":"2024-01-25"},{"lineNumber":251,"author":{"gitId":"Jawad280"},"content":"        System.out.println(divider);","lastModifiedDate":"2024-01-25"},{"lineNumber":252,"author":{"gitId":"Jawad280"},"content":"        System.out.println(\"   Hello there! I\u0027m \" + botName);","lastModifiedDate":"2024-01-25"},{"lineNumber":253,"author":{"gitId":"Jawad280"},"content":"        System.out.println(\"   What can I do for you today ?\");","lastModifiedDate":"2024-01-25"},{"lineNumber":254,"author":{"gitId":"Jawad280"},"content":"        System.out.println(divider);","lastModifiedDate":"2024-01-25"},{"lineNumber":255,"author":{"gitId":"Jawad280"},"content":"    }","lastModifiedDate":"2024-01-25"},{"lineNumber":256,"author":{"gitId":"Jawad280"},"content":"","lastModifiedDate":"2024-01-25"},{"lineNumber":257,"author":{"gitId":"Jawad280"},"content":"    public static void main(String[] args) {","lastModifiedDate":"2024-01-25"},{"lineNumber":258,"author":{"gitId":"Jawad280"},"content":"        String botName \u003d \"TOBIAS\";","lastModifiedDate":"2024-01-25"},{"lineNumber":259,"author":{"gitId":"Jawad280"},"content":"        String divider \u003d \"  ---------------------------------------------------------------------------------------\";","lastModifiedDate":"2024-01-25"},{"lineNumber":260,"author":{"gitId":"Jawad280"},"content":"        introPrinter(botName, divider);","lastModifiedDate":"2024-01-25"},{"lineNumber":261,"author":{"gitId":"Jawad280"},"content":"        commandHandler(divider);","lastModifiedDate":"2024-01-25"},{"lineNumber":262,"author":{"gitId":"Jawad280"},"content":"    }","lastModifiedDate":"2024-01-25"},{"lineNumber":263,"author":{"gitId":"Jawad280"},"content":"}","lastModifiedDate":"2024-01-25"}],"authorContributionMap":{"Jawad280":262,"-":1}},{"path":"src/main/java/TobiasException.java","fileType":"java","lines":[{"lineNumber":1,"author":{"gitId":"Jawad280"},"content":"public class TobiasException extends Exception {","lastModifiedDate":"2024-01-25"},{"lineNumber":2,"author":{"gitId":"Jawad280"},"content":"    public TobiasException(String message) {","lastModifiedDate":"2024-01-25"},{"lineNumber":3,"author":{"gitId":"Jawad280"},"content":"        super(message);","lastModifiedDate":"2024-01-25"},{"lineNumber":4,"author":{"gitId":"Jawad280"},"content":"    }","lastModifiedDate":"2024-01-25"},{"lineNumber":5,"author":{"gitId":"Jawad280"},"content":"","lastModifiedDate":"2024-01-25"},{"lineNumber":6,"author":{"gitId":"Jawad280"},"content":"    public void printMessage() {","lastModifiedDate":"2024-01-25"},{"lineNumber":7,"author":{"gitId":"Jawad280"},"content":"        String divider \u003d \"  \u003d\u003d\u003d\u003d\u003d\u003d\u003d\u003d\u003d\u003d\u003d\u003d\u003d\u003d\u003d\u003d\u003d\u003d\u003d\u003d\u003d\u003d\u003d\u003d\u003d\u003d\u003d\u003d\u003d\u003d\u003d\u003d\u003d\u003d\u003d\u003d\u003d\u003d\u003d\u003d\u003d\u003d\u003d\u003d\u003d\u003d\u003d\u003d\u003d\u003d\u003d\u003d\u003d\u003d\u003d\u003d\u003d\u003d\u003d\u003d\u003d\u003d\u003d\u003d\u003d\u003d\u003d\u003d\u003d\u003d\u003d\u003d\u003d\u003d\u003d\u003d\u003d\u003d\u003d\u003d\u003d\u003d\u003d\u003d\u003d\u003d\u003d\";","lastModifiedDate":"2024-01-25"},{"lineNumber":8,"author":{"gitId":"Jawad280"},"content":"        System.out.println(divider);","lastModifiedDate":"2024-01-25"},{"lineNumber":9,"author":{"gitId":"Jawad280"},"content":"        System.out.println(getMessage());","lastModifiedDate":"2024-01-25"},{"lineNumber":10,"author":{"gitId":"Jawad280"},"content":"        System.out.println(divider);","lastModifiedDate":"2024-01-25"},{"lineNumber":11,"author":{"gitId":"Jawad280"},"content":"    }","lastModifiedDate":"2024-01-25"},{"lineNumber":12,"author":{"gitId":"Jawad280"},"content":"}","lastModifiedDate":"2024-01-25"}],"authorContributionMap":{"Jawad280":12}}]
