{"authorDailyContributionsMap":{"chiralcentre":[{"date":"2024-01-21","commitResults":[{"hash":"709ae225c25cd22fd2561fcf9c2173124edf67c2","isMergeCommit":false,"messageTitle":"Finished level-0","messageBody":"","tags":["Level-0"],"fileTypesAndContributionMap":{"java":{"insertions":19,"deletions":0}}}]},{"date":"2024-01-23","commitResults":[{"hash":"957af52a8034ae9cf560b8351d4a2eaedb6a3d11","isMergeCommit":false,"messageTitle":"level-1","messageBody":"","tags":["Level-1"],"fileTypesAndContributionMap":{"java":{"insertions":15,"deletions":2}}},{"hash":"28cdf3e807e4c86dd8549f1282eb98af01399153","isMergeCommit":false,"messageTitle":"Added TaskList, Task classes","messageBody":"","tags":["Level-2"],"fileTypesAndContributionMap":{"java":{"insertions":51,"deletions":8}}},{"hash":"a898b5a7d713125b8eb961cc1dad33f18dedf6a8","isMergeCommit":false,"messageTitle":"Implemented ability to mark and unmark tasks as done","messageBody":"","tags":["Level-3"],"fileTypesAndContributionMap":{"java":{"insertions":33,"deletions":8}}},{"hash":"a9d84b35a0df72c6892673ca8dd88a27cd43dfa9","isMergeCommit":false,"messageTitle":"Added support for tracking ToDos, Deadlines and Events","messageBody":"","tags":["Level-4"],"fileTypesAndContributionMap":{"java":{"insertions":69,"deletions":4}}}]},{"date":"2024-01-24","commitResults":[{"hash":"5ee93e59c9aa9fc7444f6999e6c7441c21a39c9a","isMergeCommit":false,"messageTitle":"performed testing with I/O redirection","messageBody":"","tags":["A-TextUiTesting"],"fileTypesAndContributionMap":{"txt":{"insertions":12,"deletions":0}}}]},{"date":"2024-01-25","commitResults":[{"hash":"c0196fa46ce9bec0b64f07b5e36465d8031023c5","isMergeCommit":false,"messageTitle":"Added exception handling and enum for the different command types","messageBody":"","tags":["Level-5"],"fileTypesAndContributionMap":{"java":{"insertions":134,"deletions":44}}},{"hash":"74f0775f38f0b67edafb73d46260777a22282369","isMergeCommit":false,"messageTitle":"Implemented deletion of tasks, and updated enums accordingly","messageBody":"","tags":["Level-6","A-Enums"],"fileTypesAndContributionMap":{"java":{"insertions":25,"deletions":2}}}]},{"date":"2024-02-01","commitResults":[{"hash":"7fbeb3ac4cadcb0ba0bf642121a9902b92047425","isMergeCommit":false,"messageTitle":"Add support for saving tasks to hard disk, add support for generating tasks from lines in saved file","messageBody":"","fileTypesAndContributionMap":{"txt":{"insertions":4,"deletions":0},"java":{"insertions":116,"deletions":9}}},{"hash":"914b221a4a73b47584c3bf0b9f2e66de56550ff0","isMergeCommit":true,"messageTitle":"Merge branch \u0027branch-level-7\u0027","messageBody":"","tags":["Level-7"],"fileTypesAndContributionMap":{}},{"hash":"116f3de9175177caa5990a05381d9b52d66f4fc2","isMergeCommit":false,"messageTitle":"Rename chatbot to Felix","messageBody":"","fileTypesAndContributionMap":{"java":{"insertions":47,"deletions":46},"sh":{"insertions":1,"deletions":1}}},{"hash":"7b22bdf4f96b77b8939acafbeeb0eebbdb190b69","isMergeCommit":false,"messageTitle":"change string formatting bugs in Event.java and Deadline.java","messageBody":"","fileTypesAndContributionMap":{"txt":{"insertions":5,"deletions":2},"java":{"insertions":2,"deletions":2}}},{"hash":"a46c3942415ea4ac9dcb17f124a4be877d8d2369","isMergeCommit":false,"messageTitle":"update logo in Felix.java","messageBody":"","fileTypesAndContributionMap":{"java":{"insertions":7,"deletions":5}}},{"hash":"dce22ac3276ca1ce54f18edce0ef59bfc8f1836c","isMergeCommit":false,"messageTitle":"Implement parsing of strings into LocalDateTime objects for Event and Deadline tasks","messageBody":"","fileTypesAndContributionMap":{"txt":{"insertions":6,"deletions":7},"java":{"insertions":30,"deletions":10}}},{"hash":"68572e0d1029032681faa69b8c50d9e72680d4c7","isMergeCommit":true,"messageTitle":"Merge branch \u0027branch-level-8\u0027","messageBody":"","tags":["Level-8"],"fileTypesAndContributionMap":{}}]},{"date":"2024-02-02","commitResults":[{"hash":"1e7d5c1427cf18532adeaf4ef29bdb76594b15db","isMergeCommit":false,"messageTitle":"Extract more classes which inherit from an abstract Command class, and remove CommandType enum","messageBody":"","fileTypesAndContributionMap":{"txt":{"insertions":4,"deletions":6},"java":{"insertions":250,"deletions":181}}},{"hash":"d27d8972fa6c9a5cd18807cc602141aa68c0b91e","isMergeCommit":true,"messageTitle":"Merge branch \u0027branch-A-MoreOOP\u0027","messageBody":"","tags":["A-MoreOOP"],"fileTypesAndContributionMap":{}},{"hash":"b88f2e214a2c27613bb15b6b06a152d5ca329b68","isMergeCommit":false,"messageTitle":"Divide classes into packages","messageBody":"","fileTypesAndContributionMap":{"txt":{"insertions":2,"deletions":2},"java":{"insertions":108,"deletions":14}}},{"hash":"3418edcbdd991c7c38f86f54becdd2898e996b4f","isMergeCommit":true,"messageTitle":"Merge branch \u0027branch-A-Packages\u0027","messageBody":"","tags":["A-Packages"],"fileTypesAndContributionMap":{}},{"hash":"e7f29fccfdb85485c8fee7e3fdc2a29b390d1eb5","isMergeCommit":true,"messageTitle":"Merge remote-tracking branch \u0027origin/add-gradle-support\u0027 into branch-A-Gradle","messageBody":"","fileTypesAndContributionMap":{}},{"hash":"e69c9156fee8d5d835d9ccea0710eb1602e9c6a0","isMergeCommit":false,"messageTitle":"Add checkstyle plugin and enableAssetions \u003d true to build.gradle","messageBody":"","fileTypesAndContributionMap":{"gradle":{"insertions":4,"deletions":2},"txt":{"insertions":2,"deletions":1}}},{"hash":"bb77474062db8f0cf217ba1739b935e1ad2c4bc9","isMergeCommit":true,"messageTitle":"Merge branch \u0027branch-A-Gradle\u0027","messageBody":"","tags":["A-Gradle"],"fileTypesAndContributionMap":{}},{"hash":"a37970d695190499a79dd50649ea20e9bcfd2825","isMergeCommit":false,"messageTitle":"Add JUnit tests for Event and Parser methods","messageBody":"","fileTypesAndContributionMap":{"java":{"insertions":126,"deletions":1}}},{"hash":"f7b65399f37783a71e6099ef40f592c53d020813","isMergeCommit":true,"messageTitle":"Merge branch \u0027branch-A-Junit\u0027","messageBody":"","tags":["A-Jar","A-JUnit"],"fileTypesAndContributionMap":{}},{"hash":"64f2e8a4eab6df1ed4639ef77a28ee018467ac5f","isMergeCommit":false,"messageTitle":"Add JavaDoc comments for classes in task and utils packages","messageBody":"","fileTypesAndContributionMap":{"java":{"insertions":110,"deletions":2}}},{"hash":"d6b39d7d541823f765c067b1b1737cd490cec924","isMergeCommit":true,"messageTitle":"Merge branch \u0027branch-A-JavaDoc\u0027","messageBody":"","tags":["A-JavaDoc"],"fileTypesAndContributionMap":{}},{"hash":"8bdd74cc44392428475800d2a67c76ec3e28e004","isMergeCommit":false,"messageTitle":"Refactor code in Parser and TaskList to conform to coding standard","messageBody":"","fileTypesAndContributionMap":{"java":{"insertions":40,"deletions":40}}},{"hash":"494a65ac02d3856b08be5fe3fd9d1d5f6135fb5f","isMergeCommit":true,"messageTitle":"Merge branch \u0027branch-A-CodingStandard\u0027","messageBody":"","tags":["A-CodingStandard"],"fileTypesAndContributionMap":{}},{"hash":"56d526c95fc3bcaf13fa3bfa6d076b85b35e2515","isMergeCommit":false,"messageTitle":"Implement search by keyword functionality to find all tasks with specified keyword in description","messageBody":"","fileTypesAndContributionMap":{"txt":{"insertions":2,"deletions":1},"java":{"insertions":48,"deletions":7}}},{"hash":"6f7f6463b2d6ac0ef44be8a27da4750e878a6dbf","isMergeCommit":true,"messageTitle":"Merge branch \u0027branch-Level-9\u0027","messageBody":"","tags":["Level-9"],"fileTypesAndContributionMap":{}}]},{"date":"2024-02-09","commitResults":[{"hash":"66b8227953b4ff2d122892dfaf66a69f161e9d7c","isMergeCommit":false,"messageTitle":"Add JavaDoc comments and other fixes after running checkstyle","messageBody":"","fileTypesAndContributionMap":{"gradle":{"insertions":5,"deletions":1},"java":{"insertions":191,"deletions":54}}},{"hash":"c2f319833214ffd2d4746c900c9e3fb61efdbc87","isMergeCommit":true,"messageTitle":"Merge branch \u0027A-CheckStyle\u0027","messageBody":"","tags":["A-CheckStyle"],"fileTypesAndContributionMap":{}}]}]},"authorFileTypeContributionMap":{"chiralcentre":{"java":990,"md":0,"fxml":0,"sh":1,"bat":0,"gradle":7,"txt":18}},"authorContributionVariance":{"chiralcentre":44114.832},"authorDisplayNameMap":{"chiralcentre":"CS2103T-W08-1 RYAN.. JIE"}}
