{"authorDailyContributionsMap":{"lokidoki102":[{"date":"2024-01-23","commitResults":[{"hash":"a4d75d55ff12bf41ad86e0efbf1bdcf1df7efb0c","isMergeCommit":false,"messageTitle":"Level 0. Rename, Greet, Exit","messageBody":"","tags":["Level-0"],"fileTypesAndContributionMap":{"java":{"insertions":13,"deletions":6}}},{"hash":"1efe95994b5bf053b513ce39af79a319d56915fc","isMergeCommit":false,"messageTitle":"Level-1: Echo","messageBody":"","tags":["Level-1"],"fileTypesAndContributionMap":{"java":{"insertions":45,"deletions":13}}},{"hash":"25f8044843e348e0ddae875ae15a5db7ba4edbb4","isMergeCommit":false,"messageTitle":"Level 2. Add, List","messageBody":"","tags":["Level-2"],"fileTypesAndContributionMap":{"java":{"insertions":8,"deletions":1}}},{"hash":"29e087c0dab1edb36fae7e7e0eebe8d482f7abdd","isMergeCommit":false,"messageTitle":"Level-3: Mark as Done","messageBody":"","tags":["Level-3"],"fileTypesAndContributionMap":{"java":{"insertions":43,"deletions":7}}},{"hash":"165069312efe468bd1879008fc1f7f844baa5cf4","isMergeCommit":false,"messageTitle":"Added enums for different command types","messageBody":"","tags":["A-Enums"],"fileTypesAndContributionMap":{"java":{"insertions":34,"deletions":12}}},{"hash":"c2da70d0f34cb6b948c00706bd3d3c5969e8d9f8","isMergeCommit":false,"messageTitle":"Added an output printer method","messageBody":"","fileTypesAndContributionMap":{"java":{"insertions":34,"deletions":40}}}]},{"date":"2024-01-24","commitResults":[{"hash":"ace29e9dc8106d96ef9e17c1a133402d314aef5d","isMergeCommit":false,"messageTitle":"Level-4: ToDo, Event, Deadline","messageBody":"","tags":["Level-4"],"fileTypesAndContributionMap":{"java":{"insertions":136,"deletions":25}}},{"hash":"67491459f0091d9aa02fc800d078991c60c42afb","isMergeCommit":false,"messageTitle":"Cleaned up codes","messageBody":"","fileTypesAndContributionMap":{"java":{"insertions":0,"deletions":24}}},{"hash":"d841517ced6289ce1fc660a406b96c7498dd657f","isMergeCommit":false,"messageTitle":"A-TextUiTesting: Automated Text UI Testing","messageBody":"","tags":["A-TextUiTesting"],"fileTypesAndContributionMap":{"txt":{"insertions":12,"deletions":0}}},{"hash":"a26185df548cbea2611213b2e00cb89d9020d812","isMergeCommit":false,"messageTitle":"Moved each command\u0027s logic to its own method","messageBody":"","fileTypesAndContributionMap":{"java":{"insertions":54,"deletions":30}}},{"hash":"47b53cc25f33bd8b279fd9a0306eb8e0dc585521","isMergeCommit":false,"messageTitle":"Added input validation for mark/unmark","messageBody":"","fileTypesAndContributionMap":{"java":{"insertions":32,"deletions":6}}},{"hash":"9371e9be8600ed4eb57a673c6fe7d2a789f90a3b","isMergeCommit":false,"messageTitle":"Added a checker for missing /by for deadline command","messageBody":"","fileTypesAndContributionMap":{"java":{"insertions":4,"deletions":0}}},{"hash":"b3660d896cc0aaeb54e658ddf9442030ff465f2b","isMergeCommit":false,"messageTitle":"Added checker for array length","messageBody":"","fileTypesAndContributionMap":{"java":{"insertions":13,"deletions":2}}}]},{"date":"2024-01-25","commitResults":[{"hash":"786c03627219614afb1debe0da5bab3df68d1cb9","isMergeCommit":false,"messageTitle":"Added a input format checker for event command","messageBody":"","fileTypesAndContributionMap":{"java":{"insertions":21,"deletions":5}}},{"hash":"f0f2246733f2e5da13ff1aaf454d90c9ce612b06","isMergeCommit":false,"messageTitle":"Added error handler for invalid command","messageBody":"","tags":["Level-5"],"fileTypesAndContributionMap":{"java":{"insertions":20,"deletions":7}}},{"hash":"6a106b9ef04d51eeb7076d6e2a40180117446933","isMergeCommit":false,"messageTitle":"Added delete command","messageBody":"","tags":["Level-6"],"fileTypesAndContributionMap":{"java":{"insertions":30,"deletions":1}}},{"hash":"99d8d06274ec090f558edac59f9a3019018d2272","isMergeCommit":false,"messageTitle":"Cleaned up codes","messageBody":"","fileTypesAndContributionMap":{"java":{"insertions":13,"deletions":6}}}]},{"date":"2024-01-29","commitResults":[{"hash":"02cdec90e33243b07e1941e17f985bfc157297a6","isMergeCommit":false,"messageTitle":"Refactor basic indentation from 2 spaces to 4 spaces","messageBody":"","fileTypesAndContributionMap":{"java":{"insertions":252,"deletions":249}}},{"hash":"95207465ba7c586eb32883b09c240dbede4e8b77","isMergeCommit":false,"messageTitle":"Refactor code to use exception when handling errors","messageBody":"","fileTypesAndContributionMap":{"java":{"insertions":66,"deletions":36}}}]},{"date":"2024-01-30","commitResults":[{"hash":"cf3f3f949c117f31f9c0eb2db07d7603350f2718","isMergeCommit":false,"messageTitle":"Add method to read from .txt file","messageBody":"","fileTypesAndContributionMap":{"java":{"insertions":95,"deletions":0}}},{"hash":"2a795a2359a9a0409340c233c7934af2dbd93b1f","isMergeCommit":false,"messageTitle":"Add method to write to a file","messageBody":"","fileTypesAndContributionMap":{"java":{"insertions":56,"deletions":19}}},{"hash":"5af5026634de82165ca3bee6408065a697270b11","isMergeCommit":false,"messageTitle":"Overload the filewriter method to allow the writing of single task","messageBody":"","fileTypesAndContributionMap":{"java":{"insertions":12,"deletions":0}}},{"hash":"f8f904f1c2b7fe46b1e120241f2afb3a43843eda","isMergeCommit":false,"messageTitle":"Integrate file saving and writing methods into duke.java","messageBody":"","fileTypesAndContributionMap":{"java":{"insertions":30,"deletions":16}}},{"hash":"480d8b712a917ce2314de11347236ed3a0892410","isMergeCommit":false,"messageTitle":"Add a handler for file not found error","messageBody":"","fileTypesAndContributionMap":{"java":{"insertions":9,"deletions":1}}},{"hash":"521eab0d41c51e6d06a1bca6dd36f2225986cd66","isMergeCommit":true,"messageTitle":"Merge branch \u0027branch-Level-7\u0027","messageBody":"","tags":["Level-7"],"fileTypesAndContributionMap":{}},{"hash":"f05ffefa6e80efa504a55108eb09b51004a1cf16","isMergeCommit":false,"messageTitle":"Implement the usage of local date time","messageBody":"","fileTypesAndContributionMap":{"java":{"insertions":106,"deletions":24}}},{"hash":"6eb0657dbd2b6ac54aca6931eb03c147758d3228","isMergeCommit":true,"messageTitle":"Merge branch \u0027branch-Level-8\u0027","messageBody":"","tags":["Level-8"],"fileTypesAndContributionMap":{}},{"hash":"8fe495a9f99e45f9c4ab12c27319ac29a31d35d4","isMergeCommit":false,"messageTitle":"Move command related files into a command folder","messageBody":"","fileTypesAndContributionMap":{"java":{"insertions":4,"deletions":0}}}]},{"date":"2024-01-31","commitResults":[{"hash":"5ea7668483bac10147c836179a495430d1192321","isMergeCommit":false,"messageTitle":"A-MoreOOP","messageBody":"","fileTypesAndContributionMap":{"txt":{"insertions":3,"deletions":2},"java":{"insertions":422,"deletions":300}}},{"hash":"851d291baaeed5d6c545e967442681d7b4bbbc31","isMergeCommit":true,"messageTitle":"Merge branch \u0027A-MoreOOP\u0027","messageBody":"","tags":["A-MoreOOP"],"fileTypesAndContributionMap":{}},{"hash":"6aee28d5018146261f9555febea32e5c41b87e46","isMergeCommit":false,"messageTitle":"move files and folders from /main/java/* to /main/java/duke/*","messageBody":"","fileTypesAndContributionMap":{"txt":{"insertions":1,"deletions":0},"java":{"insertions":1,"deletions":1},"bat":{"insertions":1,"deletions":1}}},{"hash":"6878805c8885709d9b9108236121007210631d51","isMergeCommit":false,"messageTitle":"Fix bug that causes the data.txt to be not found when running runtest.bat","messageBody":"","fileTypesAndContributionMap":{"txt":{"insertions":3,"deletions":2},"java":{"insertions":2,"deletions":0}}},{"hash":"63d71eb4af25c12fc580bb884f4e3d7d3d7b2ada","isMergeCommit":true,"messageTitle":"Merge branch \u0027A-Packages\u0027","messageBody":"","tags":["A-Packages"],"fileTypesAndContributionMap":{}},{"hash":"bd9b95e0bbabe2311a9fe957be9d1e6f3f141b14","isMergeCommit":true,"messageTitle":"Merge branch \u0027add-gradle-support\u0027 of https://github.com/lokidoki102/ip","messageBody":"","fileTypesAndContributionMap":{}},{"hash":"6c6be268796df2fa8535dd1c2f52991d797f55af","isMergeCommit":false,"messageTitle":"Add checkstyle checker to gradle","messageBody":"","fileTypesAndContributionMap":{"gradle":{"insertions":6,"deletions":1},"txt":{"insertions":1,"deletions":0}}},{"hash":"8db19162dd7a63abe6c303207aa5ad89537f7ec2","isMergeCommit":true,"messageTitle":"Merge branch \u0027A-Gradle\u0027","messageBody":"","tags":["A-Gradle"],"fileTypesAndContributionMap":{}}]},{"date":"2024-02-01","commitResults":[{"hash":"1e9821a175515b3ee02185af1247a86cdaf21b38","isMergeCommit":false,"messageTitle":"Add skeleton files for junit testing","messageBody":"","fileTypesAndContributionMap":{"java":{"insertions":173,"deletions":63}}},{"hash":"c3eedd48be3258d27cdce19279f2ac9b6b067c13","isMergeCommit":false,"messageTitle":"Add JUnit tests for different command classes","messageBody":"","fileTypesAndContributionMap":{"txt":{"insertions":0,"deletions":1},"java":{"insertions":374,"deletions":24}}},{"hash":"46571362dbd59c7c9889db0bc712ba9ccc9473a1","isMergeCommit":true,"messageTitle":"Merge branch \u0027branch-A-JUnit\u0027","messageBody":"","tags":["A-Jar","A-JUnit"],"fileTypesAndContributionMap":{}},{"hash":"1af82303ddede4459e6ea36c552a02edeba92df3","isMergeCommit":false,"messageTitle":"Add javadocs","messageBody":"","fileTypesAndContributionMap":{"java":{"insertions":326,"deletions":32}}},{"hash":"21a1c0cc170d5ecb1fda0e8bd62480dd32d228b5","isMergeCommit":false,"messageTitle":"Follow coding standard","messageBody":"","fileTypesAndContributionMap":{"java":{"insertions":100,"deletions":55}}},{"hash":"a53bd79b65dfa9badf0653c0bbfc549a932bf716","isMergeCommit":false,"messageTitle":"Add a \"find\" command","messageBody":"","tags":["Level-9"],"fileTypesAndContributionMap":{"java":{"insertions":41,"deletions":2}}},{"hash":"e586eee5e01269254aa7068084cd5e5004c4c1bd","isMergeCommit":true,"messageTitle":"Merge branch \u0027branch-A-JavaDoc\u0027","messageBody":"","tags":["A-JavaDoc"],"fileTypesAndContributionMap":{}},{"hash":"3cd3a43649f32d03f7adecba40cbcc861f7391d3","isMergeCommit":true,"messageTitle":"Merge branch \u0027branch-A-CodingStandard\u0027","messageBody":"","fileTypesAndContributionMap":{}},{"hash":"7595fea9484fc61d0cc6a077a426b7dc24b891ee","isMergeCommit":false,"messageTitle":"Merge branch \u0027branch-A-CodingStandard\u0027","messageBody":"# Conflicts:\n#\tsrc/main/java/duke/commands/ParseCommand.java\n#\tsrc/main/java/duke/tasks/Event.java\n","tags":["A-CodingStandard"],"fileTypesAndContributionMap":{"txt":{"insertions":0,"deletions":0},"java":{"insertions":37,"deletions":47}}}]},{"date":"2024-02-03","commitResults":[{"hash":"486bd1c4868622c1c7ca243aac6e8233c5ea3f20","isMergeCommit":false,"messageTitle":"Update build.gradle to match the file directory of the main class","messageBody":"","fileTypesAndContributionMap":{"gradle":{"insertions":2,"deletions":2}}},{"hash":"07c6a69661d54841cd37a8c5401d8b2c42e1fc73","isMergeCommit":false,"messageTitle":"Add error handler for find command","messageBody":"","tags":["A-Varargs","A-CheckStyle"],"fileTypesAndContributionMap":{"java":{"insertions":14,"deletions":2}}}]},{"date":"2024-02-14","commitResults":[{"hash":"dc05afc8fab86e3902c2f1c6bc070534f56309f4","isMergeCommit":false,"messageTitle":"Add dependencies for JavaFX","messageBody":"","fileTypesAndContributionMap":{"gradle":{"insertions":15,"deletions":0}}}]},{"date":"2024-02-15","commitResults":[{"hash":"0bee2d93c4a926819cf1447b930ef9aa34b25445","isMergeCommit":false,"messageTitle":"Add the basic GUI to chat bot","messageBody":"","fileTypesAndContributionMap":{"txt":{"insertions":5,"deletions":0},"fxml":{"insertions":38,"deletions":0},"java":{"insertions":206,"deletions":5}}},{"hash":"2af8a8b49fcd020bfceb50477717e5cef288c199","isMergeCommit":false,"messageTitle":"Update execute commands to return string for dialog output","messageBody":"","fileTypesAndContributionMap":{"txt":{"insertions":3,"deletions":4},"fxml":{"insertions":6,"deletions":6},"java":{"insertions":68,"deletions":44}}},{"hash":"db6ce456fc723d543b96b6358cc041d45ee4d0d1","isMergeCommit":false,"messageTitle":"Remove unused methods and imports","messageBody":"","fileTypesAndContributionMap":{"java":{"insertions":23,"deletions":65}}},{"hash":"b6891a5bbcec63f4def28b202c7095ec5454b5b1","isMergeCommit":false,"messageTitle":"Remove unused imports","messageBody":"","fileTypesAndContributionMap":{"java":{"insertions":3,"deletions":15}}},{"hash":"f7445ec8e81a338e8cc52212b0687bd2194581dd","isMergeCommit":true,"messageTitle":"Merge branch \u0027branch-Level-10\u0027","messageBody":"","tags":["Level-10"],"fileTypesAndContributionMap":{}}]},{"date":"2024-02-16","commitResults":[{"hash":"b270f986169bac35b6c55bb8f528e9a843a8f91e","isMergeCommit":false,"messageTitle":"Use assertions to document invariants","messageBody":"Various parts of the codes currently run on assumption that it will\nhold true. (e.g. int statusValue will always either be 0 or 1)\n\nThis could result in major bugs down the line if the assumption\nmade is wrong.\n\nUsing assertions in these places will ensure that the assumptions\nbeing made are actually true.\n\nThis will help us in debugging as it will allow us to see if any of\nour previous assumptions fail.\n","fileTypesAndContributionMap":{"gradle":{"insertions":1,"deletions":1},"txt":{"insertions":0,"deletions":4},"java":{"insertions":60,"deletions":44}}},{"hash":"4f8a4edda1353cedf12aa6c75ec43492640c7db1","isMergeCommit":false,"messageTitle":"Fix bug causing IndexOutOfBoundsException when removing last item from ArrayList","messageBody":"","fileTypesAndContributionMap":{"java":{"insertions":3,"deletions":2}}},{"hash":"a9cec3aa04a03ae9c5a6cd50efc0fe5c48dbd3c9","isMergeCommit":true,"messageTitle":"Merge branch \u0027branch-A-Assertions\u0027","messageBody":"","fileTypesAndContributionMap":{}},{"hash":"2c56c6a9aa1f3a29255c2cc3939937aa1d3a786a","isMergeCommit":false,"messageTitle":"Refactor variable and method names to follow java convention","messageBody":"","fileTypesAndContributionMap":{"java":{"insertions":16,"deletions":16}}},{"hash":"1c15f344dbe9ee8e75f3127d6c3da5b3f0ec23d5","isMergeCommit":false,"messageTitle":"Refactor long method in Storage class to shorter method","messageBody":"The parseInput() method is almost 50 lines long which makes it\nslightly harder to read and understand.\n\nBy separating the logic of every case statement to one method each,\nthe parseInput() method would be much shorter.\n\nBy separating the logic of every case statement, we would also be\nfollowing the SLAP principle. This would also overall improve the\nreadability of the code.\n","fileTypesAndContributionMap":{"java":{"insertions":51,"deletions":38}}},{"hash":"c0193f810453c02133e13e5cd8edae90045370cc","isMergeCommit":false,"messageTitle":"Fix IndexOutOfBoundsException bug caused by negative index input","messageBody":"","fileTypesAndContributionMap":{"java":{"insertions":3,"deletions":3}}},{"hash":"1559ffbf799149bac53d08bf2cbef08cc16ae3ba","isMergeCommit":false,"messageTitle":"Refactor long command methods to shorter ones","messageBody":"","fileTypesAndContributionMap":{"java":{"insertions":39,"deletions":28}}},{"hash":"a8e94e15db4f9dcb29d8a5c7c55444baa2ebe70b","isMergeCommit":false,"messageTitle":"Fix line spacing issue with chatbot output","messageBody":"","fileTypesAndContributionMap":{"txt":{"insertions":4,"deletions":0},"java":{"insertions":3,"deletions":3}}},{"hash":"f44dd049d522fae470a34934892953741d4cad54","isMergeCommit":true,"messageTitle":"Merge branch \u0027branch-A-CodeQuality\u0027","messageBody":"","fileTypesAndContributionMap":{}}]}]},"authorFileTypeContributionMap":{"lokidoki102":{"java":1782,"md":0,"fxml":38,"sh":0,"bat":1,"gradle":22,"txt":19}},"authorContributionVariance":{"lokidoki102":86519.055},"authorDisplayNameMap":{"lokidoki102":"CS2103-F09-1 LIM ..RATO"}}
