{"authorDailyContributionsMap":{"nusliuyifan":[{"date":"2024-02-17","commitResults":[{"hash":"4a8100a30aa3e6a85ad00fcca56453abb6496900","isMergeCommit":false,"messageTitle":"try out commit","messageBody":"","tags":["Level-0"],"fileTypesAndContributionMap":{"java":{"insertions":27,"deletions":0}}},{"hash":"6984d063bf3ee8f0d15da57c2c2df9b9ab03e98e","isMergeCommit":false,"messageTitle":"level-1 echo","messageBody":"","tags":["Level-1"],"fileTypesAndContributionMap":{"java":{"insertions":20,"deletions":15}}}]},{"date":"2024-02-21","commitResults":[{"hash":"d42d4013e671e74b0ceb9604dfaa207d0a174dd1","isMergeCommit":false,"messageTitle":"level-2 Add, List","messageBody":"","tags":["Level-2"],"fileTypesAndContributionMap":{"java":{"insertions":19,"deletions":5}}},{"hash":"14fd327076709aeb28a48e950839106b7f40d27b","isMergeCommit":false,"messageTitle":"level-3 Mark as Done","messageBody":"","tags":["Level-3"],"fileTypesAndContributionMap":{"java":{"insertions":61,"deletions":9}}}]},{"date":"2024-02-23","commitResults":[{"hash":"f94179fecfb5a123e46168e745fbf2c6a9d2c4bc","isMergeCommit":false,"messageTitle":"level-4 ToDos, Events, Deadlines","messageBody":"","tags":["Level-4"],"fileTypesAndContributionMap":{"java":{"insertions":113,"deletions":13}}},{"hash":"cfebe11b072ba3ecfb7eb1418c6d2113a5cfb7d7","isMergeCommit":false,"messageTitle":"level-5 handle 2 exceptions","messageBody":"","tags":["Level-5"],"fileTypesAndContributionMap":{"java":{"insertions":63,"deletions":37},"bat":{"insertions":1,"deletions":1},"sh":{"insertions":1,"deletions":1}}},{"hash":"47f0678c48b9473d1669b6bd6869a0d1626865a1","isMergeCommit":false,"messageTitle":"level-6 delete","messageBody":"","tags":["Level-6"],"fileTypesAndContributionMap":{"java":{"insertions":17,"deletions":3}}}]},{"date":"2024-02-24","commitResults":[{"hash":"478239224811cfc82c4a4c6a819fd6e89675e4ab","isMergeCommit":false,"messageTitle":"Level-7","messageBody":"","tags":["Level-7"],"fileTypesAndContributionMap":{"java":{"insertions":118,"deletions":40}}}]},{"date":"2024-02-25","commitResults":[{"hash":"aaef60265a8200e5b091792a9aa4d87348ccb9eb","isMergeCommit":false,"messageTitle":"Level-8","messageBody":"","tags":["Level-8"],"fileTypesAndContributionMap":{"java":{"insertions":243,"deletions":11}}}]},{"date":"2024-02-29","commitResults":[{"hash":"9e371be9554ab03e7d500c0ef86f0f17b8313799","isMergeCommit":false,"messageTitle":"A-MoreOOP","messageBody":"","tags":["A-MoreOOP"],"fileTypesAndContributionMap":{"java":{"insertions":474,"deletions":214}}},{"hash":"fd4a012b39bdd6cc92b06825a7df55ade5b91179","isMergeCommit":false,"messageTitle":"A-Packages","messageBody":"","tags":["A-Packages"],"fileTypesAndContributionMap":{"java":{"insertions":143,"deletions":20}}},{"hash":"97502aeb3ecc7096710f9d84c6ceabc4e78ac262","isMergeCommit":true,"messageTitle":"Merge branch \u0027add-gradle-support\u0027","messageBody":"","tags":["A-Gradle"],"fileTypesAndContributionMap":{}},{"hash":"4b09d5d1495512aedb8f8bf462fef75cc46713a8","isMergeCommit":false,"messageTitle":"A-JUnit","messageBody":"","tags":["A-JUnit"],"fileTypesAndContributionMap":{"java":{"insertions":38,"deletions":3}}},{"hash":"e1f32951e20bc09b22e647e7c9dacc403b9e2957","isMergeCommit":false,"messageTitle":"A-Jar","messageBody":"","tags":["A-Jar"],"fileTypesAndContributionMap":{"gradle":{"insertions":2,"deletions":2},"java":{"insertions":1,"deletions":1}}},{"hash":"e3251013e67ef36613e6af71e75cafa3771f3f24","isMergeCommit":false,"messageTitle":"A-JavaDoc","messageBody":"","tags":["A-JavaDoc"],"fileTypesAndContributionMap":{"java":{"insertions":339,"deletions":18}}},{"hash":"8ff4a6f787ac7428e661e9db8c043ca347c15139","isMergeCommit":false,"messageTitle":"branch-Level-9","messageBody":"","tags":["Level-9"],"fileTypesAndContributionMap":{"java":{"insertions":54,"deletions":0}}},{"hash":"332b898660b871109c8bee7a02bd495afdc8b7a2","isMergeCommit":false,"messageTitle":"A-CodingStandard","messageBody":"","tags":["A-CodingStandard"],"fileTypesAndContributionMap":{"java":{"insertions":12,"deletions":46}}},{"hash":"25966b94def77b520164e84dd6674766f64e6802","isMergeCommit":true,"messageTitle":"Merge branch \u0027branch-Level-9\u0027","messageBody":"","fileTypesAndContributionMap":{}},{"hash":"54fad08559817564e3d3ec8fd8eebae956dac44b","isMergeCommit":true,"messageTitle":"Merge tag \u0027A-JavaDoc\u0027","messageBody":"# Conflicts:\n#\tsrc/main/java/goblin/TaskList.java\n#\tsrc/main/java/goblin/Ui.java\n#\tsrc/main/java/goblin/task/Events.java\n#\tsrc/main/java/goblin/task/Task.java\n","fileTypesAndContributionMap":{}},{"hash":"12c492a6bd2a6aee5db1542e51ffccfc18c11204","isMergeCommit":false,"messageTitle":"A-TextUiTesting","messageBody":"","tags":["A-TestUiTesting"],"fileTypesAndContributionMap":{"bat":{"insertions":1,"deletions":1},"sh":{"insertions":1,"deletions":1}}},{"hash":"9564fb4de478fc58ba19b2d7395b7c12c9998b9b","isMergeCommit":false,"messageTitle":"Giving credits for reused work","messageBody":"","fileTypesAndContributionMap":{"java":{"insertions":18,"deletions":4}}}]}]},"authorFileTypeContributionMap":{"nusliuyifan":{"java":1352,"md":0,"fxml":0,"sh":1,"bat":1,"gradle":2,"txt":0}},"authorContributionVariance":{"nusliuyifan":47350.375},"authorDisplayNameMap":{"nusliuyifan":"CS2103T-T10-3 LIU ..IFAN"}}
