{"authorDailyContributionsMap":{"bennyLCK":[{"date":"2024-01-24","commitResults":[{"hash":"7eab5f28a0c836ed64f58e8c1267c26969ca1cfd","isMergeCommit":false,"messageTitle":"Rename the chatbot, implement Greet and Exit messages","messageBody":"","fileTypesAndContributionMap":{"java":{"insertions":13,"deletions":10}}},{"hash":"3df347f58edf711ff0aabd44035681ef1a2d398b","isMergeCommit":false,"messageTitle":"Implement the echo feature","messageBody":"","fileTypesAndContributionMap":{"java":{"insertions":14,"deletions":2}}},{"hash":"0c26e8042d9f246a3663bcea820b2e60feba7d41","isMergeCommit":false,"messageTitle":"Revert \"Implement the echo feature\"","messageBody":"This reverts commit 3df347f58edf711ff0aabd44035681ef1a2d398b.\n","tags":["Level-0"],"fileTypesAndContributionMap":{"java":{"insertions":2,"deletions":14}}},{"hash":"6f52ee0e9916364c01df393b9a85a04be1a94f4d","isMergeCommit":false,"messageTitle":"Revert \"Revert \"Implement the echo feature\"\"","messageBody":"This reverts commit 0c26e8042d9f246a3663bcea820b2e60feba7d41.\n","tags":["Level-1"],"fileTypesAndContributionMap":{"java":{"insertions":14,"deletions":2}}},{"hash":"38d820e692dd2ec68a6347ae69d49fd23dd76637","isMergeCommit":false,"messageTitle":"Implement Add, List to Bond","messageBody":"","tags":["Level-2"],"fileTypesAndContributionMap":{"java":{"insertions":18,"deletions":2}}},{"hash":"31fbd6ff6ec0dcf8deb42692053275fbdd0c528e","isMergeCommit":false,"messageTitle":"Implement task tracking marking each as done or not done","messageBody":"","tags":["Level-3"],"fileTypesAndContributionMap":{"java":{"insertions":106,"deletions":12}}}]},{"date":"2024-01-25","commitResults":[{"hash":"e87403701389e8a2522831dc38a492da0a9a3549","isMergeCommit":false,"messageTitle":"Implement ToDo, Deadline and Event task classes and integrate into Bond/Task classes","messageBody":"","tags":["Level-4"],"fileTypesAndContributionMap":{"java":{"insertions":116,"deletions":12}}},{"hash":"a0ee20846aa90a9cb896a1f8d8a652896fb8007c","isMergeCommit":false,"messageTitle":"Automate Text UI Testing implemented for existing features","messageBody":"","tags":["A-TextUiTesting"],"fileTypesAndContributionMap":{"txt":{"insertions":12,"deletions":0},"java":{"insertions":48,"deletions":24},"bat":{"insertions":1,"deletions":1},"sh":{"insertions":1,"deletions":1}}}]},{"date":"2024-01-26","commitResults":[{"hash":"ed82d3f4444b83f29e5eecbe512012a87687cde1","isMergeCommit":false,"messageTitle":"Implement exception handling, using enum in the BondException class for the finite number of commands I allow","messageBody":"","tags":["Level-5","A-Enums"],"fileTypesAndContributionMap":{"java":{"insertions":146,"deletions":67}}},{"hash":"647c5c42119f1769499a851918b0352bb7bc7188","isMergeCommit":false,"messageTitle":"Implement delete to Bond","messageBody":"","tags":["Level-6"],"fileTypesAndContributionMap":{"java":{"insertions":32,"deletions":6}}}]},{"date":"2024-02-01","commitResults":[{"hash":"9c106d330863c024288d6102aaf28c7444295523","isMergeCommit":false,"messageTitle":"Implement save feature where tasks remaining in a previous session is preserved once Bond is run again","messageBody":"","fileTypesAndContributionMap":{"java":{"insertions":213,"deletions":45}}},{"hash":"0d4e82cdae1ff2ab100e050495e1c4033be28341","isMergeCommit":true,"messageTitle":"Merge branch \u0027branch-Level-7\u0027","messageBody":"* branch-Level-7:\n  Implement save feature where tasks remaining in a previous session is preserved once Bond is run again\n","tags":["Level-7"],"fileTypesAndContributionMap":{}}]},{"date":"2024-02-02","commitResults":[{"hash":"92e5ed2affbfb707b198269e7aef59de2897b1c8","isMergeCommit":false,"messageTitle":"Implement Date and Time recognition and representation","messageBody":"","fileTypesAndContributionMap":{"java":{"insertions":103,"deletions":9}}},{"hash":"57397dd842c1fd068b28f816748e440e207a4f91","isMergeCommit":true,"messageTitle":"Merge branch \u0027branch-Level-8\u0027","messageBody":"* branch-Level-8:\n  Implement Date and Time recognition and representation\n","tags":["Level-8"],"fileTypesAndContributionMap":{}},{"hash":"0dd4f956e1652096c484ec7019b8a2b221827700","isMergeCommit":false,"messageTitle":"Implement more OOP, not yet complete","messageBody":"","fileTypesAndContributionMap":{"java":{"insertions":461,"deletions":299}}}]},{"date":"2024-02-03","commitResults":[{"hash":"8537b9a8dec14507adb0c865c37a0e4bc7e71423","isMergeCommit":false,"messageTitle":"Implement Command classes","messageBody":"","fileTypesAndContributionMap":{"java":{"insertions":234,"deletions":81}}},{"hash":"f46c2f1319f7c32ffcb63892a1a9e2729c609238","isMergeCommit":false,"messageTitle":"Implement more OOP principles","messageBody":"","tags":["A-MoreOOP"],"fileTypesAndContributionMap":{"txt":{"insertions":2,"deletions":2},"java":{"insertions":351,"deletions":375}}}]}]},"authorFileTypeContributionMap":{"bennyLCK":{"java":921,"md":0,"fxml":0,"sh":1,"bat":1,"gradle":0,"txt":12}},"authorContributionVariance":{"bennyLCK":97768.65},"authorDisplayNameMap":{"bennyLCK":"CS2103T-F12-2 BENN..IONG"}}
