[{"path":"src/main/java/ChatBro.java","fileType":"java","lines":[{"lineNumber":1,"author":{"gitId":"jimseah-0116"},"content":"import java.util.ArrayList;","lastModifiedDate":"2024-01-27"},{"lineNumber":2,"author":{"gitId":"jimseah-0116"},"content":"","lastModifiedDate":"2024-01-26"},{"lineNumber":3,"author":{"gitId":"jimseah-0116"},"content":"public class ChatBro {","lastModifiedDate":"2024-01-26"},{"lineNumber":4,"author":{"gitId":"jimseah-0116"},"content":"    public static void main(String[] args) {","lastModifiedDate":"2024-01-26"},{"lineNumber":5,"author":{"gitId":"jimseah-0116"},"content":"        Ui ui \u003d new Ui();","lastModifiedDate":"2024-02-03"},{"lineNumber":6,"author":{"gitId":"jimseah-0116"},"content":"        Parser parser \u003d new Parser();","lastModifiedDate":"2024-02-06"},{"lineNumber":7,"author":{"gitId":"jimseah-0116"},"content":"        Database db \u003d new Database();","lastModifiedDate":"2024-02-04"},{"lineNumber":8,"author":{"gitId":"jimseah-0116"},"content":"","lastModifiedDate":"2024-02-06"},{"lineNumber":9,"author":{"gitId":"jimseah-0116"},"content":"        ArrayList\u003cTask\u003e taskList \u003d new ArrayList\u003c\u003e(101);","lastModifiedDate":"2024-02-04"},{"lineNumber":10,"author":{"gitId":"jimseah-0116"},"content":"        taskList.add(null); // First element left empty for 1-based indexing","lastModifiedDate":"2024-02-04"},{"lineNumber":11,"author":{"gitId":"jimseah-0116"},"content":"        String savedTasks \u003d db.readFromFile();","lastModifiedDate":"2024-02-04"},{"lineNumber":12,"author":{"gitId":"jimseah-0116"},"content":"        String[] savedTasksSplit \u003d savedTasks.split(\"\\n\"); // Split savedTasks by newline","lastModifiedDate":"2024-02-04"},{"lineNumber":13,"author":{"gitId":"jimseah-0116"},"content":"        if (!savedTasksSplit[0].isEmpty()) {","lastModifiedDate":"2024-02-06"},{"lineNumber":14,"author":{"gitId":"jimseah-0116"},"content":"            try {","lastModifiedDate":"2024-02-05"},{"lineNumber":15,"author":{"gitId":"jimseah-0116"},"content":"                for (int i \u003d 0; i \u003c savedTasksSplit.length; i++) {","lastModifiedDate":"2024-02-04"},{"lineNumber":16,"author":{"gitId":"jimseah-0116"},"content":"                    String taskString \u003d savedTasksSplit[i];","lastModifiedDate":"2024-02-04"},{"lineNumber":17,"author":{"gitId":"jimseah-0116"},"content":"                    taskList.add(db.parseTask(taskString));","lastModifiedDate":"2024-02-06"},{"lineNumber":18,"author":{"gitId":"jimseah-0116"},"content":"                }","lastModifiedDate":"2024-02-04"},{"lineNumber":19,"author":{"gitId":"jimseah-0116"},"content":"            } catch (WrongFileFormatException e) {","lastModifiedDate":"2024-02-05"},{"lineNumber":20,"author":{"gitId":"jimseah-0116"},"content":"                Ui.printError(e.getMessage());","lastModifiedDate":"2024-02-06"},{"lineNumber":21,"author":{"gitId":"jimseah-0116"},"content":"                System.exit(0);","lastModifiedDate":"2024-02-05"},{"lineNumber":22,"author":{"gitId":"jimseah-0116"},"content":"            }","lastModifiedDate":"2024-02-05"},{"lineNumber":23,"author":{"gitId":"jimseah-0116"},"content":"","lastModifiedDate":"2024-02-05"},{"lineNumber":24,"author":{"gitId":"jimseah-0116"},"content":"            for (int i \u003d 0; i \u003c savedTasksSplit.length; i++) {","lastModifiedDate":"2024-02-04"},{"lineNumber":25,"author":{"gitId":"jimseah-0116"},"content":"                if (savedTasksSplit[0].isEmpty()) {","lastModifiedDate":"2024-02-05"},{"lineNumber":26,"author":{"gitId":"jimseah-0116"},"content":"                    break;","lastModifiedDate":"2024-02-05"},{"lineNumber":27,"author":{"gitId":"jimseah-0116"},"content":"                }","lastModifiedDate":"2024-02-05"},{"lineNumber":28,"author":{"gitId":"jimseah-0116"},"content":"                Task.incrementTaskCount();","lastModifiedDate":"2024-02-04"},{"lineNumber":29,"author":{"gitId":"jimseah-0116"},"content":"            }","lastModifiedDate":"2024-02-04"},{"lineNumber":30,"author":{"gitId":"jimseah-0116"},"content":"            for (int i \u003d 0; i \u003c 100 - savedTasksSplit.length; i++) {","lastModifiedDate":"2024-02-04"},{"lineNumber":31,"author":{"gitId":"jimseah-0116"},"content":"                taskList.add(null);","lastModifiedDate":"2024-01-27"},{"lineNumber":32,"author":{"gitId":"jimseah-0116"},"content":"            }","lastModifiedDate":"2024-01-27"},{"lineNumber":33,"author":{"gitId":"jimseah-0116"},"content":"        } else {","lastModifiedDate":"2024-02-06"},{"lineNumber":34,"author":{"gitId":"jimseah-0116"},"content":"            for (int i \u003d 0; i \u003c 100; i++) {","lastModifiedDate":"2024-02-06"},{"lineNumber":35,"author":{"gitId":"jimseah-0116"},"content":"                taskList.add(null);","lastModifiedDate":"2024-02-06"},{"lineNumber":36,"author":{"gitId":"jimseah-0116"},"content":"            }","lastModifiedDate":"2024-02-06"},{"lineNumber":37,"author":{"gitId":"jimseah-0116"},"content":"        }","lastModifiedDate":"2024-02-06"},{"lineNumber":38,"author":{"gitId":"jimseah-0116"},"content":"        ui.printWelcome();","lastModifiedDate":"2024-02-06"},{"lineNumber":39,"author":{"gitId":"jimseah-0116"},"content":"        boolean isRunning \u003d true;","lastModifiedDate":"2024-02-03"},{"lineNumber":40,"author":{"gitId":"jimseah-0116"},"content":"        while (isRunning) {","lastModifiedDate":"2024-02-03"},{"lineNumber":41,"author":{"gitId":"jimseah-0116"},"content":"            String input \u003d parser.readInput();","lastModifiedDate":"2024-02-06"},{"lineNumber":42,"author":{"gitId":"jimseah-0116"},"content":"            String[] inputSplit \u003d input.split(\" \");","lastModifiedDate":"2024-01-26"},{"lineNumber":43,"author":{"gitId":"jimseah-0116"},"content":"            String command \u003d inputSplit[0];","lastModifiedDate":"2024-01-26"},{"lineNumber":44,"author":{"gitId":"jimseah-0116"},"content":"            switch (command) {","lastModifiedDate":"2024-01-26"},{"lineNumber":45,"author":{"gitId":"jimseah-0116"},"content":"                case \"list\":","lastModifiedDate":"2024-01-26"},{"lineNumber":46,"author":{"gitId":"jimseah-0116"},"content":"                    System.out.println(\"Here are the tasks in your list bro:\\n\" +","lastModifiedDate":"2024-01-26"},{"lineNumber":47,"author":{"gitId":"jimseah-0116"},"content":"                            \"_________________________\");","lastModifiedDate":"2024-01-26"},{"lineNumber":48,"author":{"gitId":"jimseah-0116"},"content":"                    for (int i \u003d 1; i \u003c\u003d 100; i++) {","lastModifiedDate":"2024-01-26"},{"lineNumber":49,"author":{"gitId":"jimseah-0116"},"content":"                        if (taskList.get(i) \u003d\u003d null) {","lastModifiedDate":"2024-01-27"},{"lineNumber":50,"author":{"gitId":"jimseah-0116"},"content":"                            break;","lastModifiedDate":"2024-01-26"},{"lineNumber":51,"author":{"gitId":"jimseah-0116"},"content":"                        }","lastModifiedDate":"2024-01-26"},{"lineNumber":52,"author":{"gitId":"jimseah-0116"},"content":"                        System.out.println(i + \".\" + taskList.get(i).toString());","lastModifiedDate":"2024-01-27"},{"lineNumber":53,"author":{"gitId":"jimseah-0116"},"content":"                    }","lastModifiedDate":"2024-01-26"},{"lineNumber":54,"author":{"gitId":"jimseah-0116"},"content":"                    System.out.println(\"_________________________\\n\");","lastModifiedDate":"2024-01-26"},{"lineNumber":55,"author":{"gitId":"jimseah-0116"},"content":"                    break;","lastModifiedDate":"2024-01-26"},{"lineNumber":56,"author":{"gitId":"jimseah-0116"},"content":"","lastModifiedDate":"2024-01-26"},{"lineNumber":57,"author":{"gitId":"jimseah-0116"},"content":"                case \"todo\":","lastModifiedDate":"2024-01-27"},{"lineNumber":58,"author":{"gitId":"jimseah-0116"},"content":"                    String[] todoSplit \u003d input.split(\"todo \");","lastModifiedDate":"2024-01-27"},{"lineNumber":59,"author":{"gitId":"jimseah-0116"},"content":"                    try {","lastModifiedDate":"2024-01-27"},{"lineNumber":60,"author":{"gitId":"jimseah-0116"},"content":"                        String todoName \u003d todoSplit[1];","lastModifiedDate":"2024-01-27"},{"lineNumber":61,"author":{"gitId":"jimseah-0116"},"content":"                        if (todoName.trim().isEmpty()) { // Empty task description","lastModifiedDate":"2024-01-27"},{"lineNumber":62,"author":{"gitId":"jimseah-0116"},"content":"                            System.out.println(\"_________________________\\n\" +","lastModifiedDate":"2024-01-27"},{"lineNumber":63,"author":{"gitId":"jimseah-0116"},"content":"                                    \"Hey bro, task description cannot be empty.\\n\" +","lastModifiedDate":"2024-01-27"},{"lineNumber":64,"author":{"gitId":"jimseah-0116"},"content":"                                    \"_________________________\\n\");","lastModifiedDate":"2024-01-27"},{"lineNumber":65,"author":{"gitId":"jimseah-0116"},"content":"                            break;","lastModifiedDate":"2024-01-27"},{"lineNumber":66,"author":{"gitId":"jimseah-0116"},"content":"                        }","lastModifiedDate":"2024-01-27"},{"lineNumber":67,"author":{"gitId":"jimseah-0116"},"content":"                        for (int i \u003d 1; i \u003c\u003d 100; i++) {","lastModifiedDate":"2024-01-27"},{"lineNumber":68,"author":{"gitId":"jimseah-0116"},"content":"                            if (taskList.get(i) \u003d\u003d null) {","lastModifiedDate":"2024-01-27"},{"lineNumber":69,"author":{"gitId":"jimseah-0116"},"content":"                                taskList.add(i, new ToDo(todoName));","lastModifiedDate":"2024-01-27"},{"lineNumber":70,"author":{"gitId":"jimseah-0116"},"content":"                                Task.incrementTaskCount();","lastModifiedDate":"2024-01-30"},{"lineNumber":71,"author":{"gitId":"jimseah-0116"},"content":"                                System.out.println(\"_________________________\\n\" +","lastModifiedDate":"2024-01-27"},{"lineNumber":72,"author":{"gitId":"jimseah-0116"},"content":"                                        \"Ok bro, I\u0027ve added: \\n\" + taskList.get(i).toString() + \"\\ninto your list.\\n\" +","lastModifiedDate":"2024-01-27"},{"lineNumber":73,"author":{"gitId":"jimseah-0116"},"content":"                                        \"You\u0027ve got \" + Task.getTaskCount() + \" task(s) now.\\n\" +","lastModifiedDate":"2024-01-30"},{"lineNumber":74,"author":{"gitId":"jimseah-0116"},"content":"                                        \"_________________________\\n\");","lastModifiedDate":"2024-01-27"},{"lineNumber":75,"author":{"gitId":"jimseah-0116"},"content":"                                break;","lastModifiedDate":"2024-01-27"},{"lineNumber":76,"author":{"gitId":"jimseah-0116"},"content":"                            }","lastModifiedDate":"2024-01-27"},{"lineNumber":77,"author":{"gitId":"jimseah-0116"},"content":"                        }","lastModifiedDate":"2024-01-27"},{"lineNumber":78,"author":{"gitId":"jimseah-0116"},"content":"                    } catch (ArrayIndexOutOfBoundsException e) {","lastModifiedDate":"2024-01-27"},{"lineNumber":79,"author":{"gitId":"jimseah-0116"},"content":"                        System.out.println(\"_________________________\\n\" +","lastModifiedDate":"2024-01-27"},{"lineNumber":80,"author":{"gitId":"jimseah-0116"},"content":"                                \"Hey bro, make sure to follow the format:\\n\" +","lastModifiedDate":"2024-01-27"},{"lineNumber":81,"author":{"gitId":"jimseah-0116"},"content":"                                \"todo \u003ctask description\u003e (task description cannot be empty)\\n\" +","lastModifiedDate":"2024-01-27"},{"lineNumber":82,"author":{"gitId":"jimseah-0116"},"content":"                                \"_________________________\\n\");","lastModifiedDate":"2024-01-27"},{"lineNumber":83,"author":{"gitId":"jimseah-0116"},"content":"                        break;","lastModifiedDate":"2024-01-27"},{"lineNumber":84,"author":{"gitId":"jimseah-0116"},"content":"                    }","lastModifiedDate":"2024-01-27"},{"lineNumber":85,"author":{"gitId":"jimseah-0116"},"content":"                    break;","lastModifiedDate":"2024-01-27"},{"lineNumber":86,"author":{"gitId":"jimseah-0116"},"content":"","lastModifiedDate":"2024-01-27"},{"lineNumber":87,"author":{"gitId":"jimseah-0116"},"content":"                case \"deadline\":","lastModifiedDate":"2024-01-27"},{"lineNumber":88,"author":{"gitId":"jimseah-0116"},"content":"                    String[] deadlineSplit \u003d input.split(\" /by \");","lastModifiedDate":"2024-01-27"},{"lineNumber":89,"author":{"gitId":"jimseah-0116"},"content":"                    try {","lastModifiedDate":"2024-01-27"},{"lineNumber":90,"author":{"gitId":"jimseah-0116"},"content":"                        String deadlineName \u003d deadlineSplit[0].substring(9); // 9 is the length of \"deadline \"","lastModifiedDate":"2024-01-27"},{"lineNumber":91,"author":{"gitId":"jimseah-0116"},"content":"                        if (deadlineName.trim().isEmpty()) { // Empty task description (whitespace)","lastModifiedDate":"2024-01-27"},{"lineNumber":92,"author":{"gitId":"jimseah-0116"},"content":"                            System.out.println(\"_________________________\\n\" +","lastModifiedDate":"2024-01-27"},{"lineNumber":93,"author":{"gitId":"jimseah-0116"},"content":"                                    \"Hey bro, the given task description cannot be empty.\\n\" +","lastModifiedDate":"2024-01-27"},{"lineNumber":94,"author":{"gitId":"jimseah-0116"},"content":"                                    \"_________________________\\n\");","lastModifiedDate":"2024-01-27"},{"lineNumber":95,"author":{"gitId":"jimseah-0116"},"content":"                            break;","lastModifiedDate":"2024-01-27"},{"lineNumber":96,"author":{"gitId":"jimseah-0116"},"content":"                        }","lastModifiedDate":"2024-01-27"},{"lineNumber":97,"author":{"gitId":"jimseah-0116"},"content":"                        if (deadlineSplit[1].trim().isEmpty()) { // Empty deadline (whitespace)","lastModifiedDate":"2024-01-27"},{"lineNumber":98,"author":{"gitId":"jimseah-0116"},"content":"                            System.out.println(\"_________________________\\n\" +","lastModifiedDate":"2024-01-27"},{"lineNumber":99,"author":{"gitId":"jimseah-0116"},"content":"                                    \"Hey bro, the given deadline cannot be empty.\\n\" +","lastModifiedDate":"2024-01-27"},{"lineNumber":100,"author":{"gitId":"jimseah-0116"},"content":"                                    \"_________________________\\n\");","lastModifiedDate":"2024-01-27"},{"lineNumber":101,"author":{"gitId":"jimseah-0116"},"content":"                            break;","lastModifiedDate":"2024-01-27"},{"lineNumber":102,"author":{"gitId":"jimseah-0116"},"content":"                        }","lastModifiedDate":"2024-01-27"},{"lineNumber":103,"author":{"gitId":"jimseah-0116"},"content":"                        for (int i \u003d 1; i \u003c\u003d 100; i++) {","lastModifiedDate":"2024-01-27"},{"lineNumber":104,"author":{"gitId":"jimseah-0116"},"content":"                            if (taskList.get(i) \u003d\u003d null) {","lastModifiedDate":"2024-01-27"},{"lineNumber":105,"author":{"gitId":"jimseah-0116"},"content":"                                taskList.add(i, new Deadline(deadlineName, deadlineSplit[1]));","lastModifiedDate":"2024-01-27"},{"lineNumber":106,"author":{"gitId":"jimseah-0116"},"content":"                                Task.incrementTaskCount();","lastModifiedDate":"2024-01-30"},{"lineNumber":107,"author":{"gitId":"jimseah-0116"},"content":"                                System.out.println(\"_________________________\\n\" +","lastModifiedDate":"2024-01-27"},{"lineNumber":108,"author":{"gitId":"jimseah-0116"},"content":"                                        \"Ok bro, I\u0027ve added: \\n\" + taskList.get(i).toString() + \"\\ninto your list.\\n\" +","lastModifiedDate":"2024-01-27"},{"lineNumber":109,"author":{"gitId":"jimseah-0116"},"content":"                                        \"You\u0027ve got \" + Task.getTaskCount() + \" task(s) now.\\n\" +","lastModifiedDate":"2024-01-30"},{"lineNumber":110,"author":{"gitId":"jimseah-0116"},"content":"                                        \"_________________________\\n\");","lastModifiedDate":"2024-01-27"},{"lineNumber":111,"author":{"gitId":"jimseah-0116"},"content":"                                break;","lastModifiedDate":"2024-01-27"},{"lineNumber":112,"author":{"gitId":"jimseah-0116"},"content":"                            }","lastModifiedDate":"2024-01-27"},{"lineNumber":113,"author":{"gitId":"jimseah-0116"},"content":"                        }","lastModifiedDate":"2024-01-27"},{"lineNumber":114,"author":{"gitId":"jimseah-0116"},"content":"                    } catch (ArrayIndexOutOfBoundsException | StringIndexOutOfBoundsException e) {","lastModifiedDate":"2024-01-27"},{"lineNumber":115,"author":{"gitId":"jimseah-0116"},"content":"                        System.out.println(\"_________________________\\n\" +","lastModifiedDate":"2024-01-27"},{"lineNumber":116,"author":{"gitId":"jimseah-0116"},"content":"                                \"Hey bro, make sure to follow the format:\\n\" +","lastModifiedDate":"2024-01-27"},{"lineNumber":117,"author":{"gitId":"jimseah-0116"},"content":"                                \"deadline \u003ctask description\u003e /by \u003cdeadline date\u003e\\n\" +","lastModifiedDate":"2024-01-27"},{"lineNumber":118,"author":{"gitId":"jimseah-0116"},"content":"                                \"(task description and deadline date cannot be empty)\\n\" +","lastModifiedDate":"2024-01-27"},{"lineNumber":119,"author":{"gitId":"jimseah-0116"},"content":"                                \"_________________________\\n\");","lastModifiedDate":"2024-01-27"},{"lineNumber":120,"author":{"gitId":"jimseah-0116"},"content":"                        break;","lastModifiedDate":"2024-01-27"},{"lineNumber":121,"author":{"gitId":"jimseah-0116"},"content":"                    }","lastModifiedDate":"2024-01-27"},{"lineNumber":122,"author":{"gitId":"jimseah-0116"},"content":"                    break;","lastModifiedDate":"2024-01-27"},{"lineNumber":123,"author":{"gitId":"jimseah-0116"},"content":"","lastModifiedDate":"2024-01-27"},{"lineNumber":124,"author":{"gitId":"jimseah-0116"},"content":"                case \"event\":","lastModifiedDate":"2024-01-27"},{"lineNumber":125,"author":{"gitId":"jimseah-0116"},"content":"                    String[] eventFromSplit \u003d input.split(\" /from \");","lastModifiedDate":"2024-01-27"},{"lineNumber":126,"author":{"gitId":"jimseah-0116"},"content":"                    try {","lastModifiedDate":"2024-01-27"},{"lineNumber":127,"author":{"gitId":"jimseah-0116"},"content":"                        String eventName \u003d eventFromSplit[0].substring(6); // 6 is the length of \"event \"","lastModifiedDate":"2024-01-27"},{"lineNumber":128,"author":{"gitId":"jimseah-0116"},"content":"                        String[] eventToSplit \u003d eventFromSplit[1].split(\" /to \"); // ETS[0] is from, ETS[1] is to","lastModifiedDate":"2024-01-27"},{"lineNumber":129,"author":{"gitId":"jimseah-0116"},"content":"                        if (eventName.trim().isEmpty()) { // Empty task description (whitespace)","lastModifiedDate":"2024-01-27"},{"lineNumber":130,"author":{"gitId":"jimseah-0116"},"content":"                            System.out.println(\"_________________________\\n\" +","lastModifiedDate":"2024-01-27"},{"lineNumber":131,"author":{"gitId":"jimseah-0116"},"content":"                                    \"Hey bro, the task description cannot be empty.\\n\" +","lastModifiedDate":"2024-01-27"},{"lineNumber":132,"author":{"gitId":"jimseah-0116"},"content":"                                    \"_________________________\\n\");","lastModifiedDate":"2024-01-27"},{"lineNumber":133,"author":{"gitId":"jimseah-0116"},"content":"                            break;","lastModifiedDate":"2024-01-27"},{"lineNumber":134,"author":{"gitId":"jimseah-0116"},"content":"                        }","lastModifiedDate":"2024-01-27"},{"lineNumber":135,"author":{"gitId":"jimseah-0116"},"content":"                        if (eventToSplit[0].trim().isEmpty()) { // Empty start time (whitespace)","lastModifiedDate":"2024-01-27"},{"lineNumber":136,"author":{"gitId":"jimseah-0116"},"content":"                            System.out.println(\"_________________________\\n\" +","lastModifiedDate":"2024-01-27"},{"lineNumber":137,"author":{"gitId":"jimseah-0116"},"content":"                                    \"Hey bro, the start time cannot be empty.\\n\" +","lastModifiedDate":"2024-01-27"},{"lineNumber":138,"author":{"gitId":"jimseah-0116"},"content":"                                    \"_________________________\\n\");","lastModifiedDate":"2024-01-27"},{"lineNumber":139,"author":{"gitId":"jimseah-0116"},"content":"                            break;","lastModifiedDate":"2024-01-27"},{"lineNumber":140,"author":{"gitId":"jimseah-0116"},"content":"                        }","lastModifiedDate":"2024-01-27"},{"lineNumber":141,"author":{"gitId":"jimseah-0116"},"content":"                        if (eventToSplit[1].trim().isEmpty()) { // Empty end time (whitespace)","lastModifiedDate":"2024-01-27"},{"lineNumber":142,"author":{"gitId":"jimseah-0116"},"content":"                            System.out.println(\"_________________________\\n\" +","lastModifiedDate":"2024-01-27"},{"lineNumber":143,"author":{"gitId":"jimseah-0116"},"content":"                                    \"Hey bro, the end time cannot be empty.\\n\" +","lastModifiedDate":"2024-01-27"},{"lineNumber":144,"author":{"gitId":"jimseah-0116"},"content":"                                    \"_________________________\\n\");","lastModifiedDate":"2024-01-27"},{"lineNumber":145,"author":{"gitId":"jimseah-0116"},"content":"                            break;","lastModifiedDate":"2024-01-27"},{"lineNumber":146,"author":{"gitId":"jimseah-0116"},"content":"                        }","lastModifiedDate":"2024-01-27"},{"lineNumber":147,"author":{"gitId":"jimseah-0116"},"content":"                        for (int i \u003d 1; i \u003c\u003d 100; i++) {","lastModifiedDate":"2024-01-27"},{"lineNumber":148,"author":{"gitId":"jimseah-0116"},"content":"                            if (taskList.get(i) \u003d\u003d null) {","lastModifiedDate":"2024-01-27"},{"lineNumber":149,"author":{"gitId":"jimseah-0116"},"content":"                                taskList.add(i, new Event(eventName, eventToSplit[0], eventToSplit[1]));","lastModifiedDate":"2024-01-27"},{"lineNumber":150,"author":{"gitId":"jimseah-0116"},"content":"                                Task.incrementTaskCount();","lastModifiedDate":"2024-01-30"},{"lineNumber":151,"author":{"gitId":"jimseah-0116"},"content":"                                System.out.println(\"_________________________\\n\" +","lastModifiedDate":"2024-01-27"},{"lineNumber":152,"author":{"gitId":"jimseah-0116"},"content":"                                        \"Ok bro, I\u0027ve added: \\n\" + taskList.get(i).toString() + \"\\ninto your list.\\n\" +","lastModifiedDate":"2024-01-27"},{"lineNumber":153,"author":{"gitId":"jimseah-0116"},"content":"                                        \"You\u0027ve got \" + Task.getTaskCount() + \" task(s) now.\\n\" +","lastModifiedDate":"2024-01-30"},{"lineNumber":154,"author":{"gitId":"jimseah-0116"},"content":"                                        \"_________________________\\n\");","lastModifiedDate":"2024-01-27"},{"lineNumber":155,"author":{"gitId":"jimseah-0116"},"content":"                                break;","lastModifiedDate":"2024-01-27"},{"lineNumber":156,"author":{"gitId":"jimseah-0116"},"content":"                            }","lastModifiedDate":"2024-01-27"},{"lineNumber":157,"author":{"gitId":"jimseah-0116"},"content":"                        }","lastModifiedDate":"2024-01-27"},{"lineNumber":158,"author":{"gitId":"jimseah-0116"},"content":"                    } catch (ArrayIndexOutOfBoundsException | StringIndexOutOfBoundsException e) {","lastModifiedDate":"2024-01-27"},{"lineNumber":159,"author":{"gitId":"jimseah-0116"},"content":"                        System.out.println(\"_________________________\\n\" +","lastModifiedDate":"2024-01-27"},{"lineNumber":160,"author":{"gitId":"jimseah-0116"},"content":"                                \"Hey bro, make sure to follow the format:\\n\" +","lastModifiedDate":"2024-01-27"},{"lineNumber":161,"author":{"gitId":"jimseah-0116"},"content":"                                \"event \u003ctask description\u003e /from \u003cstart time\u003e /to \u003cend time\u003e\\n\" +","lastModifiedDate":"2024-01-27"},{"lineNumber":162,"author":{"gitId":"jimseah-0116"},"content":"                                \"(task description, start time and end time cannot be empty)\\n\" +","lastModifiedDate":"2024-01-27"},{"lineNumber":163,"author":{"gitId":"jimseah-0116"},"content":"                                \"_________________________\\n\");","lastModifiedDate":"2024-01-27"},{"lineNumber":164,"author":{"gitId":"jimseah-0116"},"content":"                        break;","lastModifiedDate":"2024-01-27"},{"lineNumber":165,"author":{"gitId":"jimseah-0116"},"content":"                    }","lastModifiedDate":"2024-01-27"},{"lineNumber":166,"author":{"gitId":"jimseah-0116"},"content":"                    break;","lastModifiedDate":"2024-01-26"},{"lineNumber":167,"author":{"gitId":"jimseah-0116"},"content":"","lastModifiedDate":"2024-01-26"},{"lineNumber":168,"author":{"gitId":"jimseah-0116"},"content":"                case \"mark\":","lastModifiedDate":"2024-01-26"},{"lineNumber":169,"author":{"gitId":"jimseah-0116"},"content":"                    int taskNum \u003d Integer.parseInt(inputSplit[1]);","lastModifiedDate":"2024-01-26"},{"lineNumber":170,"author":{"gitId":"jimseah-0116"},"content":"                    if (taskList.get(taskNum) \u003d\u003d null) {","lastModifiedDate":"2024-01-27"},{"lineNumber":171,"author":{"gitId":"jimseah-0116"},"content":"                        System.out.println(\"_________________________\\n\" +","lastModifiedDate":"2024-01-26"},{"lineNumber":172,"author":{"gitId":"jimseah-0116"},"content":"                                \"Sorry bro, this task doesn\u0027t exist in your list.\\n\" +","lastModifiedDate":"2024-01-26"},{"lineNumber":173,"author":{"gitId":"jimseah-0116"},"content":"                                \"_________________________\\n\");","lastModifiedDate":"2024-01-26"},{"lineNumber":174,"author":{"gitId":"jimseah-0116"},"content":"                        break;","lastModifiedDate":"2024-01-26"},{"lineNumber":175,"author":{"gitId":"jimseah-0116"},"content":"                    }","lastModifiedDate":"2024-01-26"},{"lineNumber":176,"author":{"gitId":"jimseah-0116"},"content":"                    taskList.get(taskNum).markAsDone();","lastModifiedDate":"2024-01-27"},{"lineNumber":177,"author":{"gitId":"jimseah-0116"},"content":"                    System.out.println(\"_________________________\\n\" +","lastModifiedDate":"2024-01-26"},{"lineNumber":178,"author":{"gitId":"jimseah-0116"},"content":"                            \"Got it bro! Task \" + taskNum + \" is marked as done:\\n\" +","lastModifiedDate":"2024-01-26"},{"lineNumber":179,"author":{"gitId":"jimseah-0116"},"content":"                            taskList.get(taskNum).toString() +","lastModifiedDate":"2024-01-27"},{"lineNumber":180,"author":{"gitId":"jimseah-0116"},"content":"                            \"\\n_________________________\\n\");","lastModifiedDate":"2024-01-26"},{"lineNumber":181,"author":{"gitId":"jimseah-0116"},"content":"                    break;","lastModifiedDate":"2024-01-26"},{"lineNumber":182,"author":{"gitId":"jimseah-0116"},"content":"","lastModifiedDate":"2024-01-26"},{"lineNumber":183,"author":{"gitId":"jimseah-0116"},"content":"                case \"unmark\":","lastModifiedDate":"2024-01-26"},{"lineNumber":184,"author":{"gitId":"jimseah-0116"},"content":"                    int taskNum2 \u003d Integer.parseInt(inputSplit[1]);","lastModifiedDate":"2024-01-26"},{"lineNumber":185,"author":{"gitId":"jimseah-0116"},"content":"                    if (taskList.get(taskNum2) \u003d\u003d null) {","lastModifiedDate":"2024-01-27"},{"lineNumber":186,"author":{"gitId":"jimseah-0116"},"content":"                        System.out.println(\"_________________________\\n\" +","lastModifiedDate":"2024-01-26"},{"lineNumber":187,"author":{"gitId":"jimseah-0116"},"content":"                                \"Sorry bro, this task doesn\u0027t exist in your list.\\n\" +","lastModifiedDate":"2024-01-26"},{"lineNumber":188,"author":{"gitId":"jimseah-0116"},"content":"                                \"_________________________\\n\");","lastModifiedDate":"2024-01-26"},{"lineNumber":189,"author":{"gitId":"jimseah-0116"},"content":"                        break;","lastModifiedDate":"2024-01-26"},{"lineNumber":190,"author":{"gitId":"jimseah-0116"},"content":"                    }","lastModifiedDate":"2024-01-26"},{"lineNumber":191,"author":{"gitId":"jimseah-0116"},"content":"                    taskList.get(taskNum2).markAsUndone();","lastModifiedDate":"2024-01-27"},{"lineNumber":192,"author":{"gitId":"jimseah-0116"},"content":"                    System.out.println(\"_________________________\\n\" +","lastModifiedDate":"2024-01-26"},{"lineNumber":193,"author":{"gitId":"jimseah-0116"},"content":"                            \"Got it bro! Task \" + taskNum2 + \" is marked as not done yet:\\n\" +","lastModifiedDate":"2024-01-26"},{"lineNumber":194,"author":{"gitId":"jimseah-0116"},"content":"                            taskList.get(taskNum2).toString() +","lastModifiedDate":"2024-01-27"},{"lineNumber":195,"author":{"gitId":"jimseah-0116"},"content":"                            \"\\n_________________________\\n\");","lastModifiedDate":"2024-01-26"},{"lineNumber":196,"author":{"gitId":"jimseah-0116"},"content":"                    break;","lastModifiedDate":"2024-01-26"},{"lineNumber":197,"author":{"gitId":"jimseah-0116"},"content":"","lastModifiedDate":"2024-01-26"},{"lineNumber":198,"author":{"gitId":"jimseah-0116"},"content":"                case \"delete\":","lastModifiedDate":"2024-01-27"},{"lineNumber":199,"author":{"gitId":"jimseah-0116"},"content":"                    int taskNum3 \u003d Integer.parseInt(inputSplit[1]);","lastModifiedDate":"2024-01-27"},{"lineNumber":200,"author":{"gitId":"jimseah-0116"},"content":"                    if (taskList.get(taskNum3) \u003d\u003d null) {","lastModifiedDate":"2024-01-27"},{"lineNumber":201,"author":{"gitId":"jimseah-0116"},"content":"                        System.out.println(\"_________________________\\n\" +","lastModifiedDate":"2024-01-27"},{"lineNumber":202,"author":{"gitId":"jimseah-0116"},"content":"                                \"Sorry bro, this task doesn\u0027t exist in your list.\\n\" +","lastModifiedDate":"2024-01-27"},{"lineNumber":203,"author":{"gitId":"jimseah-0116"},"content":"                                \"_________________________\\n\");","lastModifiedDate":"2024-01-27"},{"lineNumber":204,"author":{"gitId":"jimseah-0116"},"content":"                        break;","lastModifiedDate":"2024-01-27"},{"lineNumber":205,"author":{"gitId":"jimseah-0116"},"content":"                    }","lastModifiedDate":"2024-01-27"},{"lineNumber":206,"author":{"gitId":"jimseah-0116"},"content":"                    String taskName \u003d taskList.get(taskNum3).toString();","lastModifiedDate":"2024-01-27"},{"lineNumber":207,"author":{"gitId":"jimseah-0116"},"content":"                    taskList.remove(taskNum3);","lastModifiedDate":"2024-01-27"},{"lineNumber":208,"author":{"gitId":"jimseah-0116"},"content":"                    Task.decrementTaskCount();","lastModifiedDate":"2024-01-30"},{"lineNumber":209,"author":{"gitId":"jimseah-0116"},"content":"                    System.out.println(\"_________________________\\n\" +","lastModifiedDate":"2024-01-27"},{"lineNumber":210,"author":{"gitId":"jimseah-0116"},"content":"                            \"Got it bro! Task \" + taskNum3 + \" has been removed:\\n\" +","lastModifiedDate":"2024-01-27"},{"lineNumber":211,"author":{"gitId":"jimseah-0116"},"content":"                            taskName + \"\\n\" +","lastModifiedDate":"2024-01-27"},{"lineNumber":212,"author":{"gitId":"jimseah-0116"},"content":"                            \"_________________________\\n\");","lastModifiedDate":"2024-01-27"},{"lineNumber":213,"author":{"gitId":"jimseah-0116"},"content":"                    break;","lastModifiedDate":"2024-01-27"},{"lineNumber":214,"author":{"gitId":"jimseah-0116"},"content":"","lastModifiedDate":"2024-01-27"},{"lineNumber":215,"author":{"gitId":"jimseah-0116"},"content":"                case \"bye\":","lastModifiedDate":"2024-01-26"},{"lineNumber":216,"author":{"gitId":"jimseah-0116"},"content":"                    isRunning \u003d false;","lastModifiedDate":"2024-02-03"},{"lineNumber":217,"author":{"gitId":"jimseah-0116"},"content":"                    String tasksToSave \u003d \"\";","lastModifiedDate":"2024-02-04"},{"lineNumber":218,"author":{"gitId":"jimseah-0116"},"content":"                    for (int i \u003d 1; i \u003c\u003d 100; i++) {","lastModifiedDate":"2024-02-04"},{"lineNumber":219,"author":{"gitId":"jimseah-0116"},"content":"                        if (taskList.get(i) \u003d\u003d null) {","lastModifiedDate":"2024-02-04"},{"lineNumber":220,"author":{"gitId":"jimseah-0116"},"content":"                            break;","lastModifiedDate":"2024-02-04"},{"lineNumber":221,"author":{"gitId":"jimseah-0116"},"content":"                        }","lastModifiedDate":"2024-02-04"},{"lineNumber":222,"author":{"gitId":"jimseah-0116"},"content":"                        tasksToSave +\u003d taskList.get(i).toStorageFormat() + \"\\n\";","lastModifiedDate":"2024-02-06"},{"lineNumber":223,"author":{"gitId":"jimseah-0116"},"content":"                    }","lastModifiedDate":"2024-02-04"},{"lineNumber":224,"author":{"gitId":"jimseah-0116"},"content":"                    db.saveToFile(tasksToSave);","lastModifiedDate":"2024-02-04"},{"lineNumber":225,"author":{"gitId":"jimseah-0116"},"content":"                    parser.closeScanner();","lastModifiedDate":"2024-02-06"},{"lineNumber":226,"author":{"gitId":"jimseah-0116"},"content":"                    ui.printBye();","lastModifiedDate":"2024-02-03"},{"lineNumber":227,"author":{"gitId":"jimseah-0116"},"content":"                    break;","lastModifiedDate":"2024-01-26"},{"lineNumber":228,"author":{"gitId":"jimseah-0116"},"content":"","lastModifiedDate":"2024-01-26"},{"lineNumber":229,"author":{"gitId":"jimseah-0116"},"content":"                default:","lastModifiedDate":"2024-01-27"},{"lineNumber":230,"author":{"gitId":"jimseah-0116"},"content":"                    System.out.println(\"_________________________\\n\" +","lastModifiedDate":"2024-01-26"},{"lineNumber":231,"author":{"gitId":"jimseah-0116"},"content":"                            \"Sorry bro, I don\u0027t understand what you mean.\\n\" +","lastModifiedDate":"2024-01-27"},{"lineNumber":232,"author":{"gitId":"jimseah-0116"},"content":"                            \"_________________________\\n\");","lastModifiedDate":"2024-01-26"},{"lineNumber":233,"author":{"gitId":"jimseah-0116"},"content":"                    break;","lastModifiedDate":"2024-01-26"},{"lineNumber":234,"author":{"gitId":"jimseah-0116"},"content":"            }","lastModifiedDate":"2024-01-26"},{"lineNumber":235,"author":{"gitId":"jimseah-0116"},"content":"        }","lastModifiedDate":"2024-01-26"},{"lineNumber":236,"author":{"gitId":"jimseah-0116"},"content":"    }","lastModifiedDate":"2024-01-26"},{"lineNumber":237,"author":{"gitId":"jimseah-0116"},"content":"}","lastModifiedDate":"2024-01-26"}],"authorContributionMap":{"jimseah-0116":237}},{"path":"src/main/java/Database.java","fileType":"java","lines":[{"lineNumber":1,"author":{"gitId":"jimseah-0116"},"content":"import java.io.IOException;","lastModifiedDate":"2024-02-04"},{"lineNumber":2,"author":{"gitId":"jimseah-0116"},"content":"import java.nio.file.Files;","lastModifiedDate":"2024-02-04"},{"lineNumber":3,"author":{"gitId":"jimseah-0116"},"content":"import java.nio.file.NoSuchFileException;","lastModifiedDate":"2024-02-04"},{"lineNumber":4,"author":{"gitId":"jimseah-0116"},"content":"import java.nio.file.Paths;","lastModifiedDate":"2024-02-04"},{"lineNumber":5,"author":{"gitId":"jimseah-0116"},"content":"","lastModifiedDate":"2024-02-04"},{"lineNumber":6,"author":{"gitId":"jimseah-0116"},"content":"/**","lastModifiedDate":"2024-02-04"},{"lineNumber":7,"author":{"gitId":"jimseah-0116"},"content":" * Represents a database that stores and loads tasks in a file.","lastModifiedDate":"2024-02-04"},{"lineNumber":8,"author":{"gitId":"jimseah-0116"},"content":" */","lastModifiedDate":"2024-02-04"},{"lineNumber":9,"author":{"gitId":"jimseah-0116"},"content":"public class Database {","lastModifiedDate":"2024-02-04"},{"lineNumber":10,"author":{"gitId":"jimseah-0116"},"content":"    private static final String FILE_PATH \u003d \"./savedTasks.txt\";","lastModifiedDate":"2024-02-05"},{"lineNumber":11,"author":{"gitId":"jimseah-0116"},"content":"    //saveToFile and readFromFile methods adapted from ChatGPT output","lastModifiedDate":"2024-02-04"},{"lineNumber":12,"author":{"gitId":"jimseah-0116"},"content":"    public static void saveToFile(String tasks) {","lastModifiedDate":"2024-02-04"},{"lineNumber":13,"author":{"gitId":"jimseah-0116"},"content":"        try {","lastModifiedDate":"2024-02-04"},{"lineNumber":14,"author":{"gitId":"jimseah-0116"},"content":"            Files.write(Paths.get(FILE_PATH), tasks.getBytes());","lastModifiedDate":"2024-02-04"},{"lineNumber":15,"author":{"gitId":"jimseah-0116"},"content":"        } catch (Exception e) {","lastModifiedDate":"2024-02-04"},{"lineNumber":16,"author":{"gitId":"jimseah-0116"},"content":"            e.printStackTrace();","lastModifiedDate":"2024-02-04"},{"lineNumber":17,"author":{"gitId":"jimseah-0116"},"content":"        }","lastModifiedDate":"2024-02-04"},{"lineNumber":18,"author":{"gitId":"jimseah-0116"},"content":"    }","lastModifiedDate":"2024-02-04"},{"lineNumber":19,"author":{"gitId":"jimseah-0116"},"content":"","lastModifiedDate":"2024-02-04"},{"lineNumber":20,"author":{"gitId":"jimseah-0116"},"content":"    public static String readFromFile() {","lastModifiedDate":"2024-02-04"},{"lineNumber":21,"author":{"gitId":"jimseah-0116"},"content":"        try {","lastModifiedDate":"2024-02-04"},{"lineNumber":22,"author":{"gitId":"jimseah-0116"},"content":"            return Files.readString(Paths.get(FILE_PATH));","lastModifiedDate":"2024-02-04"},{"lineNumber":23,"author":{"gitId":"jimseah-0116"},"content":"        } catch (NoSuchFileException e) {","lastModifiedDate":"2024-02-04"},{"lineNumber":24,"author":{"gitId":"jimseah-0116"},"content":"            // Handle the case where the file does not exist yet","lastModifiedDate":"2024-02-04"},{"lineNumber":25,"author":{"gitId":"jimseah-0116"},"content":"            createEmptyFile();","lastModifiedDate":"2024-02-04"},{"lineNumber":26,"author":{"gitId":"jimseah-0116"},"content":"            return \"\";","lastModifiedDate":"2024-02-04"},{"lineNumber":27,"author":{"gitId":"jimseah-0116"},"content":"        } catch (Exception e) {","lastModifiedDate":"2024-02-04"},{"lineNumber":28,"author":{"gitId":"jimseah-0116"},"content":"            e.printStackTrace();","lastModifiedDate":"2024-02-04"},{"lineNumber":29,"author":{"gitId":"jimseah-0116"},"content":"            return \"\";","lastModifiedDate":"2024-02-04"},{"lineNumber":30,"author":{"gitId":"jimseah-0116"},"content":"        }","lastModifiedDate":"2024-02-04"},{"lineNumber":31,"author":{"gitId":"jimseah-0116"},"content":"    }","lastModifiedDate":"2024-02-04"},{"lineNumber":32,"author":{"gitId":"jimseah-0116"},"content":"","lastModifiedDate":"2024-02-04"},{"lineNumber":33,"author":{"gitId":"jimseah-0116"},"content":"    private static void createEmptyFile() {","lastModifiedDate":"2024-02-04"},{"lineNumber":34,"author":{"gitId":"jimseah-0116"},"content":"        try {","lastModifiedDate":"2024-02-04"},{"lineNumber":35,"author":{"gitId":"jimseah-0116"},"content":"            Files.createFile(Paths.get(FILE_PATH));","lastModifiedDate":"2024-02-04"},{"lineNumber":36,"author":{"gitId":"jimseah-0116"},"content":"        } catch (IOException e) {","lastModifiedDate":"2024-02-04"},{"lineNumber":37,"author":{"gitId":"jimseah-0116"},"content":"            e.printStackTrace();","lastModifiedDate":"2024-02-04"},{"lineNumber":38,"author":{"gitId":"jimseah-0116"},"content":"        }","lastModifiedDate":"2024-02-04"},{"lineNumber":39,"author":{"gitId":"jimseah-0116"},"content":"    }","lastModifiedDate":"2024-02-04"},{"lineNumber":40,"author":{"gitId":"jimseah-0116"},"content":"","lastModifiedDate":"2024-02-06"},{"lineNumber":41,"author":{"gitId":"jimseah-0116"},"content":"    /**","lastModifiedDate":"2024-02-06"},{"lineNumber":42,"author":{"gitId":"jimseah-0116"},"content":"     * Parses a string into a Task object.","lastModifiedDate":"2024-02-06"},{"lineNumber":43,"author":{"gitId":"jimseah-0116"},"content":"     * @return Task object.","lastModifiedDate":"2024-02-06"},{"lineNumber":44,"author":{"gitId":"jimseah-0116"},"content":"     */","lastModifiedDate":"2024-02-06"},{"lineNumber":45,"author":{"gitId":"jimseah-0116"},"content":"    public static Task parseTask(String taskString) throws WrongFileFormatException {","lastModifiedDate":"2024-02-06"},{"lineNumber":46,"author":{"gitId":"jimseah-0116"},"content":"        try {","lastModifiedDate":"2024-02-06"},{"lineNumber":47,"author":{"gitId":"jimseah-0116"},"content":"            String[] splitString \u003d taskString.split(\"♢\");","lastModifiedDate":"2024-02-06"},{"lineNumber":48,"author":{"gitId":"jimseah-0116"},"content":"            for (String s : splitString) {","lastModifiedDate":"2024-02-06"},{"lineNumber":49,"author":{"gitId":"jimseah-0116"},"content":"                if (s.isEmpty()) { // if any information is missing","lastModifiedDate":"2024-02-06"},{"lineNumber":50,"author":{"gitId":"jimseah-0116"},"content":"                    throw new WrongFileFormatException(\"savedTasks.txt is in the wrong format. Please delete the file and restart the program.\");","lastModifiedDate":"2024-02-06"},{"lineNumber":51,"author":{"gitId":"jimseah-0116"},"content":"                }","lastModifiedDate":"2024-02-06"},{"lineNumber":52,"author":{"gitId":"jimseah-0116"},"content":"            }","lastModifiedDate":"2024-02-06"},{"lineNumber":53,"author":{"gitId":"jimseah-0116"},"content":"            String type \u003d splitString[0];","lastModifiedDate":"2024-02-06"},{"lineNumber":54,"author":{"gitId":"jimseah-0116"},"content":"            String status \u003d splitString[1];","lastModifiedDate":"2024-02-06"},{"lineNumber":55,"author":{"gitId":"jimseah-0116"},"content":"            String description \u003d splitString[2];","lastModifiedDate":"2024-02-06"},{"lineNumber":56,"author":{"gitId":"jimseah-0116"},"content":"            boolean isDone;","lastModifiedDate":"2024-02-06"},{"lineNumber":57,"author":{"gitId":"jimseah-0116"},"content":"            if (status.equals(\"X\")) {","lastModifiedDate":"2024-02-06"},{"lineNumber":58,"author":{"gitId":"jimseah-0116"},"content":"                isDone \u003d true;","lastModifiedDate":"2024-02-06"},{"lineNumber":59,"author":{"gitId":"jimseah-0116"},"content":"            } else if (status.equals(\" \")) {","lastModifiedDate":"2024-02-06"},{"lineNumber":60,"author":{"gitId":"jimseah-0116"},"content":"                isDone \u003d false;","lastModifiedDate":"2024-02-06"},{"lineNumber":61,"author":{"gitId":"jimseah-0116"},"content":"            } else {","lastModifiedDate":"2024-02-06"},{"lineNumber":62,"author":{"gitId":"jimseah-0116"},"content":"                throw new WrongFileFormatException(\"savedTasks.txt is in the wrong format. Please delete the file and restart the program.\");","lastModifiedDate":"2024-02-06"},{"lineNumber":63,"author":{"gitId":"jimseah-0116"},"content":"            }","lastModifiedDate":"2024-02-06"},{"lineNumber":64,"author":{"gitId":"jimseah-0116"},"content":"            switch (type) {","lastModifiedDate":"2024-02-06"},{"lineNumber":65,"author":{"gitId":"jimseah-0116"},"content":"                case \"T\":","lastModifiedDate":"2024-02-06"},{"lineNumber":66,"author":{"gitId":"jimseah-0116"},"content":"                    return new ToDo(description, isDone);","lastModifiedDate":"2024-02-06"},{"lineNumber":67,"author":{"gitId":"jimseah-0116"},"content":"                case \"D\":","lastModifiedDate":"2024-02-06"},{"lineNumber":68,"author":{"gitId":"jimseah-0116"},"content":"                    String by \u003d splitString[3];","lastModifiedDate":"2024-02-06"},{"lineNumber":69,"author":{"gitId":"jimseah-0116"},"content":"                    return new Deadline(description, by, isDone);","lastModifiedDate":"2024-02-06"},{"lineNumber":70,"author":{"gitId":"jimseah-0116"},"content":"                case \"E\":","lastModifiedDate":"2024-02-06"},{"lineNumber":71,"author":{"gitId":"jimseah-0116"},"content":"                    String start \u003d splitString[3];","lastModifiedDate":"2024-02-06"},{"lineNumber":72,"author":{"gitId":"jimseah-0116"},"content":"                    String end \u003d splitString[4];","lastModifiedDate":"2024-02-06"},{"lineNumber":73,"author":{"gitId":"jimseah-0116"},"content":"                    return new Event(description, start, end, isDone);","lastModifiedDate":"2024-02-06"},{"lineNumber":74,"author":{"gitId":"jimseah-0116"},"content":"                default:","lastModifiedDate":"2024-02-06"},{"lineNumber":75,"author":{"gitId":"jimseah-0116"},"content":"                    throw new WrongFileFormatException(\"savedTasks.txt is in the wrong format. Please delete the file and restart the program.\");","lastModifiedDate":"2024-02-06"},{"lineNumber":76,"author":{"gitId":"jimseah-0116"},"content":"            }","lastModifiedDate":"2024-02-06"},{"lineNumber":77,"author":{"gitId":"jimseah-0116"},"content":"        } catch (ArrayIndexOutOfBoundsException e) {","lastModifiedDate":"2024-02-06"},{"lineNumber":78,"author":{"gitId":"jimseah-0116"},"content":"            throw new WrongFileFormatException(\"savedTasks.txt is in the wrong format. Please delete the file and restart the program.\");","lastModifiedDate":"2024-02-06"},{"lineNumber":79,"author":{"gitId":"jimseah-0116"},"content":"        }","lastModifiedDate":"2024-02-06"},{"lineNumber":80,"author":{"gitId":"jimseah-0116"},"content":"    }","lastModifiedDate":"2024-02-06"},{"lineNumber":81,"author":{"gitId":"jimseah-0116"},"content":"}","lastModifiedDate":"2024-02-04"}],"authorContributionMap":{"jimseah-0116":81}},{"path":"src/main/java/Deadline.java","fileType":"java","lines":[{"lineNumber":1,"author":{"gitId":"jimseah-0116"},"content":"/**","lastModifiedDate":"2024-02-04"},{"lineNumber":2,"author":{"gitId":"jimseah-0116"},"content":" * Deadline class that represents a Task with a deadline.","lastModifiedDate":"2024-02-04"},{"lineNumber":3,"author":{"gitId":"jimseah-0116"},"content":" */","lastModifiedDate":"2024-02-04"},{"lineNumber":4,"author":{"gitId":"jimseah-0116"},"content":"public class Deadline extends Task {","lastModifiedDate":"2024-01-27"},{"lineNumber":5,"author":{"gitId":"jimseah-0116"},"content":"    protected String by;","lastModifiedDate":"2024-01-27"},{"lineNumber":6,"author":{"gitId":"jimseah-0116"},"content":"    /**","lastModifiedDate":"2024-01-27"},{"lineNumber":7,"author":{"gitId":"jimseah-0116"},"content":"     * Constructor for Deadline class.","lastModifiedDate":"2024-01-27"},{"lineNumber":8,"author":{"gitId":"jimseah-0116"},"content":"     *","lastModifiedDate":"2024-01-27"},{"lineNumber":9,"author":{"gitId":"jimseah-0116"},"content":"     * @param description Description of Deadline object.","lastModifiedDate":"2024-01-27"},{"lineNumber":10,"author":{"gitId":"jimseah-0116"},"content":"     * @param by the deadline of Deadline object.","lastModifiedDate":"2024-01-27"},{"lineNumber":11,"author":{"gitId":"jimseah-0116"},"content":"     */","lastModifiedDate":"2024-01-27"},{"lineNumber":12,"author":{"gitId":"jimseah-0116"},"content":"    public Deadline(String description, String by) {","lastModifiedDate":"2024-01-27"},{"lineNumber":13,"author":{"gitId":"jimseah-0116"},"content":"        super(description);","lastModifiedDate":"2024-01-27"},{"lineNumber":14,"author":{"gitId":"jimseah-0116"},"content":"        this.type \u003d \"D\";","lastModifiedDate":"2024-02-04"},{"lineNumber":15,"author":{"gitId":"jimseah-0116"},"content":"        this.by \u003d by;","lastModifiedDate":"2024-02-04"},{"lineNumber":16,"author":{"gitId":"jimseah-0116"},"content":"    }","lastModifiedDate":"2024-02-04"},{"lineNumber":17,"author":{"gitId":"jimseah-0116"},"content":"    public Deadline(String description, String by, boolean isDone) { // Overloaded constructor: loading from file","lastModifiedDate":"2024-02-04"},{"lineNumber":18,"author":{"gitId":"jimseah-0116"},"content":"        super(description, isDone);","lastModifiedDate":"2024-02-04"},{"lineNumber":19,"author":{"gitId":"jimseah-0116"},"content":"        this.type \u003d \"D\";","lastModifiedDate":"2024-02-04"},{"lineNumber":20,"author":{"gitId":"jimseah-0116"},"content":"        this.by \u003d by;","lastModifiedDate":"2024-01-27"},{"lineNumber":21,"author":{"gitId":"jimseah-0116"},"content":"    }","lastModifiedDate":"2024-01-27"},{"lineNumber":22,"author":{"gitId":"jimseah-0116"},"content":"    public String toString() {","lastModifiedDate":"2024-01-27"},{"lineNumber":23,"author":{"gitId":"jimseah-0116"},"content":"        return \"[D]\" + super.toString() + \" (by: \" + this.by + \")\";","lastModifiedDate":"2024-01-27"},{"lineNumber":24,"author":{"gitId":"jimseah-0116"},"content":"    }","lastModifiedDate":"2024-01-27"},{"lineNumber":25,"author":{"gitId":"jimseah-0116"},"content":"    @Override","lastModifiedDate":"2024-02-06"},{"lineNumber":26,"author":{"gitId":"jimseah-0116"},"content":"    public String toStorageFormat() {","lastModifiedDate":"2024-02-06"},{"lineNumber":27,"author":{"gitId":"jimseah-0116"},"content":"        return super.toStorageFormat() + \"♢\" + this.by;","lastModifiedDate":"2024-02-06"},{"lineNumber":28,"author":{"gitId":"jimseah-0116"},"content":"    }","lastModifiedDate":"2024-02-06"},{"lineNumber":29,"author":{"gitId":"jimseah-0116"},"content":"}","lastModifiedDate":"2024-01-27"}],"authorContributionMap":{"jimseah-0116":29}},{"path":"src/main/java/Event.java","fileType":"java","lines":[{"lineNumber":1,"author":{"gitId":"jimseah-0116"},"content":"/**","lastModifiedDate":"2024-02-04"},{"lineNumber":2,"author":{"gitId":"jimseah-0116"},"content":" * Event class that represents a Task with starting and ending time.","lastModifiedDate":"2024-02-04"},{"lineNumber":3,"author":{"gitId":"jimseah-0116"},"content":" */","lastModifiedDate":"2024-02-04"},{"lineNumber":4,"author":{"gitId":"jimseah-0116"},"content":"public class Event extends Task {","lastModifiedDate":"2024-01-27"},{"lineNumber":5,"author":{"gitId":"jimseah-0116"},"content":"    protected String startTime;","lastModifiedDate":"2024-01-27"},{"lineNumber":6,"author":{"gitId":"jimseah-0116"},"content":"    protected String endTime;","lastModifiedDate":"2024-01-27"},{"lineNumber":7,"author":{"gitId":"jimseah-0116"},"content":"","lastModifiedDate":"2024-01-27"},{"lineNumber":8,"author":{"gitId":"jimseah-0116"},"content":"    /**","lastModifiedDate":"2024-01-27"},{"lineNumber":9,"author":{"gitId":"jimseah-0116"},"content":"     * Constructor for Event class.","lastModifiedDate":"2024-01-27"},{"lineNumber":10,"author":{"gitId":"jimseah-0116"},"content":"     *","lastModifiedDate":"2024-01-27"},{"lineNumber":11,"author":{"gitId":"jimseah-0116"},"content":"     * @param description Description of Event object.","lastModifiedDate":"2024-01-27"},{"lineNumber":12,"author":{"gitId":"jimseah-0116"},"content":"     */","lastModifiedDate":"2024-01-27"},{"lineNumber":13,"author":{"gitId":"jimseah-0116"},"content":"    public Event(String description, String startTime, String endTime) {","lastModifiedDate":"2024-01-27"},{"lineNumber":14,"author":{"gitId":"jimseah-0116"},"content":"        super(description);","lastModifiedDate":"2024-01-27"},{"lineNumber":15,"author":{"gitId":"jimseah-0116"},"content":"        this.type \u003d \"E\";","lastModifiedDate":"2024-02-04"},{"lineNumber":16,"author":{"gitId":"jimseah-0116"},"content":"        this.startTime \u003d startTime;","lastModifiedDate":"2024-02-04"},{"lineNumber":17,"author":{"gitId":"jimseah-0116"},"content":"        this.endTime \u003d endTime;","lastModifiedDate":"2024-02-04"},{"lineNumber":18,"author":{"gitId":"jimseah-0116"},"content":"    }","lastModifiedDate":"2024-02-04"},{"lineNumber":19,"author":{"gitId":"jimseah-0116"},"content":"    public Event(String description, String startTime, String endTime, boolean isDone) { // Overloaded constructor: loading from file","lastModifiedDate":"2024-02-04"},{"lineNumber":20,"author":{"gitId":"jimseah-0116"},"content":"        super(description, isDone);","lastModifiedDate":"2024-02-04"},{"lineNumber":21,"author":{"gitId":"jimseah-0116"},"content":"        this.type \u003d \"E\";","lastModifiedDate":"2024-02-04"},{"lineNumber":22,"author":{"gitId":"jimseah-0116"},"content":"        this.startTime \u003d startTime;","lastModifiedDate":"2024-01-27"},{"lineNumber":23,"author":{"gitId":"jimseah-0116"},"content":"        this.endTime \u003d endTime;","lastModifiedDate":"2024-01-27"},{"lineNumber":24,"author":{"gitId":"jimseah-0116"},"content":"    }","lastModifiedDate":"2024-01-27"},{"lineNumber":25,"author":{"gitId":"jimseah-0116"},"content":"    public String toString() {","lastModifiedDate":"2024-01-27"},{"lineNumber":26,"author":{"gitId":"jimseah-0116"},"content":"        return \"[E]\" + super.toString() + \" (from: \" + this.startTime + \", to: \" + this.endTime + \")\";","lastModifiedDate":"2024-01-27"},{"lineNumber":27,"author":{"gitId":"jimseah-0116"},"content":"    }","lastModifiedDate":"2024-01-27"},{"lineNumber":28,"author":{"gitId":"jimseah-0116"},"content":"    @Override","lastModifiedDate":"2024-02-06"},{"lineNumber":29,"author":{"gitId":"jimseah-0116"},"content":"    public String toStorageFormat() {","lastModifiedDate":"2024-02-06"},{"lineNumber":30,"author":{"gitId":"jimseah-0116"},"content":"        return super.toStorageFormat() + \"♢\" + this.startTime + \"♢\" + this.endTime;","lastModifiedDate":"2024-02-06"},{"lineNumber":31,"author":{"gitId":"jimseah-0116"},"content":"    }","lastModifiedDate":"2024-02-06"},{"lineNumber":32,"author":{"gitId":"jimseah-0116"},"content":"}","lastModifiedDate":"2024-01-27"}],"authorContributionMap":{"jimseah-0116":32}},{"path":"src/main/java/Parser.java","fileType":"java","lines":[{"lineNumber":1,"author":{"gitId":"jimseah-0116"},"content":"import java.util.Scanner;","lastModifiedDate":"2024-02-06"},{"lineNumber":2,"author":{"gitId":"jimseah-0116"},"content":"/**","lastModifiedDate":"2024-02-06"},{"lineNumber":3,"author":{"gitId":"jimseah-0116"},"content":" * Parser class parses and executes user input.","lastModifiedDate":"2024-02-06"},{"lineNumber":4,"author":{"gitId":"jimseah-0116"},"content":" */","lastModifiedDate":"2024-02-06"},{"lineNumber":5,"author":{"gitId":"jimseah-0116"},"content":"public class Parser {","lastModifiedDate":"2024-02-06"},{"lineNumber":6,"author":{"gitId":"jimseah-0116"},"content":"    private final Scanner sc;","lastModifiedDate":"2024-02-06"},{"lineNumber":7,"author":{"gitId":"jimseah-0116"},"content":"","lastModifiedDate":"2024-02-06"},{"lineNumber":8,"author":{"gitId":"jimseah-0116"},"content":"    public Parser() {","lastModifiedDate":"2024-02-06"},{"lineNumber":9,"author":{"gitId":"jimseah-0116"},"content":"        this.sc \u003d new Scanner(System.in);","lastModifiedDate":"2024-02-06"},{"lineNumber":10,"author":{"gitId":"jimseah-0116"},"content":"    }","lastModifiedDate":"2024-02-06"},{"lineNumber":11,"author":{"gitId":"jimseah-0116"},"content":"    public String readInput() {","lastModifiedDate":"2024-02-06"},{"lineNumber":12,"author":{"gitId":"jimseah-0116"},"content":"        return sc.nextLine();","lastModifiedDate":"2024-02-06"},{"lineNumber":13,"author":{"gitId":"jimseah-0116"},"content":"    }","lastModifiedDate":"2024-02-06"},{"lineNumber":14,"author":{"gitId":"jimseah-0116"},"content":"    public String parseCommand() {","lastModifiedDate":"2024-02-06"},{"lineNumber":15,"author":{"gitId":"jimseah-0116"},"content":"        String input \u003d readInput();","lastModifiedDate":"2024-02-06"},{"lineNumber":16,"author":{"gitId":"jimseah-0116"},"content":"        String[] inputSplit \u003d input.split(\" \");","lastModifiedDate":"2024-02-06"},{"lineNumber":17,"author":{"gitId":"jimseah-0116"},"content":"        String command \u003d inputSplit[0];","lastModifiedDate":"2024-02-06"},{"lineNumber":18,"author":{"gitId":"jimseah-0116"},"content":"        return command;","lastModifiedDate":"2024-02-06"},{"lineNumber":19,"author":{"gitId":"jimseah-0116"},"content":"    }","lastModifiedDate":"2024-02-06"},{"lineNumber":20,"author":{"gitId":"jimseah-0116"},"content":"    public void closeScanner() {","lastModifiedDate":"2024-02-06"},{"lineNumber":21,"author":{"gitId":"jimseah-0116"},"content":"        sc.close();","lastModifiedDate":"2024-02-06"},{"lineNumber":22,"author":{"gitId":"jimseah-0116"},"content":"    }","lastModifiedDate":"2024-02-06"},{"lineNumber":23,"author":{"gitId":"jimseah-0116"},"content":"}","lastModifiedDate":"2024-02-06"}],"authorContributionMap":{"jimseah-0116":23}},{"path":"src/main/java/Task.java","fileType":"java","lines":[{"lineNumber":1,"author":{"gitId":"jimseah-0116"},"content":"/**","lastModifiedDate":"2024-02-04"},{"lineNumber":2,"author":{"gitId":"jimseah-0116"},"content":" * Represents a user\u0027s task.","lastModifiedDate":"2024-02-04"},{"lineNumber":3,"author":{"gitId":"jimseah-0116"},"content":" */","lastModifiedDate":"2024-02-04"},{"lineNumber":4,"author":{"gitId":"jimseah-0116"},"content":"public abstract class Task {","lastModifiedDate":"2024-01-27"},{"lineNumber":5,"author":{"gitId":"jimseah-0116"},"content":"    protected String description;","lastModifiedDate":"2024-01-26"},{"lineNumber":6,"author":{"gitId":"jimseah-0116"},"content":"    protected boolean isDone;","lastModifiedDate":"2024-01-26"},{"lineNumber":7,"author":{"gitId":"jimseah-0116"},"content":"    protected String type;","lastModifiedDate":"2024-02-04"},{"lineNumber":8,"author":{"gitId":"jimseah-0116"},"content":"    protected static int taskCount \u003d 0;","lastModifiedDate":"2024-01-30"},{"lineNumber":9,"author":{"gitId":"jimseah-0116"},"content":"","lastModifiedDate":"2024-01-26"},{"lineNumber":10,"author":{"gitId":"jimseah-0116"},"content":"    /**","lastModifiedDate":"2024-01-26"},{"lineNumber":11,"author":{"gitId":"jimseah-0116"},"content":"     * Constructor for Task class.","lastModifiedDate":"2024-01-26"},{"lineNumber":12,"author":{"gitId":"jimseah-0116"},"content":"     * @param description Description of task.","lastModifiedDate":"2024-01-26"},{"lineNumber":13,"author":{"gitId":"jimseah-0116"},"content":"     */","lastModifiedDate":"2024-01-26"},{"lineNumber":14,"author":{"gitId":"jimseah-0116"},"content":"    public Task(String description) {","lastModifiedDate":"2024-01-26"},{"lineNumber":15,"author":{"gitId":"jimseah-0116"},"content":"        this.description \u003d description;","lastModifiedDate":"2024-01-26"},{"lineNumber":16,"author":{"gitId":"jimseah-0116"},"content":"        this.isDone \u003d false;","lastModifiedDate":"2024-01-26"},{"lineNumber":17,"author":{"gitId":"jimseah-0116"},"content":"    }","lastModifiedDate":"2024-01-26"},{"lineNumber":18,"author":{"gitId":"jimseah-0116"},"content":"","lastModifiedDate":"2024-01-26"},{"lineNumber":19,"author":{"gitId":"jimseah-0116"},"content":"    /**","lastModifiedDate":"2024-02-04"},{"lineNumber":20,"author":{"gitId":"jimseah-0116"},"content":"     * Constructor for Task class.","lastModifiedDate":"2024-02-04"},{"lineNumber":21,"author":{"gitId":"jimseah-0116"},"content":"     * @param description Description of task.","lastModifiedDate":"2024-02-04"},{"lineNumber":22,"author":{"gitId":"jimseah-0116"},"content":"     * @param isDone Status of task.","lastModifiedDate":"2024-02-04"},{"lineNumber":23,"author":{"gitId":"jimseah-0116"},"content":"     */","lastModifiedDate":"2024-02-04"},{"lineNumber":24,"author":{"gitId":"jimseah-0116"},"content":"    public Task(String description, boolean isDone) {","lastModifiedDate":"2024-02-04"},{"lineNumber":25,"author":{"gitId":"jimseah-0116"},"content":"        this.description \u003d description;","lastModifiedDate":"2024-02-04"},{"lineNumber":26,"author":{"gitId":"jimseah-0116"},"content":"        this.isDone \u003d isDone;","lastModifiedDate":"2024-02-04"},{"lineNumber":27,"author":{"gitId":"jimseah-0116"},"content":"    }","lastModifiedDate":"2024-02-04"},{"lineNumber":28,"author":{"gitId":"jimseah-0116"},"content":"","lastModifiedDate":"2024-02-04"},{"lineNumber":29,"author":{"gitId":"jimseah-0116"},"content":"    /**","lastModifiedDate":"2024-01-26"},{"lineNumber":30,"author":{"gitId":"jimseah-0116"},"content":"     * Returns the status icon of the task.","lastModifiedDate":"2024-01-26"},{"lineNumber":31,"author":{"gitId":"jimseah-0116"},"content":"     * @return Status icon of the task.","lastModifiedDate":"2024-01-26"},{"lineNumber":32,"author":{"gitId":"jimseah-0116"},"content":"     */","lastModifiedDate":"2024-01-26"},{"lineNumber":33,"author":{"gitId":"jimseah-0116"},"content":"    public String getStatusIcon() {","lastModifiedDate":"2024-01-26"},{"lineNumber":34,"author":{"gitId":"jimseah-0116"},"content":"        return (isDone ? \"X\" : \" \"); // mark done task with X, undone task with whitespace","lastModifiedDate":"2024-01-26"},{"lineNumber":35,"author":{"gitId":"jimseah-0116"},"content":"    }","lastModifiedDate":"2024-01-26"},{"lineNumber":36,"author":{"gitId":"jimseah-0116"},"content":"","lastModifiedDate":"2024-01-26"},{"lineNumber":37,"author":{"gitId":"jimseah-0116"},"content":"    /**","lastModifiedDate":"2024-01-26"},{"lineNumber":38,"author":{"gitId":"jimseah-0116"},"content":"     * Returns the description of the task.","lastModifiedDate":"2024-01-26"},{"lineNumber":39,"author":{"gitId":"jimseah-0116"},"content":"     * @return Description of the task.","lastModifiedDate":"2024-01-26"},{"lineNumber":40,"author":{"gitId":"jimseah-0116"},"content":"     */","lastModifiedDate":"2024-01-26"},{"lineNumber":41,"author":{"gitId":"jimseah-0116"},"content":"    public String getDescription() {","lastModifiedDate":"2024-01-26"},{"lineNumber":42,"author":{"gitId":"jimseah-0116"},"content":"        return description;","lastModifiedDate":"2024-01-26"},{"lineNumber":43,"author":{"gitId":"jimseah-0116"},"content":"    }","lastModifiedDate":"2024-01-26"},{"lineNumber":44,"author":{"gitId":"jimseah-0116"},"content":"","lastModifiedDate":"2024-01-26"},{"lineNumber":45,"author":{"gitId":"jimseah-0116"},"content":"    /**","lastModifiedDate":"2024-02-04"},{"lineNumber":46,"author":{"gitId":"jimseah-0116"},"content":"     * Returns the type of the task.","lastModifiedDate":"2024-02-04"},{"lineNumber":47,"author":{"gitId":"jimseah-0116"},"content":"     * @return Type of the task.","lastModifiedDate":"2024-02-04"},{"lineNumber":48,"author":{"gitId":"jimseah-0116"},"content":"     */","lastModifiedDate":"2024-02-04"},{"lineNumber":49,"author":{"gitId":"jimseah-0116"},"content":"    public String getType() {","lastModifiedDate":"2024-02-04"},{"lineNumber":50,"author":{"gitId":"jimseah-0116"},"content":"        return type;","lastModifiedDate":"2024-02-04"},{"lineNumber":51,"author":{"gitId":"jimseah-0116"},"content":"    }","lastModifiedDate":"2024-02-04"},{"lineNumber":52,"author":{"gitId":"jimseah-0116"},"content":"","lastModifiedDate":"2024-02-04"},{"lineNumber":53,"author":{"gitId":"jimseah-0116"},"content":"    /**","lastModifiedDate":"2024-01-26"},{"lineNumber":54,"author":{"gitId":"jimseah-0116"},"content":"     * Marks the task as done.","lastModifiedDate":"2024-01-26"},{"lineNumber":55,"author":{"gitId":"jimseah-0116"},"content":"     */","lastModifiedDate":"2024-01-26"},{"lineNumber":56,"author":{"gitId":"jimseah-0116"},"content":"    public void markAsDone() {","lastModifiedDate":"2024-01-26"},{"lineNumber":57,"author":{"gitId":"jimseah-0116"},"content":"        this.isDone \u003d true;","lastModifiedDate":"2024-01-26"},{"lineNumber":58,"author":{"gitId":"jimseah-0116"},"content":"    }","lastModifiedDate":"2024-01-26"},{"lineNumber":59,"author":{"gitId":"jimseah-0116"},"content":"","lastModifiedDate":"2024-01-26"},{"lineNumber":60,"author":{"gitId":"jimseah-0116"},"content":"    /**","lastModifiedDate":"2024-01-26"},{"lineNumber":61,"author":{"gitId":"jimseah-0116"},"content":"     * Marks the task as undone.","lastModifiedDate":"2024-01-26"},{"lineNumber":62,"author":{"gitId":"jimseah-0116"},"content":"     */","lastModifiedDate":"2024-01-26"},{"lineNumber":63,"author":{"gitId":"jimseah-0116"},"content":"    public void markAsUndone() {","lastModifiedDate":"2024-01-26"},{"lineNumber":64,"author":{"gitId":"jimseah-0116"},"content":"        this.isDone \u003d false;","lastModifiedDate":"2024-01-26"},{"lineNumber":65,"author":{"gitId":"jimseah-0116"},"content":"    }","lastModifiedDate":"2024-01-26"},{"lineNumber":66,"author":{"gitId":"jimseah-0116"},"content":"","lastModifiedDate":"2024-01-26"},{"lineNumber":67,"author":{"gitId":"jimseah-0116"},"content":"    /**","lastModifiedDate":"2024-01-30"},{"lineNumber":68,"author":{"gitId":"jimseah-0116"},"content":"     * Increases the task count by 1.","lastModifiedDate":"2024-01-30"},{"lineNumber":69,"author":{"gitId":"jimseah-0116"},"content":"     */","lastModifiedDate":"2024-01-30"},{"lineNumber":70,"author":{"gitId":"jimseah-0116"},"content":"    public static void incrementTaskCount() {","lastModifiedDate":"2024-01-30"},{"lineNumber":71,"author":{"gitId":"jimseah-0116"},"content":"        taskCount++;","lastModifiedDate":"2024-01-30"},{"lineNumber":72,"author":{"gitId":"jimseah-0116"},"content":"    }","lastModifiedDate":"2024-01-30"},{"lineNumber":73,"author":{"gitId":"jimseah-0116"},"content":"","lastModifiedDate":"2024-01-30"},{"lineNumber":74,"author":{"gitId":"jimseah-0116"},"content":"    /**","lastModifiedDate":"2024-01-30"},{"lineNumber":75,"author":{"gitId":"jimseah-0116"},"content":"     * Decreases the task count by 1.","lastModifiedDate":"2024-01-30"},{"lineNumber":76,"author":{"gitId":"jimseah-0116"},"content":"     */","lastModifiedDate":"2024-01-30"},{"lineNumber":77,"author":{"gitId":"jimseah-0116"},"content":"    public static void decrementTaskCount() {","lastModifiedDate":"2024-01-30"},{"lineNumber":78,"author":{"gitId":"jimseah-0116"},"content":"        taskCount--;","lastModifiedDate":"2024-01-30"},{"lineNumber":79,"author":{"gitId":"jimseah-0116"},"content":"    }","lastModifiedDate":"2024-01-30"},{"lineNumber":80,"author":{"gitId":"jimseah-0116"},"content":"","lastModifiedDate":"2024-01-30"},{"lineNumber":81,"author":{"gitId":"jimseah-0116"},"content":"    /**","lastModifiedDate":"2024-01-30"},{"lineNumber":82,"author":{"gitId":"jimseah-0116"},"content":"     * Returns the task count.","lastModifiedDate":"2024-01-30"},{"lineNumber":83,"author":{"gitId":"jimseah-0116"},"content":"     * @return Task count.","lastModifiedDate":"2024-01-30"},{"lineNumber":84,"author":{"gitId":"jimseah-0116"},"content":"     */","lastModifiedDate":"2024-01-30"},{"lineNumber":85,"author":{"gitId":"jimseah-0116"},"content":"    public static int getTaskCount() {","lastModifiedDate":"2024-01-30"},{"lineNumber":86,"author":{"gitId":"jimseah-0116"},"content":"        return taskCount;","lastModifiedDate":"2024-01-30"},{"lineNumber":87,"author":{"gitId":"jimseah-0116"},"content":"    }","lastModifiedDate":"2024-01-30"},{"lineNumber":88,"author":{"gitId":"jimseah-0116"},"content":"","lastModifiedDate":"2024-01-30"},{"lineNumber":89,"author":{"gitId":"jimseah-0116"},"content":"    /**","lastModifiedDate":"2024-02-04"},{"lineNumber":90,"author":{"gitId":"jimseah-0116"},"content":"     * Returns the string representation of the task in storage format.","lastModifiedDate":"2024-02-06"},{"lineNumber":91,"author":{"gitId":"jimseah-0116"},"content":"     * @return String representation of the task in storage format.","lastModifiedDate":"2024-02-06"},{"lineNumber":92,"author":{"gitId":"jimseah-0116"},"content":"     */","lastModifiedDate":"2024-02-04"},{"lineNumber":93,"author":{"gitId":"jimseah-0116"},"content":"    public String toStorageFormat() { // for easy retrieval from file","lastModifiedDate":"2024-02-06"},{"lineNumber":94,"author":{"gitId":"jimseah-0116"},"content":"        return this.getType() + \"♢\" + this.getStatusIcon() + \"♢\" + this.getDescription(); // ♢ used as delimiter","lastModifiedDate":"2024-02-06"},{"lineNumber":95,"author":{"gitId":"jimseah-0116"},"content":"    }","lastModifiedDate":"2024-02-04"},{"lineNumber":96,"author":{"gitId":"jimseah-0116"},"content":"","lastModifiedDate":"2024-02-04"},{"lineNumber":97,"author":{"gitId":"jimseah-0116"},"content":"    /**","lastModifiedDate":"2024-01-26"},{"lineNumber":98,"author":{"gitId":"jimseah-0116"},"content":"     * Returns the string representation of the task.","lastModifiedDate":"2024-01-26"},{"lineNumber":99,"author":{"gitId":"jimseah-0116"},"content":"     * @return String representation of the task.","lastModifiedDate":"2024-01-26"},{"lineNumber":100,"author":{"gitId":"jimseah-0116"},"content":"     */","lastModifiedDate":"2024-01-26"},{"lineNumber":101,"author":{"gitId":"jimseah-0116"},"content":"    @Override","lastModifiedDate":"2024-01-26"},{"lineNumber":102,"author":{"gitId":"jimseah-0116"},"content":"    public String toString() {","lastModifiedDate":"2024-01-26"},{"lineNumber":103,"author":{"gitId":"jimseah-0116"},"content":"        return \"[\" + this.getStatusIcon() + \"] \" + this.getDescription();","lastModifiedDate":"2024-01-26"},{"lineNumber":104,"author":{"gitId":"jimseah-0116"},"content":"    }","lastModifiedDate":"2024-01-26"},{"lineNumber":105,"author":{"gitId":"jimseah-0116"},"content":"}","lastModifiedDate":"2024-01-26"}],"authorContributionMap":{"jimseah-0116":105}},{"path":"src/main/java/TaskManager.java","fileType":"java","lines":[{"lineNumber":1,"author":{"gitId":"jimseah-0116"},"content":"import java.util.ArrayList;","lastModifiedDate":"2024-02-06"},{"lineNumber":2,"author":{"gitId":"jimseah-0116"},"content":"","lastModifiedDate":"2024-02-06"},{"lineNumber":3,"author":{"gitId":"jimseah-0116"},"content":"public class TaskManager {","lastModifiedDate":"2024-02-06"},{"lineNumber":4,"author":{"gitId":"jimseah-0116"},"content":"    private ArrayList\u003cTask\u003e taskList;","lastModifiedDate":"2024-02-06"},{"lineNumber":5,"author":{"gitId":"jimseah-0116"},"content":"    public TaskManager() {","lastModifiedDate":"2024-02-06"},{"lineNumber":6,"author":{"gitId":"jimseah-0116"},"content":"        this.taskList \u003d new ArrayList\u003c\u003e(101);","lastModifiedDate":"2024-02-06"},{"lineNumber":7,"author":{"gitId":"jimseah-0116"},"content":"        this.taskList.add(null); // First element left empty for 1-based indexing","lastModifiedDate":"2024-02-06"},{"lineNumber":8,"author":{"gitId":"jimseah-0116"},"content":"    }","lastModifiedDate":"2024-02-06"},{"lineNumber":9,"author":{"gitId":"jimseah-0116"},"content":"","lastModifiedDate":"2024-02-06"},{"lineNumber":10,"author":{"gitId":"jimseah-0116"},"content":"}","lastModifiedDate":"2024-02-06"}],"authorContributionMap":{"jimseah-0116":10}},{"path":"src/main/java/ToDo.java","fileType":"java","lines":[{"lineNumber":1,"author":{"gitId":"jimseah-0116"},"content":"/**","lastModifiedDate":"2024-02-04"},{"lineNumber":2,"author":{"gitId":"jimseah-0116"},"content":" * ToDo class that represents a Task without any associated time.","lastModifiedDate":"2024-02-04"},{"lineNumber":3,"author":{"gitId":"jimseah-0116"},"content":" */","lastModifiedDate":"2024-02-04"},{"lineNumber":4,"author":{"gitId":"jimseah-0116"},"content":"public class ToDo extends Task {","lastModifiedDate":"2024-01-27"},{"lineNumber":5,"author":{"gitId":"jimseah-0116"},"content":"    /**","lastModifiedDate":"2024-01-27"},{"lineNumber":6,"author":{"gitId":"jimseah-0116"},"content":"     * Constructor for ToDo class.","lastModifiedDate":"2024-01-27"},{"lineNumber":7,"author":{"gitId":"jimseah-0116"},"content":"     *","lastModifiedDate":"2024-01-27"},{"lineNumber":8,"author":{"gitId":"jimseah-0116"},"content":"     * @param description Description of ToDo object.","lastModifiedDate":"2024-01-27"},{"lineNumber":9,"author":{"gitId":"jimseah-0116"},"content":"     */","lastModifiedDate":"2024-01-27"},{"lineNumber":10,"author":{"gitId":"jimseah-0116"},"content":"    public ToDo(String description) {","lastModifiedDate":"2024-01-27"},{"lineNumber":11,"author":{"gitId":"jimseah-0116"},"content":"        super(description);","lastModifiedDate":"2024-01-27"},{"lineNumber":12,"author":{"gitId":"jimseah-0116"},"content":"        this.type \u003d \"T\";","lastModifiedDate":"2024-02-04"},{"lineNumber":13,"author":{"gitId":"jimseah-0116"},"content":"    }","lastModifiedDate":"2024-02-04"},{"lineNumber":14,"author":{"gitId":"jimseah-0116"},"content":"    public ToDo(String description, boolean isDone) { // Overloaded constructor: loading from file","lastModifiedDate":"2024-02-04"},{"lineNumber":15,"author":{"gitId":"jimseah-0116"},"content":"        super(description, isDone);","lastModifiedDate":"2024-02-04"},{"lineNumber":16,"author":{"gitId":"jimseah-0116"},"content":"        this.type \u003d \"T\";","lastModifiedDate":"2024-02-04"},{"lineNumber":17,"author":{"gitId":"jimseah-0116"},"content":"    }","lastModifiedDate":"2024-01-27"},{"lineNumber":18,"author":{"gitId":"jimseah-0116"},"content":"    public String toString() {","lastModifiedDate":"2024-01-27"},{"lineNumber":19,"author":{"gitId":"jimseah-0116"},"content":"        return \"[T]\" + super.toString();","lastModifiedDate":"2024-01-27"},{"lineNumber":20,"author":{"gitId":"jimseah-0116"},"content":"    }","lastModifiedDate":"2024-01-27"},{"lineNumber":21,"author":{"gitId":"jimseah-0116"},"content":"    @Override","lastModifiedDate":"2024-02-06"},{"lineNumber":22,"author":{"gitId":"jimseah-0116"},"content":"    public String toStorageFormat() {","lastModifiedDate":"2024-02-06"},{"lineNumber":23,"author":{"gitId":"jimseah-0116"},"content":"        return super.toStorageFormat();","lastModifiedDate":"2024-02-06"},{"lineNumber":24,"author":{"gitId":"jimseah-0116"},"content":"    }","lastModifiedDate":"2024-02-06"},{"lineNumber":25,"author":{"gitId":"jimseah-0116"},"content":"}","lastModifiedDate":"2024-01-27"}],"authorContributionMap":{"jimseah-0116":25}},{"path":"src/main/java/Ui.java","fileType":"java","lines":[{"lineNumber":1,"author":{"gitId":"jimseah-0116"},"content":"import java.util.Scanner;","lastModifiedDate":"2024-02-03"},{"lineNumber":2,"author":{"gitId":"jimseah-0116"},"content":"","lastModifiedDate":"2024-02-03"},{"lineNumber":3,"author":{"gitId":"jimseah-0116"},"content":"/**","lastModifiedDate":"2024-02-04"},{"lineNumber":4,"author":{"gitId":"jimseah-0116"},"content":" * Represents the user interface of the ChatBro.","lastModifiedDate":"2024-02-04"},{"lineNumber":5,"author":{"gitId":"jimseah-0116"},"content":" */","lastModifiedDate":"2024-02-04"},{"lineNumber":6,"author":{"gitId":"jimseah-0116"},"content":"public class Ui {","lastModifiedDate":"2024-02-03"},{"lineNumber":7,"author":{"gitId":"jimseah-0116"},"content":"    public static void printWelcome() {","lastModifiedDate":"2024-02-06"},{"lineNumber":8,"author":{"gitId":"jimseah-0116"},"content":"        System.out.println(\"_________________________\\n\"","lastModifiedDate":"2024-02-03"},{"lineNumber":9,"author":{"gitId":"jimseah-0116"},"content":"                + \" __  __       __\\n\"","lastModifiedDate":"2024-02-03"},{"lineNumber":10,"author":{"gitId":"jimseah-0116"},"content":"                + \" \\\\ \\\\/ /__    / /\\n\"","lastModifiedDate":"2024-02-03"},{"lineNumber":11,"author":{"gitId":"jimseah-0116"},"content":"                + \"  \\\\  / _ \\\\  /_/ \\n\"","lastModifiedDate":"2024-02-03"},{"lineNumber":12,"author":{"gitId":"jimseah-0116"},"content":"                + \"  /_/\\\\___/ (_)\\n\\n\"","lastModifiedDate":"2024-02-03"},{"lineNumber":13,"author":{"gitId":"jimseah-0116"},"content":"                + \"I\u0027m ChatBro!\\n\"","lastModifiedDate":"2024-02-03"},{"lineNumber":14,"author":{"gitId":"jimseah-0116"},"content":"                + \"What can I do for you bro?\\n\"","lastModifiedDate":"2024-02-03"},{"lineNumber":15,"author":{"gitId":"jimseah-0116"},"content":"                + \"Use the available commands: list, bye, mark, unmark, delete, OR\\n\"","lastModifiedDate":"2024-02-03"},{"lineNumber":16,"author":{"gitId":"jimseah-0116"},"content":"                + \"create a new task (todo, deadline, event) to store in your list bro.\\n\"","lastModifiedDate":"2024-02-03"},{"lineNumber":17,"author":{"gitId":"jimseah-0116"},"content":"                + \"_________________________\\n\");","lastModifiedDate":"2024-02-03"},{"lineNumber":18,"author":{"gitId":"jimseah-0116"},"content":"    }","lastModifiedDate":"2024-02-03"},{"lineNumber":19,"author":{"gitId":"jimseah-0116"},"content":"    public static void printLine() {","lastModifiedDate":"2024-02-06"},{"lineNumber":20,"author":{"gitId":"jimseah-0116"},"content":"        System.out.println(\"_________________________\");","lastModifiedDate":"2024-02-04"},{"lineNumber":21,"author":{"gitId":"jimseah-0116"},"content":"    }","lastModifiedDate":"2024-02-03"},{"lineNumber":22,"author":{"gitId":"jimseah-0116"},"content":"    public static void printBye() {","lastModifiedDate":"2024-02-06"},{"lineNumber":23,"author":{"gitId":"jimseah-0116"},"content":"        printLine();","lastModifiedDate":"2024-02-03"},{"lineNumber":24,"author":{"gitId":"jimseah-0116"},"content":"        System.out.println(\"Hasta la vista bro!\");","lastModifiedDate":"2024-02-04"},{"lineNumber":25,"author":{"gitId":"jimseah-0116"},"content":"        printLine();","lastModifiedDate":"2024-02-03"},{"lineNumber":26,"author":{"gitId":"jimseah-0116"},"content":"    }","lastModifiedDate":"2024-02-03"},{"lineNumber":27,"author":{"gitId":"jimseah-0116"},"content":"    public static void printError(String error) {","lastModifiedDate":"2024-02-06"},{"lineNumber":28,"author":{"gitId":"jimseah-0116"},"content":"        printLine();","lastModifiedDate":"2024-02-06"},{"lineNumber":29,"author":{"gitId":"jimseah-0116"},"content":"        System.out.println(error);","lastModifiedDate":"2024-02-06"},{"lineNumber":30,"author":{"gitId":"jimseah-0116"},"content":"        printLine();","lastModifiedDate":"2024-02-06"},{"lineNumber":31,"author":{"gitId":"jimseah-0116"},"content":"    }","lastModifiedDate":"2024-02-06"},{"lineNumber":32,"author":{"gitId":"jimseah-0116"},"content":"}","lastModifiedDate":"2024-02-03"}],"authorContributionMap":{"jimseah-0116":32}},{"path":"src/main/java/WrongFileFormatException.java","fileType":"java","lines":[{"lineNumber":1,"author":{"gitId":"jimseah-0116"},"content":"public class WrongFileFormatException extends Exception {","lastModifiedDate":"2024-02-05"},{"lineNumber":2,"author":{"gitId":"jimseah-0116"},"content":"    public WrongFileFormatException(String message) {","lastModifiedDate":"2024-02-05"},{"lineNumber":3,"author":{"gitId":"jimseah-0116"},"content":"        super(message);","lastModifiedDate":"2024-02-05"},{"lineNumber":4,"author":{"gitId":"jimseah-0116"},"content":"    }","lastModifiedDate":"2024-02-05"},{"lineNumber":5,"author":{"gitId":"jimseah-0116"},"content":"","lastModifiedDate":"2024-02-05"},{"lineNumber":6,"author":{"gitId":"jimseah-0116"},"content":"}","lastModifiedDate":"2024-02-05"}],"authorContributionMap":{"jimseah-0116":6}},{"path":"text-ui-test/input.txt","fileType":"txt","lines":[{"lineNumber":1,"author":{"gitId":"jimseah-0116"},"content":"list","lastModifiedDate":"2024-01-29"},{"lineNumber":2,"author":{"gitId":"jimseah-0116"},"content":"todo Finish reading The Mythical Man-Month","lastModifiedDate":"2024-01-29"},{"lineNumber":3,"author":{"gitId":"jimseah-0116"},"content":"todo","lastModifiedDate":"2024-01-29"},{"lineNumber":4,"author":{"gitId":"jimseah-0116"},"content":"todo Testing","lastModifiedDate":"2024-01-29"},{"lineNumber":5,"author":{"gitId":"jimseah-0116"},"content":"deadline /by 4th Feb 2359","lastModifiedDate":"2024-01-29"},{"lineNumber":6,"author":{"gitId":"jimseah-0116"},"content":"deadline cs2100 assignment 1","lastModifiedDate":"2024-01-29"},{"lineNumber":7,"author":{"gitId":"jimseah-0116"},"content":"deadline cs2100 assignment 1 /by 4th Feb 2359","lastModifiedDate":"2024-01-29"},{"lineNumber":8,"author":{"gitId":"jimseah-0116"},"content":"hello","lastModifiedDate":"2024-01-29"},{"lineNumber":9,"author":{"gitId":"jimseah-0116"},"content":"event /from /to 5th Feb","lastModifiedDate":"2024-01-29"},{"lineNumber":10,"author":{"gitId":"jimseah-0116"},"content":"event  /from 1800hrs /to 2100hrs","lastModifiedDate":"2024-01-29"},{"lineNumber":11,"author":{"gitId":"jimseah-0116"},"content":"event career fair /from 1800hrs /to 2100hrs","lastModifiedDate":"2024-01-29"},{"lineNumber":12,"author":{"gitId":"jimseah-0116"},"content":"list","lastModifiedDate":"2024-01-29"},{"lineNumber":13,"author":{"gitId":"jimseah-0116"},"content":"mark 1","lastModifiedDate":"2024-01-29"},{"lineNumber":14,"author":{"gitId":"jimseah-0116"},"content":"mark 20","lastModifiedDate":"2024-01-29"},{"lineNumber":15,"author":{"gitId":"jimseah-0116"},"content":"mark 3","lastModifiedDate":"2024-01-29"},{"lineNumber":16,"author":{"gitId":"jimseah-0116"},"content":"list","lastModifiedDate":"2024-01-29"},{"lineNumber":17,"author":{"gitId":"jimseah-0116"},"content":"unmark 3","lastModifiedDate":"2024-01-29"},{"lineNumber":18,"author":{"gitId":"jimseah-0116"},"content":"delete 1","lastModifiedDate":"2024-01-29"},{"lineNumber":19,"author":{"gitId":"jimseah-0116"},"content":"list","lastModifiedDate":"2024-01-29"},{"lineNumber":20,"author":{"gitId":"jimseah-0116"},"content":"bye","lastModifiedDate":"2024-01-29"}],"authorContributionMap":{"jimseah-0116":20}},{"path":"text-ui-test/runtest.bat","fileType":"bat","lines":[{"lineNumber":1,"author":{"gitId":"-"},"content":"@ECHO OFF","lastModifiedDate":"2020-05-25"},{"lineNumber":2,"author":{"gitId":"-"},"content":"","lastModifiedDate":"2020-05-25"},{"lineNumber":3,"author":{"gitId":"-"},"content":"REM create bin directory if it doesn\u0027t exist","lastModifiedDate":"2020-05-25"},{"lineNumber":4,"author":{"gitId":"-"},"content":"if not exist ..\\bin mkdir ..\\bin","lastModifiedDate":"2020-05-25"},{"lineNumber":5,"author":{"gitId":"-"},"content":"","lastModifiedDate":"2020-05-25"},{"lineNumber":6,"author":{"gitId":"-"},"content":"REM delete output from previous run","lastModifiedDate":"2020-05-25"},{"lineNumber":7,"author":{"gitId":"-"},"content":"if exist ACTUAL.TXT del ACTUAL.TXT","lastModifiedDate":"2020-08-25"},{"lineNumber":8,"author":{"gitId":"-"},"content":"","lastModifiedDate":"2020-05-25"},{"lineNumber":9,"author":{"gitId":"-"},"content":"REM compile the code into the bin folder","lastModifiedDate":"2020-05-25"},{"lineNumber":10,"author":{"gitId":"-"},"content":"javac  -cp ..\\src\\main\\java -Xlint:none -d ..\\bin ..\\src\\main\\java\\*.java","lastModifiedDate":"2020-08-25"},{"lineNumber":11,"author":{"gitId":"-"},"content":"IF ERRORLEVEL 1 (","lastModifiedDate":"2020-05-25"},{"lineNumber":12,"author":{"gitId":"-"},"content":"    echo ********** BUILD FAILURE **********","lastModifiedDate":"2020-05-25"},{"lineNumber":13,"author":{"gitId":"-"},"content":"    exit /b 1","lastModifiedDate":"2020-05-25"},{"lineNumber":14,"author":{"gitId":"-"},"content":")","lastModifiedDate":"2020-05-25"},{"lineNumber":15,"author":{"gitId":"-"},"content":"REM no error here, errorlevel \u003d\u003d 0","lastModifiedDate":"2020-05-25"},{"lineNumber":16,"author":{"gitId":"jimseah-0116"},"content":"echo ********** BUILD SUCCESS **********","lastModifiedDate":"2024-01-29"},{"lineNumber":17,"author":{"gitId":"-"},"content":"REM run the program, feed commands from input.txt file and redirect the output to the ACTUAL.TXT","lastModifiedDate":"2020-05-25"},{"lineNumber":18,"author":{"gitId":"jimseah-0116"},"content":"java -classpath ..\\bin ChatBro \u003c input.txt \u003e ACTUAL.TXT","lastModifiedDate":"2024-01-29"},{"lineNumber":19,"author":{"gitId":"-"},"content":"","lastModifiedDate":"2020-05-25"},{"lineNumber":20,"author":{"gitId":"-"},"content":"REM compare the output to the expected output","lastModifiedDate":"2020-05-25"},{"lineNumber":21,"author":{"gitId":"-"},"content":"FC ACTUAL.TXT EXPECTED.TXT","lastModifiedDate":"2020-05-25"}],"authorContributionMap":{"jimseah-0116":2,"-":19}},{"path":"text-ui-test/runtest.sh","fileType":"sh","lines":[{"lineNumber":1,"author":{"gitId":"-"},"content":"#!/usr/bin/env bash","lastModifiedDate":"2020-05-25"},{"lineNumber":2,"author":{"gitId":"-"},"content":"","lastModifiedDate":"2020-05-25"},{"lineNumber":3,"author":{"gitId":"-"},"content":"# create bin directory if it doesn\u0027t exist","lastModifiedDate":"2020-05-25"},{"lineNumber":4,"author":{"gitId":"-"},"content":"if [ ! -d \"../bin\" ]","lastModifiedDate":"2020-05-25"},{"lineNumber":5,"author":{"gitId":"-"},"content":"then","lastModifiedDate":"2020-05-25"},{"lineNumber":6,"author":{"gitId":"-"},"content":"    mkdir ../bin","lastModifiedDate":"2020-05-25"},{"lineNumber":7,"author":{"gitId":"-"},"content":"fi","lastModifiedDate":"2020-05-25"},{"lineNumber":8,"author":{"gitId":"-"},"content":"","lastModifiedDate":"2020-05-25"},{"lineNumber":9,"author":{"gitId":"-"},"content":"# delete output from previous run","lastModifiedDate":"2020-05-25"},{"lineNumber":10,"author":{"gitId":"-"},"content":"if [ -e \"./ACTUAL.TXT\" ]","lastModifiedDate":"2020-05-25"},{"lineNumber":11,"author":{"gitId":"-"},"content":"then","lastModifiedDate":"2020-05-25"},{"lineNumber":12,"author":{"gitId":"-"},"content":"    rm ACTUAL.TXT","lastModifiedDate":"2020-05-25"},{"lineNumber":13,"author":{"gitId":"-"},"content":"fi","lastModifiedDate":"2020-05-25"},{"lineNumber":14,"author":{"gitId":"-"},"content":"","lastModifiedDate":"2020-05-25"},{"lineNumber":15,"author":{"gitId":"-"},"content":"# compile the code into the bin folder, terminates if error occurred","lastModifiedDate":"2020-05-25"},{"lineNumber":16,"author":{"gitId":"-"},"content":"if ! javac -cp ../src/main/java -Xlint:none -d ../bin ../src/main/java/*.java","lastModifiedDate":"2020-08-25"},{"lineNumber":17,"author":{"gitId":"-"},"content":"then","lastModifiedDate":"2020-05-25"},{"lineNumber":18,"author":{"gitId":"-"},"content":"    echo \"********** BUILD FAILURE **********\"","lastModifiedDate":"2020-05-25"},{"lineNumber":19,"author":{"gitId":"-"},"content":"    exit 1","lastModifiedDate":"2020-05-25"},{"lineNumber":20,"author":{"gitId":"-"},"content":"fi","lastModifiedDate":"2020-05-25"},{"lineNumber":21,"author":{"gitId":"-"},"content":"","lastModifiedDate":"2020-05-25"},{"lineNumber":22,"author":{"gitId":"-"},"content":"# run the program, feed commands from input.txt file and redirect the output to the ACTUAL.TXT","lastModifiedDate":"2020-05-25"},{"lineNumber":23,"author":{"gitId":"jimseah-0116"},"content":"java -classpath ../bin ChatBro \u003c input.txt \u003e ACTUAL.TXT","lastModifiedDate":"2024-01-29"},{"lineNumber":24,"author":{"gitId":"-"},"content":"","lastModifiedDate":"2020-05-25"},{"lineNumber":25,"author":{"gitId":"-"},"content":"# convert to UNIX format","lastModifiedDate":"2020-05-25"},{"lineNumber":26,"author":{"gitId":"-"},"content":"cp EXPECTED.TXT EXPECTED-UNIX.TXT","lastModifiedDate":"2020-05-25"},{"lineNumber":27,"author":{"gitId":"-"},"content":"dos2unix ACTUAL.TXT EXPECTED-UNIX.TXT","lastModifiedDate":"2020-05-25"},{"lineNumber":28,"author":{"gitId":"-"},"content":"","lastModifiedDate":"2020-05-25"},{"lineNumber":29,"author":{"gitId":"-"},"content":"# compare the output to the expected output","lastModifiedDate":"2020-05-25"},{"lineNumber":30,"author":{"gitId":"-"},"content":"diff ACTUAL.TXT EXPECTED-UNIX.TXT","lastModifiedDate":"2020-05-25"},{"lineNumber":31,"author":{"gitId":"-"},"content":"if [ $? -eq 0 ]","lastModifiedDate":"2020-05-25"},{"lineNumber":32,"author":{"gitId":"-"},"content":"then","lastModifiedDate":"2020-05-25"},{"lineNumber":33,"author":{"gitId":"-"},"content":"    echo \"Test result: PASSED\"","lastModifiedDate":"2020-05-25"},{"lineNumber":34,"author":{"gitId":"-"},"content":"    exit 0","lastModifiedDate":"2020-05-25"},{"lineNumber":35,"author":{"gitId":"-"},"content":"else","lastModifiedDate":"2020-05-25"},{"lineNumber":36,"author":{"gitId":"-"},"content":"    echo \"Test result: FAILED\"","lastModifiedDate":"2020-05-25"},{"lineNumber":37,"author":{"gitId":"-"},"content":"    exit 1","lastModifiedDate":"2020-05-25"},{"lineNumber":38,"author":{"gitId":"-"},"content":"fi","lastModifiedDate":"2020-05-25"}],"authorContributionMap":{"jimseah-0116":1,"-":37}}]
