{"authorDailyContributionsMap":{"sebin0817":[{"date":"2024-01-21","commitResults":[{"hash":"f326ae45cbd32486da3127c44a5382c8933e0a2b","isMergeCommit":false,"messageTitle":"Completed Level 0: Rename, Greet, Exit","messageBody":"","tags":["Level-0"],"fileTypesAndContributionMap":{"java":{"insertions":9,"deletions":6}}},{"hash":"8c141342405e22efafc247a8f9f779a62af00bcf","isMergeCommit":false,"messageTitle":"Completed Level 1: Echo","messageBody":"","tags":["Level-1"],"fileTypesAndContributionMap":{"java":{"insertions":56,"deletions":13}}}]},{"date":"2024-01-22","commitResults":[{"hash":"224a91d265bb30533a447f9ad77cf420c2c60dd0","isMergeCommit":false,"messageTitle":"Completed Level 2: Add, List","messageBody":"","tags":["Level-2"],"fileTypesAndContributionMap":{"java":{"insertions":56,"deletions":1}}},{"hash":"6e3fad61095c9ddbb896b16659189febeec8652d","isMergeCommit":false,"messageTitle":"Completed Level 3: Mark as Done","messageBody":"","tags":["Level-3"],"fileTypesAndContributionMap":{"java":{"insertions":44,"deletions":4}}},{"hash":"a4fd597562211394d1369575edd3158055095c73","isMergeCommit":false,"messageTitle":"Completed Level 4: ToDos, Events, Deadlines","messageBody":"","tags":["Level-4"],"fileTypesAndContributionMap":{"java":{"insertions":103,"deletions":54}}},{"hash":"7127c3ffaf82d5cddd34373268ac710c06794368","isMergeCommit":false,"messageTitle":"Completed A-TextUiTesting: Automated Text UI Testing","messageBody":"","tags":["A-TextUiTesting"],"fileTypesAndContributionMap":{"txt":{"insertions":11,"deletions":0},"java":{"insertions":1,"deletions":1},"sh":{"insertions":0,"deletions":0}}},{"hash":"a8ba6fd2dea54ed31253619f6b53b383e34840ad","isMergeCommit":false,"messageTitle":"Completed Level-5: Handle Errors","messageBody":"","tags":["Level-5"],"fileTypesAndContributionMap":{"java":{"insertions":71,"deletions":11}}},{"hash":"612a3b12e654fa7fff8d453cfabff90e2bd564f6","isMergeCommit":false,"messageTitle":"Completed Level 6: Delete","messageBody":"","tags":["Level-6"],"fileTypesAndContributionMap":{"java":{"insertions":25,"deletions":5}}}]},{"date":"2024-01-27","commitResults":[{"hash":"e50b1c4cb84e3c38947665780e4ef8a8b8cd1e14","isMergeCommit":false,"messageTitle":"Completed Level 7: Save","messageBody":"","fileTypesAndContributionMap":{"txt":{"insertions":3,"deletions":0},"java":{"insertions":127,"deletions":2}}},{"hash":"b3879de267c27a5af92c6551d9beed9d26a7bf2a","isMergeCommit":true,"messageTitle":"Merge branch-Level-7 into master","messageBody":"","tags":["Level-7"],"fileTypesAndContributionMap":{}}]},{"date":"2024-01-29","commitResults":[{"hash":"80fa3650c98b01f21994f2dcb8ce4551b1d9dcef","isMergeCommit":false,"messageTitle":"Completed Level 8: Dates and Times","messageBody":"","fileTypesAndContributionMap":{"txt":{"insertions":3,"deletions":3},"java":{"insertions":95,"deletions":30}}},{"hash":"870df58de81ff4b6cf0f98ec7948dca162231040","isMergeCommit":true,"messageTitle":"Merge branch-Level-8 into master","messageBody":"","tags":["Level-8"],"fileTypesAndContributionMap":{}}]},{"date":"2024-01-30","commitResults":[{"hash":"6102e45eaff2fcf0611822c2e80e79664550fff4","isMergeCommit":false,"messageTitle":"Completed A-MoreOOP: Use more OOP","messageBody":"","fileTypesAndContributionMap":{"txt":{"insertions":1,"deletions":1},"java":{"insertions":162,"deletions":155}}},{"hash":"7625801a31c2ba0fc72d09f1ae1c9f4251e72f59","isMergeCommit":true,"messageTitle":"Merge branch-A-MoreOOP into master","messageBody":"","tags":["A-MoreOOP"],"fileTypesAndContributionMap":{}}]},{"date":"2024-01-31","commitResults":[{"hash":"2f50a5951698e151d6cb90ae9351672c76acacf2","isMergeCommit":false,"messageTitle":"Completed A-Packages: Organize into Packages","messageBody":"","fileTypesAndContributionMap":{"txt":{"insertions":1,"deletions":1},"java":{"insertions":39,"deletions":9},"md":{"insertions":2,"deletions":2}}},{"hash":"2b34934e20602e7341d22117637caf653b0950a2","isMergeCommit":true,"messageTitle":"Merge branch-A-Packages into master","messageBody":"","tags":["A-Packages"],"fileTypesAndContributionMap":{}}]},{"date":"2024-02-01","commitResults":[{"hash":"6c372ba713a10c44e79fe28c57d1e3e92027a348","isMergeCommit":true,"messageTitle":"Merge remote-tracking branch \u0027origin/add-gradle-support\u0027","messageBody":"","fileTypesAndContributionMap":{}},{"hash":"ccc5affa4c4753ece1f80584e370820afeec9085","isMergeCommit":false,"messageTitle":"Completed A-JUnit: Add JUnit Tests","messageBody":"","fileTypesAndContributionMap":{"txt":{"insertions":0,"deletions":3},"java":{"insertions":147,"deletions":44}}},{"hash":"a0182917aee191e4d1ef8a3c824b9b7abd72c5d5","isMergeCommit":true,"messageTitle":"Merge branch-A-JUnit into master","messageBody":"","tags":["A-JUnit"],"fileTypesAndContributionMap":{}}]},{"date":"2024-02-02","commitResults":[{"hash":"fb83d20f8121bffdb6376bade33aee9b313931c4","isMergeCommit":false,"messageTitle":"Completed Level 9: Find","messageBody":"","fileTypesAndContributionMap":{"txt":{"insertions":3,"deletions":0},"java":{"insertions":76,"deletions":44}}},{"hash":"ccb82dc107ab697611a70a5007443b35c7fe0fed","isMergeCommit":true,"messageTitle":"Merge branch-Level-9 into master","messageBody":"","tags":["Level-9"],"fileTypesAndContributionMap":{}},{"hash":"8c42e0594cd2d44614706d321e9002d0a0343cd4","isMergeCommit":false,"messageTitle":"Completed Level A-JavaDoc","messageBody":"","fileTypesAndContributionMap":{"java":{"insertions":135,"deletions":33}}},{"hash":"bc3d71110bb952261411a5a5cde2fb3f731b49a5","isMergeCommit":false,"messageTitle":"Completed Level A-CodingStandard","messageBody":"","fileTypesAndContributionMap":{"java":{"insertions":28,"deletions":28}}},{"hash":"ce16059ca985eb051696f94e11cb3d43a4f53682","isMergeCommit":true,"messageTitle":"Merge branch-A-JavaDoc into master","messageBody":"","tags":["A-JavaDoc"],"fileTypesAndContributionMap":{}},{"hash":"8b48e3f892cf6746f821577efcc5d4708bbb9fb6","isMergeCommit":true,"messageTitle":"Merge branch \u0027master\u0027 of https://github.com/sebin0817/ip into branch-A-CodingStandard","messageBody":"","fileTypesAndContributionMap":{}},{"hash":"9eb1979f4ad8eebb2482363074c1c1d480904ecc","isMergeCommit":true,"messageTitle":"Merge branch-A-CodingStandard into master","messageBody":"","tags":["A-CodingStandard"],"fileTypesAndContributionMap":{}}]},{"date":"2024-02-06","commitResults":[{"hash":"404d6eff94c2ae9c941bf449e5e5967d8b40230d","isMergeCommit":false,"messageTitle":"Update README.md","messageBody":"","fileTypesAndContributionMap":{"md":{"insertions":16,"deletions":20}}}]},{"date":"2024-02-09","commitResults":[{"hash":"d79c078c843d71457092cd1186cabc4d1482cbc8","isMergeCommit":false,"messageTitle":"Completed Level A-CheckStyle: User CheckStyle","messageBody":"","fileTypesAndContributionMap":{"gradle":{"insertions":5,"deletions":0},"txt":{"insertions":2,"deletions":2},"java":{"insertions":161,"deletions":42}}},{"hash":"95f6fa6ae3ab3a17a372f2d215be8a614a8d0658","isMergeCommit":true,"messageTitle":"Merge branch-A-CheckStyle into master","messageBody":"","tags":["A-CheckStyle"],"fileTypesAndContributionMap":{}},{"hash":"13af4b64c66f1a5cdf859108a6c6159313bb3d38","isMergeCommit":true,"messageTitle":"Merge branch \u0027master\u0027 of https://github.com/sebin0817/ip","messageBody":"","fileTypesAndContributionMap":{}}]},{"date":"2024-02-13","commitResults":[{"hash":"4a515eecb13e5e9d9d4a2bdd0d7dfe57e9b55906","isMergeCommit":false,"messageTitle":"Completed Level 10: GUI","messageBody":"","fileTypesAndContributionMap":{"txt":{"insertions":3,"deletions":3},"fxml":{"insertions":42,"deletions":0},"java":{"insertions":302,"deletions":197}}},{"hash":"42c0444306cab01eb4a507141809d0eca30af7b1","isMergeCommit":true,"messageTitle":"Merge branch-Level-10 into master","messageBody":"","tags":["Level-10"],"fileTypesAndContributionMap":{}}]},{"date":"2024-02-14","commitResults":[{"hash":"2cd82fe087ebcbec115228863bb64e5b1b92808e","isMergeCommit":false,"messageTitle":"Complete Level A-Assertions: Using Assertions","messageBody":"Documented important assumptions that should hold at various points in the code.\nAny assertion failures detected by runtime can surface bugs and stop the execution of the code.\n","tags":["A-Assertions"],"fileTypesAndContributionMap":{"gradle":{"insertions":15,"deletions":0},"txt":{"insertions":1,"deletions":1},"fxml":{"insertions":1,"deletions":1},"java":{"insertions":16,"deletions":6}}},{"hash":"ddc4be3d05fa470c54ae1ba872a0afc04bda76bb","isMergeCommit":true,"messageTitle":"Merge pull request #1 from sebin0817/branch-A-Assertions","messageBody":"Complete Level A-Assertions: Using Assertions","fileTypesAndContributionMap":{}},{"hash":"12229965143cbd56b0a50bf3c5e896542a6cfde1","isMergeCommit":false,"messageTitle":"Improve code quality and refactor code","messageBody":"Examined the code and refactored to improve the code quality where necessary.\nThis process help increase readability of the code.\n","tags":["A-CodeQuality"],"fileTypesAndContributionMap":{"java":{"insertions":2,"deletions":2}}},{"hash":"2869a1ca39b77cef60aca061e942442c1630e8b4","isMergeCommit":true,"messageTitle":"Merge pull request #2 from sebin0817/branch-A-CodeQuality","messageBody":"Improve code quality and refactor code","fileTypesAndContributionMap":{}}]},{"date":"2024-02-15","commitResults":[{"hash":"c78a4402c54723ea534bcc4a2307029ad74fdfb9","isMergeCommit":false,"messageTitle":"Complete Level C-Sort","messageBody":"Added a new command \u0027Sort\u0027 that sorts tasks stored in the tasklist by keeping Todo tasks at the front, and sorting Event and Deadline by date chronologically thereafter.\nThis feature helps users to organise their tasks and better manage them.\n","tags":["BCD-Extension","A-Jar","A-FullCommitMessage"],"fileTypesAndContributionMap":{"txt":{"insertions":2,"deletions":2},"fxml":{"insertions":1,"deletions":1},"java":{"insertions":56,"deletions":7}}},{"hash":"57b05715a9ff14de060634cae8015983a61ab5ca","isMergeCommit":true,"messageTitle":"Merge pull request #3 from sebin0817/branch-C-Sort","messageBody":"Complete Level C-Sort","fileTypesAndContributionMap":{}}]},{"date":"2024-02-17","commitResults":[{"hash":"dcc6327e75fcc462526cb70029add934ef11cb97","isMergeCommit":false,"messageTitle":"Complete A-BetterGUI: Better GUI","messageBody":"Improved the GUI to make it more polished.\n","tags":["A-BetterGui"],"fileTypesAndContributionMap":{"txt":{"insertions":1,"deletions":1},"fxml":{"insertions":6,"deletions":3},"java":{"insertions":13,"deletions":1}}},{"hash":"675e56be33426d4eedbc60eefa5621d28fa178de","isMergeCommit":true,"messageTitle":"Merge pull request #5 from sebin0817/branch-A-BetterGui","messageBody":"Complete A-BetterGUI: Better GUI","fileTypesAndContributionMap":{}}]}]},"authorFileTypeContributionMap":{"sebin0817":{"java":1039,"md":16,"fxml":45,"sh":0,"bat":0,"gradle":20,"txt":14}},"authorContributionVariance":{"sebin0817":19492.262},"authorDisplayNameMap":{"sebin0817":"CS2103-F09-4 AUM ..EBIN"}}
