[{"path":"src/main/java/Deadlines.java","fileType":"java","lines":[{"lineNumber":1,"author":{"gitId":"yorklim"},"content":"import java.time.LocalDate;","lastModifiedDate":"2024-01-30"},{"lineNumber":2,"author":{"gitId":"yorklim"},"content":"import java.time.LocalDateTime;","lastModifiedDate":"2024-01-30"},{"lineNumber":3,"author":{"gitId":"yorklim"},"content":"import java.time.format.DateTimeFormatter;","lastModifiedDate":"2024-01-30"},{"lineNumber":4,"author":{"gitId":"yorklim"},"content":"public class Deadlines extends Task{","lastModifiedDate":"2024-01-23"},{"lineNumber":5,"author":{"gitId":"yorklim"},"content":"    private Task task;","lastModifiedDate":"2024-01-23"},{"lineNumber":6,"author":{"gitId":"yorklim"},"content":"    private LocalDateTime by;","lastModifiedDate":"2024-01-30"},{"lineNumber":7,"author":{"gitId":"yorklim"},"content":"    public Deadlines(String name, LocalDateTime by, Boolean status) {","lastModifiedDate":"2024-01-30"},{"lineNumber":8,"author":{"gitId":"yorklim"},"content":"        super(name, status);","lastModifiedDate":"2024-01-30"},{"lineNumber":9,"author":{"gitId":"yorklim"},"content":"        this.by \u003d by;","lastModifiedDate":"2024-01-23"},{"lineNumber":10,"author":{"gitId":"yorklim"},"content":"    }","lastModifiedDate":"2024-01-23"},{"lineNumber":11,"author":{"gitId":"yorklim"},"content":"","lastModifiedDate":"2024-01-23"},{"lineNumber":12,"author":{"gitId":"yorklim"},"content":"    @Override","lastModifiedDate":"2024-01-30"},{"lineNumber":13,"author":{"gitId":"yorklim"},"content":"    public void happenOn(LocalDate date) {","lastModifiedDate":"2024-01-30"},{"lineNumber":14,"author":{"gitId":"yorklim"},"content":"        if (date.isEqual(by.toLocalDate())) {","lastModifiedDate":"2024-01-30"},{"lineNumber":15,"author":{"gitId":"yorklim"},"content":"            this.taskInfo();","lastModifiedDate":"2024-01-30"},{"lineNumber":16,"author":{"gitId":"yorklim"},"content":"        }","lastModifiedDate":"2024-01-30"},{"lineNumber":17,"author":{"gitId":"yorklim"},"content":"    }","lastModifiedDate":"2024-01-30"},{"lineNumber":18,"author":{"gitId":"yorklim"},"content":"","lastModifiedDate":"2024-01-30"},{"lineNumber":19,"author":{"gitId":"yorklim"},"content":"    @Override","lastModifiedDate":"2024-01-30"},{"lineNumber":20,"author":{"gitId":"yorklim"},"content":"    public String saveOutput() {","lastModifiedDate":"2024-01-30"},{"lineNumber":21,"author":{"gitId":"yorklim"},"content":"        return \"D \" + super.saveOutput() + String.format(\" | %s\", by);","lastModifiedDate":"2024-01-30"},{"lineNumber":22,"author":{"gitId":"yorklim"},"content":"    }","lastModifiedDate":"2024-01-30"},{"lineNumber":23,"author":{"gitId":"yorklim"},"content":"","lastModifiedDate":"2024-01-30"},{"lineNumber":24,"author":{"gitId":"yorklim"},"content":"    @Override","lastModifiedDate":"2024-01-23"},{"lineNumber":25,"author":{"gitId":"yorklim"},"content":"    public void taskInfo() {","lastModifiedDate":"2024-01-23"},{"lineNumber":26,"author":{"gitId":"yorklim"},"content":"        System.out.print(\"[D]\");","lastModifiedDate":"2024-01-23"},{"lineNumber":27,"author":{"gitId":"yorklim"},"content":"        super.taskInfo();","lastModifiedDate":"2024-01-23"},{"lineNumber":28,"author":{"gitId":"yorklim"},"content":"        System.out.println(\" (by: \" + by.format(DateTimeFormatter.ofPattern(\"MMM d yyyy, HHmm\")) + \"hrs )\");","lastModifiedDate":"2024-01-30"},{"lineNumber":29,"author":{"gitId":"yorklim"},"content":"    }","lastModifiedDate":"2024-01-23"},{"lineNumber":30,"author":{"gitId":"yorklim"},"content":"}","lastModifiedDate":"2024-01-23"}],"authorContributionMap":{"yorklim":30}},{"path":"src/main/java/Duke.java","fileType":"java","lines":[{"lineNumber":1,"author":{"gitId":"yorklim"},"content":"import java.io.FileNotFoundException;","lastModifiedDate":"2024-01-30"},{"lineNumber":2,"author":{"gitId":"yorklim"},"content":"import java.time.format.DateTimeParseException;","lastModifiedDate":"2024-01-30"},{"lineNumber":3,"author":{"gitId":"yorklim"},"content":"import java.util.Scanner;","lastModifiedDate":"2024-01-23"},{"lineNumber":4,"author":{"gitId":"yorklim"},"content":"import java.util.ArrayList;","lastModifiedDate":"2024-01-23"},{"lineNumber":5,"author":{"gitId":"yorklim"},"content":"import java.io.File;","lastModifiedDate":"2024-01-30"},{"lineNumber":6,"author":{"gitId":"yorklim"},"content":"import java.io.FileWriter;","lastModifiedDate":"2024-01-30"},{"lineNumber":7,"author":{"gitId":"yorklim"},"content":"import java.io.IOException;","lastModifiedDate":"2024-01-30"},{"lineNumber":8,"author":{"gitId":"yorklim"},"content":"import java.time.LocalDate;","lastModifiedDate":"2024-01-30"},{"lineNumber":9,"author":{"gitId":"yorklim"},"content":"import java.time.LocalDateTime;","lastModifiedDate":"2024-01-30"},{"lineNumber":10,"author":{"gitId":"yorklim"},"content":"import java.time.format.DateTimeFormatter;","lastModifiedDate":"2024-01-30"},{"lineNumber":11,"author":{"gitId":"-"},"content":"public class Duke {","lastModifiedDate":"2019-07-29"},{"lineNumber":12,"author":{"gitId":"yorklim"},"content":"","lastModifiedDate":"2024-01-23"},{"lineNumber":13,"author":{"gitId":"yorklim"},"content":"    Scanner scanner \u003d new Scanner(System.in);","lastModifiedDate":"2024-01-23"},{"lineNumber":14,"author":{"gitId":"yorklim"},"content":"    ArrayList\u003cTask\u003e list \u003d new ArrayList\u003cTask\u003e();","lastModifiedDate":"2024-01-23"},{"lineNumber":15,"author":{"gitId":"yorklim"},"content":"    private String name \u003d \"NotDuke\";","lastModifiedDate":"2024-01-23"},{"lineNumber":16,"author":{"gitId":"yorklim"},"content":"","lastModifiedDate":"2024-01-23"},{"lineNumber":17,"author":{"gitId":"yorklim"},"content":"    private void greet() {","lastModifiedDate":"2024-01-23"},{"lineNumber":18,"author":{"gitId":"yorklim"},"content":"        System.out.println(\"Hello! I\u0027m \" + name);","lastModifiedDate":"2024-01-23"},{"lineNumber":19,"author":{"gitId":"yorklim"},"content":"        System.out.println(\"What can I do for you?\");","lastModifiedDate":"2024-01-23"},{"lineNumber":20,"author":{"gitId":"yorklim"},"content":"    }","lastModifiedDate":"2024-01-23"},{"lineNumber":21,"author":{"gitId":"yorklim"},"content":"","lastModifiedDate":"2024-01-23"},{"lineNumber":22,"author":{"gitId":"yorklim"},"content":"    private void load() {","lastModifiedDate":"2024-01-30"},{"lineNumber":23,"author":{"gitId":"yorklim"},"content":"        try {","lastModifiedDate":"2024-01-30"},{"lineNumber":24,"author":{"gitId":"yorklim"},"content":"            File f \u003d new File(\"./data/tasks.txt\");","lastModifiedDate":"2024-01-30"},{"lineNumber":25,"author":{"gitId":"yorklim"},"content":"            Scanner readFile \u003d new Scanner(f);","lastModifiedDate":"2024-01-30"},{"lineNumber":26,"author":{"gitId":"yorklim"},"content":"            while (readFile.hasNextLine()) {","lastModifiedDate":"2024-01-30"},{"lineNumber":27,"author":{"gitId":"yorklim"},"content":"                String line \u003d readFile.nextLine();","lastModifiedDate":"2024-01-30"},{"lineNumber":28,"author":{"gitId":"yorklim"},"content":"                String[] inputs \u003d line.split(\" \\\\| \");","lastModifiedDate":"2024-01-30"},{"lineNumber":29,"author":{"gitId":"yorklim"},"content":"                Boolean isDone;","lastModifiedDate":"2024-01-30"},{"lineNumber":30,"author":{"gitId":"yorklim"},"content":"                if (inputs[1].equals(\"0\")) {","lastModifiedDate":"2024-01-30"},{"lineNumber":31,"author":{"gitId":"yorklim"},"content":"                    isDone \u003d false;","lastModifiedDate":"2024-01-30"},{"lineNumber":32,"author":{"gitId":"yorklim"},"content":"                } else {","lastModifiedDate":"2024-01-30"},{"lineNumber":33,"author":{"gitId":"yorklim"},"content":"                    isDone \u003d true;","lastModifiedDate":"2024-01-30"},{"lineNumber":34,"author":{"gitId":"yorklim"},"content":"                }","lastModifiedDate":"2024-01-30"},{"lineNumber":35,"author":{"gitId":"yorklim"},"content":"                switch (inputs[0]) {","lastModifiedDate":"2024-01-30"},{"lineNumber":36,"author":{"gitId":"yorklim"},"content":"                case \"T\":","lastModifiedDate":"2024-01-30"},{"lineNumber":37,"author":{"gitId":"yorklim"},"content":"                    Task todo \u003d new ToDos(inputs[2], isDone);","lastModifiedDate":"2024-01-30"},{"lineNumber":38,"author":{"gitId":"yorklim"},"content":"                    list.add(todo);","lastModifiedDate":"2024-01-30"},{"lineNumber":39,"author":{"gitId":"yorklim"},"content":"                    break;","lastModifiedDate":"2024-01-30"},{"lineNumber":40,"author":{"gitId":"yorklim"},"content":"                case \"D\":","lastModifiedDate":"2024-01-30"},{"lineNumber":41,"author":{"gitId":"yorklim"},"content":"                    Task deadline \u003d new Deadlines(inputs[2], LocalDateTime.parse(inputs[3]), isDone);","lastModifiedDate":"2024-01-30"},{"lineNumber":42,"author":{"gitId":"yorklim"},"content":"                    list.add(deadline);","lastModifiedDate":"2024-01-30"},{"lineNumber":43,"author":{"gitId":"yorklim"},"content":"                    break;","lastModifiedDate":"2024-01-30"},{"lineNumber":44,"author":{"gitId":"yorklim"},"content":"                case \"E\":","lastModifiedDate":"2024-01-30"},{"lineNumber":45,"author":{"gitId":"yorklim"},"content":"                    String[] time \u003d inputs[3].split(\"/\");","lastModifiedDate":"2024-01-30"},{"lineNumber":46,"author":{"gitId":"yorklim"},"content":"                    Task event \u003d new Events(inputs[2], LocalDateTime.parse(time[0])","lastModifiedDate":"2024-01-30"},{"lineNumber":47,"author":{"gitId":"yorklim"},"content":"                            , LocalDateTime.parse(time[1]), isDone);","lastModifiedDate":"2024-01-30"},{"lineNumber":48,"author":{"gitId":"yorklim"},"content":"                    list.add(event);","lastModifiedDate":"2024-01-30"},{"lineNumber":49,"author":{"gitId":"yorklim"},"content":"                    break;","lastModifiedDate":"2024-01-30"},{"lineNumber":50,"author":{"gitId":"yorklim"},"content":"                }","lastModifiedDate":"2024-01-30"},{"lineNumber":51,"author":{"gitId":"yorklim"},"content":"            }","lastModifiedDate":"2024-01-30"},{"lineNumber":52,"author":{"gitId":"yorklim"},"content":"        } catch (FileNotFoundException e) {","lastModifiedDate":"2024-01-30"},{"lineNumber":53,"author":{"gitId":"yorklim"},"content":"            System.out.println(\"No Save History\");","lastModifiedDate":"2024-01-30"},{"lineNumber":54,"author":{"gitId":"yorklim"},"content":"        }","lastModifiedDate":"2024-01-30"},{"lineNumber":55,"author":{"gitId":"yorklim"},"content":"","lastModifiedDate":"2024-01-30"},{"lineNumber":56,"author":{"gitId":"yorklim"},"content":"    }","lastModifiedDate":"2024-01-30"},{"lineNumber":57,"author":{"gitId":"yorklim"},"content":"","lastModifiedDate":"2024-01-30"},{"lineNumber":58,"author":{"gitId":"yorklim"},"content":"    private void input() {","lastModifiedDate":"2024-01-23"},{"lineNumber":59,"author":{"gitId":"yorklim"},"content":"        try {","lastModifiedDate":"2024-01-23"},{"lineNumber":60,"author":{"gitId":"yorklim"},"content":"            String rawInput \u003d scanner.nextLine();","lastModifiedDate":"2024-01-23"},{"lineNumber":61,"author":{"gitId":"yorklim"},"content":"            String[] input \u003d rawInput.split(\" \", 2);","lastModifiedDate":"2024-01-23"},{"lineNumber":62,"author":{"gitId":"yorklim"},"content":"            String command \u003d input[0];","lastModifiedDate":"2024-01-23"},{"lineNumber":63,"author":{"gitId":"yorklim"},"content":"            if (command.equals(\"bye\")) {","lastModifiedDate":"2024-01-23"},{"lineNumber":64,"author":{"gitId":"yorklim"},"content":"                return;","lastModifiedDate":"2024-01-23"},{"lineNumber":65,"author":{"gitId":"yorklim"},"content":"            }","lastModifiedDate":"2024-01-23"},{"lineNumber":66,"author":{"gitId":"yorklim"},"content":"","lastModifiedDate":"2024-01-23"},{"lineNumber":67,"author":{"gitId":"yorklim"},"content":"            if (command.equals(\"list\")) {","lastModifiedDate":"2024-01-23"},{"lineNumber":68,"author":{"gitId":"yorklim"},"content":"                list();","lastModifiedDate":"2024-01-23"},{"lineNumber":69,"author":{"gitId":"yorklim"},"content":"            } else if (command.equals(\"unmark\")) {","lastModifiedDate":"2024-01-23"},{"lineNumber":70,"author":{"gitId":"yorklim"},"content":"                unmark(input);","lastModifiedDate":"2024-01-23"},{"lineNumber":71,"author":{"gitId":"yorklim"},"content":"            } else if (command.equals(\"mark\")) {","lastModifiedDate":"2024-01-23"},{"lineNumber":72,"author":{"gitId":"yorklim"},"content":"                mark(input);","lastModifiedDate":"2024-01-23"},{"lineNumber":73,"author":{"gitId":"yorklim"},"content":"            } else if (command.equals(\"todo\") || command.equals(\"deadline\") || command.equals(\"event\")) {","lastModifiedDate":"2024-01-23"},{"lineNumber":74,"author":{"gitId":"yorklim"},"content":"                add(input);","lastModifiedDate":"2024-01-23"},{"lineNumber":75,"author":{"gitId":"yorklim"},"content":"            } else if (command.equals(\"delete\")) {","lastModifiedDate":"2024-01-23"},{"lineNumber":76,"author":{"gitId":"yorklim"},"content":"                delete(input);","lastModifiedDate":"2024-01-23"},{"lineNumber":77,"author":{"gitId":"yorklim"},"content":"            } else if (command.equals(\"check\")) {","lastModifiedDate":"2024-01-30"},{"lineNumber":78,"author":{"gitId":"yorklim"},"content":"                check(input);","lastModifiedDate":"2024-01-30"},{"lineNumber":79,"author":{"gitId":"yorklim"},"content":"            } else {","lastModifiedDate":"2024-01-23"},{"lineNumber":80,"author":{"gitId":"yorklim"},"content":"                throw new DukeInvalidCommand(rawInput);","lastModifiedDate":"2024-01-23"},{"lineNumber":81,"author":{"gitId":"yorklim"},"content":"            }","lastModifiedDate":"2024-01-23"},{"lineNumber":82,"author":{"gitId":"yorklim"},"content":"        } catch (DukeException e) {","lastModifiedDate":"2024-01-23"},{"lineNumber":83,"author":{"gitId":"yorklim"},"content":"            System.out.println(e);","lastModifiedDate":"2024-01-23"},{"lineNumber":84,"author":{"gitId":"yorklim"},"content":"        }","lastModifiedDate":"2024-01-23"},{"lineNumber":85,"author":{"gitId":"yorklim"},"content":"","lastModifiedDate":"2024-01-23"},{"lineNumber":86,"author":{"gitId":"yorklim"},"content":"        input();","lastModifiedDate":"2024-01-23"},{"lineNumber":87,"author":{"gitId":"yorklim"},"content":"    }","lastModifiedDate":"2024-01-23"},{"lineNumber":88,"author":{"gitId":"yorklim"},"content":"","lastModifiedDate":"2024-01-23"},{"lineNumber":89,"author":{"gitId":"yorklim"},"content":"    private void add(String[] input) throws DukeException{","lastModifiedDate":"2024-01-30"},{"lineNumber":90,"author":{"gitId":"yorklim"},"content":"        Task task;","lastModifiedDate":"2024-01-23"},{"lineNumber":91,"author":{"gitId":"yorklim"},"content":"        String command \u003d input[0];","lastModifiedDate":"2024-01-23"},{"lineNumber":92,"author":{"gitId":"yorklim"},"content":"        String timeFormat \u003d \"d/M/yyyy HHmm\";","lastModifiedDate":"2024-01-30"},{"lineNumber":93,"author":{"gitId":"yorklim"},"content":"        if (command.equals(\"todo\")) {","lastModifiedDate":"2024-01-23"},{"lineNumber":94,"author":{"gitId":"yorklim"},"content":"            try {","lastModifiedDate":"2024-01-23"},{"lineNumber":95,"author":{"gitId":"yorklim"},"content":"                task \u003d new ToDos(input[1], false);","lastModifiedDate":"2024-01-30"},{"lineNumber":96,"author":{"gitId":"yorklim"},"content":"            } catch (ArrayIndexOutOfBoundsException e) {","lastModifiedDate":"2024-01-23"},{"lineNumber":97,"author":{"gitId":"yorklim"},"content":"                throw new DukeMissingArgument(1,command);","lastModifiedDate":"2024-01-23"},{"lineNumber":98,"author":{"gitId":"yorklim"},"content":"            }","lastModifiedDate":"2024-01-23"},{"lineNumber":99,"author":{"gitId":"yorklim"},"content":"        } else if (command.equals(\"deadline\")) {","lastModifiedDate":"2024-01-23"},{"lineNumber":100,"author":{"gitId":"yorklim"},"content":"            try {","lastModifiedDate":"2024-01-23"},{"lineNumber":101,"author":{"gitId":"yorklim"},"content":"                String[] values \u003d input[1].split(\" /by \", 2);","lastModifiedDate":"2024-01-23"},{"lineNumber":102,"author":{"gitId":"yorklim"},"content":"                LocalDateTime by \u003d LocalDateTime.parse(values[1], DateTimeFormatter.ofPattern(timeFormat));","lastModifiedDate":"2024-01-30"},{"lineNumber":103,"author":{"gitId":"yorklim"},"content":"                task \u003d new Deadlines(values[0], by, false);","lastModifiedDate":"2024-01-30"},{"lineNumber":104,"author":{"gitId":"yorklim"},"content":"            } catch (ArrayIndexOutOfBoundsException e1) {","lastModifiedDate":"2024-01-30"},{"lineNumber":105,"author":{"gitId":"yorklim"},"content":"                throw new DukeMissingArgument(2,command);","lastModifiedDate":"2024-01-23"},{"lineNumber":106,"author":{"gitId":"yorklim"},"content":"            } catch (DateTimeParseException e2) {","lastModifiedDate":"2024-01-30"},{"lineNumber":107,"author":{"gitId":"yorklim"},"content":"                throw new DukeInvalidDateTimeFormat(timeFormat);","lastModifiedDate":"2024-01-30"},{"lineNumber":108,"author":{"gitId":"yorklim"},"content":"            }","lastModifiedDate":"2024-01-23"},{"lineNumber":109,"author":{"gitId":"yorklim"},"content":"        } else if (command.equals(\"event\")) {","lastModifiedDate":"2024-01-23"},{"lineNumber":110,"author":{"gitId":"yorklim"},"content":"            try {","lastModifiedDate":"2024-01-23"},{"lineNumber":111,"author":{"gitId":"yorklim"},"content":"                String[] event \u003d input[1].split(\" /from \", 2);","lastModifiedDate":"2024-01-23"},{"lineNumber":112,"author":{"gitId":"yorklim"},"content":"                String[] time \u003d event[1].split(\" /to \");","lastModifiedDate":"2024-01-23"},{"lineNumber":113,"author":{"gitId":"yorklim"},"content":"                LocalDateTime from \u003d LocalDateTime.parse(time[0], DateTimeFormatter.ofPattern(timeFormat));","lastModifiedDate":"2024-01-30"},{"lineNumber":114,"author":{"gitId":"yorklim"},"content":"                LocalDateTime to \u003d LocalDateTime.parse(time[1], DateTimeFormatter.ofPattern(timeFormat));","lastModifiedDate":"2024-01-30"},{"lineNumber":115,"author":{"gitId":"yorklim"},"content":"                task \u003d new Events(event[0], from, to, false);","lastModifiedDate":"2024-01-30"},{"lineNumber":116,"author":{"gitId":"yorklim"},"content":"            } catch (ArrayIndexOutOfBoundsException e) {","lastModifiedDate":"2024-01-23"},{"lineNumber":117,"author":{"gitId":"yorklim"},"content":"                throw new DukeMissingArgument(3, command);","lastModifiedDate":"2024-01-23"},{"lineNumber":118,"author":{"gitId":"yorklim"},"content":"            }","lastModifiedDate":"2024-01-23"},{"lineNumber":119,"author":{"gitId":"yorklim"},"content":"        } else {","lastModifiedDate":"2024-01-23"},{"lineNumber":120,"author":{"gitId":"yorklim"},"content":"            return;","lastModifiedDate":"2024-01-23"},{"lineNumber":121,"author":{"gitId":"yorklim"},"content":"        }","lastModifiedDate":"2024-01-23"},{"lineNumber":122,"author":{"gitId":"yorklim"},"content":"","lastModifiedDate":"2024-01-23"},{"lineNumber":123,"author":{"gitId":"yorklim"},"content":"        list.add(task);","lastModifiedDate":"2024-01-23"},{"lineNumber":124,"author":{"gitId":"yorklim"},"content":"        int length \u003d list.size();","lastModifiedDate":"2024-01-23"},{"lineNumber":125,"author":{"gitId":"yorklim"},"content":"        System.out.println(\"Got it. I\u0027ve added this task:\");","lastModifiedDate":"2024-01-23"},{"lineNumber":126,"author":{"gitId":"yorklim"},"content":"        task.taskInfo();","lastModifiedDate":"2024-01-23"},{"lineNumber":127,"author":{"gitId":"yorklim"},"content":"        liststatus();","lastModifiedDate":"2024-01-23"},{"lineNumber":128,"author":{"gitId":"yorklim"},"content":"","lastModifiedDate":"2024-01-23"},{"lineNumber":129,"author":{"gitId":"yorklim"},"content":"    }","lastModifiedDate":"2024-01-23"},{"lineNumber":130,"author":{"gitId":"yorklim"},"content":"","lastModifiedDate":"2024-01-23"},{"lineNumber":131,"author":{"gitId":"yorklim"},"content":"    private void list() {","lastModifiedDate":"2024-01-23"},{"lineNumber":132,"author":{"gitId":"yorklim"},"content":"        if (list.size() \u003d\u003d 0) {","lastModifiedDate":"2024-01-23"},{"lineNumber":133,"author":{"gitId":"yorklim"},"content":"            System.out.println(\"The list is empty\");","lastModifiedDate":"2024-01-23"},{"lineNumber":134,"author":{"gitId":"yorklim"},"content":"        }","lastModifiedDate":"2024-01-23"},{"lineNumber":135,"author":{"gitId":"yorklim"},"content":"        int index \u003d 0;","lastModifiedDate":"2024-01-23"},{"lineNumber":136,"author":{"gitId":"yorklim"},"content":"        for (Task item : list) {","lastModifiedDate":"2024-01-23"},{"lineNumber":137,"author":{"gitId":"yorklim"},"content":"            System.out.print(++index + \".\");","lastModifiedDate":"2024-01-23"},{"lineNumber":138,"author":{"gitId":"yorklim"},"content":"            item.taskInfo();","lastModifiedDate":"2024-01-23"},{"lineNumber":139,"author":{"gitId":"yorklim"},"content":"        }","lastModifiedDate":"2024-01-23"},{"lineNumber":140,"author":{"gitId":"yorklim"},"content":"    }","lastModifiedDate":"2024-01-23"},{"lineNumber":141,"author":{"gitId":"yorklim"},"content":"","lastModifiedDate":"2024-01-23"},{"lineNumber":142,"author":{"gitId":"yorklim"},"content":"    private void liststatus() {","lastModifiedDate":"2024-01-23"},{"lineNumber":143,"author":{"gitId":"yorklim"},"content":"        int length \u003d list.size();","lastModifiedDate":"2024-01-23"},{"lineNumber":144,"author":{"gitId":"yorklim"},"content":"        System.out.print(\"Now you have \" + length + \" task\");","lastModifiedDate":"2024-01-23"},{"lineNumber":145,"author":{"gitId":"yorklim"},"content":"        if (length \u003e 1) {System.out.print(\"s\");}","lastModifiedDate":"2024-01-23"},{"lineNumber":146,"author":{"gitId":"yorklim"},"content":"        System.out.println(\" in the list.\");","lastModifiedDate":"2024-01-23"},{"lineNumber":147,"author":{"gitId":"yorklim"},"content":"    }","lastModifiedDate":"2024-01-23"},{"lineNumber":148,"author":{"gitId":"yorklim"},"content":"    private void mark(String[] input) throws DukeException {","lastModifiedDate":"2024-01-23"},{"lineNumber":149,"author":{"gitId":"yorklim"},"content":"        try {","lastModifiedDate":"2024-01-23"},{"lineNumber":150,"author":{"gitId":"yorklim"},"content":"            int index \u003d Integer.valueOf(input[1]);","lastModifiedDate":"2024-01-23"},{"lineNumber":151,"author":{"gitId":"yorklim"},"content":"            Task task \u003d list.get(index - 1);","lastModifiedDate":"2024-01-23"},{"lineNumber":152,"author":{"gitId":"yorklim"},"content":"            task.mark();","lastModifiedDate":"2024-01-23"},{"lineNumber":153,"author":{"gitId":"yorklim"},"content":"        } catch (ArrayIndexOutOfBoundsException e1) {","lastModifiedDate":"2024-01-23"},{"lineNumber":154,"author":{"gitId":"yorklim"},"content":"            throw new DukeMissingArgument(1, input[0]);","lastModifiedDate":"2024-01-23"},{"lineNumber":155,"author":{"gitId":"yorklim"},"content":"        } catch (NumberFormatException e2) {","lastModifiedDate":"2024-01-23"},{"lineNumber":156,"author":{"gitId":"yorklim"},"content":"            throw new DukeInvalidArgument();","lastModifiedDate":"2024-01-23"},{"lineNumber":157,"author":{"gitId":"yorklim"},"content":"        } catch (IndexOutOfBoundsException e3) {","lastModifiedDate":"2024-01-23"},{"lineNumber":158,"author":{"gitId":"yorklim"},"content":"            int index \u003d Integer.valueOf(input[1]);","lastModifiedDate":"2024-01-23"},{"lineNumber":159,"author":{"gitId":"yorklim"},"content":"            throw new DukeTaskNotFound(index);","lastModifiedDate":"2024-01-23"},{"lineNumber":160,"author":{"gitId":"yorklim"},"content":"        }","lastModifiedDate":"2024-01-23"},{"lineNumber":161,"author":{"gitId":"yorklim"},"content":"    }","lastModifiedDate":"2024-01-23"},{"lineNumber":162,"author":{"gitId":"yorklim"},"content":"","lastModifiedDate":"2024-01-23"},{"lineNumber":163,"author":{"gitId":"yorklim"},"content":"    private void unmark(String[] input) throws DukeException {","lastModifiedDate":"2024-01-23"},{"lineNumber":164,"author":{"gitId":"yorklim"},"content":"        try {","lastModifiedDate":"2024-01-23"},{"lineNumber":165,"author":{"gitId":"yorklim"},"content":"            int index \u003d Integer.valueOf(input[1]);","lastModifiedDate":"2024-01-23"},{"lineNumber":166,"author":{"gitId":"yorklim"},"content":"            Task task \u003d list.get(index - 1);","lastModifiedDate":"2024-01-23"},{"lineNumber":167,"author":{"gitId":"yorklim"},"content":"            task.unmark();","lastModifiedDate":"2024-01-23"},{"lineNumber":168,"author":{"gitId":"yorklim"},"content":"        } catch (ArrayIndexOutOfBoundsException e1) {","lastModifiedDate":"2024-01-23"},{"lineNumber":169,"author":{"gitId":"yorklim"},"content":"            throw new DukeMissingArgument(1, input[0]);","lastModifiedDate":"2024-01-23"},{"lineNumber":170,"author":{"gitId":"yorklim"},"content":"        } catch (NumberFormatException e2) {","lastModifiedDate":"2024-01-23"},{"lineNumber":171,"author":{"gitId":"yorklim"},"content":"            throw new DukeInvalidArgument();","lastModifiedDate":"2024-01-23"},{"lineNumber":172,"author":{"gitId":"yorklim"},"content":"        } catch (IndexOutOfBoundsException e3) {","lastModifiedDate":"2024-01-23"},{"lineNumber":173,"author":{"gitId":"yorklim"},"content":"            int index \u003d Integer.valueOf(input[1]);","lastModifiedDate":"2024-01-23"},{"lineNumber":174,"author":{"gitId":"yorklim"},"content":"            throw new DukeTaskNotFound(index);","lastModifiedDate":"2024-01-23"},{"lineNumber":175,"author":{"gitId":"yorklim"},"content":"        }","lastModifiedDate":"2024-01-23"},{"lineNumber":176,"author":{"gitId":"yorklim"},"content":"    }","lastModifiedDate":"2024-01-23"},{"lineNumber":177,"author":{"gitId":"yorklim"},"content":"    private void delete(String[] input) throws DukeException {","lastModifiedDate":"2024-01-23"},{"lineNumber":178,"author":{"gitId":"yorklim"},"content":"        try {","lastModifiedDate":"2024-01-23"},{"lineNumber":179,"author":{"gitId":"yorklim"},"content":"            int index \u003d Integer.valueOf(input[1]);","lastModifiedDate":"2024-01-23"},{"lineNumber":180,"author":{"gitId":"yorklim"},"content":"            Task removed \u003d list.remove(index - 1);","lastModifiedDate":"2024-01-23"},{"lineNumber":181,"author":{"gitId":"yorklim"},"content":"            System.out.println(\"Noted. I\u0027ve removed this task:\");","lastModifiedDate":"2024-01-23"},{"lineNumber":182,"author":{"gitId":"yorklim"},"content":"            removed.taskInfo();","lastModifiedDate":"2024-01-23"},{"lineNumber":183,"author":{"gitId":"yorklim"},"content":"            liststatus();","lastModifiedDate":"2024-01-23"},{"lineNumber":184,"author":{"gitId":"yorklim"},"content":"        } catch (ArrayIndexOutOfBoundsException e1) {","lastModifiedDate":"2024-01-23"},{"lineNumber":185,"author":{"gitId":"yorklim"},"content":"            throw new DukeMissingArgument(1, \"mark\");","lastModifiedDate":"2024-01-23"},{"lineNumber":186,"author":{"gitId":"yorklim"},"content":"        } catch (NumberFormatException e2) {","lastModifiedDate":"2024-01-23"},{"lineNumber":187,"author":{"gitId":"yorklim"},"content":"            throw new DukeInvalidArgument();","lastModifiedDate":"2024-01-23"},{"lineNumber":188,"author":{"gitId":"yorklim"},"content":"        } catch (IndexOutOfBoundsException e3) {","lastModifiedDate":"2024-01-23"},{"lineNumber":189,"author":{"gitId":"yorklim"},"content":"            int index \u003d Integer.valueOf(input[1]);","lastModifiedDate":"2024-01-23"},{"lineNumber":190,"author":{"gitId":"yorklim"},"content":"            throw new DukeTaskNotFound(index);","lastModifiedDate":"2024-01-23"},{"lineNumber":191,"author":{"gitId":"yorklim"},"content":"        }","lastModifiedDate":"2024-01-23"},{"lineNumber":192,"author":{"gitId":"yorklim"},"content":"    }","lastModifiedDate":"2024-01-23"},{"lineNumber":193,"author":{"gitId":"yorklim"},"content":"","lastModifiedDate":"2024-01-23"},{"lineNumber":194,"author":{"gitId":"yorklim"},"content":"    private void check(String[] input) throws DukeException {","lastModifiedDate":"2024-01-30"},{"lineNumber":195,"author":{"gitId":"yorklim"},"content":"        try {","lastModifiedDate":"2024-01-30"},{"lineNumber":196,"author":{"gitId":"yorklim"},"content":"            LocalDate date \u003d LocalDate.parse(input[1], DateTimeFormatter.ofPattern(\"d/M/yyyy\"));","lastModifiedDate":"2024-01-30"},{"lineNumber":197,"author":{"gitId":"yorklim"},"content":"            System.out.println(String.format(\"Tasks on %s:\", input[1]));","lastModifiedDate":"2024-01-30"},{"lineNumber":198,"author":{"gitId":"yorklim"},"content":"            for (Task item : list) {","lastModifiedDate":"2024-01-30"},{"lineNumber":199,"author":{"gitId":"yorklim"},"content":"                item.happenOn(date);","lastModifiedDate":"2024-01-30"},{"lineNumber":200,"author":{"gitId":"yorklim"},"content":"            }","lastModifiedDate":"2024-01-30"},{"lineNumber":201,"author":{"gitId":"yorklim"},"content":"","lastModifiedDate":"2024-01-30"},{"lineNumber":202,"author":{"gitId":"yorklim"},"content":"        } catch (DateTimeParseException e1) {","lastModifiedDate":"2024-01-30"},{"lineNumber":203,"author":{"gitId":"yorklim"},"content":"            System.out.println(e1);","lastModifiedDate":"2024-01-30"},{"lineNumber":204,"author":{"gitId":"yorklim"},"content":"            throw new DukeInvalidDateTimeFormat(\"d/M/yyyy\");","lastModifiedDate":"2024-01-30"},{"lineNumber":205,"author":{"gitId":"yorklim"},"content":"        } catch (ArrayIndexOutOfBoundsException e1) {","lastModifiedDate":"2024-01-30"},{"lineNumber":206,"author":{"gitId":"yorklim"},"content":"            throw new DukeMissingArgument(1, input[0]);","lastModifiedDate":"2024-01-30"},{"lineNumber":207,"author":{"gitId":"yorklim"},"content":"        }","lastModifiedDate":"2024-01-30"},{"lineNumber":208,"author":{"gitId":"yorklim"},"content":"    }","lastModifiedDate":"2024-01-30"},{"lineNumber":209,"author":{"gitId":"yorklim"},"content":"","lastModifiedDate":"2024-01-30"},{"lineNumber":210,"author":{"gitId":"yorklim"},"content":"    private void save() {","lastModifiedDate":"2024-01-30"},{"lineNumber":211,"author":{"gitId":"yorklim"},"content":"        try {","lastModifiedDate":"2024-01-30"},{"lineNumber":212,"author":{"gitId":"yorklim"},"content":"            File savefile \u003d new File(\"./data/tasks.txt\");","lastModifiedDate":"2024-01-30"},{"lineNumber":213,"author":{"gitId":"yorklim"},"content":"            savefile.getParentFile().mkdirs();","lastModifiedDate":"2024-01-30"},{"lineNumber":214,"author":{"gitId":"yorklim"},"content":"            FileWriter fw \u003d new FileWriter(savefile);","lastModifiedDate":"2024-01-30"},{"lineNumber":215,"author":{"gitId":"yorklim"},"content":"            for (Task t : list) {","lastModifiedDate":"2024-01-30"},{"lineNumber":216,"author":{"gitId":"yorklim"},"content":"                fw.write(t.saveOutput());","lastModifiedDate":"2024-01-30"},{"lineNumber":217,"author":{"gitId":"yorklim"},"content":"                fw.write(System.lineSeparator());","lastModifiedDate":"2024-01-30"},{"lineNumber":218,"author":{"gitId":"yorklim"},"content":"            }","lastModifiedDate":"2024-01-30"},{"lineNumber":219,"author":{"gitId":"yorklim"},"content":"            fw.close();","lastModifiedDate":"2024-01-30"},{"lineNumber":220,"author":{"gitId":"yorklim"},"content":"        } catch (IOException e) {","lastModifiedDate":"2024-01-30"},{"lineNumber":221,"author":{"gitId":"yorklim"},"content":"            System.out.println(\"Unable to Save\");","lastModifiedDate":"2024-01-30"},{"lineNumber":222,"author":{"gitId":"yorklim"},"content":"        }","lastModifiedDate":"2024-01-30"},{"lineNumber":223,"author":{"gitId":"yorklim"},"content":"    }","lastModifiedDate":"2024-01-30"},{"lineNumber":224,"author":{"gitId":"yorklim"},"content":"","lastModifiedDate":"2024-01-30"},{"lineNumber":225,"author":{"gitId":"yorklim"},"content":"","lastModifiedDate":"2024-01-23"},{"lineNumber":226,"author":{"gitId":"yorklim"},"content":"    private void exit() {","lastModifiedDate":"2024-01-23"},{"lineNumber":227,"author":{"gitId":"yorklim"},"content":"        System.out.println(\"Bye. Hope to see you again soon!\");","lastModifiedDate":"2024-01-23"},{"lineNumber":228,"author":{"gitId":"yorklim"},"content":"    }","lastModifiedDate":"2024-01-23"},{"lineNumber":229,"author":{"gitId":"-"},"content":"    public static void main(String[] args) {","lastModifiedDate":"2019-07-29"},{"lineNumber":230,"author":{"gitId":"yorklim"},"content":"        Duke bot \u003d new Duke();","lastModifiedDate":"2024-01-23"},{"lineNumber":231,"author":{"gitId":"yorklim"},"content":"        bot.greet();","lastModifiedDate":"2024-01-23"},{"lineNumber":232,"author":{"gitId":"yorklim"},"content":"        bot.load();","lastModifiedDate":"2024-01-30"},{"lineNumber":233,"author":{"gitId":"yorklim"},"content":"        bot.input();","lastModifiedDate":"2024-01-23"},{"lineNumber":234,"author":{"gitId":"yorklim"},"content":"        bot.save();","lastModifiedDate":"2024-01-30"},{"lineNumber":235,"author":{"gitId":"yorklim"},"content":"        bot.exit();","lastModifiedDate":"2024-01-23"},{"lineNumber":236,"author":{"gitId":"-"},"content":"    }","lastModifiedDate":"2019-07-29"},{"lineNumber":237,"author":{"gitId":"-"},"content":"}","lastModifiedDate":"2019-07-29"},{"lineNumber":238,"author":{"gitId":"yorklim"},"content":"","lastModifiedDate":"2024-01-23"}],"authorContributionMap":{"yorklim":234,"-":4}},{"path":"src/main/java/DukeException.java","fileType":"java","lines":[{"lineNumber":1,"author":{"gitId":"yorklim"},"content":"import java.lang.Exception;","lastModifiedDate":"2024-01-23"},{"lineNumber":2,"author":{"gitId":"yorklim"},"content":"public class DukeException extends Exception {","lastModifiedDate":"2024-01-23"},{"lineNumber":3,"author":{"gitId":"yorklim"},"content":"    public DukeException() {","lastModifiedDate":"2024-01-23"},{"lineNumber":4,"author":{"gitId":"yorklim"},"content":"    }","lastModifiedDate":"2024-01-23"},{"lineNumber":5,"author":{"gitId":"yorklim"},"content":"    @Override","lastModifiedDate":"2024-01-23"},{"lineNumber":6,"author":{"gitId":"yorklim"},"content":"    public String toString() {","lastModifiedDate":"2024-01-23"},{"lineNumber":7,"author":{"gitId":"yorklim"},"content":"        return \"Huh?!\";","lastModifiedDate":"2024-01-23"},{"lineNumber":8,"author":{"gitId":"yorklim"},"content":"    }","lastModifiedDate":"2024-01-23"},{"lineNumber":9,"author":{"gitId":"yorklim"},"content":"}","lastModifiedDate":"2024-01-23"}],"authorContributionMap":{"yorklim":9}},{"path":"src/main/java/DukeInvalidArgument.java","fileType":"java","lines":[{"lineNumber":1,"author":{"gitId":"yorklim"},"content":"public class DukeInvalidArgument extends DukeException{","lastModifiedDate":"2024-01-23"},{"lineNumber":2,"author":{"gitId":"yorklim"},"content":"    @Override","lastModifiedDate":"2024-01-23"},{"lineNumber":3,"author":{"gitId":"yorklim"},"content":"    public String toString() {","lastModifiedDate":"2024-01-23"},{"lineNumber":4,"author":{"gitId":"yorklim"},"content":"        return String.format(\"%s The argument(s) you entered are invalid!\", super.toString());","lastModifiedDate":"2024-01-23"},{"lineNumber":5,"author":{"gitId":"yorklim"},"content":"    }","lastModifiedDate":"2024-01-23"},{"lineNumber":6,"author":{"gitId":"yorklim"},"content":"}","lastModifiedDate":"2024-01-23"}],"authorContributionMap":{"yorklim":6}},{"path":"src/main/java/DukeInvalidCommand.java","fileType":"java","lines":[{"lineNumber":1,"author":{"gitId":"yorklim"},"content":"public class DukeInvalidCommand extends DukeException{","lastModifiedDate":"2024-01-23"},{"lineNumber":2,"author":{"gitId":"yorklim"},"content":"    String command;","lastModifiedDate":"2024-01-23"},{"lineNumber":3,"author":{"gitId":"yorklim"},"content":"    public DukeInvalidCommand(String command) {","lastModifiedDate":"2024-01-23"},{"lineNumber":4,"author":{"gitId":"yorklim"},"content":"        this.command \u003d command;","lastModifiedDate":"2024-01-23"},{"lineNumber":5,"author":{"gitId":"yorklim"},"content":"    }","lastModifiedDate":"2024-01-23"},{"lineNumber":6,"author":{"gitId":"yorklim"},"content":"    @Override","lastModifiedDate":"2024-01-23"},{"lineNumber":7,"author":{"gitId":"yorklim"},"content":"    public String toString() {","lastModifiedDate":"2024-01-23"},{"lineNumber":8,"author":{"gitId":"yorklim"},"content":"        return String.format(\"%s This is not a valid command: \\\"\"+command+\"\\\"\", super.toString());","lastModifiedDate":"2024-01-23"},{"lineNumber":9,"author":{"gitId":"yorklim"},"content":"    }","lastModifiedDate":"2024-01-23"},{"lineNumber":10,"author":{"gitId":"yorklim"},"content":"}","lastModifiedDate":"2024-01-23"}],"authorContributionMap":{"yorklim":10}},{"path":"src/main/java/DukeInvalidDateTimeFormat.java","fileType":"java","lines":[{"lineNumber":1,"author":{"gitId":"yorklim"},"content":"public class DukeInvalidDateTimeFormat extends DukeException{","lastModifiedDate":"2024-01-30"},{"lineNumber":2,"author":{"gitId":"yorklim"},"content":"    String timeFormat;","lastModifiedDate":"2024-01-30"},{"lineNumber":3,"author":{"gitId":"yorklim"},"content":"    public DukeInvalidDateTimeFormat(String timeFormat) {","lastModifiedDate":"2024-01-30"},{"lineNumber":4,"author":{"gitId":"yorklim"},"content":"        super();","lastModifiedDate":"2024-01-30"},{"lineNumber":5,"author":{"gitId":"yorklim"},"content":"        this.timeFormat \u003d timeFormat;","lastModifiedDate":"2024-01-30"},{"lineNumber":6,"author":{"gitId":"yorklim"},"content":"    }","lastModifiedDate":"2024-01-30"},{"lineNumber":7,"author":{"gitId":"yorklim"},"content":"    @Override","lastModifiedDate":"2024-01-30"},{"lineNumber":8,"author":{"gitId":"yorklim"},"content":"    public String toString() {","lastModifiedDate":"2024-01-30"},{"lineNumber":9,"author":{"gitId":"yorklim"},"content":"        return String.format(\"%s Date - Time Format is wrong! Please Follow format: %s\", super.toString(), timeFormat);","lastModifiedDate":"2024-01-30"},{"lineNumber":10,"author":{"gitId":"yorklim"},"content":"    }","lastModifiedDate":"2024-01-30"},{"lineNumber":11,"author":{"gitId":"yorklim"},"content":"}","lastModifiedDate":"2024-01-30"}],"authorContributionMap":{"yorklim":11}},{"path":"src/main/java/DukeMissingArgument.java","fileType":"java","lines":[{"lineNumber":1,"author":{"gitId":"yorklim"},"content":"public class DukeMissingArgument extends DukeException{","lastModifiedDate":"2024-01-23"},{"lineNumber":2,"author":{"gitId":"yorklim"},"content":"    private int need;","lastModifiedDate":"2024-01-23"},{"lineNumber":3,"author":{"gitId":"yorklim"},"content":"    private String command;","lastModifiedDate":"2024-01-23"},{"lineNumber":4,"author":{"gitId":"yorklim"},"content":"","lastModifiedDate":"2024-01-23"},{"lineNumber":5,"author":{"gitId":"yorklim"},"content":"    public DukeMissingArgument(int need, String command) {","lastModifiedDate":"2024-01-23"},{"lineNumber":6,"author":{"gitId":"yorklim"},"content":"        this.need \u003d need;","lastModifiedDate":"2024-01-23"},{"lineNumber":7,"author":{"gitId":"yorklim"},"content":"        this.command \u003d command;","lastModifiedDate":"2024-01-23"},{"lineNumber":8,"author":{"gitId":"yorklim"},"content":"    }","lastModifiedDate":"2024-01-23"},{"lineNumber":9,"author":{"gitId":"yorklim"},"content":"    @Override","lastModifiedDate":"2024-01-23"},{"lineNumber":10,"author":{"gitId":"yorklim"},"content":"    public String toString() {","lastModifiedDate":"2024-01-23"},{"lineNumber":11,"author":{"gitId":"yorklim"},"content":"        return String.format(\"%s There are missing argument(s), %d argument(s) is needed for %s\"","lastModifiedDate":"2024-01-23"},{"lineNumber":12,"author":{"gitId":"yorklim"},"content":"                ,super.toString(), need, command);","lastModifiedDate":"2024-01-23"},{"lineNumber":13,"author":{"gitId":"yorklim"},"content":"    }","lastModifiedDate":"2024-01-23"},{"lineNumber":14,"author":{"gitId":"yorklim"},"content":"}","lastModifiedDate":"2024-01-23"}],"authorContributionMap":{"yorklim":14}},{"path":"src/main/java/DukeTaskNotFound.java","fileType":"java","lines":[{"lineNumber":1,"author":{"gitId":"yorklim"},"content":"public class DukeTaskNotFound extends DukeException{","lastModifiedDate":"2024-01-23"},{"lineNumber":2,"author":{"gitId":"yorklim"},"content":"","lastModifiedDate":"2024-01-23"},{"lineNumber":3,"author":{"gitId":"yorklim"},"content":"    int index;","lastModifiedDate":"2024-01-23"},{"lineNumber":4,"author":{"gitId":"yorklim"},"content":"    public DukeTaskNotFound(int index) {","lastModifiedDate":"2024-01-23"},{"lineNumber":5,"author":{"gitId":"yorklim"},"content":"        this.index \u003d index;","lastModifiedDate":"2024-01-23"},{"lineNumber":6,"author":{"gitId":"yorklim"},"content":"    }","lastModifiedDate":"2024-01-23"},{"lineNumber":7,"author":{"gitId":"yorklim"},"content":"    @Override","lastModifiedDate":"2024-01-23"},{"lineNumber":8,"author":{"gitId":"yorklim"},"content":"    public String toString() {","lastModifiedDate":"2024-01-23"},{"lineNumber":9,"author":{"gitId":"yorklim"},"content":"        return String.format(\"%s Task No. %d cannot be found!\",super.toString(), this.index);","lastModifiedDate":"2024-01-23"},{"lineNumber":10,"author":{"gitId":"yorklim"},"content":"    }","lastModifiedDate":"2024-01-23"},{"lineNumber":11,"author":{"gitId":"yorklim"},"content":"}","lastModifiedDate":"2024-01-23"}],"authorContributionMap":{"yorklim":11}},{"path":"src/main/java/Events.java","fileType":"java","lines":[{"lineNumber":1,"author":{"gitId":"yorklim"},"content":"import java.time.LocalDate;","lastModifiedDate":"2024-01-30"},{"lineNumber":2,"author":{"gitId":"yorklim"},"content":"import java.time.LocalDateTime;","lastModifiedDate":"2024-01-30"},{"lineNumber":3,"author":{"gitId":"yorklim"},"content":"import java.time.format.DateTimeFormatter;","lastModifiedDate":"2024-01-30"},{"lineNumber":4,"author":{"gitId":"yorklim"},"content":"","lastModifiedDate":"2024-01-30"},{"lineNumber":5,"author":{"gitId":"yorklim"},"content":"public class Events extends Task{","lastModifiedDate":"2024-01-23"},{"lineNumber":6,"author":{"gitId":"yorklim"},"content":"    private Task task;","lastModifiedDate":"2024-01-23"},{"lineNumber":7,"author":{"gitId":"yorklim"},"content":"    private LocalDateTime from;","lastModifiedDate":"2024-01-30"},{"lineNumber":8,"author":{"gitId":"yorklim"},"content":"    private LocalDateTime to;","lastModifiedDate":"2024-01-30"},{"lineNumber":9,"author":{"gitId":"yorklim"},"content":"    public Events(String name, LocalDateTime from, LocalDateTime to, Boolean status) {","lastModifiedDate":"2024-01-30"},{"lineNumber":10,"author":{"gitId":"yorklim"},"content":"        super(name, status);","lastModifiedDate":"2024-01-30"},{"lineNumber":11,"author":{"gitId":"yorklim"},"content":"        this.from \u003d from;","lastModifiedDate":"2024-01-23"},{"lineNumber":12,"author":{"gitId":"yorklim"},"content":"        this.to \u003d to;","lastModifiedDate":"2024-01-23"},{"lineNumber":13,"author":{"gitId":"yorklim"},"content":"","lastModifiedDate":"2024-01-23"},{"lineNumber":14,"author":{"gitId":"yorklim"},"content":"    }","lastModifiedDate":"2024-01-23"},{"lineNumber":15,"author":{"gitId":"yorklim"},"content":"","lastModifiedDate":"2024-01-23"},{"lineNumber":16,"author":{"gitId":"yorklim"},"content":"    @Override","lastModifiedDate":"2024-01-30"},{"lineNumber":17,"author":{"gitId":"yorklim"},"content":"    public void happenOn(LocalDate date) {","lastModifiedDate":"2024-01-30"},{"lineNumber":18,"author":{"gitId":"yorklim"},"content":"        if ((date.isAfter(from.toLocalDate()) \u0026\u0026 date.isBefore(to.toLocalDate()))","lastModifiedDate":"2024-01-30"},{"lineNumber":19,"author":{"gitId":"yorklim"},"content":"                || date.isEqual(from.toLocalDate()) || date.isEqual(to.toLocalDate())) {","lastModifiedDate":"2024-01-30"},{"lineNumber":20,"author":{"gitId":"yorklim"},"content":"            taskInfo();","lastModifiedDate":"2024-01-30"},{"lineNumber":21,"author":{"gitId":"yorklim"},"content":"        }","lastModifiedDate":"2024-01-30"},{"lineNumber":22,"author":{"gitId":"yorklim"},"content":"    }","lastModifiedDate":"2024-01-30"},{"lineNumber":23,"author":{"gitId":"yorklim"},"content":"","lastModifiedDate":"2024-01-30"},{"lineNumber":24,"author":{"gitId":"yorklim"},"content":"    @Override","lastModifiedDate":"2024-01-30"},{"lineNumber":25,"author":{"gitId":"yorklim"},"content":"    public String saveOutput() {","lastModifiedDate":"2024-01-30"},{"lineNumber":26,"author":{"gitId":"yorklim"},"content":"        return \"E \" + super.saveOutput() + String.format(\" | %s/%s\", from, to);","lastModifiedDate":"2024-01-30"},{"lineNumber":27,"author":{"gitId":"yorklim"},"content":"    }","lastModifiedDate":"2024-01-30"},{"lineNumber":28,"author":{"gitId":"yorklim"},"content":"","lastModifiedDate":"2024-01-30"},{"lineNumber":29,"author":{"gitId":"yorklim"},"content":"    @Override","lastModifiedDate":"2024-01-23"},{"lineNumber":30,"author":{"gitId":"yorklim"},"content":"    public void taskInfo() {","lastModifiedDate":"2024-01-23"},{"lineNumber":31,"author":{"gitId":"yorklim"},"content":"        System.out.print(\"[E]\");","lastModifiedDate":"2024-01-23"},{"lineNumber":32,"author":{"gitId":"yorklim"},"content":"        super.taskInfo();","lastModifiedDate":"2024-01-23"},{"lineNumber":33,"author":{"gitId":"yorklim"},"content":"        System.out.println(\" (from: \" + from.format(DateTimeFormatter.ofPattern(\"MMM d yyyy, HHmm\")) + \"hrs to: \"","lastModifiedDate":"2024-01-30"},{"lineNumber":34,"author":{"gitId":"yorklim"},"content":"                + to.format(DateTimeFormatter.ofPattern(\"MMM d yyyy, HHmm\")) + \")\");","lastModifiedDate":"2024-01-30"},{"lineNumber":35,"author":{"gitId":"yorklim"},"content":"    }","lastModifiedDate":"2024-01-23"},{"lineNumber":36,"author":{"gitId":"yorklim"},"content":"}","lastModifiedDate":"2024-01-23"}],"authorContributionMap":{"yorklim":36}},{"path":"src/main/java/Task.java","fileType":"java","lines":[{"lineNumber":1,"author":{"gitId":"yorklim"},"content":"import java.time.LocalDate;","lastModifiedDate":"2024-01-30"},{"lineNumber":2,"author":{"gitId":"yorklim"},"content":"","lastModifiedDate":"2024-01-30"},{"lineNumber":3,"author":{"gitId":"yorklim"},"content":"","lastModifiedDate":"2024-01-30"},{"lineNumber":4,"author":{"gitId":"yorklim"},"content":"public class Task {","lastModifiedDate":"2024-01-23"},{"lineNumber":5,"author":{"gitId":"yorklim"},"content":"    protected String name;","lastModifiedDate":"2024-01-23"},{"lineNumber":6,"author":{"gitId":"yorklim"},"content":"    protected boolean isDone;","lastModifiedDate":"2024-01-30"},{"lineNumber":7,"author":{"gitId":"yorklim"},"content":"","lastModifiedDate":"2024-01-23"},{"lineNumber":8,"author":{"gitId":"yorklim"},"content":"    public Task(String name, Boolean isDone) {","lastModifiedDate":"2024-01-30"},{"lineNumber":9,"author":{"gitId":"yorklim"},"content":"        this.name \u003d name;","lastModifiedDate":"2024-01-23"},{"lineNumber":10,"author":{"gitId":"yorklim"},"content":"        this.isDone \u003d isDone;","lastModifiedDate":"2024-01-30"},{"lineNumber":11,"author":{"gitId":"yorklim"},"content":"    }","lastModifiedDate":"2024-01-30"},{"lineNumber":12,"author":{"gitId":"yorklim"},"content":"","lastModifiedDate":"2024-01-30"},{"lineNumber":13,"author":{"gitId":"yorklim"},"content":"    public String saveOutput() {","lastModifiedDate":"2024-01-30"},{"lineNumber":14,"author":{"gitId":"yorklim"},"content":"        return String.format(\"| %d | %s\", isDone ? 1 : 0, name);","lastModifiedDate":"2024-01-30"},{"lineNumber":15,"author":{"gitId":"yorklim"},"content":"    }","lastModifiedDate":"2024-01-23"},{"lineNumber":16,"author":{"gitId":"yorklim"},"content":"","lastModifiedDate":"2024-01-23"},{"lineNumber":17,"author":{"gitId":"yorklim"},"content":"    public void happenOn(LocalDate date) {","lastModifiedDate":"2024-01-30"},{"lineNumber":18,"author":{"gitId":"yorklim"},"content":"    }","lastModifiedDate":"2024-01-30"},{"lineNumber":19,"author":{"gitId":"yorklim"},"content":"","lastModifiedDate":"2024-01-30"},{"lineNumber":20,"author":{"gitId":"yorklim"},"content":"    public void taskInfo() {","lastModifiedDate":"2024-01-23"},{"lineNumber":21,"author":{"gitId":"yorklim"},"content":"        if (isDone) {","lastModifiedDate":"2024-01-30"},{"lineNumber":22,"author":{"gitId":"yorklim"},"content":"            System.out.print(\"[X]\");","lastModifiedDate":"2024-01-23"},{"lineNumber":23,"author":{"gitId":"yorklim"},"content":"        } else {","lastModifiedDate":"2024-01-23"},{"lineNumber":24,"author":{"gitId":"yorklim"},"content":"            System.out.print(\"[ ]\");","lastModifiedDate":"2024-01-23"},{"lineNumber":25,"author":{"gitId":"yorklim"},"content":"        }","lastModifiedDate":"2024-01-23"},{"lineNumber":26,"author":{"gitId":"yorklim"},"content":"        System.out.print(\" \" + name);","lastModifiedDate":"2024-01-23"},{"lineNumber":27,"author":{"gitId":"yorklim"},"content":"    }","lastModifiedDate":"2024-01-23"},{"lineNumber":28,"author":{"gitId":"yorklim"},"content":"","lastModifiedDate":"2024-01-23"},{"lineNumber":29,"author":{"gitId":"yorklim"},"content":"    public void mark() {","lastModifiedDate":"2024-01-23"},{"lineNumber":30,"author":{"gitId":"yorklim"},"content":"        this.isDone \u003d true;","lastModifiedDate":"2024-01-30"},{"lineNumber":31,"author":{"gitId":"yorklim"},"content":"        System.out.println(\"Nice! I\u0027ve marked this task as done:\");","lastModifiedDate":"2024-01-23"},{"lineNumber":32,"author":{"gitId":"yorklim"},"content":"        this.taskInfo();","lastModifiedDate":"2024-01-23"},{"lineNumber":33,"author":{"gitId":"yorklim"},"content":"    }","lastModifiedDate":"2024-01-23"},{"lineNumber":34,"author":{"gitId":"yorklim"},"content":"","lastModifiedDate":"2024-01-23"},{"lineNumber":35,"author":{"gitId":"yorklim"},"content":"    public void unmark() {","lastModifiedDate":"2024-01-23"},{"lineNumber":36,"author":{"gitId":"yorklim"},"content":"        this.isDone \u003d false;","lastModifiedDate":"2024-01-30"},{"lineNumber":37,"author":{"gitId":"yorklim"},"content":"        System.out.println(\"OK, I\u0027ve marked this task as not done yet:\");","lastModifiedDate":"2024-01-23"},{"lineNumber":38,"author":{"gitId":"yorklim"},"content":"        this.taskInfo();","lastModifiedDate":"2024-01-23"},{"lineNumber":39,"author":{"gitId":"yorklim"},"content":"    }","lastModifiedDate":"2024-01-23"},{"lineNumber":40,"author":{"gitId":"yorklim"},"content":"}","lastModifiedDate":"2024-01-23"}],"authorContributionMap":{"yorklim":40}},{"path":"src/main/java/ToDos.java","fileType":"java","lines":[{"lineNumber":1,"author":{"gitId":"yorklim"},"content":"public class ToDos extends Task{","lastModifiedDate":"2024-01-23"},{"lineNumber":2,"author":{"gitId":"yorklim"},"content":"    private Task task;","lastModifiedDate":"2024-01-23"},{"lineNumber":3,"author":{"gitId":"yorklim"},"content":"    public ToDos(String name, Boolean status) {","lastModifiedDate":"2024-01-30"},{"lineNumber":4,"author":{"gitId":"yorklim"},"content":"        super(name, status);","lastModifiedDate":"2024-01-30"},{"lineNumber":5,"author":{"gitId":"yorklim"},"content":"    }","lastModifiedDate":"2024-01-30"},{"lineNumber":6,"author":{"gitId":"yorklim"},"content":"","lastModifiedDate":"2024-01-30"},{"lineNumber":7,"author":{"gitId":"yorklim"},"content":"","lastModifiedDate":"2024-01-30"},{"lineNumber":8,"author":{"gitId":"yorklim"},"content":"","lastModifiedDate":"2024-01-30"},{"lineNumber":9,"author":{"gitId":"yorklim"},"content":"    @Override","lastModifiedDate":"2024-01-30"},{"lineNumber":10,"author":{"gitId":"yorklim"},"content":"    public String saveOutput() {","lastModifiedDate":"2024-01-30"},{"lineNumber":11,"author":{"gitId":"yorklim"},"content":"        return \"T \"+ super.saveOutput();","lastModifiedDate":"2024-01-30"},{"lineNumber":12,"author":{"gitId":"yorklim"},"content":"    }","lastModifiedDate":"2024-01-23"},{"lineNumber":13,"author":{"gitId":"yorklim"},"content":"","lastModifiedDate":"2024-01-23"},{"lineNumber":14,"author":{"gitId":"yorklim"},"content":"    @Override","lastModifiedDate":"2024-01-23"},{"lineNumber":15,"author":{"gitId":"yorklim"},"content":"    public void taskInfo() {","lastModifiedDate":"2024-01-23"},{"lineNumber":16,"author":{"gitId":"yorklim"},"content":"        System.out.print(\"[T]\");","lastModifiedDate":"2024-01-23"},{"lineNumber":17,"author":{"gitId":"yorklim"},"content":"        super.taskInfo();","lastModifiedDate":"2024-01-23"},{"lineNumber":18,"author":{"gitId":"yorklim"},"content":"        System.out.println();","lastModifiedDate":"2024-01-23"},{"lineNumber":19,"author":{"gitId":"yorklim"},"content":"    }","lastModifiedDate":"2024-01-23"},{"lineNumber":20,"author":{"gitId":"yorklim"},"content":"}","lastModifiedDate":"2024-01-23"}],"authorContributionMap":{"yorklim":20}},{"path":"src/main/java/data/tasks.txt","fileType":"txt","lines":[{"lineNumber":1,"author":{"gitId":"yorklim"},"content":"D | 0 | a | 2007-12-03T10:15","lastModifiedDate":"2024-01-30"},{"lineNumber":2,"author":{"gitId":"yorklim"},"content":"E | 0 | a | 2007-12-03T10:15/2007-12-03T10:15","lastModifiedDate":"2024-01-30"}],"authorContributionMap":{"yorklim":2}},{"path":"text-ui-test/input.txt","fileType":"txt","lines":[{"lineNumber":1,"author":{"gitId":"yorklim"},"content":"todo read book","lastModifiedDate":"2024-01-23"},{"lineNumber":2,"author":{"gitId":"yorklim"},"content":"bye","lastModifiedDate":"2024-01-23"}],"authorContributionMap":{"yorklim":2}},{"path":"text-ui-test/output.txt","fileType":"txt","lines":[{"lineNumber":1,"author":{"gitId":"yorklim"},"content":"Hello! I\u0027m NotDuke","lastModifiedDate":"2024-01-23"},{"lineNumber":2,"author":{"gitId":"yorklim"},"content":"What can I do for you?","lastModifiedDate":"2024-01-23"},{"lineNumber":3,"author":{"gitId":"yorklim"},"content":"Got it. I\u0027ve added this task:","lastModifiedDate":"2024-01-23"},{"lineNumber":4,"author":{"gitId":"yorklim"},"content":"[T][ ] read book","lastModifiedDate":"2024-01-23"},{"lineNumber":5,"author":{"gitId":"yorklim"},"content":"Now you have 1 task in the list.","lastModifiedDate":"2024-01-23"},{"lineNumber":6,"author":{"gitId":"yorklim"},"content":"Bye. Hope to see you again soon!","lastModifiedDate":"2024-01-23"}],"authorContributionMap":{"yorklim":6}}]
