{"authorDailyContributionsMap":{"sdevih":[{"date":"2024-01-25","commitResults":[{"hash":"7919cea09717663b5f416ab9d664d6389ac72e45","isMergeCommit":false,"messageTitle":"Added Level-0","messageBody":"","tags":["Level-0"],"fileTypesAndContributionMap":{"java":{"insertions":7,"deletions":6}}},{"hash":"9491e039af430622e088bb248557067584f15476","isMergeCommit":false,"messageTitle":"Added level-1","messageBody":"","tags":["Level-1"],"fileTypesAndContributionMap":{"java":{"insertions":12,"deletions":0}}}]}]},"authorFileTypeContributionMap":{"sdevih":{"java":19,"md":0,"fxml":0,"sh":0,"bat":0,"gradle":0,"txt":0}},"authorContributionVariance":{"sdevih":76.53062},"authorDisplayNameMap":{"sdevih":"S DE..ITHA"}}
