{"authorDailyContributionsMap":{"ReganChoy":[{"date":"2024-01-22","commitResults":[{"hash":"ae7f5f60da2dcd769650ec70990135eed9d78d07","isMergeCommit":false,"messageTitle":"Added Name, Greeting and Bye","messageBody":"","tags":["Level-0"],"fileTypesAndContributionMap":{"java":{"insertions":29,"deletions":0}}},{"hash":"da80f928a34b3731a8c6233efae234dcce8154c3","isMergeCommit":false,"messageTitle":"Added Echo","messageBody":"","tags":["Level-1"],"fileTypesAndContributionMap":{"java":{"insertions":42,"deletions":18}}}]},{"date":"2024-01-23","commitResults":[{"hash":"b66390adde8b558573da6afa41a62eaf31d6d36a","isMergeCommit":false,"messageTitle":"Added: List and Add methods","messageBody":"","tags":["Level-2"],"fileTypesAndContributionMap":{"java":{"insertions":35,"deletions":2}}},{"hash":"d6d838ca0eeff5bf5f9d138fc5689802a9313665","isMergeCommit":false,"messageTitle":"Added: Task class, Mark and Unmark methods","messageBody":"","tags":["Level-3"],"fileTypesAndContributionMap":{"java":{"insertions":60,"deletions":4}}},{"hash":"2ad497483e7d0d5a1e18dda7b577658c0605e3bd","isMergeCommit":false,"messageTitle":"Added: Subclassses of Task (ToDo, Event, Deadline)","messageBody":"","tags":["Level-4"],"fileTypesAndContributionMap":{"java":{"insertions":118,"deletions":10}}},{"hash":"bce02ca242a9d93fd2beec937f27137fb965f27d","isMergeCommit":false,"messageTitle":"Edited: input.txt and Expected.txt","messageBody":"","tags":["A-TextUiTesting"],"fileTypesAndContributionMap":{"txt":{"insertions":5,"deletions":0},"java":{"insertions":8,"deletions":5}}},{"hash":"ebae447530469d79b29db174375a5d9afa029933","isMergeCommit":false,"messageTitle":"Added: Exception Handling for Methods","messageBody":"","tags":["Level-5"],"fileTypesAndContributionMap":{"java":{"insertions":68,"deletions":18}}},{"hash":"5118c1601d3eb1ff7030034f021f9110e2c13be1","isMergeCommit":false,"messageTitle":"Added: Delete method","messageBody":"","tags":["Level-6"],"fileTypesAndContributionMap":{"java":{"insertions":21,"deletions":6}}}]},{"date":"2024-01-30","commitResults":[{"hash":"1d50728d820235faa6835b57e868b90b6cb843e0","isMergeCommit":false,"messageTitle":"Implemented Load and Save functions Re-organized code into different classes from Duke class","messageBody":"","tags":["Level-7"],"fileTypesAndContributionMap":{"java":{"insertions":234,"deletions":169}}},{"hash":"6250dbc21899dcb00699fdb340e5bdf6604597d1","isMergeCommit":false,"messageTitle":"Converted DateTime format from String to DateTme class","messageBody":"","tags":["Level-8"],"fileTypesAndContributionMap":{"java":{"insertions":41,"deletions":17}}},{"hash":"5fcfcb2169cf547805ca719066dce9d66e9a66bd","isMergeCommit":false,"messageTitle":"Increased OOP by creating Parser, TaskList, Ui and Storage classes","messageBody":"","tags":["A-MoreOOP"],"fileTypesAndContributionMap":{"java":{"insertions":76,"deletions":62}}}]},{"date":"2024-01-31","commitResults":[{"hash":"933212cc30ec54bf8388f98d1b687ac000c73ff9","isMergeCommit":false,"messageTitle":"Packaged all Classes into a single package named duke","messageBody":"","tags":["A-Packages"],"fileTypesAndContributionMap":{"java":{"insertions":79,"deletions":61}}},{"hash":"dd9dcdfc2f79ec53c7660f7bb39dce6cce1a2b5c","isMergeCommit":false,"messageTitle":"Update duke","messageBody":"","fileTypesAndContributionMap":{"java":{"insertions":0,"deletions":3}}},{"hash":"6977c1e709480f84bdc5c7bfe8ad00d251e79497","isMergeCommit":true,"messageTitle":"Merge remote-tracking branch \u0027origin/add-gradle-support\u0027","messageBody":"","fileTypesAndContributionMap":{}},{"hash":"9258275d2fb864449e85eb91d69a8cd5ab44ec70","isMergeCommit":false,"messageTitle":"Set up and run Duke with gradle Edit build.gradle file to run","messageBody":"","tags":["A-Gradle"],"fileTypesAndContributionMap":{"gradle":{"insertions":1,"deletions":1}}},{"hash":"910e880b3bd2befae3c6e1fa0202373641f991e0","isMergeCommit":false,"messageTitle":"Add junit test cases for ToDo and Event","messageBody":"","tags":["A-JUnit"],"fileTypesAndContributionMap":{"java":{"insertions":47,"deletions":0}}},{"hash":"27aabbd9c6b2dc161b1f1dcebe4cee483fcebb0d","isMergeCommit":false,"messageTitle":"Edit build.gradle file for jar","messageBody":"","fileTypesAndContributionMap":{"gradle":{"insertions":1,"deletions":0}}}]},{"date":"2024-02-01","commitResults":[{"hash":"269c12ba38f7b165825e73260c0abdcc1e06b668","isMergeCommit":false,"messageTitle":"Edit build.gradle file to generate only duke.jar file","messageBody":"","tags":["A-Jar"],"fileTypesAndContributionMap":{"gradle":{"insertions":1,"deletions":4}}}]}]},"authorFileTypeContributionMap":{"ReganChoy":{"java":491,"md":0,"fxml":0,"sh":0,"bat":0,"gradle":2,"txt":5}},"authorContributionVariance":{"ReganChoy":30193.0},"authorDisplayNameMap":{"ReganChoy":"CS2103T-W12-1 REGA..N FU"}}
