{"authorDailyContributionsMap":{"TheodoreKooo":[{"date":"2024-01-22","commitResults":[{"hash":"96500d4f2f122482c2ff8571913ebb0733a6e96c","isMergeCommit":false,"messageTitle":"Level 0: Rename, Greet, Exit","messageBody":"","tags":["Level-0-Rename,-Greet,-Exit"],"fileTypesAndContributionMap":{"java":{"insertions":9,"deletions":0}}},{"hash":"5de55ccc225e1ebe70a1fd99c2b34b0d84b22a85","isMergeCommit":false,"messageTitle":"Level-1: Echo","messageBody":"","tags":["Level-1-Echo"],"fileTypesAndContributionMap":{"java":{"insertions":17,"deletions":3}}},{"hash":"6b521ac2649b2dbfb33cdf982b6530a9be41cc1a","isMergeCommit":false,"messageTitle":"Level-2: Add, List","messageBody":"","tags":["Level-2-Add,-List"],"fileTypesAndContributionMap":{"java":{"insertions":33,"deletions":6}}},{"hash":"cf882333dc398c4e1d425fd539b32839a14505b1","isMergeCommit":false,"messageTitle":"Level-3 : Mark as Done","messageBody":"","tags":["Level-3-Mark-as-Done"],"fileTypesAndContributionMap":{"java":{"insertions":51,"deletions":20}}}]},{"date":"2024-01-23","commitResults":[{"hash":"1a32097e52f4f526a17965dc83dc0563443193c7","isMergeCommit":false,"messageTitle":"Try to debug the subclasses of task","messageBody":"","fileTypesAndContributionMap":{"java":{"insertions":62,"deletions":11}}},{"hash":"ecf4cef3a200138278fb78843e2b93d361afd7d8","isMergeCommit":false,"messageTitle":"Level-4: ToDo, Event, Deadline","messageBody":"","tags":["Level-4-ToDo-Event-Deadline"],"fileTypesAndContributionMap":{"java":{"insertions":15,"deletions":15}}}]},{"date":"2024-01-24","commitResults":[{"hash":"e1345da5d84432afb6d61d292c0c9359798c337c","isMergeCommit":false,"messageTitle":"Level-5 Handling the basic exceptions","messageBody":"","fileTypesAndContributionMap":{"java":{"insertions":97,"deletions":45}}},{"hash":"48cc15f721d1855fe4f5074f434c9ec6ea36771f","isMergeCommit":false,"messageTitle":"Level-5 all possible exceptions handled","messageBody":"","tags":["Level-5-All-Possible-Exceptions-handled"],"fileTypesAndContributionMap":{"java":{"insertions":45,"deletions":6}}},{"hash":"52ebb77b7232d3ac2e291529ae9781ffae90b6f4","isMergeCommit":false,"messageTitle":"completed the deletion function","messageBody":"","tags":["Level-6-Delete"],"fileTypesAndContributionMap":{"java":{"insertions":20,"deletions":1}}},{"hash":"671b03e86e8ce4901a402f67c670d37d55693644","isMergeCommit":false,"messageTitle":"no message","messageBody":"","fileTypesAndContributionMap":{"java":{"insertions":1,"deletions":31}}},{"hash":"2fbddd4f5b2835b618ef2caa85e90c0e9e2be206","isMergeCommit":false,"messageTitle":"removed the dotted lines between commands to make it more aesthetically pleasing","messageBody":"","fileTypesAndContributionMap":{"java":{"insertions":7,"deletions":8}}}]},{"date":"2024-02-02","commitResults":[{"hash":"0a33b8287da68d87c0835aaa93fd070e4f2c01dc","isMergeCommit":false,"messageTitle":"Working on the writeToFile and ReadToFile methods","messageBody":"","fileTypesAndContributionMap":{"java":{"insertions":27,"deletions":2}}}]},{"date":"2024-02-03","commitResults":[{"hash":"32d639f4430df8dcb53e71cd367fab657c553b1d","isMergeCommit":false,"messageTitle":"Completed the save function for Level 7, still left with the case where the data file does not exist.","messageBody":"","fileTypesAndContributionMap":{"txt":{"insertions":5,"deletions":0},"java":{"insertions":105,"deletions":30},"md":{"insertions":0,"deletions":29}}},{"hash":"6ccbe19cb24038507cc5a646ca9b906f431569c3","isMergeCommit":false,"messageTitle":"Level-7: Save completed","messageBody":"","fileTypesAndContributionMap":{"txt":{"insertions":2,"deletions":4}}},{"hash":"6463ad834291a600f04abaf4695ca5da4d73ccd2","isMergeCommit":true,"messageTitle":"Merge branch \u0027branch-Level-7\u0027","messageBody":"","tags":["Level-7-Save"],"fileTypesAndContributionMap":{}},{"hash":"98ab1a528284ddf20c1470c9e65e4e3fb9c43f21","isMergeCommit":false,"messageTitle":"Level-8: Dates and Times","messageBody":"","fileTypesAndContributionMap":{"txt":{"insertions":0,"deletions":3},"java":{"insertions":28,"deletions":12}}},{"hash":"99a94b782087953c17cea1ab08d5e690ae62f8b3","isMergeCommit":false,"messageTitle":"finished up level 8 and added a new feature \"clear\"","messageBody":"","fileTypesAndContributionMap":{"java":{"insertions":8,"deletions":1}}},{"hash":"896f04111246ad3c35828486bdf8609f464c1391","isMergeCommit":true,"messageTitle":"Merge branch \u0027branch-Level-8\u0027","messageBody":"","fileTypesAndContributionMap":{}}]},{"date":"2024-02-04","commitResults":[{"hash":"2050a982530de1998b97a2f1956e98d96fe48980","isMergeCommit":false,"messageTitle":"finished the extraction of classes Ui, Storage, Parser and TaskList","messageBody":"","fileTypesAndContributionMap":{"java":{"insertions":351,"deletions":132}}},{"hash":"3c5077cce20e025d89d000f065327425a0447ab5","isMergeCommit":true,"messageTitle":"Merge branch \u0027MoreOOP\u0027","messageBody":"","tags":["A-MoreOOP"],"fileTypesAndContributionMap":{}},{"hash":"cd5a135d02dcfb6039cfde5a6b3ef0f6d4a8f9b8","isMergeCommit":false,"messageTitle":"made all of the subclasses ToDo, Deadline and Event public","messageBody":"","fileTypesAndContributionMap":{"java":{"insertions":51,"deletions":163}}},{"hash":"6153041e4617b7ad86475cfec9f88fbc39d22d29","isMergeCommit":false,"messageTitle":"Completed organizing them into packages, they are catagorized by the 2 packages \"riz.data\" and \"riz.io\" as of now. The Classes Deadline, Event, Storage, Task, TaskList and Todo are in the package \"riz.data\". The classes Parser, RizException and Ui are in the package\"riz.io\".","messageBody":"","fileTypesAndContributionMap":{"txt":{"insertions":1,"deletions":0},"java":{"insertions":24,"deletions":4}}},{"hash":"651fd1c236a09f2007163db740791d9327b928f4","isMergeCommit":true,"messageTitle":"Merge branch \u0027Packages\u0027","messageBody":"","tags":["A-Packages"],"fileTypesAndContributionMap":{}},{"hash":"028f2db90c51b59e4d0e8a447ca37c05b211de8a","isMergeCommit":true,"messageTitle":"Merge branch \u0027add-gradle-support\u0027","messageBody":"# Conflicts:\n#\tdocs/README.md\n","fileTypesAndContributionMap":{}},{"hash":"498f50c0a362a853bf81e2abf83ee100d857c9ea","isMergeCommit":false,"messageTitle":"Created Test files to test the methods in the various classes","messageBody":"","fileTypesAndContributionMap":{"txt":{"insertions":2,"deletions":0},"java":{"insertions":86,"deletions":0}}}]},{"date":"2024-02-05","commitResults":[{"hash":"bfc6912b7a8510073a3c3df80997ee5cc38070d5","isMergeCommit":false,"messageTitle":"added in the tests for the Parser class","messageBody":"","tags":["A-JUnit"],"fileTypesAndContributionMap":{"txt":{"insertions":2,"deletions":0},"java":{"insertions":13,"deletions":7}}},{"hash":"c98cc11b41a0a4ac332ce1bb87460391de9c4a40","isMergeCommit":false,"messageTitle":"Pakaged the app as a JAR file","messageBody":"","fileTypesAndContributionMap":{"gradle":{"insertions":4,"deletions":1}}},{"hash":"2cccfcf5f57951cc57251768b697d1ae454eb11b","isMergeCommit":true,"messageTitle":"Merge branch \u0027A-Jar\u0027","messageBody":"","tags":["A-Jar"],"fileTypesAndContributionMap":{}},{"hash":"ba478e202159987ba899c8725847e7645cda9767","isMergeCommit":false,"messageTitle":"no message","messageBody":"","fileTypesAndContributionMap":{"txt":{"insertions":0,"deletions":2}}},{"hash":"5878103664a3d5b063520e9cffa9be206f450ff0","isMergeCommit":false,"messageTitle":"Implemented Level-9: Find","messageBody":"","tags":["Level-9-Find"],"fileTypesAndContributionMap":{"txt":{"insertions":1,"deletions":0},"java":{"insertions":29,"deletions":0}}},{"hash":"a26c54e135fafadb9f71427e2c5cf7327c4c014b","isMergeCommit":false,"messageTitle":"Added JavaDocs","messageBody":"","fileTypesAndContributionMap":{"txt":{"insertions":0,"deletions":1},"java":{"insertions":188,"deletions":3}}}]},{"date":"2024-02-11","commitResults":[{"hash":"001b30fb500fa8f795e041ea3683ff0145c5ad30","isMergeCommit":false,"messageTitle":"no message","messageBody":"","fileTypesAndContributionMap":{"txt":{"insertions":0,"deletions":2}}},{"hash":"72f55f90b521c9fbfc744e6e56b24cc2c381f39a","isMergeCommit":true,"messageTitle":"Merge remote-tracking branch \u0027origin/Level-9-Find\u0027","messageBody":"","fileTypesAndContributionMap":{}}]}]},"authorFileTypeContributionMap":{"TheodoreKooo":{"java":767,"md":0,"fxml":0,"sh":0,"bat":0,"gradle":4,"txt":2}},"authorContributionVariance":{"TheodoreKooo":30712.244},"authorDisplayNameMap":{"TheodoreKooo":"CS2103T-T17-1 KOO ..DORE"}}
