[{"path":"src/main/java/Deadline.java","fileType":"java","lines":[{"lineNumber":1,"author":{"gitId":"JustWeiHao"},"content":"public class Deadline extends Task {","lastModifiedDate":"2024-01-26"},{"lineNumber":2,"author":{"gitId":"JustWeiHao"},"content":"    private String deadline;","lastModifiedDate":"2024-01-26"},{"lineNumber":3,"author":{"gitId":"JustWeiHao"},"content":"    public Deadline(String description, String deadline) {","lastModifiedDate":"2024-01-26"},{"lineNumber":4,"author":{"gitId":"JustWeiHao"},"content":"        super(description);","lastModifiedDate":"2024-01-26"},{"lineNumber":5,"author":{"gitId":"JustWeiHao"},"content":"        this.deadline \u003d deadline;","lastModifiedDate":"2024-01-26"},{"lineNumber":6,"author":{"gitId":"JustWeiHao"},"content":"    }","lastModifiedDate":"2024-01-26"},{"lineNumber":7,"author":{"gitId":"JustWeiHao"},"content":"","lastModifiedDate":"2024-01-26"},{"lineNumber":8,"author":{"gitId":"JustWeiHao"},"content":"    @Override","lastModifiedDate":"2024-01-26"},{"lineNumber":9,"author":{"gitId":"JustWeiHao"},"content":"    public String toString() {","lastModifiedDate":"2024-01-26"},{"lineNumber":10,"author":{"gitId":"JustWeiHao"},"content":"        return String.format(\"[D]%s (by: %s)\", super.toString(), this.deadline);","lastModifiedDate":"2024-01-26"},{"lineNumber":11,"author":{"gitId":"JustWeiHao"},"content":"    }","lastModifiedDate":"2024-01-26"},{"lineNumber":12,"author":{"gitId":"JustWeiHao"},"content":"}","lastModifiedDate":"2024-01-26"}],"authorContributionMap":{"JustWeiHao":12}},{"path":"src/main/java/Duke.java","fileType":"java","lines":[{"lineNumber":1,"author":{"gitId":"-"},"content":"public class Duke {","lastModifiedDate":"2019-07-29"},{"lineNumber":2,"author":{"gitId":"JustWeiHao"},"content":"    public static final String botName \u003d \"Raphael\";","lastModifiedDate":"2024-01-25"},{"lineNumber":3,"author":{"gitId":"JustWeiHao"},"content":"    public static final TaskList taskList \u003d new TaskList();","lastModifiedDate":"2024-01-26"},{"lineNumber":4,"author":{"gitId":"-"},"content":"    public static void main(String[] args) {","lastModifiedDate":"2019-07-29"},{"lineNumber":5,"author":{"gitId":"JustWeiHao"},"content":"        String logo \u003d \"\\n\"","lastModifiedDate":"2024-01-25"},{"lineNumber":6,"author":{"gitId":"JustWeiHao"},"content":"                + \"  _____                _                   _\\n\"","lastModifiedDate":"2024-01-25"},{"lineNumber":7,"author":{"gitId":"JustWeiHao"},"content":"                + \" |  __ \\\\              | |                 | |\\n\"","lastModifiedDate":"2024-01-25"},{"lineNumber":8,"author":{"gitId":"JustWeiHao"},"content":"                + \" | |__) | __ _  _ __  | |__    __ _   ___ | |\\n\"","lastModifiedDate":"2024-01-25"},{"lineNumber":9,"author":{"gitId":"JustWeiHao"},"content":"                + \" |  _  / / _` || \u0027_ \\\\ | \u0027_ \\\\  / _` | / _ \\\\| |\\n\"","lastModifiedDate":"2024-01-25"},{"lineNumber":10,"author":{"gitId":"JustWeiHao"},"content":"                + \" | | \\\\ \\\\| (_| || |_) || | | || (_| ||  __/| |\\n\"","lastModifiedDate":"2024-01-25"},{"lineNumber":11,"author":{"gitId":"JustWeiHao"},"content":"                + \" |_|  \\\\_\\\\\\\\__,_|| .__/ |_| |_| \\\\__,_| \\\\___||_|\\n\"","lastModifiedDate":"2024-01-25"},{"lineNumber":12,"author":{"gitId":"JustWeiHao"},"content":"                + \"               | |\\n\"","lastModifiedDate":"2024-01-25"},{"lineNumber":13,"author":{"gitId":"JustWeiHao"},"content":"                + \"               |_|\\n\";","lastModifiedDate":"2024-01-25"},{"lineNumber":14,"author":{"gitId":"JustWeiHao"},"content":"        System.out.println(logo);","lastModifiedDate":"2024-01-25"},{"lineNumber":15,"author":{"gitId":"JustWeiHao"},"content":"        Ui.start();","lastModifiedDate":"2024-01-25"},{"lineNumber":16,"author":{"gitId":"JustWeiHao"},"content":"        Ui.readCommand();","lastModifiedDate":"2024-01-25"},{"lineNumber":17,"author":{"gitId":"JustWeiHao"},"content":"        Ui.end();","lastModifiedDate":"2024-01-25"},{"lineNumber":18,"author":{"gitId":"-"},"content":"    }","lastModifiedDate":"2019-07-29"},{"lineNumber":19,"author":{"gitId":"-"},"content":"}","lastModifiedDate":"2019-07-29"}],"authorContributionMap":{"-":4,"JustWeiHao":15}},{"path":"src/main/java/Event.java","fileType":"java","lines":[{"lineNumber":1,"author":{"gitId":"JustWeiHao"},"content":"public class Event extends Task {","lastModifiedDate":"2024-01-26"},{"lineNumber":2,"author":{"gitId":"JustWeiHao"},"content":"    private final String from;","lastModifiedDate":"2024-01-26"},{"lineNumber":3,"author":{"gitId":"JustWeiHao"},"content":"    private final String to;","lastModifiedDate":"2024-01-26"},{"lineNumber":4,"author":{"gitId":"JustWeiHao"},"content":"","lastModifiedDate":"2024-01-26"},{"lineNumber":5,"author":{"gitId":"JustWeiHao"},"content":"    public Event(String description, String from, String to) {","lastModifiedDate":"2024-01-26"},{"lineNumber":6,"author":{"gitId":"JustWeiHao"},"content":"        super(description);","lastModifiedDate":"2024-01-26"},{"lineNumber":7,"author":{"gitId":"JustWeiHao"},"content":"        this.from \u003d from;","lastModifiedDate":"2024-01-26"},{"lineNumber":8,"author":{"gitId":"JustWeiHao"},"content":"        this.to \u003d to;","lastModifiedDate":"2024-01-26"},{"lineNumber":9,"author":{"gitId":"JustWeiHao"},"content":"    }","lastModifiedDate":"2024-01-26"},{"lineNumber":10,"author":{"gitId":"JustWeiHao"},"content":"","lastModifiedDate":"2024-01-26"},{"lineNumber":11,"author":{"gitId":"JustWeiHao"},"content":"    @Override","lastModifiedDate":"2024-01-26"},{"lineNumber":12,"author":{"gitId":"JustWeiHao"},"content":"    public String toString() {","lastModifiedDate":"2024-01-26"},{"lineNumber":13,"author":{"gitId":"JustWeiHao"},"content":"        return String.format(\"[E]%s (from: %s to: %s)\", super.toString(), this.from, this.to);","lastModifiedDate":"2024-01-26"},{"lineNumber":14,"author":{"gitId":"JustWeiHao"},"content":"    }","lastModifiedDate":"2024-01-26"},{"lineNumber":15,"author":{"gitId":"JustWeiHao"},"content":"}","lastModifiedDate":"2024-01-26"}],"authorContributionMap":{"JustWeiHao":15}},{"path":"src/main/java/Parser.java","fileType":"java","lines":[{"lineNumber":1,"author":{"gitId":"JustWeiHao"},"content":"import java.util.Arrays;","lastModifiedDate":"2024-01-26"},{"lineNumber":2,"author":{"gitId":"JustWeiHao"},"content":"","lastModifiedDate":"2024-01-26"},{"lineNumber":3,"author":{"gitId":"JustWeiHao"},"content":"public class Parser {","lastModifiedDate":"2024-01-26"},{"lineNumber":4,"author":{"gitId":"JustWeiHao"},"content":"    public static String getCommand(String input) {","lastModifiedDate":"2024-01-26"},{"lineNumber":5,"author":{"gitId":"JustWeiHao"},"content":"        if (input.isEmpty()) {","lastModifiedDate":"2024-01-26"},{"lineNumber":6,"author":{"gitId":"JustWeiHao"},"content":"            return null;","lastModifiedDate":"2024-01-26"},{"lineNumber":7,"author":{"gitId":"JustWeiHao"},"content":"        } else {","lastModifiedDate":"2024-01-26"},{"lineNumber":8,"author":{"gitId":"JustWeiHao"},"content":"            return input.split(\" \")[0];","lastModifiedDate":"2024-01-26"},{"lineNumber":9,"author":{"gitId":"JustWeiHao"},"content":"        }","lastModifiedDate":"2024-01-26"},{"lineNumber":10,"author":{"gitId":"JustWeiHao"},"content":"    }","lastModifiedDate":"2024-01-26"},{"lineNumber":11,"author":{"gitId":"JustWeiHao"},"content":"    public static String removeCommand(String input) {","lastModifiedDate":"2024-01-26"},{"lineNumber":12,"author":{"gitId":"JustWeiHao"},"content":"        try {","lastModifiedDate":"2024-01-26"},{"lineNumber":13,"author":{"gitId":"JustWeiHao"},"content":"            String[] inputArr \u003d input.split(\" \");","lastModifiedDate":"2024-01-26"},{"lineNumber":14,"author":{"gitId":"JustWeiHao"},"content":"            return String.join(\" \", Arrays.copyOfRange(inputArr, 1, inputArr.length));","lastModifiedDate":"2024-01-26"},{"lineNumber":15,"author":{"gitId":"JustWeiHao"},"content":"        } catch (IllegalArgumentException e) {","lastModifiedDate":"2024-01-26"},{"lineNumber":16,"author":{"gitId":"JustWeiHao"},"content":"            return null;","lastModifiedDate":"2024-01-26"},{"lineNumber":17,"author":{"gitId":"JustWeiHao"},"content":"        }","lastModifiedDate":"2024-01-26"},{"lineNumber":18,"author":{"gitId":"JustWeiHao"},"content":"    }","lastModifiedDate":"2024-01-26"},{"lineNumber":19,"author":{"gitId":"JustWeiHao"},"content":"    public static String[] getTaskAndDates(String input, boolean isRange) {","lastModifiedDate":"2024-01-26"},{"lineNumber":20,"author":{"gitId":"JustWeiHao"},"content":"        if (isRange) {","lastModifiedDate":"2024-01-26"},{"lineNumber":21,"author":{"gitId":"JustWeiHao"},"content":"            if (!input.contains(\"/from \") || !input.contains(\"/to \")) {","lastModifiedDate":"2024-01-26"},{"lineNumber":22,"author":{"gitId":"JustWeiHao"},"content":"                return null;","lastModifiedDate":"2024-01-26"},{"lineNumber":23,"author":{"gitId":"JustWeiHao"},"content":"            } else {","lastModifiedDate":"2024-01-26"},{"lineNumber":24,"author":{"gitId":"JustWeiHao"},"content":"                String[] inputArr \u003d input.split(\"/from \");","lastModifiedDate":"2024-01-26"},{"lineNumber":25,"author":{"gitId":"JustWeiHao"},"content":"                String task \u003d inputArr[0];","lastModifiedDate":"2024-01-26"},{"lineNumber":26,"author":{"gitId":"JustWeiHao"},"content":"                String[] dates \u003d inputArr[1].split(\"/to \");","lastModifiedDate":"2024-01-26"},{"lineNumber":27,"author":{"gitId":"JustWeiHao"},"content":"                return new String[]{task.trim(), dates[0].trim(), dates[1].trim()};","lastModifiedDate":"2024-01-26"},{"lineNumber":28,"author":{"gitId":"JustWeiHao"},"content":"            }","lastModifiedDate":"2024-01-26"},{"lineNumber":29,"author":{"gitId":"JustWeiHao"},"content":"        } else {","lastModifiedDate":"2024-01-26"},{"lineNumber":30,"author":{"gitId":"JustWeiHao"},"content":"            if (!input.contains(\"/by \")) {","lastModifiedDate":"2024-01-26"},{"lineNumber":31,"author":{"gitId":"JustWeiHao"},"content":"                return null;","lastModifiedDate":"2024-01-26"},{"lineNumber":32,"author":{"gitId":"JustWeiHao"},"content":"            } else {","lastModifiedDate":"2024-01-26"},{"lineNumber":33,"author":{"gitId":"JustWeiHao"},"content":"                return input.split(\"/by \");","lastModifiedDate":"2024-01-26"},{"lineNumber":34,"author":{"gitId":"JustWeiHao"},"content":"            }","lastModifiedDate":"2024-01-26"},{"lineNumber":35,"author":{"gitId":"JustWeiHao"},"content":"        }","lastModifiedDate":"2024-01-26"},{"lineNumber":36,"author":{"gitId":"JustWeiHao"},"content":"    }","lastModifiedDate":"2024-01-26"},{"lineNumber":37,"author":{"gitId":"JustWeiHao"},"content":"    public static String getDate(String input) {","lastModifiedDate":"2024-01-26"},{"lineNumber":38,"author":{"gitId":"JustWeiHao"},"content":"        if (!input.contains(\"by\")) {","lastModifiedDate":"2024-01-26"},{"lineNumber":39,"author":{"gitId":"JustWeiHao"},"content":"            return null;","lastModifiedDate":"2024-01-26"},{"lineNumber":40,"author":{"gitId":"JustWeiHao"},"content":"        } else {","lastModifiedDate":"2024-01-26"},{"lineNumber":41,"author":{"gitId":"JustWeiHao"},"content":"            String[] inputArr \u003d input.split(\" \");","lastModifiedDate":"2024-01-26"},{"lineNumber":42,"author":{"gitId":"JustWeiHao"},"content":"            return String.join(\" \", Arrays.copyOfRange(inputArr, 1, inputArr.length));","lastModifiedDate":"2024-01-26"},{"lineNumber":43,"author":{"gitId":"JustWeiHao"},"content":"        }","lastModifiedDate":"2024-01-26"},{"lineNumber":44,"author":{"gitId":"JustWeiHao"},"content":"    }","lastModifiedDate":"2024-01-26"},{"lineNumber":45,"author":{"gitId":"JustWeiHao"},"content":"","lastModifiedDate":"2024-01-26"},{"lineNumber":46,"author":{"gitId":"JustWeiHao"},"content":"    public static Integer getInteger(String input, int idx) {","lastModifiedDate":"2024-01-26"},{"lineNumber":47,"author":{"gitId":"JustWeiHao"},"content":"        if (input.length() \u003c\u003d idx) {","lastModifiedDate":"2024-01-26"},{"lineNumber":48,"author":{"gitId":"JustWeiHao"},"content":"            return null;","lastModifiedDate":"2024-01-26"},{"lineNumber":49,"author":{"gitId":"JustWeiHao"},"content":"        } else {","lastModifiedDate":"2024-01-26"},{"lineNumber":50,"author":{"gitId":"JustWeiHao"},"content":"            try {","lastModifiedDate":"2024-01-26"},{"lineNumber":51,"author":{"gitId":"JustWeiHao"},"content":"                return Integer.parseInt(input.split(\" \")[idx]);","lastModifiedDate":"2024-01-26"},{"lineNumber":52,"author":{"gitId":"JustWeiHao"},"content":"            } catch (ArrayIndexOutOfBoundsException e) {","lastModifiedDate":"2024-01-26"},{"lineNumber":53,"author":{"gitId":"JustWeiHao"},"content":"                final String output \u003d String.format(\"Expecting input of at least %d\", idx + 1);","lastModifiedDate":"2024-01-26"},{"lineNumber":54,"author":{"gitId":"JustWeiHao"},"content":"                System.out.println(output);","lastModifiedDate":"2024-01-26"},{"lineNumber":55,"author":{"gitId":"JustWeiHao"},"content":"                return null;","lastModifiedDate":"2024-01-26"},{"lineNumber":56,"author":{"gitId":"JustWeiHao"},"content":"            } catch (NumberFormatException e) {","lastModifiedDate":"2024-01-26"},{"lineNumber":57,"author":{"gitId":"JustWeiHao"},"content":"                System.out.println(\"Argument is not a valid number format!\");","lastModifiedDate":"2024-01-26"},{"lineNumber":58,"author":{"gitId":"JustWeiHao"},"content":"                return null;","lastModifiedDate":"2024-01-26"},{"lineNumber":59,"author":{"gitId":"JustWeiHao"},"content":"            }","lastModifiedDate":"2024-01-26"},{"lineNumber":60,"author":{"gitId":"JustWeiHao"},"content":"        }","lastModifiedDate":"2024-01-26"},{"lineNumber":61,"author":{"gitId":"JustWeiHao"},"content":"    }","lastModifiedDate":"2024-01-26"},{"lineNumber":62,"author":{"gitId":"JustWeiHao"},"content":"}","lastModifiedDate":"2024-01-26"}],"authorContributionMap":{"JustWeiHao":62}},{"path":"src/main/java/Storage.java","fileType":"java","lines":[{"lineNumber":1,"author":{"gitId":"JustWeiHao"},"content":"import java.util.ArrayList;","lastModifiedDate":"2024-01-25"},{"lineNumber":2,"author":{"gitId":"JustWeiHao"},"content":"","lastModifiedDate":"2024-01-25"},{"lineNumber":3,"author":{"gitId":"JustWeiHao"},"content":"public class Storage \u003cT\u003e {","lastModifiedDate":"2024-01-25"},{"lineNumber":4,"author":{"gitId":"JustWeiHao"},"content":"    private final ArrayList\u003cT\u003e storage;","lastModifiedDate":"2024-01-26"},{"lineNumber":5,"author":{"gitId":"JustWeiHao"},"content":"","lastModifiedDate":"2024-01-25"},{"lineNumber":6,"author":{"gitId":"JustWeiHao"},"content":"    public Storage() {","lastModifiedDate":"2024-01-25"},{"lineNumber":7,"author":{"gitId":"JustWeiHao"},"content":"        this.storage \u003d new ArrayList\u003cT\u003e();","lastModifiedDate":"2024-01-25"},{"lineNumber":8,"author":{"gitId":"JustWeiHao"},"content":"    }","lastModifiedDate":"2024-01-25"},{"lineNumber":9,"author":{"gitId":"JustWeiHao"},"content":"","lastModifiedDate":"2024-01-25"},{"lineNumber":10,"author":{"gitId":"JustWeiHao"},"content":"    public void storeItem(T item) {","lastModifiedDate":"2024-01-25"},{"lineNumber":11,"author":{"gitId":"JustWeiHao"},"content":"        this.storage.add(item);","lastModifiedDate":"2024-01-25"},{"lineNumber":12,"author":{"gitId":"JustWeiHao"},"content":"    }","lastModifiedDate":"2024-01-26"},{"lineNumber":13,"author":{"gitId":"JustWeiHao"},"content":"    public T getItem(int idx) {","lastModifiedDate":"2024-01-26"},{"lineNumber":14,"author":{"gitId":"JustWeiHao"},"content":"        try {","lastModifiedDate":"2024-01-26"},{"lineNumber":15,"author":{"gitId":"JustWeiHao"},"content":"            return this.storage.get(idx);","lastModifiedDate":"2024-01-26"},{"lineNumber":16,"author":{"gitId":"JustWeiHao"},"content":"        } catch (IndexOutOfBoundsException e) {","lastModifiedDate":"2024-01-26"},{"lineNumber":17,"author":{"gitId":"JustWeiHao"},"content":"            return null;","lastModifiedDate":"2024-01-26"},{"lineNumber":18,"author":{"gitId":"JustWeiHao"},"content":"        }","lastModifiedDate":"2024-01-26"},{"lineNumber":19,"author":{"gitId":"JustWeiHao"},"content":"    }","lastModifiedDate":"2024-01-26"},{"lineNumber":20,"author":{"gitId":"JustWeiHao"},"content":"    public int deleteItem(int idx) {","lastModifiedDate":"2024-01-26"},{"lineNumber":21,"author":{"gitId":"JustWeiHao"},"content":"        if (idx \u003c 0 || idx \u003e\u003d this.storage.size()) {","lastModifiedDate":"2024-01-26"},{"lineNumber":22,"author":{"gitId":"JustWeiHao"},"content":"            return -1;","lastModifiedDate":"2024-01-26"},{"lineNumber":23,"author":{"gitId":"JustWeiHao"},"content":"        } else {","lastModifiedDate":"2024-01-26"},{"lineNumber":24,"author":{"gitId":"JustWeiHao"},"content":"            this.storage.remove(idx);","lastModifiedDate":"2024-01-26"},{"lineNumber":25,"author":{"gitId":"JustWeiHao"},"content":"            return 0;","lastModifiedDate":"2024-01-26"},{"lineNumber":26,"author":{"gitId":"JustWeiHao"},"content":"        }","lastModifiedDate":"2024-01-26"},{"lineNumber":27,"author":{"gitId":"JustWeiHao"},"content":"    }","lastModifiedDate":"2024-01-26"},{"lineNumber":28,"author":{"gitId":"JustWeiHao"},"content":"    public int getSize() {","lastModifiedDate":"2024-01-26"},{"lineNumber":29,"author":{"gitId":"JustWeiHao"},"content":"        return this.storage.size();","lastModifiedDate":"2024-01-26"},{"lineNumber":30,"author":{"gitId":"JustWeiHao"},"content":"    }","lastModifiedDate":"2024-01-25"},{"lineNumber":31,"author":{"gitId":"JustWeiHao"},"content":"","lastModifiedDate":"2024-01-25"},{"lineNumber":32,"author":{"gitId":"JustWeiHao"},"content":"    public void listItem() {","lastModifiedDate":"2024-01-25"},{"lineNumber":33,"author":{"gitId":"JustWeiHao"},"content":"        for(int i \u003d 0; i \u003c this.storage.size(); ++i) {","lastModifiedDate":"2024-01-25"},{"lineNumber":34,"author":{"gitId":"JustWeiHao"},"content":"            final String output \u003d String.format(\"%d. %s\", i + 1,","lastModifiedDate":"2024-01-25"},{"lineNumber":35,"author":{"gitId":"JustWeiHao"},"content":"                    this.storage.get(i).toString());","lastModifiedDate":"2024-01-25"},{"lineNumber":36,"author":{"gitId":"JustWeiHao"},"content":"            System.out.println(output);","lastModifiedDate":"2024-01-25"},{"lineNumber":37,"author":{"gitId":"JustWeiHao"},"content":"        }","lastModifiedDate":"2024-01-25"},{"lineNumber":38,"author":{"gitId":"JustWeiHao"},"content":"    }","lastModifiedDate":"2024-01-25"},{"lineNumber":39,"author":{"gitId":"JustWeiHao"},"content":"}","lastModifiedDate":"2024-01-25"}],"authorContributionMap":{"JustWeiHao":39}},{"path":"src/main/java/Task.java","fileType":"java","lines":[{"lineNumber":1,"author":{"gitId":"JustWeiHao"},"content":"public class Task {","lastModifiedDate":"2024-01-26"},{"lineNumber":2,"author":{"gitId":"JustWeiHao"},"content":"    private final String description;","lastModifiedDate":"2024-01-26"},{"lineNumber":3,"author":{"gitId":"JustWeiHao"},"content":"    private boolean isDone;","lastModifiedDate":"2024-01-26"},{"lineNumber":4,"author":{"gitId":"JustWeiHao"},"content":"","lastModifiedDate":"2024-01-26"},{"lineNumber":5,"author":{"gitId":"JustWeiHao"},"content":"    public Task(String description) {","lastModifiedDate":"2024-01-26"},{"lineNumber":6,"author":{"gitId":"JustWeiHao"},"content":"        this.description \u003d description;","lastModifiedDate":"2024-01-26"},{"lineNumber":7,"author":{"gitId":"JustWeiHao"},"content":"        this.isDone \u003d false;","lastModifiedDate":"2024-01-26"},{"lineNumber":8,"author":{"gitId":"JustWeiHao"},"content":"    }","lastModifiedDate":"2024-01-26"},{"lineNumber":9,"author":{"gitId":"JustWeiHao"},"content":"","lastModifiedDate":"2024-01-26"},{"lineNumber":10,"author":{"gitId":"JustWeiHao"},"content":"    public void check() {","lastModifiedDate":"2024-01-26"},{"lineNumber":11,"author":{"gitId":"JustWeiHao"},"content":"        this.isDone \u003d true;","lastModifiedDate":"2024-01-26"},{"lineNumber":12,"author":{"gitId":"JustWeiHao"},"content":"    }","lastModifiedDate":"2024-01-26"},{"lineNumber":13,"author":{"gitId":"JustWeiHao"},"content":"    public void uncheck() {","lastModifiedDate":"2024-01-26"},{"lineNumber":14,"author":{"gitId":"JustWeiHao"},"content":"        this.isDone \u003d false;","lastModifiedDate":"2024-01-26"},{"lineNumber":15,"author":{"gitId":"JustWeiHao"},"content":"    }","lastModifiedDate":"2024-01-26"},{"lineNumber":16,"author":{"gitId":"JustWeiHao"},"content":"    public String getDescription() {","lastModifiedDate":"2024-01-26"},{"lineNumber":17,"author":{"gitId":"JustWeiHao"},"content":"        return this.description;","lastModifiedDate":"2024-01-26"},{"lineNumber":18,"author":{"gitId":"JustWeiHao"},"content":"    }","lastModifiedDate":"2024-01-26"},{"lineNumber":19,"author":{"gitId":"JustWeiHao"},"content":"","lastModifiedDate":"2024-01-26"},{"lineNumber":20,"author":{"gitId":"JustWeiHao"},"content":"    @Override","lastModifiedDate":"2024-01-26"},{"lineNumber":21,"author":{"gitId":"JustWeiHao"},"content":"    public String toString() {","lastModifiedDate":"2024-01-26"},{"lineNumber":22,"author":{"gitId":"JustWeiHao"},"content":"        return String.format(\"[%c] %s\", isDone ? \u0027X\u0027 : \u0027 \u0027, this.description);","lastModifiedDate":"2024-01-26"},{"lineNumber":23,"author":{"gitId":"JustWeiHao"},"content":"    }","lastModifiedDate":"2024-01-26"},{"lineNumber":24,"author":{"gitId":"JustWeiHao"},"content":"}","lastModifiedDate":"2024-01-26"}],"authorContributionMap":{"JustWeiHao":24}},{"path":"src/main/java/TaskList.java","fileType":"java","lines":[{"lineNumber":1,"author":{"gitId":"JustWeiHao"},"content":"import java.util.ArrayList;","lastModifiedDate":"2024-01-26"},{"lineNumber":2,"author":{"gitId":"JustWeiHao"},"content":"","lastModifiedDate":"2024-01-26"},{"lineNumber":3,"author":{"gitId":"JustWeiHao"},"content":"public class TaskList extends Storage\u003cTask\u003e {","lastModifiedDate":"2024-01-26"},{"lineNumber":4,"author":{"gitId":"JustWeiHao"},"content":"    public TaskList() {","lastModifiedDate":"2024-01-26"},{"lineNumber":5,"author":{"gitId":"JustWeiHao"},"content":"        super();","lastModifiedDate":"2024-01-26"},{"lineNumber":6,"author":{"gitId":"JustWeiHao"},"content":"    }","lastModifiedDate":"2024-01-26"},{"lineNumber":7,"author":{"gitId":"JustWeiHao"},"content":"    public void checkTask(int idx) {","lastModifiedDate":"2024-01-26"},{"lineNumber":8,"author":{"gitId":"JustWeiHao"},"content":"        Task toCheck \u003d super.getItem(idx);","lastModifiedDate":"2024-01-26"},{"lineNumber":9,"author":{"gitId":"JustWeiHao"},"content":"        if (toCheck !\u003d null) {","lastModifiedDate":"2024-01-26"},{"lineNumber":10,"author":{"gitId":"JustWeiHao"},"content":"            toCheck.check();","lastModifiedDate":"2024-01-26"},{"lineNumber":11,"author":{"gitId":"JustWeiHao"},"content":"            final String output \u003d String.format(\"Nice! I\u0027ve marked this task as done:\\n\"+","lastModifiedDate":"2024-01-26"},{"lineNumber":12,"author":{"gitId":"JustWeiHao"},"content":"                    \"%s\", super.getItem(idx).toString());","lastModifiedDate":"2024-01-26"},{"lineNumber":13,"author":{"gitId":"JustWeiHao"},"content":"            System.out.println(output);","lastModifiedDate":"2024-01-26"},{"lineNumber":14,"author":{"gitId":"JustWeiHao"},"content":"        } else {","lastModifiedDate":"2024-01-26"},{"lineNumber":15,"author":{"gitId":"JustWeiHao"},"content":"            System.out.println(\"Invalid task index!\");","lastModifiedDate":"2024-01-26"},{"lineNumber":16,"author":{"gitId":"JustWeiHao"},"content":"        }","lastModifiedDate":"2024-01-26"},{"lineNumber":17,"author":{"gitId":"JustWeiHao"},"content":"    }","lastModifiedDate":"2024-01-26"},{"lineNumber":18,"author":{"gitId":"JustWeiHao"},"content":"    public void uncheckTask(int idx) {","lastModifiedDate":"2024-01-26"},{"lineNumber":19,"author":{"gitId":"JustWeiHao"},"content":"        Task toUncheck \u003d super.getItem(idx);","lastModifiedDate":"2024-01-26"},{"lineNumber":20,"author":{"gitId":"JustWeiHao"},"content":"        if (toUncheck !\u003d null) {","lastModifiedDate":"2024-01-26"},{"lineNumber":21,"author":{"gitId":"JustWeiHao"},"content":"            toUncheck.uncheck();","lastModifiedDate":"2024-01-26"},{"lineNumber":22,"author":{"gitId":"JustWeiHao"},"content":"            final String output \u003d String.format(\"OK, I\u0027ve marked this task as not done yet:\\n\"+","lastModifiedDate":"2024-01-26"},{"lineNumber":23,"author":{"gitId":"JustWeiHao"},"content":"                    \"%s\", super.getItem(idx).toString());","lastModifiedDate":"2024-01-26"},{"lineNumber":24,"author":{"gitId":"JustWeiHao"},"content":"            System.out.println(output);","lastModifiedDate":"2024-01-26"},{"lineNumber":25,"author":{"gitId":"JustWeiHao"},"content":"        } else {","lastModifiedDate":"2024-01-26"},{"lineNumber":26,"author":{"gitId":"JustWeiHao"},"content":"            System.out.println(\"Invalid task index!\");","lastModifiedDate":"2024-01-26"},{"lineNumber":27,"author":{"gitId":"JustWeiHao"},"content":"        }","lastModifiedDate":"2024-01-26"},{"lineNumber":28,"author":{"gitId":"JustWeiHao"},"content":"    }","lastModifiedDate":"2024-01-26"},{"lineNumber":29,"author":{"gitId":"JustWeiHao"},"content":"","lastModifiedDate":"2024-01-26"},{"lineNumber":30,"author":{"gitId":"JustWeiHao"},"content":"    @Override","lastModifiedDate":"2024-01-26"},{"lineNumber":31,"author":{"gitId":"JustWeiHao"},"content":"    public int deleteItem(int idx) {","lastModifiedDate":"2024-01-26"},{"lineNumber":32,"author":{"gitId":"JustWeiHao"},"content":"        Task toBeDeleted \u003d super.getItem(idx);","lastModifiedDate":"2024-01-26"},{"lineNumber":33,"author":{"gitId":"JustWeiHao"},"content":"        if (toBeDeleted \u003d\u003d null) {","lastModifiedDate":"2024-01-26"},{"lineNumber":34,"author":{"gitId":"JustWeiHao"},"content":"            return -1;","lastModifiedDate":"2024-01-26"},{"lineNumber":35,"author":{"gitId":"JustWeiHao"},"content":"        } else {","lastModifiedDate":"2024-01-26"},{"lineNumber":36,"author":{"gitId":"JustWeiHao"},"content":"            if (super.deleteItem(idx) \u003d\u003d 0) {","lastModifiedDate":"2024-01-26"},{"lineNumber":37,"author":{"gitId":"JustWeiHao"},"content":"                System.out.printf(\"Noted. I\u0027ve removed this task:\\n%s\\n\", toBeDeleted);","lastModifiedDate":"2024-01-26"},{"lineNumber":38,"author":{"gitId":"JustWeiHao"},"content":"                return 0;","lastModifiedDate":"2024-01-26"},{"lineNumber":39,"author":{"gitId":"JustWeiHao"},"content":"            } else {","lastModifiedDate":"2024-01-26"},{"lineNumber":40,"author":{"gitId":"JustWeiHao"},"content":"                System.out.println(\"Invalid task index!\");","lastModifiedDate":"2024-01-26"},{"lineNumber":41,"author":{"gitId":"JustWeiHao"},"content":"                return -1;","lastModifiedDate":"2024-01-26"},{"lineNumber":42,"author":{"gitId":"JustWeiHao"},"content":"            }","lastModifiedDate":"2024-01-26"},{"lineNumber":43,"author":{"gitId":"JustWeiHao"},"content":"        }","lastModifiedDate":"2024-01-26"},{"lineNumber":44,"author":{"gitId":"JustWeiHao"},"content":"    }","lastModifiedDate":"2024-01-26"},{"lineNumber":45,"author":{"gitId":"JustWeiHao"},"content":"    @Override","lastModifiedDate":"2024-01-26"},{"lineNumber":46,"author":{"gitId":"JustWeiHao"},"content":"    public void storeItem(Task task) {","lastModifiedDate":"2024-01-26"},{"lineNumber":47,"author":{"gitId":"JustWeiHao"},"content":"        super.storeItem(task);","lastModifiedDate":"2024-01-26"},{"lineNumber":48,"author":{"gitId":"JustWeiHao"},"content":"        final String output \u003d String.format(\"Got it. I\u0027ve added this task:\\n\"","lastModifiedDate":"2024-01-26"},{"lineNumber":49,"author":{"gitId":"JustWeiHao"},"content":"                + \"    %s\\n\"","lastModifiedDate":"2024-01-26"},{"lineNumber":50,"author":{"gitId":"JustWeiHao"},"content":"                + \"Now you have %d tasks in the list.\", task.toString(), super.getSize());","lastModifiedDate":"2024-01-26"},{"lineNumber":51,"author":{"gitId":"JustWeiHao"},"content":"        System.out.println(output);","lastModifiedDate":"2024-01-26"},{"lineNumber":52,"author":{"gitId":"JustWeiHao"},"content":"    }","lastModifiedDate":"2024-01-26"},{"lineNumber":53,"author":{"gitId":"JustWeiHao"},"content":"    @Override","lastModifiedDate":"2024-01-26"},{"lineNumber":54,"author":{"gitId":"JustWeiHao"},"content":"    public void listItem() {","lastModifiedDate":"2024-01-26"},{"lineNumber":55,"author":{"gitId":"JustWeiHao"},"content":"        if (super.getSize() \u003d\u003d 0) {","lastModifiedDate":"2024-01-26"},{"lineNumber":56,"author":{"gitId":"JustWeiHao"},"content":"            System.out.println(\"YAY! You have no tasks ongoing ^_^\");","lastModifiedDate":"2024-01-26"},{"lineNumber":57,"author":{"gitId":"JustWeiHao"},"content":"        } else {","lastModifiedDate":"2024-01-26"},{"lineNumber":58,"author":{"gitId":"JustWeiHao"},"content":"            System.out.println(\"Here are the tasks in your list:\\n\");","lastModifiedDate":"2024-01-26"},{"lineNumber":59,"author":{"gitId":"JustWeiHao"},"content":"            super.listItem();","lastModifiedDate":"2024-01-26"},{"lineNumber":60,"author":{"gitId":"JustWeiHao"},"content":"        }","lastModifiedDate":"2024-01-26"},{"lineNumber":61,"author":{"gitId":"JustWeiHao"},"content":"    }","lastModifiedDate":"2024-01-26"},{"lineNumber":62,"author":{"gitId":"JustWeiHao"},"content":"}","lastModifiedDate":"2024-01-26"}],"authorContributionMap":{"JustWeiHao":62}},{"path":"src/main/java/Todo.java","fileType":"java","lines":[{"lineNumber":1,"author":{"gitId":"JustWeiHao"},"content":"public class Todo extends Task {","lastModifiedDate":"2024-01-26"},{"lineNumber":2,"author":{"gitId":"JustWeiHao"},"content":"    public Todo(String description) {","lastModifiedDate":"2024-01-26"},{"lineNumber":3,"author":{"gitId":"JustWeiHao"},"content":"        super(description);","lastModifiedDate":"2024-01-26"},{"lineNumber":4,"author":{"gitId":"JustWeiHao"},"content":"    }","lastModifiedDate":"2024-01-26"},{"lineNumber":5,"author":{"gitId":"JustWeiHao"},"content":"    @Override","lastModifiedDate":"2024-01-26"},{"lineNumber":6,"author":{"gitId":"JustWeiHao"},"content":"    public String toString() {","lastModifiedDate":"2024-01-26"},{"lineNumber":7,"author":{"gitId":"JustWeiHao"},"content":"        return String.format(\"[T]%s\", super.toString());","lastModifiedDate":"2024-01-26"},{"lineNumber":8,"author":{"gitId":"JustWeiHao"},"content":"    }","lastModifiedDate":"2024-01-26"},{"lineNumber":9,"author":{"gitId":"JustWeiHao"},"content":"}","lastModifiedDate":"2024-01-26"}],"authorContributionMap":{"JustWeiHao":9}},{"path":"src/main/java/Ui.java","fileType":"java","lines":[{"lineNumber":1,"author":{"gitId":"JustWeiHao"},"content":"import java.util.Scanner;","lastModifiedDate":"2024-01-25"},{"lineNumber":2,"author":{"gitId":"JustWeiHao"},"content":"","lastModifiedDate":"2024-01-25"},{"lineNumber":3,"author":{"gitId":"JustWeiHao"},"content":"public abstract class Ui {","lastModifiedDate":"2024-01-25"},{"lineNumber":4,"author":{"gitId":"JustWeiHao"},"content":"    private static final String START_LINE \u003d \"----------------\"","lastModifiedDate":"2024-01-26"},{"lineNumber":5,"author":{"gitId":"JustWeiHao"},"content":"            + \"------------[Rep\"","lastModifiedDate":"2024-01-25"},{"lineNumber":6,"author":{"gitId":"JustWeiHao"},"content":"            + \"ort]------------\"","lastModifiedDate":"2024-01-25"},{"lineNumber":7,"author":{"gitId":"JustWeiHao"},"content":"            + \"----------------\\n\";","lastModifiedDate":"2024-01-25"},{"lineNumber":8,"author":{"gitId":"JustWeiHao"},"content":"","lastModifiedDate":"2024-01-25"},{"lineNumber":9,"author":{"gitId":"JustWeiHao"},"content":"    private static final String END_LINE \u003d \"----------------\"","lastModifiedDate":"2024-01-26"},{"lineNumber":10,"author":{"gitId":"JustWeiHao"},"content":"            + \"------------[End\"","lastModifiedDate":"2024-01-25"},{"lineNumber":11,"author":{"gitId":"JustWeiHao"},"content":"            + \"ing]------------\"","lastModifiedDate":"2024-01-25"},{"lineNumber":12,"author":{"gitId":"JustWeiHao"},"content":"            + \"----------------\\n\";","lastModifiedDate":"2024-01-25"},{"lineNumber":13,"author":{"gitId":"JustWeiHao"},"content":"    private static final String WARNING_LINE \u003d \"----------------\"","lastModifiedDate":"2024-01-26"},{"lineNumber":14,"author":{"gitId":"JustWeiHao"},"content":"            + \"-----------\u003cWARN\"","lastModifiedDate":"2024-01-26"},{"lineNumber":15,"author":{"gitId":"JustWeiHao"},"content":"            + \"ing!\u003e-----------\"","lastModifiedDate":"2024-01-26"},{"lineNumber":16,"author":{"gitId":"JustWeiHao"},"content":"            + \"----------------\\n\";","lastModifiedDate":"2024-01-26"},{"lineNumber":17,"author":{"gitId":"JustWeiHao"},"content":"    private static void printStartLine() {","lastModifiedDate":"2024-01-25"},{"lineNumber":18,"author":{"gitId":"JustWeiHao"},"content":"        System.out.print(Ui.START_LINE);","lastModifiedDate":"2024-01-26"},{"lineNumber":19,"author":{"gitId":"JustWeiHao"},"content":"    }","lastModifiedDate":"2024-01-25"},{"lineNumber":20,"author":{"gitId":"JustWeiHao"},"content":"","lastModifiedDate":"2024-01-25"},{"lineNumber":21,"author":{"gitId":"JustWeiHao"},"content":"    private static void printEndLine() {","lastModifiedDate":"2024-01-25"},{"lineNumber":22,"author":{"gitId":"JustWeiHao"},"content":"        System.out.println(Ui.END_LINE);","lastModifiedDate":"2024-01-26"},{"lineNumber":23,"author":{"gitId":"JustWeiHao"},"content":"    }","lastModifiedDate":"2024-01-26"},{"lineNumber":24,"author":{"gitId":"JustWeiHao"},"content":"    private static void printWarningLine() {","lastModifiedDate":"2024-01-26"},{"lineNumber":25,"author":{"gitId":"JustWeiHao"},"content":"        System.out.print(Ui.WARNING_LINE);","lastModifiedDate":"2024-01-26"},{"lineNumber":26,"author":{"gitId":"JustWeiHao"},"content":"    }","lastModifiedDate":"2024-01-25"},{"lineNumber":27,"author":{"gitId":"JustWeiHao"},"content":"    public static void start() {","lastModifiedDate":"2024-01-25"},{"lineNumber":28,"author":{"gitId":"JustWeiHao"},"content":"        Ui.printStartLine();","lastModifiedDate":"2024-01-25"},{"lineNumber":29,"author":{"gitId":"JustWeiHao"},"content":"        final String greetings \u003d String.format( \"Hello! I\u0027m %s\\n\"","lastModifiedDate":"2024-01-25"},{"lineNumber":30,"author":{"gitId":"JustWeiHao"},"content":"                + \"What can I do for you?\\n\", Duke.botName);","lastModifiedDate":"2024-01-25"},{"lineNumber":31,"author":{"gitId":"JustWeiHao"},"content":"        System.out.print(greetings);","lastModifiedDate":"2024-01-25"},{"lineNumber":32,"author":{"gitId":"JustWeiHao"},"content":"        Ui.printEndLine();","lastModifiedDate":"2024-01-25"},{"lineNumber":33,"author":{"gitId":"JustWeiHao"},"content":"    }","lastModifiedDate":"2024-01-25"},{"lineNumber":34,"author":{"gitId":"JustWeiHao"},"content":"","lastModifiedDate":"2024-01-25"},{"lineNumber":35,"author":{"gitId":"JustWeiHao"},"content":"    public static void end() {","lastModifiedDate":"2024-01-25"},{"lineNumber":36,"author":{"gitId":"JustWeiHao"},"content":"        final String endings \u003d \"Bye. It is an honor to serve you.\\n\"","lastModifiedDate":"2024-01-25"},{"lineNumber":37,"author":{"gitId":"JustWeiHao"},"content":"                + \"Hope to see you again soon!\";","lastModifiedDate":"2024-01-25"},{"lineNumber":38,"author":{"gitId":"JustWeiHao"},"content":"        System.out.println(endings);","lastModifiedDate":"2024-01-25"},{"lineNumber":39,"author":{"gitId":"JustWeiHao"},"content":"        Ui.printEndLine();","lastModifiedDate":"2024-01-25"},{"lineNumber":40,"author":{"gitId":"JustWeiHao"},"content":"    }","lastModifiedDate":"2024-01-25"},{"lineNumber":41,"author":{"gitId":"JustWeiHao"},"content":"","lastModifiedDate":"2024-01-25"},{"lineNumber":42,"author":{"gitId":"JustWeiHao"},"content":"    public static void readCommand() {","lastModifiedDate":"2024-01-25"},{"lineNumber":43,"author":{"gitId":"JustWeiHao"},"content":"        Scanner sc \u003d new Scanner(System.in);","lastModifiedDate":"2024-01-25"},{"lineNumber":44,"author":{"gitId":"JustWeiHao"},"content":"        boolean terminate \u003d false;","lastModifiedDate":"2024-01-25"},{"lineNumber":45,"author":{"gitId":"JustWeiHao"},"content":"        while (true) {","lastModifiedDate":"2024-01-25"},{"lineNumber":46,"author":{"gitId":"JustWeiHao"},"content":"            final String input \u003d sc.nextLine();","lastModifiedDate":"2024-01-26"},{"lineNumber":47,"author":{"gitId":"JustWeiHao"},"content":"            final String command \u003d Parser.getCommand(input);","lastModifiedDate":"2024-01-26"},{"lineNumber":48,"author":{"gitId":"JustWeiHao"},"content":"            if (command !\u003d null) {","lastModifiedDate":"2024-01-26"},{"lineNumber":49,"author":{"gitId":"JustWeiHao"},"content":"                Ui.printStartLine();","lastModifiedDate":"2024-01-25"},{"lineNumber":50,"author":{"gitId":"JustWeiHao"},"content":"                switch (command) {","lastModifiedDate":"2024-01-25"},{"lineNumber":51,"author":{"gitId":"JustWeiHao"},"content":"                    case \"bye\":","lastModifiedDate":"2024-01-25"},{"lineNumber":52,"author":{"gitId":"JustWeiHao"},"content":"                        terminate \u003d true;","lastModifiedDate":"2024-01-25"},{"lineNumber":53,"author":{"gitId":"JustWeiHao"},"content":"                        break;","lastModifiedDate":"2024-01-25"},{"lineNumber":54,"author":{"gitId":"JustWeiHao"},"content":"                    case \"list\":","lastModifiedDate":"2024-01-25"},{"lineNumber":55,"author":{"gitId":"JustWeiHao"},"content":"                        Duke.taskList.listItem();","lastModifiedDate":"2024-01-26"},{"lineNumber":56,"author":{"gitId":"JustWeiHao"},"content":"                        break;","lastModifiedDate":"2024-01-26"},{"lineNumber":57,"author":{"gitId":"JustWeiHao"},"content":"                    case \"mark\":","lastModifiedDate":"2024-01-26"},{"lineNumber":58,"author":{"gitId":"JustWeiHao"},"content":"                        Integer idx \u003d Parser.getInteger(input, 1);","lastModifiedDate":"2024-01-26"},{"lineNumber":59,"author":{"gitId":"JustWeiHao"},"content":"                        if (idx !\u003d null) {","lastModifiedDate":"2024-01-26"},{"lineNumber":60,"author":{"gitId":"JustWeiHao"},"content":"                            Duke.taskList.checkTask(idx - 1);","lastModifiedDate":"2024-01-26"},{"lineNumber":61,"author":{"gitId":"JustWeiHao"},"content":"                        } else {","lastModifiedDate":"2024-01-26"},{"lineNumber":62,"author":{"gitId":"JustWeiHao"},"content":"                            Ui.printWarningLine();","lastModifiedDate":"2024-01-26"},{"lineNumber":63,"author":{"gitId":"JustWeiHao"},"content":"                            final String output \u003d \"Failed to get the index!\";","lastModifiedDate":"2024-01-26"},{"lineNumber":64,"author":{"gitId":"JustWeiHao"},"content":"                            System.out.println(output);","lastModifiedDate":"2024-01-26"},{"lineNumber":65,"author":{"gitId":"JustWeiHao"},"content":"                            Ui.printWarningLine();","lastModifiedDate":"2024-01-26"},{"lineNumber":66,"author":{"gitId":"JustWeiHao"},"content":"                        }","lastModifiedDate":"2024-01-26"},{"lineNumber":67,"author":{"gitId":"JustWeiHao"},"content":"                        break;","lastModifiedDate":"2024-01-26"},{"lineNumber":68,"author":{"gitId":"JustWeiHao"},"content":"                    case \"unmark\":","lastModifiedDate":"2024-01-26"},{"lineNumber":69,"author":{"gitId":"JustWeiHao"},"content":"                        Integer idx2 \u003d Parser.getInteger(input, 1);","lastModifiedDate":"2024-01-26"},{"lineNumber":70,"author":{"gitId":"JustWeiHao"},"content":"                        if (idx2 !\u003d null) {","lastModifiedDate":"2024-01-26"},{"lineNumber":71,"author":{"gitId":"JustWeiHao"},"content":"                            Duke.taskList.uncheckTask(idx2 - 1);","lastModifiedDate":"2024-01-26"},{"lineNumber":72,"author":{"gitId":"JustWeiHao"},"content":"                        } else {","lastModifiedDate":"2024-01-26"},{"lineNumber":73,"author":{"gitId":"JustWeiHao"},"content":"                            Ui.printWarningLine();","lastModifiedDate":"2024-01-26"},{"lineNumber":74,"author":{"gitId":"JustWeiHao"},"content":"                            final String output \u003d \"Failed to get the index!\";","lastModifiedDate":"2024-01-26"},{"lineNumber":75,"author":{"gitId":"JustWeiHao"},"content":"                            System.out.println(output);","lastModifiedDate":"2024-01-26"},{"lineNumber":76,"author":{"gitId":"JustWeiHao"},"content":"                            Ui.printWarningLine();","lastModifiedDate":"2024-01-26"},{"lineNumber":77,"author":{"gitId":"JustWeiHao"},"content":"                        }","lastModifiedDate":"2024-01-26"},{"lineNumber":78,"author":{"gitId":"JustWeiHao"},"content":"                        break;","lastModifiedDate":"2024-01-26"},{"lineNumber":79,"author":{"gitId":"JustWeiHao"},"content":"                    case \"todo\":","lastModifiedDate":"2024-01-26"},{"lineNumber":80,"author":{"gitId":"JustWeiHao"},"content":"                        String toDo \u003d Parser.removeCommand(input);","lastModifiedDate":"2024-01-26"},{"lineNumber":81,"author":{"gitId":"JustWeiHao"},"content":"                        if (toDo \u003d\u003d null || toDo.isEmpty()) {","lastModifiedDate":"2024-01-26"},{"lineNumber":82,"author":{"gitId":"JustWeiHao"},"content":"                            System.out.println(\"Task not found!\");","lastModifiedDate":"2024-01-26"},{"lineNumber":83,"author":{"gitId":"JustWeiHao"},"content":"                        } else {","lastModifiedDate":"2024-01-26"},{"lineNumber":84,"author":{"gitId":"JustWeiHao"},"content":"                            Duke.taskList.storeItem(new Todo(toDo));","lastModifiedDate":"2024-01-26"},{"lineNumber":85,"author":{"gitId":"JustWeiHao"},"content":"                        }","lastModifiedDate":"2024-01-26"},{"lineNumber":86,"author":{"gitId":"JustWeiHao"},"content":"                        break;","lastModifiedDate":"2024-01-26"},{"lineNumber":87,"author":{"gitId":"JustWeiHao"},"content":"                    case \"deadline\":","lastModifiedDate":"2024-01-26"},{"lineNumber":88,"author":{"gitId":"JustWeiHao"},"content":"                        String deadline \u003d Parser.removeCommand(input);","lastModifiedDate":"2024-01-26"},{"lineNumber":89,"author":{"gitId":"JustWeiHao"},"content":"                        if (deadline \u003d\u003d null || deadline.isEmpty()) {","lastModifiedDate":"2024-01-26"},{"lineNumber":90,"author":{"gitId":"JustWeiHao"},"content":"                            System.out.println(\"Task not found!\");","lastModifiedDate":"2024-01-26"},{"lineNumber":91,"author":{"gitId":"JustWeiHao"},"content":"                        } else {","lastModifiedDate":"2024-01-26"},{"lineNumber":92,"author":{"gitId":"JustWeiHao"},"content":"                            String[] inputArr \u003d Parser.getTaskAndDates(deadline, false);","lastModifiedDate":"2024-01-26"},{"lineNumber":93,"author":{"gitId":"JustWeiHao"},"content":"                            if (inputArr \u003d\u003d null) {","lastModifiedDate":"2024-01-26"},{"lineNumber":94,"author":{"gitId":"JustWeiHao"},"content":"                                final String output \u003d \"Due time not found!\\n\"","lastModifiedDate":"2024-01-26"},{"lineNumber":95,"author":{"gitId":"JustWeiHao"},"content":"                                        + \"Please follow the format: deadline [task] /by [due]\\n\";","lastModifiedDate":"2024-01-26"},{"lineNumber":96,"author":{"gitId":"JustWeiHao"},"content":"                                System.out.println(output);","lastModifiedDate":"2024-01-26"},{"lineNumber":97,"author":{"gitId":"JustWeiHao"},"content":"                            } else {","lastModifiedDate":"2024-01-26"},{"lineNumber":98,"author":{"gitId":"JustWeiHao"},"content":"                                Duke.taskList.storeItem(new Deadline(inputArr[0], inputArr[1]));","lastModifiedDate":"2024-01-26"},{"lineNumber":99,"author":{"gitId":"JustWeiHao"},"content":"                            }","lastModifiedDate":"2024-01-26"},{"lineNumber":100,"author":{"gitId":"JustWeiHao"},"content":"                        }","lastModifiedDate":"2024-01-26"},{"lineNumber":101,"author":{"gitId":"JustWeiHao"},"content":"                        break;","lastModifiedDate":"2024-01-26"},{"lineNumber":102,"author":{"gitId":"JustWeiHao"},"content":"                    case \"event\":","lastModifiedDate":"2024-01-26"},{"lineNumber":103,"author":{"gitId":"JustWeiHao"},"content":"                        String event \u003d Parser.removeCommand(input);","lastModifiedDate":"2024-01-26"},{"lineNumber":104,"author":{"gitId":"JustWeiHao"},"content":"                        if (event \u003d\u003d null || event.isEmpty()) {","lastModifiedDate":"2024-01-26"},{"lineNumber":105,"author":{"gitId":"JustWeiHao"},"content":"                            System.out.println(\"Task not found!\");","lastModifiedDate":"2024-01-26"},{"lineNumber":106,"author":{"gitId":"JustWeiHao"},"content":"                        } else {","lastModifiedDate":"2024-01-26"},{"lineNumber":107,"author":{"gitId":"JustWeiHao"},"content":"                            String[] inputArr \u003d Parser.getTaskAndDates(event, true);","lastModifiedDate":"2024-01-26"},{"lineNumber":108,"author":{"gitId":"JustWeiHao"},"content":"                            if (inputArr \u003d\u003d null) {","lastModifiedDate":"2024-01-26"},{"lineNumber":109,"author":{"gitId":"JustWeiHao"},"content":"                                final String output \u003d \"Due time not found!\\n\"","lastModifiedDate":"2024-01-26"},{"lineNumber":110,"author":{"gitId":"JustWeiHao"},"content":"                                        + \"Please follow the format: \\n\"","lastModifiedDate":"2024-01-26"},{"lineNumber":111,"author":{"gitId":"JustWeiHao"},"content":"                                        + \"deadline [task] /from [start time] /to [end time]\\n\";","lastModifiedDate":"2024-01-26"},{"lineNumber":112,"author":{"gitId":"JustWeiHao"},"content":"                                System.out.println(output);","lastModifiedDate":"2024-01-26"},{"lineNumber":113,"author":{"gitId":"JustWeiHao"},"content":"                            } else {","lastModifiedDate":"2024-01-26"},{"lineNumber":114,"author":{"gitId":"JustWeiHao"},"content":"                                Duke.taskList.storeItem(new Event(inputArr[0], inputArr[1], inputArr[2]));","lastModifiedDate":"2024-01-26"},{"lineNumber":115,"author":{"gitId":"JustWeiHao"},"content":"                            }","lastModifiedDate":"2024-01-26"},{"lineNumber":116,"author":{"gitId":"JustWeiHao"},"content":"                        }","lastModifiedDate":"2024-01-26"},{"lineNumber":117,"author":{"gitId":"JustWeiHao"},"content":"                        break;","lastModifiedDate":"2024-01-25"},{"lineNumber":118,"author":{"gitId":"JustWeiHao"},"content":"                    case \"delete\":","lastModifiedDate":"2024-01-26"},{"lineNumber":119,"author":{"gitId":"JustWeiHao"},"content":"                        Integer idx3 \u003d Parser.getInteger(input, 1);","lastModifiedDate":"2024-01-26"},{"lineNumber":120,"author":{"gitId":"JustWeiHao"},"content":"                        if (idx3 !\u003d null) {","lastModifiedDate":"2024-01-26"},{"lineNumber":121,"author":{"gitId":"JustWeiHao"},"content":"                            Duke.taskList.deleteItem(idx3 - 1);","lastModifiedDate":"2024-01-26"},{"lineNumber":122,"author":{"gitId":"JustWeiHao"},"content":"                        } else {","lastModifiedDate":"2024-01-26"},{"lineNumber":123,"author":{"gitId":"JustWeiHao"},"content":"                            Ui.printWarningLine();","lastModifiedDate":"2024-01-26"},{"lineNumber":124,"author":{"gitId":"JustWeiHao"},"content":"                            final String output \u003d \"Failed to get the index!\";","lastModifiedDate":"2024-01-26"},{"lineNumber":125,"author":{"gitId":"JustWeiHao"},"content":"                            System.out.println(output);","lastModifiedDate":"2024-01-26"},{"lineNumber":126,"author":{"gitId":"JustWeiHao"},"content":"                            Ui.printWarningLine();","lastModifiedDate":"2024-01-26"},{"lineNumber":127,"author":{"gitId":"JustWeiHao"},"content":"                        }","lastModifiedDate":"2024-01-26"},{"lineNumber":128,"author":{"gitId":"JustWeiHao"},"content":"                        break;","lastModifiedDate":"2024-01-26"},{"lineNumber":129,"author":{"gitId":"JustWeiHao"},"content":"                    default:","lastModifiedDate":"2024-01-25"},{"lineNumber":130,"author":{"gitId":"JustWeiHao"},"content":"                        System.out.println(\"Oh no! I\u0027m sorry, I can\u0027t understand it :(\");","lastModifiedDate":"2024-01-26"},{"lineNumber":131,"author":{"gitId":"JustWeiHao"},"content":"                }","lastModifiedDate":"2024-01-25"},{"lineNumber":132,"author":{"gitId":"JustWeiHao"},"content":"                if (terminate) {","lastModifiedDate":"2024-01-25"},{"lineNumber":133,"author":{"gitId":"JustWeiHao"},"content":"                    break;","lastModifiedDate":"2024-01-25"},{"lineNumber":134,"author":{"gitId":"JustWeiHao"},"content":"                }","lastModifiedDate":"2024-01-25"},{"lineNumber":135,"author":{"gitId":"JustWeiHao"},"content":"                Ui.printEndLine();","lastModifiedDate":"2024-01-25"},{"lineNumber":136,"author":{"gitId":"JustWeiHao"},"content":"            }","lastModifiedDate":"2024-01-25"},{"lineNumber":137,"author":{"gitId":"JustWeiHao"},"content":"        }","lastModifiedDate":"2024-01-25"},{"lineNumber":138,"author":{"gitId":"JustWeiHao"},"content":"        sc.close();","lastModifiedDate":"2024-01-26"},{"lineNumber":139,"author":{"gitId":"JustWeiHao"},"content":"    }","lastModifiedDate":"2024-01-26"},{"lineNumber":140,"author":{"gitId":"JustWeiHao"},"content":"}","lastModifiedDate":"2024-01-25"}],"authorContributionMap":{"JustWeiHao":140}},{"path":"text-ui-test/input.txt","fileType":"txt","lines":[{"lineNumber":1,"author":{"gitId":"JustWeiHao"},"content":"list","lastModifiedDate":"2024-01-26"},{"lineNumber":2,"author":{"gitId":"JustWeiHao"},"content":"todo borrow book","lastModifiedDate":"2024-01-26"},{"lineNumber":3,"author":{"gitId":"JustWeiHao"},"content":"list","lastModifiedDate":"2024-01-26"},{"lineNumber":4,"author":{"gitId":"JustWeiHao"},"content":"deadline return book /by Sunday","lastModifiedDate":"2024-01-26"},{"lineNumber":5,"author":{"gitId":"JustWeiHao"},"content":"event project meeting /from Mon 2pm /to 4pm","lastModifiedDate":"2024-01-26"},{"lineNumber":6,"author":{"gitId":"JustWeiHao"},"content":"mark 2","lastModifiedDate":"2024-01-26"},{"lineNumber":7,"author":{"gitId":"JustWeiHao"},"content":"list","lastModifiedDate":"2024-01-26"},{"lineNumber":8,"author":{"gitId":"JustWeiHao"},"content":"unmark 2","lastModifiedDate":"2024-01-26"},{"lineNumber":9,"author":{"gitId":"JustWeiHao"},"content":"list","lastModifiedDate":"2024-01-26"},{"lineNumber":10,"author":{"gitId":"JustWeiHao"},"content":"bye","lastModifiedDate":"2024-01-26"}],"authorContributionMap":{"JustWeiHao":10}}]
