{"authorDailyContributionsMap":{"ChocoRagdoll":[{"date":"2024-01-27","commitResults":[{"hash":"19079de35980587d259aa9c7f9a7afd1fc482fd0","isMergeCommit":false,"messageTitle":"Changed the name to Ragdoll and Implemented an initial skeletal version","messageBody":"","tags":["Level-0"],"fileTypesAndContributionMap":{"java":{"insertions":24,"deletions":10}}},{"hash":"25048cfc50082ef0f880e0ab0eacc398173a3786","isMergeCommit":false,"messageTitle":"Echo commands and exit with \u0027bye\u0027","messageBody":"","tags":["Level-1"],"fileTypesAndContributionMap":{"java":{"insertions":22,"deletions":4}}},{"hash":"5421fddf19cc19d8dba23046905df6177a379c1a","isMergeCommit":false,"messageTitle":"add task and list all function","messageBody":"","tags":["Level-2"],"fileTypesAndContributionMap":{"java":{"insertions":31,"deletions":5}}},{"hash":"38d6566d1e79960079bd16028b8b723b6d7850db","isMergeCommit":false,"messageTitle":"mark tasks as done / undone and customized personality","messageBody":"","tags":["Level-3"],"fileTypesAndContributionMap":{"java":{"insertions":58,"deletions":12}}},{"hash":"c853492efd85a9c44e278532e23bdab6e59c5ff5","isMergeCommit":false,"messageTitle":"added 3 task types and some implementation changes","messageBody":"","tags":["Level-4"],"fileTypesAndContributionMap":{"java":{"insertions":123,"deletions":47}}},{"hash":"20a660fe2ccd2be3e3ece666a9edd6a12a935e5c","isMergeCommit":false,"messageTitle":"automated testing using i/o until 3 task types","messageBody":"","tags":["A-TextUiTesting"],"fileTypesAndContributionMap":{"txt":{"insertions":9,"deletions":0},"java":{"insertions":7,"deletions":7},"bat":{"insertions":1,"deletions":1}}},{"hash":"eb19131205d19f17fe4d6972d339896faef64427","isMergeCommit":false,"messageTitle":"complementary error handling and customized msgs for exceptions","messageBody":"","tags":["Level-5"],"fileTypesAndContributionMap":{"java":{"insertions":67,"deletions":36}}},{"hash":"3146b9e80c8bda1d394247c15dbe14fb04647bbc","isMergeCommit":false,"messageTitle":"added support for deleting and testing, fixed lowercase issue","messageBody":"","tags":["Level-6"],"fileTypesAndContributionMap":{"txt":{"insertions":12,"deletions":3},"java":{"insertions":42,"deletions":18}}},{"hash":"ced16978c36a4ac9c9de58858ee338a4b3d12578","isMergeCommit":false,"messageTitle":"added application of enums and fixed some exception handling","messageBody":"","tags":["A-Enums"],"fileTypesAndContributionMap":{"java":{"insertions":154,"deletions":126}}}]},{"date":"2024-01-31","commitResults":[{"hash":"7cdd47e5522c5fadcd39866e5f98df498d84f2c8","isMergeCommit":false,"messageTitle":"Match the current java coding standard","messageBody":"","fileTypesAndContributionMap":{"java":{"insertions":51,"deletions":49}}}]},{"date":"2024-02-01","commitResults":[{"hash":"08a3f4885bd64047c6aff6228d30f520405dce34","isMergeCommit":false,"messageTitle":"Save the tasks on the hard disk for certain operations","messageBody":"","fileTypesAndContributionMap":{"java":{"insertions":79,"deletions":2}}},{"hash":"ab6b6ee0bb70731c2b0ae431afd1866d54139102","isMergeCommit":true,"messageTitle":"Merge branch \u0027branch-Level-7\u0027","messageBody":"","tags":["Level-7"],"fileTypesAndContributionMap":{}},{"hash":"914c63ad09e7d663ff54930b1d920ff4234897bb","isMergeCommit":false,"messageTitle":"Parse dates and add relevant functions","messageBody":"","fileTypesAndContributionMap":{"java":{"insertions":121,"deletions":19}}},{"hash":"f095cb7398ef35e0ab924d9694ec4df518de3e4b","isMergeCommit":true,"messageTitle":"Merge branch \u0027branch-Level-8\u0027","messageBody":"","tags":["Level-8"],"fileTypesAndContributionMap":{}}]},{"date":"2024-02-03","commitResults":[{"hash":"afe935d76d5dc41ff94f4b6fdab6c55eb4ecb43f","isMergeCommit":false,"messageTitle":"Make the code more OOP","messageBody":"Let\u0027s include separate classes Ui, TaskList, Storage, Parser, and all\ncommands that are currently in use.\n\nThis design aims to separate concerns, improve code readability, and\nmake the application more extensible.\n","fileTypesAndContributionMap":{"java":{"insertions":549,"deletions":325}}},{"hash":"b2f25962a6adf1ffc4952ff51c723d787b65da3b","isMergeCommit":true,"messageTitle":"Merge branch \u0027branch-MoreOOP\u0027","messageBody":"","tags":["A-MoreOOP"],"fileTypesAndContributionMap":{}}]},{"date":"2024-02-04","commitResults":[{"hash":"3baf450fc3319d964157f5f47e8a2a2d6a2cb7f1","isMergeCommit":false,"messageTitle":"Create packages","messageBody":"","fileTypesAndContributionMap":{"java":{"insertions":116,"deletions":0}}},{"hash":"9af2b3013683f9df77b2b557c81951421808d8b4","isMergeCommit":false,"messageTitle":"Reformat the imports in TaskList","messageBody":"","fileTypesAndContributionMap":{"java":{"insertions":0,"deletions":2}}},{"hash":"101fe691222d81c1a2ae7c6d861a8861ebd6c8ee","isMergeCommit":true,"messageTitle":"Merge branch \u0027branch-A-Packages\u0027","messageBody":"","tags":["A-Packages"],"fileTypesAndContributionMap":{}}]}]},"authorFileTypeContributionMap":{"ChocoRagdoll":{"java":792,"md":0,"fxml":0,"sh":0,"bat":1,"gradle":0,"txt":18}},"authorContributionVariance":{"ChocoRagdoll":72942.6},"authorDisplayNameMap":{"ChocoRagdoll":"CS2103T-T10-3 SONG..CHAO"}}
