[{"path":"src/main/java/Duke.java","fileType":"java","lines":[{"lineNumber":1,"author":{"gitId":"bachletuankhai"},"content":"import java.io.BufferedReader;","lastModifiedDate":"2024-01-25"},{"lineNumber":2,"author":{"gitId":"bachletuankhai"},"content":"import java.io.File;","lastModifiedDate":"2024-01-28"},{"lineNumber":3,"author":{"gitId":"bachletuankhai"},"content":"import java.io.IOException;","lastModifiedDate":"2024-01-25"},{"lineNumber":4,"author":{"gitId":"bachletuankhai"},"content":"import java.io.InputStreamReader;","lastModifiedDate":"2024-01-25"},{"lineNumber":5,"author":{"gitId":"bachletuankhai"},"content":"import java.nio.file.Path;","lastModifiedDate":"2024-01-28"},{"lineNumber":6,"author":{"gitId":"bachletuankhai"},"content":"","lastModifiedDate":"2024-01-25"},{"lineNumber":7,"author":{"gitId":"bachletuankhai"},"content":"import task.Command;","lastModifiedDate":"2024-01-26"},{"lineNumber":8,"author":{"gitId":"bachletuankhai"},"content":"import task.DukeException;","lastModifiedDate":"2024-01-26"},{"lineNumber":9,"author":{"gitId":"bachletuankhai"},"content":"import task.TaskList;","lastModifiedDate":"2024-01-26"},{"lineNumber":10,"author":{"gitId":"bachletuankhai"},"content":"import task.TaskListParser;","lastModifiedDate":"2024-01-28"},{"lineNumber":11,"author":{"gitId":"bachletuankhai"},"content":"import task.UnknownCommandException;","lastModifiedDate":"2024-01-26"},{"lineNumber":12,"author":{"gitId":"bachletuankhai"},"content":"","lastModifiedDate":"2024-01-25"},{"lineNumber":13,"author":{"gitId":"-"},"content":"public class Duke {","lastModifiedDate":"2019-07-29"},{"lineNumber":14,"author":{"gitId":"bachletuankhai"},"content":"    private static final String chatbotName \u003d \"Sylvia\";","lastModifiedDate":"2024-01-25"},{"lineNumber":15,"author":{"gitId":"bachletuankhai"},"content":"","lastModifiedDate":"2024-01-25"},{"lineNumber":16,"author":{"gitId":"bachletuankhai"},"content":"    private static final String dataFilePath \u003d \"data/duke.txt\";","lastModifiedDate":"2024-01-28"},{"lineNumber":17,"author":{"gitId":"bachletuankhai"},"content":"    private static final Path dataPath \u003d Path.of(dataFilePath);","lastModifiedDate":"2024-01-28"},{"lineNumber":18,"author":{"gitId":"bachletuankhai"},"content":"    private static final String curDir \u003d System.getProperty(\"user.dir\") + System.getProperty(\"file.separator\");","lastModifiedDate":"2024-01-28"},{"lineNumber":19,"author":{"gitId":"bachletuankhai"},"content":"","lastModifiedDate":"2024-01-28"},{"lineNumber":20,"author":{"gitId":"bachletuankhai"},"content":"    public Duke() {","lastModifiedDate":"2024-01-25"},{"lineNumber":21,"author":{"gitId":"bachletuankhai"},"content":"    }","lastModifiedDate":"2024-01-25"},{"lineNumber":22,"author":{"gitId":"bachletuankhai"},"content":"","lastModifiedDate":"2024-01-25"},{"lineNumber":23,"author":{"gitId":"bachletuankhai"},"content":"    private TaskList list;","lastModifiedDate":"2024-01-25"},{"lineNumber":24,"author":{"gitId":"bachletuankhai"},"content":"","lastModifiedDate":"2024-01-25"},{"lineNumber":25,"author":{"gitId":"bachletuankhai"},"content":"    public void greet() {","lastModifiedDate":"2024-01-26"},{"lineNumber":26,"author":{"gitId":"bachletuankhai"},"content":"        System.out.println(\"____________________________________________________________\");","lastModifiedDate":"2024-01-25"},{"lineNumber":27,"author":{"gitId":"bachletuankhai"},"content":"        System.out.println(\"Hello! I\u0027m \" + chatbotName + \"\\nWhat can I do for you?\");","lastModifiedDate":"2024-01-25"},{"lineNumber":28,"author":{"gitId":"bachletuankhai"},"content":"        System.out.println(\"____________________________________________________________\");","lastModifiedDate":"2024-01-24"},{"lineNumber":29,"author":{"gitId":"bachletuankhai"},"content":"    }","lastModifiedDate":"2024-01-25"},{"lineNumber":30,"author":{"gitId":"bachletuankhai"},"content":"","lastModifiedDate":"2024-01-25"},{"lineNumber":31,"author":{"gitId":"bachletuankhai"},"content":"    private boolean runCommand(String commandString) {","lastModifiedDate":"2024-01-26"},{"lineNumber":32,"author":{"gitId":"bachletuankhai"},"content":"        // get the first word of the input","lastModifiedDate":"2024-01-26"},{"lineNumber":33,"author":{"gitId":"bachletuankhai"},"content":"        String[] words \u003d commandString.split(\" \", 2);","lastModifiedDate":"2024-01-26"},{"lineNumber":34,"author":{"gitId":"bachletuankhai"},"content":"        Command command;","lastModifiedDate":"2024-01-26"},{"lineNumber":35,"author":{"gitId":"bachletuankhai"},"content":"        try {","lastModifiedDate":"2024-01-26"},{"lineNumber":36,"author":{"gitId":"bachletuankhai"},"content":"            command \u003d Command.newCommand(words[0], words.length \u003e 1 ? words[1] : \"\");","lastModifiedDate":"2024-01-26"},{"lineNumber":37,"author":{"gitId":"bachletuankhai"},"content":"            System.out.println(\"____________________________________________________________\");","lastModifiedDate":"2024-01-26"},{"lineNumber":38,"author":{"gitId":"bachletuankhai"},"content":"            boolean loopSignal \u003d command.execute(list);","lastModifiedDate":"2024-01-26"},{"lineNumber":39,"author":{"gitId":"bachletuankhai"},"content":"            System.out.println(\"____________________________________________________________\");","lastModifiedDate":"2024-01-26"},{"lineNumber":40,"author":{"gitId":"bachletuankhai"},"content":"            return loopSignal;","lastModifiedDate":"2024-01-26"},{"lineNumber":41,"author":{"gitId":"bachletuankhai"},"content":"        } catch (UnknownCommandException e) {","lastModifiedDate":"2024-01-26"},{"lineNumber":42,"author":{"gitId":"bachletuankhai"},"content":"            System.out.println(\"____________________________________________________________\");","lastModifiedDate":"2024-01-26"},{"lineNumber":43,"author":{"gitId":"bachletuankhai"},"content":"            System.out.println(e.getBotMessage());","lastModifiedDate":"2024-01-26"},{"lineNumber":44,"author":{"gitId":"bachletuankhai"},"content":"            System.out.println(\"____________________________________________________________\");","lastModifiedDate":"2024-01-26"},{"lineNumber":45,"author":{"gitId":"bachletuankhai"},"content":"        } catch (DukeException e) {","lastModifiedDate":"2024-01-26"},{"lineNumber":46,"author":{"gitId":"bachletuankhai"},"content":"            System.out.println(e.getBotMessage());","lastModifiedDate":"2024-01-26"},{"lineNumber":47,"author":{"gitId":"bachletuankhai"},"content":"            System.out.println(\"____________________________________________________________\");","lastModifiedDate":"2024-01-26"},{"lineNumber":48,"author":{"gitId":"bachletuankhai"},"content":"        }","lastModifiedDate":"2024-01-26"},{"lineNumber":49,"author":{"gitId":"bachletuankhai"},"content":"        return true; // bot should continue running after invalid user input","lastModifiedDate":"2024-01-26"},{"lineNumber":50,"author":{"gitId":"bachletuankhai"},"content":"    }","lastModifiedDate":"2024-01-26"},{"lineNumber":51,"author":{"gitId":"bachletuankhai"},"content":"","lastModifiedDate":"2024-01-26"},{"lineNumber":52,"author":{"gitId":"bachletuankhai"},"content":"    private TaskList readData() {","lastModifiedDate":"2024-01-28"},{"lineNumber":53,"author":{"gitId":"bachletuankhai"},"content":"        System.out.println(\"Loading data from file \" + curDir + dataPath + \"...\");","lastModifiedDate":"2024-01-28"},{"lineNumber":54,"author":{"gitId":"bachletuankhai"},"content":"        try {","lastModifiedDate":"2024-01-28"},{"lineNumber":55,"author":{"gitId":"bachletuankhai"},"content":"            File file \u003d new File(dataFilePath);","lastModifiedDate":"2024-01-28"},{"lineNumber":56,"author":{"gitId":"bachletuankhai"},"content":"            if (!file.exists()) {","lastModifiedDate":"2024-01-28"},{"lineNumber":57,"author":{"gitId":"bachletuankhai"},"content":"                file.getParentFile().mkdirs();","lastModifiedDate":"2024-01-28"},{"lineNumber":58,"author":{"gitId":"bachletuankhai"},"content":"                file.createNewFile();","lastModifiedDate":"2024-01-28"},{"lineNumber":59,"author":{"gitId":"bachletuankhai"},"content":"            }","lastModifiedDate":"2024-01-28"},{"lineNumber":60,"author":{"gitId":"bachletuankhai"},"content":"            System.out.println(\"Data loaded successfully!\");","lastModifiedDate":"2024-01-28"},{"lineNumber":61,"author":{"gitId":"bachletuankhai"},"content":"            return TaskListParser.parse(file);","lastModifiedDate":"2024-01-28"},{"lineNumber":62,"author":{"gitId":"bachletuankhai"},"content":"        } catch (IOException e) {","lastModifiedDate":"2024-01-28"},{"lineNumber":63,"author":{"gitId":"bachletuankhai"},"content":"            System.out.println(\"____________________________________________________________\");","lastModifiedDate":"2024-01-28"},{"lineNumber":64,"author":{"gitId":"bachletuankhai"},"content":"            System.out.println(","lastModifiedDate":"2024-01-28"},{"lineNumber":65,"author":{"gitId":"bachletuankhai"},"content":"                    \"An error occurred while reading data from file \" + curDir + dataPath + \": \" + e.getMessage());","lastModifiedDate":"2024-01-28"},{"lineNumber":66,"author":{"gitId":"bachletuankhai"},"content":"            System.out.println(\"Sylvia will start with an empty task list.\");","lastModifiedDate":"2024-01-28"},{"lineNumber":67,"author":{"gitId":"bachletuankhai"},"content":"            System.out.println(\"____________________________________________________________\");","lastModifiedDate":"2024-01-28"},{"lineNumber":68,"author":{"gitId":"bachletuankhai"},"content":"            return new TaskList();","lastModifiedDate":"2024-01-28"},{"lineNumber":69,"author":{"gitId":"bachletuankhai"},"content":"        } catch (DukeException e) {","lastModifiedDate":"2024-01-30"},{"lineNumber":70,"author":{"gitId":"bachletuankhai"},"content":"            System.out.println(\"____________________________________________________________\");","lastModifiedDate":"2024-01-28"},{"lineNumber":71,"author":{"gitId":"bachletuankhai"},"content":"            System.out.println(e.getBotMessage());","lastModifiedDate":"2024-01-28"},{"lineNumber":72,"author":{"gitId":"bachletuankhai"},"content":"            System.out.println(\"Sylvia will start with an empty task list.\");","lastModifiedDate":"2024-01-28"},{"lineNumber":73,"author":{"gitId":"bachletuankhai"},"content":"            System.out.println(\"____________________________________________________________\");","lastModifiedDate":"2024-01-28"},{"lineNumber":74,"author":{"gitId":"bachletuankhai"},"content":"            return new TaskList();","lastModifiedDate":"2024-01-28"},{"lineNumber":75,"author":{"gitId":"bachletuankhai"},"content":"        }","lastModifiedDate":"2024-01-28"},{"lineNumber":76,"author":{"gitId":"bachletuankhai"},"content":"    }","lastModifiedDate":"2024-01-28"},{"lineNumber":77,"author":{"gitId":"bachletuankhai"},"content":"","lastModifiedDate":"2024-01-28"},{"lineNumber":78,"author":{"gitId":"bachletuankhai"},"content":"    public void run() {","lastModifiedDate":"2024-01-26"},{"lineNumber":79,"author":{"gitId":"bachletuankhai"},"content":"        this.list \u003d readData();","lastModifiedDate":"2024-01-28"},{"lineNumber":80,"author":{"gitId":"bachletuankhai"},"content":"        String input \u003d \"\";","lastModifiedDate":"2024-01-25"},{"lineNumber":81,"author":{"gitId":"bachletuankhai"},"content":"        BufferedReader reader \u003d new BufferedReader(new InputStreamReader(System.in));","lastModifiedDate":"2024-01-25"},{"lineNumber":82,"author":{"gitId":"bachletuankhai"},"content":"        boolean loopSignal \u003d true;","lastModifiedDate":"2024-01-25"},{"lineNumber":83,"author":{"gitId":"bachletuankhai"},"content":"","lastModifiedDate":"2024-01-25"},{"lineNumber":84,"author":{"gitId":"bachletuankhai"},"content":"        while (loopSignal) {","lastModifiedDate":"2024-01-25"},{"lineNumber":85,"author":{"gitId":"bachletuankhai"},"content":"            try {","lastModifiedDate":"2024-01-25"},{"lineNumber":86,"author":{"gitId":"bachletuankhai"},"content":"                input \u003d reader.readLine();","lastModifiedDate":"2024-01-25"},{"lineNumber":87,"author":{"gitId":"bachletuankhai"},"content":"            } catch (IOException e) {","lastModifiedDate":"2024-01-25"},{"lineNumber":88,"author":{"gitId":"bachletuankhai"},"content":"                System.out.println(\"____________________________________________________________\");","lastModifiedDate":"2024-01-25"},{"lineNumber":89,"author":{"gitId":"bachletuankhai"},"content":"                System.out.println(\"Sorry, something went wrong: \" + e.getMessage());","lastModifiedDate":"2024-01-25"},{"lineNumber":90,"author":{"gitId":"bachletuankhai"},"content":"                System.out.println(\"____________________________________________________________\");","lastModifiedDate":"2024-01-25"},{"lineNumber":91,"author":{"gitId":"bachletuankhai"},"content":"                break;","lastModifiedDate":"2024-01-25"},{"lineNumber":92,"author":{"gitId":"bachletuankhai"},"content":"            }","lastModifiedDate":"2024-01-25"},{"lineNumber":93,"author":{"gitId":"bachletuankhai"},"content":"            loopSignal \u003d runCommand(input);","lastModifiedDate":"2024-01-26"},{"lineNumber":94,"author":{"gitId":"bachletuankhai"},"content":"        }","lastModifiedDate":"2024-01-25"},{"lineNumber":95,"author":{"gitId":"bachletuankhai"},"content":"        // only write data to file when the bot is about to exit","lastModifiedDate":"2024-01-28"},{"lineNumber":96,"author":{"gitId":"bachletuankhai"},"content":"        writeData();","lastModifiedDate":"2024-01-28"},{"lineNumber":97,"author":{"gitId":"bachletuankhai"},"content":"    }","lastModifiedDate":"2024-01-28"},{"lineNumber":98,"author":{"gitId":"bachletuankhai"},"content":"","lastModifiedDate":"2024-01-28"},{"lineNumber":99,"author":{"gitId":"bachletuankhai"},"content":"    private void writeData() {","lastModifiedDate":"2024-01-28"},{"lineNumber":100,"author":{"gitId":"bachletuankhai"},"content":"        try {","lastModifiedDate":"2024-01-28"},{"lineNumber":101,"author":{"gitId":"bachletuankhai"},"content":"            TaskListParser.writeToFile(list, new File(dataFilePath));","lastModifiedDate":"2024-01-28"},{"lineNumber":102,"author":{"gitId":"bachletuankhai"},"content":"        } catch (IOException e) {","lastModifiedDate":"2024-01-28"},{"lineNumber":103,"author":{"gitId":"bachletuankhai"},"content":"            System.out.println(\"____________________________________________________________\");","lastModifiedDate":"2024-01-28"},{"lineNumber":104,"author":{"gitId":"bachletuankhai"},"content":"            System.out.println(\"An error occurred while writing data to file \" + System.getProperty(\"user.dir\")","lastModifiedDate":"2024-01-28"},{"lineNumber":105,"author":{"gitId":"bachletuankhai"},"content":"                    + dataFilePath + \": \" + e.getMessage());","lastModifiedDate":"2024-01-28"},{"lineNumber":106,"author":{"gitId":"bachletuankhai"},"content":"            System.out.println(\"____________________________________________________________\");","lastModifiedDate":"2024-01-28"},{"lineNumber":107,"author":{"gitId":"bachletuankhai"},"content":"        }","lastModifiedDate":"2024-01-28"},{"lineNumber":108,"author":{"gitId":"-"},"content":"    }","lastModifiedDate":"2019-07-29"},{"lineNumber":109,"author":{"gitId":"bachletuankhai"},"content":"","lastModifiedDate":"2024-01-26"},{"lineNumber":110,"author":{"gitId":"-"},"content":"    public static void main(String[] args) {","lastModifiedDate":"2024-01-26"},{"lineNumber":111,"author":{"gitId":"bachletuankhai"},"content":"        Duke chatbot \u003d new Duke();","lastModifiedDate":"2024-01-26"},{"lineNumber":112,"author":{"gitId":"bachletuankhai"},"content":"        chatbot.greet();","lastModifiedDate":"2024-01-26"},{"lineNumber":113,"author":{"gitId":"bachletuankhai"},"content":"        chatbot.run();","lastModifiedDate":"2024-01-26"},{"lineNumber":114,"author":{"gitId":"-"},"content":"    }","lastModifiedDate":"2024-01-26"},{"lineNumber":115,"author":{"gitId":"-"},"content":"}","lastModifiedDate":"2019-07-29"}],"authorContributionMap":{"bachletuankhai":110,"-":5}},{"path":"src/main/java/Task/Command.java","fileType":"java","lines":[{"lineNumber":1,"author":{"gitId":"bachletuankhai"},"content":"package task;","lastModifiedDate":"2024-01-26"},{"lineNumber":2,"author":{"gitId":"bachletuankhai"},"content":"","lastModifiedDate":"2024-01-25"},{"lineNumber":3,"author":{"gitId":"bachletuankhai"},"content":"public abstract class Command {","lastModifiedDate":"2024-01-25"},{"lineNumber":4,"author":{"gitId":"bachletuankhai"},"content":"    private String body;","lastModifiedDate":"2024-01-25"},{"lineNumber":5,"author":{"gitId":"bachletuankhai"},"content":"","lastModifiedDate":"2024-01-25"},{"lineNumber":6,"author":{"gitId":"bachletuankhai"},"content":"    protected Command(String body) {","lastModifiedDate":"2024-01-25"},{"lineNumber":7,"author":{"gitId":"bachletuankhai"},"content":"        this.body \u003d body;","lastModifiedDate":"2024-01-25"},{"lineNumber":8,"author":{"gitId":"bachletuankhai"},"content":"    }","lastModifiedDate":"2024-01-25"},{"lineNumber":9,"author":{"gitId":"bachletuankhai"},"content":"","lastModifiedDate":"2024-01-25"},{"lineNumber":10,"author":{"gitId":"bachletuankhai"},"content":"    protected String getBody() {","lastModifiedDate":"2024-01-25"},{"lineNumber":11,"author":{"gitId":"bachletuankhai"},"content":"        return body;","lastModifiedDate":"2024-01-25"},{"lineNumber":12,"author":{"gitId":"bachletuankhai"},"content":"    }","lastModifiedDate":"2024-01-25"},{"lineNumber":13,"author":{"gitId":"bachletuankhai"},"content":"","lastModifiedDate":"2024-01-25"},{"lineNumber":14,"author":{"gitId":"bachletuankhai"},"content":"    public static Command newCommand(String name, String body) throws UnknownCommandException {","lastModifiedDate":"2024-01-26"},{"lineNumber":15,"author":{"gitId":"bachletuankhai"},"content":"        switch (name) {","lastModifiedDate":"2024-01-25"},{"lineNumber":16,"author":{"gitId":"bachletuankhai"},"content":"        case \"list\":","lastModifiedDate":"2024-01-25"},{"lineNumber":17,"author":{"gitId":"bachletuankhai"},"content":"            return new ListCommand();","lastModifiedDate":"2024-01-25"},{"lineNumber":18,"author":{"gitId":"bachletuankhai"},"content":"        case \"mark\":","lastModifiedDate":"2024-01-25"},{"lineNumber":19,"author":{"gitId":"bachletuankhai"},"content":"            return new MarkCommand(body);","lastModifiedDate":"2024-01-25"},{"lineNumber":20,"author":{"gitId":"bachletuankhai"},"content":"        case \"unmark\":","lastModifiedDate":"2024-01-25"},{"lineNumber":21,"author":{"gitId":"bachletuankhai"},"content":"            return new UnmarkCommand(body);","lastModifiedDate":"2024-01-25"},{"lineNumber":22,"author":{"gitId":"bachletuankhai"},"content":"        case \"bye\":","lastModifiedDate":"2024-01-25"},{"lineNumber":23,"author":{"gitId":"bachletuankhai"},"content":"            return new ExitCommand();","lastModifiedDate":"2024-01-25"},{"lineNumber":24,"author":{"gitId":"bachletuankhai"},"content":"        case \"todo\":","lastModifiedDate":"2024-01-25"},{"lineNumber":25,"author":{"gitId":"bachletuankhai"},"content":"            return new TodoCommand(body);","lastModifiedDate":"2024-01-25"},{"lineNumber":26,"author":{"gitId":"bachletuankhai"},"content":"        case \"deadline\":","lastModifiedDate":"2024-01-25"},{"lineNumber":27,"author":{"gitId":"bachletuankhai"},"content":"            return new DeadlineCommand(body);","lastModifiedDate":"2024-01-25"},{"lineNumber":28,"author":{"gitId":"bachletuankhai"},"content":"        case \"event\":","lastModifiedDate":"2024-01-25"},{"lineNumber":29,"author":{"gitId":"bachletuankhai"},"content":"            return new EventCommand(body);","lastModifiedDate":"2024-01-25"},{"lineNumber":30,"author":{"gitId":"bachletuankhai"},"content":"        case \"delete\":","lastModifiedDate":"2024-01-25"},{"lineNumber":31,"author":{"gitId":"bachletuankhai"},"content":"            return new DeleteCommand(body);","lastModifiedDate":"2024-01-25"},{"lineNumber":32,"author":{"gitId":"bachletuankhai"},"content":"        default:","lastModifiedDate":"2024-01-25"},{"lineNumber":33,"author":{"gitId":"bachletuankhai"},"content":"            throw new UnknownCommandException(\"Unknown command: \" + name + \" \" + body,","lastModifiedDate":"2024-01-25"},{"lineNumber":34,"author":{"gitId":"bachletuankhai"},"content":"                    \"I\u0027m sorry, but I don\u0027t know what that means :\u003c\");","lastModifiedDate":"2024-01-25"},{"lineNumber":35,"author":{"gitId":"bachletuankhai"},"content":"        }","lastModifiedDate":"2024-01-25"},{"lineNumber":36,"author":{"gitId":"bachletuankhai"},"content":"    }","lastModifiedDate":"2024-01-25"},{"lineNumber":37,"author":{"gitId":"bachletuankhai"},"content":"","lastModifiedDate":"2024-01-25"},{"lineNumber":38,"author":{"gitId":"bachletuankhai"},"content":"    abstract public boolean execute(TaskList list) throws DukeException;","lastModifiedDate":"2024-01-25"},{"lineNumber":39,"author":{"gitId":"bachletuankhai"},"content":"}","lastModifiedDate":"2024-01-25"}],"authorContributionMap":{"bachletuankhai":39}},{"path":"src/main/java/Task/Deadline.java","fileType":"java","lines":[{"lineNumber":1,"author":{"gitId":"bachletuankhai"},"content":"package task;","lastModifiedDate":"2024-01-26"},{"lineNumber":2,"author":{"gitId":"bachletuankhai"},"content":"","lastModifiedDate":"2024-01-25"},{"lineNumber":3,"author":{"gitId":"bachletuankhai"},"content":"public class Deadline extends Task {","lastModifiedDate":"2024-01-25"},{"lineNumber":4,"author":{"gitId":"bachletuankhai"},"content":"    private TaskDateTime dueTime;","lastModifiedDate":"2024-01-30"},{"lineNumber":5,"author":{"gitId":"bachletuankhai"},"content":"","lastModifiedDate":"2024-01-25"},{"lineNumber":6,"author":{"gitId":"bachletuankhai"},"content":"    public Deadline(String description, String due) throws DukeDateTimeParseException {","lastModifiedDate":"2024-01-30"},{"lineNumber":7,"author":{"gitId":"bachletuankhai"},"content":"        super(description);","lastModifiedDate":"2024-01-25"},{"lineNumber":8,"author":{"gitId":"bachletuankhai"},"content":"        this.dueTime \u003d new TaskDateTime(due);","lastModifiedDate":"2024-01-30"},{"lineNumber":9,"author":{"gitId":"bachletuankhai"},"content":"    }","lastModifiedDate":"2024-01-25"},{"lineNumber":10,"author":{"gitId":"bachletuankhai"},"content":"","lastModifiedDate":"2024-01-25"},{"lineNumber":11,"author":{"gitId":"bachletuankhai"},"content":"    public Deadline(String description, String due, boolean isDone) throws DukeDateTimeParseException {","lastModifiedDate":"2024-01-30"},{"lineNumber":12,"author":{"gitId":"bachletuankhai"},"content":"        super(description, isDone);","lastModifiedDate":"2024-01-28"},{"lineNumber":13,"author":{"gitId":"bachletuankhai"},"content":"        this.dueTime \u003d new TaskDateTime(due);","lastModifiedDate":"2024-01-30"},{"lineNumber":14,"author":{"gitId":"bachletuankhai"},"content":"    }","lastModifiedDate":"2024-01-28"},{"lineNumber":15,"author":{"gitId":"bachletuankhai"},"content":"","lastModifiedDate":"2024-01-28"},{"lineNumber":16,"author":{"gitId":"bachletuankhai"},"content":"    @Override","lastModifiedDate":"2024-01-25"},{"lineNumber":17,"author":{"gitId":"bachletuankhai"},"content":"    public String toString() {","lastModifiedDate":"2024-01-25"},{"lineNumber":18,"author":{"gitId":"bachletuankhai"},"content":"        return \"[D]\" + super.toString() + \" (due: \" + dueTime + \")\";","lastModifiedDate":"2024-01-25"},{"lineNumber":19,"author":{"gitId":"bachletuankhai"},"content":"    }","lastModifiedDate":"2024-01-25"},{"lineNumber":20,"author":{"gitId":"bachletuankhai"},"content":"","lastModifiedDate":"2024-01-27"},{"lineNumber":21,"author":{"gitId":"bachletuankhai"},"content":"    @Override","lastModifiedDate":"2024-01-27"},{"lineNumber":22,"author":{"gitId":"bachletuankhai"},"content":"    public String serialize() {","lastModifiedDate":"2024-01-27"},{"lineNumber":23,"author":{"gitId":"bachletuankhai"},"content":"        return \"D | \" + super.serialize() + \" | \" + dueTime.serialize(); // assuming that the dueTime does not contain","lastModifiedDate":"2024-01-30"},{"lineNumber":24,"author":{"gitId":"bachletuankhai"},"content":"                                                                         // \"|\"","lastModifiedDate":"2024-01-30"},{"lineNumber":25,"author":{"gitId":"bachletuankhai"},"content":"    }","lastModifiedDate":"2024-01-27"},{"lineNumber":26,"author":{"gitId":"bachletuankhai"},"content":"}","lastModifiedDate":"2024-01-25"}],"authorContributionMap":{"bachletuankhai":26}},{"path":"src/main/java/Task/DeadlineCommand.java","fileType":"java","lines":[{"lineNumber":1,"author":{"gitId":"bachletuankhai"},"content":"package task;","lastModifiedDate":"2024-01-26"},{"lineNumber":2,"author":{"gitId":"bachletuankhai"},"content":"","lastModifiedDate":"2024-01-25"},{"lineNumber":3,"author":{"gitId":"bachletuankhai"},"content":"public class DeadlineCommand extends Command {","lastModifiedDate":"2024-01-25"},{"lineNumber":4,"author":{"gitId":"bachletuankhai"},"content":"    private String taskDescription;","lastModifiedDate":"2024-01-25"},{"lineNumber":5,"author":{"gitId":"bachletuankhai"},"content":"    private String dueTime;","lastModifiedDate":"2024-01-25"},{"lineNumber":6,"author":{"gitId":"bachletuankhai"},"content":"","lastModifiedDate":"2024-01-25"},{"lineNumber":7,"author":{"gitId":"bachletuankhai"},"content":"    public DeadlineCommand(String body) {","lastModifiedDate":"2024-01-25"},{"lineNumber":8,"author":{"gitId":"bachletuankhai"},"content":"        super(body);","lastModifiedDate":"2024-01-25"},{"lineNumber":9,"author":{"gitId":"bachletuankhai"},"content":"        String[] parts \u003d body.split(\"/by\", 2);","lastModifiedDate":"2024-01-25"},{"lineNumber":10,"author":{"gitId":"bachletuankhai"},"content":"        this.taskDescription \u003d parts[0].trim();","lastModifiedDate":"2024-01-25"},{"lineNumber":11,"author":{"gitId":"bachletuankhai"},"content":"        this.dueTime \u003d parts[1].trim();","lastModifiedDate":"2024-01-25"},{"lineNumber":12,"author":{"gitId":"bachletuankhai"},"content":"    }","lastModifiedDate":"2024-01-25"},{"lineNumber":13,"author":{"gitId":"bachletuankhai"},"content":"","lastModifiedDate":"2024-01-25"},{"lineNumber":14,"author":{"gitId":"bachletuankhai"},"content":"    public boolean execute(TaskList list) throws DukeException {","lastModifiedDate":"2024-01-25"},{"lineNumber":15,"author":{"gitId":"bachletuankhai"},"content":"        if (taskDescription.isEmpty()) {","lastModifiedDate":"2024-01-25"},{"lineNumber":16,"author":{"gitId":"bachletuankhai"},"content":"            throw new EmptyTaskDescriptionException(\"The description of a deadline cannot be empty.\",","lastModifiedDate":"2024-01-25"},{"lineNumber":17,"author":{"gitId":"bachletuankhai"},"content":"                    \"The description of a deadline cannot be empty.\");","lastModifiedDate":"2024-01-25"},{"lineNumber":18,"author":{"gitId":"bachletuankhai"},"content":"        } else if (dueTime.isEmpty()) {","lastModifiedDate":"2024-01-25"},{"lineNumber":19,"author":{"gitId":"bachletuankhai"},"content":"            throw new EmptyDateTimeException(\"The due time of a deadline cannot be empty.\",","lastModifiedDate":"2024-01-25"},{"lineNumber":20,"author":{"gitId":"bachletuankhai"},"content":"                    \"The due time of a deadline cannot be empty.\");","lastModifiedDate":"2024-01-25"},{"lineNumber":21,"author":{"gitId":"bachletuankhai"},"content":"        }","lastModifiedDate":"2024-01-25"},{"lineNumber":22,"author":{"gitId":"bachletuankhai"},"content":"        Task task \u003d new Deadline(taskDescription, dueTime);","lastModifiedDate":"2024-01-25"},{"lineNumber":23,"author":{"gitId":"bachletuankhai"},"content":"        list.addTask(task);","lastModifiedDate":"2024-01-25"},{"lineNumber":24,"author":{"gitId":"bachletuankhai"},"content":"        System.out.println(\"Added: \" + task + \"\\nYou now have \" + list.size() + \" tasks in the list.\");","lastModifiedDate":"2024-01-25"},{"lineNumber":25,"author":{"gitId":"bachletuankhai"},"content":"        return true;","lastModifiedDate":"2024-01-25"},{"lineNumber":26,"author":{"gitId":"bachletuankhai"},"content":"    }","lastModifiedDate":"2024-01-25"},{"lineNumber":27,"author":{"gitId":"bachletuankhai"},"content":"}","lastModifiedDate":"2024-01-25"}],"authorContributionMap":{"bachletuankhai":27}},{"path":"src/main/java/Task/DeleteCommand.java","fileType":"java","lines":[{"lineNumber":1,"author":{"gitId":"bachletuankhai"},"content":"package task;","lastModifiedDate":"2024-01-26"},{"lineNumber":2,"author":{"gitId":"bachletuankhai"},"content":"","lastModifiedDate":"2024-01-25"},{"lineNumber":3,"author":{"gitId":"bachletuankhai"},"content":"public class DeleteCommand extends Command {","lastModifiedDate":"2024-01-25"},{"lineNumber":4,"author":{"gitId":"bachletuankhai"},"content":"    public DeleteCommand(String body) {","lastModifiedDate":"2024-01-25"},{"lineNumber":5,"author":{"gitId":"bachletuankhai"},"content":"        super(body);","lastModifiedDate":"2024-01-25"},{"lineNumber":6,"author":{"gitId":"bachletuankhai"},"content":"    }","lastModifiedDate":"2024-01-25"},{"lineNumber":7,"author":{"gitId":"bachletuankhai"},"content":"","lastModifiedDate":"2024-01-25"},{"lineNumber":8,"author":{"gitId":"bachletuankhai"},"content":"    public boolean execute(TaskList list) throws DukeException {","lastModifiedDate":"2024-01-25"},{"lineNumber":9,"author":{"gitId":"bachletuankhai"},"content":"        String body \u003d getBody();","lastModifiedDate":"2024-01-25"},{"lineNumber":10,"author":{"gitId":"bachletuankhai"},"content":"        if (body.isEmpty()) {","lastModifiedDate":"2024-01-25"},{"lineNumber":11,"author":{"gitId":"bachletuankhai"},"content":"            throw new EmptyTaskDescriptionException(\"The description of a delete cannot be empty.\",","lastModifiedDate":"2024-01-25"},{"lineNumber":12,"author":{"gitId":"bachletuankhai"},"content":"                    \"Sorry, you need to tell me what you want to delete. I can\u0027t delete nothing.\");","lastModifiedDate":"2024-01-25"},{"lineNumber":13,"author":{"gitId":"bachletuankhai"},"content":"        }","lastModifiedDate":"2024-01-25"},{"lineNumber":14,"author":{"gitId":"bachletuankhai"},"content":"        int index \u003d Integer.parseInt(body);","lastModifiedDate":"2024-01-25"},{"lineNumber":15,"author":{"gitId":"bachletuankhai"},"content":"        if (index \u003c 1 || index \u003e list.size()) {","lastModifiedDate":"2024-01-25"},{"lineNumber":16,"author":{"gitId":"bachletuankhai"},"content":"            throw new InvalidTaskIndexException(","lastModifiedDate":"2024-01-25"},{"lineNumber":17,"author":{"gitId":"bachletuankhai"},"content":"                    \"The index of a task cannot be less than 1 or greater than the number of tasks.\",","lastModifiedDate":"2024-01-25"},{"lineNumber":18,"author":{"gitId":"bachletuankhai"},"content":"                    \"Sorry, but task number \" + index + \" does not exist. You only have \" + list.size() + \" tasks.\");","lastModifiedDate":"2024-01-25"},{"lineNumber":19,"author":{"gitId":"bachletuankhai"},"content":"        }","lastModifiedDate":"2024-01-25"},{"lineNumber":20,"author":{"gitId":"bachletuankhai"},"content":"        Task task \u003d list.deleteTask(index);","lastModifiedDate":"2024-01-25"},{"lineNumber":21,"author":{"gitId":"bachletuankhai"},"content":"        System.out.println(\"Deleted: \" + task + \"\\nYou now have \" + list.size() + \" tasks in the list.\");","lastModifiedDate":"2024-01-25"},{"lineNumber":22,"author":{"gitId":"bachletuankhai"},"content":"        return true;","lastModifiedDate":"2024-01-25"},{"lineNumber":23,"author":{"gitId":"bachletuankhai"},"content":"    }","lastModifiedDate":"2024-01-25"},{"lineNumber":24,"author":{"gitId":"bachletuankhai"},"content":"}","lastModifiedDate":"2024-01-25"}],"authorContributionMap":{"bachletuankhai":24}},{"path":"src/main/java/Task/DukeDateTimeParseException.java","fileType":"java","lines":[{"lineNumber":1,"author":{"gitId":"bachletuankhai"},"content":"package task;","lastModifiedDate":"2024-01-30"},{"lineNumber":2,"author":{"gitId":"bachletuankhai"},"content":"","lastModifiedDate":"2024-01-30"},{"lineNumber":3,"author":{"gitId":"bachletuankhai"},"content":"public class DukeDateTimeParseException extends DukeException {","lastModifiedDate":"2024-01-30"},{"lineNumber":4,"author":{"gitId":"bachletuankhai"},"content":"    public DukeDateTimeParseException(String message, String response) {","lastModifiedDate":"2024-01-30"},{"lineNumber":5,"author":{"gitId":"bachletuankhai"},"content":"        super(message, response);","lastModifiedDate":"2024-01-30"},{"lineNumber":6,"author":{"gitId":"bachletuankhai"},"content":"    }","lastModifiedDate":"2024-01-30"},{"lineNumber":7,"author":{"gitId":"bachletuankhai"},"content":"}","lastModifiedDate":"2024-01-30"}],"authorContributionMap":{"bachletuankhai":7}},{"path":"src/main/java/Task/DukeException.java","fileType":"java","lines":[{"lineNumber":1,"author":{"gitId":"bachletuankhai"},"content":"package task;","lastModifiedDate":"2024-01-26"},{"lineNumber":2,"author":{"gitId":"bachletuankhai"},"content":"","lastModifiedDate":"2024-01-25"},{"lineNumber":3,"author":{"gitId":"bachletuankhai"},"content":"public class DukeException extends Exception {","lastModifiedDate":"2024-01-25"},{"lineNumber":4,"author":{"gitId":"bachletuankhai"},"content":"    private String botMessage;","lastModifiedDate":"2024-01-25"},{"lineNumber":5,"author":{"gitId":"bachletuankhai"},"content":"","lastModifiedDate":"2024-01-25"},{"lineNumber":6,"author":{"gitId":"bachletuankhai"},"content":"    public DukeException(String message, String botMessage) {","lastModifiedDate":"2024-01-25"},{"lineNumber":7,"author":{"gitId":"bachletuankhai"},"content":"        super(message);","lastModifiedDate":"2024-01-25"},{"lineNumber":8,"author":{"gitId":"bachletuankhai"},"content":"        this.botMessage \u003d botMessage;","lastModifiedDate":"2024-01-25"},{"lineNumber":9,"author":{"gitId":"bachletuankhai"},"content":"    }","lastModifiedDate":"2024-01-25"},{"lineNumber":10,"author":{"gitId":"bachletuankhai"},"content":"","lastModifiedDate":"2024-01-25"},{"lineNumber":11,"author":{"gitId":"bachletuankhai"},"content":"    public String getBotMessage() {","lastModifiedDate":"2024-01-25"},{"lineNumber":12,"author":{"gitId":"bachletuankhai"},"content":"        return botMessage;","lastModifiedDate":"2024-01-25"},{"lineNumber":13,"author":{"gitId":"bachletuankhai"},"content":"    }","lastModifiedDate":"2024-01-25"},{"lineNumber":14,"author":{"gitId":"bachletuankhai"},"content":"}","lastModifiedDate":"2024-01-25"}],"authorContributionMap":{"bachletuankhai":14}},{"path":"src/main/java/Task/EmptyDateTimeException.java","fileType":"java","lines":[{"lineNumber":1,"author":{"gitId":"bachletuankhai"},"content":"package task;","lastModifiedDate":"2024-01-26"},{"lineNumber":2,"author":{"gitId":"bachletuankhai"},"content":"","lastModifiedDate":"2024-01-25"},{"lineNumber":3,"author":{"gitId":"bachletuankhai"},"content":"public class EmptyDateTimeException extends DukeException {","lastModifiedDate":"2024-01-25"},{"lineNumber":4,"author":{"gitId":"bachletuankhai"},"content":"    public EmptyDateTimeException(String message, String botMessage) {","lastModifiedDate":"2024-01-25"},{"lineNumber":5,"author":{"gitId":"bachletuankhai"},"content":"        super(message, botMessage);","lastModifiedDate":"2024-01-25"},{"lineNumber":6,"author":{"gitId":"bachletuankhai"},"content":"    }","lastModifiedDate":"2024-01-25"},{"lineNumber":7,"author":{"gitId":"bachletuankhai"},"content":"}","lastModifiedDate":"2024-01-25"}],"authorContributionMap":{"bachletuankhai":7}},{"path":"src/main/java/Task/EmptyTaskDescriptionException.java","fileType":"java","lines":[{"lineNumber":1,"author":{"gitId":"bachletuankhai"},"content":"package task;","lastModifiedDate":"2024-01-26"},{"lineNumber":2,"author":{"gitId":"bachletuankhai"},"content":"","lastModifiedDate":"2024-01-25"},{"lineNumber":3,"author":{"gitId":"bachletuankhai"},"content":"public class EmptyTaskDescriptionException extends DukeException {","lastModifiedDate":"2024-01-25"},{"lineNumber":4,"author":{"gitId":"bachletuankhai"},"content":"    public EmptyTaskDescriptionException(String message, String botMessage) {","lastModifiedDate":"2024-01-25"},{"lineNumber":5,"author":{"gitId":"bachletuankhai"},"content":"        super(message, botMessage);","lastModifiedDate":"2024-01-25"},{"lineNumber":6,"author":{"gitId":"bachletuankhai"},"content":"    }","lastModifiedDate":"2024-01-25"},{"lineNumber":7,"author":{"gitId":"bachletuankhai"},"content":"}","lastModifiedDate":"2024-01-25"}],"authorContributionMap":{"bachletuankhai":7}},{"path":"src/main/java/Task/Event.java","fileType":"java","lines":[{"lineNumber":1,"author":{"gitId":"bachletuankhai"},"content":"package task;","lastModifiedDate":"2024-01-26"},{"lineNumber":2,"author":{"gitId":"bachletuankhai"},"content":"","lastModifiedDate":"2024-01-25"},{"lineNumber":3,"author":{"gitId":"bachletuankhai"},"content":"public class Event extends Task {","lastModifiedDate":"2024-01-25"},{"lineNumber":4,"author":{"gitId":"bachletuankhai"},"content":"    private TaskDateTime startTime;","lastModifiedDate":"2024-01-30"},{"lineNumber":5,"author":{"gitId":"bachletuankhai"},"content":"    private TaskDateTime endTime;","lastModifiedDate":"2024-01-30"},{"lineNumber":6,"author":{"gitId":"bachletuankhai"},"content":"","lastModifiedDate":"2024-01-25"},{"lineNumber":7,"author":{"gitId":"bachletuankhai"},"content":"    public Event(String description, String startTime, String endTime) throws DukeDateTimeParseException {","lastModifiedDate":"2024-01-30"},{"lineNumber":8,"author":{"gitId":"bachletuankhai"},"content":"        super(description);","lastModifiedDate":"2024-01-25"},{"lineNumber":9,"author":{"gitId":"bachletuankhai"},"content":"        this.startTime \u003d new TaskDateTime(startTime);","lastModifiedDate":"2024-01-30"},{"lineNumber":10,"author":{"gitId":"bachletuankhai"},"content":"        this.endTime \u003d new TaskDateTime(endTime);","lastModifiedDate":"2024-01-30"},{"lineNumber":11,"author":{"gitId":"bachletuankhai"},"content":"    }","lastModifiedDate":"2024-01-25"},{"lineNumber":12,"author":{"gitId":"bachletuankhai"},"content":"","lastModifiedDate":"2024-01-25"},{"lineNumber":13,"author":{"gitId":"bachletuankhai"},"content":"    public Event(String description, String startTime, String endTime, boolean isDone)","lastModifiedDate":"2024-01-30"},{"lineNumber":14,"author":{"gitId":"bachletuankhai"},"content":"            throws DukeDateTimeParseException {","lastModifiedDate":"2024-01-30"},{"lineNumber":15,"author":{"gitId":"bachletuankhai"},"content":"        super(description, isDone);","lastModifiedDate":"2024-01-28"},{"lineNumber":16,"author":{"gitId":"bachletuankhai"},"content":"        this.startTime \u003d new TaskDateTime(startTime);","lastModifiedDate":"2024-01-30"},{"lineNumber":17,"author":{"gitId":"bachletuankhai"},"content":"        this.endTime \u003d new TaskDateTime(endTime);","lastModifiedDate":"2024-01-30"},{"lineNumber":18,"author":{"gitId":"bachletuankhai"},"content":"    }","lastModifiedDate":"2024-01-28"},{"lineNumber":19,"author":{"gitId":"bachletuankhai"},"content":"","lastModifiedDate":"2024-01-28"},{"lineNumber":20,"author":{"gitId":"bachletuankhai"},"content":"    @Override","lastModifiedDate":"2024-01-25"},{"lineNumber":21,"author":{"gitId":"bachletuankhai"},"content":"    public String toString() {","lastModifiedDate":"2024-01-25"},{"lineNumber":22,"author":{"gitId":"bachletuankhai"},"content":"        return \"[E]\" + super.toString() + \" (at: \" + startTime + \" - \" + endTime + \")\";","lastModifiedDate":"2024-01-25"},{"lineNumber":23,"author":{"gitId":"bachletuankhai"},"content":"    }","lastModifiedDate":"2024-01-25"},{"lineNumber":24,"author":{"gitId":"bachletuankhai"},"content":"","lastModifiedDate":"2024-01-27"},{"lineNumber":25,"author":{"gitId":"bachletuankhai"},"content":"    @Override","lastModifiedDate":"2024-01-27"},{"lineNumber":26,"author":{"gitId":"bachletuankhai"},"content":"    public String serialize() {","lastModifiedDate":"2024-01-27"},{"lineNumber":27,"author":{"gitId":"bachletuankhai"},"content":"        return \"E | \" + super.serialize() + \" | \" + startTime.serialize() + \" | \" + endTime.serialize();","lastModifiedDate":"2024-01-30"},{"lineNumber":28,"author":{"gitId":"bachletuankhai"},"content":"    }","lastModifiedDate":"2024-01-27"},{"lineNumber":29,"author":{"gitId":"bachletuankhai"},"content":"}","lastModifiedDate":"2024-01-25"}],"authorContributionMap":{"bachletuankhai":29}},{"path":"src/main/java/Task/EventCommand.java","fileType":"java","lines":[{"lineNumber":1,"author":{"gitId":"bachletuankhai"},"content":"package task;","lastModifiedDate":"2024-01-26"},{"lineNumber":2,"author":{"gitId":"bachletuankhai"},"content":"","lastModifiedDate":"2024-01-25"},{"lineNumber":3,"author":{"gitId":"bachletuankhai"},"content":"public class EventCommand extends Command {","lastModifiedDate":"2024-01-25"},{"lineNumber":4,"author":{"gitId":"bachletuankhai"},"content":"    private String taskDescription;","lastModifiedDate":"2024-01-25"},{"lineNumber":5,"author":{"gitId":"bachletuankhai"},"content":"    private String startTime;","lastModifiedDate":"2024-01-25"},{"lineNumber":6,"author":{"gitId":"bachletuankhai"},"content":"    private String endTime;","lastModifiedDate":"2024-01-25"},{"lineNumber":7,"author":{"gitId":"bachletuankhai"},"content":"","lastModifiedDate":"2024-01-25"},{"lineNumber":8,"author":{"gitId":"bachletuankhai"},"content":"    public EventCommand(String body) {","lastModifiedDate":"2024-01-25"},{"lineNumber":9,"author":{"gitId":"bachletuankhai"},"content":"        super(body);","lastModifiedDate":"2024-01-25"},{"lineNumber":10,"author":{"gitId":"bachletuankhai"},"content":"        String[] parts \u003d body.split(\"/from|/to\", 3);","lastModifiedDate":"2024-01-28"},{"lineNumber":11,"author":{"gitId":"bachletuankhai"},"content":"        this.taskDescription \u003d parts[0].trim();","lastModifiedDate":"2024-01-25"},{"lineNumber":12,"author":{"gitId":"bachletuankhai"},"content":"        this.startTime \u003d parts[1].trim();","lastModifiedDate":"2024-01-28"},{"lineNumber":13,"author":{"gitId":"bachletuankhai"},"content":"        this.endTime \u003d parts[2].trim();","lastModifiedDate":"2024-01-28"},{"lineNumber":14,"author":{"gitId":"bachletuankhai"},"content":"    }","lastModifiedDate":"2024-01-25"},{"lineNumber":15,"author":{"gitId":"bachletuankhai"},"content":"","lastModifiedDate":"2024-01-25"},{"lineNumber":16,"author":{"gitId":"bachletuankhai"},"content":"    public boolean execute(TaskList list) throws DukeException {","lastModifiedDate":"2024-01-25"},{"lineNumber":17,"author":{"gitId":"bachletuankhai"},"content":"        if (taskDescription.isEmpty()) {","lastModifiedDate":"2024-01-25"},{"lineNumber":18,"author":{"gitId":"bachletuankhai"},"content":"            throw new EmptyTaskDescriptionException(\"The description of an event cannot be empty.\",","lastModifiedDate":"2024-01-25"},{"lineNumber":19,"author":{"gitId":"bachletuankhai"},"content":"                    \"The description of an event cannot be empty.\");","lastModifiedDate":"2024-01-25"},{"lineNumber":20,"author":{"gitId":"bachletuankhai"},"content":"        } else if (startTime.isEmpty()) {","lastModifiedDate":"2024-01-25"},{"lineNumber":21,"author":{"gitId":"bachletuankhai"},"content":"            throw new EmptyDateTimeException(\"The start time of an event cannot be empty.\",","lastModifiedDate":"2024-01-25"},{"lineNumber":22,"author":{"gitId":"bachletuankhai"},"content":"                    \"The start time of an event cannot be empty.\");","lastModifiedDate":"2024-01-25"},{"lineNumber":23,"author":{"gitId":"bachletuankhai"},"content":"        } else if (endTime.isEmpty()) {","lastModifiedDate":"2024-01-25"},{"lineNumber":24,"author":{"gitId":"bachletuankhai"},"content":"            throw new EmptyDateTimeException(\"The end time of an event cannot be empty.\",","lastModifiedDate":"2024-01-25"},{"lineNumber":25,"author":{"gitId":"bachletuankhai"},"content":"                    \"The end time of an event cannot be empty.\");","lastModifiedDate":"2024-01-25"},{"lineNumber":26,"author":{"gitId":"bachletuankhai"},"content":"        }","lastModifiedDate":"2024-01-25"},{"lineNumber":27,"author":{"gitId":"bachletuankhai"},"content":"        Task task \u003d new Event(taskDescription, startTime, endTime);","lastModifiedDate":"2024-01-25"},{"lineNumber":28,"author":{"gitId":"bachletuankhai"},"content":"        list.addTask(task);","lastModifiedDate":"2024-01-25"},{"lineNumber":29,"author":{"gitId":"bachletuankhai"},"content":"        System.out.println(\"Added: \" + task + \"\\nYou now have \" + list.size() + \" tasks in the list.\");","lastModifiedDate":"2024-01-25"},{"lineNumber":30,"author":{"gitId":"bachletuankhai"},"content":"        return true;","lastModifiedDate":"2024-01-25"},{"lineNumber":31,"author":{"gitId":"bachletuankhai"},"content":"    }","lastModifiedDate":"2024-01-25"},{"lineNumber":32,"author":{"gitId":"bachletuankhai"},"content":"}","lastModifiedDate":"2024-01-25"}],"authorContributionMap":{"bachletuankhai":32}},{"path":"src/main/java/Task/ExitCommand.java","fileType":"java","lines":[{"lineNumber":1,"author":{"gitId":"bachletuankhai"},"content":"package task;","lastModifiedDate":"2024-01-26"},{"lineNumber":2,"author":{"gitId":"bachletuankhai"},"content":"","lastModifiedDate":"2024-01-25"},{"lineNumber":3,"author":{"gitId":"bachletuankhai"},"content":"public class ExitCommand extends Command {","lastModifiedDate":"2024-01-25"},{"lineNumber":4,"author":{"gitId":"bachletuankhai"},"content":"    public ExitCommand() {","lastModifiedDate":"2024-01-25"},{"lineNumber":5,"author":{"gitId":"bachletuankhai"},"content":"        super(\"\");","lastModifiedDate":"2024-01-25"},{"lineNumber":6,"author":{"gitId":"bachletuankhai"},"content":"    }","lastModifiedDate":"2024-01-25"},{"lineNumber":7,"author":{"gitId":"bachletuankhai"},"content":"","lastModifiedDate":"2024-01-25"},{"lineNumber":8,"author":{"gitId":"bachletuankhai"},"content":"    public boolean execute(TaskList list) {","lastModifiedDate":"2024-01-25"},{"lineNumber":9,"author":{"gitId":"bachletuankhai"},"content":"        System.out.println(\"Cya!\");","lastModifiedDate":"2024-01-25"},{"lineNumber":10,"author":{"gitId":"bachletuankhai"},"content":"        return false;","lastModifiedDate":"2024-01-25"},{"lineNumber":11,"author":{"gitId":"bachletuankhai"},"content":"    }","lastModifiedDate":"2024-01-25"},{"lineNumber":12,"author":{"gitId":"bachletuankhai"},"content":"}","lastModifiedDate":"2024-01-25"}],"authorContributionMap":{"bachletuankhai":12}},{"path":"src/main/java/Task/InvalidDataFormatException.java","fileType":"java","lines":[{"lineNumber":1,"author":{"gitId":"bachletuankhai"},"content":"package task;","lastModifiedDate":"2024-01-27"},{"lineNumber":2,"author":{"gitId":"bachletuankhai"},"content":"","lastModifiedDate":"2024-01-27"},{"lineNumber":3,"author":{"gitId":"bachletuankhai"},"content":"public class InvalidDataFormatException extends DukeException {","lastModifiedDate":"2024-01-27"},{"lineNumber":4,"author":{"gitId":"bachletuankhai"},"content":"    public InvalidDataFormatException(String message, String botMessage) {","lastModifiedDate":"2024-01-27"},{"lineNumber":5,"author":{"gitId":"bachletuankhai"},"content":"        super(message, botMessage);","lastModifiedDate":"2024-01-27"},{"lineNumber":6,"author":{"gitId":"bachletuankhai"},"content":"    }","lastModifiedDate":"2024-01-27"},{"lineNumber":7,"author":{"gitId":"bachletuankhai"},"content":"}","lastModifiedDate":"2024-01-27"}],"authorContributionMap":{"bachletuankhai":7}},{"path":"src/main/java/Task/InvalidTaskIndexException.java","fileType":"java","lines":[{"lineNumber":1,"author":{"gitId":"bachletuankhai"},"content":"package task;","lastModifiedDate":"2024-01-26"},{"lineNumber":2,"author":{"gitId":"bachletuankhai"},"content":"","lastModifiedDate":"2024-01-25"},{"lineNumber":3,"author":{"gitId":"bachletuankhai"},"content":"public class InvalidTaskIndexException extends DukeException {","lastModifiedDate":"2024-01-25"},{"lineNumber":4,"author":{"gitId":"bachletuankhai"},"content":"    public InvalidTaskIndexException(String message, String botMessage) {","lastModifiedDate":"2024-01-25"},{"lineNumber":5,"author":{"gitId":"bachletuankhai"},"content":"        super(message, botMessage);","lastModifiedDate":"2024-01-25"},{"lineNumber":6,"author":{"gitId":"bachletuankhai"},"content":"    }","lastModifiedDate":"2024-01-25"},{"lineNumber":7,"author":{"gitId":"bachletuankhai"},"content":"}","lastModifiedDate":"2024-01-25"}],"authorContributionMap":{"bachletuankhai":7}},{"path":"src/main/java/Task/ListCommand.java","fileType":"java","lines":[{"lineNumber":1,"author":{"gitId":"bachletuankhai"},"content":"package task;","lastModifiedDate":"2024-01-26"},{"lineNumber":2,"author":{"gitId":"bachletuankhai"},"content":"","lastModifiedDate":"2024-01-25"},{"lineNumber":3,"author":{"gitId":"bachletuankhai"},"content":"public class ListCommand extends Command {","lastModifiedDate":"2024-01-25"},{"lineNumber":4,"author":{"gitId":"bachletuankhai"},"content":"    public ListCommand() {","lastModifiedDate":"2024-01-25"},{"lineNumber":5,"author":{"gitId":"bachletuankhai"},"content":"        super(\"\");","lastModifiedDate":"2024-01-25"},{"lineNumber":6,"author":{"gitId":"bachletuankhai"},"content":"    }","lastModifiedDate":"2024-01-25"},{"lineNumber":7,"author":{"gitId":"bachletuankhai"},"content":"","lastModifiedDate":"2024-01-25"},{"lineNumber":8,"author":{"gitId":"bachletuankhai"},"content":"    public boolean execute(TaskList list) {","lastModifiedDate":"2024-01-25"},{"lineNumber":9,"author":{"gitId":"bachletuankhai"},"content":"        System.out.println(list.toString());","lastModifiedDate":"2024-01-25"},{"lineNumber":10,"author":{"gitId":"bachletuankhai"},"content":"        return true;","lastModifiedDate":"2024-01-25"},{"lineNumber":11,"author":{"gitId":"bachletuankhai"},"content":"    }","lastModifiedDate":"2024-01-25"},{"lineNumber":12,"author":{"gitId":"bachletuankhai"},"content":"}","lastModifiedDate":"2024-01-25"}],"authorContributionMap":{"bachletuankhai":12}},{"path":"src/main/java/Task/MarkCommand.java","fileType":"java","lines":[{"lineNumber":1,"author":{"gitId":"bachletuankhai"},"content":"package task;","lastModifiedDate":"2024-01-26"},{"lineNumber":2,"author":{"gitId":"bachletuankhai"},"content":"","lastModifiedDate":"2024-01-25"},{"lineNumber":3,"author":{"gitId":"bachletuankhai"},"content":"public class MarkCommand extends Command {","lastModifiedDate":"2024-01-25"},{"lineNumber":4,"author":{"gitId":"bachletuankhai"},"content":"    public MarkCommand(String body) {","lastModifiedDate":"2024-01-25"},{"lineNumber":5,"author":{"gitId":"bachletuankhai"},"content":"        super(body);","lastModifiedDate":"2024-01-25"},{"lineNumber":6,"author":{"gitId":"bachletuankhai"},"content":"    }","lastModifiedDate":"2024-01-25"},{"lineNumber":7,"author":{"gitId":"bachletuankhai"},"content":"","lastModifiedDate":"2024-01-25"},{"lineNumber":8,"author":{"gitId":"bachletuankhai"},"content":"    public boolean execute(TaskList list) throws DukeException {","lastModifiedDate":"2024-01-25"},{"lineNumber":9,"author":{"gitId":"bachletuankhai"},"content":"        String body \u003d getBody();","lastModifiedDate":"2024-01-25"},{"lineNumber":10,"author":{"gitId":"bachletuankhai"},"content":"        if (body.isEmpty()) {","lastModifiedDate":"2024-01-25"},{"lineNumber":11,"author":{"gitId":"bachletuankhai"},"content":"            throw new InvalidTaskIndexException(\"The index of a task cannot be empty.\",","lastModifiedDate":"2024-01-25"},{"lineNumber":12,"author":{"gitId":"bachletuankhai"},"content":"                    \"Sorry, but I don\u0027t know which task you want to mark as done.\");","lastModifiedDate":"2024-01-25"},{"lineNumber":13,"author":{"gitId":"bachletuankhai"},"content":"        }","lastModifiedDate":"2024-01-25"},{"lineNumber":14,"author":{"gitId":"bachletuankhai"},"content":"        int index \u003d Integer.parseInt(body);","lastModifiedDate":"2024-01-25"},{"lineNumber":15,"author":{"gitId":"bachletuankhai"},"content":"        if (index \u003c 1 || index \u003e list.size()) {","lastModifiedDate":"2024-01-25"},{"lineNumber":16,"author":{"gitId":"bachletuankhai"},"content":"            throw new InvalidTaskIndexException(","lastModifiedDate":"2024-01-25"},{"lineNumber":17,"author":{"gitId":"bachletuankhai"},"content":"                    \"The index of a task cannot be less than 1 or greater than the number of tasks.\",","lastModifiedDate":"2024-01-25"},{"lineNumber":18,"author":{"gitId":"bachletuankhai"},"content":"                    \"Sorry, but task number \" + index + \" does not exist. You only have \" + list.size() + \" tasks.\");","lastModifiedDate":"2024-01-25"},{"lineNumber":19,"author":{"gitId":"bachletuankhai"},"content":"        }","lastModifiedDate":"2024-01-25"},{"lineNumber":20,"author":{"gitId":"bachletuankhai"},"content":"        list.markTaskAsDone(index);","lastModifiedDate":"2024-01-25"},{"lineNumber":21,"author":{"gitId":"bachletuankhai"},"content":"        System.out.println(\"Done: \" + list.get(index - 1));","lastModifiedDate":"2024-01-25"},{"lineNumber":22,"author":{"gitId":"bachletuankhai"},"content":"        return true;","lastModifiedDate":"2024-01-25"},{"lineNumber":23,"author":{"gitId":"bachletuankhai"},"content":"    }","lastModifiedDate":"2024-01-25"},{"lineNumber":24,"author":{"gitId":"bachletuankhai"},"content":"}","lastModifiedDate":"2024-01-25"}],"authorContributionMap":{"bachletuankhai":24}},{"path":"src/main/java/Task/Task.java","fileType":"java","lines":[{"lineNumber":1,"author":{"gitId":"bachletuankhai"},"content":"package task;","lastModifiedDate":"2024-01-26"},{"lineNumber":2,"author":{"gitId":"bachletuankhai"},"content":"","lastModifiedDate":"2024-01-25"},{"lineNumber":3,"author":{"gitId":"bachletuankhai"},"content":"public abstract class Task {","lastModifiedDate":"2024-01-27"},{"lineNumber":4,"author":{"gitId":"bachletuankhai"},"content":"    private String description;","lastModifiedDate":"2024-01-25"},{"lineNumber":5,"author":{"gitId":"bachletuankhai"},"content":"    private boolean isDone;","lastModifiedDate":"2024-01-25"},{"lineNumber":6,"author":{"gitId":"bachletuankhai"},"content":"","lastModifiedDate":"2024-01-25"},{"lineNumber":7,"author":{"gitId":"bachletuankhai"},"content":"    private String escapedDescription;","lastModifiedDate":"2024-01-27"},{"lineNumber":8,"author":{"gitId":"bachletuankhai"},"content":"","lastModifiedDate":"2024-01-27"},{"lineNumber":9,"author":{"gitId":"bachletuankhai"},"content":"    public Task(String description) {","lastModifiedDate":"2024-01-25"},{"lineNumber":10,"author":{"gitId":"bachletuankhai"},"content":"        this.description \u003d description;","lastModifiedDate":"2024-01-25"},{"lineNumber":11,"author":{"gitId":"bachletuankhai"},"content":"        this.escapedDescription \u003d escapeDescription(description);","lastModifiedDate":"2024-01-27"},{"lineNumber":12,"author":{"gitId":"bachletuankhai"},"content":"        this.isDone \u003d false;","lastModifiedDate":"2024-01-25"},{"lineNumber":13,"author":{"gitId":"bachletuankhai"},"content":"    }","lastModifiedDate":"2024-01-25"},{"lineNumber":14,"author":{"gitId":"bachletuankhai"},"content":"","lastModifiedDate":"2024-01-25"},{"lineNumber":15,"author":{"gitId":"bachletuankhai"},"content":"    public Task(String description, boolean isDone) {","lastModifiedDate":"2024-01-28"},{"lineNumber":16,"author":{"gitId":"bachletuankhai"},"content":"        this.description \u003d description;","lastModifiedDate":"2024-01-28"},{"lineNumber":17,"author":{"gitId":"bachletuankhai"},"content":"        this.escapedDescription \u003d escapeDescription(description);","lastModifiedDate":"2024-01-28"},{"lineNumber":18,"author":{"gitId":"bachletuankhai"},"content":"        this.isDone \u003d isDone;","lastModifiedDate":"2024-01-28"},{"lineNumber":19,"author":{"gitId":"bachletuankhai"},"content":"    }","lastModifiedDate":"2024-01-28"},{"lineNumber":20,"author":{"gitId":"bachletuankhai"},"content":"","lastModifiedDate":"2024-01-28"},{"lineNumber":21,"author":{"gitId":"bachletuankhai"},"content":"    protected static String escapeDescription(String description) {","lastModifiedDate":"2024-01-27"},{"lineNumber":22,"author":{"gitId":"bachletuankhai"},"content":"        return description.replace(\"|\", \"\\\\|\");","lastModifiedDate":"2024-01-27"},{"lineNumber":23,"author":{"gitId":"bachletuankhai"},"content":"    }","lastModifiedDate":"2024-01-27"},{"lineNumber":24,"author":{"gitId":"bachletuankhai"},"content":"","lastModifiedDate":"2024-01-27"},{"lineNumber":25,"author":{"gitId":"bachletuankhai"},"content":"    public void markAsDone() {","lastModifiedDate":"2024-01-25"},{"lineNumber":26,"author":{"gitId":"bachletuankhai"},"content":"        this.isDone \u003d true;","lastModifiedDate":"2024-01-25"},{"lineNumber":27,"author":{"gitId":"bachletuankhai"},"content":"    }","lastModifiedDate":"2024-01-25"},{"lineNumber":28,"author":{"gitId":"bachletuankhai"},"content":"","lastModifiedDate":"2024-01-25"},{"lineNumber":29,"author":{"gitId":"bachletuankhai"},"content":"    public void unmarkAsDone() {","lastModifiedDate":"2024-01-25"},{"lineNumber":30,"author":{"gitId":"bachletuankhai"},"content":"        this.isDone \u003d false;","lastModifiedDate":"2024-01-25"},{"lineNumber":31,"author":{"gitId":"bachletuankhai"},"content":"    }","lastModifiedDate":"2024-01-25"},{"lineNumber":32,"author":{"gitId":"bachletuankhai"},"content":"","lastModifiedDate":"2024-01-25"},{"lineNumber":33,"author":{"gitId":"bachletuankhai"},"content":"    @Override","lastModifiedDate":"2024-01-25"},{"lineNumber":34,"author":{"gitId":"bachletuankhai"},"content":"    public String toString() {","lastModifiedDate":"2024-01-25"},{"lineNumber":35,"author":{"gitId":"bachletuankhai"},"content":"        String status \u003d isDone ? \"X\" : \" \";","lastModifiedDate":"2024-01-25"},{"lineNumber":36,"author":{"gitId":"bachletuankhai"},"content":"        return \"[\" + status + \"] \" + description;","lastModifiedDate":"2024-01-25"},{"lineNumber":37,"author":{"gitId":"bachletuankhai"},"content":"    }","lastModifiedDate":"2024-01-25"},{"lineNumber":38,"author":{"gitId":"bachletuankhai"},"content":"","lastModifiedDate":"2024-01-27"},{"lineNumber":39,"author":{"gitId":"bachletuankhai"},"content":"    public String serialize() {","lastModifiedDate":"2024-01-27"},{"lineNumber":40,"author":{"gitId":"bachletuankhai"},"content":"        return (isDone ? \"1\" : \"0\") + \" | \" + escapedDescription;","lastModifiedDate":"2024-01-27"},{"lineNumber":41,"author":{"gitId":"bachletuankhai"},"content":"    }","lastModifiedDate":"2024-01-27"},{"lineNumber":42,"author":{"gitId":"bachletuankhai"},"content":"}","lastModifiedDate":"2024-01-25"}],"authorContributionMap":{"bachletuankhai":42}},{"path":"src/main/java/Task/TaskDateTime.java","fileType":"java","lines":[{"lineNumber":1,"author":{"gitId":"bachletuankhai"},"content":"package task;","lastModifiedDate":"2024-01-30"},{"lineNumber":2,"author":{"gitId":"bachletuankhai"},"content":"","lastModifiedDate":"2024-01-30"},{"lineNumber":3,"author":{"gitId":"bachletuankhai"},"content":"import java.time.LocalDateTime;","lastModifiedDate":"2024-01-30"},{"lineNumber":4,"author":{"gitId":"bachletuankhai"},"content":"import java.time.format.DateTimeFormatter;","lastModifiedDate":"2024-01-30"},{"lineNumber":5,"author":{"gitId":"bachletuankhai"},"content":"","lastModifiedDate":"2024-01-30"},{"lineNumber":6,"author":{"gitId":"bachletuankhai"},"content":"public class TaskDateTime {","lastModifiedDate":"2024-01-30"},{"lineNumber":7,"author":{"gitId":"bachletuankhai"},"content":"    private LocalDateTime dateTime;","lastModifiedDate":"2024-01-30"},{"lineNumber":8,"author":{"gitId":"bachletuankhai"},"content":"    private static final String INPUT_FORMAT \u003d \"yyyy-MM-dd HH:mm\";","lastModifiedDate":"2024-01-30"},{"lineNumber":9,"author":{"gitId":"bachletuankhai"},"content":"    private static final DateTimeFormatter INPUT_FORMATTER \u003d DateTimeFormatter.ofPattern(\"yyyy-MM-dd HH:mm\");","lastModifiedDate":"2024-01-30"},{"lineNumber":10,"author":{"gitId":"bachletuankhai"},"content":"    private static final DateTimeFormatter OUTPUT_FORMATTER \u003d DateTimeFormatter.ofPattern(\"EEE, MMM d yyyy HH:mm\");","lastModifiedDate":"2024-01-30"},{"lineNumber":11,"author":{"gitId":"bachletuankhai"},"content":"","lastModifiedDate":"2024-01-30"},{"lineNumber":12,"author":{"gitId":"bachletuankhai"},"content":"    public TaskDateTime(String dateTime) throws DukeDateTimeParseException {","lastModifiedDate":"2024-01-30"},{"lineNumber":13,"author":{"gitId":"bachletuankhai"},"content":"        try {","lastModifiedDate":"2024-01-30"},{"lineNumber":14,"author":{"gitId":"bachletuankhai"},"content":"            this.dateTime \u003d LocalDateTime.parse(dateTime, INPUT_FORMATTER);","lastModifiedDate":"2024-01-30"},{"lineNumber":15,"author":{"gitId":"bachletuankhai"},"content":"        } catch (Exception e) {","lastModifiedDate":"2024-01-30"},{"lineNumber":16,"author":{"gitId":"bachletuankhai"},"content":"            throw new DukeDateTimeParseException(\"Wrong date and time format: \" + dateTime,","lastModifiedDate":"2024-01-30"},{"lineNumber":17,"author":{"gitId":"bachletuankhai"},"content":"                    \"Please enter the date and time in the format: \" + INPUT_FORMAT);","lastModifiedDate":"2024-01-30"},{"lineNumber":18,"author":{"gitId":"bachletuankhai"},"content":"        }","lastModifiedDate":"2024-01-30"},{"lineNumber":19,"author":{"gitId":"bachletuankhai"},"content":"    }","lastModifiedDate":"2024-01-30"},{"lineNumber":20,"author":{"gitId":"bachletuankhai"},"content":"","lastModifiedDate":"2024-01-30"},{"lineNumber":21,"author":{"gitId":"bachletuankhai"},"content":"    @Override","lastModifiedDate":"2024-01-30"},{"lineNumber":22,"author":{"gitId":"bachletuankhai"},"content":"    public String toString() {","lastModifiedDate":"2024-01-30"},{"lineNumber":23,"author":{"gitId":"bachletuankhai"},"content":"        return OUTPUT_FORMATTER.format(dateTime);","lastModifiedDate":"2024-01-30"},{"lineNumber":24,"author":{"gitId":"bachletuankhai"},"content":"    }","lastModifiedDate":"2024-01-30"},{"lineNumber":25,"author":{"gitId":"bachletuankhai"},"content":"","lastModifiedDate":"2024-01-30"},{"lineNumber":26,"author":{"gitId":"bachletuankhai"},"content":"    public String serialize() {","lastModifiedDate":"2024-01-30"},{"lineNumber":27,"author":{"gitId":"bachletuankhai"},"content":"        return INPUT_FORMATTER.format(dateTime);","lastModifiedDate":"2024-01-30"},{"lineNumber":28,"author":{"gitId":"bachletuankhai"},"content":"    }","lastModifiedDate":"2024-01-30"},{"lineNumber":29,"author":{"gitId":"bachletuankhai"},"content":"}","lastModifiedDate":"2024-01-30"}],"authorContributionMap":{"bachletuankhai":29}},{"path":"src/main/java/Task/TaskList.java","fileType":"java","lines":[{"lineNumber":1,"author":{"gitId":"bachletuankhai"},"content":"package task;","lastModifiedDate":"2024-01-26"},{"lineNumber":2,"author":{"gitId":"bachletuankhai"},"content":"","lastModifiedDate":"2024-01-25"},{"lineNumber":3,"author":{"gitId":"bachletuankhai"},"content":"import java.util.ArrayList;","lastModifiedDate":"2024-01-25"},{"lineNumber":4,"author":{"gitId":"bachletuankhai"},"content":"import java.util.List;","lastModifiedDate":"2024-01-25"},{"lineNumber":5,"author":{"gitId":"bachletuankhai"},"content":"","lastModifiedDate":"2024-01-25"},{"lineNumber":6,"author":{"gitId":"bachletuankhai"},"content":"public class TaskList {","lastModifiedDate":"2024-01-25"},{"lineNumber":7,"author":{"gitId":"bachletuankhai"},"content":"    private List\u003cTask\u003e list;","lastModifiedDate":"2024-01-25"},{"lineNumber":8,"author":{"gitId":"bachletuankhai"},"content":"","lastModifiedDate":"2024-01-25"},{"lineNumber":9,"author":{"gitId":"bachletuankhai"},"content":"    public TaskList() {","lastModifiedDate":"2024-01-25"},{"lineNumber":10,"author":{"gitId":"bachletuankhai"},"content":"        this.list \u003d new ArrayList\u003c\u003e();","lastModifiedDate":"2024-01-25"},{"lineNumber":11,"author":{"gitId":"bachletuankhai"},"content":"    }","lastModifiedDate":"2024-01-25"},{"lineNumber":12,"author":{"gitId":"bachletuankhai"},"content":"","lastModifiedDate":"2024-01-25"},{"lineNumber":13,"author":{"gitId":"bachletuankhai"},"content":"    public boolean addTask(Task task) {","lastModifiedDate":"2024-01-25"},{"lineNumber":14,"author":{"gitId":"bachletuankhai"},"content":"        return list.add(task);","lastModifiedDate":"2024-01-25"},{"lineNumber":15,"author":{"gitId":"bachletuankhai"},"content":"    }","lastModifiedDate":"2024-01-25"},{"lineNumber":16,"author":{"gitId":"bachletuankhai"},"content":"","lastModifiedDate":"2024-01-25"},{"lineNumber":17,"author":{"gitId":"bachletuankhai"},"content":"    public Task deleteTask(int index) {","lastModifiedDate":"2024-01-25"},{"lineNumber":18,"author":{"gitId":"bachletuankhai"},"content":"        return list.remove(index - 1);","lastModifiedDate":"2024-01-25"},{"lineNumber":19,"author":{"gitId":"bachletuankhai"},"content":"    }","lastModifiedDate":"2024-01-25"},{"lineNumber":20,"author":{"gitId":"bachletuankhai"},"content":"","lastModifiedDate":"2024-01-25"},{"lineNumber":21,"author":{"gitId":"bachletuankhai"},"content":"    @Override","lastModifiedDate":"2024-01-25"},{"lineNumber":22,"author":{"gitId":"bachletuankhai"},"content":"    public String toString() {","lastModifiedDate":"2024-01-25"},{"lineNumber":23,"author":{"gitId":"bachletuankhai"},"content":"        StringBuilder sb \u003d new StringBuilder();","lastModifiedDate":"2024-01-25"},{"lineNumber":24,"author":{"gitId":"bachletuankhai"},"content":"        for (int i \u003d 0; i \u003c list.size(); i++) {","lastModifiedDate":"2024-01-25"},{"lineNumber":25,"author":{"gitId":"bachletuankhai"},"content":"            sb.append(i + 1 + \". \" + list.get(i) + \"\\n\");","lastModifiedDate":"2024-01-25"},{"lineNumber":26,"author":{"gitId":"bachletuankhai"},"content":"        }","lastModifiedDate":"2024-01-25"},{"lineNumber":27,"author":{"gitId":"bachletuankhai"},"content":"        return sb.toString();","lastModifiedDate":"2024-01-25"},{"lineNumber":28,"author":{"gitId":"bachletuankhai"},"content":"    }","lastModifiedDate":"2024-01-25"},{"lineNumber":29,"author":{"gitId":"bachletuankhai"},"content":"","lastModifiedDate":"2024-01-25"},{"lineNumber":30,"author":{"gitId":"bachletuankhai"},"content":"    public void markTaskAsDone(int index) {","lastModifiedDate":"2024-01-25"},{"lineNumber":31,"author":{"gitId":"bachletuankhai"},"content":"        list.get(index - 1).markAsDone();","lastModifiedDate":"2024-01-25"},{"lineNumber":32,"author":{"gitId":"bachletuankhai"},"content":"    }","lastModifiedDate":"2024-01-25"},{"lineNumber":33,"author":{"gitId":"bachletuankhai"},"content":"","lastModifiedDate":"2024-01-25"},{"lineNumber":34,"author":{"gitId":"bachletuankhai"},"content":"    public void unmarkTaskAsDone(int index) {","lastModifiedDate":"2024-01-25"},{"lineNumber":35,"author":{"gitId":"bachletuankhai"},"content":"        list.get(index - 1).unmarkAsDone();","lastModifiedDate":"2024-01-25"},{"lineNumber":36,"author":{"gitId":"bachletuankhai"},"content":"    }","lastModifiedDate":"2024-01-25"},{"lineNumber":37,"author":{"gitId":"bachletuankhai"},"content":"","lastModifiedDate":"2024-01-25"},{"lineNumber":38,"author":{"gitId":"bachletuankhai"},"content":"    public Task get(int index) {","lastModifiedDate":"2024-01-25"},{"lineNumber":39,"author":{"gitId":"bachletuankhai"},"content":"        return list.get(index);","lastModifiedDate":"2024-01-25"},{"lineNumber":40,"author":{"gitId":"bachletuankhai"},"content":"    }","lastModifiedDate":"2024-01-25"},{"lineNumber":41,"author":{"gitId":"bachletuankhai"},"content":"","lastModifiedDate":"2024-01-25"},{"lineNumber":42,"author":{"gitId":"bachletuankhai"},"content":"    public int size() {","lastModifiedDate":"2024-01-25"},{"lineNumber":43,"author":{"gitId":"bachletuankhai"},"content":"        return list.size();","lastModifiedDate":"2024-01-25"},{"lineNumber":44,"author":{"gitId":"bachletuankhai"},"content":"    }","lastModifiedDate":"2024-01-25"},{"lineNumber":45,"author":{"gitId":"bachletuankhai"},"content":"}","lastModifiedDate":"2024-01-25"}],"authorContributionMap":{"bachletuankhai":45}},{"path":"src/main/java/Task/TaskListParser.java","fileType":"java","lines":[{"lineNumber":1,"author":{"gitId":"bachletuankhai"},"content":"package task;","lastModifiedDate":"2024-01-28"},{"lineNumber":2,"author":{"gitId":"bachletuankhai"},"content":"","lastModifiedDate":"2024-01-28"},{"lineNumber":3,"author":{"gitId":"bachletuankhai"},"content":"import java.io.File;","lastModifiedDate":"2024-01-28"},{"lineNumber":4,"author":{"gitId":"bachletuankhai"},"content":"import java.io.BufferedReader;","lastModifiedDate":"2024-01-28"},{"lineNumber":5,"author":{"gitId":"bachletuankhai"},"content":"import java.io.FileReader;","lastModifiedDate":"2024-01-28"},{"lineNumber":6,"author":{"gitId":"bachletuankhai"},"content":"import java.io.FileWriter;","lastModifiedDate":"2024-01-28"},{"lineNumber":7,"author":{"gitId":"bachletuankhai"},"content":"import java.io.IOException;","lastModifiedDate":"2024-01-28"},{"lineNumber":8,"author":{"gitId":"bachletuankhai"},"content":"","lastModifiedDate":"2024-01-28"},{"lineNumber":9,"author":{"gitId":"bachletuankhai"},"content":"public class TaskListParser {","lastModifiedDate":"2024-01-28"},{"lineNumber":10,"author":{"gitId":"bachletuankhai"},"content":"    public static TaskList parse(File file) throws IOException, InvalidDataFormatException, DukeDateTimeParseException {","lastModifiedDate":"2024-01-30"},{"lineNumber":11,"author":{"gitId":"bachletuankhai"},"content":"        TaskList list \u003d new TaskList();","lastModifiedDate":"2024-01-28"},{"lineNumber":12,"author":{"gitId":"bachletuankhai"},"content":"        BufferedReader reader \u003d new BufferedReader(new FileReader(file));","lastModifiedDate":"2024-01-28"},{"lineNumber":13,"author":{"gitId":"bachletuankhai"},"content":"        String line;","lastModifiedDate":"2024-01-28"},{"lineNumber":14,"author":{"gitId":"bachletuankhai"},"content":"        while ((line \u003d reader.readLine()) !\u003d null) {","lastModifiedDate":"2024-01-28"},{"lineNumber":15,"author":{"gitId":"bachletuankhai"},"content":"            list.addTask(parseTask(line));","lastModifiedDate":"2024-01-28"},{"lineNumber":16,"author":{"gitId":"bachletuankhai"},"content":"        }","lastModifiedDate":"2024-01-28"},{"lineNumber":17,"author":{"gitId":"bachletuankhai"},"content":"        reader.close();","lastModifiedDate":"2024-01-28"},{"lineNumber":18,"author":{"gitId":"bachletuankhai"},"content":"        return list;","lastModifiedDate":"2024-01-28"},{"lineNumber":19,"author":{"gitId":"bachletuankhai"},"content":"    }","lastModifiedDate":"2024-01-28"},{"lineNumber":20,"author":{"gitId":"bachletuankhai"},"content":"","lastModifiedDate":"2024-01-28"},{"lineNumber":21,"author":{"gitId":"bachletuankhai"},"content":"    private static Task parseTask(String line) throws InvalidDataFormatException, DukeDateTimeParseException {","lastModifiedDate":"2024-01-30"},{"lineNumber":22,"author":{"gitId":"bachletuankhai"},"content":"        String[] words \u003d line.split(\" \\\\| \");","lastModifiedDate":"2024-01-28"},{"lineNumber":23,"author":{"gitId":"bachletuankhai"},"content":"        if (words.length \u003c 3)","lastModifiedDate":"2024-01-28"},{"lineNumber":24,"author":{"gitId":"bachletuankhai"},"content":"            throw new InvalidDataFormatException(\"Invalid task format: \" + line, \"Invalid task format: \" + line);","lastModifiedDate":"2024-01-28"},{"lineNumber":25,"author":{"gitId":"bachletuankhai"},"content":"        boolean isDone \u003d words[1].equals(\"1\");","lastModifiedDate":"2024-01-28"},{"lineNumber":26,"author":{"gitId":"bachletuankhai"},"content":"        switch (words[0]) {","lastModifiedDate":"2024-01-28"},{"lineNumber":27,"author":{"gitId":"bachletuankhai"},"content":"        case \"T\":","lastModifiedDate":"2024-01-28"},{"lineNumber":28,"author":{"gitId":"bachletuankhai"},"content":"            return new Todo(words[2], isDone);","lastModifiedDate":"2024-01-28"},{"lineNumber":29,"author":{"gitId":"bachletuankhai"},"content":"        case \"D\":","lastModifiedDate":"2024-01-28"},{"lineNumber":30,"author":{"gitId":"bachletuankhai"},"content":"            if (words.length \u003c 4)","lastModifiedDate":"2024-01-28"},{"lineNumber":31,"author":{"gitId":"bachletuankhai"},"content":"                throw new InvalidDataFormatException(\"Invalid task format: \" + line, \"Invalid task format: \" + line);","lastModifiedDate":"2024-01-28"},{"lineNumber":32,"author":{"gitId":"bachletuankhai"},"content":"            return new Deadline(words[2], words[3], isDone);","lastModifiedDate":"2024-01-28"},{"lineNumber":33,"author":{"gitId":"bachletuankhai"},"content":"        case \"E\":","lastModifiedDate":"2024-01-28"},{"lineNumber":34,"author":{"gitId":"bachletuankhai"},"content":"            if (words.length \u003c 5)","lastModifiedDate":"2024-01-28"},{"lineNumber":35,"author":{"gitId":"bachletuankhai"},"content":"                throw new InvalidDataFormatException(\"Invalid task format: \" + line, \"Invalid task format: \" + line);","lastModifiedDate":"2024-01-28"},{"lineNumber":36,"author":{"gitId":"bachletuankhai"},"content":"            return new Event(words[2], words[3], words[4], isDone);","lastModifiedDate":"2024-01-28"},{"lineNumber":37,"author":{"gitId":"bachletuankhai"},"content":"        default:","lastModifiedDate":"2024-01-28"},{"lineNumber":38,"author":{"gitId":"bachletuankhai"},"content":"            throw new InvalidDataFormatException(\"Unknown task type: \" + words[0], \"Unknown task type: \" + words[0]);","lastModifiedDate":"2024-01-28"},{"lineNumber":39,"author":{"gitId":"bachletuankhai"},"content":"        }","lastModifiedDate":"2024-01-28"},{"lineNumber":40,"author":{"gitId":"bachletuankhai"},"content":"    }","lastModifiedDate":"2024-01-28"},{"lineNumber":41,"author":{"gitId":"bachletuankhai"},"content":"","lastModifiedDate":"2024-01-28"},{"lineNumber":42,"author":{"gitId":"bachletuankhai"},"content":"    public static String serialize(TaskList list) {","lastModifiedDate":"2024-01-28"},{"lineNumber":43,"author":{"gitId":"bachletuankhai"},"content":"        StringBuilder sb \u003d new StringBuilder();","lastModifiedDate":"2024-01-28"},{"lineNumber":44,"author":{"gitId":"bachletuankhai"},"content":"        for (int i \u003d 0; i \u003c list.size(); i++) {","lastModifiedDate":"2024-01-28"},{"lineNumber":45,"author":{"gitId":"bachletuankhai"},"content":"            sb.append(serializeTask(list.get(i)) + \"\\n\");","lastModifiedDate":"2024-01-28"},{"lineNumber":46,"author":{"gitId":"bachletuankhai"},"content":"        }","lastModifiedDate":"2024-01-28"},{"lineNumber":47,"author":{"gitId":"bachletuankhai"},"content":"        return sb.toString();","lastModifiedDate":"2024-01-28"},{"lineNumber":48,"author":{"gitId":"bachletuankhai"},"content":"    }","lastModifiedDate":"2024-01-28"},{"lineNumber":49,"author":{"gitId":"bachletuankhai"},"content":"","lastModifiedDate":"2024-01-28"},{"lineNumber":50,"author":{"gitId":"bachletuankhai"},"content":"    private static String serializeTask(Task task) {","lastModifiedDate":"2024-01-28"},{"lineNumber":51,"author":{"gitId":"bachletuankhai"},"content":"        return task.serialize();","lastModifiedDate":"2024-01-28"},{"lineNumber":52,"author":{"gitId":"bachletuankhai"},"content":"    }","lastModifiedDate":"2024-01-28"},{"lineNumber":53,"author":{"gitId":"bachletuankhai"},"content":"","lastModifiedDate":"2024-01-28"},{"lineNumber":54,"author":{"gitId":"bachletuankhai"},"content":"    public static void writeToFile(TaskList list, File file) throws IOException {","lastModifiedDate":"2024-01-28"},{"lineNumber":55,"author":{"gitId":"bachletuankhai"},"content":"        if (!file.exists()) {","lastModifiedDate":"2024-01-28"},{"lineNumber":56,"author":{"gitId":"bachletuankhai"},"content":"            file.getParentFile().mkdirs();","lastModifiedDate":"2024-01-28"},{"lineNumber":57,"author":{"gitId":"bachletuankhai"},"content":"            file.createNewFile();","lastModifiedDate":"2024-01-28"},{"lineNumber":58,"author":{"gitId":"bachletuankhai"},"content":"        }","lastModifiedDate":"2024-01-28"},{"lineNumber":59,"author":{"gitId":"bachletuankhai"},"content":"        FileWriter writer \u003d new FileWriter(file, false);","lastModifiedDate":"2024-01-28"},{"lineNumber":60,"author":{"gitId":"bachletuankhai"},"content":"        writer.write(serialize(list));","lastModifiedDate":"2024-01-28"},{"lineNumber":61,"author":{"gitId":"bachletuankhai"},"content":"        writer.close();","lastModifiedDate":"2024-01-28"},{"lineNumber":62,"author":{"gitId":"bachletuankhai"},"content":"    }","lastModifiedDate":"2024-01-28"},{"lineNumber":63,"author":{"gitId":"bachletuankhai"},"content":"}","lastModifiedDate":"2024-01-28"}],"authorContributionMap":{"bachletuankhai":63}},{"path":"src/main/java/Task/Todo.java","fileType":"java","lines":[{"lineNumber":1,"author":{"gitId":"bachletuankhai"},"content":"package task;","lastModifiedDate":"2024-01-26"},{"lineNumber":2,"author":{"gitId":"bachletuankhai"},"content":"","lastModifiedDate":"2024-01-25"},{"lineNumber":3,"author":{"gitId":"bachletuankhai"},"content":"public class Todo extends Task {","lastModifiedDate":"2024-01-25"},{"lineNumber":4,"author":{"gitId":"bachletuankhai"},"content":"    public Todo(String description) {","lastModifiedDate":"2024-01-25"},{"lineNumber":5,"author":{"gitId":"bachletuankhai"},"content":"        super(description);","lastModifiedDate":"2024-01-25"},{"lineNumber":6,"author":{"gitId":"bachletuankhai"},"content":"    }","lastModifiedDate":"2024-01-25"},{"lineNumber":7,"author":{"gitId":"bachletuankhai"},"content":"","lastModifiedDate":"2024-01-25"},{"lineNumber":8,"author":{"gitId":"bachletuankhai"},"content":"    public Todo(String description, boolean isDone) {","lastModifiedDate":"2024-01-28"},{"lineNumber":9,"author":{"gitId":"bachletuankhai"},"content":"        super(description, isDone);","lastModifiedDate":"2024-01-28"},{"lineNumber":10,"author":{"gitId":"bachletuankhai"},"content":"    }","lastModifiedDate":"2024-01-28"},{"lineNumber":11,"author":{"gitId":"bachletuankhai"},"content":"","lastModifiedDate":"2024-01-28"},{"lineNumber":12,"author":{"gitId":"bachletuankhai"},"content":"    @Override","lastModifiedDate":"2024-01-25"},{"lineNumber":13,"author":{"gitId":"bachletuankhai"},"content":"    public String toString() {","lastModifiedDate":"2024-01-25"},{"lineNumber":14,"author":{"gitId":"bachletuankhai"},"content":"        return \"[T]\" + super.toString();","lastModifiedDate":"2024-01-25"},{"lineNumber":15,"author":{"gitId":"bachletuankhai"},"content":"    }","lastModifiedDate":"2024-01-25"},{"lineNumber":16,"author":{"gitId":"bachletuankhai"},"content":"","lastModifiedDate":"2024-01-27"},{"lineNumber":17,"author":{"gitId":"bachletuankhai"},"content":"    @Override","lastModifiedDate":"2024-01-27"},{"lineNumber":18,"author":{"gitId":"bachletuankhai"},"content":"    public String serialize() {","lastModifiedDate":"2024-01-27"},{"lineNumber":19,"author":{"gitId":"bachletuankhai"},"content":"        return \"T | \" + super.serialize();","lastModifiedDate":"2024-01-27"},{"lineNumber":20,"author":{"gitId":"bachletuankhai"},"content":"    }","lastModifiedDate":"2024-01-27"},{"lineNumber":21,"author":{"gitId":"bachletuankhai"},"content":"}","lastModifiedDate":"2024-01-25"}],"authorContributionMap":{"bachletuankhai":21}},{"path":"src/main/java/Task/TodoCommand.java","fileType":"java","lines":[{"lineNumber":1,"author":{"gitId":"bachletuankhai"},"content":"package task;","lastModifiedDate":"2024-01-26"},{"lineNumber":2,"author":{"gitId":"bachletuankhai"},"content":"","lastModifiedDate":"2024-01-25"},{"lineNumber":3,"author":{"gitId":"bachletuankhai"},"content":"public class TodoCommand extends Command {","lastModifiedDate":"2024-01-25"},{"lineNumber":4,"author":{"gitId":"bachletuankhai"},"content":"    public TodoCommand(String body) {","lastModifiedDate":"2024-01-25"},{"lineNumber":5,"author":{"gitId":"bachletuankhai"},"content":"        super(body);","lastModifiedDate":"2024-01-25"},{"lineNumber":6,"author":{"gitId":"bachletuankhai"},"content":"    }","lastModifiedDate":"2024-01-25"},{"lineNumber":7,"author":{"gitId":"bachletuankhai"},"content":"","lastModifiedDate":"2024-01-25"},{"lineNumber":8,"author":{"gitId":"bachletuankhai"},"content":"    public boolean execute(TaskList list) throws DukeException {","lastModifiedDate":"2024-01-25"},{"lineNumber":9,"author":{"gitId":"bachletuankhai"},"content":"        String body \u003d getBody();","lastModifiedDate":"2024-01-25"},{"lineNumber":10,"author":{"gitId":"bachletuankhai"},"content":"        if (body.isEmpty()) {","lastModifiedDate":"2024-01-25"},{"lineNumber":11,"author":{"gitId":"bachletuankhai"},"content":"            throw new DukeException(\"The description of a todo cannot be empty.\",","lastModifiedDate":"2024-01-25"},{"lineNumber":12,"author":{"gitId":"bachletuankhai"},"content":"                    \"Sorry, you need to tell me what you want to add. I can\u0027t add empty tasks.\");","lastModifiedDate":"2024-01-25"},{"lineNumber":13,"author":{"gitId":"bachletuankhai"},"content":"        }","lastModifiedDate":"2024-01-25"},{"lineNumber":14,"author":{"gitId":"bachletuankhai"},"content":"        Task task \u003d new Todo(body);","lastModifiedDate":"2024-01-25"},{"lineNumber":15,"author":{"gitId":"bachletuankhai"},"content":"        list.addTask(task);","lastModifiedDate":"2024-01-25"},{"lineNumber":16,"author":{"gitId":"bachletuankhai"},"content":"        System.out.println(\"Added: \" + task + \"\\nYou now have \" + list.size() + \" tasks in the list.\");","lastModifiedDate":"2024-01-25"},{"lineNumber":17,"author":{"gitId":"bachletuankhai"},"content":"        return true;","lastModifiedDate":"2024-01-25"},{"lineNumber":18,"author":{"gitId":"bachletuankhai"},"content":"    }","lastModifiedDate":"2024-01-25"},{"lineNumber":19,"author":{"gitId":"bachletuankhai"},"content":"}","lastModifiedDate":"2024-01-25"}],"authorContributionMap":{"bachletuankhai":19}},{"path":"src/main/java/Task/UnknownCommandException.java","fileType":"java","lines":[{"lineNumber":1,"author":{"gitId":"bachletuankhai"},"content":"package task;","lastModifiedDate":"2024-01-26"},{"lineNumber":2,"author":{"gitId":"bachletuankhai"},"content":"","lastModifiedDate":"2024-01-25"},{"lineNumber":3,"author":{"gitId":"bachletuankhai"},"content":"public class UnknownCommandException extends DukeException {","lastModifiedDate":"2024-01-25"},{"lineNumber":4,"author":{"gitId":"bachletuankhai"},"content":"    public UnknownCommandException(String message, String botMessage) {","lastModifiedDate":"2024-01-25"},{"lineNumber":5,"author":{"gitId":"bachletuankhai"},"content":"        super(message, botMessage);","lastModifiedDate":"2024-01-25"},{"lineNumber":6,"author":{"gitId":"bachletuankhai"},"content":"    }","lastModifiedDate":"2024-01-25"},{"lineNumber":7,"author":{"gitId":"bachletuankhai"},"content":"}","lastModifiedDate":"2024-01-25"}],"authorContributionMap":{"bachletuankhai":7}},{"path":"src/main/java/Task/UnmarkCommand.java","fileType":"java","lines":[{"lineNumber":1,"author":{"gitId":"bachletuankhai"},"content":"package task;","lastModifiedDate":"2024-01-26"},{"lineNumber":2,"author":{"gitId":"bachletuankhai"},"content":"","lastModifiedDate":"2024-01-25"},{"lineNumber":3,"author":{"gitId":"bachletuankhai"},"content":"public class UnmarkCommand extends Command {","lastModifiedDate":"2024-01-25"},{"lineNumber":4,"author":{"gitId":"bachletuankhai"},"content":"    public UnmarkCommand(String body) {","lastModifiedDate":"2024-01-25"},{"lineNumber":5,"author":{"gitId":"bachletuankhai"},"content":"        super(body);","lastModifiedDate":"2024-01-25"},{"lineNumber":6,"author":{"gitId":"bachletuankhai"},"content":"    }","lastModifiedDate":"2024-01-25"},{"lineNumber":7,"author":{"gitId":"bachletuankhai"},"content":"","lastModifiedDate":"2024-01-25"},{"lineNumber":8,"author":{"gitId":"bachletuankhai"},"content":"    public boolean execute(TaskList list) throws DukeException {","lastModifiedDate":"2024-01-25"},{"lineNumber":9,"author":{"gitId":"bachletuankhai"},"content":"        String body \u003d getBody();","lastModifiedDate":"2024-01-25"},{"lineNumber":10,"author":{"gitId":"bachletuankhai"},"content":"        if (body.isEmpty()) {","lastModifiedDate":"2024-01-25"},{"lineNumber":11,"author":{"gitId":"bachletuankhai"},"content":"            throw new InvalidTaskIndexException(\"The index of a task cannot be empty.\",","lastModifiedDate":"2024-01-25"},{"lineNumber":12,"author":{"gitId":"bachletuankhai"},"content":"                    \"Sorry, but I don\u0027t know which task you want to mark as undone.\");","lastModifiedDate":"2024-01-25"},{"lineNumber":13,"author":{"gitId":"bachletuankhai"},"content":"        }","lastModifiedDate":"2024-01-25"},{"lineNumber":14,"author":{"gitId":"bachletuankhai"},"content":"        int index \u003d Integer.parseInt(body);","lastModifiedDate":"2024-01-25"},{"lineNumber":15,"author":{"gitId":"bachletuankhai"},"content":"        if (index \u003c 1 || index \u003e list.size()) {","lastModifiedDate":"2024-01-25"},{"lineNumber":16,"author":{"gitId":"bachletuankhai"},"content":"            throw new InvalidTaskIndexException(","lastModifiedDate":"2024-01-25"},{"lineNumber":17,"author":{"gitId":"bachletuankhai"},"content":"                    \"The index of a task cannot be less than 1 or greater than the number of tasks.\",","lastModifiedDate":"2024-01-25"},{"lineNumber":18,"author":{"gitId":"bachletuankhai"},"content":"                    \"Sorry, but task number \" + index + \" does not exist. You only have \" + list.size() + \" tasks.\");","lastModifiedDate":"2024-01-25"},{"lineNumber":19,"author":{"gitId":"bachletuankhai"},"content":"        }","lastModifiedDate":"2024-01-25"},{"lineNumber":20,"author":{"gitId":"bachletuankhai"},"content":"        list.unmarkTaskAsDone(index);","lastModifiedDate":"2024-01-25"},{"lineNumber":21,"author":{"gitId":"bachletuankhai"},"content":"        System.out.println(\"Undone: \" + list.get(index - 1));","lastModifiedDate":"2024-01-25"},{"lineNumber":22,"author":{"gitId":"bachletuankhai"},"content":"        return true;","lastModifiedDate":"2024-01-25"},{"lineNumber":23,"author":{"gitId":"bachletuankhai"},"content":"    }","lastModifiedDate":"2024-01-25"},{"lineNumber":24,"author":{"gitId":"bachletuankhai"},"content":"}","lastModifiedDate":"2024-01-25"}],"authorContributionMap":{"bachletuankhai":24}},{"path":"text-ui-test/input.txt","fileType":"txt","lines":[{"lineNumber":1,"author":{"gitId":"bachletuankhai"},"content":"todo sleep","lastModifiedDate":"2024-01-25"},{"lineNumber":2,"author":{"gitId":"bachletuankhai"},"content":"deadline cs2103 /by 2023-09-01 23:59","lastModifiedDate":"2024-01-30"},{"lineNumber":3,"author":{"gitId":"bachletuankhai"},"content":"event cs2101 meeting /from 2024-09-12 14:00 /to 2024-09-12 15:00","lastModifiedDate":"2024-01-30"},{"lineNumber":4,"author":{"gitId":"bachletuankhai"},"content":"list","lastModifiedDate":"2024-01-25"},{"lineNumber":5,"author":{"gitId":"bachletuankhai"},"content":"hi","lastModifiedDate":"2024-01-25"},{"lineNumber":6,"author":{"gitId":"bachletuankhai"},"content":"bruh","lastModifiedDate":"2024-01-25"},{"lineNumber":7,"author":{"gitId":"bachletuankhai"},"content":"delete 1","lastModifiedDate":"2024-01-25"},{"lineNumber":8,"author":{"gitId":"bachletuankhai"},"content":"list","lastModifiedDate":"2024-01-25"},{"lineNumber":9,"author":{"gitId":"bachletuankhai"},"content":"bye","lastModifiedDate":"2024-01-25"}],"authorContributionMap":{"bachletuankhai":9}},{"path":"text-ui-test/runtest.sh","fileType":"sh","lines":[{"lineNumber":1,"author":{"gitId":"-"},"content":"#!/usr/bin/env bash","lastModifiedDate":"2020-05-25"},{"lineNumber":2,"author":{"gitId":"bachletuankhai"},"content":"# Change the current directory to the directory of this script","lastModifiedDate":"2024-01-26"},{"lineNumber":3,"author":{"gitId":"bachletuankhai"},"content":"pushd \"$(dirname \"$0\")\" \u003e/dev/null","lastModifiedDate":"2024-01-26"},{"lineNumber":4,"author":{"gitId":"-"},"content":"","lastModifiedDate":"2020-05-25"},{"lineNumber":5,"author":{"gitId":"-"},"content":"# create bin directory if it doesn\u0027t exist","lastModifiedDate":"2020-05-25"},{"lineNumber":6,"author":{"gitId":"-"},"content":"if [ ! -d \"../bin\" ]","lastModifiedDate":"2020-05-25"},{"lineNumber":7,"author":{"gitId":"-"},"content":"then","lastModifiedDate":"2020-05-25"},{"lineNumber":8,"author":{"gitId":"-"},"content":"    mkdir ../bin","lastModifiedDate":"2020-05-25"},{"lineNumber":9,"author":{"gitId":"-"},"content":"fi","lastModifiedDate":"2020-05-25"},{"lineNumber":10,"author":{"gitId":"-"},"content":"","lastModifiedDate":"2020-05-25"},{"lineNumber":11,"author":{"gitId":"-"},"content":"# delete output from previous run","lastModifiedDate":"2020-05-25"},{"lineNumber":12,"author":{"gitId":"-"},"content":"if [ -e \"./ACTUAL.TXT\" ]","lastModifiedDate":"2020-05-25"},{"lineNumber":13,"author":{"gitId":"-"},"content":"then","lastModifiedDate":"2020-05-25"},{"lineNumber":14,"author":{"gitId":"-"},"content":"    rm ACTUAL.TXT","lastModifiedDate":"2020-05-25"},{"lineNumber":15,"author":{"gitId":"-"},"content":"fi","lastModifiedDate":"2020-05-25"},{"lineNumber":16,"author":{"gitId":"-"},"content":"","lastModifiedDate":"2020-05-25"},{"lineNumber":17,"author":{"gitId":"-"},"content":"# compile the code into the bin folder, terminates if error occurred","lastModifiedDate":"2020-05-25"},{"lineNumber":18,"author":{"gitId":"bachletuankhai"},"content":"if ! F:/Misc/jdk-11.0.17/bin/javac.exe -cp ../src/main/java -Xlint:none -d ../bin ../src/main/java/*.java","lastModifiedDate":"2024-01-25"},{"lineNumber":19,"author":{"gitId":"-"},"content":"then","lastModifiedDate":"2020-05-25"},{"lineNumber":20,"author":{"gitId":"-"},"content":"    echo \"********** BUILD FAILURE **********\"","lastModifiedDate":"2020-05-25"},{"lineNumber":21,"author":{"gitId":"-"},"content":"    exit 1","lastModifiedDate":"2020-05-25"},{"lineNumber":22,"author":{"gitId":"-"},"content":"fi","lastModifiedDate":"2020-05-25"},{"lineNumber":23,"author":{"gitId":"-"},"content":"","lastModifiedDate":"2020-05-25"},{"lineNumber":24,"author":{"gitId":"-"},"content":"# run the program, feed commands from input.txt file and redirect the output to the ACTUAL.TXT","lastModifiedDate":"2020-05-25"},{"lineNumber":25,"author":{"gitId":"bachletuankhai"},"content":"F:/Misc/jdk-11.0.17/bin/java.exe -classpath ../bin Duke \u003c input.txt \u003e ACTUAL.TXT","lastModifiedDate":"2024-01-25"},{"lineNumber":26,"author":{"gitId":"-"},"content":"","lastModifiedDate":"2020-05-25"},{"lineNumber":27,"author":{"gitId":"bachletuankhai"},"content":"# copy generated data and delete the generated data folder","lastModifiedDate":"2024-01-30"},{"lineNumber":28,"author":{"gitId":"bachletuankhai"},"content":"mv ./data/duke.txt ./OUT-DATA.txt","lastModifiedDate":"2024-01-30"},{"lineNumber":29,"author":{"gitId":"bachletuankhai"},"content":"rm -r ./data","lastModifiedDate":"2024-01-30"},{"lineNumber":30,"author":{"gitId":"-"},"content":"","lastModifiedDate":"2024-01-30"},{"lineNumber":31,"author":{"gitId":"-"},"content":"# convert to UNIX format","lastModifiedDate":"2020-05-25"},{"lineNumber":32,"author":{"gitId":"-"},"content":"cp EXPECTED.TXT EXPECTED-UNIX.TXT","lastModifiedDate":"2020-05-25"},{"lineNumber":33,"author":{"gitId":"-"},"content":"dos2unix ACTUAL.TXT EXPECTED-UNIX.TXT","lastModifiedDate":"2020-05-25"},{"lineNumber":34,"author":{"gitId":"-"},"content":"","lastModifiedDate":"2020-05-25"},{"lineNumber":35,"author":{"gitId":"-"},"content":"# compare the output to the expected output","lastModifiedDate":"2020-05-25"},{"lineNumber":36,"author":{"gitId":"-"},"content":"diff ACTUAL.TXT EXPECTED-UNIX.TXT","lastModifiedDate":"2020-05-25"},{"lineNumber":37,"author":{"gitId":"-"},"content":"if [ $? -eq 0 ]","lastModifiedDate":"2020-05-25"},{"lineNumber":38,"author":{"gitId":"-"},"content":"then","lastModifiedDate":"2020-05-25"},{"lineNumber":39,"author":{"gitId":"-"},"content":"    echo \"Test result: PASSED\"","lastModifiedDate":"2020-05-25"},{"lineNumber":40,"author":{"gitId":"bachletuankhai"},"content":"    # Change back to the original directory","lastModifiedDate":"2024-01-30"},{"lineNumber":41,"author":{"gitId":"bachletuankhai"},"content":"    popd \u003e /dev/null","lastModifiedDate":"2024-01-30"},{"lineNumber":42,"author":{"gitId":"-"},"content":"    exit 0","lastModifiedDate":"2020-05-25"},{"lineNumber":43,"author":{"gitId":"-"},"content":"else","lastModifiedDate":"2020-05-25"},{"lineNumber":44,"author":{"gitId":"-"},"content":"    echo \"Test result: FAILED\"","lastModifiedDate":"2020-05-25"},{"lineNumber":45,"author":{"gitId":"bachletuankhai"},"content":"    # Change back to the original directory","lastModifiedDate":"2024-01-30"},{"lineNumber":46,"author":{"gitId":"bachletuankhai"},"content":"    popd \u003e /dev/null","lastModifiedDate":"2024-01-30"},{"lineNumber":47,"author":{"gitId":"-"},"content":"    exit 1","lastModifiedDate":"2020-05-25"},{"lineNumber":48,"author":{"gitId":"-"},"content":"fi","lastModifiedDate":"2020-05-25"},{"lineNumber":49,"author":{"gitId":"bachletuankhai"},"content":"","lastModifiedDate":"2024-01-26"}],"authorContributionMap":{"bachletuankhai":12,"-":37}}]
