{"authorDailyContributionsMap":{"bachletuankhai":[{"date":"2024-01-24","commitResults":[{"hash":"98f0cceae3a7d6f02640996dd90667088ad99a13","isMergeCommit":false,"messageTitle":"Change name to Sylvia, add greetings and exit lines","messageBody":"","tags":["Level-0"],"fileTypesAndContributionMap":{"java":{"insertions":4,"deletions":6}}}]},{"date":"2024-01-25","commitResults":[{"hash":"2f1d4f776095410bac1e833242bbc0724ad7cee8","isMergeCommit":false,"messageTitle":"Add greet() and exit() methods","messageBody":"","fileTypesAndContributionMap":{"java":{"insertions":13,"deletions":2}}},{"hash":"44bd28e5ed6eee78861a0890150ad9de9ea23cf6","isMergeCommit":false,"messageTitle":"Add quit functionality and echo user input","messageBody":"","tags":["Level-1"],"fileTypesAndContributionMap":{"java":{"insertions":36,"deletions":1}}},{"hash":"daf9131d2303c42e6ccbf6a6bcbe2d43944d2fe1","isMergeCommit":false,"messageTitle":"Replace static methods with non-static; add adding and listing items feature","messageBody":"","tags":["Level-2"],"fileTypesAndContributionMap":{"java":{"insertions":66,"deletions":42}}},{"hash":"631b47e314f9f702fa83accf6ecd7595ed8631c2","isMergeCommit":false,"messageTitle":"Add Task and TaskList classes","messageBody":"","fileTypesAndContributionMap":{"java":{"insertions":58,"deletions":0}}},{"hash":"4beaa27623b9fef8fe5a709c14e997be36c41e39","isMergeCommit":false,"messageTitle":"Add adding and mark/unmarking tasks function","messageBody":"","tags":["Level-3"],"fileTypesAndContributionMap":{"java":{"insertions":42,"deletions":11}}},{"hash":"aad60ace74f9f95af41bcc1ab2cde93f47bb2fdc","isMergeCommit":false,"messageTitle":"Add Deadline class for task with due date","messageBody":"","fileTypesAndContributionMap":{"java":{"insertions":13,"deletions":0}}},{"hash":"2ab222bb77c62ab07d8038f81e40ed0c3a994399","isMergeCommit":false,"messageTitle":"Add Event class for tasks with start time and end time","messageBody":"","fileTypesAndContributionMap":{"java":{"insertions":15,"deletions":0}}},{"hash":"aaee36feda7433213902e7f1c5e9288bd7963c96","isMergeCommit":false,"messageTitle":"Add Todo class","messageBody":"","fileTypesAndContributionMap":{"java":{"insertions":10,"deletions":0}}},{"hash":"5a8a288d1a8528ee3c61d552d6a15db25ee74416","isMergeCommit":false,"messageTitle":"Group task-related classes into Task package","messageBody":"","fileTypesAndContributionMap":{"java":{"insertions":13,"deletions":0}}},{"hash":"a7b9a635aeb305d4e06f4b133a66e3f4ae6345f1","isMergeCommit":false,"messageTitle":"Add size() method to TaskList class","messageBody":"","fileTypesAndContributionMap":{"java":{"insertions":4,"deletions":0}}},{"hash":"bf65d26acd3e490ca42bc7e577f5a0705524d628","isMergeCommit":false,"messageTitle":"Add AddCommand class","messageBody":"","fileTypesAndContributionMap":{"java":{"insertions":14,"deletions":0}}},{"hash":"cec125251e8dd39e6e9c5624208698610f033266","isMergeCommit":false,"messageTitle":"Add new command classes for Deadline, Event, Exit, List, Mark, Todo, and Unmark","messageBody":"","fileTypesAndContributionMap":{"java":{"insertions":105,"deletions":0}}},{"hash":"a358b098b24fb9c89a2d4be9361df24f95fd8110","isMergeCommit":false,"messageTitle":"Add Command class and implement abstract methods","messageBody":"","fileTypesAndContributionMap":{"java":{"insertions":36,"deletions":0}}},{"hash":"d4602ee43f64db6617738c8061d060aad5b94cac","isMergeCommit":false,"messageTitle":"Refactor execute method to return loop signal and print messages","messageBody":"","fileTypesAndContributionMap":{"java":{"insertions":25,"deletions":17}}},{"hash":"d1036c71c9e8d299f7ddf30390f7daed820e7565","isMergeCommit":false,"messageTitle":"Add Command class for handling user input; add task types handling feature","messageBody":"","tags":["Level-4"],"fileTypesAndContributionMap":{"java":{"insertions":11,"deletions":17}}},{"hash":"b6ec149a2c9c7c1ecb8b98282dc1e49a10af98d0","isMergeCommit":false,"messageTitle":"Refactor Duke class by removing unused methods","messageBody":"","fileTypesAndContributionMap":{"java":{"insertions":0,"deletions":59}}},{"hash":"4e707ae62e9eaaabf288d5ffce8d775b9497e6ce","isMergeCommit":false,"messageTitle":"Update Java compiler and runtime paths","messageBody":"","fileTypesAndContributionMap":{"sh":{"insertions":2,"deletions":2}}},{"hash":"fa3d8c3e8f9f0efd40e02b9091358d56ea58fed9","isMergeCommit":false,"messageTitle":"Add new test case","messageBody":"","tags":["A-TextUiTesting"],"fileTypesAndContributionMap":{"txt":{"insertions":5,"deletions":0}}},{"hash":"f29e413fce9942406acdd9773646f23bb160616d","isMergeCommit":false,"messageTitle":"Add DukeException class to handle custom exceptions","messageBody":"","fileTypesAndContributionMap":{"java":{"insertions":14,"deletions":0}}},{"hash":"7fb039449c6be2a7377ee4e21a199feef6b531bf","isMergeCommit":false,"messageTitle":"Add error handling for chatbot-specific errors","messageBody":"","fileTypesAndContributionMap":{"java":{"insertions":8,"deletions":1}}},{"hash":"971dc283eee27c777040bb1e367cf26183f23fd3","isMergeCommit":false,"messageTitle":"Add DukeException to handle unknown command, replacing default adding function","messageBody":"","fileTypesAndContributionMap":{"java":{"insertions":4,"deletions":3}}},{"hash":"189205d0c574d75b73989c03b61966ce414d9dd7","isMergeCommit":false,"messageTitle":"Add exception handling for empty todo description","messageBody":"","fileTypesAndContributionMap":{"java":{"insertions":6,"deletions":2}}},{"hash":"04f1336508dac3545a24868f32a27ac53b4af0b1","isMergeCommit":false,"messageTitle":"Add exception handling for empty task descriptions and due times","messageBody":"","fileTypesAndContributionMap":{"java":{"insertions":19,"deletions":2}}},{"hash":"8f4c75bb521f390031eb592e64a20ada66f8d5c4","isMergeCommit":false,"messageTitle":"Add exception handling for empty and invalid task indices","messageBody":"","tags":["Level-5"],"fileTypesAndContributionMap":{"java":{"insertions":18,"deletions":2}}},{"hash":"bfd8ad21de7643fd3af84f35eaefc678fe5ac271","isMergeCommit":false,"messageTitle":"Add deleting tasks function","messageBody":"","tags":["Level-6"],"fileTypesAndContributionMap":{"txt":{"insertions":4,"deletions":0},"java":{"insertions":29,"deletions":0}}},{"hash":"ea80e9fdb95324cbdb12dc9e85e8e8eed7e5c5f0","isMergeCommit":false,"messageTitle":"Add custom exception classes","messageBody":"","fileTypesAndContributionMap":{"java":{"insertions":28,"deletions":0}}},{"hash":"7e7900fd812c0558f636d72c9615759c531bfe8a","isMergeCommit":false,"messageTitle":"Fix exception names in Command classes","messageBody":"","fileTypesAndContributionMap":{"java":{"insertions":15,"deletions":12}}}]},{"date":"2024-01-26","commitResults":[{"hash":"416c646ca33311ffaf580fd108b4e2e06ccf1c4e","isMergeCommit":false,"messageTitle":"Refactor code formatting and package naming","messageBody":"","fileTypesAndContributionMap":{"java":{"insertions":322,"deletions":322}}},{"hash":"d5c4129fbff4ac67629ae9d1fa4d74d8f92db919","isMergeCommit":false,"messageTitle":"Add run() method to simulate chatbot behaviour and refactor main method","messageBody":"","fileTypesAndContributionMap":{"java":{"insertions":30,"deletions":17}}},{"hash":"4c374dae4445ad173c2c10a5272c4dee9d7673a4","isMergeCommit":false,"messageTitle":"Fix infinite loop bug","messageBody":"","fileTypesAndContributionMap":{"java":{"insertions":5,"deletions":3}}},{"hash":"c6969d848a1408ddc4cbfb5edfd91d2f693ea777","isMergeCommit":false,"messageTitle":"Add directory change in runtest.sh script","messageBody":"","fileTypesAndContributionMap":{"sh":{"insertions":6,"deletions":1}}},{"hash":"3e2c7e3a0fcf3b752657cfd533e1a2df01cb550f","isMergeCommit":false,"messageTitle":"Remove unused class AddCommand","messageBody":"","fileTypesAndContributionMap":{"java":{"insertions":0,"deletions":15}}}]},{"date":"2024-01-27","commitResults":[{"hash":"7b5ed0071863fa2921302a7e6c1f96532afcb6ab","isMergeCommit":false,"messageTitle":"Add InvalidDataFormatException class","messageBody":"","fileTypesAndContributionMap":{"java":{"insertions":7,"deletions":0}}},{"hash":"4b7b04ae4c738df8c5bbbf12904691f046e7cb54","isMergeCommit":false,"messageTitle":"Add serialize() method to Task classes","messageBody":"","fileTypesAndContributionMap":{"java":{"insertions":27,"deletions":1}}}]},{"date":"2024-01-28","commitResults":[{"hash":"656b82de46b8e9a083d2233fbc2aeaaef72758d0","isMergeCommit":false,"messageTitle":"Add constructors with isDone to Deadline, Event, and Todo classes","messageBody":"","fileTypesAndContributionMap":{"java":{"insertions":21,"deletions":0}}},{"hash":"e72006890ceeba6f19d0b4367d9011237d5ec10e","isMergeCommit":false,"messageTitle":"Add reading and writing data to text file functionality","messageBody":"","fileTypesAndContributionMap":{"java":{"insertions":104,"deletions":1}}},{"hash":"6e1b335cb0f2e22897199ac0e8c91027ca2da154","isMergeCommit":false,"messageTitle":"Simplify parsing regex string","messageBody":"","fileTypesAndContributionMap":{"java":{"insertions":3,"deletions":4}}},{"hash":"d9e30c9b10ef7e523bb0274545c9e02af4e28c08","isMergeCommit":false,"messageTitle":"Add dataPath and curDir variables for error message","messageBody":"","fileTypesAndContributionMap":{"java":{"insertions":12,"deletions":4}}},{"hash":"f922167b5e709b3afb8017571759d29db72c87ee","isMergeCommit":true,"messageTitle":"Merge branch \u0027branch-Level-7\u0027","messageBody":"","tags":["Level-7"],"fileTypesAndContributionMap":{}}]},{"date":"2024-01-30","commitResults":[{"hash":"e69a6da0f048ca3882ca8a5509e8aec2f1e24aa5","isMergeCommit":false,"messageTitle":"Add TaskDateTime class for handling task date and time","messageBody":"","fileTypesAndContributionMap":{"java":{"insertions":24,"deletions":0}}},{"hash":"7e13a72ee650564d191c359bdc4c4e389ba160f9","isMergeCommit":false,"messageTitle":"Refactor Task classes to use TaskDateTime","messageBody":"","fileTypesAndContributionMap":{"java":{"insertions":12,"deletions":12}}},{"hash":"46f6ebc56c801ecec38d56c4aee5f6b5573d7f38","isMergeCommit":false,"messageTitle":"Add OUT-DATA.TXT to .gitignore and update runtest.sh","messageBody":"","fileTypesAndContributionMap":{"sh":{"insertions":8,"deletions":2}}},{"hash":"d5214f67f20ae4dea5433685f01253b1ce4feaea","isMergeCommit":false,"messageTitle":"Update task deadlines and event timings format","messageBody":"","fileTypesAndContributionMap":{"txt":{"insertions":2,"deletions":2}}},{"hash":"4c221ca9a8c0eb81758587477ece7c0250a35bfd","isMergeCommit":false,"messageTitle":"Add exception class for handling wrong date format","messageBody":"","fileTypesAndContributionMap":{"java":{"insertions":15,"deletions":3}}},{"hash":"53f6cc98f1bda086473717e7a212598ba522f1dd","isMergeCommit":false,"messageTitle":"Refactor exception handling","messageBody":"","fileTypesAndContributionMap":{"java":{"insertions":8,"deletions":7}}},{"hash":"7841795021fe25acefe822a503615ae942328087","isMergeCommit":false,"messageTitle":"Remove unused import","messageBody":"","fileTypesAndContributionMap":{"java":{"insertions":0,"deletions":1}}},{"hash":"3995e808aedc20b5f5bef328085942527d8e417f","isMergeCommit":true,"messageTitle":"Merge branch \u0027branch-Level-8\u0027","messageBody":"","tags":["Level-8"],"fileTypesAndContributionMap":{}},{"hash":"0b145a0c72b8dd48355e70562d4ee933df235d2c","isMergeCommit":false,"messageTitle":"Add CommandParser class","messageBody":"","fileTypesAndContributionMap":{"java":{"insertions":35,"deletions":25}}},{"hash":"9fe15bf8b1af765fdb71001e12725c0572bc2276","isMergeCommit":false,"messageTitle":"Add Storage class and its exceptions","messageBody":"","fileTypesAndContributionMap":{"java":{"insertions":56,"deletions":0},"sh":{"insertions":2,"deletions":2}}},{"hash":"9b23d4c9fed91854bd9a92ae2f27f0b12322ce98","isMergeCommit":false,"messageTitle":"Refactor Duke class to use Storage","messageBody":"","fileTypesAndContributionMap":{"java":{"insertions":13,"deletions":33}}}]},{"date":"2024-01-31","commitResults":[{"hash":"3facf02b7a26df7145fa35185c5bf58c88c1cc5d","isMergeCommit":false,"messageTitle":"Add ProgramState class to handle program state","messageBody":"","fileTypesAndContributionMap":{"java":{"insertions":25,"deletions":0}}},{"hash":"e2490ba1b094b0888c2f97414e9d614cf197c351","isMergeCommit":false,"messageTitle":"Remove unnecessary print statement","messageBody":"","fileTypesAndContributionMap":{"java":{"insertions":0,"deletions":1}}},{"hash":"dfc32907641d97764598fa30ebc30daa9ea4e172","isMergeCommit":false,"messageTitle":"Add UI class and refactor Duke class","messageBody":"","fileTypesAndContributionMap":{"java":{"insertions":64,"deletions":46}}},{"hash":"ab8af55b503694ed557b72ffe351350ee263e416","isMergeCommit":false,"messageTitle":"Add setNormal() and isNormal() methods","messageBody":"","fileTypesAndContributionMap":{"java":{"insertions":8,"deletions":0}}},{"hash":"be05a15a369ea7aca2aea914f480e47d0f15dc17","isMergeCommit":false,"messageTitle":"Refactor command execution methods","messageBody":"","fileTypesAndContributionMap":{"java":{"insertions":50,"deletions":25}}},{"hash":"7658a8cac0e7fa6f7375ca4a690d57d768e7a621","isMergeCommit":false,"messageTitle":"Refactor Duke to align with changes in Command","messageBody":"","fileTypesAndContributionMap":{"java":{"insertions":21,"deletions":12}}},{"hash":"43096ac5d986fc6af5871b4ee7becc28611134e9","isMergeCommit":false,"messageTitle":"Update test script and expected output","messageBody":"","fileTypesAndContributionMap":{"sh":{"insertions":2,"deletions":2}}},{"hash":"bce35a6d4e26c2495a96be67554d4bb59527d0dd","isMergeCommit":false,"messageTitle":"Refactor exception handling","messageBody":"","fileTypesAndContributionMap":{"java":{"insertions":36,"deletions":26}}},{"hash":"99484d767912f1b8c24f59f06483fbf424e06ee0","isMergeCommit":true,"messageTitle":"Merge branch \u0027branch-A-MoreOOP\u0027","messageBody":"","tags":["A-MoreOOP","A-Enums"],"fileTypesAndContributionMap":{}},{"hash":"3008d4076dd949488972da30f24fdbb5cfc22160","isMergeCommit":false,"messageTitle":"Reorganise classes into packages","messageBody":"","fileTypesAndContributionMap":{"java":{"insertions":95,"deletions":48}}},{"hash":"8c99971ead162bffc51ae85bc8525937356e222d","isMergeCommit":false,"messageTitle":"Change java class path","messageBody":"","fileTypesAndContributionMap":{"sh":{"insertions":1,"deletions":1}}},{"hash":"9e3129b3dcaaabbf8a1b2699044abaca7130345c","isMergeCommit":true,"messageTitle":"Merge branch \u0027branch-A-Packages\u0027","messageBody":"","tags":["A-Packages"],"fileTypesAndContributionMap":{}},{"hash":"441fd4438bdf616475b52ae02642d63466288b14","isMergeCommit":true,"messageTitle":"Merge branch \u0027add-gradle-support\u0027","messageBody":"","fileTypesAndContributionMap":{}},{"hash":"a8f84c4c4705ef527d4c0631c9ea1a5af6996726","isMergeCommit":false,"messageTitle":"Change the response format to line-res-line","messageBody":"","fileTypesAndContributionMap":{"java":{"insertions":2,"deletions":2}}}]},{"date":"2024-02-01","commitResults":[{"hash":"de6cf7f6678a81923d6843e828ba0a05dbd0984a","isMergeCommit":false,"messageTitle":"Change bot error message format","messageBody":"","fileTypesAndContributionMap":{"java":{"insertions":2,"deletions":2}}},{"hash":"7fb12eb3c22065f760d2d8552a7e07deb82e79fc","isMergeCommit":false,"messageTitle":"Update mainClass in build.gradle","messageBody":"","fileTypesAndContributionMap":{"gradle":{"insertions":1,"deletions":1}}},{"hash":"43da4b1efd1725814acc04c17c0f47b7476f4444","isMergeCommit":true,"messageTitle":"Merge branch \u0027branch-A-Gradle\u0027","messageBody":"","tags":["A-Gradle"],"fileTypesAndContributionMap":{}},{"hash":"8ec527d30ac54a8d7a4120ad1fc7fc605209d6bf","isMergeCommit":false,"messageTitle":"Refactor UI.java: Make BufferedReader variable final","messageBody":"","fileTypesAndContributionMap":{"java":{"insertions":1,"deletions":1}}},{"hash":"40a15e06960927c522916053810ff5a3eccb78ff","isMergeCommit":false,"messageTitle":"Add unit tests for Deadline","messageBody":"","fileTypesAndContributionMap":{"java":{"insertions":29,"deletions":0}}},{"hash":"07b76c2deba3074f10f9ce91d1dca49b3f10d5ca","isMergeCommit":false,"messageTitle":"Add unit tests for TaskDateTime","messageBody":"","fileTypesAndContributionMap":{"java":{"insertions":41,"deletions":0}}},{"hash":"af6953f411fa9d2e6332e2f85ac341cdbc81696f","isMergeCommit":false,"messageTitle":"Add unit test for TaskListParser","messageBody":"","fileTypesAndContributionMap":{"java":{"insertions":76,"deletions":0}}},{"hash":"6f8bde6181249d2b96f5f6e41d546235863dcda7","isMergeCommit":false,"messageTitle":"Move file saving logic from TaskListParser to Storage","messageBody":"","fileTypesAndContributionMap":{"java":{"insertions":4,"deletions":11}}},{"hash":"99309250878f2071ddc84af906ebd2a81525d35f","isMergeCommit":false,"messageTitle":"Remove unused import statement in TaskListParser.java","messageBody":"","fileTypesAndContributionMap":{"java":{"insertions":0,"deletions":1}}},{"hash":"e3a7b15f9ffa6f20153eb34b33f7f9458c286e1d","isMergeCommit":false,"messageTitle":"Add unit tests for DeleteCommand","messageBody":"","fileTypesAndContributionMap":{"java":{"insertions":63,"deletions":0}}},{"hash":"4729b794fba861118691f77076ee6a716c636327","isMergeCommit":false,"messageTitle":"Add unit test for ExitCommand","messageBody":"","fileTypesAndContributionMap":{"java":{"insertions":24,"deletions":0}}},{"hash":"13c45ee37bc6759710acbcf7d4fc9b4face1e5d9","isMergeCommit":false,"messageTitle":"Add unit test for EventCommand","messageBody":"","fileTypesAndContributionMap":{"java":{"insertions":71,"deletions":0}}},{"hash":"0383e4103de0796309c64f312ad21da757b8162a","isMergeCommit":true,"messageTitle":"Merge branch \u0027branch-A-JUnit\u0027","messageBody":"","tags":["v1.0","A-Jar","A-JUnit"],"fileTypesAndContributionMap":{}},{"hash":"197678966b2ae3935dff9bc4108e84e739b81732","isMergeCommit":false,"messageTitle":"Add JavaDoc comment; add empty tasklist message","messageBody":"","fileTypesAndContributionMap":{"java":{"insertions":13,"deletions":0}}},{"hash":"7205f13c9fc9ba44dd7667b3f5da563048a4f4ba","isMergeCommit":false,"messageTitle":"Update bot name in UI class","messageBody":"","fileTypesAndContributionMap":{"java":{"insertions":4,"deletions":1}}},{"hash":"2177aaa2914f43564d2581ce57289325860c1f00","isMergeCommit":false,"messageTitle":"Add JavaDoc comments","messageBody":"","fileTypesAndContributionMap":{"java":{"insertions":351,"deletions":0}}},{"hash":"0fd52fc4f7bb516be21cecd161c828a8961dbc59","isMergeCommit":false,"messageTitle":"Add contains() method to Task class","messageBody":"","fileTypesAndContributionMap":{"java":{"insertions":4,"deletions":0}}},{"hash":"348fd3f12fb81a9b89e621ef274674504a2f14ed","isMergeCommit":false,"messageTitle":"Add FindCommand class for searching tasks by keyword","messageBody":"","fileTypesAndContributionMap":{"java":{"insertions":40,"deletions":0}}},{"hash":"57d7cbb515eddeba29bcf5f7dd7e3a46e30d4f9c","isMergeCommit":false,"messageTitle":"Add FindCommand to CommandParser","messageBody":"","fileTypesAndContributionMap":{"java":{"insertions":2,"deletions":0}}},{"hash":"530f3f10b8e00bd370f6f7db42cf263d7dcfcc09","isMergeCommit":false,"messageTitle":"Add EmptyKeywordException class","messageBody":"","fileTypesAndContributionMap":{"java":{"insertions":9,"deletions":0}}},{"hash":"57bd2293b3feb7714e4a54d56003ab58265e1fef","isMergeCommit":false,"messageTitle":"Add exception handling for empty keyword","messageBody":"","fileTypesAndContributionMap":{"java":{"insertions":7,"deletions":1}}},{"hash":"5935795f44f90642a32d00f54500e8b9d1a04f78","isMergeCommit":true,"messageTitle":"Merge branch \u0027branch-A-JavaDoc\u0027","messageBody":"","tags":["A-JavaDoc","A-CodingStandard"],"fileTypesAndContributionMap":{}},{"hash":"38d4855bb398f67194b80d44c3585a634d6f5b20","isMergeCommit":true,"messageTitle":"Merge branch \u0027branch-Level-9\u0027","messageBody":"","tags":["Level-9"],"fileTypesAndContributionMap":{}}]},{"date":"2024-02-03","commitResults":[{"hash":"67d02f13c1f5a26c50eb8234430e4916bfb7dd83","isMergeCommit":false,"messageTitle":"Add checkstyle plugin and configuration","messageBody":"","fileTypesAndContributionMap":{"gradle":{"insertions":6,"deletions":1}}},{"hash":"cfde4b899b1653cdc1e18ac9cf0f568c3dff27c8","isMergeCommit":false,"messageTitle":"Refactor imports and add missing Javadoc comments","messageBody":"","fileTypesAndContributionMap":{"java":{"insertions":71,"deletions":22}}},{"hash":"8692e250fcb15b051b3d9f53f2f331f64649d85a","isMergeCommit":false,"messageTitle":"Refactor unit test names and fix formatting","messageBody":"","fileTypesAndContributionMap":{"java":{"insertions":47,"deletions":45}}},{"hash":"c1c0e4ce6d7e01054e53877d4edcdacb8237f90e","isMergeCommit":true,"messageTitle":"Merge branch \u0027branch-A-Checkstyle\u0027","messageBody":"","tags":["v1.0.1","A-CheckStyle"],"fileTypesAndContributionMap":{}},{"hash":"54eacf5c13f48cd084808cbb927e8129dbc87409","isMergeCommit":false,"messageTitle":"Fix unclosed FileReader","messageBody":"","fileTypesAndContributionMap":{"java":{"insertions":3,"deletions":1}}}]},{"date":"2024-02-17","commitResults":[{"hash":"74f7d029fe55401b077570e681e51e7d674a1c57","isMergeCommit":false,"messageTitle":"Add javafx dependencies","messageBody":"","fileTypesAndContributionMap":{"gradle":{"insertions":15,"deletions":0}}},{"hash":"f5057682bc863b41ad61b8559c5ba00d00dd5478","isMergeCommit":false,"messageTitle":"Add fxml for main window and dialog box","messageBody":"","fileTypesAndContributionMap":{"fxml":{"insertions":35,"deletions":0}}},{"hash":"cfcafe6b80f508a1c1d30d3508d1a95dc0767494","isMergeCommit":false,"messageTitle":"Add ErrorResponse and Response classes","messageBody":"","fileTypesAndContributionMap":{"java":{"insertions":32,"deletions":0}}},{"hash":"3229392dd60b261070d46c37aaebc5e7bde14f40","isMergeCommit":false,"messageTitle":"Add Info class with default chatbot information","messageBody":"","fileTypesAndContributionMap":{"java":{"insertions":10,"deletions":0}}},{"hash":"ff9bd67192659e3299ef201f21c86a9282b64824","isMergeCommit":false,"messageTitle":"Add DialogBox controller for UI","messageBody":"","fileTypesAndContributionMap":{"java":{"insertions":59,"deletions":0}}},{"hash":"070d1eee300da19b6e5f7aef313e931c6ba2e932","isMergeCommit":false,"messageTitle":"Change entry point to Launcher","messageBody":"","fileTypesAndContributionMap":{"gradle":{"insertions":1,"deletions":1},"java":{"insertions":9,"deletions":0}}},{"hash":"2cd10fd03caee61c47307297eeb5edc84795d604","isMergeCommit":false,"messageTitle":"Add MainWindow controller","messageBody":"","fileTypesAndContributionMap":{"java":{"insertions":51,"deletions":0}}},{"hash":"3015a3892384f67ed8acda33c2c41472f0df1bcc","isMergeCommit":false,"messageTitle":"Change UI and Duke class to adapt to new GUI","messageBody":"","fileTypesAndContributionMap":{"java":{"insertions":29,"deletions":64}}},{"hash":"9b9e1228ec007d9b4446bbd7c57422f23a5a8ab7","isMergeCommit":false,"messageTitle":"Update controller class in MainWindow.fxml","messageBody":"","fileTypesAndContributionMap":{"fxml":{"insertions":1,"deletions":1}}},{"hash":"35df9b0f6aae43966451b6016bfe6752324c8a7d","isMergeCommit":false,"messageTitle":"Add Main class for Duke application","messageBody":"","fileTypesAndContributionMap":{"java":{"insertions":35,"deletions":0}}},{"hash":"9562eefaff42c981bd5cb7188050a537de928016","isMergeCommit":false,"messageTitle":"Add GUI to bot","messageBody":"","fileTypesAndContributionMap":{"java":{"insertions":63,"deletions":14}}},{"hash":"e21ead4876460293cbd3fb89b1f1d773e7591779","isMergeCommit":true,"messageTitle":"Merge branch \u0027branch-Level-10\u0027","messageBody":"","tags":["Level-10"],"fileTypesAndContributionMap":{}},{"hash":"c4cc243efd00024a4acf992ffeb1f3b6c2361e3e","isMergeCommit":false,"messageTitle":"Enable assertions and add assertion in exit method","messageBody":"","fileTypesAndContributionMap":{"gradle":{"insertions":1,"deletions":0},"java":{"insertions":1,"deletions":0}}},{"hash":"e6030d58834ec32094dee729945d9173e24b9afd","isMergeCommit":false,"messageTitle":"Refactor using guard clause","messageBody":"","fileTypesAndContributionMap":{"java":{"insertions":4,"deletions":3}}},{"hash":"aaee4f89d5dea906b1d8c3a89780371b0ebaff3c","isMergeCommit":true,"messageTitle":"Merge pull request #2 from bachletuankhai/branch-A-Assertions","messageBody":"Add assertions","tags":["A-Assertions"],"fileTypesAndContributionMap":{}},{"hash":"40a96ddf497de7901f81434086829e74fa89ced1","isMergeCommit":true,"messageTitle":"Merge branch \u0027master\u0027 into branch-A-CodeQuality","messageBody":"","fileTypesAndContributionMap":{}},{"hash":"44a943965833c04ee57a962e4d23237680716d5d","isMergeCommit":true,"messageTitle":"Merge pull request #3 from bachletuankhai/branch-A-CodeQuality","messageBody":"Refactor for ensuring code quality","tags":["A-CodeQuality"],"fileTypesAndContributionMap":{}},{"hash":"31e3bdf4ffd844d226a008ea79247cce802776f6","isMergeCommit":false,"messageTitle":"Add AddTaskCommand class","messageBody":"","fileTypesAndContributionMap":{"java":{"insertions":66,"deletions":0}}},{"hash":"b95186ea64b90cd3df53909eb45b4f08b4ba46ed","isMergeCommit":false,"messageTitle":"Add Javadoc comment for parse method","messageBody":"","fileTypesAndContributionMap":{"java":{"insertions":8,"deletions":0}}},{"hash":"7427c8a72b50663a3ee85ae30ef01a64e08d7fa0","isMergeCommit":false,"messageTitle":"Add Undoable interface for command undo/redo","messageBody":"","fileTypesAndContributionMap":{"java":{"insertions":27,"deletions":0}}},{"hash":"812376bdc056442a5cd7ed404915544696354502","isMergeCommit":false,"messageTitle":"Refactor add task commands","messageBody":"","fileTypesAndContributionMap":{"java":{"insertions":12,"deletions":63}}},{"hash":"45538ec12338110efbdf293094d380a9e8f02523","isMergeCommit":false,"messageTitle":"Add method to remove task by object; add Javadoc comments","messageBody":"","fileTypesAndContributionMap":{"java":{"insertions":46,"deletions":10}}},{"hash":"44901ffe03c08854219defaa2f886cbc6ef25ed7","isMergeCommit":false,"messageTitle":"Fix style issues","messageBody":"","fileTypesAndContributionMap":{"java":{"insertions":7,"deletions":1}}},{"hash":"5a591196f3ce5ca37c268070d6f86696666c211e","isMergeCommit":false,"messageTitle":"Add CommandHistory class for managing command history and undo/redo functionality","messageBody":"","fileTypesAndContributionMap":{"java":{"insertions":90,"deletions":0}}},{"hash":"e2d7ef9a6c216b53be513f26aa9b011e6a306c5d","isMergeCommit":false,"messageTitle":"Refactor command history and program state","messageBody":"","fileTypesAndContributionMap":{"java":{"insertions":34,"deletions":4}}},{"hash":"dc6b058f3179a761ef7722684d41ba1016a33941","isMergeCommit":false,"messageTitle":"Add undo and redo commands","messageBody":"","fileTypesAndContributionMap":{"java":{"insertions":89,"deletions":0}}},{"hash":"c85099f3c73974c1e177cf595b4bf36d607414df","isMergeCommit":false,"messageTitle":"Add command to history in AddTaskCommand","messageBody":"","fileTypesAndContributionMap":{"java":{"insertions":1,"deletions":0}}},{"hash":"09f58e8be54024af3ff03204435816fb0362acbf","isMergeCommit":false,"messageTitle":"Add Undoable interface to DeleteCommand","messageBody":"","fileTypesAndContributionMap":{"java":{"insertions":16,"deletions":1}}},{"hash":"c67f15bb9934143ad1bf380fef4cfc28a27ba56f","isMergeCommit":true,"messageTitle":"Merge pull request #5 from bachletuankhai/branch-C-Undo","messageBody":"Add undo/redo functionality","tags":["BCD-Extension"],"fileTypesAndContributionMap":{}},{"hash":"28c2c93cb2ccd2295c4632eec90dc78aab7bbb9c","isMergeCommit":false,"messageTitle":"Rename all \u0027duke\u0027 occurences to \u0027sylvia\u0027","messageBody":"","fileTypesAndContributionMap":{"gradle":{"insertions":2,"deletions":2},"fxml":{"insertions":1,"deletions":1},"java":{"insertions":258,"deletions":256},"bat":{"insertions":1,"deletions":1},"sh":{"insertions":3,"deletions":3}}},{"hash":"73af304e331413eee9308bd25a65f87b5d4200e5","isMergeCommit":true,"messageTitle":"Merge pull request #6 from bachletuankhai/branch-rename","messageBody":"Rename all \u0027duke\u0027 occurences to \u0027sylvia\u0027","fileTypesAndContributionMap":{}}]},{"date":"2024-02-18","commitResults":[{"hash":"d40a94379804854394031c54f48cd4315eae1411","isMergeCommit":false,"messageTitle":"Add chatbot icon and app title","messageBody":"","fileTypesAndContributionMap":{"java":{"insertions":5,"deletions":0}}},{"hash":"8737c482595bf5f2b3b09f2bc4fc8f4a4afd18e5","isMergeCommit":false,"messageTitle":"Crop images into circles","messageBody":"","fileTypesAndContributionMap":{"java":{"insertions":6,"deletions":0}}},{"hash":"40b648867345b5247fe4fd5cf36a4a6f38b890da","isMergeCommit":false,"messageTitle":"Change dialog style","messageBody":"","fileTypesAndContributionMap":{"fxml":{"insertions":16,"deletions":8},"java":{"insertions":23,"deletions":3}}},{"hash":"1712ba52f3dfaa102483ce6f38ac2384493725e5","isMergeCommit":false,"messageTitle":"Fix the bug where double exit message is shown","messageBody":"","fileTypesAndContributionMap":{"java":{"insertions":0,"deletions":1}}},{"hash":"6185cc1fdfeaddb70e6ed3071be582781cdf8bc7","isMergeCommit":false,"messageTitle":"Change font size to 14px","messageBody":"","fileTypesAndContributionMap":{"fxml":{"insertions":5,"deletions":1}}},{"hash":"d8ee8e60d84eb5ae88171346a79ed04dd20a6b15","isMergeCommit":false,"messageTitle":"Re-style send button","messageBody":"","fileTypesAndContributionMap":{"fxml":{"insertions":6,"deletions":2},"java":{"insertions":15,"deletions":2}}},{"hash":"dccea68e1dd69b65a0aea782af886008e931ddc8","isMergeCommit":false,"messageTitle":"Fix text alignment and wrapping","messageBody":"","fileTypesAndContributionMap":{"fxml":{"insertions":1,"deletions":1},"java":{"insertions":1,"deletions":1}}},{"hash":"cc152339937e4015ce260985697a37d1cd4c407c","isMergeCommit":true,"messageTitle":"Merge pull request #7 from bachletuankhai/branch-A-BetterGUI","messageBody":"Update GUI","tags":["A-BetterGUI"],"fileTypesAndContributionMap":{}},{"hash":"9a3bbdd1af503b93fc8ab7729876612d08db2d59","isMergeCommit":false,"messageTitle":"Add aliases for commands","messageBody":"","fileTypesAndContributionMap":{"java":{"insertions":14,"deletions":0}}},{"hash":"b534028004d77e289afe8ef84d83a40c58714eb4","isMergeCommit":false,"messageTitle":"Add command help string","messageBody":"","fileTypesAndContributionMap":{"java":{"insertions":31,"deletions":0}}},{"hash":"c29aba509a9cabe2326a72877137a1491b4e1d22","isMergeCommit":false,"messageTitle":"Add help command","messageBody":"","fileTypesAndContributionMap":{"java":{"insertions":212,"deletions":1}}},{"hash":"de430da7b0591af4afb32eac1baf6a7eb46910a9","isMergeCommit":false,"messageTitle":"Refactor command manuals","messageBody":"","fileTypesAndContributionMap":{"java":{"insertions":124,"deletions":119}}},{"hash":"9743aaa09e0feb71c1cc30366bfd26aa6756a9fa","isMergeCommit":true,"messageTitle":"Merge pull request #8 from bachletuankhai/branch-C-FriendlierSyntax","messageBody":"Add help command and command aliases","fileTypesAndContributionMap":{}},{"hash":"35ad6c739d72ef16bda3d8fcf0719b93f1d47320","isMergeCommit":false,"messageTitle":"Remove trailing newline character in TaskList toString method","messageBody":"","fileTypesAndContributionMap":{"java":{"insertions":1,"deletions":1}}}]},{"date":"2024-02-19","commitResults":[{"hash":"e945312fd44deb50ddd5b57bc3d6fe91bdf67b9e","isMergeCommit":false,"messageTitle":"Change \"exit\" to \"bye\"","messageBody":"","fileTypesAndContributionMap":{"java":{"insertions":1,"deletions":1}}},{"hash":"51234b70d960eef0fe6601b0eaef1d2a299435af","isMergeCommit":false,"messageTitle":"Update user guide","messageBody":"","fileTypesAndContributionMap":{"md":{"insertions":198,"deletions":16}}},{"hash":"2075e623840f9c3e83fc0c188988e5bf93113ffc","isMergeCommit":true,"messageTitle":"Merge pull request #9 from bachletuankhai/branch-UserGuide","messageBody":"Update docs/README.md to user guide","fileTypesAndContributionMap":{}},{"hash":"466607ad58e7855652d6795aa12f26f0463f40d5","isMergeCommit":false,"messageTitle":"Fix alias list format","messageBody":"","fileTypesAndContributionMap":{"md":{"insertions":13,"deletions":13}}},{"hash":"93b7b7c4227f2237bac0fcd61c47ec2d559d4037","isMergeCommit":true,"messageTitle":"Merge pull request #10 from bachletuankhai/branch-UserGuide","messageBody":"Fix alias list format","fileTypesAndContributionMap":{}},{"hash":"35d2e3f92cac04a28b6cbe4f33b962a3accd12c2","isMergeCommit":false,"messageTitle":"Update command examples in README.md","messageBody":"","fileTypesAndContributionMap":{"md":{"insertions":8,"deletions":9}}},{"hash":"c97df9dcf0f7e3b718e65d5787fc8197a0e8a4be","isMergeCommit":true,"messageTitle":"Merge pull request #11 from bachletuankhai/branch-UserGuide","messageBody":"Update command examples in README.md","tags":["v1.1","A-UserGuide","A-AiAssisted"],"fileTypesAndContributionMap":{}}]}]},"authorFileTypeContributionMap":{"bachletuankhai":{"java":2436,"md":197,"fxml":51,"sh":12,"bat":1,"gradle":23,"txt":9}},"authorContributionVariance":{"bachletuankhai":110452.57},"authorDisplayNameMap":{"bachletuankhai":"CS2103T-F12-4 BACH..KHAI"}}
