{"authorDailyContributionsMap":{"rertyy":[{"date":"2024-01-25","commitResults":[{"hash":"00c5b2042ef1026cfe1a2cf59a37d17a3b740217","isMergeCommit":false,"messageTitle":"level 0","messageBody":"","tags":["Level-0"],"fileTypesAndContributionMap":{"java":{"insertions":7,"deletions":5}}},{"hash":"5411fc1e9d11a8645ca05335dc0c15a7bdee7bc3","isMergeCommit":false,"messageTitle":"Level-1","messageBody":"","tags":["Level-1"],"fileTypesAndContributionMap":{"java":{"insertions":20,"deletions":3}}},{"hash":"f6ccec92d0d4e697eeba799093ed9c93f24fb641","isMergeCommit":false,"messageTitle":"rename Duke to Numerator","messageBody":"","fileTypesAndContributionMap":{"java":{"insertions":1,"deletions":1},"bat":{"insertions":1,"deletions":1},"md":{"insertions":2,"deletions":2}}},{"hash":"eb46c446d4d2cc890f11c6faa1aa21b0903811b2","isMergeCommit":false,"messageTitle":"Level-2","messageBody":"","tags":["Level-2"],"fileTypesAndContributionMap":{"java":{"insertions":30,"deletions":9}}},{"hash":"4678598d2eba2bbc74208315088d73524b85d8fd","isMergeCommit":false,"messageTitle":"add task and mark, unmark","messageBody":"","tags":["Level-3"],"fileTypesAndContributionMap":{"java":{"insertions":71,"deletions":4}}},{"hash":"edc318238163a0638d305791d3a127cbbcf8dacc","isMergeCommit":false,"messageTitle":"Level-4","messageBody":"","tags":["Level-4"],"fileTypesAndContributionMap":{"java":{"insertions":170,"deletions":45}}},{"hash":"e93607f672788b69dc317110e723f83bda164d73","isMergeCommit":false,"messageTitle":"add scanner.hasNext() to aid input redirection","messageBody":"","tags":["A-TextUiTesting"],"fileTypesAndContributionMap":{"txt":{"insertions":10,"deletions":0},"java":{"insertions":66,"deletions":60}}},{"hash":"8c3cfd298ae4c524cead2b27680c50ff8748ca37","isMergeCommit":false,"messageTitle":"fix regex errors","messageBody":"","tags":["Level-5"],"fileTypesAndContributionMap":{"txt":{"insertions":11,"deletions":3},"java":{"insertions":38,"deletions":26}}},{"hash":"8edf981452075c91df233b0d955b1f6bddecbccf","isMergeCommit":false,"messageTitle":"add delete function","messageBody":"","tags":["Level-6"],"fileTypesAndContributionMap":{"txt":{"insertions":10,"deletions":0},"java":{"insertions":22,"deletions":0}}}]}]},"authorFileTypeContributionMap":{"rertyy":{"java":280,"md":2,"fxml":0,"sh":0,"bat":1,"gradle":0,"txt":28}},"authorContributionVariance":{"rertyy":46766.207},"authorDisplayNameMap":{"rertyy":"TUNG.. IAN"}}
