{"authorDailyContributionsMap":{"Joelwang22":[{"date":"2024-01-24","commitResults":[{"hash":"0c8dcce393d2856db855ed04a8ae176d7e067ad3","isMergeCommit":false,"messageTitle":"Level-0","messageBody":"","tags":["Level-0"],"fileTypesAndContributionMap":{"java":{"insertions":19,"deletions":6}}},{"hash":"d346178697e043cb9d8a0e2015e5310eb1f7e7f8","isMergeCommit":false,"messageTitle":"level-1","messageBody":"","fileTypesAndContributionMap":{"java":{"insertions":26,"deletions":6}}},{"hash":"8b165446dba7e1c13bc88b8cd244edac5613e679","isMergeCommit":false,"messageTitle":"level-1","messageBody":"","tags":["level-1"],"fileTypesAndContributionMap":{"java":{"insertions":7,"deletions":6}}}]},{"date":"2024-01-25","commitResults":[{"hash":"f426bbdab200d441193680b5dbe39ba590055f94","isMergeCommit":false,"messageTitle":"level-2","messageBody":"","tags":["level-2"],"fileTypesAndContributionMap":{"java":{"insertions":11,"deletions":2}}},{"hash":"8c8c9a344bf93c218fb9f3764645c6ecf23135b1","isMergeCommit":false,"messageTitle":"level-3","messageBody":"","tags":["level-3"],"fileTypesAndContributionMap":{"java":{"insertions":64,"deletions":12}}},{"hash":"a11fc68b93ad7821ed2344b66273cb4b9e21fc0f","isMergeCommit":false,"messageTitle":"level-4","messageBody":"","tags":["level-4"],"fileTypesAndContributionMap":{"java":{"insertions":107,"deletions":17}}},{"hash":"73d4f426e389d6f42e12f0840809876b1a434e9c","isMergeCommit":false,"messageTitle":"level-5 error handling added","messageBody":"","fileTypesAndContributionMap":{"java":{"insertions":67,"deletions":32}}},{"hash":"f61898372092eb8cffb9ff59b757b47f0303f57d","isMergeCommit":false,"messageTitle":"level-5","messageBody":"","tags":["level-5"],"fileTypesAndContributionMap":{"java":{"insertions":1,"deletions":1}}},{"hash":"423432b3a7f2e02729bb0853dd23209dc281bc0a","isMergeCommit":false,"messageTitle":"level-6","messageBody":"","tags":["level-6"],"fileTypesAndContributionMap":{"java":{"insertions":14,"deletions":1}}},{"hash":"d3b5231da46a45e2b486ba8b4079f30ee7c1019f","isMergeCommit":false,"messageTitle":"A-TextUiTesting","messageBody":"","fileTypesAndContributionMap":{"txt":{"insertions":0,"deletions":0},"bat":{"insertions":21,"deletions":21},"sh":{"insertions":0,"deletions":0}}},{"hash":"da6de0bd3a1a537e07f98a73ac06b76cd43878ef","isMergeCommit":false,"messageTitle":"A-TextUiTesting","messageBody":"","fileTypesAndContributionMap":{"txt":{"insertions":0,"deletions":0},"bat":{"insertions":21,"deletions":21},"sh":{"insertions":0,"deletions":0}}},{"hash":"561b7956697f269dcfb1558e3e200ed7ce971dbf","isMergeCommit":false,"messageTitle":"A-TextUiTesting","messageBody":"","tags":["A-TextUiTesting"],"fileTypesAndContributionMap":{"txt":{"insertions":3,"deletions":0}}}]},{"date":"2024-01-31","commitResults":[{"hash":"53331dafb6ff13d4427218cb0a0ee3d4ee720033","isMergeCommit":false,"messageTitle":"Level-7","messageBody":"","tags":["Level-7"],"fileTypesAndContributionMap":{"txt":{"insertions":3,"deletions":3},"java":{"insertions":231,"deletions":109},"md":{"insertions":1,"deletions":1}}},{"hash":"a458c2aee3a97199a5911f0d9b31183112ac734f","isMergeCommit":false,"messageTitle":"extracted task classes out of duke","messageBody":"","fileTypesAndContributionMap":{"java":{"insertions":97,"deletions":92}}},{"hash":"8abfb5f9fe862f2e05a22d3e408489f773749ec1","isMergeCommit":false,"messageTitle":"extracted TaskException class out of duke","messageBody":"","fileTypesAndContributionMap":{"java":{"insertions":13,"deletions":14}}},{"hash":"743c0f68c550a23da0b803de0163f84ae628fd6e","isMergeCommit":false,"messageTitle":"branch-Level-8","messageBody":"","tags":["Level-8"],"fileTypesAndContributionMap":{"java":{"insertions":36,"deletions":3}}},{"hash":"1923dfdd939260647f42e69145fa9f7bd1de806f","isMergeCommit":true,"messageTitle":"Merge branch \u0027branch-Level-7\u0027","messageBody":"# Conflicts:\n#\tsrc/main/java/Deadline.java\n#\tsrc/main/java/Duke.java\n#\tsrc/main/java/Event.java\n#\tsrc/main/java/Task.java\n#\tsrc/main/java/TaskException.java\n#\tsrc/main/java/Todo.java\n","fileTypesAndContributionMap":{}},{"hash":"02a634362d39eb0b1bf7a6af19419903b019c251","isMergeCommit":true,"messageTitle":"Merge branch \u0027branch-Level-8\u0027","messageBody":"","fileTypesAndContributionMap":{}},{"hash":"69b13ee3a60d126d71c08ea2b40319d2c4e461f8","isMergeCommit":false,"messageTitle":"bugfix","messageBody":"","fileTypesAndContributionMap":{"java":{"insertions":26,"deletions":126}}}]}]},"authorFileTypeContributionMap":{"Joelwang22":{"java":409,"md":1,"fxml":0,"sh":0,"bat":0,"gradle":0,"txt":3}},"authorContributionVariance":{"Joelwang22":48424.098},"authorDisplayNameMap":{"Joelwang22":"CS2103T-T08-2 WANG..JOEL"}}
