[{"path":"src/main/java/Duke.java","fileType":"java","lines":[{"lineNumber":1,"author":{"gitId":"rizkidelta"},"content":"import java.io.BufferedReader;","lastModifiedDate":"2024-02-02"},{"lineNumber":2,"author":{"gitId":"rizkidelta"},"content":"import java.io.BufferedWriter;","lastModifiedDate":"2024-02-02"},{"lineNumber":3,"author":{"gitId":"rizkidelta"},"content":"import java.io.File;","lastModifiedDate":"2024-02-02"},{"lineNumber":4,"author":{"gitId":"rizkidelta"},"content":"import java.io.FileReader;","lastModifiedDate":"2024-02-02"},{"lineNumber":5,"author":{"gitId":"rizkidelta"},"content":"import java.io.FileWriter;","lastModifiedDate":"2024-02-02"},{"lineNumber":6,"author":{"gitId":"rizkidelta"},"content":"import java.io.IOException;","lastModifiedDate":"2024-02-02"},{"lineNumber":7,"author":{"gitId":"rizkidelta"},"content":"import java.util.ArrayList;","lastModifiedDate":"2024-01-25"},{"lineNumber":8,"author":{"gitId":"rizkidelta"},"content":"import java.util.List;","lastModifiedDate":"2024-01-25"},{"lineNumber":9,"author":{"gitId":"rizkidelta"},"content":"import java.util.Scanner;","lastModifiedDate":"2024-01-25"},{"lineNumber":10,"author":{"gitId":"rizkidelta"},"content":"import java.time.LocalDate;","lastModifiedDate":"2024-02-02"},{"lineNumber":11,"author":{"gitId":"rizkidelta"},"content":"import java.time.LocalDateTime;","lastModifiedDate":"2024-02-02"},{"lineNumber":12,"author":{"gitId":"rizkidelta"},"content":"import java.time.format.DateTimeFormatter;","lastModifiedDate":"2024-02-02"},{"lineNumber":13,"author":{"gitId":"rizkidelta"},"content":"import java.time.format.DateTimeParseException;","lastModifiedDate":"2024-02-02"},{"lineNumber":14,"author":{"gitId":"rizkidelta"},"content":"","lastModifiedDate":"2024-01-25"},{"lineNumber":15,"author":{"gitId":"-"},"content":"public class Duke {","lastModifiedDate":"2019-07-29"},{"lineNumber":16,"author":{"gitId":"rizkidelta"},"content":"    private static final String FILE_PATH \u003d \"./src/main/java/data.txt\";","lastModifiedDate":"2024-02-02"},{"lineNumber":17,"author":{"gitId":"rizkidelta"},"content":"    private static List\u003cTask\u003e tasks \u003d new ArrayList\u003c\u003e();","lastModifiedDate":"2024-02-02"},{"lineNumber":18,"author":{"gitId":"rizkidelta"},"content":"","lastModifiedDate":"2024-02-02"},{"lineNumber":19,"author":{"gitId":"-"},"content":"    public static void main(String[] args) {","lastModifiedDate":"2019-07-29"},{"lineNumber":20,"author":{"gitId":"rizkidelta"},"content":"        loadTasks();","lastModifiedDate":"2024-02-02"},{"lineNumber":21,"author":{"gitId":"rizkidelta"},"content":"","lastModifiedDate":"2024-02-02"},{"lineNumber":22,"author":{"gitId":"rizkidelta"},"content":"        System.out.println(\"____________________________________________________________\");","lastModifiedDate":"2024-02-02"},{"lineNumber":23,"author":{"gitId":"rizkidelta"},"content":"        System.out.println(\"Hello! I\u0027m Duke \\nWhat can I do for you?\\n\");","lastModifiedDate":"2024-02-02"},{"lineNumber":24,"author":{"gitId":"rizkidelta"},"content":"        System.out.println(\"____________________________________________________________\");","lastModifiedDate":"2024-02-02"},{"lineNumber":25,"author":{"gitId":"rizkidelta"},"content":"","lastModifiedDate":"2024-02-02"},{"lineNumber":26,"author":{"gitId":"rizkidelta"},"content":"        Scanner scanner \u003d new Scanner(System.in);","lastModifiedDate":"2024-02-02"},{"lineNumber":27,"author":{"gitId":"rizkidelta"},"content":"","lastModifiedDate":"2024-02-02"},{"lineNumber":28,"author":{"gitId":"rizkidelta"},"content":"        while (true) {","lastModifiedDate":"2024-02-02"},{"lineNumber":29,"author":{"gitId":"rizkidelta"},"content":"            String input \u003d scanner.nextLine();","lastModifiedDate":"2024-02-02"},{"lineNumber":30,"author":{"gitId":"rizkidelta"},"content":"            String[] splitInput \u003d input.split(\" \", 2);","lastModifiedDate":"2024-02-02"},{"lineNumber":31,"author":{"gitId":"rizkidelta"},"content":"","lastModifiedDate":"2024-02-02"},{"lineNumber":32,"author":{"gitId":"rizkidelta"},"content":"            try {","lastModifiedDate":"2024-02-02"},{"lineNumber":33,"author":{"gitId":"rizkidelta"},"content":"                if (\"bye\".equals(splitInput[0])) {","lastModifiedDate":"2024-02-02"},{"lineNumber":34,"author":{"gitId":"rizkidelta"},"content":"                    System.out.println(\"Bye. Hope to see you again soon!\");","lastModifiedDate":"2024-02-02"},{"lineNumber":35,"author":{"gitId":"rizkidelta"},"content":"                    break;","lastModifiedDate":"2024-02-02"},{"lineNumber":36,"author":{"gitId":"rizkidelta"},"content":"                } else if (\"list\".equals(splitInput[0])) {","lastModifiedDate":"2024-02-02"},{"lineNumber":37,"author":{"gitId":"rizkidelta"},"content":"                    for (int i \u003d 0; i \u003c tasks.size(); i++) {","lastModifiedDate":"2024-02-02"},{"lineNumber":38,"author":{"gitId":"rizkidelta"},"content":"                        System.out.println((i + 1) + \". \" + tasks.get(i));","lastModifiedDate":"2024-02-02"},{"lineNumber":39,"author":{"gitId":"rizkidelta"},"content":"                    }","lastModifiedDate":"2024-02-02"},{"lineNumber":40,"author":{"gitId":"rizkidelta"},"content":"                } else if (\"mark\".equals(splitInput[0])) {","lastModifiedDate":"2024-02-02"},{"lineNumber":41,"author":{"gitId":"rizkidelta"},"content":"                    int index \u003d Integer.parseInt(splitInput[1]) - 1;","lastModifiedDate":"2024-02-02"},{"lineNumber":42,"author":{"gitId":"rizkidelta"},"content":"                    tasks.get(index).mark();","lastModifiedDate":"2024-02-02"},{"lineNumber":43,"author":{"gitId":"rizkidelta"},"content":"                    System.out.println(\"Nice! I\u0027ve marked this task as done:\\n  \" + tasks.get(index));","lastModifiedDate":"2024-02-02"},{"lineNumber":44,"author":{"gitId":"rizkidelta"},"content":"                    saveTasks();","lastModifiedDate":"2024-02-02"},{"lineNumber":45,"author":{"gitId":"rizkidelta"},"content":"                } else if (\"unmark\".equals(splitInput[0])) {","lastModifiedDate":"2024-02-02"},{"lineNumber":46,"author":{"gitId":"rizkidelta"},"content":"                    int index \u003d Integer.parseInt(splitInput[1]) - 1;","lastModifiedDate":"2024-02-02"},{"lineNumber":47,"author":{"gitId":"rizkidelta"},"content":"                    tasks.get(index).unMark();","lastModifiedDate":"2024-02-02"},{"lineNumber":48,"author":{"gitId":"rizkidelta"},"content":"                    System.out.println(\"OK, I\u0027ve marked this task as not done yet:\\n  \" + tasks.get(index));","lastModifiedDate":"2024-02-02"},{"lineNumber":49,"author":{"gitId":"rizkidelta"},"content":"                    saveTasks();","lastModifiedDate":"2024-02-02"},{"lineNumber":50,"author":{"gitId":"rizkidelta"},"content":"                } else if (\"todo\".equals(splitInput[0])) {","lastModifiedDate":"2024-02-02"},{"lineNumber":51,"author":{"gitId":"rizkidelta"},"content":"                    Todo newTodo \u003d new Todo(splitInput[1]);","lastModifiedDate":"2024-02-02"},{"lineNumber":52,"author":{"gitId":"rizkidelta"},"content":"                    tasks.add(newTodo);","lastModifiedDate":"2024-02-02"},{"lineNumber":53,"author":{"gitId":"rizkidelta"},"content":"                    System.out.println(\"Got it. I\u0027ve added this task:\\n  \" + newTodo + \"\\nNow you have \" + tasks.size() + \" tasks in the list\");","lastModifiedDate":"2024-02-02"},{"lineNumber":54,"author":{"gitId":"rizkidelta"},"content":"                    saveTasks();","lastModifiedDate":"2024-02-02"},{"lineNumber":55,"author":{"gitId":"rizkidelta"},"content":"                } else if (\"deadline\".equals(splitInput[0])) {","lastModifiedDate":"2024-02-02"},{"lineNumber":56,"author":{"gitId":"rizkidelta"},"content":"                    String[] deadlineSplit \u003d splitInput[1].split(\" /by \");","lastModifiedDate":"2024-02-02"},{"lineNumber":57,"author":{"gitId":"rizkidelta"},"content":"                    Deadline newDeadline \u003d new Deadline(deadlineSplit[0], deadlineSplit[1]);","lastModifiedDate":"2024-02-02"},{"lineNumber":58,"author":{"gitId":"rizkidelta"},"content":"                    tasks.add(newDeadline);","lastModifiedDate":"2024-02-02"},{"lineNumber":59,"author":{"gitId":"rizkidelta"},"content":"                    System.out.println(\"Got it. I\u0027ve added this task:\\n  \" + newDeadline + \"\\nNow you have \" + tasks.size() + \" tasks in the list\");","lastModifiedDate":"2024-02-02"},{"lineNumber":60,"author":{"gitId":"rizkidelta"},"content":"                    saveTasks();","lastModifiedDate":"2024-02-02"},{"lineNumber":61,"author":{"gitId":"rizkidelta"},"content":"                } else if (\"event\".equals(splitInput[0])) {","lastModifiedDate":"2024-02-02"},{"lineNumber":62,"author":{"gitId":"rizkidelta"},"content":"                    String[] eventSplit \u003d splitInput[1].split(\" /from | /to \");","lastModifiedDate":"2024-02-02"},{"lineNumber":63,"author":{"gitId":"rizkidelta"},"content":"                    Event newEvent \u003d new Event(eventSplit[0], eventSplit[1], eventSplit[2]);","lastModifiedDate":"2024-02-02"},{"lineNumber":64,"author":{"gitId":"rizkidelta"},"content":"                    tasks.add(newEvent);","lastModifiedDate":"2024-02-02"},{"lineNumber":65,"author":{"gitId":"rizkidelta"},"content":"                    System.out.println(\"Got it. I\u0027ve added this task:\\n  \" + newEvent + \"\\nNow you have \" + tasks.size() + \" tasks in the list\");","lastModifiedDate":"2024-02-02"},{"lineNumber":66,"author":{"gitId":"rizkidelta"},"content":"                    saveTasks();","lastModifiedDate":"2024-02-02"},{"lineNumber":67,"author":{"gitId":"rizkidelta"},"content":"                } else if (\"delete\".equals(splitInput[0])) {","lastModifiedDate":"2024-02-02"},{"lineNumber":68,"author":{"gitId":"rizkidelta"},"content":"                    int index \u003d Integer.parseInt(splitInput[1]) - 1;","lastModifiedDate":"2024-02-02"},{"lineNumber":69,"author":{"gitId":"rizkidelta"},"content":"                    Task toDelete \u003d tasks.get(index);","lastModifiedDate":"2024-02-02"},{"lineNumber":70,"author":{"gitId":"rizkidelta"},"content":"                    tasks.remove(toDelete);","lastModifiedDate":"2024-02-02"},{"lineNumber":71,"author":{"gitId":"rizkidelta"},"content":"                    System.out.println(\"Noted. I\u0027ve removed this task:\\n \" + toDelete + \"\\nNow you have \" + tasks.size() + \" tasks in the list\");","lastModifiedDate":"2024-02-02"},{"lineNumber":72,"author":{"gitId":"rizkidelta"},"content":"                    saveTasks();","lastModifiedDate":"2024-02-02"},{"lineNumber":73,"author":{"gitId":"rizkidelta"},"content":"                } else {","lastModifiedDate":"2024-02-02"},{"lineNumber":74,"author":{"gitId":"rizkidelta"},"content":"                    System.out.println(\"Error! Command not found\");","lastModifiedDate":"2024-02-02"},{"lineNumber":75,"author":{"gitId":"rizkidelta"},"content":"                }","lastModifiedDate":"2024-02-02"},{"lineNumber":76,"author":{"gitId":"rizkidelta"},"content":"            } catch (ArrayIndexOutOfBoundsException e) {","lastModifiedDate":"2024-02-02"},{"lineNumber":77,"author":{"gitId":"rizkidelta"},"content":"                System.out.println(\"Error! Description to command not found\");","lastModifiedDate":"2024-02-02"},{"lineNumber":78,"author":{"gitId":"rizkidelta"},"content":"            }","lastModifiedDate":"2024-02-02"},{"lineNumber":79,"author":{"gitId":"rizkidelta"},"content":"        }","lastModifiedDate":"2024-02-02"},{"lineNumber":80,"author":{"gitId":"rizkidelta"},"content":"    }","lastModifiedDate":"2024-02-02"},{"lineNumber":81,"author":{"gitId":"rizkidelta"},"content":"","lastModifiedDate":"2024-02-02"},{"lineNumber":82,"author":{"gitId":"rizkidelta"},"content":"    private static void loadTasks() {","lastModifiedDate":"2024-02-02"},{"lineNumber":83,"author":{"gitId":"rizkidelta"},"content":"        File file \u003d new File(FILE_PATH);","lastModifiedDate":"2024-02-02"},{"lineNumber":84,"author":{"gitId":"rizkidelta"},"content":"        try {","lastModifiedDate":"2024-02-02"},{"lineNumber":85,"author":{"gitId":"rizkidelta"},"content":"            if (!file.exists()) {","lastModifiedDate":"2024-02-02"},{"lineNumber":86,"author":{"gitId":"rizkidelta"},"content":"                file.getParentFile().mkdirs();","lastModifiedDate":"2024-02-02"},{"lineNumber":87,"author":{"gitId":"rizkidelta"},"content":"                file.createNewFile();","lastModifiedDate":"2024-02-02"},{"lineNumber":88,"author":{"gitId":"rizkidelta"},"content":"            }","lastModifiedDate":"2024-02-02"},{"lineNumber":89,"author":{"gitId":"rizkidelta"},"content":"","lastModifiedDate":"2024-02-02"},{"lineNumber":90,"author":{"gitId":"rizkidelta"},"content":"            BufferedReader reader \u003d new BufferedReader(new FileReader(file));","lastModifiedDate":"2024-02-02"},{"lineNumber":91,"author":{"gitId":"rizkidelta"},"content":"            String line;","lastModifiedDate":"2024-02-02"},{"lineNumber":92,"author":{"gitId":"rizkidelta"},"content":"            while ((line \u003d reader.readLine()) !\u003d null) {","lastModifiedDate":"2024-02-02"},{"lineNumber":93,"author":{"gitId":"rizkidelta"},"content":"                String[] parts \u003d line.split(\" \\\\| \");","lastModifiedDate":"2024-02-02"},{"lineNumber":94,"author":{"gitId":"rizkidelta"},"content":"                switch (parts[0]) {","lastModifiedDate":"2024-02-02"},{"lineNumber":95,"author":{"gitId":"rizkidelta"},"content":"                    case \"T\":","lastModifiedDate":"2024-02-02"},{"lineNumber":96,"author":{"gitId":"rizkidelta"},"content":"                        Todo todo \u003d new Todo(parts[2]);","lastModifiedDate":"2024-02-02"},{"lineNumber":97,"author":{"gitId":"rizkidelta"},"content":"                        if (parts[1].equals(\"1\")) todo.mark();","lastModifiedDate":"2024-02-02"},{"lineNumber":98,"author":{"gitId":"rizkidelta"},"content":"                        tasks.add(todo);","lastModifiedDate":"2024-02-02"},{"lineNumber":99,"author":{"gitId":"rizkidelta"},"content":"                        break;","lastModifiedDate":"2024-02-02"},{"lineNumber":100,"author":{"gitId":"rizkidelta"},"content":"                    case \"D\":","lastModifiedDate":"2024-02-02"},{"lineNumber":101,"author":{"gitId":"rizkidelta"},"content":"                        try {","lastModifiedDate":"2024-02-02"},{"lineNumber":102,"author":{"gitId":"rizkidelta"},"content":"                            Deadline deadline \u003d new Deadline(parts[2], parts[3]);","lastModifiedDate":"2024-02-02"},{"lineNumber":103,"author":{"gitId":"rizkidelta"},"content":"                            if (parts[1].equals(\"1\")) deadline.mark();","lastModifiedDate":"2024-02-02"},{"lineNumber":104,"author":{"gitId":"rizkidelta"},"content":"                            tasks.add(deadline);","lastModifiedDate":"2024-02-02"},{"lineNumber":105,"author":{"gitId":"rizkidelta"},"content":"                        } catch (DateTimeParseException e) {","lastModifiedDate":"2024-02-02"},{"lineNumber":106,"author":{"gitId":"rizkidelta"},"content":"                            System.out.println(\"Error parsing date for task \u0027\" + parts[2] + \"\u0027: \" + e.getMessage());","lastModifiedDate":"2024-02-02"},{"lineNumber":107,"author":{"gitId":"rizkidelta"},"content":"                        }","lastModifiedDate":"2024-02-02"},{"lineNumber":108,"author":{"gitId":"rizkidelta"},"content":"                        break;","lastModifiedDate":"2024-02-02"},{"lineNumber":109,"author":{"gitId":"rizkidelta"},"content":"                    case \"E\":","lastModifiedDate":"2024-02-02"},{"lineNumber":110,"author":{"gitId":"rizkidelta"},"content":"                        Event event \u003d new Event(parts[2], parts[3], parts[4]);","lastModifiedDate":"2024-02-02"},{"lineNumber":111,"author":{"gitId":"rizkidelta"},"content":"                        if (parts[1].equals(\"1\")) event.mark();","lastModifiedDate":"2024-02-02"},{"lineNumber":112,"author":{"gitId":"rizkidelta"},"content":"                        tasks.add(event);","lastModifiedDate":"2024-02-02"},{"lineNumber":113,"author":{"gitId":"rizkidelta"},"content":"                        break;","lastModifiedDate":"2024-02-02"},{"lineNumber":114,"author":{"gitId":"rizkidelta"},"content":"                }","lastModifiedDate":"2024-02-02"},{"lineNumber":115,"author":{"gitId":"rizkidelta"},"content":"            }","lastModifiedDate":"2024-02-02"},{"lineNumber":116,"author":{"gitId":"rizkidelta"},"content":"            reader.close();","lastModifiedDate":"2024-02-02"},{"lineNumber":117,"author":{"gitId":"rizkidelta"},"content":"        } catch (IOException e) {","lastModifiedDate":"2024-02-02"},{"lineNumber":118,"author":{"gitId":"rizkidelta"},"content":"            System.out.println(\"Error loading tasks from file: \" + e.getMessage());","lastModifiedDate":"2024-02-02"},{"lineNumber":119,"author":{"gitId":"rizkidelta"},"content":"        }","lastModifiedDate":"2024-02-02"},{"lineNumber":120,"author":{"gitId":"rizkidelta"},"content":"    }","lastModifiedDate":"2024-02-02"},{"lineNumber":121,"author":{"gitId":"rizkidelta"},"content":"","lastModifiedDate":"2024-02-02"},{"lineNumber":122,"author":{"gitId":"rizkidelta"},"content":"    private static void saveTasks() {","lastModifiedDate":"2024-02-02"},{"lineNumber":123,"author":{"gitId":"rizkidelta"},"content":"        try {","lastModifiedDate":"2024-02-02"},{"lineNumber":124,"author":{"gitId":"rizkidelta"},"content":"            BufferedWriter writer \u003d new BufferedWriter(new FileWriter(FILE_PATH));","lastModifiedDate":"2024-02-02"},{"lineNumber":125,"author":{"gitId":"rizkidelta"},"content":"            for (Task task : tasks) {","lastModifiedDate":"2024-02-02"},{"lineNumber":126,"author":{"gitId":"rizkidelta"},"content":"                writer.write(taskToFileString(task));","lastModifiedDate":"2024-02-02"},{"lineNumber":127,"author":{"gitId":"rizkidelta"},"content":"                writer.newLine();","lastModifiedDate":"2024-02-02"},{"lineNumber":128,"author":{"gitId":"rizkidelta"},"content":"            }","lastModifiedDate":"2024-02-02"},{"lineNumber":129,"author":{"gitId":"rizkidelta"},"content":"            writer.close();","lastModifiedDate":"2024-02-02"},{"lineNumber":130,"author":{"gitId":"rizkidelta"},"content":"        } catch (IOException e) {","lastModifiedDate":"2024-02-02"},{"lineNumber":131,"author":{"gitId":"rizkidelta"},"content":"            System.out.println(\"Error saving tasks to file: \" + e.getMessage());","lastModifiedDate":"2024-02-02"},{"lineNumber":132,"author":{"gitId":"rizkidelta"},"content":"        }","lastModifiedDate":"2024-02-02"},{"lineNumber":133,"author":{"gitId":"rizkidelta"},"content":"    }","lastModifiedDate":"2024-02-02"},{"lineNumber":134,"author":{"gitId":"rizkidelta"},"content":"","lastModifiedDate":"2024-02-02"},{"lineNumber":135,"author":{"gitId":"rizkidelta"},"content":"    private static String taskToFileString(Task task) {","lastModifiedDate":"2024-02-02"},{"lineNumber":136,"author":{"gitId":"rizkidelta"},"content":"        String type \u003d task instanceof Todo ? \"T\" : task instanceof Deadline ? \"D\" : \"E\";","lastModifiedDate":"2024-02-02"},{"lineNumber":137,"author":{"gitId":"rizkidelta"},"content":"        String status \u003d task.isDone ? \"1\" : \"0\";","lastModifiedDate":"2024-02-02"},{"lineNumber":138,"author":{"gitId":"rizkidelta"},"content":"        String description \u003d task.description;","lastModifiedDate":"2024-02-02"},{"lineNumber":139,"author":{"gitId":"rizkidelta"},"content":"        if (task instanceof Deadline) {","lastModifiedDate":"2024-02-02"},{"lineNumber":140,"author":{"gitId":"rizkidelta"},"content":"            Deadline deadline \u003d (Deadline) task;","lastModifiedDate":"2024-02-02"},{"lineNumber":141,"author":{"gitId":"rizkidelta"},"content":"            String formattedBy \u003d deadline.by.format(DateTimeFormatter.ofPattern(\"d/M/yyyy HHmm\"));","lastModifiedDate":"2024-02-02"},{"lineNumber":142,"author":{"gitId":"rizkidelta"},"content":"            return type + \" | \" + status + \" | \" + description + \" | \" + formattedBy;","lastModifiedDate":"2024-02-02"},{"lineNumber":143,"author":{"gitId":"rizkidelta"},"content":"        } else if (task instanceof Event) {","lastModifiedDate":"2024-02-02"},{"lineNumber":144,"author":{"gitId":"rizkidelta"},"content":"            Event event \u003d (Event) task;","lastModifiedDate":"2024-02-02"},{"lineNumber":145,"author":{"gitId":"rizkidelta"},"content":"            return type + \" | \" + status + \" | \" + description + \" | \" + event.start + \" | \" + event.end;","lastModifiedDate":"2024-02-02"},{"lineNumber":146,"author":{"gitId":"rizkidelta"},"content":"        } else {","lastModifiedDate":"2024-02-02"},{"lineNumber":147,"author":{"gitId":"rizkidelta"},"content":"            return type + \" | \" + status + \" | \" + description;","lastModifiedDate":"2024-02-02"},{"lineNumber":148,"author":{"gitId":"rizkidelta"},"content":"        }","lastModifiedDate":"2024-02-02"},{"lineNumber":149,"author":{"gitId":"rizkidelta"},"content":"    }","lastModifiedDate":"2024-02-02"},{"lineNumber":150,"author":{"gitId":"rizkidelta"},"content":"","lastModifiedDate":"2024-02-02"},{"lineNumber":151,"author":{"gitId":"rizkidelta"},"content":"    // Task and its subclasses (Todo, Deadline, Event)","lastModifiedDate":"2024-02-02"},{"lineNumber":152,"author":{"gitId":"rizkidelta"},"content":"    static class Task {","lastModifiedDate":"2024-02-02"},{"lineNumber":153,"author":{"gitId":"rizkidelta"},"content":"        protected String description;","lastModifiedDate":"2024-01-25"},{"lineNumber":154,"author":{"gitId":"rizkidelta"},"content":"        protected boolean isDone;","lastModifiedDate":"2024-01-25"},{"lineNumber":155,"author":{"gitId":"rizkidelta"},"content":"","lastModifiedDate":"2024-01-25"},{"lineNumber":156,"author":{"gitId":"rizkidelta"},"content":"        public Task(String description) {","lastModifiedDate":"2024-01-25"},{"lineNumber":157,"author":{"gitId":"rizkidelta"},"content":"            this.description \u003d description;","lastModifiedDate":"2024-01-25"},{"lineNumber":158,"author":{"gitId":"rizkidelta"},"content":"            this.isDone \u003d false;","lastModifiedDate":"2024-01-25"},{"lineNumber":159,"author":{"gitId":"rizkidelta"},"content":"        }","lastModifiedDate":"2024-01-25"},{"lineNumber":160,"author":{"gitId":"rizkidelta"},"content":"","lastModifiedDate":"2024-01-25"},{"lineNumber":161,"author":{"gitId":"rizkidelta"},"content":"        public void mark() {","lastModifiedDate":"2024-01-25"},{"lineNumber":162,"author":{"gitId":"rizkidelta"},"content":"            isDone \u003d true;","lastModifiedDate":"2024-01-25"},{"lineNumber":163,"author":{"gitId":"rizkidelta"},"content":"        }","lastModifiedDate":"2024-01-25"},{"lineNumber":164,"author":{"gitId":"rizkidelta"},"content":"","lastModifiedDate":"2024-01-25"},{"lineNumber":165,"author":{"gitId":"rizkidelta"},"content":"        public void unMark() {","lastModifiedDate":"2024-01-25"},{"lineNumber":166,"author":{"gitId":"rizkidelta"},"content":"            isDone \u003d false;","lastModifiedDate":"2024-01-25"},{"lineNumber":167,"author":{"gitId":"rizkidelta"},"content":"        }","lastModifiedDate":"2024-01-25"},{"lineNumber":168,"author":{"gitId":"rizkidelta"},"content":"","lastModifiedDate":"2024-01-25"},{"lineNumber":169,"author":{"gitId":"rizkidelta"},"content":"        public String getStatusIcon() {","lastModifiedDate":"2024-01-25"},{"lineNumber":170,"author":{"gitId":"rizkidelta"},"content":"            return (isDone ? \"[X]\" : \"[ ]\");","lastModifiedDate":"2024-01-25"},{"lineNumber":171,"author":{"gitId":"rizkidelta"},"content":"        }","lastModifiedDate":"2024-01-25"},{"lineNumber":172,"author":{"gitId":"rizkidelta"},"content":"","lastModifiedDate":"2024-01-25"},{"lineNumber":173,"author":{"gitId":"rizkidelta"},"content":"        @Override","lastModifiedDate":"2024-01-25"},{"lineNumber":174,"author":{"gitId":"rizkidelta"},"content":"        public String toString() {","lastModifiedDate":"2024-01-25"},{"lineNumber":175,"author":{"gitId":"rizkidelta"},"content":"            return getStatusIcon() + \" \" + description;","lastModifiedDate":"2024-01-25"},{"lineNumber":176,"author":{"gitId":"rizkidelta"},"content":"        }","lastModifiedDate":"2024-01-25"},{"lineNumber":177,"author":{"gitId":"rizkidelta"},"content":"    }","lastModifiedDate":"2024-01-25"},{"lineNumber":178,"author":{"gitId":"rizkidelta"},"content":"","lastModifiedDate":"2024-01-25"},{"lineNumber":179,"author":{"gitId":"rizkidelta"},"content":"    static class Todo extends Task {","lastModifiedDate":"2024-02-02"},{"lineNumber":180,"author":{"gitId":"rizkidelta"},"content":"        public Todo(String description) {","lastModifiedDate":"2024-01-25"},{"lineNumber":181,"author":{"gitId":"rizkidelta"},"content":"            super(description);","lastModifiedDate":"2024-01-25"},{"lineNumber":182,"author":{"gitId":"rizkidelta"},"content":"        }","lastModifiedDate":"2024-01-25"},{"lineNumber":183,"author":{"gitId":"rizkidelta"},"content":"","lastModifiedDate":"2024-01-25"},{"lineNumber":184,"author":{"gitId":"rizkidelta"},"content":"        @Override","lastModifiedDate":"2024-01-25"},{"lineNumber":185,"author":{"gitId":"rizkidelta"},"content":"        public String toString() {","lastModifiedDate":"2024-01-25"},{"lineNumber":186,"author":{"gitId":"rizkidelta"},"content":"            return \"[T]\" + super.toString();","lastModifiedDate":"2024-01-25"},{"lineNumber":187,"author":{"gitId":"rizkidelta"},"content":"        }","lastModifiedDate":"2024-01-25"},{"lineNumber":188,"author":{"gitId":"rizkidelta"},"content":"    }","lastModifiedDate":"2024-01-25"},{"lineNumber":189,"author":{"gitId":"rizkidelta"},"content":"","lastModifiedDate":"2024-02-02"},{"lineNumber":190,"author":{"gitId":"rizkidelta"},"content":"    static class Deadline extends Task {","lastModifiedDate":"2024-02-02"},{"lineNumber":191,"author":{"gitId":"rizkidelta"},"content":"        protected LocalDateTime by;","lastModifiedDate":"2024-02-02"},{"lineNumber":192,"author":{"gitId":"rizkidelta"},"content":"","lastModifiedDate":"2024-01-25"},{"lineNumber":193,"author":{"gitId":"rizkidelta"},"content":"        public Deadline(String description, String by) {","lastModifiedDate":"2024-01-25"},{"lineNumber":194,"author":{"gitId":"rizkidelta"},"content":"            super(description);","lastModifiedDate":"2024-01-25"},{"lineNumber":195,"author":{"gitId":"rizkidelta"},"content":"            try {","lastModifiedDate":"2024-02-02"},{"lineNumber":196,"author":{"gitId":"rizkidelta"},"content":"                this.by \u003d LocalDateTime.parse(by, DateTimeFormatter.ofPattern(\"d/M/yyyy HHmm\"));","lastModifiedDate":"2024-02-02"},{"lineNumber":197,"author":{"gitId":"rizkidelta"},"content":"            } catch (DateTimeParseException e) {","lastModifiedDate":"2024-02-02"},{"lineNumber":198,"author":{"gitId":"rizkidelta"},"content":"                System.out.println(\"Invalid date format. Please use d/M/yyyy HHmm, e.g., 2/12/2019 1800\");","lastModifiedDate":"2024-02-02"},{"lineNumber":199,"author":{"gitId":"rizkidelta"},"content":"            }","lastModifiedDate":"2024-02-02"},{"lineNumber":200,"author":{"gitId":"rizkidelta"},"content":"        }","lastModifiedDate":"2024-01-25"},{"lineNumber":201,"author":{"gitId":"rizkidelta"},"content":"","lastModifiedDate":"2024-01-25"},{"lineNumber":202,"author":{"gitId":"rizkidelta"},"content":"        @Override","lastModifiedDate":"2024-01-25"},{"lineNumber":203,"author":{"gitId":"rizkidelta"},"content":"        public String toString() {","lastModifiedDate":"2024-01-25"},{"lineNumber":204,"author":{"gitId":"rizkidelta"},"content":"            return \"[D]\" + super.toString() + \" (by: \" + by.format(DateTimeFormatter.ofPattern(\"MMM dd yyyy, HH:mm\")) + \")\";","lastModifiedDate":"2024-02-02"},{"lineNumber":205,"author":{"gitId":"rizkidelta"},"content":"        }","lastModifiedDate":"2024-01-25"},{"lineNumber":206,"author":{"gitId":"rizkidelta"},"content":"    }","lastModifiedDate":"2024-01-25"},{"lineNumber":207,"author":{"gitId":"rizkidelta"},"content":"","lastModifiedDate":"2024-01-25"},{"lineNumber":208,"author":{"gitId":"rizkidelta"},"content":"    static class Event extends Task {","lastModifiedDate":"2024-02-02"},{"lineNumber":209,"author":{"gitId":"rizkidelta"},"content":"        protected String start;","lastModifiedDate":"2024-01-25"},{"lineNumber":210,"author":{"gitId":"rizkidelta"},"content":"        protected String end;","lastModifiedDate":"2024-01-25"},{"lineNumber":211,"author":{"gitId":"rizkidelta"},"content":"","lastModifiedDate":"2024-01-25"},{"lineNumber":212,"author":{"gitId":"rizkidelta"},"content":"        public Event(String description, String start, String end) {","lastModifiedDate":"2024-01-25"},{"lineNumber":213,"author":{"gitId":"rizkidelta"},"content":"            super(description);","lastModifiedDate":"2024-01-25"},{"lineNumber":214,"author":{"gitId":"rizkidelta"},"content":"            this.start \u003d start;","lastModifiedDate":"2024-01-25"},{"lineNumber":215,"author":{"gitId":"rizkidelta"},"content":"            this.end \u003d end;","lastModifiedDate":"2024-01-25"},{"lineNumber":216,"author":{"gitId":"rizkidelta"},"content":"        }","lastModifiedDate":"2024-01-25"},{"lineNumber":217,"author":{"gitId":"rizkidelta"},"content":"","lastModifiedDate":"2024-01-25"},{"lineNumber":218,"author":{"gitId":"rizkidelta"},"content":"        @Override","lastModifiedDate":"2024-01-25"},{"lineNumber":219,"author":{"gitId":"rizkidelta"},"content":"        public String toString() {","lastModifiedDate":"2024-01-25"},{"lineNumber":220,"author":{"gitId":"rizkidelta"},"content":"            return \"[E]\" + super.toString() + \" (from: \" + start + \" to: \" + end + \")\";","lastModifiedDate":"2024-01-25"},{"lineNumber":221,"author":{"gitId":"rizkidelta"},"content":"        }","lastModifiedDate":"2024-01-25"},{"lineNumber":222,"author":{"gitId":"-"},"content":"    }","lastModifiedDate":"2024-01-25"},{"lineNumber":223,"author":{"gitId":"-"},"content":"}","lastModifiedDate":"2019-07-29"}],"authorContributionMap":{"rizkidelta":219,"-":4}},{"path":"text-ui-test/input.txt","fileType":"txt","lines":[{"lineNumber":1,"author":{"gitId":"rizkidelta"},"content":"todo borrow book","lastModifiedDate":"2024-01-25"},{"lineNumber":2,"author":{"gitId":"rizkidelta"},"content":"list","lastModifiedDate":"2024-01-25"},{"lineNumber":3,"author":{"gitId":"rizkidelta"},"content":"deadline return book /by Sunday","lastModifiedDate":"2024-01-25"},{"lineNumber":4,"author":{"gitId":"rizkidelta"},"content":"event project meeting /from Mon 2pm /to 4pm","lastModifiedDate":"2024-01-25"}],"authorContributionMap":{"rizkidelta":4}}]
