{"authorDailyContributionsMap":{"rizkidelta":[{"date":"2024-01-25","commitResults":[{"hash":"662ea1de7e2526fe023714d204b18397081742fa","isMergeCommit":false,"messageTitle":"Level 0. Rename, Greet, Exit","messageBody":"","fileTypesAndContributionMap":{"java":{"insertions":7,"deletions":1}}},{"hash":"c23b441a86fe46095bfd63fcfdba1be5dbd2bcda","isMergeCommit":false,"messageTitle":"Level 1. Echo","messageBody":"","fileTypesAndContributionMap":{"java":{"insertions":16,"deletions":8}}},{"hash":"4c0d3e2d98d601b6ee548cd0c4fcbc6341bf8a9a","isMergeCommit":false,"messageTitle":"Level 2. Add, List","messageBody":"","fileTypesAndContributionMap":{"java":{"insertions":14,"deletions":3}}},{"hash":"61f38fc3f1abd1d9cf0f22934adf5a8568cfd490","isMergeCommit":false,"messageTitle":"Level 3. Mark as Done","messageBody":"","fileTypesAndContributionMap":{"java":{"insertions":45,"deletions":6}}},{"hash":"5bea8533559e4c55d4b74a5c9b7efe3b04ae04fb","isMergeCommit":false,"messageTitle":"Level 4. ToDos, Events, Deadlines","messageBody":"","fileTypesAndContributionMap":{"java":{"insertions":71,"deletions":9}}},{"hash":"b299928d08fe294c2e29beae5588a267e2928539","isMergeCommit":false,"messageTitle":"Automated Text UI Testing","messageBody":"","fileTypesAndContributionMap":{"txt":{"insertions":4,"deletions":0}}},{"hash":"7384c41a850f40cf80f709c670d8911146dad989","isMergeCommit":false,"messageTitle":"Level 5. Handle Errors","messageBody":"","fileTypesAndContributionMap":{"java":{"insertions":42,"deletions":41}}},{"hash":"1989ed7e8c3dfd1edddb2b32d86f4f014315e736","isMergeCommit":false,"messageTitle":"Level 6. Delete","messageBody":"","tags":["Level-6","Level-5","Level-4","Level-3","Level-2","Level-1","Level-0","A-TextUiTesting"],"fileTypesAndContributionMap":{"java":{"insertions":21,"deletions":18}}}]},{"date":"2024-02-02","commitResults":[{"hash":"4ebce042027aaf1c66adbc7e4ad75b9a1a8edecc","isMergeCommit":false,"messageTitle":"Added Level 7. Save","messageBody":"Save the tasks in the hard disk automatically whenever the task list changes. Load the data from the hard disk when the chatbot starts up. You may hard-code the file name and relative path from the project root\n","fileTypesAndContributionMap":{"txt":{"insertions":0,"deletions":0},"java":{"insertions":171,"deletions":101}}},{"hash":"31fddf929e9e698b60aee4217698ef054518edc2","isMergeCommit":true,"messageTitle":"Merge pull request #1 from rizkidelta/branch-Level-7","messageBody":"Added Level 7. Save","tags":["Level-7"],"fileTypesAndContributionMap":{}},{"hash":"7e3866139fe9df989782c36788aec81dce910a12","isMergeCommit":false,"messageTitle":"Added Level 8. Dates and Times","messageBody":"Teach the chatbot how to understand dates and times. For example, if the command is deadline return book /by 2/12/2019 1800, the chatbot should understand 2/12/2019 1800 as 2nd of December 2019, 6pm, instead of treating it as just a String.\n","fileTypesAndContributionMap":{"java":{"insertions":20,"deletions":7}}},{"hash":"a04ec4b6a8ba9da36bba52503aa4e2a7f38c6ca1","isMergeCommit":true,"messageTitle":"Merge pull request #2 from rizkidelta/branch-Level-8","messageBody":"Added Level 8. Dates and Times","tags":["Level-8"],"fileTypesAndContributionMap":{}}]},{"date":"2024-02-06","commitResults":[{"hash":"3d798a210b8d7bf13356b9f2519d79412d0baf1f","isMergeCommit":false,"messageTitle":"Updated Data.txt Location","messageBody":"","fileTypesAndContributionMap":{"txt":{"insertions":0,"deletions":0}}},{"hash":"bddf5ac1014578d649c9a6d3f69fc5da5e21466a","isMergeCommit":false,"messageTitle":"A-MoreOOP Refactor the code to extract out closely related code as classes.","messageBody":"","tags":["A-Packages","A-MoreOOP"],"fileTypesAndContributionMap":{"txt":{"insertions":1,"deletions":0},"java":{"insertions":388,"deletions":193}}},{"hash":"349c08d56a374ad6bbe41adbddefc8e6a382e32b","isMergeCommit":true,"messageTitle":"Merge pull request #3 from rizkidelta/add-gradle-support","messageBody":"Add gradle support","fileTypesAndContributionMap":{}},{"hash":"f8ae85efce9b0704a6c03f7903b2a48c92a08c89","isMergeCommit":false,"messageTitle":"Updated Data.txt","messageBody":"Data.txt blank as default\n","fileTypesAndContributionMap":{"txt":{"insertions":1,"deletions":0}}},{"hash":"b30d37fa91eb4f63c8adc4b46ecc33ac5a7e64ec","isMergeCommit":false,"messageTitle":"A-JUnit","messageBody":"","tags":["A-JUnit"],"fileTypesAndContributionMap":{"java":{"insertions":43,"deletions":0}}},{"hash":"1cdaba9095640795d00c89ca6b07f2903ff80a2f","isMergeCommit":false,"messageTitle":"A-JavaDoc","messageBody":"Add JavaDoc comments to the code.\n","tags":["A-JavaDoc","A-CodingStandard"],"fileTypesAndContributionMap":{"java":{"insertions":200,"deletions":4}}},{"hash":"487c3a7338432083bd9a5268f1728e4d06119926","isMergeCommit":false,"messageTitle":"Level 9. Find","messageBody":"Give users a way to find a task by searching for a keyword.\n","tags":["Level-9","A-Jar","A-Gradle","A-CheckStyle"],"fileTypesAndContributionMap":{"txt":{"insertions":0,"deletions":1},"java":{"insertions":18,"deletions":0}}}]},{"date":"2024-02-12","commitResults":[{"hash":"30a75e26d9f62221c1f3f96b76f01078aae7cdf1","isMergeCommit":false,"messageTitle":"A-CheckStyle","messageBody":"Added checkstyle files to run checkstyle\n","fileTypesAndContributionMap":{"java":{"insertions":9,"deletions":9}}},{"hash":"f3f1646c70a3d9af9b1a78551ada86d2c3ff6366","isMergeCommit":false,"messageTitle":"Level 10. GUI","messageBody":"","tags":["Level-10"],"fileTypesAndContributionMap":{"gradle":{"insertions":13,"deletions":0},"java":{"insertions":107,"deletions":102},"md":{"insertions":1,"deletions":1}}}]},{"date":"2024-02-20","commitResults":[{"hash":"963a99427d5b0fe0245308af22ae8dab644d2746","isMergeCommit":false,"messageTitle":"The GUI lacks necessary files for proper functionality.","messageBody":"Without these files, the GUI won\u0027t display correctly or provide the intended user experience.\n\nAdd the required image file and FTML to enable the GUI.\n\nAdding these files is imperative for the GUI\u0027s proper rendering and functionality.\n\nOnce these files are added, the GUI will be fully operational, enhancing the usability of the application.\n","fileTypesAndContributionMap":{"fxml":{"insertions":35,"deletions":0},"java":{"insertions":153,"deletions":0}}},{"hash":"71c24ee51e87243146ff34b635f7e245bf9c8057","isMergeCommit":true,"messageTitle":"Merge pull request #5 from rizkidelta/branch-Level-10","messageBody":"The GUI lacks necessary files for proper functionality.","fileTypesAndContributionMap":{}}]},{"date":"2024-02-21","commitResults":[{"hash":"203e682fe35532a2748f821adf343e4f4a846e97","isMergeCommit":false,"messageTitle":"The system lacks handling for missing files and input length validation, potentially causing errors.","messageBody":"This omission may disrupt the program flow and hinder user experience, necessitating correction.\n\nEmploying Java assertions to handle missing files and validate input length ensures robustness and correctness.\n\nJava assertions facilitate proactive error management, enhancing reliability and maintainability.\n\nIntegrating Java assertions improves system resilience and user experience.\n","fileTypesAndContributionMap":{"gradle":{"insertions":1,"deletions":1},"java":{"insertions":2,"deletions":1}}},{"hash":"2e1084a4f5810693875eb4fd3fe25e2a02cb0889","isMergeCommit":true,"messageTitle":"Merge pull request #6 from rizkidelta/branch-A-Assertions","messageBody":"The system lacks handling for missing files and input length validation, potentially causing errors.","tags":["A-Assertions"],"fileTypesAndContributionMap":{}},{"hash":"d6b1058bdcb4c444d973bf04646704baa8037fc4","isMergeCommit":false,"messageTitle":"Code examination revealed issues with variable and function naming conventions, incorrect indentations, and package names not adhering to lowercase conventions.","messageBody":"These issues impact code readability, maintainability, and adherence to coding standards, necessitating improvement.\n\nRefactoring the code to adhere to proper naming conventions for variables and functions, correcting indentations, and ensuring package names are lowercase.\n\nFollowing consistent naming conventions and proper indentation improves code clarity and maintainability, while adhering to lowercase package names aligns with standard coding practices.\n\nThe refactoring process enhances code quality and readability, making it easier to understand and maintain in the long run.\n","fileTypesAndContributionMap":{"txt":{"insertions":0,"deletions":0},"java":{"insertions":95,"deletions":112}}},{"hash":"91ff2f5a3e34910665e04ee55a910d1d62ae8714","isMergeCommit":true,"messageTitle":"Merge pull request #7 from rizkidelta/branch-A-CodeQuality","messageBody":"Code examination revealed issues with variable and function naming co…","tags":["A-CodeQuality"],"fileTypesAndContributionMap":{}},{"hash":"a7f6639420b46e94ddccf3c1dc447de2b391bed8","isMergeCommit":false,"messageTitle":"The system now has the ability to recognize and handle duplicate items, such as the same task being added multiple times.","messageBody":"Without addressing this issue, duplicate items could lead to inconsistencies and incorrect data representation within the system.\n\nImplemented a mechanism to check for duplicate tasks before adding them to the list, ensuring data integrity and preventing redundancy.\n\nBy checking for duplicates before adding tasks, the system maintains consistency and efficiency, enhancing overall performance and user experience.\n\nWith the addition of duplicate item recognition and handling, the system becomes more robust and reliable, providing users with a smoother interaction.\n","fileTypesAndContributionMap":{"java":{"insertions":42,"deletions":9}}},{"hash":"85daf2bb585dcc9e517854ed689dd2d49759c389","isMergeCommit":true,"messageTitle":"Merge pull request #8 from rizkidelta/branch-BCD-Extension","messageBody":"The system now has the ability to recognize and handle duplicate item…","tags":["BCD-Extension","A-FullCommitMessage"],"fileTypesAndContributionMap":{}}]},{"date":"2024-02-23","commitResults":[{"hash":"932dad6bdb879ee38b03fd4b01db3819d7edd492","isMergeCommit":false,"messageTitle":"Changed name of bot to Duc","messageBody":"","fileTypesAndContributionMap":{"txt":{"insertions":3,"deletions":0},"java":{"insertions":11,"deletions":12},"md":{"insertions":3,"deletions":3}}},{"hash":"82ea491e3e37b35c09607fc291f48e07adf548ec","isMergeCommit":false,"messageTitle":"Update README.md","messageBody":"In the latest update of the README document, we\u0027ve added concise instructions for inserting images in Markdown and a streamlined \u0027Getting Started\u0027 guide. These enhancements aim to simplify user onboarding and enrich the documentation\u0027s clarity and visual appeal.","fileTypesAndContributionMap":{"md":{"insertions":61,"deletions":16}}},{"hash":"f6bf7fc990c2e708b6297f265c1623f3bdf97bb9","isMergeCommit":false,"messageTitle":"Update README.md","messageBody":"In the latest update of the README document, we\u0027ve added concise instructions for inserting images in Markdown and a streamlined \u0027Getting Started\u0027 guide. These enhancements aim to simplify user onboarding and enrich the documentation\u0027s clarity and visual appeal.","fileTypesAndContributionMap":{"md":{"insertions":1,"deletions":1}}},{"hash":"2f472be9a17373d71167a209ec15aa177c1e0db2","isMergeCommit":false,"messageTitle":"Update README.md","messageBody":"In the latest update of the README document, we\u0027ve added concise instructions for inserting images in Markdown and a streamlined \u0027Getting Started\u0027 guide. These enhancements aim to simplify user onboarding and enrich the documentation\u0027s clarity and visual appeal.","fileTypesAndContributionMap":{"md":{"insertions":1,"deletions":1}}},{"hash":"86bb815500010e1d53b3120fc23d2a343e0d1d97","isMergeCommit":false,"messageTitle":"Update README.md","messageBody":"In the latest update of the README document, we\u0027ve added concise instructions for inserting images in Markdown and a streamlined \u0027Getting Started\u0027 guide. These enhancements aim to simplify user onboarding and enrich the documentation\u0027s clarity and visual appeal.","fileTypesAndContributionMap":{"md":{"insertions":1,"deletions":1}}},{"hash":"f86f0456021098695c54b6a92de3d100aff5f08a","isMergeCommit":false,"messageTitle":"Update README.md","messageBody":"In the latest update of the README document, we\u0027ve added concise instructions for inserting images in Markdown and a streamlined \u0027Getting Started\u0027 guide. These enhancements aim to simplify user onboarding and enrich the documentation\u0027s clarity and visual appeal.","fileTypesAndContributionMap":{"md":{"insertions":1,"deletions":1}}},{"hash":"36facc0823e7cb44ec86f6ca23438c6a878aebe1","isMergeCommit":false,"messageTitle":"Update README.md","messageBody":"In the latest update of the README document, we\u0027ve added concise instructions for inserting images in Markdown and a streamlined \u0027Getting Started\u0027 guide. These enhancements aim to simplify user onboarding and enrich the documentation\u0027s clarity and visual appeal.","fileTypesAndContributionMap":{"md":{"insertions":75,"deletions":24}}},{"hash":"6777ae257681fb0b3b15744592b3379ce1817901","isMergeCommit":false,"messageTitle":"Update README.md","messageBody":"In the latest update of the README document, we\u0027ve added concise instructions for inserting images in Markdown and a streamlined \u0027Getting Started\u0027 guide. These enhancements aim to simplify user onboarding and enrich the documentation\u0027s clarity and visual appeal.","fileTypesAndContributionMap":{"md":{"insertions":2,"deletions":2}}},{"hash":"de46ccc85213bcf8f0d3b9680f2690be53c7cfe4","isMergeCommit":false,"messageTitle":"Update README.md","messageBody":"In the latest update of the README document, we\u0027ve added concise instructions for inserting images in Markdown and a streamlined \u0027Getting Started\u0027 guide. These enhancements aim to simplify user onboarding and enrich the documentation\u0027s clarity and visual appeal.","tags":["A-UserGuide","A-Release"],"fileTypesAndContributionMap":{"md":{"insertions":2,"deletions":2}}}]},{"date":"2024-02-24","commitResults":[{"hash":"818db54a6849deeff894dfbb5d0c25fb54a0e849","isMergeCommit":false,"messageTitle":"Update README.md","messageBody":"","fileTypesAndContributionMap":{"md":{"insertions":1,"deletions":1}}}]}]},"authorFileTypeContributionMap":{"rizkidelta":{"java":849,"md":136,"fxml":35,"sh":0,"bat":0,"gradle":14,"txt":8}},"authorContributionVariance":{"rizkidelta":26078.44},"authorDisplayNameMap":{"rizkidelta":"CS2103T-W12-3 MUHA..UAJI"}}
