{"authorDailyContributionsMap":{"willowisp01":[{"date":"2024-01-24","commitResults":[{"hash":"b0b6a50c239cf50a5e1d432b4ea790864e743a8f","isMergeCommit":false,"messageTitle":"add greeting and goodbye","messageBody":"","tags":["Level-0"],"fileTypesAndContributionMap":{"java":{"insertions":23,"deletions":10}}},{"hash":"0c11f8777c061a49657114cb741eb4c8a2c779da","isMergeCommit":false,"messageTitle":"echo commands, close when given command \"bye\"","messageBody":"","tags":["Level-1"],"fileTypesAndContributionMap":{"java":{"insertions":15,"deletions":2}}},{"hash":"39951edbc6c5d4023e699f45c9f47caf1505f7b4","isMergeCommit":false,"messageTitle":"add tasklist","messageBody":"","tags":["Level-2"],"fileTypesAndContributionMap":{"java":{"insertions":30,"deletions":7}}},{"hash":"2db9c855ddb9ad6f344bafee3d278b1c0f93d189","isMergeCommit":false,"messageTitle":"add new Task class","messageBody":"","fileTypesAndContributionMap":{"java":{"insertions":18,"deletions":0}}},{"hash":"f58a8c6cc22ee42178b1803a390754aa4f0d8957","isMergeCommit":false,"messageTitle":"can mark tasks as done","messageBody":"","tags":["Level-3"],"fileTypesAndContributionMap":{"java":{"insertions":37,"deletions":9}}},{"hash":"7b1c0833b049feefab7eab9cedc5e56c3a59a9b9","isMergeCommit":false,"messageTitle":"add method fullstats to display full info of task","messageBody":"","fileTypesAndContributionMap":{"java":{"insertions":13,"deletions":14}}},{"hash":"0cd560c52796aaa4a6282674f1bfb2750e00facb","isMergeCommit":false,"messageTitle":"implement todo class","messageBody":"","fileTypesAndContributionMap":{"java":{"insertions":23,"deletions":2}}},{"hash":"aaf58dd80dce6edc0e87684a96e0f0e8d06acea5","isMergeCommit":false,"messageTitle":"implement deadline class","messageBody":"","fileTypesAndContributionMap":{"java":{"insertions":19,"deletions":2}}},{"hash":"4b9768e7781ee7466664e76b24cb5081e3d76293","isMergeCommit":false,"messageTitle":"implement event class","messageBody":"","fileTypesAndContributionMap":{"java":{"insertions":21,"deletions":1}}},{"hash":"080245fc963d139b46be0fa911a6d480b8ac40db","isMergeCommit":false,"messageTitle":"add task selection logic","messageBody":"","fileTypesAndContributionMap":{"java":{"insertions":21,"deletions":5}}},{"hash":"8847f0b2749658d59fa229441c631de68c4c77bb","isMergeCommit":false,"messageTitle":"fix whitespace and syntax issues","messageBody":"","tags":["Level-4"],"fileTypesAndContributionMap":{"java":{"insertions":10,"deletions":7}}},{"hash":"574c687265d416bc1a2102b5cd6dd748fee2b238","isMergeCommit":false,"messageTitle":"implement regression testing","messageBody":"","tags":["A-TextUiTesting"],"fileTypesAndContributionMap":{"txt":{"insertions":8,"deletions":0},"bat":{"insertions":1,"deletions":1}}},{"hash":"011ce7a93bdcdb348fc16977f1c53c5f6c650959","isMergeCommit":false,"messageTitle":"add exception handling","messageBody":"","tags":["Level-5"],"fileTypesAndContributionMap":{"txt":{"insertions":6,"deletions":0},"java":{"insertions":58,"deletions":10}}},{"hash":"70c8b55aecb7c5ae4b72c92648debeb390cbcc40","isMergeCommit":false,"messageTitle":"add delete functionality","messageBody":"","tags":["Level-6"],"fileTypesAndContributionMap":{"txt":{"insertions":7,"deletions":0},"java":{"insertions":13,"deletions":0}}}]},{"date":"2024-01-31","commitResults":[{"hash":"b3888490d0ae87fa1866f20c1692f8b489307e8b","isMergeCommit":false,"messageTitle":"Split logic in main() into different methods for separation of concerns","messageBody":"","fileTypesAndContributionMap":{"java":{"insertions":49,"deletions":46}}},{"hash":"6918686907f2ff0bacd06f2ca57b50d6972b2f93","isMergeCommit":false,"messageTitle":"move more logic out of main() and into other methods","messageBody":"","fileTypesAndContributionMap":{"java":{"insertions":59,"deletions":48}}},{"hash":"15b86bbf94d4fc193e20383354b480d18a19187e","isMergeCommit":false,"messageTitle":"Fix filepath issues","messageBody":"","fileTypesAndContributionMap":{"txt":{"insertions":0,"deletions":0},"java":{"insertions":52,"deletions":24}}},{"hash":"c8b36e7f7a67ca9463495c52d8e70f143486cab5","isMergeCommit":false,"messageTitle":"make separate class for history (prepare for serialization)","messageBody":"","fileTypesAndContributionMap":{"java":{"insertions":76,"deletions":2}}},{"hash":"672e6e9f0f9b21deaa126e2898a607a2a671cc99","isMergeCommit":false,"messageTitle":"shift more logic out of main into history","messageBody":"","fileTypesAndContributionMap":{"java":{"insertions":40,"deletions":90}}},{"hash":"a4421d4e6e31ae6957c04bf2006d55872ff60cb8","isMergeCommit":false,"messageTitle":"Implement Serializable","messageBody":"","fileTypesAndContributionMap":{"txt":{"insertions":0,"deletions":0},"java":{"insertions":31,"deletions":19}}},{"hash":"95ce81911558ac43866157f297e27e647c3f45ce","isMergeCommit":false,"messageTitle":"Complete history feature","messageBody":"","fileTypesAndContributionMap":{"txt":{"insertions":24,"deletions":3}}},{"hash":"f9f9355a976b5a838f8bcfdb2d8d17cf548c8a85","isMergeCommit":false,"messageTitle":"Reset save data","messageBody":"","fileTypesAndContributionMap":{}},{"hash":"29eef72729f8b854de353ab72e14ac92bcee79e4","isMergeCommit":true,"messageTitle":"Merge branch \u0027branch-Level-7\u0027","messageBody":"","tags":["Level-7"],"fileTypesAndContributionMap":{}}]},{"date":"2024-02-01","commitResults":[{"hash":"66f0e29675859b77f4516f51917cd55fc1a645b2","isMergeCommit":false,"messageTitle":"Add datetime support","messageBody":"","fileTypesAndContributionMap":{"txt":{"insertions":0,"deletions":0},"java":{"insertions":19,"deletions":8}}},{"hash":"db4ad9aca94c3d5ab23f1010b9f07b21aed8a189","isMergeCommit":false,"messageTitle":"Add some testing files","messageBody":"","fileTypesAndContributionMap":{"txt":{"insertions":0,"deletions":0},"java":{"insertions":9,"deletions":0}}},{"hash":"cb5504525962e525f7c3b2cdb3b7d28481aa3519","isMergeCommit":true,"messageTitle":"Merge branch \u0027branch-Level-8\u0027","messageBody":"","tags":["Level-8"],"fileTypesAndContributionMap":{}},{"hash":"2e6935ec143065459f63924a53895d33f028b642","isMergeCommit":false,"messageTitle":"Split logic into Parser, History, Tasklist classes","messageBody":"","fileTypesAndContributionMap":{"txt":{"insertions":2,"deletions":2},"java":{"insertions":267,"deletions":127}}},{"hash":"ed0e47dcc6a2d888f41da72e14b48b3078cd59af","isMergeCommit":false,"messageTitle":"fix history","messageBody":"","fileTypesAndContributionMap":{"java":{"insertions":32,"deletions":25}}},{"hash":"6529240dec7e2a550569ee2a6fa292a76a817c45","isMergeCommit":false,"messageTitle":"Add simple UI class","messageBody":"","fileTypesAndContributionMap":{"txt":{"insertions":2,"deletions":0},"java":{"insertions":30,"deletions":10}}},{"hash":"c240a859e0695334c40b919fa7b4d332d62db5bb","isMergeCommit":false,"messageTitle":"Rename History class to Storage","messageBody":"","fileTypesAndContributionMap":{"txt":{"insertions":0,"deletions":0},"java":{"insertions":0,"deletions":0}}},{"hash":"a8f835e8f4776e5e9b1314d5d5477a8909c45b88","isMergeCommit":false,"messageTitle":"Run testcases","messageBody":"","fileTypesAndContributionMap":{"java":{"insertions":11,"deletions":11}}},{"hash":"0069db49d483d29271d749bf7fa0fad4f3181aec","isMergeCommit":true,"messageTitle":"Merge branch \u0027A-MoreOOP\u0027","messageBody":"","tags":["A-MoreOOP"],"fileTypesAndContributionMap":{}},{"hash":"34d30c1978df4e8b6c406d81d396fda883eaf942","isMergeCommit":false,"messageTitle":"Reset to working version","messageBody":"","fileTypesAndContributionMap":{"txt":{"insertions":0,"deletions":0}}},{"hash":"bdfa43401b3d2309cb41748f159c6cb58e9214e9","isMergeCommit":false,"messageTitle":"Move classes to package luke","messageBody":"","fileTypesAndContributionMap":{"java":{"insertions":0,"deletions":0}}},{"hash":"87bf193d5f5ce535441b39ece10244d590b0c55b","isMergeCommit":false,"messageTitle":"Move classes to package luke","messageBody":"","tags":["A-Packages"],"fileTypesAndContributionMap":{"java":{"insertions":26,"deletions":7},"bat":{"insertions":1,"deletions":1}}},{"hash":"54e99c11eec295069b1c3ef7ac98266a423006f3","isMergeCommit":true,"messageTitle":"Merge branch \u0027A-Packages\u0027","messageBody":"","fileTypesAndContributionMap":{}}]},{"date":"2024-02-03","commitResults":[{"hash":"5dabcfb4555eb63d2d3e1e606c4fb7c3c6734268","isMergeCommit":false,"messageTitle":"Set gradle run config","messageBody":"","tags":["A-Gradle"],"fileTypesAndContributionMap":{"gradle":{"insertions":1,"deletions":1}}},{"hash":"ddda8c26d8c6d86bedfef0c6d9b3bc4637346a37","isMergeCommit":false,"messageTitle":"Add tests for Parser, TaskList, and Todo","messageBody":"","fileTypesAndContributionMap":{"java":{"insertions":181,"deletions":58}}},{"hash":"45aa60fc3beb532c9ca74bb820b774f99bd21802","isMergeCommit":true,"messageTitle":"Merge branch \u0027A-JUnit\u0027","messageBody":"","tags":["A-JUnit"],"fileTypesAndContributionMap":{}},{"hash":"cae79622b0ba6a984ed392552cea99f751f4cc9c","isMergeCommit":false,"messageTitle":"Create jar file","messageBody":"","fileTypesAndContributionMap":{"gradle":{"insertions":1,"deletions":1}}},{"hash":"7cece6b5256c7a5f87c4ad916df843dfcc4f74bb","isMergeCommit":true,"messageTitle":"Merge branch \u0027A-Jar\u0027","messageBody":"","tags":["A-Jar"],"fileTypesAndContributionMap":{}},{"hash":"203b74edf19f529ae4241e721adb0cd2d469f57a","isMergeCommit":false,"messageTitle":"Create javadocs","messageBody":"","fileTypesAndContributionMap":{"java":{"insertions":97,"deletions":9}}},{"hash":"c96e2d6723eeb08233fe5715abe50b5fdb8a3960","isMergeCommit":false,"messageTitle":"Remove unnecessary files","messageBody":"","fileTypesAndContributionMap":{"java":{"insertions":0,"deletions":12}}},{"hash":"4b5ae743b39463b21dbf03fca141ade3385c7720","isMergeCommit":true,"messageTitle":"Merge branch \u0027branch-A-JavaDoc\u0027","messageBody":"","tags":["A-JavaDoc"],"fileTypesAndContributionMap":{}},{"hash":"883ee3947cec3e5cede9a7c9d3274a87a429f23b","isMergeCommit":false,"messageTitle":"Udpate code to match coding standard","messageBody":"","fileTypesAndContributionMap":{"java":{"insertions":8,"deletions":12}}},{"hash":"34c1626c0c6ed717748f7e80396467f69e2ec81a","isMergeCommit":true,"messageTitle":"Merge branch \u0027branch-A-CodingStandard\u0027","messageBody":"","tags":["A-CodingStandard"],"fileTypesAndContributionMap":{}},{"hash":"6eeb3b50bbb25ecc61815796217f1be1bbc5e558","isMergeCommit":false,"messageTitle":"Add functionality to find tasks","messageBody":"","fileTypesAndContributionMap":{"java":{"insertions":34,"deletions":1}}},{"hash":"8d4470f1a3d134c0aaff95ea0c7dbdf818463286","isMergeCommit":true,"messageTitle":"Merge branch \u0027branch-Level-9\u0027","messageBody":"# Conflicts:\n#\tsrc/main/java/luke/Parser.java\n#\tsrc/main/java/luke/TaskList.java\n","tags":["Level-9"],"fileTypesAndContributionMap":{}}]},{"date":"2024-02-07","commitResults":[{"hash":"60c876babd33d28fa96a37ee8004b31a4fabea36","isMergeCommit":false,"messageTitle":"Update README.md","messageBody":"","fileTypesAndContributionMap":{"md":{"insertions":22,"deletions":20}}},{"hash":"6c7b21e0f7050e767647deaeaf49e062b0fd1018","isMergeCommit":false,"messageTitle":"Get javafx imports to work","messageBody":"","fileTypesAndContributionMap":{"gradle":{"insertions":21,"deletions":0},"java":{"insertions":10,"deletions":1}}},{"hash":"fbbc7b9200eb388f3d7b334217098590142cab63","isMergeCommit":false,"messageTitle":"Make multiple methods return string instead of print to console (adapted from https://se-education.org/guides/tutorials/javaFxPart2.html)","messageBody":"","fileTypesAndContributionMap":{"java":{"insertions":279,"deletions":92}}},{"hash":"c9d5e7a45a455c20991ecb9a7ca124d47692a7cd","isMergeCommit":false,"messageTitle":"Handle not a number exceptions","messageBody":"","fileTypesAndContributionMap":{"java":{"insertions":62,"deletions":32}}},{"hash":"06f153eecd2c9fd9b6b9fd8023d6c1a898473553","isMergeCommit":false,"messageTitle":"Update frame to fit in center(ish). Update user and luke image.","messageBody":"","fileTypesAndContributionMap":{"java":{"insertions":26,"deletions":56}}},{"hash":"c0322dd08298629d0f4e4bd41db1c59baa1683ca","isMergeCommit":true,"messageTitle":"Merge branch \u0027master\u0027 of https://github.com/willowisp01/ip into Level-10","messageBody":"","fileTypesAndContributionMap":{}},{"hash":"65345aa3362841822b1aeb0d139c871e8b63c15a","isMergeCommit":false,"messageTitle":"Credit sources","messageBody":"","fileTypesAndContributionMap":{"java":{"insertions":2,"deletions":0}}},{"hash":"b0a783601a1e32de71ee4146f62bbc888b73d848","isMergeCommit":false,"messageTitle":"Update application image","messageBody":"","tags":["Level-10"],"fileTypesAndContributionMap":{"java":{"insertions":1,"deletions":0}}}]},{"date":"2024-02-12","commitResults":[{"hash":"db78580e0d561558b4a2e464caf15039d35e9d83","isMergeCommit":false,"messageTitle":"Create new jar","messageBody":"","fileTypesAndContributionMap":{"gradle":{"insertions":4,"deletions":5},"java":{"insertions":87,"deletions":72}}},{"hash":"b451f11eee93c37728d86e83854e8211ed469c42","isMergeCommit":false,"messageTitle":"Rename variables and methods according to coding standard","messageBody":"Rename methods to make it immediately obvious what it should do.\nRename constants such as LOGO to be in caps.\n","fileTypesAndContributionMap":{"java":{"insertions":45,"deletions":46}}},{"hash":"a3dd5d68819936b41852b4ed2069d39861ad85b0","isMergeCommit":false,"messageTitle":"Split the role of Parser","messageBody":"Created a new class TaskMaker to make tasks as currently Parser is both\nmaking Tasks and Parsing them. Each class should ideally do its own\njob.\n","fileTypesAndContributionMap":{"java":{"insertions":118,"deletions":97}}},{"hash":"bae5e12359639c61874dd0170380a03d7d057eca","isMergeCommit":false,"messageTitle":"Make Parser neater according to SLAP","messageBody":"Created more layers of abstraction through the use of helper\nfunctions and enums. This makes what Parser is doing a lot clearer.\n","fileTypesAndContributionMap":{"java":{"insertions":122,"deletions":37}}},{"hash":"e209d7d62c9dea090f130a733ce6636b897780fb","isMergeCommit":false,"messageTitle":"Move loading a save logic from Luke class to Storage class","messageBody":"","tags":["A-CodeQuality"],"fileTypesAndContributionMap":{"java":{"insertions":56,"deletions":41}}},{"hash":"bf89e77ec4e82deaf5b690c5ebb5b9f49ccf319a","isMergeCommit":true,"messageTitle":"Merge pull request #1 from willowisp01/branch-A-CodeQuality","messageBody":"Branch a code quality","fileTypesAndContributionMap":{}},{"hash":"2a9e2e43726866c80d162c721f1538bcf0e1f1a2","isMergeCommit":false,"messageTitle":"Create assertions","messageBody":"One important assertion is that the Storage should never be null.\nThis is because it should either be loaded or created.\n","fileTypesAndContributionMap":{"java":{"insertions":4,"deletions":0}}},{"hash":"781f5ec81b69e99d0a6957443dfad609afdac40f","isMergeCommit":true,"messageTitle":"Merge pull request #3 from willowisp01/branch-A-Assertions","messageBody":"Create assertions","fileTypesAndContributionMap":{}},{"hash":"7b4d4c9c5630811c1b573e1a25a0950992820be9","isMergeCommit":false,"messageTitle":"Add reminder feature (use command remind)","messageBody":"","tags":["BCD-Extension"],"fileTypesAndContributionMap":{"java":{"insertions":21,"deletions":1}}},{"hash":"b6d62d88ab1510c21a3a7bc202958e47d4de9cfd","isMergeCommit":true,"messageTitle":"Merge pull request #4 from willowisp01/branch-BCD-Extension","messageBody":"Add reminder feature (use command remind)","fileTypesAndContributionMap":{}}]}]},"authorFileTypeContributionMap":{"willowisp01":{"java":1113,"md":20,"fxml":0,"sh":0,"bat":1,"gradle":23,"txt":44}},"authorContributionVariance":{"willowisp01":60269.1},"authorDisplayNameMap":{"willowisp01":"CS2103T-T09-1 TAN ..O EN"}}
