{"authorDailyContributionsMap":{"TarinPairor":[{"date":"2024-01-25","commitResults":[{"hash":"9ab12dbefd29b014e74508f10380a38ab6e9a727","isMergeCommit":false,"messageTitle":"Level-0","messageBody":"","fileTypesAndContributionMap":{"java":{"insertions":19,"deletions":6}}},{"hash":"70cb3909e95d8b1a415f9de202886cbe714505c2","isMergeCommit":false,"messageTitle":"Added Ui and modified Duke","messageBody":"","tags":["Level-1"],"fileTypesAndContributionMap":{"java":{"insertions":2,"deletions":0}}},{"hash":"e3fc1b04609aabb37df230cc734ef29e8494af25","isMergeCommit":false,"messageTitle":"Added Task and TaskList","messageBody":"","tags":["Level-2"],"fileTypesAndContributionMap":{"java":{"insertions":4,"deletions":0}}},{"hash":"02f99095666debf8de81b16c2d4ced607d4e0991","isMergeCommit":false,"messageTitle":"Add Process and isDone","messageBody":"","tags":["Level-3"],"fileTypesAndContributionMap":{"java":{"insertions":185,"deletions":22}}},{"hash":"16e194c7e1cb868ce381ab77a7442092749daf2a","isMergeCommit":false,"messageTitle":"Added event type","messageBody":"","tags":["Level-4"],"fileTypesAndContributionMap":{"java":{"insertions":146,"deletions":28}}},{"hash":"6f1fb5b68224d3613e725297340c6052d85174f2","isMergeCommit":false,"messageTitle":"added simple expected and actual test case","messageBody":"","tags":["A-TextUiTesting"],"fileTypesAndContributionMap":{"txt":{"insertions":2,"deletions":0}}},{"hash":"8bacaabda9ec141fff8248f732718d1b6d49cb5f","isMergeCommit":false,"messageTitle":"implemented simple test cases","messageBody":"","tags":["Level-5"],"fileTypesAndContributionMap":{"java":{"insertions":8,"deletions":2}}},{"hash":"526695766040195a0fa7b080ff89ecf5fe490dd4","isMergeCommit":false,"messageTitle":"added delete and sloppy error handling","messageBody":"","tags":["Level-6"],"fileTypesAndContributionMap":{"java":{"insertions":78,"deletions":4}}},{"hash":"7f892f3e3bd57e7fda36e8728c5a3f5011f98f6c","isMergeCommit":false,"messageTitle":"replaced map with enum in Task","messageBody":"","tags":["A-Enums"],"fileTypesAndContributionMap":{"java":{"insertions":21,"deletions":38}}}]},{"date":"2024-01-31","commitResults":[{"hash":"f841547963fd1e75b6bca2555cbd1dcf16c62d34","isMergeCommit":false,"messageTitle":"added storing file with exception handling","messageBody":"","tags":["Level-7"],"fileTypesAndContributionMap":{"txt":{"insertions":2,"deletions":0},"java":{"insertions":31,"deletions":10}}},{"hash":"198879f86c9018cb5f0aa4c6b1f24e8baeafaf53","isMergeCommit":false,"messageTitle":"added datetime formatting","messageBody":"","tags":["Level-8","A-MoreOOP"],"fileTypesAndContributionMap":{"txt":{"insertions":1,"deletions":2},"java":{"insertions":41,"deletions":20}}}]},{"date":"2024-02-01","commitResults":[{"hash":"d505d17a135b037d17e432c12be65325087e427b","isMergeCommit":false,"messageTitle":"added storage class","messageBody":"","tags":["A-Packages"],"fileTypesAndContributionMap":{"txt":{"insertions":2,"deletions":1},"java":{"insertions":231,"deletions":193}}},{"hash":"de01cfcce497bcdf97a2176da84c8b741fd76095","isMergeCommit":false,"messageTitle":"made packages for all classes but duke","messageBody":"","fileTypesAndContributionMap":{"txt":{"insertions":1,"deletions":1},"java":{"insertions":23,"deletions":2}}},{"hash":"b374789bb70ab8e3f272b988c178eb56a70d8682","isMergeCommit":true,"messageTitle":"Merge branch \u0027add-gradle-support\u0027","messageBody":"","tags":["A-Gradle"],"fileTypesAndContributionMap":{}},{"hash":"8f6e71bcfe443468566ee5e3497cc308c23e6257","isMergeCommit":false,"messageTitle":"added javadocs","messageBody":"","tags":["A-JavaDoc"],"fileTypesAndContributionMap":{"java":{"insertions":159,"deletions":3}}},{"hash":"a2d95cca81c6f12feab0be320b8f2194aab265c0","isMergeCommit":false,"messageTitle":"fix build on gradle","messageBody":"","fileTypesAndContributionMap":{"gradle":{"insertions":1,"deletions":1},"java":{"insertions":2,"deletions":1}}},{"hash":"5284dd0ecef5dc711ee74d2ca979a9300935bf36","isMergeCommit":false,"messageTitle":"add test cases for packages except processor","messageBody":"","tags":["A-Jar","A-JUnit"],"fileTypesAndContributionMap":{"java":{"insertions":290,"deletions":3}}}]},{"date":"2024-02-02","commitResults":[{"hash":"f6ca520c987365977eb79c77a4141e47ba840780","isMergeCommit":false,"messageTitle":"update javadoc details","messageBody":"","fileTypesAndContributionMap":{"java":{"insertions":5,"deletions":3}}},{"hash":"c3ec1fe9ad3da69d8e3bca93ee591b5b12a26c94","isMergeCommit":false,"messageTitle":"Clean up to coding standard","messageBody":"","tags":["A-CodingStandard"],"fileTypesAndContributionMap":{"java":{"insertions":125,"deletions":20}}},{"hash":"aefcc6aac82397554fe43fe673d7746a90724731","isMergeCommit":false,"messageTitle":"Add method for finding task","messageBody":"","fileTypesAndContributionMap":{"java":{"insertions":75,"deletions":7}}},{"hash":"c57de51ae13b667be740cff5d25fe6942ab64c7a","isMergeCommit":false,"messageTitle":"Fix find command parsing error","messageBody":"","tags":["Level-9"],"fileTypesAndContributionMap":{"txt":{"insertions":2,"deletions":1},"java":{"insertions":8,"deletions":4}}},{"hash":"f89fe441029bd70517654b8ebaab41390a9917b0","isMergeCommit":true,"messageTitle":"Merge branch \u0027branch-A-CodingStandard\u0027","messageBody":"","fileTypesAndContributionMap":{}},{"hash":"db97d7bfc716d65ce0ff9f3415365f195a840ddd","isMergeCommit":true,"messageTitle":"Merge branch \u0027branch-Level-9\u0027","messageBody":"","fileTypesAndContributionMap":{}}]},{"date":"2024-02-06","commitResults":[{"hash":"0ceb2194025ddc4166797c8c6db7dc8056ccd489","isMergeCommit":false,"messageTitle":"Update Storage.java message","messageBody":"","fileTypesAndContributionMap":{"java":{"insertions":8,"deletions":8}}},{"hash":"ef5c56d860db31e3b834d944111457166323cf1a","isMergeCommit":false,"messageTitle":"Storage: Update IOException error message","messageBody":"","fileTypesAndContributionMap":{"java":{"insertions":18,"deletions":10}}},{"hash":"4d2c2bac124465d145eb8b0bafe54c5f8dfaf1ed","isMergeCommit":false,"messageTitle":"Remove comments","messageBody":"","fileTypesAndContributionMap":{"java":{"insertions":0,"deletions":1}}}]},{"date":"2024-02-09","commitResults":[{"hash":"239fd7c38138d39487fc65a7bcec88ab0f9c7f05","isMergeCommit":true,"messageTitle":"Merge branch \u0027branch-Level-8\u0027","messageBody":"","fileTypesAndContributionMap":{}},{"hash":"2fde6d0c8410ecbc85418d9ed7e5db7be0b30146","isMergeCommit":false,"messageTitle":"Merge from 8 to master","messageBody":"","fileTypesAndContributionMap":{"txt":{"insertions":1,"deletions":3}}},{"hash":"c8e0fe0bcee04551fa7989fbd47bac52778e7879","isMergeCommit":false,"messageTitle":"Attempt at JavaFX/GUI in vain","messageBody":"","fileTypesAndContributionMap":{"gradle":{"insertions":15,"deletions":0},"txt":{"insertions":1,"deletions":1},"java":{"insertions":63,"deletions":14}}},{"hash":"66289574ad7f074756bfa2b7c925c163880f7cdb","isMergeCommit":false,"messageTitle":"Resolve error throwing in Duke","messageBody":"","fileTypesAndContributionMap":{"gradle":{"insertions":5,"deletions":2},"java":{"insertions":16,"deletions":0},"md":{"insertions":1,"deletions":2}}},{"hash":"b5f9092e924778ff42a2c6bd3c8ff0dbe4ce2432","isMergeCommit":true,"messageTitle":"Merge branch \u0027branch-level-10\u0027","messageBody":"","tags":["Level-10"],"fileTypesAndContributionMap":{}},{"hash":"d1f1dc66b26c1dcc2be5df29d83ba7f0f1c0fb00","isMergeCommit":false,"messageTitle":"Solve immediate Duke errors","messageBody":"","fileTypesAndContributionMap":{"java":{"insertions":19,"deletions":24}}},{"hash":"15cd37eca8099ed88ffc61619f9d64c37e3c7152","isMergeCommit":false,"messageTitle":"Fix styling","messageBody":"","tags":["A-Checkstyle"],"fileTypesAndContributionMap":{"gradle":{"insertions":5,"deletions":0},"java":{"insertions":149,"deletions":118}}}]},{"date":"2024-02-10","commitResults":[{"hash":"62498cb04432c04a79908b19ec848a14d1a1e2c4","isMergeCommit":false,"messageTitle":"Update README with appropriate markdown","messageBody":"","fileTypesAndContributionMap":{"md":{"insertions":27,"deletions":24}}}]}]},"authorFileTypeContributionMap":{"TarinPairor":{"java":1195,"md":27,"fxml":0,"sh":0,"bat":0,"gradle":6,"txt":3}},"authorContributionVariance":{"TarinPairor":51369.46},"authorDisplayNameMap":{"TarinPairor":"CS2103T-F12-3 PAIR..ARIN"}}
