[{"path":"src/main/java/Duke.java","fileType":"java","lines":[{"lineNumber":1,"author":{"gitId":"-"},"content":"public class Duke {","lastModifiedDate":"2019-07-29"},{"lineNumber":2,"author":{"gitId":"-"},"content":"    public static void main(String[] args) {","lastModifiedDate":"2019-07-29"},{"lineNumber":3,"author":{"gitId":"PyromancerBoom"},"content":"        // Name of the bot","lastModifiedDate":"2024-01-25"},{"lineNumber":4,"author":{"gitId":"PyromancerBoom"},"content":"        String botName \u003d \"WannaBeSkynet\";","lastModifiedDate":"2024-01-25"},{"lineNumber":5,"author":{"gitId":"PyromancerBoom"},"content":"","lastModifiedDate":"2024-01-25"},{"lineNumber":6,"author":{"gitId":"PyromancerBoom"},"content":"        // Separator Line","lastModifiedDate":"2024-01-25"},{"lineNumber":7,"author":{"gitId":"PyromancerBoom"},"content":"        String sepLine \u003d \"____________________________________________________________\";","lastModifiedDate":"2024-01-25"},{"lineNumber":8,"author":{"gitId":"PyromancerBoom"},"content":"","lastModifiedDate":"2024-01-25"},{"lineNumber":9,"author":{"gitId":"PyromancerBoom"},"content":"        // Default Greeting on start-up of the bot","lastModifiedDate":"2024-01-25"},{"lineNumber":10,"author":{"gitId":"PyromancerBoom"},"content":"        String defaultGreeting \u003d \" Hello! I\u0027m \" + botName + \"\\n Let\u0027s get started!\";","lastModifiedDate":"2024-01-25"},{"lineNumber":11,"author":{"gitId":"PyromancerBoom"},"content":"","lastModifiedDate":"2024-01-25"},{"lineNumber":12,"author":{"gitId":"PyromancerBoom"},"content":"        System.out.println(sepLine + \"\\n\" + defaultGreeting + \"\\n\" + sepLine);","lastModifiedDate":"2024-01-25"},{"lineNumber":13,"author":{"gitId":"-"},"content":"    }","lastModifiedDate":"2019-07-29"},{"lineNumber":14,"author":{"gitId":"-"},"content":"}","lastModifiedDate":"2019-07-29"}],"authorContributionMap":{"PyromancerBoom":10,"-":4}}]
