{"authorDailyContributionsMap":{"PyromancerBoom":[{"date":"2024-01-25","commitResults":[{"hash":"02fcbb92c096ab4af342d434fc26f7657b2b61d2","isMergeCommit":false,"messageTitle":"Set Name and Greeting","messageBody":"","tags":["Level-0"],"fileTypesAndContributionMap":{"java":{"insertions":10,"deletions":6}}},{"hash":"cdd4161e4e8e6ac8bf6bbc1dc67cf7df20cc2ad6","isMergeCommit":false,"messageTitle":"Echo implemented","messageBody":"","tags":["Level-1"],"fileTypesAndContributionMap":{"java":{"insertions":88,"deletions":3}}},{"hash":"8a8366402b881b3516ab9f7fd3e21072e7c0ba4a","isMergeCommit":false,"messageTitle":"TaskList implementation","messageBody":"","fileTypesAndContributionMap":{"java":{"insertions":44,"deletions":13}}},{"hash":"097e9af2394eb65600d6317b32604ba7c2be7beb","isMergeCommit":false,"messageTitle":"modularity in code","messageBody":"","tags":["Level-2"],"fileTypesAndContributionMap":{"java":{"insertions":33,"deletions":16}}}]},{"date":"2024-01-26","commitResults":[{"hash":"110ba29798588004e9a77f8be5708be2000abaff","isMergeCommit":false,"messageTitle":"add personality","messageBody":"","fileTypesAndContributionMap":{"java":{"insertions":19,"deletions":7}}},{"hash":"a1729bf9bfe391028bfea10c4605b7b215763410","isMergeCommit":false,"messageTitle":"mark and unmark","messageBody":"","tags":["Level-3"],"fileTypesAndContributionMap":{"java":{"insertions":102,"deletions":21}}}]},{"date":"2024-01-28","commitResults":[{"hash":"8798ed3da3c7e275c2d6c462a4ed3cd632c8e007","isMergeCommit":false,"messageTitle":"refactor code","messageBody":"","fileTypesAndContributionMap":{"java":{"insertions":47,"deletions":23}}},{"hash":"d7d3ea5fcb734a7e9844aea1e89f47abdcea4fb4","isMergeCommit":false,"messageTitle":"functional tasks","messageBody":"","fileTypesAndContributionMap":{"java":{"insertions":147,"deletions":53}}},{"hash":"e1daca3f616376c75c8d772112ceab4b32412df2","isMergeCommit":false,"messageTitle":"bug fix, list command spacing","messageBody":"","fileTypesAndContributionMap":{"txt":{"insertions":4,"deletions":0},"java":{"insertions":7,"deletions":6}}},{"hash":"027263d9ede96a5b2ce112b875d6e451cf5450cb","isMergeCommit":false,"messageTitle":"parsing bug fix deadline, event","messageBody":"","fileTypesAndContributionMap":{"java":{"insertions":8,"deletions":5}}},{"hash":"efcd626b0e23d459ef00c13aaff64c2790e7b2f9","isMergeCommit":false,"messageTitle":"refactor code","messageBody":"","tags":["Level-4"],"fileTypesAndContributionMap":{"java":{"insertions":52,"deletions":37}}},{"hash":"259c59ba61924dd7e41e9778429ace5524e24e15","isMergeCommit":false,"messageTitle":"add testcases","messageBody":"","tags":["A-TextUiTesting"],"fileTypesAndContributionMap":{"txt":{"insertions":10,"deletions":3}}}]},{"date":"2024-01-29","commitResults":[{"hash":"4e7fcc303bb2d213a365a2effa268552258781f0","isMergeCommit":false,"messageTitle":"Error Handling BotException","messageBody":"","tags":["Level-5"],"fileTypesAndContributionMap":{"java":{"insertions":90,"deletions":23}}},{"hash":"6f226a4315cc058c15a95d83d10930d7e82f1a1e","isMergeCommit":false,"messageTitle":"delete bug fix","messageBody":"","fileTypesAndContributionMap":{"java":{"insertions":45,"deletions":1}}},{"hash":"9be73e252ed5fac43d615a19a68b444b2e0f093f","isMergeCommit":false,"messageTitle":"remove unused code","messageBody":"","tags":["Level-6"],"fileTypesAndContributionMap":{"java":{"insertions":0,"deletions":50}}},{"hash":"ba19f631d55ee5a5dc2c2810ee822753e20e8633","isMergeCommit":false,"messageTitle":"update unused code","messageBody":"","fileTypesAndContributionMap":{"java":{"insertions":0,"deletions":50}}}]},{"date":"2024-02-01","commitResults":[{"hash":"02a14527bf9b1642f48b2dd950416ad082615405","isMergeCommit":false,"messageTitle":"task repository structure","messageBody":"","fileTypesAndContributionMap":{"java":{"insertions":37,"deletions":0}}}]},{"date":"2024-02-02","commitResults":[{"hash":"b1d91f19ae3dff51d2c2743300e7b956b1679cf0","isMergeCommit":false,"messageTitle":"storage method","messageBody":"","fileTypesAndContributionMap":{"java":{"insertions":27,"deletions":1}}}]},{"date":"2024-02-08","commitResults":[{"hash":"06033ef7e9e27c3e885c0e206da2597bb77c65a2","isMergeCommit":false,"messageTitle":"buggy code","messageBody":"","fileTypesAndContributionMap":{"txt":{"insertions":1,"deletions":0},"java":{"insertions":134,"deletions":39}}}]},{"date":"2024-02-10","commitResults":[{"hash":"d64ce1214349ce5141d0e2247ecd8430c88c4d7c","isMergeCommit":false,"messageTitle":"change task toString format","messageBody":"","fileTypesAndContributionMap":{"txt":{"insertions":3,"deletions":1},"java":{"insertions":73,"deletions":107}}},{"hash":"478b43d968d8c65c7bc8d4aba3ff0ab3cb8b3308","isMergeCommit":false,"messageTitle":"taskrepo working functions","messageBody":"","fileTypesAndContributionMap":{"txt":{"insertions":3,"deletions":3},"java":{"insertions":62,"deletions":57}}},{"hash":"5ac1a3e975b0612917702a51c59cb4094e96abb1","isMergeCommit":false,"messageTitle":"task storage implemented","messageBody":"","fileTypesAndContributionMap":{"txt":{"insertions":0,"deletions":3},"java":{"insertions":12,"deletions":13}}},{"hash":"0c7ce132f0802b4f0681661524b149c0d0745229","isMergeCommit":false,"messageTitle":"add docs and clean up code","messageBody":"","fileTypesAndContributionMap":{"java":{"insertions":223,"deletions":63}}},{"hash":"fda68600159a6dc9995c6c7606ed2a9ae8896044","isMergeCommit":true,"messageTitle":"Merge pull request #1 from PyromancerBoom/branch-level-7","messageBody":"Branch level 7","tags":["Level-7"],"fileTypesAndContributionMap":{}},{"hash":"ffcbf583d13be17b28a9bf2f5a1afa51d6b93952","isMergeCommit":false,"messageTitle":"dates and times","messageBody":"","fileTypesAndContributionMap":{"txt":{"insertions":2,"deletions":0},"java":{"insertions":10,"deletions":3}}},{"hash":"5a72d8a4c4c031f42478d16337b03287656a1759","isMergeCommit":false,"messageTitle":"date time formatting for repository","messageBody":"","fileTypesAndContributionMap":{"java":{"insertions":9,"deletions":4}}},{"hash":"76489811b125b45ecd45601757c189684b9e0255","isMergeCommit":false,"messageTitle":"date and time format error handling","messageBody":"","fileTypesAndContributionMap":{"txt":{"insertions":2,"deletions":0},"java":{"insertions":10,"deletions":5}}},{"hash":"b2140b3b26e449b2353da0ccbd9e15c8b99c1ac0","isMergeCommit":false,"messageTitle":"update date time in event, bug fix task marking as complete while loading","messageBody":"","fileTypesAndContributionMap":{"txt":{"insertions":5,"deletions":2},"java":{"insertions":55,"deletions":4}}},{"hash":"707ecf2955ce172fc273a0f023c831bb19070d89","isMergeCommit":true,"messageTitle":"Merge pull request #2 from PyromancerBoom/branch-Level-8","messageBody":"Branch level 8\r\n\r\nAdded Date Time Formatting for Deadline and event\r\nBug Fixed loadTasks function.\r\n- Issue : While loading tasks, it was not pickign up whether task is complete or not.\r\n- SaveTasks works fine.","tags":["Level-8"],"fileTypesAndContributionMap":{}},{"hash":"77b41c9557cbe6bf6b911c57d84ea87340eea20b","isMergeCommit":false,"messageTitle":"refactor code","messageBody":"","fileTypesAndContributionMap":{"txt":{"insertions":2,"deletions":3},"java":{"insertions":122,"deletions":93}}},{"hash":"1d4b54f5a2648c0addb4e7945e58140a2a9d301c","isMergeCommit":false,"messageTitle":"remove redundant import","messageBody":"","fileTypesAndContributionMap":{"java":{"insertions":0,"deletions":1}}},{"hash":"e2cef426b9a90d3d36edd118c363feb5a7f45d93","isMergeCommit":true,"messageTitle":"Merge pull request #3 from PyromancerBoom/aMoreOOP","messageBody":"A more oop\r\n\r\n- Refactored Code","tags":["A-MoreOOP"],"fileTypesAndContributionMap":{}},{"hash":"d4d4570c2b064abdb46b289d1e8b76795c224d2e","isMergeCommit":false,"messageTitle":"refactor to duke package","messageBody":"","fileTypesAndContributionMap":{"txt":{"insertions":3,"deletions":6},"java":{"insertions":21,"deletions":0}}},{"hash":"2d0091592b6a1585a3e5ca8846f7b52e7dd9c76b","isMergeCommit":true,"messageTitle":"Merge pull request #4 from PyromancerBoom/A-Packages","messageBody":"- Refactor Codebase to duke package","tags":["A-Packages"],"fileTypesAndContributionMap":{}},{"hash":"11109ca8738b7869144222ebcc9d5385f9d54e1e","isMergeCommit":true,"messageTitle":"Merge pull request #5 from PyromancerBoom/add-gradle-support","messageBody":"Add gradle support","fileTypesAndContributionMap":{}},{"hash":"e2f4f8a65643fa368ace52db6a2d48b27679cedb","isMergeCommit":false,"messageTitle":"add gradle","messageBody":"","tags":["A-Gradle"],"fileTypesAndContributionMap":{"gradle":{"insertions":1,"deletions":1},"txt":{"insertions":1,"deletions":1}}},{"hash":"629605e67d9cf8aad7f61f2e2aae38513c13c4d6","isMergeCommit":false,"messageTitle":"tasklist unit tests","messageBody":"","fileTypesAndContributionMap":{"java":{"insertions":100,"deletions":0}}},{"hash":"4699011d8821877927dfbf4554f774547db313b2","isMergeCommit":false,"messageTitle":"event unit tests","messageBody":"","tags":["A-JUnit"],"fileTypesAndContributionMap":{"txt":{"insertions":4,"deletions":3},"java":{"insertions":37,"deletions":0}}}]},{"date":"2024-02-11","commitResults":[{"hash":"f60bbe6352938894c419fcd9d61056684da56731","isMergeCommit":false,"messageTitle":"update dir","messageBody":"","tags":["A-Jar"],"fileTypesAndContributionMap":{"txt":{"insertions":1,"deletions":1}}},{"hash":"a348486f3e48ed6cda61fb85c29fb49e39afe4a9","isMergeCommit":false,"messageTitle":"add javadocs","messageBody":"","fileTypesAndContributionMap":{"txt":{"insertions":1,"deletions":1},"java":{"insertions":190,"deletions":65}}},{"hash":"e9ff9c1e90e1492f38b5c7213a03284a990667bf","isMergeCommit":false,"messageTitle":"implement find by keyword","messageBody":"","fileTypesAndContributionMap":{"txt":{"insertions":2,"deletions":0},"java":{"insertions":45,"deletions":0}}},{"hash":"6f6411ca332b7155656a5bd26f52826c9de31773","isMergeCommit":false,"messageTitle":"update coding standard","messageBody":"","fileTypesAndContributionMap":{"java":{"insertions":42,"deletions":42}}},{"hash":"c90f99e667d4a7f3a0b2f6bcbf5aa3238118b7d6","isMergeCommit":true,"messageTitle":"Merge pull request #6 from PyromancerBoom/branch-A-JavaDoc","messageBody":"Add and update JavaDocs throughout codebase","tags":["A-JavaDoc"],"fileTypesAndContributionMap":{}},{"hash":"e4e8f6ddf2a5cc402575064258f989cd0336b147","isMergeCommit":true,"messageTitle":"Merge branch \u0027master\u0027 into A-CodingStandard","messageBody":"","fileTypesAndContributionMap":{}},{"hash":"4c77ed32ce9ac7bc3253765140add17103ff012d","isMergeCommit":true,"messageTitle":"Merge pull request #7 from PyromancerBoom/A-CodingStandard","messageBody":"Update coding standard.\r\nConflicts resolved.","tags":["A-CodingStandard"],"fileTypesAndContributionMap":{}},{"hash":"c410c56e819edd2ec60908814df1ce5e2374c32c","isMergeCommit":true,"messageTitle":"Merge branch \u0027master\u0027 into branch-Level-9","messageBody":"","fileTypesAndContributionMap":{}},{"hash":"d807a064aae962dcd345f6baed621c601fee72ee","isMergeCommit":true,"messageTitle":"Merge pull request #8 from PyromancerBoom/branch-Level-9","messageBody":"Implement find by keyword","fileTypesAndContributionMap":{}},{"hash":"f9537b5db8a4b018eba6bc540272bd1ced8a08c2","isMergeCommit":false,"messageTitle":"bug fix import","messageBody":"","tags":["Level-9"],"fileTypesAndContributionMap":{"txt":{"insertions":2,"deletions":2},"java":{"insertions":5,"deletions":3}}}]},{"date":"2024-02-16","commitResults":[{"hash":"1cd58bb97e09b20a35ffbddbd34a80786374b13e","isMergeCommit":false,"messageTitle":"update variables","messageBody":"","fileTypesAndContributionMap":{"java":{"insertions":4,"deletions":4}}}]},{"date":"2024-02-17","commitResults":[{"hash":"3548fc1a48482324de69d54728ddfce9d96b9b69","isMergeCommit":false,"messageTitle":"basic ui","messageBody":"","fileTypesAndContributionMap":{"gradle":{"insertions":16,"deletions":0},"txt":{"insertions":1,"deletions":0},"java":{"insertions":113,"deletions":1}}},{"hash":"1c0a3abfe9daccd91711ceede544097ce3ea0826","isMergeCommit":false,"messageTitle":"Add DialogBox","messageBody":"","fileTypesAndContributionMap":{"java":{"insertions":84,"deletions":9}}},{"hash":"d37c466eb752072fdac66e61f3c8b1de2f3afcb5","isMergeCommit":false,"messageTitle":"Add styling","messageBody":"","fileTypesAndContributionMap":{"java":{"insertions":20,"deletions":8}}}]},{"date":"2024-02-18","commitResults":[{"hash":"84d3b1a36e285640c84cf74672176c787c620930","isMergeCommit":false,"messageTitle":"Remove trailing elipses","messageBody":"","fileTypesAndContributionMap":{"fxml":{"insertions":54,"deletions":0},"java":{"insertions":155,"deletions":41}}}]},{"date":"2024-02-25","commitResults":[{"hash":"63ce169485d7ed04390c3ae96452ab2c2f2464b4","isMergeCommit":false,"messageTitle":"Fix dialog wrap text bug","messageBody":"","fileTypesAndContributionMap":{"gradle":{"insertions":3,"deletions":4},"fxml":{"insertions":7,"deletions":13},"java":{"insertions":181,"deletions":102}}},{"hash":"56b4d10f87d1daadb318896b2d3fdb7c47317ea3","isMergeCommit":false,"messageTitle":"Add list command in gui","messageBody":"","fileTypesAndContributionMap":{"java":{"insertions":260,"deletions":137}}}]},{"date":"2024-02-26","commitResults":[{"hash":"14adfd69d611f80b03419158e1352952fd0087aa","isMergeCommit":false,"messageTitle":"Add todo and deadline to Gui","messageBody":"","fileTypesAndContributionMap":{"txt":{"insertions":4,"deletions":0},"java":{"insertions":128,"deletions":53}}},{"hash":"f9c83513af987b94e12ae9233dd0ef091cffc27e","isMergeCommit":false,"messageTitle":"Add event command to gui","messageBody":"","fileTypesAndContributionMap":{"txt":{"insertions":1,"deletions":0},"java":{"insertions":23,"deletions":25}}},{"hash":"93ae119a957483d9fb63ab9eb5d7751dc525b234","isMergeCommit":false,"messageTitle":"Add mark and unmark","messageBody":"","fileTypesAndContributionMap":{"txt":{"insertions":2,"deletions":7},"java":{"insertions":114,"deletions":214}}},{"hash":"1fa210c58f5f1e94d72ffe60dae75bda867e0fa4","isMergeCommit":false,"messageTitle":"Add delete and find in gui","messageBody":"","fileTypesAndContributionMap":{"txt":{"insertions":2,"deletions":2},"java":{"insertions":90,"deletions":13}}},{"hash":"998453a4bcfe4703f5c5d2f355c3d62d2356d542","isMergeCommit":false,"messageTitle":"Fix delete messages","messageBody":"","fileTypesAndContributionMap":{"txt":{"insertions":3,"deletions":2},"java":{"insertions":10,"deletions":12}}},{"hash":"cb8587866a769b3454adfaa3fa8caa0bcce3a2f4","isMergeCommit":false,"messageTitle":"Bot class javadocs","messageBody":"","fileTypesAndContributionMap":{"java":{"insertions":13,"deletions":8}}},{"hash":"bf6a44b3882e898ef0e4ab3c8a45f65c54ef5821","isMergeCommit":false,"messageTitle":"Add DialogBox javadocs","messageBody":"","fileTypesAndContributionMap":{"java":{"insertions":34,"deletions":9}}},{"hash":"004d0e44b9b0db5e4324b14478b71b50b9f45518","isMergeCommit":false,"messageTitle":"Update TaskRepository comments","messageBody":"","fileTypesAndContributionMap":{"java":{"insertions":1,"deletions":8}}},{"hash":"650740b5c0250214074aa5d96925fb98af6d272a","isMergeCommit":false,"messageTitle":"Add Launcher JavaDocs","messageBody":"","fileTypesAndContributionMap":{"java":{"insertions":6,"deletions":2}}},{"hash":"4e5d0ade225a98cbd037e388d5ac0f937bcc9e27","isMergeCommit":false,"messageTitle":"Add javadocs for Main","messageBody":"","fileTypesAndContributionMap":{"java":{"insertions":14,"deletions":1}}},{"hash":"6596a99ba2619497e5dbfcd461b5d11832f770b8","isMergeCommit":false,"messageTitle":"Update MainWindow JavaDocs","messageBody":"","fileTypesAndContributionMap":{"java":{"insertions":9,"deletions":0}}},{"hash":"6487bdf482b2fb0f76689f7840c70c4f8aa6ba60","isMergeCommit":false,"messageTitle":"Refactor terminal and gui code","messageBody":"","fileTypesAndContributionMap":{"txt":{"insertions":3,"deletions":3},"java":{"insertions":52,"deletions":17}}},{"hash":"87cd68d84f61c909f93198b1e1d19ccc53343c50","isMergeCommit":false,"messageTitle":"Update Ui Line length","messageBody":"","fileTypesAndContributionMap":{"java":{"insertions":1,"deletions":1}}},{"hash":"aca7088d2316c760eb85205fb7cb2762f4c5b449","isMergeCommit":true,"messageTitle":"Merge pull request #10 from PyromancerBoom/branch-Level-10","messageBody":"Branch level 10\r\n\r\nAdded GUI Interface for the bot\r\nRefactored both the GUI and Terminal Code\r\nThe bot can be used with terminal and Gui both with data sync\r\nSame functionality as before","tags":["Level-10"],"fileTypesAndContributionMap":{}},{"hash":"fba0731faf9f147423cfacde221fbac88fac2cda","isMergeCommit":false,"messageTitle":"Update Gradle File","messageBody":"","fileTypesAndContributionMap":{"gradle":{"insertions":3,"deletions":1}}},{"hash":"29c230ccdc4e2ec8b5c4cbb6323711d2dd268572","isMergeCommit":false,"messageTitle":"Add assertions in deadline","messageBody":"","fileTypesAndContributionMap":{"java":{"insertions":3,"deletions":0}}},{"hash":"115ed42b4f3aac1e9381fafabc992b5f2b0a886f","isMergeCommit":false,"messageTitle":"Add assetions in dialogbox","messageBody":"","fileTypesAndContributionMap":{"txt":{"insertions":1,"deletions":1},"java":{"insertions":7,"deletions":0}}},{"hash":"0590ede6bf46a26bad37be8e5728d995d166e422","isMergeCommit":false,"messageTitle":"Add assertions in duke","messageBody":"","fileTypesAndContributionMap":{"java":{"insertions":14,"deletions":0}}}]},{"date":"2024-02-27","commitResults":[{"hash":"bd7f7ea000776d948c3bc7c2a01238bb270612d7","isMergeCommit":false,"messageTitle":"Fix assertion messages","messageBody":"","fileTypesAndContributionMap":{"java":{"insertions":9,"deletions":9}}},{"hash":"85f57aa7bb2c3504df9e634b6d0756c09d36862a","isMergeCommit":false,"messageTitle":"Add assertions in Task","messageBody":"","fileTypesAndContributionMap":{"java":{"insertions":36,"deletions":0}}},{"hash":"36c53dd1ca73932fcaf34f6d3aa92e5d09fc435a","isMergeCommit":false,"messageTitle":"Add assertions tasklist","messageBody":"","fileTypesAndContributionMap":{"txt":{"insertions":1,"deletions":1},"java":{"insertions":5,"deletions":0}}},{"hash":"55b0e4eace0870cd267abc7c1eaae6844fdadd67","isMergeCommit":false,"messageTitle":"Add assertions for task storage handler","messageBody":"","fileTypesAndContributionMap":{"txt":{"insertions":1,"deletions":1},"java":{"insertions":5,"deletions":0}}},{"hash":"a2e1c8b6dfe49be90612a6b7e1035f7320dfc054","isMergeCommit":false,"messageTitle":"Add assertions for timeBlock","messageBody":"","fileTypesAndContributionMap":{"java":{"insertions":2,"deletions":0}}},{"hash":"9a0c4ff7f3e7a7852af1e51eaf01eb1a8df8e4d0","isMergeCommit":false,"messageTitle":"Update Unit Tests","messageBody":"","fileTypesAndContributionMap":{"java":{"insertions":2,"deletions":2}}},{"hash":"770b7847da1ab8179005300830ce2b603403ec98","isMergeCommit":true,"messageTitle":"Merge pull request #11 from PyromancerBoom/branch-A-Assertions","messageBody":"Branch a assertions. ","tags":["A-Assertions"],"fileTypesAndContributionMap":{}}]},{"date":"2024-02-28","commitResults":[{"hash":"db011473b378a5f90708d0af9f5673a2817e59a4","isMergeCommit":false,"messageTitle":"Refactor code","messageBody":"","fileTypesAndContributionMap":{"java":{"insertions":225,"deletions":179}}},{"hash":"82d2519d3e2fda63b15c71fdafc8fcaac6c955f8","isMergeCommit":false,"messageTitle":"Refactor code","messageBody":"The code throughout has been refactored to improve readability and maintainability. The changes include renaming the handlers, simplifying the code, and updating the main I/O handler with fewer lines of code.\n\nPreviously, there was a lot of arrowhead in multiple lines which made it harder to understand. As such, those ocdes were refactores with more private functions wherever it was possible to modularise it.\n\nAdditionally, assertions have been added throughout the codebase. This helps to catch potential errors early and makes the code more robust.\n\nOverall, the code is much more modular and easier to work with.\n\nThese changes contribute to making the code cleaner and easier to understand, which will facilitate future development and maintenance.\n","tags":["A-FullCommitMessage"],"fileTypesAndContributionMap":{"txt":{"insertions":3,"deletions":2},"java":{"insertions":31,"deletions":28}}},{"hash":"9b2e4d0f08e378b69d753933778d571de65335a5","isMergeCommit":true,"messageTitle":"Merge pull request #12 from PyromancerBoom/branch-A-CodeQuality","messageBody":"Branch a code quality","tags":["A-CodeQuality"],"fileTypesAndContributionMap":{}},{"hash":"587f70b85d3c250748e897ec6059b265c15c6557","isMergeCommit":false,"messageTitle":"Update deadline format error","messageBody":"","fileTypesAndContributionMap":{"java":{"insertions":3,"deletions":1}}}]},{"date":"2024-02-29","commitResults":[{"hash":"816655d2140be8261e6fd1997cdad6f0279e0074","isMergeCommit":false,"messageTitle":"Implement command enums","messageBody":"","tags":["A-Enums"],"fileTypesAndContributionMap":{"txt":{"insertions":2,"deletions":2},"java":{"insertions":46,"deletions":12}}},{"hash":"57a5c3b7907caf85bd538a7919a2a77f233fe340","isMergeCommit":false,"messageTitle":"Add friendlier syntax","messageBody":"Supports shorthand alias\nSupport case-insensitive commands\n","tags":["BCD-Extension"],"fileTypesAndContributionMap":{"txt":{"insertions":3,"deletions":3},"java":{"insertions":61,"deletions":9}}},{"hash":"7e4f3b33679f0a957e69f9745479a3620ab8193f","isMergeCommit":false,"messageTitle":"Remove unused code, variables, and update javadocs","messageBody":"","fileTypesAndContributionMap":{"java":{"insertions":13,"deletions":32}}},{"hash":"2a1bf121e2d89145437bd3c31b68a3986edaf28b","isMergeCommit":false,"messageTitle":"Update storage","messageBody":"","fileTypesAndContributionMap":{"txt":{"insertions":10,"deletions":10}}},{"hash":"3c5099195c90642230be4bce72ebefc1da171af7","isMergeCommit":false,"messageTitle":"Update Readme","messageBody":"","fileTypesAndContributionMap":{"txt":{"insertions":2,"deletions":8},"md":{"insertions":80,"deletions":16}}},{"hash":"5a47a1e21a59f7084b2f1f31ab7a9b1240cd50fd","isMergeCommit":false,"messageTitle":"Update Readme","messageBody":"","fileTypesAndContributionMap":{"gradle":{"insertions":1,"deletions":2},"md":{"insertions":8,"deletions":2}}},{"hash":"aace2308ea75f881abbd646d64d25436300afc15","isMergeCommit":false,"messageTitle":"Remove Terminal Support, Refactor, Clean-up","messageBody":"Removed terminal support for the bot, the software can only be used with GUI now.\n\nCleaned up unused code, removed redundant statements, remove unused imports.\n\nRefactor code more\n","tags":["A-Release"],"fileTypesAndContributionMap":{"txt":{"insertions":2,"deletions":2},"java":{"insertions":8,"deletions":457}}},{"hash":"1dee6116b1ad9afbe58ebb5db40dd2593b745ab0","isMergeCommit":false,"messageTitle":"Update Readme","messageBody":"","fileTypesAndContributionMap":{"txt":{"insertions":1,"deletions":1},"md":{"insertions":96,"deletions":13}}},{"hash":"1bf7b713a746822cca10d7129dab39fe4630fa37","isMergeCommit":false,"messageTitle":"Update README","messageBody":"","fileTypesAndContributionMap":{"md":{"insertions":3,"deletions":1}}},{"hash":"9f73c202aa75233fcd83be3637abb6cdc568a150","isMergeCommit":false,"messageTitle":"Update readme","messageBody":"","fileTypesAndContributionMap":{"md":{"insertions":2,"deletions":2}}},{"hash":"2de1ac32d4c21fd69975874abb31d0c35a904621","isMergeCommit":false,"messageTitle":"Update README","messageBody":"","fileTypesAndContributionMap":{"md":{"insertions":2,"deletions":2}}}]}]},"authorFileTypeContributionMap":{"PyromancerBoom":{"java":1543,"md":179,"fxml":48,"sh":0,"bat":0,"gradle":17,"txt":15}},"authorContributionVariance":{"PyromancerBoom":79331.96},"authorDisplayNameMap":{"PyromancerBoom":"CS2103T-T17-2 BIMB..ANSH"}}
