{"authorDailyContributionsMap":{"chewbum":[{"date":"2024-01-23","commitResults":[{"hash":"0c87ba4eec2da21ae445324d36b386ca57b26a57","isMergeCommit":false,"messageTitle":"level 0","messageBody":"","tags":["Level-0"],"fileTypesAndContributionMap":{"java":{"insertions":3,"deletions":1}}},{"hash":"33eba8ea29ab0b16819d3d88fdc956f199ea6470","isMergeCommit":false,"messageTitle":" Level 1 Echo","messageBody":"","tags":["Level-1"],"fileTypesAndContributionMap":{"java":{"insertions":25,"deletions":3}}},{"hash":"b7a15b8fdf70b67c02aecc1139e4b3996f3c5639","isMergeCommit":false,"messageTitle":"Level-2 Add, List","messageBody":"","tags":["Level-2"],"fileTypesAndContributionMap":{"java":{"insertions":26,"deletions":6}}},{"hash":"5f28b32450fd99de104904a4a97640a816169fa4","isMergeCommit":false,"messageTitle":"Level-3 Mark as Done","messageBody":"","tags":["Level-3"],"fileTypesAndContributionMap":{"java":{"insertions":75,"deletions":20}}},{"hash":"dbb4b6bc98158f63e393d9ec5743143bc8b4dc5d","isMergeCommit":false,"messageTitle":"Level-4 ToDos,Events,Deadlines","messageBody":"","tags":["Level-4"],"fileTypesAndContributionMap":{"java":{"insertions":103,"deletions":5}}}]},{"date":"2024-01-24","commitResults":[{"hash":"5645f4b521a44e12bc9587087ee40e34c069ac08","isMergeCommit":false,"messageTitle":"Level-5","messageBody":"","tags":["Level-5"],"fileTypesAndContributionMap":{"java":{"insertions":34,"deletions":27}}},{"hash":"2336fe8c918fa3cdfb2c6eb18b9258cf27c14bd3","isMergeCommit":false,"messageTitle":"Level-6","messageBody":"","tags":["Level-6"],"fileTypesAndContributionMap":{"java":{"insertions":41,"deletions":10}}}]},{"date":"2024-01-28","commitResults":[{"hash":"ae28a87025558aca7ffbbc3cc92986d0a2f33dd0","isMergeCommit":false,"messageTitle":"Automated Testing","messageBody":"","tags":["A-TextUiTesting"],"fileTypesAndContributionMap":{"txt":{"insertions":17,"deletions":0}}}]},{"date":"2024-01-29","commitResults":[{"hash":"adebe94414075220c74b0b092fbbb624bf1b2208","isMergeCommit":false,"messageTitle":"Level- 7 Add TaskStorage","messageBody":"","fileTypesAndContributionMap":{"txt":{"insertions":0,"deletions":0},"java":{"insertions":58,"deletions":2}}},{"hash":"e6a785590660d5478fa34289b80c1711308ff546","isMergeCommit":false,"messageTitle":"Level 7 Integrated File Saving into Duke","messageBody":"","tags":["Level-7-branch"],"fileTypesAndContributionMap":{"java":{"insertions":10,"deletions":7}}},{"hash":"71ab8ac43d89e4c82ed5facb577d3299090f78b8","isMergeCommit":true,"messageTitle":"Merge branch \u0027branch-Level-7\u0027","messageBody":"","tags":["Level-7"],"fileTypesAndContributionMap":{}}]},{"date":"2024-01-30","commitResults":[{"hash":"16a64eb032353dda1b10553a510c6805e38b7f4c","isMergeCommit":false,"messageTitle":"Level-8 branch","messageBody":"","tags":["Level-8-branch"],"fileTypesAndContributionMap":{"java":{"insertions":102,"deletions":21}}},{"hash":"320d0c31c79e8a2323d1aaf6d690857e337a90fd","isMergeCommit":true,"messageTitle":"Merge branch \u0027branch-Level-8\u0027","messageBody":"","tags":["Level-8"],"fileTypesAndContributionMap":{}},{"hash":"95d8aae67ab1f137007ced86e14ec3cb32436871","isMergeCommit":false,"messageTitle":"Use More OOP","messageBody":"","tags":["A-Packages","A-More-OOP"],"fileTypesAndContributionMap":{"java":{"insertions":546,"deletions":220},"bat":{"insertions":1,"deletions":1},"md":{"insertions":2,"deletions":2}}},{"hash":"06f8a9984acea68c9b288781782235a8ce7d65fe","isMergeCommit":true,"messageTitle":"Merge branch \u0027add-gradle-support\u0027","messageBody":"","tags":["A-Gradle"],"fileTypesAndContributionMap":{}},{"hash":"51ed5034ac22f88733ea2c709e20648db73402d4","isMergeCommit":false,"messageTitle":"Add JUnit Tests","messageBody":"","tags":["A-Jar","A-JUnit"],"fileTypesAndContributionMap":{"java":{"insertions":46,"deletions":0}}}]},{"date":"2024-01-31","commitResults":[{"hash":"383b98d6efdcdfc2d680e9e2facaab84df49f746","isMergeCommit":false,"messageTitle":"Create a JAR File","messageBody":"","fileTypesAndContributionMap":{"gradle":{"insertions":1,"deletions":1}}},{"hash":"727de669d6e1f63a1ee1c01a7cce0dbd6c349320","isMergeCommit":false,"messageTitle":"Add javadoc","messageBody":"","tags":["A-JavaDoc","A-CodingStandard"],"fileTypesAndContributionMap":{"java":{"insertions":30,"deletions":1}}},{"hash":"263cec575b21064cac2813f608c42cf0dafdae1a","isMergeCommit":false,"messageTitle":"Add find feature","messageBody":"","tags":["Level-9"],"fileTypesAndContributionMap":{"java":{"insertions":34,"deletions":0}}},{"hash":"03050aa323f735f5e1f4f8d1af1292a69514d75c","isMergeCommit":true,"messageTitle":"Merge branch \u0027branch-Level-9\u0027","messageBody":"","fileTypesAndContributionMap":{}}]}]},"authorFileTypeContributionMap":{"chewbum":{"java":820,"md":2,"fxml":0,"sh":0,"bat":1,"gradle":1,"txt":17}},"authorContributionVariance":{"chewbum":62407.758},"authorDisplayNameMap":{"chewbum":"CS2103-F08-1 CHEW..XUAN"}}
