[{"path":"src/main/java/ChatbotRan/Deadline.java","fileType":"java","lines":[{"lineNumber":1,"author":{"gitId":"leeweiming3"},"content":"package ChatbotRan;","lastModifiedDate":"2024-01-25"},{"lineNumber":2,"author":{"gitId":"leeweiming3"},"content":"","lastModifiedDate":"2024-01-25"},{"lineNumber":3,"author":{"gitId":"leeweiming3"},"content":"import java.time.LocalDate;","lastModifiedDate":"2024-02-06"},{"lineNumber":4,"author":{"gitId":"leeweiming3"},"content":"import java.time.format.DateTimeParseException;","lastModifiedDate":"2024-02-06"},{"lineNumber":5,"author":{"gitId":"leeweiming3"},"content":"","lastModifiedDate":"2024-02-06"},{"lineNumber":6,"author":{"gitId":"leeweiming3"},"content":"public class Deadline extends Task {","lastModifiedDate":"2024-01-25"},{"lineNumber":7,"author":{"gitId":"leeweiming3"},"content":"    private LocalDate deadline;","lastModifiedDate":"2024-02-06"},{"lineNumber":8,"author":{"gitId":"leeweiming3"},"content":"","lastModifiedDate":"2024-01-25"},{"lineNumber":9,"author":{"gitId":"leeweiming3"},"content":"    public Deadline(String contents, LocalDate deadline) {","lastModifiedDate":"2024-02-06"},{"lineNumber":10,"author":{"gitId":"leeweiming3"},"content":"        super(contents);","lastModifiedDate":"2024-01-25"},{"lineNumber":11,"author":{"gitId":"leeweiming3"},"content":"        this.deadline \u003d deadline;","lastModifiedDate":"2024-01-25"},{"lineNumber":12,"author":{"gitId":"leeweiming3"},"content":"    }","lastModifiedDate":"2024-01-25"},{"lineNumber":13,"author":{"gitId":"leeweiming3"},"content":"","lastModifiedDate":"2024-01-25"},{"lineNumber":14,"author":{"gitId":"leeweiming3"},"content":"    public Deadline(String contents, String deadline) {","lastModifiedDate":"2024-02-06"},{"lineNumber":15,"author":{"gitId":"leeweiming3"},"content":"        this(contents, LocalDate.parse(deadline));","lastModifiedDate":"2024-02-06"},{"lineNumber":16,"author":{"gitId":"leeweiming3"},"content":"    }","lastModifiedDate":"2024-02-06"},{"lineNumber":17,"author":{"gitId":"leeweiming3"},"content":"","lastModifiedDate":"2024-02-06"},{"lineNumber":18,"author":{"gitId":"leeweiming3"},"content":"","lastModifiedDate":"2024-02-06"},{"lineNumber":19,"author":{"gitId":"leeweiming3"},"content":"    public static Deadline parse(String line, int space) {","lastModifiedDate":"2024-01-25"},{"lineNumber":20,"author":{"gitId":"leeweiming3"},"content":"        String[] texts \u003d Util.parse(line, space, \"/by\");","lastModifiedDate":"2024-01-26"},{"lineNumber":21,"author":{"gitId":"leeweiming3"},"content":"        try {","lastModifiedDate":"2024-02-06"},{"lineNumber":22,"author":{"gitId":"leeweiming3"},"content":"            return new Deadline(texts[0], texts[1]);","lastModifiedDate":"2024-01-25"},{"lineNumber":23,"author":{"gitId":"leeweiming3"},"content":"        } catch (DateTimeParseException e) {","lastModifiedDate":"2024-02-06"},{"lineNumber":24,"author":{"gitId":"leeweiming3"},"content":"            throw new TaskException(\"Invalid date: \" + e.getParsedString());","lastModifiedDate":"2024-02-06"},{"lineNumber":25,"author":{"gitId":"leeweiming3"},"content":"        }","lastModifiedDate":"2024-02-06"},{"lineNumber":26,"author":{"gitId":"leeweiming3"},"content":"    }","lastModifiedDate":"2024-01-25"},{"lineNumber":27,"author":{"gitId":"leeweiming3"},"content":"","lastModifiedDate":"2024-01-25"},{"lineNumber":28,"author":{"gitId":"leeweiming3"},"content":"    @Override","lastModifiedDate":"2024-01-25"},{"lineNumber":29,"author":{"gitId":"leeweiming3"},"content":"    String getType() {","lastModifiedDate":"2024-01-25"},{"lineNumber":30,"author":{"gitId":"leeweiming3"},"content":"        return \"D\";","lastModifiedDate":"2024-01-25"},{"lineNumber":31,"author":{"gitId":"leeweiming3"},"content":"    }","lastModifiedDate":"2024-01-25"},{"lineNumber":32,"author":{"gitId":"leeweiming3"},"content":"","lastModifiedDate":"2024-01-25"},{"lineNumber":33,"author":{"gitId":"leeweiming3"},"content":"    public LocalDate getDeadline() {","lastModifiedDate":"2024-02-06"},{"lineNumber":34,"author":{"gitId":"leeweiming3"},"content":"        return deadline;","lastModifiedDate":"2024-01-25"},{"lineNumber":35,"author":{"gitId":"leeweiming3"},"content":"    }","lastModifiedDate":"2024-01-25"},{"lineNumber":36,"author":{"gitId":"leeweiming3"},"content":"","lastModifiedDate":"2024-01-25"},{"lineNumber":37,"author":{"gitId":"leeweiming3"},"content":"    public void setDeadline(LocalDate deadline) {","lastModifiedDate":"2024-02-06"},{"lineNumber":38,"author":{"gitId":"leeweiming3"},"content":"        this.deadline \u003d deadline;","lastModifiedDate":"2024-01-25"},{"lineNumber":39,"author":{"gitId":"leeweiming3"},"content":"    }","lastModifiedDate":"2024-01-25"},{"lineNumber":40,"author":{"gitId":"leeweiming3"},"content":"","lastModifiedDate":"2024-01-25"},{"lineNumber":41,"author":{"gitId":"leeweiming3"},"content":"    @Override","lastModifiedDate":"2024-01-25"},{"lineNumber":42,"author":{"gitId":"leeweiming3"},"content":"    public String toString() {","lastModifiedDate":"2024-01-25"},{"lineNumber":43,"author":{"gitId":"leeweiming3"},"content":"        return super.toString() + \" (by: \" + this.deadline + \")\";","lastModifiedDate":"2024-01-25"},{"lineNumber":44,"author":{"gitId":"leeweiming3"},"content":"    }","lastModifiedDate":"2024-01-25"},{"lineNumber":45,"author":{"gitId":"leeweiming3"},"content":"","lastModifiedDate":"2024-02-05"},{"lineNumber":46,"author":{"gitId":"leeweiming3"},"content":"    @Override","lastModifiedDate":"2024-02-05"},{"lineNumber":47,"author":{"gitId":"leeweiming3"},"content":"    String writeTask() {","lastModifiedDate":"2024-02-05"},{"lineNumber":48,"author":{"gitId":"leeweiming3"},"content":"        return String.format(\"D\\\\%b\\\\%s\\\\%s\", completed, contents, deadline);","lastModifiedDate":"2024-02-05"},{"lineNumber":49,"author":{"gitId":"leeweiming3"},"content":"    }","lastModifiedDate":"2024-02-05"},{"lineNumber":50,"author":{"gitId":"leeweiming3"},"content":"}","lastModifiedDate":"2024-01-25"}],"authorContributionMap":{"leeweiming3":50}},{"path":"src/main/java/ChatbotRan/Event.java","fileType":"java","lines":[{"lineNumber":1,"author":{"gitId":"leeweiming3"},"content":"package ChatbotRan;","lastModifiedDate":"2024-01-25"},{"lineNumber":2,"author":{"gitId":"leeweiming3"},"content":"","lastModifiedDate":"2024-01-25"},{"lineNumber":3,"author":{"gitId":"leeweiming3"},"content":"import java.time.LocalDate;","lastModifiedDate":"2024-02-06"},{"lineNumber":4,"author":{"gitId":"leeweiming3"},"content":"import java.time.format.DateTimeParseException;","lastModifiedDate":"2024-02-06"},{"lineNumber":5,"author":{"gitId":"leeweiming3"},"content":"","lastModifiedDate":"2024-02-06"},{"lineNumber":6,"author":{"gitId":"leeweiming3"},"content":"public class Event extends Task {","lastModifiedDate":"2024-01-25"},{"lineNumber":7,"author":{"gitId":"leeweiming3"},"content":"    private LocalDate from;","lastModifiedDate":"2024-02-06"},{"lineNumber":8,"author":{"gitId":"leeweiming3"},"content":"    private LocalDate to;","lastModifiedDate":"2024-02-06"},{"lineNumber":9,"author":{"gitId":"leeweiming3"},"content":"","lastModifiedDate":"2024-01-25"},{"lineNumber":10,"author":{"gitId":"leeweiming3"},"content":"    public Event(String contents, String from, String to) {","lastModifiedDate":"2024-01-25"},{"lineNumber":11,"author":{"gitId":"leeweiming3"},"content":"        this(contents, LocalDate.parse(from), LocalDate.parse(to));","lastModifiedDate":"2024-02-06"},{"lineNumber":12,"author":{"gitId":"leeweiming3"},"content":"    }","lastModifiedDate":"2024-02-06"},{"lineNumber":13,"author":{"gitId":"leeweiming3"},"content":"","lastModifiedDate":"2024-02-06"},{"lineNumber":14,"author":{"gitId":"leeweiming3"},"content":"    public Event(String contents, LocalDate from, LocalDate to) {","lastModifiedDate":"2024-02-06"},{"lineNumber":15,"author":{"gitId":"leeweiming3"},"content":"        super(contents);","lastModifiedDate":"2024-01-25"},{"lineNumber":16,"author":{"gitId":"leeweiming3"},"content":"        this.from \u003d from;","lastModifiedDate":"2024-02-06"},{"lineNumber":17,"author":{"gitId":"leeweiming3"},"content":"        this.to \u003d to;","lastModifiedDate":"2024-02-06"},{"lineNumber":18,"author":{"gitId":"leeweiming3"},"content":"    }","lastModifiedDate":"2024-01-25"},{"lineNumber":19,"author":{"gitId":"leeweiming3"},"content":"","lastModifiedDate":"2024-01-25"},{"lineNumber":20,"author":{"gitId":"leeweiming3"},"content":"    public static Event parse(String line, int space) {","lastModifiedDate":"2024-02-05"},{"lineNumber":21,"author":{"gitId":"leeweiming3"},"content":"        String[] texts \u003d Util.parse(line, space, \"/from\", \"/to\");","lastModifiedDate":"2024-02-05"},{"lineNumber":22,"author":{"gitId":"leeweiming3"},"content":"        try {","lastModifiedDate":"2024-02-06"},{"lineNumber":23,"author":{"gitId":"leeweiming3"},"content":"            return new Event(texts[0], texts[1], texts[2]);","lastModifiedDate":"2024-02-05"},{"lineNumber":24,"author":{"gitId":"leeweiming3"},"content":"        } catch (DateTimeParseException e) {","lastModifiedDate":"2024-02-06"},{"lineNumber":25,"author":{"gitId":"leeweiming3"},"content":"            throw new TaskException(\"Invalid date: \" + e.getParsedString());","lastModifiedDate":"2024-02-06"},{"lineNumber":26,"author":{"gitId":"leeweiming3"},"content":"        }","lastModifiedDate":"2024-02-06"},{"lineNumber":27,"author":{"gitId":"leeweiming3"},"content":"    }","lastModifiedDate":"2024-02-05"},{"lineNumber":28,"author":{"gitId":"leeweiming3"},"content":"","lastModifiedDate":"2024-02-05"},{"lineNumber":29,"author":{"gitId":"leeweiming3"},"content":"    @Override","lastModifiedDate":"2024-01-25"},{"lineNumber":30,"author":{"gitId":"leeweiming3"},"content":"    String getType() {","lastModifiedDate":"2024-01-25"},{"lineNumber":31,"author":{"gitId":"leeweiming3"},"content":"        return \"E\";","lastModifiedDate":"2024-01-25"},{"lineNumber":32,"author":{"gitId":"leeweiming3"},"content":"    }","lastModifiedDate":"2024-01-25"},{"lineNumber":33,"author":{"gitId":"leeweiming3"},"content":"","lastModifiedDate":"2024-01-25"},{"lineNumber":34,"author":{"gitId":"leeweiming3"},"content":"    public LocalDate getFrom() {","lastModifiedDate":"2024-02-06"},{"lineNumber":35,"author":{"gitId":"leeweiming3"},"content":"        return from;","lastModifiedDate":"2024-01-25"},{"lineNumber":36,"author":{"gitId":"leeweiming3"},"content":"    }","lastModifiedDate":"2024-01-25"},{"lineNumber":37,"author":{"gitId":"leeweiming3"},"content":"","lastModifiedDate":"2024-01-25"},{"lineNumber":38,"author":{"gitId":"leeweiming3"},"content":"    public void setFrom(LocalDate from) {","lastModifiedDate":"2024-02-06"},{"lineNumber":39,"author":{"gitId":"leeweiming3"},"content":"        this.from \u003d from;","lastModifiedDate":"2024-01-25"},{"lineNumber":40,"author":{"gitId":"leeweiming3"},"content":"    }","lastModifiedDate":"2024-01-25"},{"lineNumber":41,"author":{"gitId":"leeweiming3"},"content":"","lastModifiedDate":"2024-01-25"},{"lineNumber":42,"author":{"gitId":"leeweiming3"},"content":"    public LocalDate getTo() {","lastModifiedDate":"2024-02-06"},{"lineNumber":43,"author":{"gitId":"leeweiming3"},"content":"        return to;","lastModifiedDate":"2024-01-25"},{"lineNumber":44,"author":{"gitId":"leeweiming3"},"content":"    }","lastModifiedDate":"2024-01-25"},{"lineNumber":45,"author":{"gitId":"leeweiming3"},"content":"","lastModifiedDate":"2024-01-25"},{"lineNumber":46,"author":{"gitId":"leeweiming3"},"content":"    public void setTo(LocalDate to) {","lastModifiedDate":"2024-02-06"},{"lineNumber":47,"author":{"gitId":"leeweiming3"},"content":"        this.to \u003d to;","lastModifiedDate":"2024-01-25"},{"lineNumber":48,"author":{"gitId":"leeweiming3"},"content":"    }","lastModifiedDate":"2024-01-25"},{"lineNumber":49,"author":{"gitId":"leeweiming3"},"content":"","lastModifiedDate":"2024-01-25"},{"lineNumber":50,"author":{"gitId":"leeweiming3"},"content":"    @Override","lastModifiedDate":"2024-01-25"},{"lineNumber":51,"author":{"gitId":"leeweiming3"},"content":"    public String toString() {","lastModifiedDate":"2024-01-25"},{"lineNumber":52,"author":{"gitId":"leeweiming3"},"content":"        return super.toString() + \" (from: \" + this.from + \" to: \" + this.to + \")\";","lastModifiedDate":"2024-01-25"},{"lineNumber":53,"author":{"gitId":"leeweiming3"},"content":"    }","lastModifiedDate":"2024-01-25"},{"lineNumber":54,"author":{"gitId":"leeweiming3"},"content":"","lastModifiedDate":"2024-01-25"},{"lineNumber":55,"author":{"gitId":"leeweiming3"},"content":"    @Override","lastModifiedDate":"2024-02-05"},{"lineNumber":56,"author":{"gitId":"leeweiming3"},"content":"    String writeTask() {","lastModifiedDate":"2024-02-05"},{"lineNumber":57,"author":{"gitId":"leeweiming3"},"content":"        return String.format(\"E\\\\%b\\\\%s\\\\%s\\\\%s\", completed, contents, from, to);","lastModifiedDate":"2024-02-05"},{"lineNumber":58,"author":{"gitId":"leeweiming3"},"content":"    }","lastModifiedDate":"2024-02-05"},{"lineNumber":59,"author":{"gitId":"leeweiming3"},"content":"}","lastModifiedDate":"2024-01-25"}],"authorContributionMap":{"leeweiming3":59}},{"path":"src/main/java/ChatbotRan/Parser.java","fileType":"java","lines":[{"lineNumber":1,"author":{"gitId":"leeweiming3"},"content":"package ChatbotRan;","lastModifiedDate":"2024-02-06"},{"lineNumber":2,"author":{"gitId":"leeweiming3"},"content":"","lastModifiedDate":"2024-02-06"},{"lineNumber":3,"author":{"gitId":"leeweiming3"},"content":"public class Parser {","lastModifiedDate":"2024-02-06"},{"lineNumber":4,"author":{"gitId":"leeweiming3"},"content":"    boolean isComplete \u003d false;","lastModifiedDate":"2024-02-06"},{"lineNumber":5,"author":{"gitId":"leeweiming3"},"content":"","lastModifiedDate":"2024-02-06"},{"lineNumber":6,"author":{"gitId":"leeweiming3"},"content":"    public boolean running() {","lastModifiedDate":"2024-02-06"},{"lineNumber":7,"author":{"gitId":"leeweiming3"},"content":"        return !isComplete;","lastModifiedDate":"2024-02-06"},{"lineNumber":8,"author":{"gitId":"leeweiming3"},"content":"    }","lastModifiedDate":"2024-02-06"},{"lineNumber":9,"author":{"gitId":"leeweiming3"},"content":"","lastModifiedDate":"2024-02-06"},{"lineNumber":10,"author":{"gitId":"leeweiming3"},"content":"    public void exec(String line, TaskList taskList, RanUI ui) {","lastModifiedDate":"2024-02-06"},{"lineNumber":11,"author":{"gitId":"leeweiming3"},"content":"        int space \u003d line.indexOf(\u0027 \u0027);","lastModifiedDate":"2024-02-06"},{"lineNumber":12,"author":{"gitId":"leeweiming3"},"content":"        String command \u003d space \u003d\u003d -1 ? line : line.substring(0, space);","lastModifiedDate":"2024-02-06"},{"lineNumber":13,"author":{"gitId":"leeweiming3"},"content":"        Task task;","lastModifiedDate":"2024-02-06"},{"lineNumber":14,"author":{"gitId":"leeweiming3"},"content":"        switch (command) {","lastModifiedDate":"2024-02-06"},{"lineNumber":15,"author":{"gitId":"leeweiming3"},"content":"        case \"mark\":","lastModifiedDate":"2024-02-06"},{"lineNumber":16,"author":{"gitId":"leeweiming3"},"content":"            task \u003d this.handleTaskNo(line, space, taskList);","lastModifiedDate":"2024-02-06"},{"lineNumber":17,"author":{"gitId":"leeweiming3"},"content":"            ui.mark(task.isCompleted());","lastModifiedDate":"2024-02-06"},{"lineNumber":18,"author":{"gitId":"leeweiming3"},"content":"            task.setCompleted(true);","lastModifiedDate":"2024-02-06"},{"lineNumber":19,"author":{"gitId":"leeweiming3"},"content":"            taskList.updateTasks();","lastModifiedDate":"2024-02-06"},{"lineNumber":20,"author":{"gitId":"leeweiming3"},"content":"            ui.printTask(task);","lastModifiedDate":"2024-02-06"},{"lineNumber":21,"author":{"gitId":"leeweiming3"},"content":"            break;","lastModifiedDate":"2024-02-06"},{"lineNumber":22,"author":{"gitId":"leeweiming3"},"content":"        case \"unmark\":","lastModifiedDate":"2024-02-06"},{"lineNumber":23,"author":{"gitId":"leeweiming3"},"content":"","lastModifiedDate":"2024-02-06"},{"lineNumber":24,"author":{"gitId":"leeweiming3"},"content":"            task \u003d this.handleTaskNo(line, space, taskList);","lastModifiedDate":"2024-02-06"},{"lineNumber":25,"author":{"gitId":"leeweiming3"},"content":"            ui.unmark(task.isCompleted());","lastModifiedDate":"2024-02-06"},{"lineNumber":26,"author":{"gitId":"leeweiming3"},"content":"            task.setCompleted(false);","lastModifiedDate":"2024-02-06"},{"lineNumber":27,"author":{"gitId":"leeweiming3"},"content":"            taskList.updateTasks();","lastModifiedDate":"2024-02-06"},{"lineNumber":28,"author":{"gitId":"leeweiming3"},"content":"            ui.printTask(task);","lastModifiedDate":"2024-02-06"},{"lineNumber":29,"author":{"gitId":"leeweiming3"},"content":"            break;","lastModifiedDate":"2024-02-06"},{"lineNumber":30,"author":{"gitId":"leeweiming3"},"content":"        case \"delete\":","lastModifiedDate":"2024-02-06"},{"lineNumber":31,"author":{"gitId":"leeweiming3"},"content":"            task \u003d this.handleTaskNo(line, space, taskList);","lastModifiedDate":"2024-02-06"},{"lineNumber":32,"author":{"gitId":"leeweiming3"},"content":"            taskList.remove(task);","lastModifiedDate":"2024-02-06"},{"lineNumber":33,"author":{"gitId":"leeweiming3"},"content":"            ui.delete(task);","lastModifiedDate":"2024-02-06"},{"lineNumber":34,"author":{"gitId":"leeweiming3"},"content":"            ui.printNumber(taskList.size());","lastModifiedDate":"2024-02-06"},{"lineNumber":35,"author":{"gitId":"leeweiming3"},"content":"            break;","lastModifiedDate":"2024-02-06"},{"lineNumber":36,"author":{"gitId":"leeweiming3"},"content":"        case \"deadline\":","lastModifiedDate":"2024-02-06"},{"lineNumber":37,"author":{"gitId":"leeweiming3"},"content":"            Deadline deadline \u003d Deadline.parse(line, space);","lastModifiedDate":"2024-02-06"},{"lineNumber":38,"author":{"gitId":"leeweiming3"},"content":"            this.addTask(deadline, taskList, ui);","lastModifiedDate":"2024-02-06"},{"lineNumber":39,"author":{"gitId":"leeweiming3"},"content":"            break;","lastModifiedDate":"2024-02-06"},{"lineNumber":40,"author":{"gitId":"leeweiming3"},"content":"        case \"todo\":","lastModifiedDate":"2024-02-06"},{"lineNumber":41,"author":{"gitId":"leeweiming3"},"content":"            Todo todo \u003d Todo.parse(line, space);","lastModifiedDate":"2024-02-06"},{"lineNumber":42,"author":{"gitId":"leeweiming3"},"content":"            this.addTask(todo, taskList, ui);","lastModifiedDate":"2024-02-06"},{"lineNumber":43,"author":{"gitId":"leeweiming3"},"content":"            break;","lastModifiedDate":"2024-02-06"},{"lineNumber":44,"author":{"gitId":"leeweiming3"},"content":"        case \"event\":","lastModifiedDate":"2024-02-06"},{"lineNumber":45,"author":{"gitId":"leeweiming3"},"content":"            Event event \u003d Event.parse(line, space);","lastModifiedDate":"2024-02-06"},{"lineNumber":46,"author":{"gitId":"leeweiming3"},"content":"            this.addTask(event, taskList, ui);","lastModifiedDate":"2024-02-06"},{"lineNumber":47,"author":{"gitId":"leeweiming3"},"content":"            break;","lastModifiedDate":"2024-02-06"},{"lineNumber":48,"author":{"gitId":"leeweiming3"},"content":"        default:","lastModifiedDate":"2024-02-06"},{"lineNumber":49,"author":{"gitId":"leeweiming3"},"content":"            switch (line) {","lastModifiedDate":"2024-02-06"},{"lineNumber":50,"author":{"gitId":"leeweiming3"},"content":"            case \"bye\":","lastModifiedDate":"2024-02-06"},{"lineNumber":51,"author":{"gitId":"leeweiming3"},"content":"                this.isComplete \u003d true;","lastModifiedDate":"2024-02-06"},{"lineNumber":52,"author":{"gitId":"leeweiming3"},"content":"                break;","lastModifiedDate":"2024-02-06"},{"lineNumber":53,"author":{"gitId":"leeweiming3"},"content":"            case \"list\":","lastModifiedDate":"2024-02-06"},{"lineNumber":54,"author":{"gitId":"leeweiming3"},"content":"                ui.printTasks(taskList);","lastModifiedDate":"2024-02-06"},{"lineNumber":55,"author":{"gitId":"leeweiming3"},"content":"                break;","lastModifiedDate":"2024-02-06"},{"lineNumber":56,"author":{"gitId":"leeweiming3"},"content":"            default:","lastModifiedDate":"2024-02-06"},{"lineNumber":57,"author":{"gitId":"leeweiming3"},"content":"                ui.unknown();","lastModifiedDate":"2024-02-06"},{"lineNumber":58,"author":{"gitId":"leeweiming3"},"content":"            }","lastModifiedDate":"2024-02-06"},{"lineNumber":59,"author":{"gitId":"leeweiming3"},"content":"","lastModifiedDate":"2024-02-06"},{"lineNumber":60,"author":{"gitId":"leeweiming3"},"content":"","lastModifiedDate":"2024-02-06"},{"lineNumber":61,"author":{"gitId":"leeweiming3"},"content":"        }","lastModifiedDate":"2024-02-06"},{"lineNumber":62,"author":{"gitId":"leeweiming3"},"content":"    }","lastModifiedDate":"2024-02-06"},{"lineNumber":63,"author":{"gitId":"leeweiming3"},"content":"","lastModifiedDate":"2024-02-06"},{"lineNumber":64,"author":{"gitId":"leeweiming3"},"content":"    private Task handleTaskNo(String line, int space, TaskList taskList) throws TaskException {","lastModifiedDate":"2024-02-06"},{"lineNumber":65,"author":{"gitId":"leeweiming3"},"content":"        if (space \u003d\u003d -1) {","lastModifiedDate":"2024-02-06"},{"lineNumber":66,"author":{"gitId":"leeweiming3"},"content":"            throw new TaskException(\"Missing task number.\");","lastModifiedDate":"2024-02-06"},{"lineNumber":67,"author":{"gitId":"leeweiming3"},"content":"        }","lastModifiedDate":"2024-02-06"},{"lineNumber":68,"author":{"gitId":"leeweiming3"},"content":"        Integer taskNo \u003d Util.parseNumber(line, space);","lastModifiedDate":"2024-02-06"},{"lineNumber":69,"author":{"gitId":"leeweiming3"},"content":"        if (taskNo \u003d\u003d null || taskNo \u003c 1) {","lastModifiedDate":"2024-02-06"},{"lineNumber":70,"author":{"gitId":"leeweiming3"},"content":"            throw new TaskException(\"Invalid task number.\");","lastModifiedDate":"2024-02-06"},{"lineNumber":71,"author":{"gitId":"leeweiming3"},"content":"        } else if (taskNo \u003e taskList.size()) {","lastModifiedDate":"2024-02-06"},{"lineNumber":72,"author":{"gitId":"leeweiming3"},"content":"            throw new TaskException(\"No task by that number.\");","lastModifiedDate":"2024-02-06"},{"lineNumber":73,"author":{"gitId":"leeweiming3"},"content":"        } else {","lastModifiedDate":"2024-02-06"},{"lineNumber":74,"author":{"gitId":"leeweiming3"},"content":"            return taskList.get(taskNo - 1);","lastModifiedDate":"2024-02-06"},{"lineNumber":75,"author":{"gitId":"leeweiming3"},"content":"        }","lastModifiedDate":"2024-02-06"},{"lineNumber":76,"author":{"gitId":"leeweiming3"},"content":"    }","lastModifiedDate":"2024-02-06"},{"lineNumber":77,"author":{"gitId":"leeweiming3"},"content":"","lastModifiedDate":"2024-02-06"},{"lineNumber":78,"author":{"gitId":"leeweiming3"},"content":"    private void addTask(Task task, TaskList taskList, RanUI ui) {","lastModifiedDate":"2024-02-06"},{"lineNumber":79,"author":{"gitId":"leeweiming3"},"content":"        taskList.add(task);","lastModifiedDate":"2024-02-06"},{"lineNumber":80,"author":{"gitId":"leeweiming3"},"content":"        ui.addTask(task);","lastModifiedDate":"2024-02-06"},{"lineNumber":81,"author":{"gitId":"leeweiming3"},"content":"        ui.printNumber(taskList.size());","lastModifiedDate":"2024-02-06"},{"lineNumber":82,"author":{"gitId":"leeweiming3"},"content":"","lastModifiedDate":"2024-02-06"},{"lineNumber":83,"author":{"gitId":"leeweiming3"},"content":"    }","lastModifiedDate":"2024-02-06"},{"lineNumber":84,"author":{"gitId":"leeweiming3"},"content":"}","lastModifiedDate":"2024-02-06"}],"authorContributionMap":{"leeweiming3":84}},{"path":"src/main/java/ChatbotRan/Ran.java","fileType":"java","lines":[{"lineNumber":1,"author":{"gitId":"leeweiming3"},"content":"package ChatbotRan;","lastModifiedDate":"2024-01-25"},{"lineNumber":2,"author":{"gitId":"leeweiming3"},"content":"","lastModifiedDate":"2024-01-25"},{"lineNumber":3,"author":{"gitId":"leeweiming3"},"content":"import java.util.Scanner;","lastModifiedDate":"2024-01-25"},{"lineNumber":4,"author":{"gitId":"leeweiming3"},"content":"","lastModifiedDate":"2024-01-25"},{"lineNumber":5,"author":{"gitId":"leeweiming3"},"content":"public class Ran {","lastModifiedDate":"2024-01-25"},{"lineNumber":6,"author":{"gitId":"leeweiming3"},"content":"    Parser parser;","lastModifiedDate":"2024-02-06"},{"lineNumber":7,"author":{"gitId":"leeweiming3"},"content":"    TaskList taskList;","lastModifiedDate":"2024-02-05"},{"lineNumber":8,"author":{"gitId":"leeweiming3"},"content":"    TaskIO taskIO;","lastModifiedDate":"2024-02-06"},{"lineNumber":9,"author":{"gitId":"leeweiming3"},"content":"    RanUI ui;","lastModifiedDate":"2024-02-06"},{"lineNumber":10,"author":{"gitId":"leeweiming3"},"content":"","lastModifiedDate":"2024-02-05"},{"lineNumber":11,"author":{"gitId":"leeweiming3"},"content":"    public Ran(TaskIO taskIO) {","lastModifiedDate":"2024-02-05"},{"lineNumber":12,"author":{"gitId":"leeweiming3"},"content":"        this.taskList \u003d new TaskList(taskIO);","lastModifiedDate":"2024-02-05"},{"lineNumber":13,"author":{"gitId":"leeweiming3"},"content":"        this.taskIO \u003d taskIO;","lastModifiedDate":"2024-02-06"},{"lineNumber":14,"author":{"gitId":"leeweiming3"},"content":"        this.ui \u003d new RanUI();","lastModifiedDate":"2024-02-06"},{"lineNumber":15,"author":{"gitId":"leeweiming3"},"content":"        this.parser \u003d new Parser();","lastModifiedDate":"2024-02-06"},{"lineNumber":16,"author":{"gitId":"leeweiming3"},"content":"    }","lastModifiedDate":"2024-02-05"},{"lineNumber":17,"author":{"gitId":"leeweiming3"},"content":"","lastModifiedDate":"2024-01-25"},{"lineNumber":18,"author":{"gitId":"leeweiming3"},"content":"    public static void main(String[] args) {","lastModifiedDate":"2024-01-25"},{"lineNumber":19,"author":{"gitId":"leeweiming3"},"content":"        TaskIO ti \u003d new TaskIO(\"data/ran.txt\");","lastModifiedDate":"2024-02-06"},{"lineNumber":20,"author":{"gitId":"leeweiming3"},"content":"        Ran chatbot \u003d new Ran(ti);","lastModifiedDate":"2024-02-05"},{"lineNumber":21,"author":{"gitId":"leeweiming3"},"content":"        chatbot.run();","lastModifiedDate":"2024-01-25"},{"lineNumber":22,"author":{"gitId":"leeweiming3"},"content":"    }","lastModifiedDate":"2024-01-25"},{"lineNumber":23,"author":{"gitId":"leeweiming3"},"content":"","lastModifiedDate":"2024-01-25"},{"lineNumber":24,"author":{"gitId":"leeweiming3"},"content":"    public void run() {","lastModifiedDate":"2024-01-25"},{"lineNumber":25,"author":{"gitId":"leeweiming3"},"content":"        ui.greet();","lastModifiedDate":"2024-02-06"},{"lineNumber":26,"author":{"gitId":"leeweiming3"},"content":"        Scanner sc \u003d new Scanner(System.in);","lastModifiedDate":"2024-01-25"},{"lineNumber":27,"author":{"gitId":"leeweiming3"},"content":"        do {","lastModifiedDate":"2024-01-25"},{"lineNumber":28,"author":{"gitId":"leeweiming3"},"content":"            ui.line();","lastModifiedDate":"2024-02-06"},{"lineNumber":29,"author":{"gitId":"leeweiming3"},"content":"            try {","lastModifiedDate":"2024-02-06"},{"lineNumber":30,"author":{"gitId":"leeweiming3"},"content":"                parser.exec(sc.nextLine(), taskList, ui);","lastModifiedDate":"2024-02-06"},{"lineNumber":31,"author":{"gitId":"leeweiming3"},"content":"            } catch (TaskException e) {","lastModifiedDate":"2024-02-06"},{"lineNumber":32,"author":{"gitId":"leeweiming3"},"content":"                ui.error(e);","lastModifiedDate":"2024-02-06"},{"lineNumber":33,"author":{"gitId":"leeweiming3"},"content":"            }","lastModifiedDate":"2024-01-25"},{"lineNumber":34,"author":{"gitId":"leeweiming3"},"content":"        } while (parser.running());","lastModifiedDate":"2024-02-06"},{"lineNumber":35,"author":{"gitId":"leeweiming3"},"content":"","lastModifiedDate":"2024-01-25"},{"lineNumber":36,"author":{"gitId":"leeweiming3"},"content":"        ui.bye();","lastModifiedDate":"2024-02-06"},{"lineNumber":37,"author":{"gitId":"leeweiming3"},"content":"    }","lastModifiedDate":"2024-01-25"},{"lineNumber":38,"author":{"gitId":"leeweiming3"},"content":"","lastModifiedDate":"2024-01-25"},{"lineNumber":39,"author":{"gitId":"leeweiming3"},"content":"}","lastModifiedDate":"2024-01-25"},{"lineNumber":40,"author":{"gitId":"leeweiming3"},"content":"","lastModifiedDate":"2024-01-25"}],"authorContributionMap":{"leeweiming3":40}},{"path":"src/main/java/ChatbotRan/RanUI.java","fileType":"java","lines":[{"lineNumber":1,"author":{"gitId":"leeweiming3"},"content":"package ChatbotRan;","lastModifiedDate":"2024-02-06"},{"lineNumber":2,"author":{"gitId":"leeweiming3"},"content":"","lastModifiedDate":"2024-02-06"},{"lineNumber":3,"author":{"gitId":"leeweiming3"},"content":"public class RanUI {","lastModifiedDate":"2024-02-06"},{"lineNumber":4,"author":{"gitId":"leeweiming3"},"content":"    public void greet() {","lastModifiedDate":"2024-02-06"},{"lineNumber":5,"author":{"gitId":"leeweiming3"},"content":"        System.out.println(\"Hello. I am \");","lastModifiedDate":"2024-02-06"},{"lineNumber":6,"author":{"gitId":"leeweiming3"},"content":"        String art \u003d \"__________                \\n\" +","lastModifiedDate":"2024-02-06"},{"lineNumber":7,"author":{"gitId":"leeweiming3"},"content":"                \"\\\\______   \\\\_____    ____  \\n\" +","lastModifiedDate":"2024-02-06"},{"lineNumber":8,"author":{"gitId":"leeweiming3"},"content":"                \" |       _/\\\\__  \\\\  /    \\\\ \\n\" +","lastModifiedDate":"2024-02-06"},{"lineNumber":9,"author":{"gitId":"leeweiming3"},"content":"                \" |    |   \\\\ / __ \\\\|   |  \\\\\\n\" +","lastModifiedDate":"2024-02-06"},{"lineNumber":10,"author":{"gitId":"leeweiming3"},"content":"                \" |____|_  /(____  /___|  /\\n\" +","lastModifiedDate":"2024-02-06"},{"lineNumber":11,"author":{"gitId":"leeweiming3"},"content":"                \"        \\\\/      \\\\/     \\\\/ \";","lastModifiedDate":"2024-02-06"},{"lineNumber":12,"author":{"gitId":"leeweiming3"},"content":"        System.out.println(art);","lastModifiedDate":"2024-02-06"},{"lineNumber":13,"author":{"gitId":"leeweiming3"},"content":"        System.out.println(\"What would you like to do today?\");","lastModifiedDate":"2024-02-06"},{"lineNumber":14,"author":{"gitId":"leeweiming3"},"content":"    }","lastModifiedDate":"2024-02-06"},{"lineNumber":15,"author":{"gitId":"leeweiming3"},"content":"","lastModifiedDate":"2024-02-06"},{"lineNumber":16,"author":{"gitId":"leeweiming3"},"content":"    public void line() {","lastModifiedDate":"2024-02-06"},{"lineNumber":17,"author":{"gitId":"leeweiming3"},"content":"        System.out.println(\"____________________________________________________________\");","lastModifiedDate":"2024-02-06"},{"lineNumber":18,"author":{"gitId":"leeweiming3"},"content":"    }","lastModifiedDate":"2024-02-06"},{"lineNumber":19,"author":{"gitId":"leeweiming3"},"content":"","lastModifiedDate":"2024-02-06"},{"lineNumber":20,"author":{"gitId":"leeweiming3"},"content":"    public void printTasks(TaskList taskList) {","lastModifiedDate":"2024-02-06"},{"lineNumber":21,"author":{"gitId":"leeweiming3"},"content":"        int size \u003d taskList.size();","lastModifiedDate":"2024-02-06"},{"lineNumber":22,"author":{"gitId":"leeweiming3"},"content":"        if (size \u003d\u003d 0) {","lastModifiedDate":"2024-02-06"},{"lineNumber":23,"author":{"gitId":"leeweiming3"},"content":"            System.out.println(\"You haven\u0027t got any tasks.\");","lastModifiedDate":"2024-02-06"},{"lineNumber":24,"author":{"gitId":"leeweiming3"},"content":"        } else {","lastModifiedDate":"2024-02-06"},{"lineNumber":25,"author":{"gitId":"leeweiming3"},"content":"            for (int i \u003d 0; i \u003c size; i++) {","lastModifiedDate":"2024-02-06"},{"lineNumber":26,"author":{"gitId":"leeweiming3"},"content":"                System.out.println(\"Task \" + (i + 1) + \":\" + taskList.get(i));","lastModifiedDate":"2024-02-06"},{"lineNumber":27,"author":{"gitId":"leeweiming3"},"content":"            }","lastModifiedDate":"2024-02-06"},{"lineNumber":28,"author":{"gitId":"leeweiming3"},"content":"        }","lastModifiedDate":"2024-02-06"},{"lineNumber":29,"author":{"gitId":"leeweiming3"},"content":"    }","lastModifiedDate":"2024-02-06"},{"lineNumber":30,"author":{"gitId":"leeweiming3"},"content":"","lastModifiedDate":"2024-02-06"},{"lineNumber":31,"author":{"gitId":"leeweiming3"},"content":"    public void unknown() {","lastModifiedDate":"2024-02-06"},{"lineNumber":32,"author":{"gitId":"leeweiming3"},"content":"","lastModifiedDate":"2024-02-06"},{"lineNumber":33,"author":{"gitId":"leeweiming3"},"content":"        System.out.println(\"I didn\u0027t understand that.\");","lastModifiedDate":"2024-02-06"},{"lineNumber":34,"author":{"gitId":"leeweiming3"},"content":"    }","lastModifiedDate":"2024-02-06"},{"lineNumber":35,"author":{"gitId":"leeweiming3"},"content":"","lastModifiedDate":"2024-02-06"},{"lineNumber":36,"author":{"gitId":"leeweiming3"},"content":"    public void addTask(Task task) {","lastModifiedDate":"2024-02-06"},{"lineNumber":37,"author":{"gitId":"leeweiming3"},"content":"        System.out.println(\"I\u0027ve added this task to the list: \");","lastModifiedDate":"2024-02-06"},{"lineNumber":38,"author":{"gitId":"leeweiming3"},"content":"        System.out.println(task);","lastModifiedDate":"2024-02-06"},{"lineNumber":39,"author":{"gitId":"leeweiming3"},"content":"    }","lastModifiedDate":"2024-02-06"},{"lineNumber":40,"author":{"gitId":"leeweiming3"},"content":"","lastModifiedDate":"2024-02-06"},{"lineNumber":41,"author":{"gitId":"leeweiming3"},"content":"    void printNumber(int size) {","lastModifiedDate":"2024-02-06"},{"lineNumber":42,"author":{"gitId":"leeweiming3"},"content":"        if (size \u003d\u003d 1) {","lastModifiedDate":"2024-02-06"},{"lineNumber":43,"author":{"gitId":"leeweiming3"},"content":"            System.out.println(\"There is now 1 task in the list\");","lastModifiedDate":"2024-02-06"},{"lineNumber":44,"author":{"gitId":"leeweiming3"},"content":"        } else {","lastModifiedDate":"2024-02-06"},{"lineNumber":45,"author":{"gitId":"leeweiming3"},"content":"            System.out.println(\"There are now \" + size + \" tasks in the list\");","lastModifiedDate":"2024-02-06"},{"lineNumber":46,"author":{"gitId":"leeweiming3"},"content":"        }","lastModifiedDate":"2024-02-06"},{"lineNumber":47,"author":{"gitId":"leeweiming3"},"content":"    }","lastModifiedDate":"2024-02-06"},{"lineNumber":48,"author":{"gitId":"leeweiming3"},"content":"","lastModifiedDate":"2024-02-06"},{"lineNumber":49,"author":{"gitId":"leeweiming3"},"content":"    public void delete(Task task) {","lastModifiedDate":"2024-02-06"},{"lineNumber":50,"author":{"gitId":"leeweiming3"},"content":"        System.out.println(\"I\u0027ve deleted this task: \");","lastModifiedDate":"2024-02-06"},{"lineNumber":51,"author":{"gitId":"leeweiming3"},"content":"        System.out.println(task);","lastModifiedDate":"2024-02-06"},{"lineNumber":52,"author":{"gitId":"leeweiming3"},"content":"    }","lastModifiedDate":"2024-02-06"},{"lineNumber":53,"author":{"gitId":"leeweiming3"},"content":"","lastModifiedDate":"2024-02-06"},{"lineNumber":54,"author":{"gitId":"leeweiming3"},"content":"    public void bye() {","lastModifiedDate":"2024-02-06"},{"lineNumber":55,"author":{"gitId":"leeweiming3"},"content":"        System.out.println(\"Goodbye, please return soon.\");","lastModifiedDate":"2024-02-06"},{"lineNumber":56,"author":{"gitId":"leeweiming3"},"content":"    }","lastModifiedDate":"2024-02-06"},{"lineNumber":57,"author":{"gitId":"leeweiming3"},"content":"","lastModifiedDate":"2024-02-06"},{"lineNumber":58,"author":{"gitId":"leeweiming3"},"content":"    public void unmark(boolean complete) {","lastModifiedDate":"2024-02-06"},{"lineNumber":59,"author":{"gitId":"leeweiming3"},"content":"        if (complete) {","lastModifiedDate":"2024-02-06"},{"lineNumber":60,"author":{"gitId":"leeweiming3"},"content":"            System.out.println(\"If that\u0027s the case, I\u0027ll set that task as incomplete: \");","lastModifiedDate":"2024-02-06"},{"lineNumber":61,"author":{"gitId":"leeweiming3"},"content":"        } else {","lastModifiedDate":"2024-02-06"},{"lineNumber":62,"author":{"gitId":"leeweiming3"},"content":"            System.out.println(\"That task is already incomplete: \");","lastModifiedDate":"2024-02-06"},{"lineNumber":63,"author":{"gitId":"leeweiming3"},"content":"","lastModifiedDate":"2024-02-06"},{"lineNumber":64,"author":{"gitId":"leeweiming3"},"content":"        }","lastModifiedDate":"2024-02-06"},{"lineNumber":65,"author":{"gitId":"leeweiming3"},"content":"    }","lastModifiedDate":"2024-02-06"},{"lineNumber":66,"author":{"gitId":"leeweiming3"},"content":"","lastModifiedDate":"2024-02-06"},{"lineNumber":67,"author":{"gitId":"leeweiming3"},"content":"    public void mark(boolean completed) {","lastModifiedDate":"2024-02-06"},{"lineNumber":68,"author":{"gitId":"leeweiming3"},"content":"","lastModifiedDate":"2024-02-06"},{"lineNumber":69,"author":{"gitId":"leeweiming3"},"content":"        if (!completed) {","lastModifiedDate":"2024-02-06"},{"lineNumber":70,"author":{"gitId":"leeweiming3"},"content":"            System.out.println(\"Alright. I have marked this task as complete: \");","lastModifiedDate":"2024-02-06"},{"lineNumber":71,"author":{"gitId":"leeweiming3"},"content":"        } else {","lastModifiedDate":"2024-02-06"},{"lineNumber":72,"author":{"gitId":"leeweiming3"},"content":"            System.out.println(\"That task is already complete: \");","lastModifiedDate":"2024-02-06"},{"lineNumber":73,"author":{"gitId":"leeweiming3"},"content":"        }","lastModifiedDate":"2024-02-06"},{"lineNumber":74,"author":{"gitId":"leeweiming3"},"content":"    }","lastModifiedDate":"2024-02-06"},{"lineNumber":75,"author":{"gitId":"leeweiming3"},"content":"","lastModifiedDate":"2024-02-06"},{"lineNumber":76,"author":{"gitId":"leeweiming3"},"content":"    public void printTask(Task task) {","lastModifiedDate":"2024-02-06"},{"lineNumber":77,"author":{"gitId":"leeweiming3"},"content":"        System.out.println(task);","lastModifiedDate":"2024-02-06"},{"lineNumber":78,"author":{"gitId":"leeweiming3"},"content":"    }","lastModifiedDate":"2024-02-06"},{"lineNumber":79,"author":{"gitId":"leeweiming3"},"content":"","lastModifiedDate":"2024-02-06"},{"lineNumber":80,"author":{"gitId":"leeweiming3"},"content":"    public void error(TaskException e) {","lastModifiedDate":"2024-02-06"},{"lineNumber":81,"author":{"gitId":"leeweiming3"},"content":"        System.out.println(e.getMessage());","lastModifiedDate":"2024-02-06"},{"lineNumber":82,"author":{"gitId":"leeweiming3"},"content":"    }","lastModifiedDate":"2024-02-06"},{"lineNumber":83,"author":{"gitId":"leeweiming3"},"content":"}","lastModifiedDate":"2024-02-06"}],"authorContributionMap":{"leeweiming3":83}},{"path":"src/main/java/ChatbotRan/Task.java","fileType":"java","lines":[{"lineNumber":1,"author":{"gitId":"leeweiming3"},"content":"package ChatbotRan;","lastModifiedDate":"2024-01-25"},{"lineNumber":2,"author":{"gitId":"leeweiming3"},"content":"","lastModifiedDate":"2024-01-25"},{"lineNumber":3,"author":{"gitId":"leeweiming3"},"content":"public abstract class Task {","lastModifiedDate":"2024-02-05"},{"lineNumber":4,"author":{"gitId":"leeweiming3"},"content":"    protected String contents;","lastModifiedDate":"2024-01-25"},{"lineNumber":5,"author":{"gitId":"leeweiming3"},"content":"    protected boolean completed;","lastModifiedDate":"2024-01-25"},{"lineNumber":6,"author":{"gitId":"leeweiming3"},"content":"","lastModifiedDate":"2024-01-25"},{"lineNumber":7,"author":{"gitId":"leeweiming3"},"content":"    public Task(String contents) {","lastModifiedDate":"2024-01-25"},{"lineNumber":8,"author":{"gitId":"leeweiming3"},"content":"        this.contents \u003d contents;","lastModifiedDate":"2024-01-25"},{"lineNumber":9,"author":{"gitId":"leeweiming3"},"content":"        this.completed \u003d false;","lastModifiedDate":"2024-01-25"},{"lineNumber":10,"author":{"gitId":"leeweiming3"},"content":"    }","lastModifiedDate":"2024-01-25"},{"lineNumber":11,"author":{"gitId":"leeweiming3"},"content":"","lastModifiedDate":"2024-01-25"},{"lineNumber":12,"author":{"gitId":"leeweiming3"},"content":"    abstract String getType();","lastModifiedDate":"2024-01-25"},{"lineNumber":13,"author":{"gitId":"leeweiming3"},"content":"","lastModifiedDate":"2024-01-25"},{"lineNumber":14,"author":{"gitId":"leeweiming3"},"content":"    public String getContents() {","lastModifiedDate":"2024-01-25"},{"lineNumber":15,"author":{"gitId":"leeweiming3"},"content":"        return contents;","lastModifiedDate":"2024-01-25"},{"lineNumber":16,"author":{"gitId":"leeweiming3"},"content":"    }","lastModifiedDate":"2024-01-25"},{"lineNumber":17,"author":{"gitId":"leeweiming3"},"content":"","lastModifiedDate":"2024-01-25"},{"lineNumber":18,"author":{"gitId":"leeweiming3"},"content":"    public void setContents(String contents) {","lastModifiedDate":"2024-01-25"},{"lineNumber":19,"author":{"gitId":"leeweiming3"},"content":"        this.contents \u003d contents;","lastModifiedDate":"2024-01-25"},{"lineNumber":20,"author":{"gitId":"leeweiming3"},"content":"    }","lastModifiedDate":"2024-01-25"},{"lineNumber":21,"author":{"gitId":"leeweiming3"},"content":"","lastModifiedDate":"2024-01-25"},{"lineNumber":22,"author":{"gitId":"leeweiming3"},"content":"    public boolean isCompleted() {","lastModifiedDate":"2024-01-25"},{"lineNumber":23,"author":{"gitId":"leeweiming3"},"content":"        return completed;","lastModifiedDate":"2024-01-25"},{"lineNumber":24,"author":{"gitId":"leeweiming3"},"content":"    }","lastModifiedDate":"2024-01-25"},{"lineNumber":25,"author":{"gitId":"leeweiming3"},"content":"","lastModifiedDate":"2024-01-25"},{"lineNumber":26,"author":{"gitId":"leeweiming3"},"content":"    public void setCompleted(boolean completed) {","lastModifiedDate":"2024-01-25"},{"lineNumber":27,"author":{"gitId":"leeweiming3"},"content":"        this.completed \u003d completed;","lastModifiedDate":"2024-01-25"},{"lineNumber":28,"author":{"gitId":"leeweiming3"},"content":"    }","lastModifiedDate":"2024-01-25"},{"lineNumber":29,"author":{"gitId":"leeweiming3"},"content":"","lastModifiedDate":"2024-02-05"},{"lineNumber":30,"author":{"gitId":"leeweiming3"},"content":"    abstract String writeTask();","lastModifiedDate":"2024-02-05"},{"lineNumber":31,"author":{"gitId":"leeweiming3"},"content":"","lastModifiedDate":"2024-01-25"},{"lineNumber":32,"author":{"gitId":"leeweiming3"},"content":"    @Override","lastModifiedDate":"2024-01-25"},{"lineNumber":33,"author":{"gitId":"leeweiming3"},"content":"    public String toString() {","lastModifiedDate":"2024-01-25"},{"lineNumber":34,"author":{"gitId":"leeweiming3"},"content":"        return \"[\" + this.getType() + \"][\" + (this.completed ? \"X\" : \" \") + \"] \" + this.contents;","lastModifiedDate":"2024-01-25"},{"lineNumber":35,"author":{"gitId":"leeweiming3"},"content":"    }","lastModifiedDate":"2024-01-25"},{"lineNumber":36,"author":{"gitId":"leeweiming3"},"content":"","lastModifiedDate":"2024-01-25"},{"lineNumber":37,"author":{"gitId":"leeweiming3"},"content":"}","lastModifiedDate":"2024-01-25"}],"authorContributionMap":{"leeweiming3":37}},{"path":"src/main/java/ChatbotRan/TaskException.java","fileType":"java","lines":[{"lineNumber":1,"author":{"gitId":"leeweiming3"},"content":"package ChatbotRan;","lastModifiedDate":"2024-02-06"},{"lineNumber":2,"author":{"gitId":"leeweiming3"},"content":"","lastModifiedDate":"2024-02-06"},{"lineNumber":3,"author":{"gitId":"leeweiming3"},"content":"public class TaskException extends RuntimeException {","lastModifiedDate":"2024-02-06"},{"lineNumber":4,"author":{"gitId":"leeweiming3"},"content":"    public TaskException(String message) {","lastModifiedDate":"2024-02-06"},{"lineNumber":5,"author":{"gitId":"leeweiming3"},"content":"        super(message);","lastModifiedDate":"2024-02-06"},{"lineNumber":6,"author":{"gitId":"leeweiming3"},"content":"    }","lastModifiedDate":"2024-02-06"},{"lineNumber":7,"author":{"gitId":"leeweiming3"},"content":"}","lastModifiedDate":"2024-02-06"}],"authorContributionMap":{"leeweiming3":7}},{"path":"src/main/java/ChatbotRan/TaskIO.java","fileType":"java","lines":[{"lineNumber":1,"author":{"gitId":"leeweiming3"},"content":"package ChatbotRan;","lastModifiedDate":"2024-02-05"},{"lineNumber":2,"author":{"gitId":"leeweiming3"},"content":"","lastModifiedDate":"2024-02-05"},{"lineNumber":3,"author":{"gitId":"leeweiming3"},"content":"import java.io.*;","lastModifiedDate":"2024-02-05"},{"lineNumber":4,"author":{"gitId":"leeweiming3"},"content":"import java.util.ArrayList;","lastModifiedDate":"2024-02-05"},{"lineNumber":5,"author":{"gitId":"leeweiming3"},"content":"","lastModifiedDate":"2024-02-05"},{"lineNumber":6,"author":{"gitId":"leeweiming3"},"content":"public class TaskIO {","lastModifiedDate":"2024-02-05"},{"lineNumber":7,"author":{"gitId":"leeweiming3"},"content":"    public final String name;","lastModifiedDate":"2024-02-06"},{"lineNumber":8,"author":{"gitId":"leeweiming3"},"content":"","lastModifiedDate":"2024-02-06"},{"lineNumber":9,"author":{"gitId":"leeweiming3"},"content":"    public TaskIO(String s) {","lastModifiedDate":"2024-02-06"},{"lineNumber":10,"author":{"gitId":"leeweiming3"},"content":"        this.name \u003d s;","lastModifiedDate":"2024-02-06"},{"lineNumber":11,"author":{"gitId":"leeweiming3"},"content":"        File taskFile \u003d new File(name);","lastModifiedDate":"2024-02-06"},{"lineNumber":12,"author":{"gitId":"leeweiming3"},"content":"        taskFile.getParentFile().mkdir();","lastModifiedDate":"2024-02-06"},{"lineNumber":13,"author":{"gitId":"leeweiming3"},"content":"    }","lastModifiedDate":"2024-02-06"},{"lineNumber":14,"author":{"gitId":"leeweiming3"},"content":"","lastModifiedDate":"2024-02-05"},{"lineNumber":15,"author":{"gitId":"leeweiming3"},"content":"    public ArrayList\u003cTask\u003e findTasks() {","lastModifiedDate":"2024-02-05"},{"lineNumber":16,"author":{"gitId":"leeweiming3"},"content":"        File taskFile \u003d new File(name);","lastModifiedDate":"2024-02-06"},{"lineNumber":17,"author":{"gitId":"leeweiming3"},"content":"        return readTasks(taskFile);","lastModifiedDate":"2024-02-05"},{"lineNumber":18,"author":{"gitId":"leeweiming3"},"content":"    }","lastModifiedDate":"2024-02-05"},{"lineNumber":19,"author":{"gitId":"leeweiming3"},"content":"","lastModifiedDate":"2024-02-05"},{"lineNumber":20,"author":{"gitId":"leeweiming3"},"content":"    private ArrayList\u003cTask\u003e readTasks(File taskFile) {","lastModifiedDate":"2024-02-05"},{"lineNumber":21,"author":{"gitId":"leeweiming3"},"content":"        ArrayList\u003cTask\u003e tasks \u003d new ArrayList\u003c\u003e();","lastModifiedDate":"2024-02-05"},{"lineNumber":22,"author":{"gitId":"leeweiming3"},"content":"        try (BufferedReader br \u003d new BufferedReader(new FileReader(taskFile))) {","lastModifiedDate":"2024-02-05"},{"lineNumber":23,"author":{"gitId":"leeweiming3"},"content":"            String line;","lastModifiedDate":"2024-02-05"},{"lineNumber":24,"author":{"gitId":"leeweiming3"},"content":"            while ((line \u003d br.readLine()) !\u003d null) {","lastModifiedDate":"2024-02-05"},{"lineNumber":25,"author":{"gitId":"leeweiming3"},"content":"                String[] contents \u003d line.split(\"\\\\\\\\\");","lastModifiedDate":"2024-02-05"},{"lineNumber":26,"author":{"gitId":"leeweiming3"},"content":"                boolean completed \u003d Boolean.parseBoolean(contents[1]);","lastModifiedDate":"2024-02-05"},{"lineNumber":27,"author":{"gitId":"leeweiming3"},"content":"                Task t;","lastModifiedDate":"2024-02-06"},{"lineNumber":28,"author":{"gitId":"leeweiming3"},"content":"                switch (contents[0]) {","lastModifiedDate":"2024-02-05"},{"lineNumber":29,"author":{"gitId":"leeweiming3"},"content":"                case \"D\":","lastModifiedDate":"2024-02-05"},{"lineNumber":30,"author":{"gitId":"leeweiming3"},"content":"                    t \u003d new Deadline(contents[2], contents[3]);","lastModifiedDate":"2024-02-05"},{"lineNumber":31,"author":{"gitId":"leeweiming3"},"content":"                    break;","lastModifiedDate":"2024-02-05"},{"lineNumber":32,"author":{"gitId":"leeweiming3"},"content":"                case \"E\":","lastModifiedDate":"2024-02-05"},{"lineNumber":33,"author":{"gitId":"leeweiming3"},"content":"                    t \u003d new Event(contents[2], contents[3], contents[4]);","lastModifiedDate":"2024-02-05"},{"lineNumber":34,"author":{"gitId":"leeweiming3"},"content":"                    break;","lastModifiedDate":"2024-02-05"},{"lineNumber":35,"author":{"gitId":"leeweiming3"},"content":"                case \"T\":","lastModifiedDate":"2024-02-05"},{"lineNumber":36,"author":{"gitId":"leeweiming3"},"content":"                    t \u003d new Todo(contents[2]);","lastModifiedDate":"2024-02-05"},{"lineNumber":37,"author":{"gitId":"leeweiming3"},"content":"                    break;","lastModifiedDate":"2024-02-05"},{"lineNumber":38,"author":{"gitId":"leeweiming3"},"content":"                default:","lastModifiedDate":"2024-02-05"},{"lineNumber":39,"author":{"gitId":"leeweiming3"},"content":"                    throw new IOException(\"Data is corrupted\");","lastModifiedDate":"2024-02-05"},{"lineNumber":40,"author":{"gitId":"leeweiming3"},"content":"                }","lastModifiedDate":"2024-02-05"},{"lineNumber":41,"author":{"gitId":"leeweiming3"},"content":"                t.setCompleted(completed);","lastModifiedDate":"2024-02-05"},{"lineNumber":42,"author":{"gitId":"leeweiming3"},"content":"                tasks.add(t);","lastModifiedDate":"2024-02-05"},{"lineNumber":43,"author":{"gitId":"leeweiming3"},"content":"            }","lastModifiedDate":"2024-02-05"},{"lineNumber":44,"author":{"gitId":"leeweiming3"},"content":"        } catch (FileNotFoundException | IndexOutOfBoundsException e) {","lastModifiedDate":"2024-02-05"},{"lineNumber":45,"author":{"gitId":"leeweiming3"},"content":"            return tasks;","lastModifiedDate":"2024-02-05"},{"lineNumber":46,"author":{"gitId":"leeweiming3"},"content":"        } catch (IOException e) {","lastModifiedDate":"2024-02-05"},{"lineNumber":47,"author":{"gitId":"leeweiming3"},"content":"            throw new RuntimeException(e);","lastModifiedDate":"2024-02-05"},{"lineNumber":48,"author":{"gitId":"leeweiming3"},"content":"        }","lastModifiedDate":"2024-02-05"},{"lineNumber":49,"author":{"gitId":"leeweiming3"},"content":"        return tasks;","lastModifiedDate":"2024-02-05"},{"lineNumber":50,"author":{"gitId":"leeweiming3"},"content":"    }","lastModifiedDate":"2024-02-05"},{"lineNumber":51,"author":{"gitId":"leeweiming3"},"content":"","lastModifiedDate":"2024-02-05"},{"lineNumber":52,"author":{"gitId":"leeweiming3"},"content":"    public void writeTasks(ArrayList\u003cTask\u003e tasks) {","lastModifiedDate":"2024-02-05"},{"lineNumber":53,"author":{"gitId":"leeweiming3"},"content":"        File taskFile \u003d new File(name);","lastModifiedDate":"2024-02-06"},{"lineNumber":54,"author":{"gitId":"leeweiming3"},"content":"        try (BufferedWriter bw \u003d new BufferedWriter(new FileWriter(taskFile))) {","lastModifiedDate":"2024-02-05"},{"lineNumber":55,"author":{"gitId":"leeweiming3"},"content":"            for (Task t : tasks) {","lastModifiedDate":"2024-02-05"},{"lineNumber":56,"author":{"gitId":"leeweiming3"},"content":"                bw.write(t.writeTask());","lastModifiedDate":"2024-02-05"},{"lineNumber":57,"author":{"gitId":"leeweiming3"},"content":"                bw.newLine();","lastModifiedDate":"2024-02-05"},{"lineNumber":58,"author":{"gitId":"leeweiming3"},"content":"            }","lastModifiedDate":"2024-02-05"},{"lineNumber":59,"author":{"gitId":"leeweiming3"},"content":"        } catch (IOException e) {","lastModifiedDate":"2024-02-05"},{"lineNumber":60,"author":{"gitId":"leeweiming3"},"content":"            throw new RuntimeException(e);","lastModifiedDate":"2024-02-05"},{"lineNumber":61,"author":{"gitId":"leeweiming3"},"content":"        }","lastModifiedDate":"2024-02-05"},{"lineNumber":62,"author":{"gitId":"leeweiming3"},"content":"    }","lastModifiedDate":"2024-02-05"},{"lineNumber":63,"author":{"gitId":"leeweiming3"},"content":"}","lastModifiedDate":"2024-02-05"}],"authorContributionMap":{"leeweiming3":63}},{"path":"src/main/java/ChatbotRan/TaskList.java","fileType":"java","lines":[{"lineNumber":1,"author":{"gitId":"leeweiming3"},"content":"package ChatbotRan;","lastModifiedDate":"2024-02-05"},{"lineNumber":2,"author":{"gitId":"leeweiming3"},"content":"","lastModifiedDate":"2024-02-05"},{"lineNumber":3,"author":{"gitId":"leeweiming3"},"content":"import java.util.ArrayList;","lastModifiedDate":"2024-02-05"},{"lineNumber":4,"author":{"gitId":"leeweiming3"},"content":"import java.util.function.Consumer;","lastModifiedDate":"2024-02-05"},{"lineNumber":5,"author":{"gitId":"leeweiming3"},"content":"","lastModifiedDate":"2024-02-05"},{"lineNumber":6,"author":{"gitId":"leeweiming3"},"content":"public class TaskList {","lastModifiedDate":"2024-02-05"},{"lineNumber":7,"author":{"gitId":"leeweiming3"},"content":"    private final ArrayList\u003cTask\u003e tasks;","lastModifiedDate":"2024-02-05"},{"lineNumber":8,"author":{"gitId":"leeweiming3"},"content":"    TaskIO taskStore;","lastModifiedDate":"2024-02-06"},{"lineNumber":9,"author":{"gitId":"leeweiming3"},"content":"","lastModifiedDate":"2024-02-05"},{"lineNumber":10,"author":{"gitId":"leeweiming3"},"content":"    public TaskList(TaskIO taskStore) {","lastModifiedDate":"2024-02-05"},{"lineNumber":11,"author":{"gitId":"leeweiming3"},"content":"        this.taskStore \u003d taskStore;","lastModifiedDate":"2024-02-05"},{"lineNumber":12,"author":{"gitId":"leeweiming3"},"content":"        this.tasks \u003d taskStore.findTasks();","lastModifiedDate":"2024-02-05"},{"lineNumber":13,"author":{"gitId":"leeweiming3"},"content":"    }","lastModifiedDate":"2024-02-05"},{"lineNumber":14,"author":{"gitId":"leeweiming3"},"content":"","lastModifiedDate":"2024-02-05"},{"lineNumber":15,"author":{"gitId":"leeweiming3"},"content":"    public Task get(int i) {","lastModifiedDate":"2024-02-05"},{"lineNumber":16,"author":{"gitId":"leeweiming3"},"content":"        return tasks.get(i);","lastModifiedDate":"2024-02-05"},{"lineNumber":17,"author":{"gitId":"leeweiming3"},"content":"    }","lastModifiedDate":"2024-02-05"},{"lineNumber":18,"author":{"gitId":"leeweiming3"},"content":"","lastModifiedDate":"2024-02-05"},{"lineNumber":19,"author":{"gitId":"leeweiming3"},"content":"    public void remove(Task t) {","lastModifiedDate":"2024-02-05"},{"lineNumber":20,"author":{"gitId":"leeweiming3"},"content":"        tasks.remove(t);","lastModifiedDate":"2024-02-05"},{"lineNumber":21,"author":{"gitId":"leeweiming3"},"content":"        updateTasks();","lastModifiedDate":"2024-02-05"},{"lineNumber":22,"author":{"gitId":"leeweiming3"},"content":"    }","lastModifiedDate":"2024-02-05"},{"lineNumber":23,"author":{"gitId":"leeweiming3"},"content":"","lastModifiedDate":"2024-02-05"},{"lineNumber":24,"author":{"gitId":"leeweiming3"},"content":"    public void changeTask(int index, Consumer\u003cTask\u003e func) {","lastModifiedDate":"2024-02-05"},{"lineNumber":25,"author":{"gitId":"leeweiming3"},"content":"        func.accept(tasks.get(index));","lastModifiedDate":"2024-02-05"},{"lineNumber":26,"author":{"gitId":"leeweiming3"},"content":"        updateTasks();","lastModifiedDate":"2024-02-05"},{"lineNumber":27,"author":{"gitId":"leeweiming3"},"content":"    }","lastModifiedDate":"2024-02-05"},{"lineNumber":28,"author":{"gitId":"leeweiming3"},"content":"","lastModifiedDate":"2024-02-05"},{"lineNumber":29,"author":{"gitId":"leeweiming3"},"content":"    public void set(int index, Task task) {","lastModifiedDate":"2024-02-05"},{"lineNumber":30,"author":{"gitId":"leeweiming3"},"content":"        tasks.set(index, task);","lastModifiedDate":"2024-02-05"},{"lineNumber":31,"author":{"gitId":"leeweiming3"},"content":"        updateTasks();","lastModifiedDate":"2024-02-05"},{"lineNumber":32,"author":{"gitId":"leeweiming3"},"content":"    }","lastModifiedDate":"2024-02-05"},{"lineNumber":33,"author":{"gitId":"leeweiming3"},"content":"","lastModifiedDate":"2024-02-05"},{"lineNumber":34,"author":{"gitId":"leeweiming3"},"content":"    public void updateTasks() {","lastModifiedDate":"2024-02-05"},{"lineNumber":35,"author":{"gitId":"leeweiming3"},"content":"        taskStore.writeTasks(tasks);","lastModifiedDate":"2024-02-05"},{"lineNumber":36,"author":{"gitId":"leeweiming3"},"content":"    }","lastModifiedDate":"2024-02-05"},{"lineNumber":37,"author":{"gitId":"leeweiming3"},"content":"","lastModifiedDate":"2024-02-05"},{"lineNumber":38,"author":{"gitId":"leeweiming3"},"content":"    public void add(Task t) {","lastModifiedDate":"2024-02-05"},{"lineNumber":39,"author":{"gitId":"leeweiming3"},"content":"        tasks.add(t);","lastModifiedDate":"2024-02-05"},{"lineNumber":40,"author":{"gitId":"leeweiming3"},"content":"        updateTasks();","lastModifiedDate":"2024-02-05"},{"lineNumber":41,"author":{"gitId":"leeweiming3"},"content":"    }","lastModifiedDate":"2024-02-05"},{"lineNumber":42,"author":{"gitId":"leeweiming3"},"content":"","lastModifiedDate":"2024-02-05"},{"lineNumber":43,"author":{"gitId":"leeweiming3"},"content":"    public int size() {","lastModifiedDate":"2024-02-05"},{"lineNumber":44,"author":{"gitId":"leeweiming3"},"content":"        return tasks.size();","lastModifiedDate":"2024-02-05"},{"lineNumber":45,"author":{"gitId":"leeweiming3"},"content":"    }","lastModifiedDate":"2024-02-05"},{"lineNumber":46,"author":{"gitId":"leeweiming3"},"content":"}","lastModifiedDate":"2024-02-05"}],"authorContributionMap":{"leeweiming3":46}},{"path":"src/main/java/ChatbotRan/Todo.java","fileType":"java","lines":[{"lineNumber":1,"author":{"gitId":"leeweiming3"},"content":"package ChatbotRan;","lastModifiedDate":"2024-01-25"},{"lineNumber":2,"author":{"gitId":"leeweiming3"},"content":"","lastModifiedDate":"2024-01-25"},{"lineNumber":3,"author":{"gitId":"leeweiming3"},"content":"public class Todo extends Task {","lastModifiedDate":"2024-01-25"},{"lineNumber":4,"author":{"gitId":"leeweiming3"},"content":"    public Todo(String contents) {","lastModifiedDate":"2024-01-25"},{"lineNumber":5,"author":{"gitId":"leeweiming3"},"content":"        super(contents);","lastModifiedDate":"2024-01-25"},{"lineNumber":6,"author":{"gitId":"leeweiming3"},"content":"    }","lastModifiedDate":"2024-01-25"},{"lineNumber":7,"author":{"gitId":"leeweiming3"},"content":"","lastModifiedDate":"2024-01-26"},{"lineNumber":8,"author":{"gitId":"leeweiming3"},"content":"    public static Todo parse(String line, int space) {","lastModifiedDate":"2024-01-25"},{"lineNumber":9,"author":{"gitId":"leeweiming3"},"content":"        String[] texts \u003d Util.parse(line, space);","lastModifiedDate":"2024-01-26"},{"lineNumber":10,"author":{"gitId":"leeweiming3"},"content":"        return new Todo(texts[0]);","lastModifiedDate":"2024-01-25"},{"lineNumber":11,"author":{"gitId":"leeweiming3"},"content":"    }","lastModifiedDate":"2024-01-25"},{"lineNumber":12,"author":{"gitId":"leeweiming3"},"content":"","lastModifiedDate":"2024-01-26"},{"lineNumber":13,"author":{"gitId":"leeweiming3"},"content":"    @Override","lastModifiedDate":"2024-01-25"},{"lineNumber":14,"author":{"gitId":"leeweiming3"},"content":"    String getType() {","lastModifiedDate":"2024-01-25"},{"lineNumber":15,"author":{"gitId":"leeweiming3"},"content":"        return \"T\";","lastModifiedDate":"2024-01-25"},{"lineNumber":16,"author":{"gitId":"leeweiming3"},"content":"    }","lastModifiedDate":"2024-01-25"},{"lineNumber":17,"author":{"gitId":"leeweiming3"},"content":"","lastModifiedDate":"2024-02-05"},{"lineNumber":18,"author":{"gitId":"leeweiming3"},"content":"    @Override","lastModifiedDate":"2024-02-05"},{"lineNumber":19,"author":{"gitId":"leeweiming3"},"content":"    String writeTask() {","lastModifiedDate":"2024-02-05"},{"lineNumber":20,"author":{"gitId":"leeweiming3"},"content":"        return String.format(\"T\\\\%b\\\\%s\", completed, contents);","lastModifiedDate":"2024-02-05"},{"lineNumber":21,"author":{"gitId":"leeweiming3"},"content":"    }","lastModifiedDate":"2024-02-05"},{"lineNumber":22,"author":{"gitId":"leeweiming3"},"content":"}","lastModifiedDate":"2024-01-25"}],"authorContributionMap":{"leeweiming3":22}},{"path":"src/main/java/ChatbotRan/Util.java","fileType":"java","lines":[{"lineNumber":1,"author":{"gitId":"leeweiming3"},"content":"package ChatbotRan;","lastModifiedDate":"2024-01-26"},{"lineNumber":2,"author":{"gitId":"leeweiming3"},"content":"","lastModifiedDate":"2024-01-26"},{"lineNumber":3,"author":{"gitId":"leeweiming3"},"content":"class Util {","lastModifiedDate":"2024-01-26"},{"lineNumber":4,"author":{"gitId":"leeweiming3"},"content":"    private Util() {","lastModifiedDate":"2024-01-26"},{"lineNumber":5,"author":{"gitId":"leeweiming3"},"content":"    }","lastModifiedDate":"2024-01-26"},{"lineNumber":6,"author":{"gitId":"leeweiming3"},"content":"","lastModifiedDate":"2024-01-26"},{"lineNumber":7,"author":{"gitId":"leeweiming3"},"content":"    static Integer parseNumber(String line, int spacePos) {","lastModifiedDate":"2024-01-26"},{"lineNumber":8,"author":{"gitId":"leeweiming3"},"content":"        try {","lastModifiedDate":"2024-01-26"},{"lineNumber":9,"author":{"gitId":"leeweiming3"},"content":"            return Integer.parseInt(line.substring(spacePos + 1));","lastModifiedDate":"2024-01-26"},{"lineNumber":10,"author":{"gitId":"leeweiming3"},"content":"        } catch (NumberFormatException e) {","lastModifiedDate":"2024-01-26"},{"lineNumber":11,"author":{"gitId":"leeweiming3"},"content":"            return null;","lastModifiedDate":"2024-01-26"},{"lineNumber":12,"author":{"gitId":"leeweiming3"},"content":"        }","lastModifiedDate":"2024-01-26"},{"lineNumber":13,"author":{"gitId":"leeweiming3"},"content":"    }","lastModifiedDate":"2024-01-26"},{"lineNumber":14,"author":{"gitId":"leeweiming3"},"content":"","lastModifiedDate":"2024-01-26"},{"lineNumber":15,"author":{"gitId":"leeweiming3"},"content":"    public static String[] parse(String line, int space, String... delims) {","lastModifiedDate":"2024-01-26"},{"lineNumber":16,"author":{"gitId":"leeweiming3"},"content":"        if (space \u003d\u003d -1) {","lastModifiedDate":"2024-01-26"},{"lineNumber":17,"author":{"gitId":"leeweiming3"},"content":"            throw new TaskException(\"You\u0027ve forgotten to write the contents of your task.\");","lastModifiedDate":"2024-02-06"},{"lineNumber":18,"author":{"gitId":"leeweiming3"},"content":"        } else {","lastModifiedDate":"2024-01-26"},{"lineNumber":19,"author":{"gitId":"leeweiming3"},"content":"            String[] texts \u003d new String[delims.length + 1];","lastModifiedDate":"2024-01-26"},{"lineNumber":20,"author":{"gitId":"leeweiming3"},"content":"            int pos \u003d space;","lastModifiedDate":"2024-01-26"},{"lineNumber":21,"author":{"gitId":"leeweiming3"},"content":"            int oldpos \u003d pos;","lastModifiedDate":"2024-01-26"},{"lineNumber":22,"author":{"gitId":"leeweiming3"},"content":"            for (int i \u003d 0; i \u003c delims.length; i++) {","lastModifiedDate":"2024-01-26"},{"lineNumber":23,"author":{"gitId":"leeweiming3"},"content":"                String delim \u003d delims[i];","lastModifiedDate":"2024-01-26"},{"lineNumber":24,"author":{"gitId":"leeweiming3"},"content":"                pos \u003d line.indexOf(delim, oldpos);","lastModifiedDate":"2024-01-26"},{"lineNumber":25,"author":{"gitId":"leeweiming3"},"content":"                if (pos \u003d\u003d -1) {","lastModifiedDate":"2024-01-26"},{"lineNumber":26,"author":{"gitId":"leeweiming3"},"content":"                    throw new TaskException(\"Missing delimiter \" + delim + \".\");","lastModifiedDate":"2024-02-06"},{"lineNumber":27,"author":{"gitId":"leeweiming3"},"content":"                } else {","lastModifiedDate":"2024-01-26"},{"lineNumber":28,"author":{"gitId":"leeweiming3"},"content":"                    texts[i] \u003d line.substring(oldpos, pos).strip();","lastModifiedDate":"2024-01-26"},{"lineNumber":29,"author":{"gitId":"leeweiming3"},"content":"                    oldpos \u003d pos + delim.length();","lastModifiedDate":"2024-01-26"},{"lineNumber":30,"author":{"gitId":"leeweiming3"},"content":"                }","lastModifiedDate":"2024-01-26"},{"lineNumber":31,"author":{"gitId":"leeweiming3"},"content":"            }","lastModifiedDate":"2024-01-26"},{"lineNumber":32,"author":{"gitId":"leeweiming3"},"content":"            texts[delims.length] \u003d line.substring(oldpos).strip();","lastModifiedDate":"2024-01-26"},{"lineNumber":33,"author":{"gitId":"leeweiming3"},"content":"            //System.out.println(Arrays.toString(texts));","lastModifiedDate":"2024-01-26"},{"lineNumber":34,"author":{"gitId":"leeweiming3"},"content":"            return texts;","lastModifiedDate":"2024-01-26"},{"lineNumber":35,"author":{"gitId":"leeweiming3"},"content":"        }","lastModifiedDate":"2024-01-26"},{"lineNumber":36,"author":{"gitId":"leeweiming3"},"content":"    }","lastModifiedDate":"2024-01-26"},{"lineNumber":37,"author":{"gitId":"leeweiming3"},"content":"","lastModifiedDate":"2024-02-06"},{"lineNumber":38,"author":{"gitId":"leeweiming3"},"content":"}","lastModifiedDate":"2024-01-26"}],"authorContributionMap":{"leeweiming3":38}},{"path":"text-ui-test/input.txt","fileType":"txt","lines":[{"lineNumber":1,"author":{"gitId":"leeweiming3"},"content":"list","lastModifiedDate":"2024-01-26"},{"lineNumber":2,"author":{"gitId":"leeweiming3"},"content":"todo 1","lastModifiedDate":"2024-01-26"},{"lineNumber":3,"author":{"gitId":"leeweiming3"},"content":"todo","lastModifiedDate":"2024-01-26"},{"lineNumber":4,"author":{"gitId":"leeweiming3"},"content":"event","lastModifiedDate":"2024-01-26"},{"lineNumber":5,"author":{"gitId":"leeweiming3"},"content":"event 1","lastModifiedDate":"2024-01-26"},{"lineNumber":6,"author":{"gitId":"leeweiming3"},"content":"event 1 /from 2","lastModifiedDate":"2024-01-26"},{"lineNumber":7,"author":{"gitId":"leeweiming3"},"content":"event 2 /from 3 /to 4","lastModifiedDate":"2024-01-26"},{"lineNumber":8,"author":{"gitId":"leeweiming3"},"content":"mark 1","lastModifiedDate":"2024-01-26"},{"lineNumber":9,"author":{"gitId":"leeweiming3"},"content":"unmark 2","lastModifiedDate":"2024-01-26"},{"lineNumber":10,"author":{"gitId":"leeweiming3"},"content":"list","lastModifiedDate":"2024-01-26"},{"lineNumber":11,"author":{"gitId":"leeweiming3"},"content":"deadline 3","lastModifiedDate":"2024-01-26"},{"lineNumber":12,"author":{"gitId":"leeweiming3"},"content":"deadline 3 /by 4","lastModifiedDate":"2024-01-26"},{"lineNumber":13,"author":{"gitId":"leeweiming3"},"content":"unmark 1","lastModifiedDate":"2024-01-26"},{"lineNumber":14,"author":{"gitId":"leeweiming3"},"content":"list","lastModifiedDate":"2024-01-26"},{"lineNumber":15,"author":{"gitId":"leeweiming3"},"content":"gaevhtesvteh9hu32v","lastModifiedDate":"2024-01-26"},{"lineNumber":16,"author":{"gitId":"leeweiming3"},"content":"bye uviahiuvheiuvah","lastModifiedDate":"2024-01-26"},{"lineNumber":17,"author":{"gitId":"leeweiming3"},"content":"bye","lastModifiedDate":"2024-01-26"}],"authorContributionMap":{"leeweiming3":17}},{"path":"text-ui-test/runtest.bat","fileType":"bat","lines":[{"lineNumber":1,"author":{"gitId":"-"},"content":"@ECHO OFF","lastModifiedDate":"2020-05-25"},{"lineNumber":2,"author":{"gitId":"-"},"content":"","lastModifiedDate":"2020-05-25"},{"lineNumber":3,"author":{"gitId":"-"},"content":"REM create bin directory if it doesn\u0027t exist","lastModifiedDate":"2020-05-25"},{"lineNumber":4,"author":{"gitId":"-"},"content":"if not exist ..\\bin mkdir ..\\bin","lastModifiedDate":"2020-05-25"},{"lineNumber":5,"author":{"gitId":"-"},"content":"","lastModifiedDate":"2020-05-25"},{"lineNumber":6,"author":{"gitId":"-"},"content":"REM delete output from previous run","lastModifiedDate":"2020-05-25"},{"lineNumber":7,"author":{"gitId":"-"},"content":"if exist ACTUAL.TXT del ACTUAL.TXT","lastModifiedDate":"2020-08-25"},{"lineNumber":8,"author":{"gitId":"-"},"content":"","lastModifiedDate":"2020-05-25"},{"lineNumber":9,"author":{"gitId":"-"},"content":"REM compile the code into the bin folder","lastModifiedDate":"2020-05-25"},{"lineNumber":10,"author":{"gitId":"leeweiming3"},"content":"javac  -cp ..\\src\\main\\java\\ChatbotRan -Xlint:none -d ..\\bin ..\\src\\main\\java\\ChatbotRan\\*.java","lastModifiedDate":"2024-01-26"},{"lineNumber":11,"author":{"gitId":"-"},"content":"IF ERRORLEVEL 1 (","lastModifiedDate":"2020-05-25"},{"lineNumber":12,"author":{"gitId":"-"},"content":"    echo ********** BUILD FAILURE **********","lastModifiedDate":"2020-05-25"},{"lineNumber":13,"author":{"gitId":"-"},"content":"    exit /b 1","lastModifiedDate":"2020-05-25"},{"lineNumber":14,"author":{"gitId":"-"},"content":")","lastModifiedDate":"2020-05-25"},{"lineNumber":15,"author":{"gitId":"-"},"content":"REM no error here, errorlevel \u003d\u003d 0","lastModifiedDate":"2020-05-25"},{"lineNumber":16,"author":{"gitId":"-"},"content":"","lastModifiedDate":"2020-05-25"},{"lineNumber":17,"author":{"gitId":"-"},"content":"REM run the program, feed commands from input.txt file and redirect the output to the ACTUAL.TXT","lastModifiedDate":"2020-05-25"},{"lineNumber":18,"author":{"gitId":"leeweiming3"},"content":"java -classpath ..\\bin ChatbotRan.Ran \u003c input.txt \u003e ACTUAL.TXT","lastModifiedDate":"2024-01-26"},{"lineNumber":19,"author":{"gitId":"-"},"content":"","lastModifiedDate":"2020-05-25"},{"lineNumber":20,"author":{"gitId":"-"},"content":"REM compare the output to the expected output","lastModifiedDate":"2020-05-25"},{"lineNumber":21,"author":{"gitId":"-"},"content":"FC ACTUAL.TXT EXPECTED.TXT","lastModifiedDate":"2020-05-25"}],"authorContributionMap":{"leeweiming3":2,"-":19}}]
