[{"path":"src/main/java/Command.java","fileType":"java","lines":[{"lineNumber":1,"author":{"gitId":"hjuntan"},"content":"import java.io.File;","lastModifiedDate":"2024-01-30"},{"lineNumber":2,"author":{"gitId":"hjuntan"},"content":"import java.io.FileNotFoundException;","lastModifiedDate":"2024-01-30"},{"lineNumber":3,"author":{"gitId":"hjuntan"},"content":"import java.io.FileWriter;","lastModifiedDate":"2024-01-30"},{"lineNumber":4,"author":{"gitId":"hjuntan"},"content":"import java.io.IOException;","lastModifiedDate":"2024-01-30"},{"lineNumber":5,"author":{"gitId":"hjuntan"},"content":"import java.time.LocalDateTime;","lastModifiedDate":"2024-01-30"},{"lineNumber":6,"author":{"gitId":"hjuntan"},"content":"import java.time.format.DateTimeParseException;","lastModifiedDate":"2024-01-30"},{"lineNumber":7,"author":{"gitId":"hjuntan"},"content":"import java.util.ArrayList;","lastModifiedDate":"2024-01-24"},{"lineNumber":8,"author":{"gitId":"hjuntan"},"content":"import java.util.List;","lastModifiedDate":"2024-01-24"},{"lineNumber":9,"author":{"gitId":"hjuntan"},"content":"import java.util.Scanner;","lastModifiedDate":"2024-01-30"},{"lineNumber":10,"author":{"gitId":"hjuntan"},"content":"","lastModifiedDate":"2024-01-24"},{"lineNumber":11,"author":{"gitId":"hjuntan"},"content":"public enum Command {","lastModifiedDate":"2024-01-24"},{"lineNumber":12,"author":{"gitId":"hjuntan"},"content":"    List, Mark, Unmark, Delete, Todo, Deadline, Event, Bye, Invalid;","lastModifiedDate":"2024-01-24"},{"lineNumber":13,"author":{"gitId":"hjuntan"},"content":"","lastModifiedDate":"2024-01-24"},{"lineNumber":14,"author":{"gitId":"hjuntan"},"content":"    private static List\u003cTask\u003e listOfTasks \u003d new ArrayList\u003c\u003e();","lastModifiedDate":"2024-01-24"},{"lineNumber":15,"author":{"gitId":"hjuntan"},"content":"    private static String splitLine \u003d \"____________________________________________________________\";","lastModifiedDate":"2024-01-24"},{"lineNumber":16,"author":{"gitId":"hjuntan"},"content":"    private static String exitString \u003d \"Bye. Hope to see you again soon!\";","lastModifiedDate":"2024-01-24"},{"lineNumber":17,"author":{"gitId":"hjuntan"},"content":"","lastModifiedDate":"2024-01-24"},{"lineNumber":18,"author":{"gitId":"hjuntan"},"content":"    public static final boolean handleCommand(Command command, String detail){","lastModifiedDate":"2024-01-24"},{"lineNumber":19,"author":{"gitId":"hjuntan"},"content":"        boolean isDone \u003d false;","lastModifiedDate":"2024-01-24"},{"lineNumber":20,"author":{"gitId":"hjuntan"},"content":"        try {","lastModifiedDate":"2024-01-24"},{"lineNumber":21,"author":{"gitId":"hjuntan"},"content":"            switch (command){","lastModifiedDate":"2024-01-24"},{"lineNumber":22,"author":{"gitId":"hjuntan"},"content":"                case List:","lastModifiedDate":"2024-01-24"},{"lineNumber":23,"author":{"gitId":"hjuntan"},"content":"                    if (listOfTasks.size() \u003d\u003d 0){","lastModifiedDate":"2024-01-24"},{"lineNumber":24,"author":{"gitId":"hjuntan"},"content":"                        throw new ToothlessException(\"Human list is empty like my tummy right now :/\");","lastModifiedDate":"2024-01-24"},{"lineNumber":25,"author":{"gitId":"hjuntan"},"content":"                    }","lastModifiedDate":"2024-01-24"},{"lineNumber":26,"author":{"gitId":"hjuntan"},"content":"                    System.out.println(\"Here are the tasks in your list:\");","lastModifiedDate":"2024-01-24"},{"lineNumber":27,"author":{"gitId":"hjuntan"},"content":"                    for (int i \u003d 0; i \u003c listOfTasks.size(); i++) {","lastModifiedDate":"2024-01-24"},{"lineNumber":28,"author":{"gitId":"hjuntan"},"content":"                        Task t \u003d listOfTasks.get(i);","lastModifiedDate":"2024-01-24"},{"lineNumber":29,"author":{"gitId":"hjuntan"},"content":"                        printTaskState(t, i);","lastModifiedDate":"2024-01-24"},{"lineNumber":30,"author":{"gitId":"hjuntan"},"content":"                    }","lastModifiedDate":"2024-01-24"},{"lineNumber":31,"author":{"gitId":"hjuntan"},"content":"                    break;","lastModifiedDate":"2024-01-24"},{"lineNumber":32,"author":{"gitId":"hjuntan"},"content":"                case Mark:{","lastModifiedDate":"2024-01-24"},{"lineNumber":33,"author":{"gitId":"hjuntan"},"content":"                    int taskIndex \u003d getTaskIndex(detail);","lastModifiedDate":"2024-01-24"},{"lineNumber":34,"author":{"gitId":"hjuntan"},"content":"                    if (taskIndex \u003e\u003d listOfTasks.size() || taskIndex \u003c 0 || detail.equals(\"\")){","lastModifiedDate":"2024-01-24"},{"lineNumber":35,"author":{"gitId":"hjuntan"},"content":"                        throw new ToothlessException(\"Human trying to mark nothing ^O^. Foolish\");","lastModifiedDate":"2024-01-24"},{"lineNumber":36,"author":{"gitId":"hjuntan"},"content":"                    }","lastModifiedDate":"2024-01-24"},{"lineNumber":37,"author":{"gitId":"hjuntan"},"content":"                    Task t \u003d listOfTasks.get(taskIndex);","lastModifiedDate":"2024-01-24"},{"lineNumber":38,"author":{"gitId":"hjuntan"},"content":"                    t.markAsDone();","lastModifiedDate":"2024-01-24"},{"lineNumber":39,"author":{"gitId":"hjuntan"},"content":"                    System.out.println(\"Nice! I\u0027ve marked this task as done:\");","lastModifiedDate":"2024-01-24"},{"lineNumber":40,"author":{"gitId":"hjuntan"},"content":"                    printTaskState(t, taskIndex);","lastModifiedDate":"2024-01-24"},{"lineNumber":41,"author":{"gitId":"hjuntan"},"content":"                    break;","lastModifiedDate":"2024-01-24"},{"lineNumber":42,"author":{"gitId":"hjuntan"},"content":"                }","lastModifiedDate":"2024-01-24"},{"lineNumber":43,"author":{"gitId":"hjuntan"},"content":"                case Unmark:{","lastModifiedDate":"2024-01-24"},{"lineNumber":44,"author":{"gitId":"hjuntan"},"content":"                    int taskIndex \u003d getTaskIndex(detail);","lastModifiedDate":"2024-01-24"},{"lineNumber":45,"author":{"gitId":"hjuntan"},"content":"                    if (taskIndex \u003e\u003d listOfTasks.size() || taskIndex \u003c 0 || detail.equals(\"\")){","lastModifiedDate":"2024-01-24"},{"lineNumber":46,"author":{"gitId":"hjuntan"},"content":"                        throw new ToothlessException(\"Human trying to unmark nothing ^O^. Silly\");","lastModifiedDate":"2024-01-24"},{"lineNumber":47,"author":{"gitId":"hjuntan"},"content":"                    }","lastModifiedDate":"2024-01-24"},{"lineNumber":48,"author":{"gitId":"hjuntan"},"content":"                    Task t \u003d listOfTasks.get(taskIndex);","lastModifiedDate":"2024-01-24"},{"lineNumber":49,"author":{"gitId":"hjuntan"},"content":"                    t.markAsNotDone();","lastModifiedDate":"2024-01-24"},{"lineNumber":50,"author":{"gitId":"hjuntan"},"content":"                    System.out.println(\"OK, I\u0027ve marked this task as not done yet:\");","lastModifiedDate":"2024-01-24"},{"lineNumber":51,"author":{"gitId":"hjuntan"},"content":"                    printTaskState(t, taskIndex);","lastModifiedDate":"2024-01-24"},{"lineNumber":52,"author":{"gitId":"hjuntan"},"content":"                    break;","lastModifiedDate":"2024-01-24"},{"lineNumber":53,"author":{"gitId":"hjuntan"},"content":"                }","lastModifiedDate":"2024-01-24"},{"lineNumber":54,"author":{"gitId":"hjuntan"},"content":"                case Delete:{","lastModifiedDate":"2024-01-24"},{"lineNumber":55,"author":{"gitId":"hjuntan"},"content":"                    int taskIndex \u003d getTaskIndex(detail);","lastModifiedDate":"2024-01-24"},{"lineNumber":56,"author":{"gitId":"hjuntan"},"content":"                    if (taskIndex \u003e\u003d listOfTasks.size() || taskIndex \u003c 0 || detail.equals(\"\")){","lastModifiedDate":"2024-01-24"},{"lineNumber":57,"author":{"gitId":"hjuntan"},"content":"                        throw new ToothlessException(\"Human trying to delete nothing ^O^. Absurd\");","lastModifiedDate":"2024-01-24"},{"lineNumber":58,"author":{"gitId":"hjuntan"},"content":"                    }","lastModifiedDate":"2024-01-24"},{"lineNumber":59,"author":{"gitId":"hjuntan"},"content":"                    Task t \u003d listOfTasks.get(taskIndex);","lastModifiedDate":"2024-01-24"},{"lineNumber":60,"author":{"gitId":"hjuntan"},"content":"                    listOfTasks.remove(taskIndex);","lastModifiedDate":"2024-01-24"},{"lineNumber":61,"author":{"gitId":"hjuntan"},"content":"                    System.out.println(\"Noted. I\u0027ve removed this task:\");","lastModifiedDate":"2024-01-24"},{"lineNumber":62,"author":{"gitId":"hjuntan"},"content":"                    printTaskState(t, taskIndex);","lastModifiedDate":"2024-01-24"},{"lineNumber":63,"author":{"gitId":"hjuntan"},"content":"                    System.out.format(\"Now you have %d tasks in the list.\\n\", listOfTasks.size());","lastModifiedDate":"2024-01-24"},{"lineNumber":64,"author":{"gitId":"hjuntan"},"content":"                    break;","lastModifiedDate":"2024-01-24"},{"lineNumber":65,"author":{"gitId":"hjuntan"},"content":"                }","lastModifiedDate":"2024-01-24"},{"lineNumber":66,"author":{"gitId":"hjuntan"},"content":"                case Todo:","lastModifiedDate":"2024-01-24"},{"lineNumber":67,"author":{"gitId":"hjuntan"},"content":"                case Deadline:","lastModifiedDate":"2024-01-24"},{"lineNumber":68,"author":{"gitId":"hjuntan"},"content":"                case Event:{","lastModifiedDate":"2024-01-24"},{"lineNumber":69,"author":{"gitId":"hjuntan"},"content":"                    Task t \u003d createTask(command, detail);","lastModifiedDate":"2024-01-24"},{"lineNumber":70,"author":{"gitId":"hjuntan"},"content":"                    listOfTasks.add(t);","lastModifiedDate":"2024-01-24"},{"lineNumber":71,"author":{"gitId":"hjuntan"},"content":"                    System.out.println(\"Got it. I\u0027ve added this task:\");","lastModifiedDate":"2024-01-24"},{"lineNumber":72,"author":{"gitId":"hjuntan"},"content":"                    printTaskState(t, listOfTasks.size() - 1);","lastModifiedDate":"2024-01-24"},{"lineNumber":73,"author":{"gitId":"hjuntan"},"content":"                    System.out.format(\"Now you have %d tasks in the list.\\n\", listOfTasks.size());","lastModifiedDate":"2024-01-24"},{"lineNumber":74,"author":{"gitId":"hjuntan"},"content":"                    break;","lastModifiedDate":"2024-01-24"},{"lineNumber":75,"author":{"gitId":"hjuntan"},"content":"                }","lastModifiedDate":"2024-01-24"},{"lineNumber":76,"author":{"gitId":"hjuntan"},"content":"                case Bye:","lastModifiedDate":"2024-01-24"},{"lineNumber":77,"author":{"gitId":"hjuntan"},"content":"                    isDone \u003d true;","lastModifiedDate":"2024-01-24"},{"lineNumber":78,"author":{"gitId":"hjuntan"},"content":"                    System.out.println(exitString);","lastModifiedDate":"2024-01-24"},{"lineNumber":79,"author":{"gitId":"hjuntan"},"content":"                    writeTasks();","lastModifiedDate":"2024-01-30"},{"lineNumber":80,"author":{"gitId":"hjuntan"},"content":"                    break;","lastModifiedDate":"2024-01-24"},{"lineNumber":81,"author":{"gitId":"hjuntan"},"content":"                case Invalid:","lastModifiedDate":"2024-01-24"},{"lineNumber":82,"author":{"gitId":"hjuntan"},"content":"                    throw new ToothlessException(\"Me dragon, no understand this action :P\");","lastModifiedDate":"2024-01-24"},{"lineNumber":83,"author":{"gitId":"hjuntan"},"content":"            }","lastModifiedDate":"2024-01-24"},{"lineNumber":84,"author":{"gitId":"hjuntan"},"content":"        } catch (ToothlessException e){","lastModifiedDate":"2024-01-24"},{"lineNumber":85,"author":{"gitId":"hjuntan"},"content":"            System.out.println(e.getMessage());","lastModifiedDate":"2024-01-24"},{"lineNumber":86,"author":{"gitId":"hjuntan"},"content":"        } catch (DateTimeParseException e){","lastModifiedDate":"2024-01-30"},{"lineNumber":87,"author":{"gitId":"hjuntan"},"content":"            System.out.println(\"Type in date and time in this format: yyyy-mm-ddTHh:mm\");","lastModifiedDate":"2024-01-30"},{"lineNumber":88,"author":{"gitId":"hjuntan"},"content":"        } finally {","lastModifiedDate":"2024-01-24"},{"lineNumber":89,"author":{"gitId":"hjuntan"},"content":"            System.out.println(splitLine);","lastModifiedDate":"2024-01-24"},{"lineNumber":90,"author":{"gitId":"hjuntan"},"content":"            return isDone;","lastModifiedDate":"2024-01-24"},{"lineNumber":91,"author":{"gitId":"hjuntan"},"content":"        }","lastModifiedDate":"2024-01-24"},{"lineNumber":92,"author":{"gitId":"hjuntan"},"content":"    }","lastModifiedDate":"2024-01-24"},{"lineNumber":93,"author":{"gitId":"hjuntan"},"content":"","lastModifiedDate":"2024-01-24"},{"lineNumber":94,"author":{"gitId":"hjuntan"},"content":"    public static final Task createTask(Command c, String detail) throws ToothlessException, DateTimeParseException{","lastModifiedDate":"2024-01-30"},{"lineNumber":95,"author":{"gitId":"hjuntan"},"content":"        if(detail.equals(\"\")){","lastModifiedDate":"2024-01-24"},{"lineNumber":96,"author":{"gitId":"hjuntan"},"content":"            throw new ToothlessException(\"Human task no name :(\");","lastModifiedDate":"2024-01-24"},{"lineNumber":97,"author":{"gitId":"hjuntan"},"content":"        }","lastModifiedDate":"2024-01-24"},{"lineNumber":98,"author":{"gitId":"hjuntan"},"content":"        Task newTask;","lastModifiedDate":"2024-01-24"},{"lineNumber":99,"author":{"gitId":"hjuntan"},"content":"        switch (c){","lastModifiedDate":"2024-01-24"},{"lineNumber":100,"author":{"gitId":"hjuntan"},"content":"            case Todo:{","lastModifiedDate":"2024-01-24"},{"lineNumber":101,"author":{"gitId":"hjuntan"},"content":"                newTask \u003d new Todo(detail);","lastModifiedDate":"2024-01-24"},{"lineNumber":102,"author":{"gitId":"hjuntan"},"content":"                break;","lastModifiedDate":"2024-01-24"},{"lineNumber":103,"author":{"gitId":"hjuntan"},"content":"            }","lastModifiedDate":"2024-01-24"},{"lineNumber":104,"author":{"gitId":"hjuntan"},"content":"            case Deadline:{","lastModifiedDate":"2024-01-24"},{"lineNumber":105,"author":{"gitId":"hjuntan"},"content":"                int dateIndex \u003d detail.indexOf(\"/by\");","lastModifiedDate":"2024-01-24"},{"lineNumber":106,"author":{"gitId":"hjuntan"},"content":"                if (dateIndex \u003d\u003d -1){","lastModifiedDate":"2024-01-24"},{"lineNumber":107,"author":{"gitId":"hjuntan"},"content":"                    throw new ToothlessException(\"Human deadline no deadline @_@\");","lastModifiedDate":"2024-01-24"},{"lineNumber":108,"author":{"gitId":"hjuntan"},"content":"                }","lastModifiedDate":"2024-01-24"},{"lineNumber":109,"author":{"gitId":"hjuntan"},"content":"                String description \u003d detail.substring(0, dateIndex - 1);","lastModifiedDate":"2024-01-24"},{"lineNumber":110,"author":{"gitId":"hjuntan"},"content":"                String date \u003d detail.substring(dateIndex + 4);","lastModifiedDate":"2024-01-24"},{"lineNumber":111,"author":{"gitId":"hjuntan"},"content":"                newTask \u003d new Deadline(description, date);","lastModifiedDate":"2024-01-24"},{"lineNumber":112,"author":{"gitId":"hjuntan"},"content":"                break;","lastModifiedDate":"2024-01-24"},{"lineNumber":113,"author":{"gitId":"hjuntan"},"content":"            }","lastModifiedDate":"2024-01-24"},{"lineNumber":114,"author":{"gitId":"hjuntan"},"content":"            case Event: {","lastModifiedDate":"2024-01-30"},{"lineNumber":115,"author":{"gitId":"hjuntan"},"content":"                int date1Index \u003d detail.indexOf(\"/from\");","lastModifiedDate":"2024-01-24"},{"lineNumber":116,"author":{"gitId":"hjuntan"},"content":"                if (date1Index \u003d\u003d -1){","lastModifiedDate":"2024-01-24"},{"lineNumber":117,"author":{"gitId":"hjuntan"},"content":"                    throw new ToothlessException(\"Human event no start date D:\");","lastModifiedDate":"2024-01-24"},{"lineNumber":118,"author":{"gitId":"hjuntan"},"content":"                }","lastModifiedDate":"2024-01-24"},{"lineNumber":119,"author":{"gitId":"hjuntan"},"content":"                String description \u003d detail.substring(0, date1Index - 1);","lastModifiedDate":"2024-01-24"},{"lineNumber":120,"author":{"gitId":"hjuntan"},"content":"                detail \u003d detail.substring(date1Index + 6);","lastModifiedDate":"2024-01-24"},{"lineNumber":121,"author":{"gitId":"hjuntan"},"content":"                int date2Index \u003d detail.indexOf(\"/to\");","lastModifiedDate":"2024-01-24"},{"lineNumber":122,"author":{"gitId":"hjuntan"},"content":"                if (date2Index \u003d\u003d -1){","lastModifiedDate":"2024-01-24"},{"lineNumber":123,"author":{"gitId":"hjuntan"},"content":"                    throw new ToothlessException(\"Human event no end date D:\");","lastModifiedDate":"2024-01-24"},{"lineNumber":124,"author":{"gitId":"hjuntan"},"content":"                }","lastModifiedDate":"2024-01-24"},{"lineNumber":125,"author":{"gitId":"hjuntan"},"content":"                String startDate \u003d detail.substring(0, date2Index - 1);","lastModifiedDate":"2024-01-24"},{"lineNumber":126,"author":{"gitId":"hjuntan"},"content":"                String endDate \u003d detail.substring(date2Index + 4);","lastModifiedDate":"2024-01-24"},{"lineNumber":127,"author":{"gitId":"hjuntan"},"content":"                newTask \u003d new Event(description, startDate, endDate);","lastModifiedDate":"2024-01-24"},{"lineNumber":128,"author":{"gitId":"hjuntan"},"content":"                break;","lastModifiedDate":"2024-01-30"},{"lineNumber":129,"author":{"gitId":"hjuntan"},"content":"            }","lastModifiedDate":"2024-01-24"},{"lineNumber":130,"author":{"gitId":"hjuntan"},"content":"            default:","lastModifiedDate":"2024-01-30"},{"lineNumber":131,"author":{"gitId":"hjuntan"},"content":"                throw new ToothlessException(\"Can\u0027t create task!\");","lastModifiedDate":"2024-01-30"},{"lineNumber":132,"author":{"gitId":"hjuntan"},"content":"        }","lastModifiedDate":"2024-01-24"},{"lineNumber":133,"author":{"gitId":"hjuntan"},"content":"        return newTask;","lastModifiedDate":"2024-01-24"},{"lineNumber":134,"author":{"gitId":"hjuntan"},"content":"    }","lastModifiedDate":"2024-01-24"},{"lineNumber":135,"author":{"gitId":"hjuntan"},"content":"","lastModifiedDate":"2024-01-24"},{"lineNumber":136,"author":{"gitId":"hjuntan"},"content":"    public static void loadTasks(String filepath) throws FileNotFoundException, ToothlessException{","lastModifiedDate":"2024-01-30"},{"lineNumber":137,"author":{"gitId":"hjuntan"},"content":"        LocalDateTime now \u003d LocalDateTime.now();","lastModifiedDate":"2024-01-30"},{"lineNumber":138,"author":{"gitId":"hjuntan"},"content":"        File file \u003d new File(filepath);","lastModifiedDate":"2024-01-30"},{"lineNumber":139,"author":{"gitId":"hjuntan"},"content":"        Scanner sc \u003d new Scanner(file);","lastModifiedDate":"2024-01-30"},{"lineNumber":140,"author":{"gitId":"hjuntan"},"content":"        System.out.println(\"You have these undone tasks:\");","lastModifiedDate":"2024-01-30"},{"lineNumber":141,"author":{"gitId":"hjuntan"},"content":"        while (sc.hasNext()) {","lastModifiedDate":"2024-01-30"},{"lineNumber":142,"author":{"gitId":"hjuntan"},"content":"            Task task;","lastModifiedDate":"2024-01-30"},{"lineNumber":143,"author":{"gitId":"hjuntan"},"content":"            String[] storedTask \u003d sc.nextLine().split(\" \\\\| \");","lastModifiedDate":"2024-01-30"},{"lineNumber":144,"author":{"gitId":"hjuntan"},"content":"            switch (storedTask[0]){","lastModifiedDate":"2024-01-30"},{"lineNumber":145,"author":{"gitId":"hjuntan"},"content":"                case \"T\":","lastModifiedDate":"2024-01-30"},{"lineNumber":146,"author":{"gitId":"hjuntan"},"content":"                    task \u003d new Todo(storedTask[2], storedTask[1].equals(\"1\"));","lastModifiedDate":"2024-01-30"},{"lineNumber":147,"author":{"gitId":"hjuntan"},"content":"                    break;","lastModifiedDate":"2024-01-30"},{"lineNumber":148,"author":{"gitId":"hjuntan"},"content":"                case \"D\":","lastModifiedDate":"2024-01-30"},{"lineNumber":149,"author":{"gitId":"hjuntan"},"content":"                    task \u003d new Deadline(storedTask[2], storedTask[3], storedTask[1].equals(\"1\"));","lastModifiedDate":"2024-01-30"},{"lineNumber":150,"author":{"gitId":"hjuntan"},"content":"                    break;","lastModifiedDate":"2024-01-30"},{"lineNumber":151,"author":{"gitId":"hjuntan"},"content":"                case \"E\":","lastModifiedDate":"2024-01-30"},{"lineNumber":152,"author":{"gitId":"hjuntan"},"content":"                    task \u003d new Event(storedTask[2], storedTask[3], storedTask[4], storedTask[1].equals(\"1\"));","lastModifiedDate":"2024-01-30"},{"lineNumber":153,"author":{"gitId":"hjuntan"},"content":"                    break;","lastModifiedDate":"2024-01-30"},{"lineNumber":154,"author":{"gitId":"hjuntan"},"content":"                default:","lastModifiedDate":"2024-01-30"},{"lineNumber":155,"author":{"gitId":"hjuntan"},"content":"                    throw new ToothlessException(\"File corrupted O_O. Try again later.\");","lastModifiedDate":"2024-01-30"},{"lineNumber":156,"author":{"gitId":"hjuntan"},"content":"            }","lastModifiedDate":"2024-01-30"},{"lineNumber":157,"author":{"gitId":"hjuntan"},"content":"            listOfTasks.add(task);","lastModifiedDate":"2024-01-30"},{"lineNumber":158,"author":{"gitId":"hjuntan"},"content":"            if (!task.isDone) {","lastModifiedDate":"2024-01-30"},{"lineNumber":159,"author":{"gitId":"hjuntan"},"content":"                printTaskState(task);","lastModifiedDate":"2024-01-30"},{"lineNumber":160,"author":{"gitId":"hjuntan"},"content":"            }","lastModifiedDate":"2024-01-30"},{"lineNumber":161,"author":{"gitId":"hjuntan"},"content":"        }","lastModifiedDate":"2024-01-30"},{"lineNumber":162,"author":{"gitId":"hjuntan"},"content":"    }","lastModifiedDate":"2024-01-30"},{"lineNumber":163,"author":{"gitId":"hjuntan"},"content":"","lastModifiedDate":"2024-01-30"},{"lineNumber":164,"author":{"gitId":"hjuntan"},"content":"    public static void writeTasks(){","lastModifiedDate":"2024-01-30"},{"lineNumber":165,"author":{"gitId":"hjuntan"},"content":"        try {","lastModifiedDate":"2024-01-30"},{"lineNumber":166,"author":{"gitId":"hjuntan"},"content":"            new File(\"./data/toothless.txt\").getParentFile().mkdirs();","lastModifiedDate":"2024-01-30"},{"lineNumber":167,"author":{"gitId":"hjuntan"},"content":"            FileWriter writer \u003d new FileWriter(\"./data/toothless.txt\");","lastModifiedDate":"2024-01-30"},{"lineNumber":168,"author":{"gitId":"hjuntan"},"content":"            for (Task task : listOfTasks){","lastModifiedDate":"2024-01-30"},{"lineNumber":169,"author":{"gitId":"hjuntan"},"content":"                writer.write(task.toWrite() + \"\\n\");","lastModifiedDate":"2024-01-30"},{"lineNumber":170,"author":{"gitId":"hjuntan"},"content":"            }","lastModifiedDate":"2024-01-30"},{"lineNumber":171,"author":{"gitId":"hjuntan"},"content":"            writer.close();","lastModifiedDate":"2024-01-30"},{"lineNumber":172,"author":{"gitId":"hjuntan"},"content":"        } catch (FileNotFoundException e){","lastModifiedDate":"2024-01-30"},{"lineNumber":173,"author":{"gitId":"hjuntan"},"content":"            System.err.println(\"Unable to find task list :(\");","lastModifiedDate":"2024-01-30"},{"lineNumber":174,"author":{"gitId":"hjuntan"},"content":"        } catch (IOException e){","lastModifiedDate":"2024-01-30"},{"lineNumber":175,"author":{"gitId":"hjuntan"},"content":"            System.err.println(\"Unable to save task :(\");","lastModifiedDate":"2024-01-30"},{"lineNumber":176,"author":{"gitId":"hjuntan"},"content":"        }","lastModifiedDate":"2024-01-30"},{"lineNumber":177,"author":{"gitId":"hjuntan"},"content":"    }","lastModifiedDate":"2024-01-30"},{"lineNumber":178,"author":{"gitId":"hjuntan"},"content":"","lastModifiedDate":"2024-01-30"},{"lineNumber":179,"author":{"gitId":"hjuntan"},"content":"    public static int getTaskIndex(String detail) throws ToothlessException{","lastModifiedDate":"2024-01-24"},{"lineNumber":180,"author":{"gitId":"hjuntan"},"content":"        try {","lastModifiedDate":"2024-01-24"},{"lineNumber":181,"author":{"gitId":"hjuntan"},"content":"            int taskIndex \u003d Integer.valueOf(detail);","lastModifiedDate":"2024-01-24"},{"lineNumber":182,"author":{"gitId":"hjuntan"},"content":"            return taskIndex - 1;","lastModifiedDate":"2024-01-24"},{"lineNumber":183,"author":{"gitId":"hjuntan"},"content":"        } catch (NumberFormatException e){","lastModifiedDate":"2024-01-24"},{"lineNumber":184,"author":{"gitId":"hjuntan"},"content":"            throw new ToothlessException(\"Number put is not number.\\nPlease put real number ._.\");","lastModifiedDate":"2024-01-24"},{"lineNumber":185,"author":{"gitId":"hjuntan"},"content":"        }","lastModifiedDate":"2024-01-24"},{"lineNumber":186,"author":{"gitId":"hjuntan"},"content":"    }","lastModifiedDate":"2024-01-24"},{"lineNumber":187,"author":{"gitId":"hjuntan"},"content":"","lastModifiedDate":"2024-01-24"},{"lineNumber":188,"author":{"gitId":"hjuntan"},"content":"    public static void printTaskState(Task task, int index){","lastModifiedDate":"2024-01-24"},{"lineNumber":189,"author":{"gitId":"hjuntan"},"content":"        System.out.format(\"%d. [\"+ task.getTaskIcon()+\"][\"+ task.getStatusIcon() + \"] \" + task + \"\\n\", index + 1);","lastModifiedDate":"2024-01-24"},{"lineNumber":190,"author":{"gitId":"hjuntan"},"content":"    }","lastModifiedDate":"2024-01-24"},{"lineNumber":191,"author":{"gitId":"hjuntan"},"content":"","lastModifiedDate":"2024-01-30"},{"lineNumber":192,"author":{"gitId":"hjuntan"},"content":"    public static void printTaskState(Task task){","lastModifiedDate":"2024-01-30"},{"lineNumber":193,"author":{"gitId":"hjuntan"},"content":"        System.out.println(\" [\"+ task.getTaskIcon()+\"][\"+ task.getStatusIcon() + \"] \" + task);","lastModifiedDate":"2024-01-30"},{"lineNumber":194,"author":{"gitId":"hjuntan"},"content":"    }","lastModifiedDate":"2024-01-30"},{"lineNumber":195,"author":{"gitId":"hjuntan"},"content":"}","lastModifiedDate":"2024-01-24"}],"authorContributionMap":{"hjuntan":195}},{"path":"src/main/java/Deadline.java","fileType":"java","lines":[{"lineNumber":1,"author":{"gitId":"hjuntan"},"content":"import java.time.LocalDate;","lastModifiedDate":"2024-01-30"},{"lineNumber":2,"author":{"gitId":"hjuntan"},"content":"import java.time.LocalDateTime;","lastModifiedDate":"2024-01-30"},{"lineNumber":3,"author":{"gitId":"hjuntan"},"content":"","lastModifiedDate":"2024-01-30"},{"lineNumber":4,"author":{"gitId":"hjuntan"},"content":"public class Deadline extends Task{","lastModifiedDate":"2024-01-23"},{"lineNumber":5,"author":{"gitId":"hjuntan"},"content":"    private LocalDateTime date;","lastModifiedDate":"2024-01-30"},{"lineNumber":6,"author":{"gitId":"hjuntan"},"content":"","lastModifiedDate":"2024-01-23"},{"lineNumber":7,"author":{"gitId":"hjuntan"},"content":"    public Deadline(String description, String date){","lastModifiedDate":"2024-01-23"},{"lineNumber":8,"author":{"gitId":"hjuntan"},"content":"        super.description \u003d description;","lastModifiedDate":"2024-01-23"},{"lineNumber":9,"author":{"gitId":"hjuntan"},"content":"        this.date \u003d LocalDateTime.parse(date);","lastModifiedDate":"2024-01-30"},{"lineNumber":10,"author":{"gitId":"hjuntan"},"content":"    }","lastModifiedDate":"2024-01-23"},{"lineNumber":11,"author":{"gitId":"hjuntan"},"content":"","lastModifiedDate":"2024-01-23"},{"lineNumber":12,"author":{"gitId":"hjuntan"},"content":"    public Deadline(String description, String date, boolean isDone){","lastModifiedDate":"2024-01-30"},{"lineNumber":13,"author":{"gitId":"hjuntan"},"content":"        super.description \u003d description;","lastModifiedDate":"2024-01-30"},{"lineNumber":14,"author":{"gitId":"hjuntan"},"content":"        super.isDone \u003d isDone;","lastModifiedDate":"2024-01-30"},{"lineNumber":15,"author":{"gitId":"hjuntan"},"content":"        this.date \u003d LocalDateTime.parse(date);","lastModifiedDate":"2024-01-30"},{"lineNumber":16,"author":{"gitId":"hjuntan"},"content":"    }","lastModifiedDate":"2024-01-30"},{"lineNumber":17,"author":{"gitId":"hjuntan"},"content":"","lastModifiedDate":"2024-01-30"},{"lineNumber":18,"author":{"gitId":"hjuntan"},"content":"    @Override","lastModifiedDate":"2024-01-23"},{"lineNumber":19,"author":{"gitId":"hjuntan"},"content":"    public String getTaskIcon() {","lastModifiedDate":"2024-01-23"},{"lineNumber":20,"author":{"gitId":"hjuntan"},"content":"        return \"D\";","lastModifiedDate":"2024-01-23"},{"lineNumber":21,"author":{"gitId":"hjuntan"},"content":"    }","lastModifiedDate":"2024-01-23"},{"lineNumber":22,"author":{"gitId":"hjuntan"},"content":"","lastModifiedDate":"2024-01-23"},{"lineNumber":23,"author":{"gitId":"hjuntan"},"content":"    @Override","lastModifiedDate":"2024-01-30"},{"lineNumber":24,"author":{"gitId":"hjuntan"},"content":"    public String toWrite(){","lastModifiedDate":"2024-01-30"},{"lineNumber":25,"author":{"gitId":"hjuntan"},"content":"        return \"D | \" + super.toWrite()","lastModifiedDate":"2024-01-30"},{"lineNumber":26,"author":{"gitId":"hjuntan"},"content":"                + \" | \" + this.date;","lastModifiedDate":"2024-01-30"},{"lineNumber":27,"author":{"gitId":"hjuntan"},"content":"    }","lastModifiedDate":"2024-01-30"},{"lineNumber":28,"author":{"gitId":"hjuntan"},"content":"","lastModifiedDate":"2024-01-30"},{"lineNumber":29,"author":{"gitId":"hjuntan"},"content":"    @Override","lastModifiedDate":"2024-01-23"},{"lineNumber":30,"author":{"gitId":"hjuntan"},"content":"    public String toString(){","lastModifiedDate":"2024-01-23"},{"lineNumber":31,"author":{"gitId":"hjuntan"},"content":"        return this.description","lastModifiedDate":"2024-01-30"},{"lineNumber":32,"author":{"gitId":"hjuntan"},"content":"                + \" (by: \"+ super.dateTimeFormat(this.date) + \")\";","lastModifiedDate":"2024-01-30"},{"lineNumber":33,"author":{"gitId":"hjuntan"},"content":"    }","lastModifiedDate":"2024-01-23"},{"lineNumber":34,"author":{"gitId":"hjuntan"},"content":"}","lastModifiedDate":"2024-01-23"}],"authorContributionMap":{"hjuntan":34}},{"path":"src/main/java/Event.java","fileType":"java","lines":[{"lineNumber":1,"author":{"gitId":"hjuntan"},"content":"import java.time.LocalDate;","lastModifiedDate":"2024-01-30"},{"lineNumber":2,"author":{"gitId":"hjuntan"},"content":"import java.time.LocalDateTime;","lastModifiedDate":"2024-01-30"},{"lineNumber":3,"author":{"gitId":"hjuntan"},"content":"","lastModifiedDate":"2024-01-30"},{"lineNumber":4,"author":{"gitId":"hjuntan"},"content":"public class Event extends Task{","lastModifiedDate":"2024-01-23"},{"lineNumber":5,"author":{"gitId":"hjuntan"},"content":"    private LocalDateTime startDate;","lastModifiedDate":"2024-01-30"},{"lineNumber":6,"author":{"gitId":"hjuntan"},"content":"    private LocalDateTime endDate;","lastModifiedDate":"2024-01-30"},{"lineNumber":7,"author":{"gitId":"hjuntan"},"content":"","lastModifiedDate":"2024-01-23"},{"lineNumber":8,"author":{"gitId":"hjuntan"},"content":"    public Event(String description, String startDate, String endDate) throws ToothlessException{","lastModifiedDate":"2024-01-30"},{"lineNumber":9,"author":{"gitId":"hjuntan"},"content":"        super.description \u003d description;","lastModifiedDate":"2024-01-23"},{"lineNumber":10,"author":{"gitId":"hjuntan"},"content":"        LocalDateTime start \u003d LocalDateTime.parse(startDate);","lastModifiedDate":"2024-01-30"},{"lineNumber":11,"author":{"gitId":"hjuntan"},"content":"        LocalDateTime end \u003d LocalDateTime.parse(endDate);","lastModifiedDate":"2024-01-30"},{"lineNumber":12,"author":{"gitId":"hjuntan"},"content":"        if (start.isAfter(end)) {","lastModifiedDate":"2024-01-30"},{"lineNumber":13,"author":{"gitId":"hjuntan"},"content":"            throw new ToothlessException(\"End date is earlier :/\");","lastModifiedDate":"2024-01-30"},{"lineNumber":14,"author":{"gitId":"hjuntan"},"content":"        }","lastModifiedDate":"2024-01-30"},{"lineNumber":15,"author":{"gitId":"hjuntan"},"content":"        this.startDate \u003d start;","lastModifiedDate":"2024-01-30"},{"lineNumber":16,"author":{"gitId":"hjuntan"},"content":"        this.endDate \u003d end;","lastModifiedDate":"2024-01-30"},{"lineNumber":17,"author":{"gitId":"hjuntan"},"content":"    }","lastModifiedDate":"2024-01-23"},{"lineNumber":18,"author":{"gitId":"hjuntan"},"content":"","lastModifiedDate":"2024-01-23"},{"lineNumber":19,"author":{"gitId":"hjuntan"},"content":"    public Event(String description, String startDate, String endDate, boolean isDone) throws ToothlessException{","lastModifiedDate":"2024-01-30"},{"lineNumber":20,"author":{"gitId":"hjuntan"},"content":"        super.description \u003d description;","lastModifiedDate":"2024-01-30"},{"lineNumber":21,"author":{"gitId":"hjuntan"},"content":"        super.isDone \u003d isDone;","lastModifiedDate":"2024-01-30"},{"lineNumber":22,"author":{"gitId":"hjuntan"},"content":"        LocalDateTime start \u003d LocalDateTime.parse(startDate);","lastModifiedDate":"2024-01-30"},{"lineNumber":23,"author":{"gitId":"hjuntan"},"content":"        LocalDateTime end \u003d LocalDateTime.parse(endDate);","lastModifiedDate":"2024-01-30"},{"lineNumber":24,"author":{"gitId":"hjuntan"},"content":"        if (start.isAfter(end)) {","lastModifiedDate":"2024-01-30"},{"lineNumber":25,"author":{"gitId":"hjuntan"},"content":"            throw new ToothlessException(\"End date is earlier :/\");","lastModifiedDate":"2024-01-30"},{"lineNumber":26,"author":{"gitId":"hjuntan"},"content":"        }","lastModifiedDate":"2024-01-30"},{"lineNumber":27,"author":{"gitId":"hjuntan"},"content":"        this.startDate \u003d start;","lastModifiedDate":"2024-01-30"},{"lineNumber":28,"author":{"gitId":"hjuntan"},"content":"        this.endDate \u003d end;","lastModifiedDate":"2024-01-30"},{"lineNumber":29,"author":{"gitId":"hjuntan"},"content":"    }","lastModifiedDate":"2024-01-30"},{"lineNumber":30,"author":{"gitId":"hjuntan"},"content":"","lastModifiedDate":"2024-01-30"},{"lineNumber":31,"author":{"gitId":"hjuntan"},"content":"    @Override","lastModifiedDate":"2024-01-23"},{"lineNumber":32,"author":{"gitId":"hjuntan"},"content":"    public String getTaskIcon() {","lastModifiedDate":"2024-01-23"},{"lineNumber":33,"author":{"gitId":"hjuntan"},"content":"        return \"E\";","lastModifiedDate":"2024-01-23"},{"lineNumber":34,"author":{"gitId":"hjuntan"},"content":"    }","lastModifiedDate":"2024-01-23"},{"lineNumber":35,"author":{"gitId":"hjuntan"},"content":"","lastModifiedDate":"2024-01-23"},{"lineNumber":36,"author":{"gitId":"hjuntan"},"content":"    @Override","lastModifiedDate":"2024-01-30"},{"lineNumber":37,"author":{"gitId":"hjuntan"},"content":"    public String toWrite(){","lastModifiedDate":"2024-01-30"},{"lineNumber":38,"author":{"gitId":"hjuntan"},"content":"        return \"E | \" + super.toWrite()","lastModifiedDate":"2024-01-30"},{"lineNumber":39,"author":{"gitId":"hjuntan"},"content":"                + \" | \" + this.startDate","lastModifiedDate":"2024-01-30"},{"lineNumber":40,"author":{"gitId":"hjuntan"},"content":"                + \" | \" + this.endDate;","lastModifiedDate":"2024-01-30"},{"lineNumber":41,"author":{"gitId":"hjuntan"},"content":"    }","lastModifiedDate":"2024-01-30"},{"lineNumber":42,"author":{"gitId":"hjuntan"},"content":"","lastModifiedDate":"2024-01-30"},{"lineNumber":43,"author":{"gitId":"hjuntan"},"content":"    @Override","lastModifiedDate":"2024-01-23"},{"lineNumber":44,"author":{"gitId":"hjuntan"},"content":"    public String toString(){","lastModifiedDate":"2024-01-23"},{"lineNumber":45,"author":{"gitId":"hjuntan"},"content":"        return this.description","lastModifiedDate":"2024-01-30"},{"lineNumber":46,"author":{"gitId":"hjuntan"},"content":"                + \" (from: \" + super.dateTimeFormat(this.startDate)","lastModifiedDate":"2024-01-30"},{"lineNumber":47,"author":{"gitId":"hjuntan"},"content":"                + \" to: \" + super.dateTimeFormat(this.endDate) + \")\";","lastModifiedDate":"2024-01-30"},{"lineNumber":48,"author":{"gitId":"hjuntan"},"content":"    }","lastModifiedDate":"2024-01-23"},{"lineNumber":49,"author":{"gitId":"hjuntan"},"content":"}","lastModifiedDate":"2024-01-23"}],"authorContributionMap":{"hjuntan":49}},{"path":"src/main/java/Task.java","fileType":"java","lines":[{"lineNumber":1,"author":{"gitId":"hjuntan"},"content":"import java.time.LocalDateTime;","lastModifiedDate":"2024-01-30"},{"lineNumber":2,"author":{"gitId":"hjuntan"},"content":"import java.time.Month;","lastModifiedDate":"2024-01-30"},{"lineNumber":3,"author":{"gitId":"hjuntan"},"content":"import java.time.format.DateTimeFormatter;","lastModifiedDate":"2024-01-30"},{"lineNumber":4,"author":{"gitId":"hjuntan"},"content":"","lastModifiedDate":"2024-01-30"},{"lineNumber":5,"author":{"gitId":"hjuntan"},"content":"public abstract class Task {","lastModifiedDate":"2024-01-23"},{"lineNumber":6,"author":{"gitId":"hjuntan"},"content":"    protected String description;","lastModifiedDate":"2024-01-23"},{"lineNumber":7,"author":{"gitId":"hjuntan"},"content":"    protected boolean isDone \u003d false;","lastModifiedDate":"2024-01-30"},{"lineNumber":8,"author":{"gitId":"hjuntan"},"content":"","lastModifiedDate":"2024-01-23"},{"lineNumber":9,"author":{"gitId":"hjuntan"},"content":"    @Override","lastModifiedDate":"2024-01-23"},{"lineNumber":10,"author":{"gitId":"hjuntan"},"content":"    public String toString() {","lastModifiedDate":"2024-01-23"},{"lineNumber":11,"author":{"gitId":"hjuntan"},"content":"        return this.description;","lastModifiedDate":"2024-01-23"},{"lineNumber":12,"author":{"gitId":"hjuntan"},"content":"    }","lastModifiedDate":"2024-01-23"},{"lineNumber":13,"author":{"gitId":"hjuntan"},"content":"","lastModifiedDate":"2024-01-23"},{"lineNumber":14,"author":{"gitId":"hjuntan"},"content":"    public String getStatusIcon() {","lastModifiedDate":"2024-01-23"},{"lineNumber":15,"author":{"gitId":"hjuntan"},"content":"        return this.isDone ? \"X\": \" \"; // mark done task with X","lastModifiedDate":"2024-01-23"},{"lineNumber":16,"author":{"gitId":"hjuntan"},"content":"    }","lastModifiedDate":"2024-01-23"},{"lineNumber":17,"author":{"gitId":"hjuntan"},"content":"","lastModifiedDate":"2024-01-23"},{"lineNumber":18,"author":{"gitId":"hjuntan"},"content":"    public void markAsDone() {","lastModifiedDate":"2024-01-23"},{"lineNumber":19,"author":{"gitId":"hjuntan"},"content":"        this.isDone \u003d true;","lastModifiedDate":"2024-01-23"},{"lineNumber":20,"author":{"gitId":"hjuntan"},"content":"    }","lastModifiedDate":"2024-01-23"},{"lineNumber":21,"author":{"gitId":"hjuntan"},"content":"","lastModifiedDate":"2024-01-23"},{"lineNumber":22,"author":{"gitId":"hjuntan"},"content":"    public void markAsNotDone(){","lastModifiedDate":"2024-01-23"},{"lineNumber":23,"author":{"gitId":"hjuntan"},"content":"        this.isDone \u003d false;","lastModifiedDate":"2024-01-23"},{"lineNumber":24,"author":{"gitId":"hjuntan"},"content":"    }","lastModifiedDate":"2024-01-23"},{"lineNumber":25,"author":{"gitId":"hjuntan"},"content":"","lastModifiedDate":"2024-01-23"},{"lineNumber":26,"author":{"gitId":"hjuntan"},"content":"    public String toWrite(){","lastModifiedDate":"2024-01-30"},{"lineNumber":27,"author":{"gitId":"hjuntan"},"content":"        return (isDone ? 1 : 0) + \" | \" + this.description;","lastModifiedDate":"2024-01-30"},{"lineNumber":28,"author":{"gitId":"hjuntan"},"content":"    }","lastModifiedDate":"2024-01-30"},{"lineNumber":29,"author":{"gitId":"hjuntan"},"content":"","lastModifiedDate":"2024-01-30"},{"lineNumber":30,"author":{"gitId":"hjuntan"},"content":"    public String dateTimeFormat(LocalDateTime dateTime){","lastModifiedDate":"2024-01-30"},{"lineNumber":31,"author":{"gitId":"hjuntan"},"content":"        return dateTime.format(DateTimeFormatter.ofPattern(\"MMM dd yyyy HH:mm\"));","lastModifiedDate":"2024-01-30"},{"lineNumber":32,"author":{"gitId":"hjuntan"},"content":"    }","lastModifiedDate":"2024-01-30"},{"lineNumber":33,"author":{"gitId":"hjuntan"},"content":"","lastModifiedDate":"2024-01-30"},{"lineNumber":34,"author":{"gitId":"hjuntan"},"content":"    public abstract String getTaskIcon();","lastModifiedDate":"2024-01-23"},{"lineNumber":35,"author":{"gitId":"hjuntan"},"content":"}","lastModifiedDate":"2024-01-23"}],"authorContributionMap":{"hjuntan":35}},{"path":"src/main/java/Todo.java","fileType":"java","lines":[{"lineNumber":1,"author":{"gitId":"hjuntan"},"content":"public class Todo extends Task{","lastModifiedDate":"2024-01-23"},{"lineNumber":2,"author":{"gitId":"hjuntan"},"content":"","lastModifiedDate":"2024-01-23"},{"lineNumber":3,"author":{"gitId":"hjuntan"},"content":"    public Todo(String description){","lastModifiedDate":"2024-01-23"},{"lineNumber":4,"author":{"gitId":"hjuntan"},"content":"        super.description \u003d description;","lastModifiedDate":"2024-01-23"},{"lineNumber":5,"author":{"gitId":"hjuntan"},"content":"    }","lastModifiedDate":"2024-01-23"},{"lineNumber":6,"author":{"gitId":"hjuntan"},"content":"","lastModifiedDate":"2024-01-23"},{"lineNumber":7,"author":{"gitId":"hjuntan"},"content":"    public Todo(String description, boolean isDone){","lastModifiedDate":"2024-01-30"},{"lineNumber":8,"author":{"gitId":"hjuntan"},"content":"        super.description \u003d description;","lastModifiedDate":"2024-01-30"},{"lineNumber":9,"author":{"gitId":"hjuntan"},"content":"        super.isDone \u003d isDone;","lastModifiedDate":"2024-01-30"},{"lineNumber":10,"author":{"gitId":"hjuntan"},"content":"    }","lastModifiedDate":"2024-01-30"},{"lineNumber":11,"author":{"gitId":"hjuntan"},"content":"","lastModifiedDate":"2024-01-30"},{"lineNumber":12,"author":{"gitId":"hjuntan"},"content":"    public String getTaskIcon(){","lastModifiedDate":"2024-01-23"},{"lineNumber":13,"author":{"gitId":"hjuntan"},"content":"        return \"T\";","lastModifiedDate":"2024-01-23"},{"lineNumber":14,"author":{"gitId":"hjuntan"},"content":"    }","lastModifiedDate":"2024-01-23"},{"lineNumber":15,"author":{"gitId":"hjuntan"},"content":"","lastModifiedDate":"2024-01-30"},{"lineNumber":16,"author":{"gitId":"hjuntan"},"content":"    @Override","lastModifiedDate":"2024-01-30"},{"lineNumber":17,"author":{"gitId":"hjuntan"},"content":"    public String toWrite(){","lastModifiedDate":"2024-01-30"},{"lineNumber":18,"author":{"gitId":"hjuntan"},"content":"        return \"T | \" + super.toWrite();","lastModifiedDate":"2024-01-30"},{"lineNumber":19,"author":{"gitId":"hjuntan"},"content":"    }","lastModifiedDate":"2024-01-30"},{"lineNumber":20,"author":{"gitId":"hjuntan"},"content":"}","lastModifiedDate":"2024-01-23"}],"authorContributionMap":{"hjuntan":20}},{"path":"src/main/java/Toothless.java","fileType":"java","lines":[{"lineNumber":1,"author":{"gitId":"hjuntan"},"content":"import java.io.File;","lastModifiedDate":"2024-01-29"},{"lineNumber":2,"author":{"gitId":"hjuntan"},"content":"import java.io.FileNotFoundException;","lastModifiedDate":"2024-01-29"},{"lineNumber":3,"author":{"gitId":"hjuntan"},"content":"import java.util.Scanner;","lastModifiedDate":"2024-01-23"},{"lineNumber":4,"author":{"gitId":"hjuntan"},"content":"","lastModifiedDate":"2024-01-23"},{"lineNumber":5,"author":{"gitId":"hjuntan"},"content":"public class Toothless {","lastModifiedDate":"2024-01-23"},{"lineNumber":6,"author":{"gitId":"hjuntan"},"content":"    private String splitLine \u003d \"____________________________________________________________\";","lastModifiedDate":"2024-01-29"},{"lineNumber":7,"author":{"gitId":"hjuntan"},"content":"    private String chatBotName \u003d \"Toothless\";","lastModifiedDate":"2024-01-29"},{"lineNumber":8,"author":{"gitId":"hjuntan"},"content":"    private String greetingString \u003d \"Hi! \"+ chatBotName +\" is \" + chatBotName + \"!\\n\"","lastModifiedDate":"2024-01-29"},{"lineNumber":9,"author":{"gitId":"hjuntan"},"content":"                            + \"What can \" + chatBotName + \" do for human?\\n\" + splitLine;","lastModifiedDate":"2024-01-24"},{"lineNumber":10,"author":{"gitId":"hjuntan"},"content":"","lastModifiedDate":"2024-01-23"},{"lineNumber":11,"author":{"gitId":"hjuntan"},"content":"    public Toothless(String filepath){","lastModifiedDate":"2024-01-29"},{"lineNumber":12,"author":{"gitId":"hjuntan"},"content":"        try {","lastModifiedDate":"2024-01-29"},{"lineNumber":13,"author":{"gitId":"hjuntan"},"content":"            Command.loadTasks(filepath);","lastModifiedDate":"2024-01-30"},{"lineNumber":14,"author":{"gitId":"hjuntan"},"content":"        } catch (FileNotFoundException e){","lastModifiedDate":"2024-01-29"},{"lineNumber":15,"author":{"gitId":"hjuntan"},"content":"            System.out.println(\"Can\u0027t Find Task File!\");","lastModifiedDate":"2024-01-29"},{"lineNumber":16,"author":{"gitId":"hjuntan"},"content":"        } catch (ToothlessException e) {","lastModifiedDate":"2024-01-30"},{"lineNumber":17,"author":{"gitId":"hjuntan"},"content":"            System.out.println(e.getMessage());","lastModifiedDate":"2024-01-30"},{"lineNumber":18,"author":{"gitId":"hjuntan"},"content":"        }","lastModifiedDate":"2024-01-29"},{"lineNumber":19,"author":{"gitId":"hjuntan"},"content":"    }","lastModifiedDate":"2024-01-29"},{"lineNumber":20,"author":{"gitId":"hjuntan"},"content":"","lastModifiedDate":"2024-01-23"},{"lineNumber":21,"author":{"gitId":"hjuntan"},"content":"    public void start(Scanner sc) {","lastModifiedDate":"2024-01-29"},{"lineNumber":22,"author":{"gitId":"hjuntan"},"content":"        String input;","lastModifiedDate":"2024-01-24"},{"lineNumber":23,"author":{"gitId":"hjuntan"},"content":"        Command command;","lastModifiedDate":"2024-01-24"},{"lineNumber":24,"author":{"gitId":"hjuntan"},"content":"        boolean isDone \u003d false;","lastModifiedDate":"2024-01-24"},{"lineNumber":25,"author":{"gitId":"hjuntan"},"content":"        System.out.println(splitLine + \"\\n\" + greetingString);","lastModifiedDate":"2024-01-30"},{"lineNumber":26,"author":{"gitId":"hjuntan"},"content":"        while(!isDone){","lastModifiedDate":"2024-01-24"},{"lineNumber":27,"author":{"gitId":"hjuntan"},"content":"            input \u003d sc.nextLine();","lastModifiedDate":"2024-01-24"},{"lineNumber":28,"author":{"gitId":"hjuntan"},"content":"            System.out.println(splitLine);","lastModifiedDate":"2024-01-23"},{"lineNumber":29,"author":{"gitId":"hjuntan"},"content":"","lastModifiedDate":"2024-01-24"},{"lineNumber":30,"author":{"gitId":"hjuntan"},"content":"            int detailIndex \u003d input.indexOf(\" \");","lastModifiedDate":"2024-01-24"},{"lineNumber":31,"author":{"gitId":"hjuntan"},"content":"            String detail;","lastModifiedDate":"2024-01-24"},{"lineNumber":32,"author":{"gitId":"hjuntan"},"content":"            if (detailIndex \u003d\u003d -1){","lastModifiedDate":"2024-01-24"},{"lineNumber":33,"author":{"gitId":"hjuntan"},"content":"                detail \u003d \"\";","lastModifiedDate":"2024-01-24"},{"lineNumber":34,"author":{"gitId":"hjuntan"},"content":"            } else {","lastModifiedDate":"2024-01-24"},{"lineNumber":35,"author":{"gitId":"hjuntan"},"content":"                detail \u003d input.substring(detailIndex + 1);","lastModifiedDate":"2024-01-24"},{"lineNumber":36,"author":{"gitId":"hjuntan"},"content":"            }","lastModifiedDate":"2024-01-24"},{"lineNumber":37,"author":{"gitId":"hjuntan"},"content":"","lastModifiedDate":"2024-01-24"},{"lineNumber":38,"author":{"gitId":"hjuntan"},"content":"            if(input.startsWith(\"unmark\")){","lastModifiedDate":"2024-01-24"},{"lineNumber":39,"author":{"gitId":"hjuntan"},"content":"                command \u003d Command.Unmark;","lastModifiedDate":"2024-01-24"},{"lineNumber":40,"author":{"gitId":"hjuntan"},"content":"            }","lastModifiedDate":"2024-01-23"},{"lineNumber":41,"author":{"gitId":"hjuntan"},"content":"            else if(input.startsWith(\"mark\")){","lastModifiedDate":"2024-01-24"},{"lineNumber":42,"author":{"gitId":"hjuntan"},"content":"                command \u003d Command.Mark;","lastModifiedDate":"2024-01-24"},{"lineNumber":43,"author":{"gitId":"hjuntan"},"content":"            }","lastModifiedDate":"2024-01-23"},{"lineNumber":44,"author":{"gitId":"hjuntan"},"content":"            else if(input.startsWith(\"delete\")){","lastModifiedDate":"2024-01-24"},{"lineNumber":45,"author":{"gitId":"hjuntan"},"content":"                command \u003d Command.Delete;","lastModifiedDate":"2024-01-24"},{"lineNumber":46,"author":{"gitId":"hjuntan"},"content":"            }","lastModifiedDate":"2024-01-24"},{"lineNumber":47,"author":{"gitId":"hjuntan"},"content":"            else if (input.startsWith(\"todo\")){","lastModifiedDate":"2024-01-24"},{"lineNumber":48,"author":{"gitId":"hjuntan"},"content":"                command \u003d Command.Todo;","lastModifiedDate":"2024-01-24"},{"lineNumber":49,"author":{"gitId":"hjuntan"},"content":"            }","lastModifiedDate":"2024-01-23"},{"lineNumber":50,"author":{"gitId":"hjuntan"},"content":"            else if (input.startsWith(\"deadline\")){","lastModifiedDate":"2024-01-24"},{"lineNumber":51,"author":{"gitId":"hjuntan"},"content":"                command \u003d Command.Deadline;","lastModifiedDate":"2024-01-24"},{"lineNumber":52,"author":{"gitId":"hjuntan"},"content":"            }","lastModifiedDate":"2024-01-23"},{"lineNumber":53,"author":{"gitId":"hjuntan"},"content":"            else if (input.startsWith(\"event\")){","lastModifiedDate":"2024-01-24"},{"lineNumber":54,"author":{"gitId":"hjuntan"},"content":"                command \u003d Command.Event;","lastModifiedDate":"2024-01-24"},{"lineNumber":55,"author":{"gitId":"hjuntan"},"content":"            }","lastModifiedDate":"2024-01-23"},{"lineNumber":56,"author":{"gitId":"hjuntan"},"content":"            else if (input.startsWith(\"list\")){","lastModifiedDate":"2024-01-24"},{"lineNumber":57,"author":{"gitId":"hjuntan"},"content":"                command \u003d Command.List;","lastModifiedDate":"2024-01-24"},{"lineNumber":58,"author":{"gitId":"hjuntan"},"content":"            }","lastModifiedDate":"2024-01-23"},{"lineNumber":59,"author":{"gitId":"hjuntan"},"content":"            else if(input.startsWith(\"bye\")){","lastModifiedDate":"2024-01-24"},{"lineNumber":60,"author":{"gitId":"hjuntan"},"content":"                command \u003d Command.Bye;","lastModifiedDate":"2024-01-24"},{"lineNumber":61,"author":{"gitId":"hjuntan"},"content":"            } else{","lastModifiedDate":"2024-01-24"},{"lineNumber":62,"author":{"gitId":"hjuntan"},"content":"                command \u003d Command.Invalid;","lastModifiedDate":"2024-01-24"},{"lineNumber":63,"author":{"gitId":"hjuntan"},"content":"            }","lastModifiedDate":"2024-01-23"},{"lineNumber":64,"author":{"gitId":"hjuntan"},"content":"","lastModifiedDate":"2024-01-23"},{"lineNumber":65,"author":{"gitId":"hjuntan"},"content":"            isDone \u003d Command.handleCommand(command, detail);","lastModifiedDate":"2024-01-24"},{"lineNumber":66,"author":{"gitId":"hjuntan"},"content":"        }","lastModifiedDate":"2024-01-24"},{"lineNumber":67,"author":{"gitId":"hjuntan"},"content":"    }","lastModifiedDate":"2024-01-23"},{"lineNumber":68,"author":{"gitId":"hjuntan"},"content":"","lastModifiedDate":"2024-01-29"},{"lineNumber":69,"author":{"gitId":"hjuntan"},"content":"    public static void main(String[] args){","lastModifiedDate":"2024-01-29"},{"lineNumber":70,"author":{"gitId":"hjuntan"},"content":"        Scanner sc \u003d new Scanner(System.in);","lastModifiedDate":"2024-01-29"},{"lineNumber":71,"author":{"gitId":"hjuntan"},"content":"        Toothless toothless \u003d new Toothless(\"./data/toothless.txt\");","lastModifiedDate":"2024-01-29"},{"lineNumber":72,"author":{"gitId":"hjuntan"},"content":"        toothless.start(sc);","lastModifiedDate":"2024-01-29"},{"lineNumber":73,"author":{"gitId":"hjuntan"},"content":"    }","lastModifiedDate":"2024-01-29"},{"lineNumber":74,"author":{"gitId":"hjuntan"},"content":"}","lastModifiedDate":"2024-01-23"}],"authorContributionMap":{"hjuntan":74}},{"path":"src/main/java/ToothlessException.java","fileType":"java","lines":[{"lineNumber":1,"author":{"gitId":"hjuntan"},"content":"public class ToothlessException extends Exception{","lastModifiedDate":"2024-01-24"},{"lineNumber":2,"author":{"gitId":"hjuntan"},"content":"    ToothlessException(String message){","lastModifiedDate":"2024-01-24"},{"lineNumber":3,"author":{"gitId":"hjuntan"},"content":"        super(message);","lastModifiedDate":"2024-01-24"},{"lineNumber":4,"author":{"gitId":"hjuntan"},"content":"    }","lastModifiedDate":"2024-01-24"},{"lineNumber":5,"author":{"gitId":"hjuntan"},"content":"}","lastModifiedDate":"2024-01-24"}],"authorContributionMap":{"hjuntan":5}},{"path":"text-ui-test/input.txt","fileType":"txt","lines":[{"lineNumber":1,"author":{"gitId":"hjuntan"},"content":"todo simple task","lastModifiedDate":"2024-01-24"},{"lineNumber":2,"author":{"gitId":"hjuntan"},"content":"deadline simple assignment /by today","lastModifiedDate":"2024-01-24"},{"lineNumber":3,"author":{"gitId":"hjuntan"},"content":"event simple celebration /from 26 Jan 4pm /to 26 Jan 6pm","lastModifiedDate":"2024-01-24"},{"lineNumber":4,"author":{"gitId":"hjuntan"},"content":"list","lastModifiedDate":"2024-01-24"},{"lineNumber":5,"author":{"gitId":"hjuntan"},"content":"mark 2","lastModifiedDate":"2024-01-24"},{"lineNumber":6,"author":{"gitId":"hjuntan"},"content":"mark 3","lastModifiedDate":"2024-01-24"},{"lineNumber":7,"author":{"gitId":"hjuntan"},"content":"unmark 2","lastModifiedDate":"2024-01-24"},{"lineNumber":8,"author":{"gitId":"hjuntan"},"content":"list","lastModifiedDate":"2024-01-24"},{"lineNumber":9,"author":{"gitId":"hjuntan"},"content":"bye","lastModifiedDate":"2024-01-24"}],"authorContributionMap":{"hjuntan":9}},{"path":"text-ui-test/runtest.bat","fileType":"bat","lines":[{"lineNumber":1,"author":{"gitId":"-"},"content":"@ECHO OFF","lastModifiedDate":"2020-05-25"},{"lineNumber":2,"author":{"gitId":"-"},"content":"","lastModifiedDate":"2020-05-25"},{"lineNumber":3,"author":{"gitId":"-"},"content":"REM create bin directory if it doesn\u0027t exist","lastModifiedDate":"2020-05-25"},{"lineNumber":4,"author":{"gitId":"-"},"content":"if not exist ..\\bin mkdir ..\\bin","lastModifiedDate":"2020-05-25"},{"lineNumber":5,"author":{"gitId":"-"},"content":"","lastModifiedDate":"2020-05-25"},{"lineNumber":6,"author":{"gitId":"-"},"content":"REM delete output from previous run","lastModifiedDate":"2020-05-25"},{"lineNumber":7,"author":{"gitId":"-"},"content":"if exist ACTUAL.TXT del ACTUAL.TXT","lastModifiedDate":"2020-08-25"},{"lineNumber":8,"author":{"gitId":"-"},"content":"","lastModifiedDate":"2020-05-25"},{"lineNumber":9,"author":{"gitId":"-"},"content":"REM compile the code into the bin folder","lastModifiedDate":"2020-05-25"},{"lineNumber":10,"author":{"gitId":"-"},"content":"javac  -cp ..\\src\\main\\java -Xlint:none -d ..\\bin ..\\src\\main\\java\\*.java","lastModifiedDate":"2020-08-25"},{"lineNumber":11,"author":{"gitId":"-"},"content":"IF ERRORLEVEL 1 (","lastModifiedDate":"2020-05-25"},{"lineNumber":12,"author":{"gitId":"-"},"content":"    echo ********** BUILD FAILURE **********","lastModifiedDate":"2020-05-25"},{"lineNumber":13,"author":{"gitId":"-"},"content":"    exit /b 1","lastModifiedDate":"2020-05-25"},{"lineNumber":14,"author":{"gitId":"-"},"content":")","lastModifiedDate":"2020-05-25"},{"lineNumber":15,"author":{"gitId":"-"},"content":"REM no error here, errorlevel \u003d\u003d 0","lastModifiedDate":"2020-05-25"},{"lineNumber":16,"author":{"gitId":"-"},"content":"","lastModifiedDate":"2020-05-25"},{"lineNumber":17,"author":{"gitId":"-"},"content":"REM run the program, feed commands from input.txt file and redirect the output to the ACTUAL.TXT","lastModifiedDate":"2020-05-25"},{"lineNumber":18,"author":{"gitId":"hjuntan"},"content":"java -classpath ..\\bin Toothless \u003c input.txt \u003e ACTUAL.TXT","lastModifiedDate":"2024-01-24"},{"lineNumber":19,"author":{"gitId":"-"},"content":"","lastModifiedDate":"2020-05-25"},{"lineNumber":20,"author":{"gitId":"-"},"content":"REM compare the output to the expected output","lastModifiedDate":"2020-05-25"},{"lineNumber":21,"author":{"gitId":"-"},"content":"FC ACTUAL.TXT EXPECTED.TXT","lastModifiedDate":"2020-05-25"}],"authorContributionMap":{"hjuntan":1,"-":20}}]
