{"authorDailyContributionsMap":{"hjuntan":[{"date":"2024-01-23","commitResults":[{"hash":"1386db393d79c421c2508153acf4f5a661aa8a45","isMergeCommit":false,"messageTitle":"Implement skeletal version of chatbbot Change name of chatbot from Duke to Toothless","messageBody":"","tags":["Level-0"],"fileTypesAndContributionMap":{"java":{"insertions":11,"deletions":10}}},{"hash":"3f369398882df76950b1a1c957ec8427d9882da1","isMergeCommit":false,"messageTitle":"Toothless will now echo the command entered by the user, and exit when the user types the command \"bye\"","messageBody":"","tags":["Level-1"],"fileTypesAndContributionMap":{"java":{"insertions":10,"deletions":1}}},{"hash":"aaf328ec6841185e1ede057c62991a967ff081dc","isMergeCommit":false,"messageTitle":"Add the ability to store whatever text entered by the user and display them back to the user when requested using the command \"list\".","messageBody":"","fileTypesAndContributionMap":{"java":{"insertions":37,"deletions":9}}},{"hash":"d6fae37a3ac3a6399714c7ae9404500cba364206","isMergeCommit":false,"messageTitle":"Changed loop logic of chatbot","messageBody":"","tags":["Level-2"],"fileTypesAndContributionMap":{"java":{"insertions":6,"deletions":4}}},{"hash":"cf03063ba127d97ac21e7dc1d80570f13135aa40","isMergeCommit":false,"messageTitle":"Added the mark feature to Task","messageBody":"","fileTypesAndContributionMap":{"java":{"insertions":8,"deletions":1}}},{"hash":"25109cbdeae80a5b794e683c1738c7bfc9cb263d","isMergeCommit":false,"messageTitle":"Added the ability to mark and unmark tasks as done","messageBody":"","tags":["Level-3"],"fileTypesAndContributionMap":{"java":{"insertions":32,"deletions":9}}},{"hash":"23571cfaa90200220d44bfe9986111aaeb1b35f9","isMergeCommit":false,"messageTitle":"Implement the ability to create a todo, which is similar to task.","messageBody":"","fileTypesAndContributionMap":{"java":{"insertions":32,"deletions":15}}},{"hash":"4a89a2e63add42cceb0ab5f04286b92c7b98ff40","isMergeCommit":false,"messageTitle":"Implement the ability to create deadlines","messageBody":"","fileTypesAndContributionMap":{"java":{"insertions":32,"deletions":2}}},{"hash":"194d6123ae42eb075791df70b0c4903f7634e0d4","isMergeCommit":false,"messageTitle":"Implement the ability to create events","messageBody":"","tags":["Level-4"],"fileTypesAndContributionMap":{"java":{"insertions":34,"deletions":1}}}]},{"date":"2024-01-24","commitResults":[{"hash":"4ce83d4eb85c643fd42b77f9f4cf3821167dd5d6","isMergeCommit":false,"messageTitle":"Added a semi-automated testing of Toothless","messageBody":"","tags":["A-TextUiTesting"],"fileTypesAndContributionMap":{"txt":{"insertions":9,"deletions":0},"bat":{"insertions":1,"deletions":1}}},{"hash":"3761e595117bcba5b0caecdc50c5254cf911f1ee","isMergeCommit":false,"messageTitle":"Refactor code to handle commands as enums","messageBody":"","tags":["A-Enums"],"fileTypesAndContributionMap":{"java":{"insertions":119,"deletions":62}}},{"hash":"fbe46c4d8cf5071a9e8abf948ebfce53233bd87f","isMergeCommit":false,"messageTitle":"Handle some errors for mark, unmark, todo, deadline, event","messageBody":"","fileTypesAndContributionMap":{"java":{"insertions":44,"deletions":9}}},{"hash":"0a33e835e2d0e134ad6eef10ad6b2949b18663ce","isMergeCommit":false,"messageTitle":"Better handle errors of mark and unmark","messageBody":"","fileTypesAndContributionMap":{"java":{"insertions":14,"deletions":14}}},{"hash":"a53dd4a101782872c7fcaa1da8a0562c6eb7e97b","isMergeCommit":false,"messageTitle":"Handle minor error of list","messageBody":"","tags":["Level-5"],"fileTypesAndContributionMap":{"java":{"insertions":3,"deletions":0}}},{"hash":"f7354ca671f6cebcc424df4a694754b61e1a979e","isMergeCommit":false,"messageTitle":"Implement to ability to delete task","messageBody":"","tags":["Level-6"],"fileTypesAndContributionMap":{"java":{"insertions":18,"deletions":3}}}]},{"date":"2024-01-29","commitResults":[{"hash":"290df0236a345a20ef002a1ef58a060312e92b10","isMergeCommit":false,"messageTitle":"Add a data file path","messageBody":"","fileTypesAndContributionMap":{"java":{"insertions":24,"deletions":5}}}]},{"date":"2024-01-30","commitResults":[{"hash":"64b3a9207350afe3c5b0ae33dabe97c136848677","isMergeCommit":false,"messageTitle":"Implement a method to store tasks in a txt file","messageBody":"","fileTypesAndContributionMap":{"java":{"insertions":41,"deletions":2}}},{"hash":"fd81a6c0576bc240bb4ea0e1febf7411e070f9dc","isMergeCommit":false,"messageTitle":"Add ability to load task into array list from text file","messageBody":"","fileTypesAndContributionMap":{"java":{"insertions":47,"deletions":6}}},{"hash":"c1a5972b9e1ed5e921b093957fb30b5674e80f9b","isMergeCommit":false,"messageTitle":"Bug fix to load tasks properly","messageBody":"","fileTypesAndContributionMap":{"java":{"insertions":9,"deletions":6}}},{"hash":"4f604d9999ec75ebdd2f28655b8218135ea2b68e","isMergeCommit":false,"messageTitle":"Clean up code","messageBody":"","fileTypesAndContributionMap":{"java":{"insertions":1,"deletions":5}}},{"hash":"f886a7873c74b7d656a13c822d92cdd183f9d5bc","isMergeCommit":true,"messageTitle":"Merge branch \u0027branch-Level-7\u0027","messageBody":"","tags":["Level-7"],"fileTypesAndContributionMap":{}},{"hash":"da7910b46bff569ebf53d43e00be923a09219497","isMergeCommit":false,"messageTitle":"Change the date format of deadlines and events from String to LocalDateTime","messageBody":"","fileTypesAndContributionMap":{"java":{"insertions":22,"deletions":13}}},{"hash":"c27cac4fbeebfc785a7e912fd10c944f666fa6dd","isMergeCommit":false,"messageTitle":"Fix formatting issues with date time","messageBody":"","fileTypesAndContributionMap":{"java":{"insertions":19,"deletions":4}}},{"hash":"1019f3c12255e321c81aacba643c69080ea12533","isMergeCommit":false,"messageTitle":"Add a reminder for unmark tasks to the user during launch.","messageBody":"","fileTypesAndContributionMap":{"java":{"insertions":26,"deletions":6}}},{"hash":"6a6a81aea46443d98b4bc09f37a3071f005c4482","isMergeCommit":true,"messageTitle":"Merge branch \u0027branch-Level-8\u0027","messageBody":"","tags":["Level-8"],"fileTypesAndContributionMap":{}},{"hash":"372c46e1a6e9d6f5cd00319fff2100f3dd635b1f","isMergeCommit":false,"messageTitle":"Add more classes to handle storage, ui, tasklist and parser","messageBody":"","fileTypesAndContributionMap":{"java":{"insertions":89,"deletions":49}}}]},{"date":"2024-01-31","commitResults":[{"hash":"dc91e847e39cf3910e77d458cd34edf25010a795","isMergeCommit":false,"messageTitle":"Adjust command flow in command enum based on the additional classes","messageBody":"","fileTypesAndContributionMap":{"java":{"insertions":181,"deletions":163}}},{"hash":"56fad2293be84cf05d1af9e259700857fa0c9656","isMergeCommit":false,"messageTitle":"Change command from enum to an abstract class","messageBody":"","fileTypesAndContributionMap":{"java":{"insertions":251,"deletions":162}}},{"hash":"10bb03869b21b3c7c574fdf833aa24d9f772efc8","isMergeCommit":true,"messageTitle":"Merge branch \u0027A-MoreOOP\u0027","messageBody":"","tags":["A-MoreOOP"],"fileTypesAndContributionMap":{}},{"hash":"fdec268bd83f92a446c45081ac6671165c4729e8","isMergeCommit":false,"messageTitle":"Package commands and tasks respectively","messageBody":"","fileTypesAndContributionMap":{"java":{"insertions":114,"deletions":11},"sh":{"insertions":1,"deletions":1}}},{"hash":"e47dbb1d2e644640c9b9350b820bbac2aac9b25b","isMergeCommit":true,"messageTitle":"Merge branch \u0027branch-A-Packages\u0027","messageBody":"","tags":["A-Packages"],"fileTypesAndContributionMap":{}},{"hash":"2593383b5b8346de5171450e33e8f02e0afed2ad","isMergeCommit":true,"messageTitle":"Merge branch \u0027add-gradle-support\u0027","messageBody":"","tags":["A-Gradle"],"fileTypesAndContributionMap":{}}]},{"date":"2024-02-02","commitResults":[{"hash":"61db2c6fa4a56a0da9f4ce3eb92ba35088931de7","isMergeCommit":false,"messageTitle":"Added unit tests for MarkCommand, Todo, Deadline and Event","messageBody":"","fileTypesAndContributionMap":{"gradle":{"insertions":0,"deletions":10},"java":{"insertions":193,"deletions":0}}},{"hash":"89f7b878c035451d6d16be7f6ba5449a6b13d4ea","isMergeCommit":true,"messageTitle":"Merge branch \u0027branch-A-JUnit\u0027","messageBody":"","tags":["A-JUnit"],"fileTypesAndContributionMap":{}},{"hash":"b12e52d6be40690f1714be2afb5c70ccb492f85e","isMergeCommit":false,"messageTitle":"Package the app as a jar file","messageBody":"","fileTypesAndContributionMap":{"gradle":{"insertions":3,"deletions":2}}},{"hash":"7c945424400f083560be8c5ea04d031d8b595f57","isMergeCommit":true,"messageTitle":"Merge branch \u0027branch-A-Jar\u0027","messageBody":"","tags":["A-Jar"],"fileTypesAndContributionMap":{}}]},{"date":"2024-02-03","commitResults":[{"hash":"cab2e3f2e31dfd6da126769ac606136d10b9456e","isMergeCommit":false,"messageTitle":"Add javadoc comments for classes in the main toothless package.","messageBody":"","fileTypesAndContributionMap":{"java":{"insertions":120,"deletions":0}}},{"hash":"bce57d9ae77e8f5a5a0a64a028f405bff6377bdd","isMergeCommit":false,"messageTitle":"Add javadoc comments for all command classes in the toothless comands package.","messageBody":"","fileTypesAndContributionMap":{"java":{"insertions":174,"deletions":2}}},{"hash":"4434b91d6fa20fe691eb293a3f3f3f54f247d256","isMergeCommit":false,"messageTitle":"Add javadoc comments for all task classes in the toothless tasks package.","messageBody":"","fileTypesAndContributionMap":{"java":{"insertions":86,"deletions":0}}},{"hash":"0aeb27d359ef295ef3da245385a82e557f2cdd88","isMergeCommit":true,"messageTitle":"Merge branch \u0027branch-A-JavaDoc\u0027","messageBody":"","tags":["A-JavaDoc"],"fileTypesAndContributionMap":{}},{"hash":"d3ad69e7ed0483217e4996135b1db2b3437be6a7","isMergeCommit":false,"messageTitle":"Tweak the code to comply with Google Java coding standard","messageBody":"","fileTypesAndContributionMap":{"java":{"insertions":89,"deletions":84}}},{"hash":"790a642ab6d870bfd785299534e096604f9fa645","isMergeCommit":true,"messageTitle":"Merge branch \u0027branch-A-CodingStandard\u0027","messageBody":"# Conflicts:\n#\tsrc/main/java/toothless/TaskList.java\n#\tsrc/main/java/toothless/Toothless.java\n#\tsrc/main/java/toothless/ToothlessException.java\n#\tsrc/main/java/toothless/Ui.java\n#\tsrc/main/java/toothless/commands/ByeCommand.java\n#\tsrc/main/java/toothless/commands/Command.java\n#\tsrc/main/java/toothless/commands/DeadlineCommand.java\n#\tsrc/main/java/toothless/commands/DeleteCommand.java\n#\tsrc/main/java/toothless/commands/EventCommand.java\n#\tsrc/main/java/toothless/commands/ListCommand.java\n#\tsrc/main/java/toothless/commands/MarkCommand.java\n#\tsrc/main/java/toothless/commands/TodoCommand.java\n#\tsrc/main/java/toothless/commands/UnmarkCommand.java\n#\tsrc/main/java/toothless/tasks/Deadline.java\n#\tsrc/main/java/toothless/tasks/Event.java\n#\tsrc/main/java/toothless/tasks/Task.java\n#\tsrc/main/java/toothless/tasks/Todo.java\n","tags":["A-CodingStandard"],"fileTypesAndContributionMap":{}},{"hash":"a035e72467edfe597fc878463db86d795073febd","isMergeCommit":false,"messageTitle":"Implement the ability to find a task by searching for a keyword in the description","messageBody":"","fileTypesAndContributionMap":{"java":{"insertions":68,"deletions":0}}},{"hash":"143d09970fe03d9ac61f6c8b6de517b91e92cb6f","isMergeCommit":true,"messageTitle":"Merge branch \u0027branch-Level-9\u0027","messageBody":"# Conflicts:\n#\tsrc/main/java/toothless/tasks/Task.java\n","tags":["Level-9"],"fileTypesAndContributionMap":{}}]},{"date":"2024-02-07","commitResults":[{"hash":"b246eae1452a35e1d3dc096054edb254c0d2f000","isMergeCommit":false,"messageTitle":"Add dependencies for javafx","messageBody":"","fileTypesAndContributionMap":{"gradle":{"insertions":14,"deletions":2}}},{"hash":"4d213ea1a2a3c46fe6aa514a18aab9fe0bb884f6","isMergeCommit":false,"messageTitle":"Create a simple gui window","messageBody":"","fileTypesAndContributionMap":{"gradle":{"insertions":3,"deletions":0},"java":{"insertions":29,"deletions":0}}}]},{"date":"2024-02-08","commitResults":[{"hash":"32e61e02d7d072dc9d78b2e26d6a745e001d34ce","isMergeCommit":false,"messageTitle":"Implement scroll pane, and handling of user input","messageBody":"","fileTypesAndContributionMap":{"java":{"insertions":83,"deletions":2}}},{"hash":"599f08ace355eb1f9fb0641180aa1c2ef07501af","isMergeCommit":false,"messageTitle":"Add dialog boxes and user images.","messageBody":"","fileTypesAndContributionMap":{"java":{"insertions":73,"deletions":17}}}]},{"date":"2024-02-11","commitResults":[{"hash":"d765082b791e62882454132214a67c9e10ed0654","isMergeCommit":false,"messageTitle":"Implement gui functionality fully.","messageBody":"","fileTypesAndContributionMap":{"fxml":{"insertions":35,"deletions":0},"java":{"insertions":281,"deletions":233}}},{"hash":"cdc60ee293300bb9400c3e152c23ab77415a6a23","isMergeCommit":true,"messageTitle":"Merge branch \u0027branch-Level-10\u0027","messageBody":"","tags":["Level-10"],"fileTypesAndContributionMap":{}}]},{"date":"2024-02-13","commitResults":[{"hash":"cba34a129d97c086576fdccc7cf0f376fc6a7f07","isMergeCommit":false,"messageTitle":"Add assertions into essential parts of the code","messageBody":"Assert the index received when retriving or removing a task from the TaskList, should not be a negative number.\nAssert the stored items are in the correct format.\nAssert the parser understands the correct instructions only.\n","tags":["A-FullCommitMessage"],"fileTypesAndContributionMap":{"gradle":{"insertions":1,"deletions":1},"java":{"insertions":6,"deletions":3}}},{"hash":"5f4d102636af545f985259ae2f5a9b67c2e75616","isMergeCommit":false,"messageTitle":"Improve code quality","messageBody":"Rename remaining \"duke\" keywords present in the project to toothless to standardise the chatbot\u0027s name.\n\nRefactor parsing of update and task commands in parseCommand to their respective methods to improve code readability.\n\nImprove coding standard by adding appropreiate whitespaces.\n","fileTypesAndContributionMap":{"java":{"insertions":71,"deletions":48}}},{"hash":"a116ccaaa37e61066ac26ea82f5bb2a46481d8ac","isMergeCommit":true,"messageTitle":"Merge pull request #1 from hjuntan/branch-A-Assertions","messageBody":"Add assertions into essential parts of the code","tags":["A-Assertions"],"fileTypesAndContributionMap":{}},{"hash":"7654b7f252d96f61c91b0fc3da317e08dc780a4e","isMergeCommit":true,"messageTitle":"Merge branch \u0027master\u0027 into branch-A-CodeQuality","messageBody":"# Conflicts:\n#\tsrc/main/java/toothless/Storage.java\n","fileTypesAndContributionMap":{}},{"hash":"834a384c7ba804029b619d6303be9426991f152f","isMergeCommit":false,"messageTitle":"Rename the remaining \"duke\" keywords left behind","messageBody":"","fileTypesAndContributionMap":{"java":{"insertions":9,"deletions":9}}},{"hash":"49273e0e446fe227883f04c07b8dfa5d8798440a","isMergeCommit":true,"messageTitle":"Merge pull request #2 from hjuntan/branch-A-CodeQuality","messageBody":"Branch a code quality","tags":["A-CodeQuality"],"fileTypesAndContributionMap":{}}]},{"date":"2024-02-19","commitResults":[{"hash":"331f99c9d9275e7943a88707aca4b2aa36b96535","isMergeCommit":false,"messageTitle":"Add new command: schedule","messageBody":"Schedule command is a single word command\nwith no extra details and not case-sensitive.\n\nThis command allows users to easily track which\ntask is due or starting based on the\nchronological order of each task date.\n","fileTypesAndContributionMap":{"java":{"insertions":106,"deletions":0}}},{"hash":"5b6bf410504dc7dd93493abc547a7ff9fcd48912","isMergeCommit":true,"messageTitle":"Merge branch \u0027branch-BCD-Extension\u0027","messageBody":"","tags":["BCD-Extension"],"fileTypesAndContributionMap":{}}]},{"date":"2024-02-20","commitResults":[{"hash":"1bfbabd09ea4953c938b96bc4381983da086316b","isMergeCommit":false,"messageTitle":"Add background in dialog","messageBody":"Green color for chatbot Toothles and orange color for user\nBackground fits the dialog with some padding\n","fileTypesAndContributionMap":{"java":{"insertions":23,"deletions":2}}},{"hash":"9fb1d3f36cba6ca5ee971bf247769b6f898d3928","isMergeCommit":false,"messageTitle":"Hightlight errors","messageBody":"Display bold and colored yellow to show errors made by user\n","fileTypesAndContributionMap":{"java":{"insertions":27,"deletions":14}}},{"hash":"954aa95ed7f7c1511008c6698bcbc8cac8ce5456","isMergeCommit":false,"messageTitle":"Add images of Toothless and background","messageBody":"","fileTypesAndContributionMap":{"java":{"insertions":15,"deletions":2}}},{"hash":"9e1369b17487db12d8743e2ff4cd3562e70c3a63","isMergeCommit":false,"messageTitle":"Fix bye command","messageBody":"An exit command will disable the user input and send button\nand after 1.5 seconds, close the application.\n","fileTypesAndContributionMap":{"java":{"insertions":19,"deletions":2}}},{"hash":"4b9978ab38e0c4f69a95b8c2147e63ed10c41b3e","isMergeCommit":false,"messageTitle":"Fix dialog box","messageBody":"Dialog box will not turn to ellipsis.\n","fileTypesAndContributionMap":{"java":{"insertions":1,"deletions":1}}},{"hash":"7ed6f1d7f8ce03eddde64574749a553117b7f0b8","isMergeCommit":false,"messageTitle":"Tweak dialog box shape","messageBody":"","fileTypesAndContributionMap":{"java":{"insertions":1,"deletions":1}}},{"hash":"5d43c048c995c493fa20c357d31c36075967e058","isMergeCommit":false,"messageTitle":"Add blank space after each date schedule","messageBody":"","fileTypesAndContributionMap":{"java":{"insertions":3,"deletions":0}}},{"hash":"0f48cf7cef07adeaa90e9378047f1eca71cc00d6","isMergeCommit":true,"messageTitle":"Merge branch \u0027branch-BCD-Extension\u0027 into branch-A-BetterGUI","messageBody":"","fileTypesAndContributionMap":{}},{"hash":"67979348b249a87ee9ffba3ac306a0a589b394f5","isMergeCommit":true,"messageTitle":"Merge branch \u0027branch-A-BetterGUI\u0027","messageBody":"","tags":["A-BetterGUI"],"fileTypesAndContributionMap":{}},{"hash":"16cc1634b810d1c90feb21dd4b6efd01cc4ecae4","isMergeCommit":false,"messageTitle":"Improve Toothless personality","messageBody":"Toothless will now talk similar to a neanderthal,\nwhich is talking in single syllabes.\nThe user will be refered to as human.\n","fileTypesAndContributionMap":{"java":{"insertions":61,"deletions":23}}},{"hash":"17c128bfd5b60013b1ce0fd8f0aa88809e015742","isMergeCommit":true,"messageTitle":"Merge branch \u0027branch-A-Personality\u0027","messageBody":"","tags":["A-Personality"],"fileTypesAndContributionMap":{}},{"hash":"b4fdfa8421a7841cd867122bc432d8262f819a59","isMergeCommit":false,"messageTitle":"Handle invalid date error and write file error","messageBody":"Invalid dates such as Feb 30 is caught\nand an error message is printed for the user.\nError of unable to write to file is caught\nand printed for the user\n","fileTypesAndContributionMap":{"java":{"insertions":47,"deletions":17}}},{"hash":"77bdfcae3352d41b99dd38751dedc5bf92288930","isMergeCommit":false,"messageTitle":"Handle some command format errors","messageBody":"Handle errors such as:\n- multiple spaces where only one is expected.\n- trailing/leading spaces in the command.\n\nThe error message will be relayed to the user as well.\n","tags":["A-MoreErrorHandling"],"fileTypesAndContributionMap":{"java":{"insertions":10,"deletions":8}}},{"hash":"f11fbcd534f17b517d45bb40b0a332ef03be2b63","isMergeCommit":false,"messageTitle":"Add scene title \"Toothless\"","messageBody":"","fileTypesAndContributionMap":{"java":{"insertions":1,"deletions":0}}},{"hash":"2a59b445058a81d78d539dab139e50e25d33c6af","isMergeCommit":true,"messageTitle":"Merge branch \u0027branch-A-BetterGUI\u0027 into branch-A-MoreErrorHandling","messageBody":"","fileTypesAndContributionMap":{}},{"hash":"18c2c6a9cb24a8900255adfb6f4405d7c67e3372","isMergeCommit":true,"messageTitle":"Merge branch \u0027branch-A-MoreErrorHandling\u0027","messageBody":"","fileTypesAndContributionMap":{}},{"hash":"dc505e2133e465066df94a42c2b0ead15676a940","isMergeCommit":false,"messageTitle":"Minor adjustments","messageBody":"","fileTypesAndContributionMap":{"java":{"insertions":65,"deletions":38}}},{"hash":"9f60e48e60433526e2bbcb4e49ddfc213a54a4fc","isMergeCommit":false,"messageTitle":"Update README.md","messageBody":"","tags":["A-UserGuide"],"fileTypesAndContributionMap":{"java":{"insertions":1,"deletions":1},"md":{"insertions":184,"deletions":14}}},{"hash":"8a5a75980324eb58eaca409021af848d42e1a4fb","isMergeCommit":false,"messageTitle":"Move parser methods into Parser class and update JavaDoc","messageBody":"","fileTypesAndContributionMap":{"java":{"insertions":116,"deletions":73}}},{"hash":"65636135cb4289ef5544d7f5e1853aae8301be54","isMergeCommit":false,"messageTitle":"Tweak README.md","messageBody":"","fileTypesAndContributionMap":{"md":{"insertions":2,"deletions":2}}},{"hash":"7e75803dd972e2cb2135ff2f5c82d198e3a6f5cd","isMergeCommit":false,"messageTitle":"Tweak pauseTransition delay","messageBody":"User are able to read the bye message in time.\n","fileTypesAndContributionMap":{"java":{"insertions":1,"deletions":1}}}]}]},"authorFileTypeContributionMap":{"hjuntan":{"java":1597,"md":184,"fxml":35,"sh":1,"bat":1,"gradle":18,"txt":9}},"authorContributionVariance":{"hjuntan":56277.734},"authorDisplayNameMap":{"hjuntan":"CS2103T-T15-2 TAN .. JUN"}}
