[{"path":"README.md","fileType":"md","lines":[{"lineNumber":1,"author":{"gitId":"xiaorui-ui"},"content":"# dune.Dune project template","lastModifiedDate":"2024-02-02"},{"lineNumber":2,"author":{"gitId":"-"},"content":"","lastModifiedDate":"2020-05-25"},{"lineNumber":3,"author":{"gitId":"-"},"content":"This is a project template for a greenfield Java project. It\u0027s named after the Java mascot _Duke_. Given below are instructions on how to use it.","lastModifiedDate":"2020-05-25"},{"lineNumber":4,"author":{"gitId":"-"},"content":"","lastModifiedDate":"2020-05-25"},{"lineNumber":5,"author":{"gitId":"-"},"content":"## Setting up in Intellij","lastModifiedDate":"2020-05-25"},{"lineNumber":6,"author":{"gitId":"-"},"content":"","lastModifiedDate":"2020-05-25"},{"lineNumber":7,"author":{"gitId":"-"},"content":"Prerequisites: JDK 11, update Intellij to the most recent version.","lastModifiedDate":"2020-05-25"},{"lineNumber":8,"author":{"gitId":"-"},"content":"","lastModifiedDate":"2020-05-25"},{"lineNumber":9,"author":{"gitId":"-"},"content":"1. Open Intellij (if you are not in the welcome screen, click `File` \u003e `Close Project` to close the existing project first)","lastModifiedDate":"2021-01-17"},{"lineNumber":10,"author":{"gitId":"-"},"content":"1. Open the project into Intellij as follows:","lastModifiedDate":"2021-01-17"},{"lineNumber":11,"author":{"gitId":"-"},"content":"   1. Click `Open`.","lastModifiedDate":"2021-01-17"},{"lineNumber":12,"author":{"gitId":"-"},"content":"   1. Select the project directory, and click `OK`.","lastModifiedDate":"2021-01-17"},{"lineNumber":13,"author":{"gitId":"-"},"content":"   1. If there are any further prompts, accept the defaults.","lastModifiedDate":"2020-05-25"},{"lineNumber":14,"author":{"gitId":"-"},"content":"1. Configure the project to use **JDK 11** (not other versions) as explained in [here](https://www.jetbrains.com/help/idea/sdk.html#set-up-jdk).\u003cbr\u003e","lastModifiedDate":"2021-07-29"},{"lineNumber":15,"author":{"gitId":"-"},"content":"   In the same dialog, set the **Project language level** field to the `SDK default` option.","lastModifiedDate":"2021-07-29"},{"lineNumber":16,"author":{"gitId":"xiaorui-ui"},"content":"3. After that, locate the `src/main/java/dune.Dune.java` file, right-click it, and choose `Run dune.Dune.main()` (if the code editor is showing compile errors, try restarting the IDE). If the setup is correct, you should see something like the below as the output:","lastModifiedDate":"2024-02-02"},{"lineNumber":17,"author":{"gitId":"-"},"content":"   ```","lastModifiedDate":"2020-05-25"},{"lineNumber":18,"author":{"gitId":"-"},"content":"   Hello from","lastModifiedDate":"2020-05-25"},{"lineNumber":19,"author":{"gitId":"-"},"content":"    ____        _        ","lastModifiedDate":"2020-05-25"},{"lineNumber":20,"author":{"gitId":"-"},"content":"   |  _ \\ _   _| | _____ ","lastModifiedDate":"2020-05-25"},{"lineNumber":21,"author":{"gitId":"-"},"content":"   | | | | | | | |/ / _ \\","lastModifiedDate":"2020-05-25"},{"lineNumber":22,"author":{"gitId":"-"},"content":"   | |_| | |_| |   \u003c  __/","lastModifiedDate":"2020-05-25"},{"lineNumber":23,"author":{"gitId":"-"},"content":"   |____/ \\__,_|_|\\_\\___|","lastModifiedDate":"2020-05-25"},{"lineNumber":24,"author":{"gitId":"-"},"content":"   ```","lastModifiedDate":"2020-05-25"}],"authorContributionMap":{"xiaorui-ui":2,"-":22}},{"path":"data/dune.txt","fileType":"txt","lines":[{"lineNumber":1,"author":{"gitId":"xiaorui-ui"},"content":"T|0|ur mum","lastModifiedDate":"2024-02-01"},{"lineNumber":2,"author":{"gitId":"xiaorui-ui"},"content":"E|1|7-11|2001-09-11T07:59|2001-09-11T10:28","lastModifiedDate":"2024-02-01"},{"lineNumber":3,"author":{"gitId":"xiaorui-ui"},"content":"D|0|tam|1989-05-05T12:00","lastModifiedDate":"2024-02-01"},{"lineNumber":4,"author":{"gitId":"xiaorui-ui"},"content":"T|1|urdad","lastModifiedDate":"2024-02-02"},{"lineNumber":5,"author":{"gitId":"xiaorui-ui"},"content":"E|0||2021-09-09T06:09|2022-09-08T07:09","lastModifiedDate":"2024-02-02"},{"lineNumber":6,"author":{"gitId":"xiaorui-ui"},"content":"D|0|hw|2021-09-23T05:09","lastModifiedDate":"2024-02-02"}],"authorContributionMap":{"xiaorui-ui":6}},{"path":"src/main/java/dune/DateTimePrinter.java","fileType":"java","lines":[{"lineNumber":1,"author":{"gitId":"xiaorui-ui"},"content":"package dune;","lastModifiedDate":"2024-02-02"},{"lineNumber":2,"author":{"gitId":"xiaorui-ui"},"content":"","lastModifiedDate":"2024-02-02"},{"lineNumber":3,"author":{"gitId":"xiaorui-ui"},"content":"import java.time.LocalDateTime;","lastModifiedDate":"2024-02-01"},{"lineNumber":4,"author":{"gitId":"xiaorui-ui"},"content":"","lastModifiedDate":"2024-02-01"},{"lineNumber":5,"author":{"gitId":"xiaorui-ui"},"content":"public class DateTimePrinter {","lastModifiedDate":"2024-02-01"},{"lineNumber":6,"author":{"gitId":"xiaorui-ui"},"content":"","lastModifiedDate":"2024-02-01"},{"lineNumber":7,"author":{"gitId":"xiaorui-ui"},"content":"    private String[] dates \u003d new String[] {","lastModifiedDate":"2024-02-01"},{"lineNumber":8,"author":{"gitId":"xiaorui-ui"},"content":"            \"Jan\", \"Feb\", \"Mar\", \"Apr\", \"May\", \"Jun\", \"Jul\", \"Aug\", \"Sep\", \"Oct\", \"Nov\", \"Dec\"","lastModifiedDate":"2024-02-01"},{"lineNumber":9,"author":{"gitId":"xiaorui-ui"},"content":"    };","lastModifiedDate":"2024-02-01"},{"lineNumber":10,"author":{"gitId":"xiaorui-ui"},"content":"    public String print(LocalDateTime dateTime) {","lastModifiedDate":"2024-02-01"},{"lineNumber":11,"author":{"gitId":"xiaorui-ui"},"content":"        int day \u003d dateTime.getDayOfMonth();","lastModifiedDate":"2024-02-01"},{"lineNumber":12,"author":{"gitId":"xiaorui-ui"},"content":"        int month \u003d dateTime.getMonthValue();","lastModifiedDate":"2024-02-01"},{"lineNumber":13,"author":{"gitId":"xiaorui-ui"},"content":"        int year \u003d dateTime.getYear();","lastModifiedDate":"2024-02-01"},{"lineNumber":14,"author":{"gitId":"xiaorui-ui"},"content":"        int hour \u003d dateTime.getHour();","lastModifiedDate":"2024-02-01"},{"lineNumber":15,"author":{"gitId":"xiaorui-ui"},"content":"        int minute \u003d dateTime.getMinute();","lastModifiedDate":"2024-02-01"},{"lineNumber":16,"author":{"gitId":"xiaorui-ui"},"content":"        String suffix \u003d \"AM\";","lastModifiedDate":"2024-02-01"},{"lineNumber":17,"author":{"gitId":"xiaorui-ui"},"content":"        if (hour \u003e\u003d 12) {","lastModifiedDate":"2024-02-01"},{"lineNumber":18,"author":{"gitId":"xiaorui-ui"},"content":"            suffix \u003d \"PM\";","lastModifiedDate":"2024-02-01"},{"lineNumber":19,"author":{"gitId":"xiaorui-ui"},"content":"            hour -\u003d 12;","lastModifiedDate":"2024-02-01"},{"lineNumber":20,"author":{"gitId":"xiaorui-ui"},"content":"        }","lastModifiedDate":"2024-02-01"},{"lineNumber":21,"author":{"gitId":"xiaorui-ui"},"content":"        if (hour \u003d\u003d 0) {","lastModifiedDate":"2024-02-01"},{"lineNumber":22,"author":{"gitId":"xiaorui-ui"},"content":"            hour \u003d 12;","lastModifiedDate":"2024-02-01"},{"lineNumber":23,"author":{"gitId":"xiaorui-ui"},"content":"        }","lastModifiedDate":"2024-02-01"},{"lineNumber":24,"author":{"gitId":"xiaorui-ui"},"content":"        return day + \" \" + dates[month - 1] + \" \" + year + \" \" + hour + \":\" + minute + \" \" + suffix;","lastModifiedDate":"2024-02-01"},{"lineNumber":25,"author":{"gitId":"xiaorui-ui"},"content":"    }","lastModifiedDate":"2024-02-01"},{"lineNumber":26,"author":{"gitId":"xiaorui-ui"},"content":"}","lastModifiedDate":"2024-02-01"}],"authorContributionMap":{"xiaorui-ui":26}},{"path":"src/main/java/dune/Dune.java","fileType":"java","lines":[{"lineNumber":1,"author":{"gitId":"xiaorui-ui"},"content":"package dune;","lastModifiedDate":"2024-02-02"},{"lineNumber":2,"author":{"gitId":"xiaorui-ui"},"content":"","lastModifiedDate":"2024-02-02"},{"lineNumber":3,"author":{"gitId":"xiaorui-ui"},"content":"import dune.task.TaskList;","lastModifiedDate":"2024-02-02"},{"lineNumber":4,"author":{"gitId":"xiaorui-ui"},"content":"","lastModifiedDate":"2024-02-02"},{"lineNumber":5,"author":{"gitId":"xiaorui-ui"},"content":"import java.util.Scanner;","lastModifiedDate":"2024-01-23"},{"lineNumber":6,"author":{"gitId":"xiaorui-ui"},"content":"","lastModifiedDate":"2024-02-01"},{"lineNumber":7,"author":{"gitId":"xiaorui-ui"},"content":"public class Dune {","lastModifiedDate":"2024-02-02"},{"lineNumber":8,"author":{"gitId":"xiaorui-ui"},"content":"","lastModifiedDate":"2024-01-23"},{"lineNumber":9,"author":{"gitId":"xiaorui-ui"},"content":"","lastModifiedDate":"2024-01-31"},{"lineNumber":10,"author":{"gitId":"xiaorui-ui"},"content":"    private TaskList tasks;","lastModifiedDate":"2024-02-01"},{"lineNumber":11,"author":{"gitId":"xiaorui-ui"},"content":"","lastModifiedDate":"2024-01-23"},{"lineNumber":12,"author":{"gitId":"xiaorui-ui"},"content":"    private Storage storage;","lastModifiedDate":"2024-02-01"},{"lineNumber":13,"author":{"gitId":"xiaorui-ui"},"content":"","lastModifiedDate":"2024-01-24"},{"lineNumber":14,"author":{"gitId":"xiaorui-ui"},"content":"    private Parser p;","lastModifiedDate":"2024-02-02"},{"lineNumber":15,"author":{"gitId":"xiaorui-ui"},"content":"","lastModifiedDate":"2024-01-24"},{"lineNumber":16,"author":{"gitId":"xiaorui-ui"},"content":"    private Ui ui;","lastModifiedDate":"2024-02-02"},{"lineNumber":17,"author":{"gitId":"xiaorui-ui"},"content":"","lastModifiedDate":"2024-01-24"},{"lineNumber":18,"author":{"gitId":"xiaorui-ui"},"content":"    public Dune() {","lastModifiedDate":"2024-02-02"},{"lineNumber":19,"author":{"gitId":"xiaorui-ui"},"content":"        this.ui \u003d new Ui();","lastModifiedDate":"2024-02-01"},{"lineNumber":20,"author":{"gitId":"xiaorui-ui"},"content":"        this.storage \u003d new Storage();","lastModifiedDate":"2024-02-01"},{"lineNumber":21,"author":{"gitId":"xiaorui-ui"},"content":"        this.tasks \u003d new TaskList();","lastModifiedDate":"2024-02-01"},{"lineNumber":22,"author":{"gitId":"xiaorui-ui"},"content":"        this.storage.loadTasks(this.tasks);","lastModifiedDate":"2024-02-01"},{"lineNumber":23,"author":{"gitId":"xiaorui-ui"},"content":"    }","lastModifiedDate":"2024-01-23"},{"lineNumber":24,"author":{"gitId":"xiaorui-ui"},"content":"","lastModifiedDate":"2024-01-24"},{"lineNumber":25,"author":{"gitId":"xiaorui-ui"},"content":"    public void run() {","lastModifiedDate":"2024-02-01"},{"lineNumber":26,"author":{"gitId":"xiaorui-ui"},"content":"        ui.printWelcome();","lastModifiedDate":"2024-02-01"},{"lineNumber":27,"author":{"gitId":"xiaorui-ui"},"content":"        p \u003d new Parser();","lastModifiedDate":"2024-02-01"},{"lineNumber":28,"author":{"gitId":"xiaorui-ui"},"content":"        Scanner scanner \u003d new Scanner(System.in);","lastModifiedDate":"2024-02-01"},{"lineNumber":29,"author":{"gitId":"xiaorui-ui"},"content":"        boolean isContinue \u003d true;","lastModifiedDate":"2024-02-01"},{"lineNumber":30,"author":{"gitId":"xiaorui-ui"},"content":"        while (isContinue) {","lastModifiedDate":"2024-02-01"},{"lineNumber":31,"author":{"gitId":"xiaorui-ui"},"content":"            isContinue \u003d p.parse(scanner, tasks, ui, this.storage);","lastModifiedDate":"2024-02-01"},{"lineNumber":32,"author":{"gitId":"xiaorui-ui"},"content":"        }","lastModifiedDate":"2024-01-24"},{"lineNumber":33,"author":{"gitId":"xiaorui-ui"},"content":"    }","lastModifiedDate":"2024-01-24"},{"lineNumber":34,"author":{"gitId":"xiaorui-ui"},"content":"","lastModifiedDate":"2024-01-24"},{"lineNumber":35,"author":{"gitId":"xiaorui-ui"},"content":"    public static void main(String[] args) {","lastModifiedDate":"2024-02-01"},{"lineNumber":36,"author":{"gitId":"xiaorui-ui"},"content":"        new Dune().run();","lastModifiedDate":"2024-02-02"},{"lineNumber":37,"author":{"gitId":"xiaorui-ui"},"content":"    }","lastModifiedDate":"2024-01-24"},{"lineNumber":38,"author":{"gitId":"xiaorui-ui"},"content":"","lastModifiedDate":"2024-01-31"},{"lineNumber":39,"author":{"gitId":"-"},"content":"}","lastModifiedDate":"2019-07-29"}],"authorContributionMap":{"xiaorui-ui":38,"-":1}},{"path":"src/main/java/dune/DuneException.java","fileType":"java","lines":[{"lineNumber":1,"author":{"gitId":"xiaorui-ui"},"content":"package dune;","lastModifiedDate":"2024-02-02"},{"lineNumber":2,"author":{"gitId":"xiaorui-ui"},"content":"","lastModifiedDate":"2024-02-02"},{"lineNumber":3,"author":{"gitId":"xiaorui-ui"},"content":"public class DuneException extends Exception{","lastModifiedDate":"2024-02-02"},{"lineNumber":4,"author":{"gitId":"xiaorui-ui"},"content":"    private String error;","lastModifiedDate":"2024-01-24"},{"lineNumber":5,"author":{"gitId":"xiaorui-ui"},"content":"    public DuneException(String error) {","lastModifiedDate":"2024-02-02"},{"lineNumber":6,"author":{"gitId":"xiaorui-ui"},"content":"        this.error \u003d error;","lastModifiedDate":"2024-01-24"},{"lineNumber":7,"author":{"gitId":"xiaorui-ui"},"content":"    }","lastModifiedDate":"2024-01-24"},{"lineNumber":8,"author":{"gitId":"xiaorui-ui"},"content":"","lastModifiedDate":"2024-01-24"},{"lineNumber":9,"author":{"gitId":"xiaorui-ui"},"content":"    @Override","lastModifiedDate":"2024-01-24"},{"lineNumber":10,"author":{"gitId":"xiaorui-ui"},"content":"    public String toString() {","lastModifiedDate":"2024-01-24"},{"lineNumber":11,"author":{"gitId":"xiaorui-ui"},"content":"        return \"OOPS! \" + this.error;","lastModifiedDate":"2024-01-24"},{"lineNumber":12,"author":{"gitId":"xiaorui-ui"},"content":"    }","lastModifiedDate":"2024-01-24"},{"lineNumber":13,"author":{"gitId":"xiaorui-ui"},"content":"","lastModifiedDate":"2024-01-24"},{"lineNumber":14,"author":{"gitId":"xiaorui-ui"},"content":"}","lastModifiedDate":"2024-01-23"}],"authorContributionMap":{"xiaorui-ui":14}},{"path":"src/main/java/dune/Parser.java","fileType":"java","lines":[{"lineNumber":1,"author":{"gitId":"xiaorui-ui"},"content":"package dune;","lastModifiedDate":"2024-02-02"},{"lineNumber":2,"author":{"gitId":"xiaorui-ui"},"content":"","lastModifiedDate":"2024-02-02"},{"lineNumber":3,"author":{"gitId":"xiaorui-ui"},"content":"import dune.task.TaskList;","lastModifiedDate":"2024-02-02"},{"lineNumber":4,"author":{"gitId":"xiaorui-ui"},"content":"","lastModifiedDate":"2024-02-02"},{"lineNumber":5,"author":{"gitId":"xiaorui-ui"},"content":"import java.util.Scanner;","lastModifiedDate":"2024-02-01"},{"lineNumber":6,"author":{"gitId":"xiaorui-ui"},"content":"","lastModifiedDate":"2024-02-01"},{"lineNumber":7,"author":{"gitId":"xiaorui-ui"},"content":"public class Parser {","lastModifiedDate":"2024-02-01"},{"lineNumber":8,"author":{"gitId":"xiaorui-ui"},"content":"","lastModifiedDate":"2024-02-01"},{"lineNumber":9,"author":{"gitId":"xiaorui-ui"},"content":"    private static String[] taskTypes \u003d new String[] {\"todo\", \"deadline\", \"event\"};","lastModifiedDate":"2024-02-01"},{"lineNumber":10,"author":{"gitId":"xiaorui-ui"},"content":"","lastModifiedDate":"2024-02-01"},{"lineNumber":11,"author":{"gitId":"xiaorui-ui"},"content":"    public boolean parse(Scanner scanner, TaskList taskList, Ui ui, Storage storage) {","lastModifiedDate":"2024-02-01"},{"lineNumber":12,"author":{"gitId":"xiaorui-ui"},"content":"        String text \u003d scanner.nextLine();  // Read user input","lastModifiedDate":"2024-02-01"},{"lineNumber":13,"author":{"gitId":"xiaorui-ui"},"content":"        if (text.equals(\"bye\")) {","lastModifiedDate":"2024-02-01"},{"lineNumber":14,"author":{"gitId":"xiaorui-ui"},"content":"            ui.printGoodbye();","lastModifiedDate":"2024-02-01"},{"lineNumber":15,"author":{"gitId":"xiaorui-ui"},"content":"            return false;","lastModifiedDate":"2024-02-01"},{"lineNumber":16,"author":{"gitId":"xiaorui-ui"},"content":"        } else if (text.startsWith(\"delete\")) {","lastModifiedDate":"2024-02-01"},{"lineNumber":17,"author":{"gitId":"xiaorui-ui"},"content":"            taskList.deleteTask(text.substring(6), storage);","lastModifiedDate":"2024-02-01"},{"lineNumber":18,"author":{"gitId":"xiaorui-ui"},"content":"            storage.saveTasks(taskList);","lastModifiedDate":"2024-02-01"},{"lineNumber":19,"author":{"gitId":"xiaorui-ui"},"content":"            return true;","lastModifiedDate":"2024-02-01"},{"lineNumber":20,"author":{"gitId":"xiaorui-ui"},"content":"        } else if (text.startsWith(\"list\")) {","lastModifiedDate":"2024-02-01"},{"lineNumber":21,"author":{"gitId":"xiaorui-ui"},"content":"            taskList.print();","lastModifiedDate":"2024-02-01"},{"lineNumber":22,"author":{"gitId":"xiaorui-ui"},"content":"            return true;","lastModifiedDate":"2024-02-01"},{"lineNumber":23,"author":{"gitId":"xiaorui-ui"},"content":"        } else if (text.startsWith(\"mark\")) {","lastModifiedDate":"2024-02-01"},{"lineNumber":24,"author":{"gitId":"xiaorui-ui"},"content":"            // abstract this into a method","lastModifiedDate":"2024-02-01"},{"lineNumber":25,"author":{"gitId":"xiaorui-ui"},"content":"            try {","lastModifiedDate":"2024-02-01"},{"lineNumber":26,"author":{"gitId":"xiaorui-ui"},"content":"                if (text.equals(\"mark\")) {","lastModifiedDate":"2024-02-01"},{"lineNumber":27,"author":{"gitId":"xiaorui-ui"},"content":"                    throw new DuneException(\"Give an index to mark\");","lastModifiedDate":"2024-02-02"},{"lineNumber":28,"author":{"gitId":"xiaorui-ui"},"content":"                }","lastModifiedDate":"2024-02-01"},{"lineNumber":29,"author":{"gitId":"xiaorui-ui"},"content":"                String remaining \u003d \"\";","lastModifiedDate":"2024-02-01"},{"lineNumber":30,"author":{"gitId":"xiaorui-ui"},"content":"                // remove all leading and trailing spaces","lastModifiedDate":"2024-02-01"},{"lineNumber":31,"author":{"gitId":"xiaorui-ui"},"content":"                remaining \u003d text.substring(4).trim();","lastModifiedDate":"2024-02-01"},{"lineNumber":32,"author":{"gitId":"xiaorui-ui"},"content":"                // parseInt might throw NumberFormatException","lastModifiedDate":"2024-02-01"},{"lineNumber":33,"author":{"gitId":"xiaorui-ui"},"content":"                int index \u003d Integer.parseInt(remaining);","lastModifiedDate":"2024-02-01"},{"lineNumber":34,"author":{"gitId":"xiaorui-ui"},"content":"                // Index... exception","lastModifiedDate":"2024-02-01"},{"lineNumber":35,"author":{"gitId":"xiaorui-ui"},"content":"                taskList.getTask(index - 1).complete();","lastModifiedDate":"2024-02-01"},{"lineNumber":36,"author":{"gitId":"xiaorui-ui"},"content":"                storage.saveTasks(taskList);","lastModifiedDate":"2024-02-01"},{"lineNumber":37,"author":{"gitId":"xiaorui-ui"},"content":"                System.out.println(\"Nice! I\u0027ve marked this task as done:\");","lastModifiedDate":"2024-02-01"},{"lineNumber":38,"author":{"gitId":"xiaorui-ui"},"content":"                System.out.println(taskList.getTask(index - 1));","lastModifiedDate":"2024-02-01"},{"lineNumber":39,"author":{"gitId":"xiaorui-ui"},"content":"","lastModifiedDate":"2024-02-01"},{"lineNumber":40,"author":{"gitId":"xiaorui-ui"},"content":"            } catch (IndexOutOfBoundsException i) {","lastModifiedDate":"2024-02-01"},{"lineNumber":41,"author":{"gitId":"xiaorui-ui"},"content":"                System.out.println(\"Give a valid index to mark\");","lastModifiedDate":"2024-02-01"},{"lineNumber":42,"author":{"gitId":"xiaorui-ui"},"content":"            } catch (NumberFormatException n) {","lastModifiedDate":"2024-02-01"},{"lineNumber":43,"author":{"gitId":"xiaorui-ui"},"content":"                System.out.println(\"Remaining characters do not match an integer\");","lastModifiedDate":"2024-02-01"},{"lineNumber":44,"author":{"gitId":"xiaorui-ui"},"content":"            } catch (DuneException d) {","lastModifiedDate":"2024-02-02"},{"lineNumber":45,"author":{"gitId":"xiaorui-ui"},"content":"                System.out.println(d);","lastModifiedDate":"2024-02-01"},{"lineNumber":46,"author":{"gitId":"xiaorui-ui"},"content":"            } finally {","lastModifiedDate":"2024-02-01"},{"lineNumber":47,"author":{"gitId":"xiaorui-ui"},"content":"                return true;","lastModifiedDate":"2024-02-01"},{"lineNumber":48,"author":{"gitId":"xiaorui-ui"},"content":"            }","lastModifiedDate":"2024-02-01"},{"lineNumber":49,"author":{"gitId":"xiaorui-ui"},"content":"        }","lastModifiedDate":"2024-02-01"},{"lineNumber":50,"author":{"gitId":"xiaorui-ui"},"content":"","lastModifiedDate":"2024-02-01"},{"lineNumber":51,"author":{"gitId":"xiaorui-ui"},"content":"        createNewTaskAttempt(text, taskList, storage);","lastModifiedDate":"2024-02-01"},{"lineNumber":52,"author":{"gitId":"xiaorui-ui"},"content":"        return true;","lastModifiedDate":"2024-02-01"},{"lineNumber":53,"author":{"gitId":"xiaorui-ui"},"content":"    }","lastModifiedDate":"2024-02-01"},{"lineNumber":54,"author":{"gitId":"xiaorui-ui"},"content":"","lastModifiedDate":"2024-02-01"},{"lineNumber":55,"author":{"gitId":"xiaorui-ui"},"content":"    public void createNewTaskAttempt(String text, TaskList taskList, Storage storage) {","lastModifiedDate":"2024-02-01"},{"lineNumber":56,"author":{"gitId":"xiaorui-ui"},"content":"        // System.out.println(text);","lastModifiedDate":"2024-02-01"},{"lineNumber":57,"author":{"gitId":"xiaorui-ui"},"content":"        boolean addedTask \u003d false;","lastModifiedDate":"2024-02-01"},{"lineNumber":58,"author":{"gitId":"xiaorui-ui"},"content":"        String check;","lastModifiedDate":"2024-02-01"},{"lineNumber":59,"author":{"gitId":"xiaorui-ui"},"content":"        for (int i \u003d 0; i \u003c taskTypes.length; i++) {","lastModifiedDate":"2024-02-01"},{"lineNumber":60,"author":{"gitId":"xiaorui-ui"},"content":"            check \u003d taskTypes[i];","lastModifiedDate":"2024-02-01"},{"lineNumber":61,"author":{"gitId":"xiaorui-ui"},"content":"            if (text.startsWith(check)) {","lastModifiedDate":"2024-02-01"},{"lineNumber":62,"author":{"gitId":"xiaorui-ui"},"content":"                addedTask \u003d true;","lastModifiedDate":"2024-02-01"},{"lineNumber":63,"author":{"gitId":"xiaorui-ui"},"content":"                try {","lastModifiedDate":"2024-02-01"},{"lineNumber":64,"author":{"gitId":"xiaorui-ui"},"content":"                    if (text.equals(check)) {","lastModifiedDate":"2024-02-01"},{"lineNumber":65,"author":{"gitId":"xiaorui-ui"},"content":"                        throw new DuneException(\"The description of a to-do cannot be empty.\");","lastModifiedDate":"2024-02-02"},{"lineNumber":66,"author":{"gitId":"xiaorui-ui"},"content":"                    }","lastModifiedDate":"2024-02-01"},{"lineNumber":67,"author":{"gitId":"xiaorui-ui"},"content":"                } catch (DuneException d) {","lastModifiedDate":"2024-02-02"},{"lineNumber":68,"author":{"gitId":"xiaorui-ui"},"content":"                    System.out.println(d);","lastModifiedDate":"2024-02-01"},{"lineNumber":69,"author":{"gitId":"xiaorui-ui"},"content":"                    continue;","lastModifiedDate":"2024-02-01"},{"lineNumber":70,"author":{"gitId":"xiaorui-ui"},"content":"                }","lastModifiedDate":"2024-02-01"},{"lineNumber":71,"author":{"gitId":"xiaorui-ui"},"content":"                taskList.addTask(i, text.substring(check.length()).trim(), storage);","lastModifiedDate":"2024-02-01"},{"lineNumber":72,"author":{"gitId":"xiaorui-ui"},"content":"                // how to save to hard-disk?","lastModifiedDate":"2024-02-01"},{"lineNumber":73,"author":{"gitId":"xiaorui-ui"},"content":"                break;","lastModifiedDate":"2024-02-01"},{"lineNumber":74,"author":{"gitId":"xiaorui-ui"},"content":"            }","lastModifiedDate":"2024-02-01"},{"lineNumber":75,"author":{"gitId":"xiaorui-ui"},"content":"        }","lastModifiedDate":"2024-02-01"},{"lineNumber":76,"author":{"gitId":"xiaorui-ui"},"content":"        if (!addedTask) {","lastModifiedDate":"2024-02-01"},{"lineNumber":77,"author":{"gitId":"xiaorui-ui"},"content":"            {","lastModifiedDate":"2024-02-01"},{"lineNumber":78,"author":{"gitId":"xiaorui-ui"},"content":"                try {","lastModifiedDate":"2024-02-01"},{"lineNumber":79,"author":{"gitId":"xiaorui-ui"},"content":"                    // make it more informative LOL","lastModifiedDate":"2024-02-01"},{"lineNumber":80,"author":{"gitId":"xiaorui-ui"},"content":"                    throw new DuneException(\"Tasks can only be of types todo, deadline, or event.\");","lastModifiedDate":"2024-02-02"},{"lineNumber":81,"author":{"gitId":"xiaorui-ui"},"content":"                } catch (DuneException d) {","lastModifiedDate":"2024-02-02"},{"lineNumber":82,"author":{"gitId":"xiaorui-ui"},"content":"                    System.out.println(d);","lastModifiedDate":"2024-02-01"},{"lineNumber":83,"author":{"gitId":"xiaorui-ui"},"content":"                }","lastModifiedDate":"2024-02-01"},{"lineNumber":84,"author":{"gitId":"xiaorui-ui"},"content":"            }","lastModifiedDate":"2024-02-01"},{"lineNumber":85,"author":{"gitId":"xiaorui-ui"},"content":"        }","lastModifiedDate":"2024-02-01"},{"lineNumber":86,"author":{"gitId":"xiaorui-ui"},"content":"    }","lastModifiedDate":"2024-02-01"},{"lineNumber":87,"author":{"gitId":"xiaorui-ui"},"content":"}","lastModifiedDate":"2024-02-01"}],"authorContributionMap":{"xiaorui-ui":87}},{"path":"src/main/java/dune/Storage.java","fileType":"java","lines":[{"lineNumber":1,"author":{"gitId":"xiaorui-ui"},"content":"package dune;// deals with loading tasks from the file and saving tasks in the file","lastModifiedDate":"2024-02-02"},{"lineNumber":2,"author":{"gitId":"xiaorui-ui"},"content":"import dune.task.*;","lastModifiedDate":"2024-02-02"},{"lineNumber":3,"author":{"gitId":"xiaorui-ui"},"content":"","lastModifiedDate":"2024-02-02"},{"lineNumber":4,"author":{"gitId":"xiaorui-ui"},"content":"import java.nio.file.Files;","lastModifiedDate":"2024-02-01"},{"lineNumber":5,"author":{"gitId":"xiaorui-ui"},"content":"import java.nio.file.Path;","lastModifiedDate":"2024-02-01"},{"lineNumber":6,"author":{"gitId":"xiaorui-ui"},"content":"import java.nio.file.Paths;","lastModifiedDate":"2024-02-01"},{"lineNumber":7,"author":{"gitId":"xiaorui-ui"},"content":"import java.io.*;","lastModifiedDate":"2024-02-01"},{"lineNumber":8,"author":{"gitId":"xiaorui-ui"},"content":"import java.util.List;","lastModifiedDate":"2024-02-01"},{"lineNumber":9,"author":{"gitId":"xiaorui-ui"},"content":"","lastModifiedDate":"2024-02-01"},{"lineNumber":10,"author":{"gitId":"xiaorui-ui"},"content":"public class Storage {","lastModifiedDate":"2024-02-01"},{"lineNumber":11,"author":{"gitId":"xiaorui-ui"},"content":"","lastModifiedDate":"2024-02-01"},{"lineNumber":12,"author":{"gitId":"xiaorui-ui"},"content":"    private String dir;","lastModifiedDate":"2024-02-01"},{"lineNumber":13,"author":{"gitId":"xiaorui-ui"},"content":"    private Path filePath;","lastModifiedDate":"2024-02-01"},{"lineNumber":14,"author":{"gitId":"xiaorui-ui"},"content":"","lastModifiedDate":"2024-02-01"},{"lineNumber":15,"author":{"gitId":"xiaorui-ui"},"content":"    public Storage() {","lastModifiedDate":"2024-02-01"},{"lineNumber":16,"author":{"gitId":"xiaorui-ui"},"content":"        this.dir \u003d System.getProperty(\"user.dir\");","lastModifiedDate":"2024-02-01"},{"lineNumber":17,"author":{"gitId":"xiaorui-ui"},"content":"        this.filePath \u003d Paths.get(dir, \"data\", \"dune.txt\");","lastModifiedDate":"2024-02-01"},{"lineNumber":18,"author":{"gitId":"xiaorui-ui"},"content":"    }","lastModifiedDate":"2024-02-01"},{"lineNumber":19,"author":{"gitId":"xiaorui-ui"},"content":"","lastModifiedDate":"2024-02-01"},{"lineNumber":20,"author":{"gitId":"xiaorui-ui"},"content":"    public void loadTasks(TaskList tasks) {","lastModifiedDate":"2024-02-01"},{"lineNumber":21,"author":{"gitId":"xiaorui-ui"},"content":"        boolean fileExists \u003d java.nio.file.Files.exists(this.filePath);","lastModifiedDate":"2024-02-01"},{"lineNumber":22,"author":{"gitId":"xiaorui-ui"},"content":"        // System.out.println(filePath);","lastModifiedDate":"2024-02-01"},{"lineNumber":23,"author":{"gitId":"xiaorui-ui"},"content":"        // System.out.println(\"*****\" + fileExists);","lastModifiedDate":"2024-02-01"},{"lineNumber":24,"author":{"gitId":"xiaorui-ui"},"content":"","lastModifiedDate":"2024-02-01"},{"lineNumber":25,"author":{"gitId":"xiaorui-ui"},"content":"        if (fileExists) {","lastModifiedDate":"2024-02-01"},{"lineNumber":26,"author":{"gitId":"xiaorui-ui"},"content":"            try {","lastModifiedDate":"2024-02-01"},{"lineNumber":27,"author":{"gitId":"xiaorui-ui"},"content":"                // 1 line -\u003e 1 item in the list","lastModifiedDate":"2024-02-01"},{"lineNumber":28,"author":{"gitId":"xiaorui-ui"},"content":"                List\u003cString\u003e lines \u003d Files.readAllLines(this.filePath);","lastModifiedDate":"2024-02-01"},{"lineNumber":29,"author":{"gitId":"xiaorui-ui"},"content":"                for (String line : lines) {","lastModifiedDate":"2024-02-01"},{"lineNumber":30,"author":{"gitId":"xiaorui-ui"},"content":"                    // remove empty lines","lastModifiedDate":"2024-02-01"},{"lineNumber":31,"author":{"gitId":"xiaorui-ui"},"content":"                    if (line.trim().equals(\"\")) {","lastModifiedDate":"2024-02-01"},{"lineNumber":32,"author":{"gitId":"xiaorui-ui"},"content":"                        continue;","lastModifiedDate":"2024-02-01"},{"lineNumber":33,"author":{"gitId":"xiaorui-ui"},"content":"                    }","lastModifiedDate":"2024-02-01"},{"lineNumber":34,"author":{"gitId":"xiaorui-ui"},"content":"                    tasks.addTask(convertLineToTask(line));","lastModifiedDate":"2024-02-01"},{"lineNumber":35,"author":{"gitId":"xiaorui-ui"},"content":"                }","lastModifiedDate":"2024-02-01"},{"lineNumber":36,"author":{"gitId":"xiaorui-ui"},"content":"            } catch (IOException i) {","lastModifiedDate":"2024-02-01"},{"lineNumber":37,"author":{"gitId":"xiaorui-ui"},"content":"                System.out.println(\"Error reading from file\");","lastModifiedDate":"2024-02-01"},{"lineNumber":38,"author":{"gitId":"xiaorui-ui"},"content":"            }","lastModifiedDate":"2024-02-01"},{"lineNumber":39,"author":{"gitId":"xiaorui-ui"},"content":"        } else {","lastModifiedDate":"2024-02-01"},{"lineNumber":40,"author":{"gitId":"xiaorui-ui"},"content":"            createFile(this.filePath);","lastModifiedDate":"2024-02-01"},{"lineNumber":41,"author":{"gitId":"xiaorui-ui"},"content":"            return;","lastModifiedDate":"2024-02-01"},{"lineNumber":42,"author":{"gitId":"xiaorui-ui"},"content":"        }","lastModifiedDate":"2024-02-01"},{"lineNumber":43,"author":{"gitId":"xiaorui-ui"},"content":"    }","lastModifiedDate":"2024-02-01"},{"lineNumber":44,"author":{"gitId":"xiaorui-ui"},"content":"","lastModifiedDate":"2024-02-01"},{"lineNumber":45,"author":{"gitId":"xiaorui-ui"},"content":"    // Dates are in the format yyyy-mm-ddTHH:MM, unlike what\u0027s printed","lastModifiedDate":"2024-02-01"},{"lineNumber":46,"author":{"gitId":"xiaorui-ui"},"content":"    public Task convertLineToTask(String s) {","lastModifiedDate":"2024-02-01"},{"lineNumber":47,"author":{"gitId":"xiaorui-ui"},"content":"        // components \u003d [type, T/F, task] for todo","lastModifiedDate":"2024-02-01"},{"lineNumber":48,"author":{"gitId":"xiaorui-ui"},"content":"        // [type, T/F, task, deadline] for deadline, [type, T/F, task, start, end] for event","lastModifiedDate":"2024-02-01"},{"lineNumber":49,"author":{"gitId":"xiaorui-ui"},"content":"        String[] components \u003d s.split(\"\\\\|\");","lastModifiedDate":"2024-02-01"},{"lineNumber":50,"author":{"gitId":"xiaorui-ui"},"content":"        // System.out.println(components.length);","lastModifiedDate":"2024-02-01"},{"lineNumber":51,"author":{"gitId":"xiaorui-ui"},"content":"        String eventType \u003d components[0];","lastModifiedDate":"2024-02-01"},{"lineNumber":52,"author":{"gitId":"xiaorui-ui"},"content":"        // System.out.println(eventType);","lastModifiedDate":"2024-02-01"},{"lineNumber":53,"author":{"gitId":"xiaorui-ui"},"content":"        boolean isDone \u003d (components[1].equals(\"1\")) ? true: false;","lastModifiedDate":"2024-02-01"},{"lineNumber":54,"author":{"gitId":"xiaorui-ui"},"content":"        if (eventType.equals(\"T\")) {","lastModifiedDate":"2024-02-01"},{"lineNumber":55,"author":{"gitId":"xiaorui-ui"},"content":"            return new ToDo(components[2], isDone);","lastModifiedDate":"2024-02-01"},{"lineNumber":56,"author":{"gitId":"xiaorui-ui"},"content":"        } else if (eventType.equals(\"D\")) {","lastModifiedDate":"2024-02-01"},{"lineNumber":57,"author":{"gitId":"xiaorui-ui"},"content":"            return new Deadline(components[2], components[3], isDone);","lastModifiedDate":"2024-02-01"},{"lineNumber":58,"author":{"gitId":"xiaorui-ui"},"content":"        } else if (eventType.equals(\"E\")) {","lastModifiedDate":"2024-02-01"},{"lineNumber":59,"author":{"gitId":"xiaorui-ui"},"content":"            return new Event(components[2], components[3], components[4], isDone);","lastModifiedDate":"2024-02-01"},{"lineNumber":60,"author":{"gitId":"xiaorui-ui"},"content":"        } else {","lastModifiedDate":"2024-02-01"},{"lineNumber":61,"author":{"gitId":"xiaorui-ui"},"content":"            // kinda sus","lastModifiedDate":"2024-02-01"},{"lineNumber":62,"author":{"gitId":"xiaorui-ui"},"content":"            return null;","lastModifiedDate":"2024-02-01"},{"lineNumber":63,"author":{"gitId":"xiaorui-ui"},"content":"        }","lastModifiedDate":"2024-02-01"},{"lineNumber":64,"author":{"gitId":"xiaorui-ui"},"content":"    }","lastModifiedDate":"2024-02-01"},{"lineNumber":65,"author":{"gitId":"xiaorui-ui"},"content":"","lastModifiedDate":"2024-02-01"},{"lineNumber":66,"author":{"gitId":"xiaorui-ui"},"content":"    // Dates are in the format yyyy-mm-ddTHH:MM, unlike what\u0027s printed","lastModifiedDate":"2024-02-01"},{"lineNumber":67,"author":{"gitId":"xiaorui-ui"},"content":"    public String convertTaskToLine(Task t) {","lastModifiedDate":"2024-02-01"},{"lineNumber":68,"author":{"gitId":"xiaorui-ui"},"content":"        String ans \u003d \"\";","lastModifiedDate":"2024-02-01"},{"lineNumber":69,"author":{"gitId":"xiaorui-ui"},"content":"        if (t instanceof ToDo) {","lastModifiedDate":"2024-02-01"},{"lineNumber":70,"author":{"gitId":"xiaorui-ui"},"content":"            ans \u003d \"T|\" + (t.getIsDone() ? \"1\" : \"0\") + \"|\" + t.getDescription();","lastModifiedDate":"2024-02-01"},{"lineNumber":71,"author":{"gitId":"xiaorui-ui"},"content":"        } else if (t instanceof Deadline) {","lastModifiedDate":"2024-02-01"},{"lineNumber":72,"author":{"gitId":"xiaorui-ui"},"content":"            Deadline d \u003d (Deadline) t;","lastModifiedDate":"2024-02-01"},{"lineNumber":73,"author":{"gitId":"xiaorui-ui"},"content":"            ans \u003d \"D|\" + (t.getIsDone() ? \"1\" : \"0\") + \"|\" + t.getDescription() + \"|\"","lastModifiedDate":"2024-02-01"},{"lineNumber":74,"author":{"gitId":"xiaorui-ui"},"content":"                    + d.getDeadline();","lastModifiedDate":"2024-02-01"},{"lineNumber":75,"author":{"gitId":"xiaorui-ui"},"content":"        } else if (t instanceof Event) {","lastModifiedDate":"2024-02-01"},{"lineNumber":76,"author":{"gitId":"xiaorui-ui"},"content":"            Event e \u003d (Event) t;","lastModifiedDate":"2024-02-01"},{"lineNumber":77,"author":{"gitId":"xiaorui-ui"},"content":"            ans \u003d \"E|\" + (t.getIsDone() ? \"1\" : \"0\") + \"|\" + t.getDescription() + \"|\"","lastModifiedDate":"2024-02-01"},{"lineNumber":78,"author":{"gitId":"xiaorui-ui"},"content":"                    + e.getStart() + \"|\" + e.getEnd();","lastModifiedDate":"2024-02-01"},{"lineNumber":79,"author":{"gitId":"xiaorui-ui"},"content":"        } else {","lastModifiedDate":"2024-02-01"},{"lineNumber":80,"author":{"gitId":"xiaorui-ui"},"content":"            // kinda sus","lastModifiedDate":"2024-02-01"},{"lineNumber":81,"author":{"gitId":"xiaorui-ui"},"content":"            return null;","lastModifiedDate":"2024-02-01"},{"lineNumber":82,"author":{"gitId":"xiaorui-ui"},"content":"        }","lastModifiedDate":"2024-02-01"},{"lineNumber":83,"author":{"gitId":"xiaorui-ui"},"content":"        // System.out.println(ans);","lastModifiedDate":"2024-02-01"},{"lineNumber":84,"author":{"gitId":"xiaorui-ui"},"content":"        return ans;","lastModifiedDate":"2024-02-01"},{"lineNumber":85,"author":{"gitId":"xiaorui-ui"},"content":"    }","lastModifiedDate":"2024-02-01"},{"lineNumber":86,"author":{"gitId":"xiaorui-ui"},"content":"","lastModifiedDate":"2024-02-01"},{"lineNumber":87,"author":{"gitId":"xiaorui-ui"},"content":"    public void saveTasks(TaskList tasks) {","lastModifiedDate":"2024-02-01"},{"lineNumber":88,"author":{"gitId":"xiaorui-ui"},"content":"        boolean fileExists \u003d java.nio.file.Files.exists(this.filePath);","lastModifiedDate":"2024-02-01"},{"lineNumber":89,"author":{"gitId":"xiaorui-ui"},"content":"","lastModifiedDate":"2024-02-01"},{"lineNumber":90,"author":{"gitId":"xiaorui-ui"},"content":"        if (!fileExists) {","lastModifiedDate":"2024-02-01"},{"lineNumber":91,"author":{"gitId":"xiaorui-ui"},"content":"            createFile(this.filePath);","lastModifiedDate":"2024-02-01"},{"lineNumber":92,"author":{"gitId":"xiaorui-ui"},"content":"        }","lastModifiedDate":"2024-02-01"},{"lineNumber":93,"author":{"gitId":"xiaorui-ui"},"content":"        try {","lastModifiedDate":"2024-02-01"},{"lineNumber":94,"author":{"gitId":"xiaorui-ui"},"content":"            BufferedWriter writer \u003d Files.newBufferedWriter(this.filePath);","lastModifiedDate":"2024-02-01"},{"lineNumber":95,"author":{"gitId":"xiaorui-ui"},"content":"            for (int i \u003d 0; i \u003c tasks.getSize(); i++) {","lastModifiedDate":"2024-02-01"},{"lineNumber":96,"author":{"gitId":"xiaorui-ui"},"content":"                writer.write(convertTaskToLine(tasks.getTask(i)));","lastModifiedDate":"2024-02-01"},{"lineNumber":97,"author":{"gitId":"xiaorui-ui"},"content":"                writer.newLine();","lastModifiedDate":"2024-02-01"},{"lineNumber":98,"author":{"gitId":"xiaorui-ui"},"content":"            }","lastModifiedDate":"2024-02-01"},{"lineNumber":99,"author":{"gitId":"xiaorui-ui"},"content":"            writer.close();","lastModifiedDate":"2024-02-01"},{"lineNumber":100,"author":{"gitId":"xiaorui-ui"},"content":"        } catch (IOException i) {","lastModifiedDate":"2024-02-01"},{"lineNumber":101,"author":{"gitId":"xiaorui-ui"},"content":"            System.out.println(\"Error writing to file\");","lastModifiedDate":"2024-02-01"},{"lineNumber":102,"author":{"gitId":"xiaorui-ui"},"content":"        }","lastModifiedDate":"2024-02-01"},{"lineNumber":103,"author":{"gitId":"xiaorui-ui"},"content":"    }","lastModifiedDate":"2024-02-01"},{"lineNumber":104,"author":{"gitId":"xiaorui-ui"},"content":"","lastModifiedDate":"2024-02-01"},{"lineNumber":105,"author":{"gitId":"xiaorui-ui"},"content":"    public static void createFile(Path filePath) {","lastModifiedDate":"2024-02-01"},{"lineNumber":106,"author":{"gitId":"xiaorui-ui"},"content":"        try {","lastModifiedDate":"2024-02-01"},{"lineNumber":107,"author":{"gitId":"xiaorui-ui"},"content":"            Files.createDirectories(filePath.getParent());","lastModifiedDate":"2024-02-01"},{"lineNumber":108,"author":{"gitId":"xiaorui-ui"},"content":"            Files.createFile(filePath);","lastModifiedDate":"2024-02-01"},{"lineNumber":109,"author":{"gitId":"xiaorui-ui"},"content":"        } catch (IOException i) {","lastModifiedDate":"2024-02-01"},{"lineNumber":110,"author":{"gitId":"xiaorui-ui"},"content":"            System.out.println(\"Error creating file\");","lastModifiedDate":"2024-02-01"},{"lineNumber":111,"author":{"gitId":"xiaorui-ui"},"content":"        }","lastModifiedDate":"2024-02-01"},{"lineNumber":112,"author":{"gitId":"xiaorui-ui"},"content":"    }","lastModifiedDate":"2024-02-01"},{"lineNumber":113,"author":{"gitId":"xiaorui-ui"},"content":"","lastModifiedDate":"2024-02-01"},{"lineNumber":114,"author":{"gitId":"xiaorui-ui"},"content":"    public static void print(String[] arr) {","lastModifiedDate":"2024-02-01"},{"lineNumber":115,"author":{"gitId":"xiaorui-ui"},"content":"        for (String s : arr) {","lastModifiedDate":"2024-02-01"},{"lineNumber":116,"author":{"gitId":"xiaorui-ui"},"content":"            System.out.println(s);","lastModifiedDate":"2024-02-01"},{"lineNumber":117,"author":{"gitId":"xiaorui-ui"},"content":"        }","lastModifiedDate":"2024-02-01"},{"lineNumber":118,"author":{"gitId":"xiaorui-ui"},"content":"    }","lastModifiedDate":"2024-02-01"},{"lineNumber":119,"author":{"gitId":"xiaorui-ui"},"content":"","lastModifiedDate":"2024-02-01"},{"lineNumber":120,"author":{"gitId":"xiaorui-ui"},"content":"}","lastModifiedDate":"2024-02-01"}],"authorContributionMap":{"xiaorui-ui":120}},{"path":"src/main/java/dune/Ui.java","fileType":"java","lines":[{"lineNumber":1,"author":{"gitId":"xiaorui-ui"},"content":"package dune;","lastModifiedDate":"2024-02-02"},{"lineNumber":2,"author":{"gitId":"xiaorui-ui"},"content":"","lastModifiedDate":"2024-02-02"},{"lineNumber":3,"author":{"gitId":"xiaorui-ui"},"content":"public class Ui {","lastModifiedDate":"2024-02-01"},{"lineNumber":4,"author":{"gitId":"xiaorui-ui"},"content":"    public void printWelcome() {","lastModifiedDate":"2024-02-01"},{"lineNumber":5,"author":{"gitId":"xiaorui-ui"},"content":"        System.out.println(\"Hello! I\u0027m dune.Dune, your task manager.\");","lastModifiedDate":"2024-02-02"},{"lineNumber":6,"author":{"gitId":"xiaorui-ui"},"content":"        System.out.println(\"What can I do for you?\");","lastModifiedDate":"2024-02-01"},{"lineNumber":7,"author":{"gitId":"xiaorui-ui"},"content":"        System.out.println(\"\");","lastModifiedDate":"2024-02-01"},{"lineNumber":8,"author":{"gitId":"xiaorui-ui"},"content":"    }","lastModifiedDate":"2024-02-01"},{"lineNumber":9,"author":{"gitId":"xiaorui-ui"},"content":"","lastModifiedDate":"2024-02-01"},{"lineNumber":10,"author":{"gitId":"xiaorui-ui"},"content":"    public void print(String text) {","lastModifiedDate":"2024-02-01"},{"lineNumber":11,"author":{"gitId":"xiaorui-ui"},"content":"        System.out.println(text);","lastModifiedDate":"2024-02-01"},{"lineNumber":12,"author":{"gitId":"xiaorui-ui"},"content":"    }","lastModifiedDate":"2024-02-01"},{"lineNumber":13,"author":{"gitId":"xiaorui-ui"},"content":"","lastModifiedDate":"2024-02-01"},{"lineNumber":14,"author":{"gitId":"xiaorui-ui"},"content":"    public void printGoodbye() {","lastModifiedDate":"2024-02-01"},{"lineNumber":15,"author":{"gitId":"xiaorui-ui"},"content":"        System.out.println(\"Bye. Hope to see you again soon!\");","lastModifiedDate":"2024-02-01"},{"lineNumber":16,"author":{"gitId":"xiaorui-ui"},"content":"    }","lastModifiedDate":"2024-02-01"},{"lineNumber":17,"author":{"gitId":"xiaorui-ui"},"content":"}","lastModifiedDate":"2024-02-01"}],"authorContributionMap":{"xiaorui-ui":17}},{"path":"src/main/java/dune/task/Deadline.java","fileType":"java","lines":[{"lineNumber":1,"author":{"gitId":"xiaorui-ui"},"content":"package dune.task;","lastModifiedDate":"2024-02-02"},{"lineNumber":2,"author":{"gitId":"xiaorui-ui"},"content":"","lastModifiedDate":"2024-02-02"},{"lineNumber":3,"author":{"gitId":"xiaorui-ui"},"content":"import dune.DateTimePrinter;","lastModifiedDate":"2024-02-02"},{"lineNumber":4,"author":{"gitId":"xiaorui-ui"},"content":"","lastModifiedDate":"2024-02-01"},{"lineNumber":5,"author":{"gitId":"xiaorui-ui"},"content":"import java.time.LocalDateTime;","lastModifiedDate":"2024-02-02"},{"lineNumber":6,"author":{"gitId":"xiaorui-ui"},"content":"","lastModifiedDate":"2024-02-01"},{"lineNumber":7,"author":{"gitId":"xiaorui-ui"},"content":"public class Deadline extends Task {","lastModifiedDate":"2024-01-23"},{"lineNumber":8,"author":{"gitId":"xiaorui-ui"},"content":"    private LocalDateTime deadline;","lastModifiedDate":"2024-02-01"},{"lineNumber":9,"author":{"gitId":"xiaorui-ui"},"content":"","lastModifiedDate":"2024-01-23"},{"lineNumber":10,"author":{"gitId":"xiaorui-ui"},"content":"    private static final DateTimePrinter dateTimePrinter \u003d new DateTimePrinter();","lastModifiedDate":"2024-02-01"},{"lineNumber":11,"author":{"gitId":"xiaorui-ui"},"content":"","lastModifiedDate":"2024-01-23"},{"lineNumber":12,"author":{"gitId":"xiaorui-ui"},"content":"    public Deadline(String description, String deadline) {","lastModifiedDate":"2024-01-23"},{"lineNumber":13,"author":{"gitId":"xiaorui-ui"},"content":"        super(description);","lastModifiedDate":"2024-01-23"},{"lineNumber":14,"author":{"gitId":"xiaorui-ui"},"content":"        this.deadline \u003d LocalDateTime.parse(deadline);","lastModifiedDate":"2024-02-01"},{"lineNumber":15,"author":{"gitId":"xiaorui-ui"},"content":"    }","lastModifiedDate":"2024-01-23"},{"lineNumber":16,"author":{"gitId":"xiaorui-ui"},"content":"","lastModifiedDate":"2024-01-23"},{"lineNumber":17,"author":{"gitId":"xiaorui-ui"},"content":"    public Deadline(String description, String deadline, boolean isDone) {","lastModifiedDate":"2024-01-31"},{"lineNumber":18,"author":{"gitId":"xiaorui-ui"},"content":"        super(description, isDone);","lastModifiedDate":"2024-01-31"},{"lineNumber":19,"author":{"gitId":"xiaorui-ui"},"content":"        this.deadline \u003d LocalDateTime.parse(deadline);","lastModifiedDate":"2024-02-01"},{"lineNumber":20,"author":{"gitId":"xiaorui-ui"},"content":"    }","lastModifiedDate":"2024-01-31"},{"lineNumber":21,"author":{"gitId":"xiaorui-ui"},"content":"","lastModifiedDate":"2024-01-31"},{"lineNumber":22,"author":{"gitId":"xiaorui-ui"},"content":"    public LocalDateTime getDeadline() {","lastModifiedDate":"2024-02-01"},{"lineNumber":23,"author":{"gitId":"xiaorui-ui"},"content":"        return this.deadline;","lastModifiedDate":"2024-01-31"},{"lineNumber":24,"author":{"gitId":"xiaorui-ui"},"content":"    }","lastModifiedDate":"2024-01-31"},{"lineNumber":25,"author":{"gitId":"xiaorui-ui"},"content":"","lastModifiedDate":"2024-01-31"},{"lineNumber":26,"author":{"gitId":"xiaorui-ui"},"content":"    @Override","lastModifiedDate":"2024-01-23"},{"lineNumber":27,"author":{"gitId":"xiaorui-ui"},"content":"    public String toString() {","lastModifiedDate":"2024-01-23"},{"lineNumber":28,"author":{"gitId":"xiaorui-ui"},"content":"        return \"[D]\" + super.toString() + \" (by: \" + dateTimePrinter.print(this.deadline) + \")\";","lastModifiedDate":"2024-02-01"},{"lineNumber":29,"author":{"gitId":"xiaorui-ui"},"content":"    }","lastModifiedDate":"2024-01-23"},{"lineNumber":30,"author":{"gitId":"xiaorui-ui"},"content":"}","lastModifiedDate":"2024-01-23"}],"authorContributionMap":{"xiaorui-ui":30}},{"path":"src/main/java/dune/task/Event.java","fileType":"java","lines":[{"lineNumber":1,"author":{"gitId":"xiaorui-ui"},"content":"package dune.task;","lastModifiedDate":"2024-02-02"},{"lineNumber":2,"author":{"gitId":"xiaorui-ui"},"content":"","lastModifiedDate":"2024-02-02"},{"lineNumber":3,"author":{"gitId":"xiaorui-ui"},"content":"import dune.DateTimePrinter;","lastModifiedDate":"2024-02-02"},{"lineNumber":4,"author":{"gitId":"xiaorui-ui"},"content":"","lastModifiedDate":"2024-02-01"},{"lineNumber":5,"author":{"gitId":"xiaorui-ui"},"content":"import java.time.LocalDateTime;","lastModifiedDate":"2024-02-01"},{"lineNumber":6,"author":{"gitId":"xiaorui-ui"},"content":"import java.time.format.DateTimeParseException;","lastModifiedDate":"2024-02-01"},{"lineNumber":7,"author":{"gitId":"xiaorui-ui"},"content":"","lastModifiedDate":"2024-02-01"},{"lineNumber":8,"author":{"gitId":"xiaorui-ui"},"content":"public class Event extends Task {","lastModifiedDate":"2024-01-23"},{"lineNumber":9,"author":{"gitId":"xiaorui-ui"},"content":"","lastModifiedDate":"2024-01-23"},{"lineNumber":10,"author":{"gitId":"xiaorui-ui"},"content":"    private LocalDateTime start;","lastModifiedDate":"2024-02-01"},{"lineNumber":11,"author":{"gitId":"xiaorui-ui"},"content":"    private LocalDateTime end;","lastModifiedDate":"2024-02-01"},{"lineNumber":12,"author":{"gitId":"xiaorui-ui"},"content":"","lastModifiedDate":"2024-01-23"},{"lineNumber":13,"author":{"gitId":"xiaorui-ui"},"content":"    private static final DateTimePrinter dateTimePrinter \u003d new DateTimePrinter();","lastModifiedDate":"2024-02-01"},{"lineNumber":14,"author":{"gitId":"xiaorui-ui"},"content":"","lastModifiedDate":"2024-01-31"},{"lineNumber":15,"author":{"gitId":"xiaorui-ui"},"content":"    public Event(String description, String start, String end) {","lastModifiedDate":"2024-01-23"},{"lineNumber":16,"author":{"gitId":"xiaorui-ui"},"content":"        super(description);","lastModifiedDate":"2024-01-23"},{"lineNumber":17,"author":{"gitId":"xiaorui-ui"},"content":"        this.start \u003d LocalDateTime.parse(start);","lastModifiedDate":"2024-02-01"},{"lineNumber":18,"author":{"gitId":"xiaorui-ui"},"content":"        this.end \u003d LocalDateTime.parse(end);","lastModifiedDate":"2024-02-01"},{"lineNumber":19,"author":{"gitId":"xiaorui-ui"},"content":"        if (!this.start.isBefore(this.end)) {","lastModifiedDate":"2024-02-01"},{"lineNumber":20,"author":{"gitId":"xiaorui-ui"},"content":"            throw new DateTimeParseException(\"Start date must be before end date\", \"\", 0);","lastModifiedDate":"2024-02-01"},{"lineNumber":21,"author":{"gitId":"xiaorui-ui"},"content":"        }","lastModifiedDate":"2024-02-01"},{"lineNumber":22,"author":{"gitId":"xiaorui-ui"},"content":"    }","lastModifiedDate":"2024-01-23"},{"lineNumber":23,"author":{"gitId":"xiaorui-ui"},"content":"","lastModifiedDate":"2024-01-23"},{"lineNumber":24,"author":{"gitId":"xiaorui-ui"},"content":"    public Event(String description, String start, String end, boolean isDone) {","lastModifiedDate":"2024-01-31"},{"lineNumber":25,"author":{"gitId":"xiaorui-ui"},"content":"        super(description, isDone);","lastModifiedDate":"2024-01-31"},{"lineNumber":26,"author":{"gitId":"xiaorui-ui"},"content":"        this.start \u003d LocalDateTime.parse(start);","lastModifiedDate":"2024-02-01"},{"lineNumber":27,"author":{"gitId":"xiaorui-ui"},"content":"        this.end \u003d LocalDateTime.parse(end);","lastModifiedDate":"2024-02-01"},{"lineNumber":28,"author":{"gitId":"xiaorui-ui"},"content":"        if (this.start.isAfter(this.end)) {","lastModifiedDate":"2024-02-01"},{"lineNumber":29,"author":{"gitId":"xiaorui-ui"},"content":"            throw new DateTimeParseException(\"Start date cannot be after end date\", \"\", 0);","lastModifiedDate":"2024-02-01"},{"lineNumber":30,"author":{"gitId":"xiaorui-ui"},"content":"        }","lastModifiedDate":"2024-02-01"},{"lineNumber":31,"author":{"gitId":"xiaorui-ui"},"content":"    }","lastModifiedDate":"2024-01-31"},{"lineNumber":32,"author":{"gitId":"xiaorui-ui"},"content":"","lastModifiedDate":"2024-01-31"},{"lineNumber":33,"author":{"gitId":"xiaorui-ui"},"content":"    public LocalDateTime getStart() {","lastModifiedDate":"2024-02-01"},{"lineNumber":34,"author":{"gitId":"xiaorui-ui"},"content":"        return this.start;","lastModifiedDate":"2024-01-31"},{"lineNumber":35,"author":{"gitId":"xiaorui-ui"},"content":"    }","lastModifiedDate":"2024-01-31"},{"lineNumber":36,"author":{"gitId":"xiaorui-ui"},"content":"","lastModifiedDate":"2024-01-31"},{"lineNumber":37,"author":{"gitId":"xiaorui-ui"},"content":"    public LocalDateTime getEnd() {","lastModifiedDate":"2024-02-01"},{"lineNumber":38,"author":{"gitId":"xiaorui-ui"},"content":"        return this.end;","lastModifiedDate":"2024-01-31"},{"lineNumber":39,"author":{"gitId":"xiaorui-ui"},"content":"    }","lastModifiedDate":"2024-01-31"},{"lineNumber":40,"author":{"gitId":"xiaorui-ui"},"content":"","lastModifiedDate":"2024-01-31"},{"lineNumber":41,"author":{"gitId":"xiaorui-ui"},"content":"","lastModifiedDate":"2024-01-31"},{"lineNumber":42,"author":{"gitId":"xiaorui-ui"},"content":"    @Override","lastModifiedDate":"2024-01-23"},{"lineNumber":43,"author":{"gitId":"xiaorui-ui"},"content":"    public String toString() {","lastModifiedDate":"2024-01-23"},{"lineNumber":44,"author":{"gitId":"xiaorui-ui"},"content":"        return \"[E]\" + super.toString() + \" (from: \" + dateTimePrinter.print(this.start)","lastModifiedDate":"2024-02-01"},{"lineNumber":45,"author":{"gitId":"xiaorui-ui"},"content":"                + \" to: \" + dateTimePrinter.print(this.end) + \")\";","lastModifiedDate":"2024-02-01"},{"lineNumber":46,"author":{"gitId":"xiaorui-ui"},"content":"    }","lastModifiedDate":"2024-01-23"},{"lineNumber":47,"author":{"gitId":"xiaorui-ui"},"content":"","lastModifiedDate":"2024-01-23"},{"lineNumber":48,"author":{"gitId":"xiaorui-ui"},"content":"}","lastModifiedDate":"2024-01-23"}],"authorContributionMap":{"xiaorui-ui":48}},{"path":"src/main/java/dune/task/Task.java","fileType":"java","lines":[{"lineNumber":1,"author":{"gitId":"xiaorui-ui"},"content":"package dune.task;","lastModifiedDate":"2024-02-02"},{"lineNumber":2,"author":{"gitId":"xiaorui-ui"},"content":"","lastModifiedDate":"2024-02-02"},{"lineNumber":3,"author":{"gitId":"xiaorui-ui"},"content":"public abstract class Task {","lastModifiedDate":"2024-01-24"},{"lineNumber":4,"author":{"gitId":"xiaorui-ui"},"content":"","lastModifiedDate":"2024-01-23"},{"lineNumber":5,"author":{"gitId":"xiaorui-ui"},"content":"    private String description;","lastModifiedDate":"2024-01-23"},{"lineNumber":6,"author":{"gitId":"xiaorui-ui"},"content":"    private boolean isDone;","lastModifiedDate":"2024-01-31"},{"lineNumber":7,"author":{"gitId":"xiaorui-ui"},"content":"    public Task(String description) {","lastModifiedDate":"2024-01-23"},{"lineNumber":8,"author":{"gitId":"xiaorui-ui"},"content":"        this.description \u003d description;","lastModifiedDate":"2024-01-23"},{"lineNumber":9,"author":{"gitId":"xiaorui-ui"},"content":"        this.isDone \u003d false;","lastModifiedDate":"2024-01-31"},{"lineNumber":10,"author":{"gitId":"xiaorui-ui"},"content":"    }","lastModifiedDate":"2024-01-31"},{"lineNumber":11,"author":{"gitId":"xiaorui-ui"},"content":"","lastModifiedDate":"2024-01-31"},{"lineNumber":12,"author":{"gitId":"xiaorui-ui"},"content":"    public Task(String description, boolean done) {","lastModifiedDate":"2024-01-31"},{"lineNumber":13,"author":{"gitId":"xiaorui-ui"},"content":"        this.description \u003d description;","lastModifiedDate":"2024-01-31"},{"lineNumber":14,"author":{"gitId":"xiaorui-ui"},"content":"        this.isDone \u003d done;","lastModifiedDate":"2024-01-31"},{"lineNumber":15,"author":{"gitId":"xiaorui-ui"},"content":"    }","lastModifiedDate":"2024-01-23"},{"lineNumber":16,"author":{"gitId":"xiaorui-ui"},"content":"","lastModifiedDate":"2024-01-23"},{"lineNumber":17,"author":{"gitId":"xiaorui-ui"},"content":"    public void complete() {","lastModifiedDate":"2024-01-23"},{"lineNumber":18,"author":{"gitId":"xiaorui-ui"},"content":"        this.isDone \u003d true;","lastModifiedDate":"2024-01-31"},{"lineNumber":19,"author":{"gitId":"xiaorui-ui"},"content":"    }","lastModifiedDate":"2024-01-23"},{"lineNumber":20,"author":{"gitId":"xiaorui-ui"},"content":"","lastModifiedDate":"2024-01-23"},{"lineNumber":21,"author":{"gitId":"xiaorui-ui"},"content":"    public void incomplete() {","lastModifiedDate":"2024-01-23"},{"lineNumber":22,"author":{"gitId":"xiaorui-ui"},"content":"        this.isDone \u003d false;","lastModifiedDate":"2024-01-31"},{"lineNumber":23,"author":{"gitId":"xiaorui-ui"},"content":"    }","lastModifiedDate":"2024-01-31"},{"lineNumber":24,"author":{"gitId":"xiaorui-ui"},"content":"","lastModifiedDate":"2024-01-31"},{"lineNumber":25,"author":{"gitId":"xiaorui-ui"},"content":"    public boolean getIsDone() {","lastModifiedDate":"2024-01-31"},{"lineNumber":26,"author":{"gitId":"xiaorui-ui"},"content":"        return this.isDone;","lastModifiedDate":"2024-01-31"},{"lineNumber":27,"author":{"gitId":"xiaorui-ui"},"content":"    }","lastModifiedDate":"2024-01-31"},{"lineNumber":28,"author":{"gitId":"xiaorui-ui"},"content":"","lastModifiedDate":"2024-01-31"},{"lineNumber":29,"author":{"gitId":"xiaorui-ui"},"content":"    public String getDescription() {","lastModifiedDate":"2024-01-31"},{"lineNumber":30,"author":{"gitId":"xiaorui-ui"},"content":"        return this.description;","lastModifiedDate":"2024-01-31"},{"lineNumber":31,"author":{"gitId":"xiaorui-ui"},"content":"    }","lastModifiedDate":"2024-01-23"},{"lineNumber":32,"author":{"gitId":"xiaorui-ui"},"content":"","lastModifiedDate":"2024-01-23"},{"lineNumber":33,"author":{"gitId":"xiaorui-ui"},"content":"    @Override","lastModifiedDate":"2024-01-23"},{"lineNumber":34,"author":{"gitId":"xiaorui-ui"},"content":"    public String toString() {","lastModifiedDate":"2024-01-23"},{"lineNumber":35,"author":{"gitId":"xiaorui-ui"},"content":"        String done \u003d this.isDone ? \"[X]\": \"[ ]\";","lastModifiedDate":"2024-01-31"},{"lineNumber":36,"author":{"gitId":"xiaorui-ui"},"content":"        return done + \" \" + this.description;","lastModifiedDate":"2024-01-23"},{"lineNumber":37,"author":{"gitId":"xiaorui-ui"},"content":"    }","lastModifiedDate":"2024-01-23"},{"lineNumber":38,"author":{"gitId":"xiaorui-ui"},"content":"}","lastModifiedDate":"2024-01-23"}],"authorContributionMap":{"xiaorui-ui":38}},{"path":"src/main/java/dune/task/TaskList.java","fileType":"java","lines":[{"lineNumber":1,"author":{"gitId":"xiaorui-ui"},"content":"package dune.task;","lastModifiedDate":"2024-02-02"},{"lineNumber":2,"author":{"gitId":"xiaorui-ui"},"content":"","lastModifiedDate":"2024-02-02"},{"lineNumber":3,"author":{"gitId":"xiaorui-ui"},"content":"import dune.task.Deadline;","lastModifiedDate":"2024-02-02"},{"lineNumber":4,"author":{"gitId":"xiaorui-ui"},"content":"import dune.task.Event;","lastModifiedDate":"2024-02-02"},{"lineNumber":5,"author":{"gitId":"xiaorui-ui"},"content":"import dune.task.Task;","lastModifiedDate":"2024-02-02"},{"lineNumber":6,"author":{"gitId":"xiaorui-ui"},"content":"import dune.task.ToDo;","lastModifiedDate":"2024-02-02"},{"lineNumber":7,"author":{"gitId":"xiaorui-ui"},"content":"import dune.Storage;","lastModifiedDate":"2024-02-02"},{"lineNumber":8,"author":{"gitId":"xiaorui-ui"},"content":"import dune.DuneException;","lastModifiedDate":"2024-02-02"},{"lineNumber":9,"author":{"gitId":"xiaorui-ui"},"content":"","lastModifiedDate":"2024-02-02"},{"lineNumber":10,"author":{"gitId":"xiaorui-ui"},"content":"import java.time.format.DateTimeParseException;","lastModifiedDate":"2024-02-01"},{"lineNumber":11,"author":{"gitId":"xiaorui-ui"},"content":"import java.util.List;","lastModifiedDate":"2024-02-01"},{"lineNumber":12,"author":{"gitId":"xiaorui-ui"},"content":"import java.util.ArrayList;","lastModifiedDate":"2024-02-01"},{"lineNumber":13,"author":{"gitId":"xiaorui-ui"},"content":"","lastModifiedDate":"2024-02-01"},{"lineNumber":14,"author":{"gitId":"xiaorui-ui"},"content":"public class TaskList {","lastModifiedDate":"2024-02-01"},{"lineNumber":15,"author":{"gitId":"xiaorui-ui"},"content":"    private List\u003cTask\u003e tasks;","lastModifiedDate":"2024-02-01"},{"lineNumber":16,"author":{"gitId":"xiaorui-ui"},"content":"","lastModifiedDate":"2024-02-01"},{"lineNumber":17,"author":{"gitId":"xiaorui-ui"},"content":"    public TaskList() {","lastModifiedDate":"2024-02-01"},{"lineNumber":18,"author":{"gitId":"xiaorui-ui"},"content":"        this.tasks \u003d new ArrayList\u003c\u003e();","lastModifiedDate":"2024-02-01"},{"lineNumber":19,"author":{"gitId":"xiaorui-ui"},"content":"    }","lastModifiedDate":"2024-02-01"},{"lineNumber":20,"author":{"gitId":"xiaorui-ui"},"content":"","lastModifiedDate":"2024-02-01"},{"lineNumber":21,"author":{"gitId":"xiaorui-ui"},"content":"    public void addTask(Task task) {","lastModifiedDate":"2024-02-01"},{"lineNumber":22,"author":{"gitId":"xiaorui-ui"},"content":"        this.tasks.add(task);","lastModifiedDate":"2024-02-01"},{"lineNumber":23,"author":{"gitId":"xiaorui-ui"},"content":"    }","lastModifiedDate":"2024-02-01"},{"lineNumber":24,"author":{"gitId":"xiaorui-ui"},"content":"","lastModifiedDate":"2024-02-01"},{"lineNumber":25,"author":{"gitId":"xiaorui-ui"},"content":"    public void addTask(int i, String text, Storage storage) {","lastModifiedDate":"2024-02-01"},{"lineNumber":26,"author":{"gitId":"xiaorui-ui"},"content":"        Task x \u003d null;","lastModifiedDate":"2024-02-01"},{"lineNumber":27,"author":{"gitId":"xiaorui-ui"},"content":"        if (i \u003d\u003d 0) {","lastModifiedDate":"2024-02-01"},{"lineNumber":28,"author":{"gitId":"xiaorui-ui"},"content":"            x \u003d new ToDo(text.trim());","lastModifiedDate":"2024-02-01"},{"lineNumber":29,"author":{"gitId":"xiaorui-ui"},"content":"        } else if (i \u003d\u003d 1) {","lastModifiedDate":"2024-02-01"},{"lineNumber":30,"author":{"gitId":"xiaorui-ui"},"content":"            try {","lastModifiedDate":"2024-02-01"},{"lineNumber":31,"author":{"gitId":"xiaorui-ui"},"content":"                String[] parts \u003d text.split(\"/by\");","lastModifiedDate":"2024-02-01"},{"lineNumber":32,"author":{"gitId":"xiaorui-ui"},"content":"                if (parts.length \u003c 2) {","lastModifiedDate":"2024-02-01"},{"lineNumber":33,"author":{"gitId":"xiaorui-ui"},"content":"                    throw new DuneException(\"Deadlines need a deadline /by ... \");","lastModifiedDate":"2024-02-02"},{"lineNumber":34,"author":{"gitId":"xiaorui-ui"},"content":"                } else if (parts.length \u003e 2) {","lastModifiedDate":"2024-02-01"},{"lineNumber":35,"author":{"gitId":"xiaorui-ui"},"content":"                    throw new DuneException(\"There can only be 1 instance of /by. String cannot be parsed...\");","lastModifiedDate":"2024-02-02"},{"lineNumber":36,"author":{"gitId":"xiaorui-ui"},"content":"                }","lastModifiedDate":"2024-02-01"},{"lineNumber":37,"author":{"gitId":"xiaorui-ui"},"content":"                try {","lastModifiedDate":"2024-02-01"},{"lineNumber":38,"author":{"gitId":"xiaorui-ui"},"content":"                    x \u003d new Deadline(parts[0].trim(), parts[1].trim());","lastModifiedDate":"2024-02-01"},{"lineNumber":39,"author":{"gitId":"xiaorui-ui"},"content":"                } catch (DateTimeParseException d) {","lastModifiedDate":"2024-02-01"},{"lineNumber":40,"author":{"gitId":"xiaorui-ui"},"content":"                    if (d.getMessage().equals(\"Start date cannot be after end date\")) {","lastModifiedDate":"2024-02-01"},{"lineNumber":41,"author":{"gitId":"xiaorui-ui"},"content":"                        System.out.println(d.getMessage());","lastModifiedDate":"2024-02-01"},{"lineNumber":42,"author":{"gitId":"xiaorui-ui"},"content":"                    } else {","lastModifiedDate":"2024-02-01"},{"lineNumber":43,"author":{"gitId":"xiaorui-ui"},"content":"                        System.out.println(\"Enter date in the format yyyy-mm-ddTHH:MM\");","lastModifiedDate":"2024-02-01"},{"lineNumber":44,"author":{"gitId":"xiaorui-ui"},"content":"                    }","lastModifiedDate":"2024-02-01"},{"lineNumber":45,"author":{"gitId":"xiaorui-ui"},"content":"                    return;","lastModifiedDate":"2024-02-01"},{"lineNumber":46,"author":{"gitId":"xiaorui-ui"},"content":"                }","lastModifiedDate":"2024-02-01"},{"lineNumber":47,"author":{"gitId":"xiaorui-ui"},"content":"            } catch (DuneException d) {","lastModifiedDate":"2024-02-02"},{"lineNumber":48,"author":{"gitId":"xiaorui-ui"},"content":"                System.out.println(d);","lastModifiedDate":"2024-02-01"},{"lineNumber":49,"author":{"gitId":"xiaorui-ui"},"content":"                return;","lastModifiedDate":"2024-02-01"},{"lineNumber":50,"author":{"gitId":"xiaorui-ui"},"content":"            }","lastModifiedDate":"2024-02-01"},{"lineNumber":51,"author":{"gitId":"xiaorui-ui"},"content":"","lastModifiedDate":"2024-02-01"},{"lineNumber":52,"author":{"gitId":"xiaorui-ui"},"content":"        } else if (i \u003d\u003d 2) {","lastModifiedDate":"2024-02-01"},{"lineNumber":53,"author":{"gitId":"xiaorui-ui"},"content":"            String[] parts \u003d text.split(\"/from\");","lastModifiedDate":"2024-02-01"},{"lineNumber":54,"author":{"gitId":"xiaorui-ui"},"content":"","lastModifiedDate":"2024-02-01"},{"lineNumber":55,"author":{"gitId":"xiaorui-ui"},"content":"            try {","lastModifiedDate":"2024-02-01"},{"lineNumber":56,"author":{"gitId":"xiaorui-ui"},"content":"                if (parts.length \u003c 2) {","lastModifiedDate":"2024-02-01"},{"lineNumber":57,"author":{"gitId":"xiaorui-ui"},"content":"                    throw new DuneException(\"Events need a /from and a /to in this order\");","lastModifiedDate":"2024-02-02"},{"lineNumber":58,"author":{"gitId":"xiaorui-ui"},"content":"                }","lastModifiedDate":"2024-02-01"},{"lineNumber":59,"author":{"gitId":"xiaorui-ui"},"content":"                String[] dates \u003d parts[1].split(\"/to\");","lastModifiedDate":"2024-02-01"},{"lineNumber":60,"author":{"gitId":"xiaorui-ui"},"content":"                if (parts.length \u003e 2 || dates.length \u003e 2) {","lastModifiedDate":"2024-02-01"},{"lineNumber":61,"author":{"gitId":"xiaorui-ui"},"content":"                    throw new DuneException(\"There can only be 1 instance of /from and /to\\n\" +","lastModifiedDate":"2024-02-02"},{"lineNumber":62,"author":{"gitId":"xiaorui-ui"},"content":"                            \"String cannot be parsed...\");","lastModifiedDate":"2024-02-01"},{"lineNumber":63,"author":{"gitId":"xiaorui-ui"},"content":"                } else if (dates.length \u003c 2) {","lastModifiedDate":"2024-02-01"},{"lineNumber":64,"author":{"gitId":"xiaorui-ui"},"content":"                    throw new DuneException(\"Events need a /from and a /to in this order\");","lastModifiedDate":"2024-02-02"},{"lineNumber":65,"author":{"gitId":"xiaorui-ui"},"content":"                }","lastModifiedDate":"2024-02-01"},{"lineNumber":66,"author":{"gitId":"xiaorui-ui"},"content":"                try {","lastModifiedDate":"2024-02-01"},{"lineNumber":67,"author":{"gitId":"xiaorui-ui"},"content":"                    x \u003d new Event(parts[0].trim(), dates[0].trim(), dates[1].trim());","lastModifiedDate":"2024-02-01"},{"lineNumber":68,"author":{"gitId":"xiaorui-ui"},"content":"                    storage.saveTasks(this);","lastModifiedDate":"2024-02-01"},{"lineNumber":69,"author":{"gitId":"xiaorui-ui"},"content":"                } catch (DateTimeParseException d) {","lastModifiedDate":"2024-02-01"},{"lineNumber":70,"author":{"gitId":"xiaorui-ui"},"content":"                    if (d.getMessage().equals(\"Start date cannot be after end date\")) {","lastModifiedDate":"2024-02-01"},{"lineNumber":71,"author":{"gitId":"xiaorui-ui"},"content":"                        System.out.println(d.getMessage());","lastModifiedDate":"2024-02-01"},{"lineNumber":72,"author":{"gitId":"xiaorui-ui"},"content":"                    } else {","lastModifiedDate":"2024-02-01"},{"lineNumber":73,"author":{"gitId":"xiaorui-ui"},"content":"                        System.out.println(\"Enter date in the format yyyy-mm-ddTHH:MM\");","lastModifiedDate":"2024-02-01"},{"lineNumber":74,"author":{"gitId":"xiaorui-ui"},"content":"                    }","lastModifiedDate":"2024-02-01"},{"lineNumber":75,"author":{"gitId":"xiaorui-ui"},"content":"                    return;","lastModifiedDate":"2024-02-01"},{"lineNumber":76,"author":{"gitId":"xiaorui-ui"},"content":"                }","lastModifiedDate":"2024-02-01"},{"lineNumber":77,"author":{"gitId":"xiaorui-ui"},"content":"            } catch (DuneException d) {","lastModifiedDate":"2024-02-02"},{"lineNumber":78,"author":{"gitId":"xiaorui-ui"},"content":"                System.out.println(d);","lastModifiedDate":"2024-02-01"},{"lineNumber":79,"author":{"gitId":"xiaorui-ui"},"content":"                return;","lastModifiedDate":"2024-02-01"},{"lineNumber":80,"author":{"gitId":"xiaorui-ui"},"content":"            }","lastModifiedDate":"2024-02-01"},{"lineNumber":81,"author":{"gitId":"xiaorui-ui"},"content":"","lastModifiedDate":"2024-02-01"},{"lineNumber":82,"author":{"gitId":"xiaorui-ui"},"content":"        }","lastModifiedDate":"2024-02-01"},{"lineNumber":83,"author":{"gitId":"xiaorui-ui"},"content":"        this.tasks.add(x);","lastModifiedDate":"2024-02-01"},{"lineNumber":84,"author":{"gitId":"xiaorui-ui"},"content":"        storage.saveTasks(this);","lastModifiedDate":"2024-02-01"},{"lineNumber":85,"author":{"gitId":"xiaorui-ui"},"content":"        System.out.println(\"Got it. I\u0027ve added this task:\");","lastModifiedDate":"2024-02-01"},{"lineNumber":86,"author":{"gitId":"xiaorui-ui"},"content":"        System.out.println(x);","lastModifiedDate":"2024-02-01"},{"lineNumber":87,"author":{"gitId":"xiaorui-ui"},"content":"        System.out.println(\"Now you have \" + this.tasks.size() + \" tasks in your list.\");","lastModifiedDate":"2024-02-01"},{"lineNumber":88,"author":{"gitId":"xiaorui-ui"},"content":"    }","lastModifiedDate":"2024-02-01"},{"lineNumber":89,"author":{"gitId":"xiaorui-ui"},"content":"","lastModifiedDate":"2024-02-01"},{"lineNumber":90,"author":{"gitId":"xiaorui-ui"},"content":"    private void deleteTask(int index) {","lastModifiedDate":"2024-02-01"},{"lineNumber":91,"author":{"gitId":"xiaorui-ui"},"content":"        this.tasks.remove(index);","lastModifiedDate":"2024-02-01"},{"lineNumber":92,"author":{"gitId":"xiaorui-ui"},"content":"    }","lastModifiedDate":"2024-02-01"},{"lineNumber":93,"author":{"gitId":"xiaorui-ui"},"content":"","lastModifiedDate":"2024-02-01"},{"lineNumber":94,"author":{"gitId":"xiaorui-ui"},"content":"    public void deleteTask(String indexStr, Storage storage) {","lastModifiedDate":"2024-02-01"},{"lineNumber":95,"author":{"gitId":"xiaorui-ui"},"content":"        try {","lastModifiedDate":"2024-02-01"},{"lineNumber":96,"author":{"gitId":"xiaorui-ui"},"content":"            if (indexStr.trim().equals(\"\")) {","lastModifiedDate":"2024-02-01"},{"lineNumber":97,"author":{"gitId":"xiaorui-ui"},"content":"                throw new DuneException(\"Give an index to remove\");","lastModifiedDate":"2024-02-02"},{"lineNumber":98,"author":{"gitId":"xiaorui-ui"},"content":"            }","lastModifiedDate":"2024-02-01"},{"lineNumber":99,"author":{"gitId":"xiaorui-ui"},"content":"            int index \u003d Integer.parseInt(indexStr.trim());","lastModifiedDate":"2024-02-01"},{"lineNumber":100,"author":{"gitId":"xiaorui-ui"},"content":"            Task t \u003d this.getTask(index - 1);","lastModifiedDate":"2024-02-01"},{"lineNumber":101,"author":{"gitId":"xiaorui-ui"},"content":"            this.deleteTask(index - 1);","lastModifiedDate":"2024-02-01"},{"lineNumber":102,"author":{"gitId":"xiaorui-ui"},"content":"            System.out.println(\"Noted. I\u0027ve removed this task:\");","lastModifiedDate":"2024-02-01"},{"lineNumber":103,"author":{"gitId":"xiaorui-ui"},"content":"            System.out.println(t);","lastModifiedDate":"2024-02-01"},{"lineNumber":104,"author":{"gitId":"xiaorui-ui"},"content":"            System.out.println(\"Now you have \" + this.getSize() + \" tasks in the list.\");","lastModifiedDate":"2024-02-01"},{"lineNumber":105,"author":{"gitId":"xiaorui-ui"},"content":"            storage.saveTasks(this);","lastModifiedDate":"2024-02-01"},{"lineNumber":106,"author":{"gitId":"xiaorui-ui"},"content":"","lastModifiedDate":"2024-02-01"},{"lineNumber":107,"author":{"gitId":"xiaorui-ui"},"content":"        } catch (NumberFormatException n) {","lastModifiedDate":"2024-02-01"},{"lineNumber":108,"author":{"gitId":"xiaorui-ui"},"content":"            System.out.println(\"Index to be removed needs to be an integer\");","lastModifiedDate":"2024-02-01"},{"lineNumber":109,"author":{"gitId":"xiaorui-ui"},"content":"        } catch (IndexOutOfBoundsException i) {","lastModifiedDate":"2024-02-01"},{"lineNumber":110,"author":{"gitId":"xiaorui-ui"},"content":"            System.out.println(\"Give a valid index to remove\");","lastModifiedDate":"2024-02-01"},{"lineNumber":111,"author":{"gitId":"xiaorui-ui"},"content":"        } catch (DuneException d) {","lastModifiedDate":"2024-02-02"},{"lineNumber":112,"author":{"gitId":"xiaorui-ui"},"content":"            System.out.println(d);","lastModifiedDate":"2024-02-01"},{"lineNumber":113,"author":{"gitId":"xiaorui-ui"},"content":"        }","lastModifiedDate":"2024-02-01"},{"lineNumber":114,"author":{"gitId":"xiaorui-ui"},"content":"    }","lastModifiedDate":"2024-02-01"},{"lineNumber":115,"author":{"gitId":"xiaorui-ui"},"content":"","lastModifiedDate":"2024-02-01"},{"lineNumber":116,"author":{"gitId":"xiaorui-ui"},"content":"    public Task getTask(int index) {","lastModifiedDate":"2024-02-01"},{"lineNumber":117,"author":{"gitId":"xiaorui-ui"},"content":"        return this.tasks.get(index);","lastModifiedDate":"2024-02-01"},{"lineNumber":118,"author":{"gitId":"xiaorui-ui"},"content":"    }","lastModifiedDate":"2024-02-01"},{"lineNumber":119,"author":{"gitId":"xiaorui-ui"},"content":"","lastModifiedDate":"2024-02-01"},{"lineNumber":120,"author":{"gitId":"xiaorui-ui"},"content":"    public int getSize() {","lastModifiedDate":"2024-02-01"},{"lineNumber":121,"author":{"gitId":"xiaorui-ui"},"content":"        return this.tasks.size();","lastModifiedDate":"2024-02-01"},{"lineNumber":122,"author":{"gitId":"xiaorui-ui"},"content":"    }","lastModifiedDate":"2024-02-01"},{"lineNumber":123,"author":{"gitId":"xiaorui-ui"},"content":"","lastModifiedDate":"2024-02-01"},{"lineNumber":124,"author":{"gitId":"xiaorui-ui"},"content":"    @Override","lastModifiedDate":"2024-02-01"},{"lineNumber":125,"author":{"gitId":"xiaorui-ui"},"content":"    public String toString() {","lastModifiedDate":"2024-02-01"},{"lineNumber":126,"author":{"gitId":"xiaorui-ui"},"content":"        StringBuilder sb \u003d new StringBuilder();","lastModifiedDate":"2024-02-01"},{"lineNumber":127,"author":{"gitId":"xiaorui-ui"},"content":"        sb.append(\"Here are the tasks in your list:\\n\");","lastModifiedDate":"2024-02-01"},{"lineNumber":128,"author":{"gitId":"xiaorui-ui"},"content":"        for (int i \u003d 0; i \u003c this.tasks.size(); i++) {","lastModifiedDate":"2024-02-01"},{"lineNumber":129,"author":{"gitId":"xiaorui-ui"},"content":"            sb.append(i + 1).append(\". \").append(this.tasks.get(i)).append(\"\\n\");","lastModifiedDate":"2024-02-01"},{"lineNumber":130,"author":{"gitId":"xiaorui-ui"},"content":"        }","lastModifiedDate":"2024-02-01"},{"lineNumber":131,"author":{"gitId":"xiaorui-ui"},"content":"        return sb.toString();","lastModifiedDate":"2024-02-01"},{"lineNumber":132,"author":{"gitId":"xiaorui-ui"},"content":"    }","lastModifiedDate":"2024-02-01"},{"lineNumber":133,"author":{"gitId":"xiaorui-ui"},"content":"","lastModifiedDate":"2024-02-01"},{"lineNumber":134,"author":{"gitId":"xiaorui-ui"},"content":"    public void print() {","lastModifiedDate":"2024-02-01"},{"lineNumber":135,"author":{"gitId":"xiaorui-ui"},"content":"        System.out.println(this);","lastModifiedDate":"2024-02-01"},{"lineNumber":136,"author":{"gitId":"xiaorui-ui"},"content":"    }","lastModifiedDate":"2024-02-01"},{"lineNumber":137,"author":{"gitId":"xiaorui-ui"},"content":"}","lastModifiedDate":"2024-02-01"}],"authorContributionMap":{"xiaorui-ui":137}},{"path":"src/main/java/dune/task/ToDo.java","fileType":"java","lines":[{"lineNumber":1,"author":{"gitId":"xiaorui-ui"},"content":"package dune.task;","lastModifiedDate":"2024-02-02"},{"lineNumber":2,"author":{"gitId":"xiaorui-ui"},"content":"","lastModifiedDate":"2024-02-02"},{"lineNumber":3,"author":{"gitId":"xiaorui-ui"},"content":"public class ToDo extends Task {","lastModifiedDate":"2024-01-23"},{"lineNumber":4,"author":{"gitId":"xiaorui-ui"},"content":"    public ToDo(String description) {","lastModifiedDate":"2024-01-23"},{"lineNumber":5,"author":{"gitId":"xiaorui-ui"},"content":"        super(description);","lastModifiedDate":"2024-01-23"},{"lineNumber":6,"author":{"gitId":"xiaorui-ui"},"content":"    }","lastModifiedDate":"2024-01-23"},{"lineNumber":7,"author":{"gitId":"xiaorui-ui"},"content":"","lastModifiedDate":"2024-01-23"},{"lineNumber":8,"author":{"gitId":"xiaorui-ui"},"content":"    public ToDo(String description, boolean done) {","lastModifiedDate":"2024-01-31"},{"lineNumber":9,"author":{"gitId":"xiaorui-ui"},"content":"        super(description, done);","lastModifiedDate":"2024-01-31"},{"lineNumber":10,"author":{"gitId":"xiaorui-ui"},"content":"    }","lastModifiedDate":"2024-01-31"},{"lineNumber":11,"author":{"gitId":"xiaorui-ui"},"content":"","lastModifiedDate":"2024-01-31"},{"lineNumber":12,"author":{"gitId":"xiaorui-ui"},"content":"    @Override","lastModifiedDate":"2024-01-23"},{"lineNumber":13,"author":{"gitId":"xiaorui-ui"},"content":"    public String toString() {","lastModifiedDate":"2024-01-23"},{"lineNumber":14,"author":{"gitId":"xiaorui-ui"},"content":"        return \"[T]\" + super.toString();","lastModifiedDate":"2024-01-23"},{"lineNumber":15,"author":{"gitId":"xiaorui-ui"},"content":"    }","lastModifiedDate":"2024-01-23"},{"lineNumber":16,"author":{"gitId":"xiaorui-ui"},"content":"}","lastModifiedDate":"2024-01-23"}],"authorContributionMap":{"xiaorui-ui":16}},{"path":"text-ui-test/data/dune.txt","fileType":"txt","lines":[{"lineNumber":1,"author":{"gitId":"xiaorui-ui"},"content":"E|0|this|5-nights at Freddie\u0027s","lastModifiedDate":"2024-02-01"},{"lineNumber":2,"author":{"gitId":"xiaorui-ui"},"content":"D|1|well|4/2/0 9:11pm","lastModifiedDate":"2024-02-01"}],"authorContributionMap":{"xiaorui-ui":2}},{"path":"text-ui-test/input.txt","fileType":"txt","lines":[{"lineNumber":1,"author":{"gitId":"xiaorui-ui"},"content":"john","lastModifiedDate":"2024-01-23"},{"lineNumber":2,"author":{"gitId":"xiaorui-ui"},"content":"list","lastModifiedDate":"2024-01-23"},{"lineNumber":3,"author":{"gitId":"xiaorui-ui"},"content":"mark 1","lastModifiedDate":"2024-01-23"},{"lineNumber":4,"author":{"gitId":"xiaorui-ui"},"content":"event this /from 5 /to nights at Freddie\u0027s","lastModifiedDate":"2024-01-23"},{"lineNumber":5,"author":{"gitId":"xiaorui-ui"},"content":"deadline well /by 4/2/0 9:11pm","lastModifiedDate":"2024-01-23"},{"lineNumber":6,"author":{"gitId":"xiaorui-ui"},"content":"todo thisndat","lastModifiedDate":"2024-01-23"},{"lineNumber":7,"author":{"gitId":"xiaorui-ui"},"content":"mark 0","lastModifiedDate":"2024-01-23"},{"lineNumber":8,"author":{"gitId":"xiaorui-ui"},"content":"mark 2","lastModifiedDate":"2024-01-23"},{"lineNumber":9,"author":{"gitId":"xiaorui-ui"},"content":"mark 4","lastModifiedDate":"2024-01-23"},{"lineNumber":10,"author":{"gitId":"xiaorui-ui"},"content":"list","lastModifiedDate":"2024-01-23"},{"lineNumber":11,"author":{"gitId":"xiaorui-ui"},"content":"mark","lastModifiedDate":"2024-01-23"},{"lineNumber":12,"author":{"gitId":"xiaorui-ui"},"content":"event john /to 9 /from7","lastModifiedDate":"2024-01-23"},{"lineNumber":13,"author":{"gitId":"xiaorui-ui"},"content":"event john /from 6/to 7/to 9","lastModifiedDate":"2024-01-23"},{"lineNumber":14,"author":{"gitId":"xiaorui-ui"},"content":"delete ","lastModifiedDate":"2024-01-24"},{"lineNumber":15,"author":{"gitId":"xiaorui-ui"},"content":"delete 69","lastModifiedDate":"2024-01-24"},{"lineNumber":16,"author":{"gitId":"xiaorui-ui"},"content":"deletejjlin","lastModifiedDate":"2024-01-24"},{"lineNumber":17,"author":{"gitId":"xiaorui-ui"},"content":"delete3","lastModifiedDate":"2024-01-24"},{"lineNumber":18,"author":{"gitId":"xiaorui-ui"},"content":"bye","lastModifiedDate":"2024-01-23"},{"lineNumber":19,"author":{"gitId":"xiaorui-ui"},"content":"","lastModifiedDate":"2024-01-23"}],"authorContributionMap":{"xiaorui-ui":19}},{"path":"text-ui-test/runtest.bat","fileType":"bat","lines":[{"lineNumber":1,"author":{"gitId":"-"},"content":"@ECHO OFF","lastModifiedDate":"2020-05-25"},{"lineNumber":2,"author":{"gitId":"-"},"content":"","lastModifiedDate":"2020-05-25"},{"lineNumber":3,"author":{"gitId":"-"},"content":"REM create bin directory if it doesn\u0027t exist","lastModifiedDate":"2020-05-25"},{"lineNumber":4,"author":{"gitId":"-"},"content":"if not exist ..\\bin mkdir ..\\bin","lastModifiedDate":"2020-05-25"},{"lineNumber":5,"author":{"gitId":"-"},"content":"","lastModifiedDate":"2020-05-25"},{"lineNumber":6,"author":{"gitId":"-"},"content":"REM delete output from previous run","lastModifiedDate":"2020-05-25"},{"lineNumber":7,"author":{"gitId":"-"},"content":"if exist ACTUAL.TXT del ACTUAL.TXT","lastModifiedDate":"2020-08-25"},{"lineNumber":8,"author":{"gitId":"-"},"content":"","lastModifiedDate":"2020-05-25"},{"lineNumber":9,"author":{"gitId":"-"},"content":"REM compile the code into the bin folder","lastModifiedDate":"2020-05-25"},{"lineNumber":10,"author":{"gitId":"-"},"content":"javac  -cp ..\\src\\main\\java -Xlint:none -d ..\\bin ..\\src\\main\\java\\*.java","lastModifiedDate":"2020-08-25"},{"lineNumber":11,"author":{"gitId":"-"},"content":"IF ERRORLEVEL 1 (","lastModifiedDate":"2020-05-25"},{"lineNumber":12,"author":{"gitId":"-"},"content":"    echo ********** BUILD FAILURE **********","lastModifiedDate":"2020-05-25"},{"lineNumber":13,"author":{"gitId":"-"},"content":"    exit /b 1","lastModifiedDate":"2020-05-25"},{"lineNumber":14,"author":{"gitId":"-"},"content":")","lastModifiedDate":"2020-05-25"},{"lineNumber":15,"author":{"gitId":"-"},"content":"REM no error here, errorlevel \u003d\u003d 0","lastModifiedDate":"2020-05-25"},{"lineNumber":16,"author":{"gitId":"-"},"content":"","lastModifiedDate":"2020-05-25"},{"lineNumber":17,"author":{"gitId":"-"},"content":"REM run the program, feed commands from input.txt file and redirect the output to the ACTUAL.TXT","lastModifiedDate":"2020-05-25"},{"lineNumber":18,"author":{"gitId":"xiaorui-ui"},"content":"java -classpath ..\\bin dune.Dune \u003c input.txt \u003e ACTUAL.TXT","lastModifiedDate":"2024-02-02"},{"lineNumber":19,"author":{"gitId":"-"},"content":"","lastModifiedDate":"2020-05-25"},{"lineNumber":20,"author":{"gitId":"-"},"content":"REM compare the output to the expected output","lastModifiedDate":"2020-05-25"},{"lineNumber":21,"author":{"gitId":"-"},"content":"FC ACTUAL.TXT EXPECTED.TXT","lastModifiedDate":"2020-05-25"}],"authorContributionMap":{"xiaorui-ui":1,"-":20}}]
