{"authorDailyContributionsMap":{"R-Laksh":[{"date":"2024-01-24","commitResults":[{"hash":"0c15365d9bc4bfa90b8bdf0eeb02dfd11aa6c860","isMergeCommit":false,"messageTitle":" implemented level 1","messageBody":"","tags":["level-0","Level-1"],"fileTypesAndContributionMap":{"java":{"insertions":18,"deletions":6}}},{"hash":"5d16dc9c5f7dbe59abed35919218636ce60e0db1","isMergeCommit":false,"messageTitle":"Add,List","messageBody":"","tags":["Level-2"],"fileTypesAndContributionMap":{"java":{"insertions":23,"deletions":1}}},{"hash":"1fd5ba06d7b30bd0e6a7d305863712774b137018","isMergeCommit":false,"messageTitle":"fixed formatting","messageBody":"","fileTypesAndContributionMap":{"java":{"insertions":5,"deletions":4}}},{"hash":"6915000d21308a24e88cf74a2c3ff600cbaf3eb7","isMergeCommit":false,"messageTitle":"added TaskList class","messageBody":"","fileTypesAndContributionMap":{"java":{"insertions":84,"deletions":45}}}]},{"date":"2024-01-25","commitResults":[{"hash":"a5ad689d81f45a43e07cb19dac7afad84abef6a4","isMergeCommit":false,"messageTitle":"implemented v3.0","messageBody":"","tags":["Level-3"],"fileTypesAndContributionMap":{"java":{"insertions":28,"deletions":1}}},{"hash":"bcfa900126c9cf16a28a13c1b13de77593de45bb","isMergeCommit":false,"messageTitle":"added Deadline, Event, and Todo","messageBody":"","fileTypesAndContributionMap":{"java":{"insertions":37,"deletions":0}}},{"hash":"8e29fc46ab16286c37dca5400207cb21f25b879e","isMergeCommit":false,"messageTitle":"implemented v4.0","messageBody":"","tags":["Level-4"],"fileTypesAndContributionMap":{"java":{"insertions":26,"deletions":5}}},{"hash":"753207b7553381c35e8dbd60e6e46c361760332e","isMergeCommit":false,"messageTitle":"implemented A-TextUiTesting","messageBody":"","tags":["A-TextUiTesting"],"fileTypesAndContributionMap":{"txt":{"insertions":13,"deletions":0},"bat":{"insertions":1,"deletions":1}}},{"hash":"12fe0f19363ef7f6d633b4d2892f5172d4258f6b","isMergeCommit":false,"messageTitle":"implemented v5.0","messageBody":"","tags":["Level-5"],"fileTypesAndContributionMap":{"java":{"insertions":49,"deletions":37}}},{"hash":"2ff5272cce0d13621f89a6a3a14ca2acb3a8c64b","isMergeCommit":false,"messageTitle":"implemented v5.0","messageBody":"","tags":["Level-6"],"fileTypesAndContributionMap":{"java":{"insertions":15,"deletions":3}}}]},{"date":"2024-01-30","commitResults":[{"hash":"d394aa481af52ba3f270f795de1bdefcd942907d","isMergeCommit":false,"messageTitle":"Add ability to save tasks","messageBody":"","fileTypesAndContributionMap":{"txt":{"insertions":2,"deletions":0},"java":{"insertions":69,"deletions":10}}},{"hash":"a55a2937f4d2c4d1ba9d317034ae8b78e9893ce2","isMergeCommit":false,"messageTitle":"Add a read feature for Todos","messageBody":"The commit adds the ability to recover saved todo lists from past runs\nto ensure that users can keep track of tasks\n\nAchieved by adding a method to TaskList class to read the saved txt file\nand parse it to recover todos\n","tags":["Level-7"],"fileTypesAndContributionMap":{"txt":{"insertions":2,"deletions":1},"java":{"insertions":44,"deletions":0}}}]},{"date":"2024-01-31","commitResults":[{"hash":"27002ff1386b9252bc01b76b1332a38ee77b04dc","isMergeCommit":false,"messageTitle":"Add LocalDate for tasks","messageBody":"Local date enables a more accurate representation of time for tasks and\nminimises unexpected behaviour compared to using a string. The Deadline\nand Event classes now take a LocalTime object in their constructor\n","tags":["Level-8"],"fileTypesAndContributionMap":{"txt":{"insertions":5,"deletions":2},"java":{"insertions":40,"deletions":28}}}]},{"date":"2024-02-01","commitResults":[{"hash":"aa17f652f2b76a8ab5ae52a3397a35aa7fe235d1","isMergeCommit":false,"messageTitle":"Add Implementation for UI and Parser classes","messageBody":"Current implementation of Quacky does not abide by the single responsibility principle. Hence the parsing logic is abstracted to the Parser class and the printed messages are abstracted to the UI class\n","fileTypesAndContributionMap":{"txt":{"insertions":0,"deletions":3},"java":{"insertions":331,"deletions":73}}},{"hash":"8d5154b148798ab5a94110baf0017ce3c80be9ff","isMergeCommit":false,"messageTitle":"Implement Storage class Currently Tasklist also has the behaviour of saving and loading. Storage class is implemented to handle file reading and writing for previous runs","messageBody":"","tags":["A-MoreOOP"],"fileTypesAndContributionMap":{"java":{"insertions":3,"deletions":6}}},{"hash":"7e666737561986d4e57ed181f999c25a641a8d44","isMergeCommit":false,"messageTitle":"Organise into Package","messageBody":"","tags":["A-Packages"],"fileTypesAndContributionMap":{"java":{"insertions":27,"deletions":10},"bat":{"insertions":1,"deletions":1}}}]},{"date":"2024-02-02","commitResults":[{"hash":"d09057884bed3071b35940231a0f18f94cee3177","isMergeCommit":true,"messageTitle":"Merge branch \u0027add-gradle-support\u0027","messageBody":"","tags":["A-Gradle"],"fileTypesAndContributionMap":{}},{"hash":"73fa5666f112390ffb19b13ee310b3d9137532c8","isMergeCommit":false,"messageTitle":"Add JUnit Tests","messageBody":"","tags":["v0.1","A-Jar","A-JUnit"],"fileTypesAndContributionMap":{"gradle":{"insertions":1,"deletions":1},"txt":{"insertions":0,"deletions":2},"java":{"insertions":70,"deletions":11}}},{"hash":"49741967dd2321a4c35f6305f1131ba7f192fcbb","isMergeCommit":false,"messageTitle":"Add javadocs for Quacky and Task class","messageBody":"","fileTypesAndContributionMap":{"gradle":{"insertions":2,"deletions":2},"java":{"insertions":34,"deletions":1}}},{"hash":"c1471953ea45937f68f3241c13447af87ed052d5","isMergeCommit":false,"messageTitle":"Add javadocs for all methods","messageBody":"","fileTypesAndContributionMap":{"java":{"insertions":119,"deletions":61}}},{"hash":"87f268c6fb62a076c480f2a6ae7cba65ce2dc60d","isMergeCommit":false,"messageTitle":"Follow Coding Standard","messageBody":"","fileTypesAndContributionMap":{"java":{"insertions":176,"deletions":151},"bat":{"insertions":1,"deletions":1}}},{"hash":"51fa7442d94995113901d5ecb55bb64e8e751cb9","isMergeCommit":false,"messageTitle":"Add find feature","messageBody":"","fileTypesAndContributionMap":{"java":{"insertions":25,"deletions":1}}},{"hash":"983395940078a52cdb16fcbdc1b8d7ae5199f38d","isMergeCommit":true,"messageTitle":"fixed merge conflicts","messageBody":"","tags":["branch-A-CodingStandard","A-CodingStandard"],"fileTypesAndContributionMap":{}},{"hash":"53dc438c347803a292e340fdbe13051030823234","isMergeCommit":true,"messageTitle":"merge find into main","messageBody":"","tags":["c147195","Level-9","A-JavaDoc"],"fileTypesAndContributionMap":{}}]},{"date":"2024-02-07","commitResults":[{"hash":"4ad8ec09a274c2888601ab5f37b4186c3b747d71","isMergeCommit":false,"messageTitle":"Fix deleted TaskList class","messageBody":"","fileTypesAndContributionMap":{"java":{"insertions":138,"deletions":0}}},{"hash":"847dcc9a2ced497b1bf241e14daeec11187534b2","isMergeCommit":false,"messageTitle":"Add checkstyle","messageBody":"","fileTypesAndContributionMap":{"gradle":{"insertions":20,"deletions":0},"java":{"insertions":80,"deletions":82}}},{"hash":"083a2ac3f4b116552d67b197418ff1f2c4455716","isMergeCommit":false,"messageTitle":"Add basic GUI","messageBody":"","fileTypesAndContributionMap":{"fxml":{"insertions":39,"deletions":0},"java":{"insertions":206,"deletions":43}}},{"hash":"3b834b4511b01f742d6765014888181b26f6a458","isMergeCommit":false,"messageTitle":"Allow GUI to save tasks","messageBody":"","tags":["Level-10"],"fileTypesAndContributionMap":{"txt":{"insertions":1,"deletions":0},"fxml":{"insertions":2,"deletions":2},"java":{"insertions":25,"deletions":3}}}]}]},"authorFileTypeContributionMap":{"R-Laksh":{"java":940,"md":0,"fxml":39,"sh":0,"bat":1,"gradle":22,"txt":15}},"authorContributionVariance":{"R-Laksh":43848.4},"authorDisplayNameMap":{"R-Laksh":"CS2103T-F13-4 RAMU..ANAN"}}
