[{"path":"src/main/java/Deadline.java","fileType":"java","lines":[{"lineNumber":1,"author":{"gitId":"HongRay"},"content":"public class Deadline extends Task{","lastModifiedDate":"2024-01-22"},{"lineNumber":2,"author":{"gitId":"HongRay"},"content":"    protected String by;","lastModifiedDate":"2024-01-22"},{"lineNumber":3,"author":{"gitId":"HongRay"},"content":"","lastModifiedDate":"2024-01-22"},{"lineNumber":4,"author":{"gitId":"HongRay"},"content":"    public Deadline(String description, String by) {","lastModifiedDate":"2024-01-22"},{"lineNumber":5,"author":{"gitId":"HongRay"},"content":"        super(description);","lastModifiedDate":"2024-01-22"},{"lineNumber":6,"author":{"gitId":"HongRay"},"content":"        this.by \u003d by;","lastModifiedDate":"2024-01-22"},{"lineNumber":7,"author":{"gitId":"HongRay"},"content":"    }","lastModifiedDate":"2024-01-22"},{"lineNumber":8,"author":{"gitId":"HongRay"},"content":"","lastModifiedDate":"2024-01-22"},{"lineNumber":9,"author":{"gitId":"HongRay"},"content":"    @Override","lastModifiedDate":"2024-01-22"},{"lineNumber":10,"author":{"gitId":"HongRay"},"content":"    public String toString() {","lastModifiedDate":"2024-01-22"},{"lineNumber":11,"author":{"gitId":"HongRay"},"content":"        return \"[D]\" + super.toString() + \" (by: \" + by + \")\";","lastModifiedDate":"2024-01-22"},{"lineNumber":12,"author":{"gitId":"HongRay"},"content":"    }","lastModifiedDate":"2024-01-22"},{"lineNumber":13,"author":{"gitId":"HongRay"},"content":"}","lastModifiedDate":"2024-01-22"}],"authorContributionMap":{"HongRay":13}},{"path":"src/main/java/Event.java","fileType":"java","lines":[{"lineNumber":1,"author":{"gitId":"HongRay"},"content":"public class Event extends Task{","lastModifiedDate":"2024-01-22"},{"lineNumber":2,"author":{"gitId":"HongRay"},"content":"    protected String start;","lastModifiedDate":"2024-01-22"},{"lineNumber":3,"author":{"gitId":"HongRay"},"content":"    protected String end;","lastModifiedDate":"2024-01-22"},{"lineNumber":4,"author":{"gitId":"HongRay"},"content":"","lastModifiedDate":"2024-01-22"},{"lineNumber":5,"author":{"gitId":"HongRay"},"content":"    public Event (String description, String start, String end) {","lastModifiedDate":"2024-01-22"},{"lineNumber":6,"author":{"gitId":"HongRay"},"content":"        super(description);","lastModifiedDate":"2024-01-22"},{"lineNumber":7,"author":{"gitId":"HongRay"},"content":"        this.start \u003d start;","lastModifiedDate":"2024-01-22"},{"lineNumber":8,"author":{"gitId":"HongRay"},"content":"        this.end \u003d end;","lastModifiedDate":"2024-01-22"},{"lineNumber":9,"author":{"gitId":"HongRay"},"content":"    }","lastModifiedDate":"2024-01-22"},{"lineNumber":10,"author":{"gitId":"HongRay"},"content":"","lastModifiedDate":"2024-01-22"},{"lineNumber":11,"author":{"gitId":"HongRay"},"content":"    @Override","lastModifiedDate":"2024-01-22"},{"lineNumber":12,"author":{"gitId":"HongRay"},"content":"    public String toString() {","lastModifiedDate":"2024-01-22"},{"lineNumber":13,"author":{"gitId":"HongRay"},"content":"        return \"[E]\" + super.toString() + \" (from: \" + start + \" to: \" + end + \")\";","lastModifiedDate":"2024-01-22"},{"lineNumber":14,"author":{"gitId":"HongRay"},"content":"    }","lastModifiedDate":"2024-01-22"},{"lineNumber":15,"author":{"gitId":"HongRay"},"content":"}","lastModifiedDate":"2024-01-22"}],"authorContributionMap":{"HongRay":15}},{"path":"src/main/java/Handler.java","fileType":"java","lines":[{"lineNumber":1,"author":{"gitId":"HongRay"},"content":"public class Handler {","lastModifiedDate":"2024-01-24"},{"lineNumber":2,"author":{"gitId":"HongRay"},"content":"    public static void handleDelete(String[] parts, TaskList taskList, String dash) throws JayneException {","lastModifiedDate":"2024-01-24"},{"lineNumber":3,"author":{"gitId":"HongRay"},"content":"        if (parts.length \u003c 2) {","lastModifiedDate":"2024-01-24"},{"lineNumber":4,"author":{"gitId":"HongRay"},"content":"            throw JayneException.deleteEmptyException();","lastModifiedDate":"2024-01-24"},{"lineNumber":5,"author":{"gitId":"HongRay"},"content":"        }","lastModifiedDate":"2024-01-24"},{"lineNumber":6,"author":{"gitId":"HongRay"},"content":"        try {","lastModifiedDate":"2024-01-24"},{"lineNumber":7,"author":{"gitId":"HongRay"},"content":"            int taskNumber \u003d Integer.parseInt(parts[1]);","lastModifiedDate":"2024-01-24"},{"lineNumber":8,"author":{"gitId":"HongRay"},"content":"            if (taskNumber \u003c\u003d 0 || taskNumber \u003e taskList.getTaskCount()) {","lastModifiedDate":"2024-01-24"},{"lineNumber":9,"author":{"gitId":"HongRay"},"content":"                throw JayneException.deleteExistException(taskNumber);","lastModifiedDate":"2024-01-24"},{"lineNumber":10,"author":{"gitId":"HongRay"},"content":"            }","lastModifiedDate":"2024-01-24"},{"lineNumber":11,"author":{"gitId":"HongRay"},"content":"            Task removedTask \u003d taskList.deleteTask(taskNumber);","lastModifiedDate":"2024-01-24"},{"lineNumber":12,"author":{"gitId":"HongRay"},"content":"            System.out.println(dash + \"\\nNoted. I\u0027ve removed this task:\\n  \" + removedTask + \"\\nNow you have \" + taskList.getTaskCount() + \" tasks in the list.\\n\" + dash);","lastModifiedDate":"2024-01-24"},{"lineNumber":13,"author":{"gitId":"HongRay"},"content":"        } catch (NumberFormatException e) {","lastModifiedDate":"2024-01-24"},{"lineNumber":14,"author":{"gitId":"HongRay"},"content":"            throw JayneException.deleteInvalidException();","lastModifiedDate":"2024-01-24"},{"lineNumber":15,"author":{"gitId":"HongRay"},"content":"        }","lastModifiedDate":"2024-01-24"},{"lineNumber":16,"author":{"gitId":"HongRay"},"content":"    }","lastModifiedDate":"2024-01-24"},{"lineNumber":17,"author":{"gitId":"HongRay"},"content":"    public static void handleUnmark(String[] parts, TaskList taskList, String dash) throws JayneException {","lastModifiedDate":"2024-01-24"},{"lineNumber":18,"author":{"gitId":"HongRay"},"content":"        if (parts.length \u003c 2) {","lastModifiedDate":"2024-01-24"},{"lineNumber":19,"author":{"gitId":"HongRay"},"content":"            throw JayneException.unmarkEmptyException();","lastModifiedDate":"2024-01-24"},{"lineNumber":20,"author":{"gitId":"HongRay"},"content":"        }","lastModifiedDate":"2024-01-24"},{"lineNumber":21,"author":{"gitId":"HongRay"},"content":"        try {","lastModifiedDate":"2024-01-24"},{"lineNumber":22,"author":{"gitId":"HongRay"},"content":"            int taskNumber \u003d Integer.parseInt(parts[1]);","lastModifiedDate":"2024-01-24"},{"lineNumber":23,"author":{"gitId":"HongRay"},"content":"            if (taskNumber \u003c\u003d 0 || taskNumber \u003e taskList.getTaskCount()) {","lastModifiedDate":"2024-01-24"},{"lineNumber":24,"author":{"gitId":"HongRay"},"content":"                throw JayneException.unmarkTaskExistException(taskNumber);","lastModifiedDate":"2024-01-24"},{"lineNumber":25,"author":{"gitId":"HongRay"},"content":"            }","lastModifiedDate":"2024-01-24"},{"lineNumber":26,"author":{"gitId":"HongRay"},"content":"            taskList.markTaskAsNotDone(taskNumber);","lastModifiedDate":"2024-01-24"},{"lineNumber":27,"author":{"gitId":"HongRay"},"content":"            System.out.println(dash + \"\\nOK, I\u0027ve marked this task as not done yet:\\n  \" + taskList.getTask(taskNumber) + \"\\n\" + dash);","lastModifiedDate":"2024-01-24"},{"lineNumber":28,"author":{"gitId":"HongRay"},"content":"        } catch (NumberFormatException e) {","lastModifiedDate":"2024-01-24"},{"lineNumber":29,"author":{"gitId":"HongRay"},"content":"            throw JayneException.unmarkException();","lastModifiedDate":"2024-01-24"},{"lineNumber":30,"author":{"gitId":"HongRay"},"content":"        }","lastModifiedDate":"2024-01-24"},{"lineNumber":31,"author":{"gitId":"HongRay"},"content":"    }","lastModifiedDate":"2024-01-24"},{"lineNumber":32,"author":{"gitId":"HongRay"},"content":"","lastModifiedDate":"2024-01-24"},{"lineNumber":33,"author":{"gitId":"HongRay"},"content":"    public static void handleDeadline(String[] parts, TaskList taskList, String dash) throws JayneException {","lastModifiedDate":"2024-01-24"},{"lineNumber":34,"author":{"gitId":"HongRay"},"content":"        if (parts.length \u003c 2 || parts[1].isEmpty()) {","lastModifiedDate":"2024-01-24"},{"lineNumber":35,"author":{"gitId":"HongRay"},"content":"            throw new JayneException(\"The description of a deadline cannot be empty.\");","lastModifiedDate":"2024-01-24"},{"lineNumber":36,"author":{"gitId":"HongRay"},"content":"        }","lastModifiedDate":"2024-01-24"},{"lineNumber":37,"author":{"gitId":"HongRay"},"content":"        String[] deadlineParts \u003d parts[1].split(\" /by \", 2);","lastModifiedDate":"2024-01-24"},{"lineNumber":38,"author":{"gitId":"HongRay"},"content":"        if (deadlineParts.length \u003c 2 || deadlineParts[1].isEmpty()) {","lastModifiedDate":"2024-01-24"},{"lineNumber":39,"author":{"gitId":"HongRay"},"content":"            throw JayneException.deadlineException();","lastModifiedDate":"2024-01-24"},{"lineNumber":40,"author":{"gitId":"HongRay"},"content":"        }","lastModifiedDate":"2024-01-24"},{"lineNumber":41,"author":{"gitId":"HongRay"},"content":"        Deadline newDeadline \u003d new Deadline(deadlineParts[0], deadlineParts[1]);","lastModifiedDate":"2024-01-24"},{"lineNumber":42,"author":{"gitId":"HongRay"},"content":"        taskList.addTask(newDeadline);","lastModifiedDate":"2024-01-24"},{"lineNumber":43,"author":{"gitId":"HongRay"},"content":"        System.out.println(dash + \"\\nGot it. I\u0027ve added this task:\");","lastModifiedDate":"2024-01-24"},{"lineNumber":44,"author":{"gitId":"HongRay"},"content":"        System.out.println(\"  \" + newDeadline);","lastModifiedDate":"2024-01-24"},{"lineNumber":45,"author":{"gitId":"HongRay"},"content":"        System.out.println(\"Now you have \" + taskList.getTaskCount() + \" tasks in the list.\" + \"\\n\" + dash);","lastModifiedDate":"2024-01-24"},{"lineNumber":46,"author":{"gitId":"HongRay"},"content":"    }","lastModifiedDate":"2024-01-24"},{"lineNumber":47,"author":{"gitId":"HongRay"},"content":"","lastModifiedDate":"2024-01-24"},{"lineNumber":48,"author":{"gitId":"HongRay"},"content":"    public static void handleTodo(String[] parts, TaskList taskList, String dash) throws JayneException {","lastModifiedDate":"2024-01-24"},{"lineNumber":49,"author":{"gitId":"HongRay"},"content":"        if (parts.length \u003c 2 || parts[1].isEmpty()) {","lastModifiedDate":"2024-01-24"},{"lineNumber":50,"author":{"gitId":"HongRay"},"content":"            throw JayneException.todoException();","lastModifiedDate":"2024-01-24"},{"lineNumber":51,"author":{"gitId":"HongRay"},"content":"        }","lastModifiedDate":"2024-01-24"},{"lineNumber":52,"author":{"gitId":"HongRay"},"content":"        Todo newTodo \u003d new Todo(parts[1]);","lastModifiedDate":"2024-01-24"},{"lineNumber":53,"author":{"gitId":"HongRay"},"content":"        taskList.addTask(newTodo);","lastModifiedDate":"2024-01-24"},{"lineNumber":54,"author":{"gitId":"HongRay"},"content":"        System.out.println(dash + \"\\nGot it. I\u0027ve added this task:\");","lastModifiedDate":"2024-01-24"},{"lineNumber":55,"author":{"gitId":"HongRay"},"content":"        System.out.println(\"  \" + newTodo);","lastModifiedDate":"2024-01-24"},{"lineNumber":56,"author":{"gitId":"HongRay"},"content":"        System.out.println(\"Now you have \" + taskList.getTaskCount() + \" tasks in the list.\" + \"\\n\"  + dash);","lastModifiedDate":"2024-01-24"},{"lineNumber":57,"author":{"gitId":"HongRay"},"content":"    }","lastModifiedDate":"2024-01-24"},{"lineNumber":58,"author":{"gitId":"HongRay"},"content":"","lastModifiedDate":"2024-01-24"},{"lineNumber":59,"author":{"gitId":"HongRay"},"content":"    public static void handleEvent(String[] parts, TaskList taskList, String dash) throws JayneException {","lastModifiedDate":"2024-01-24"},{"lineNumber":60,"author":{"gitId":"HongRay"},"content":"        if (parts.length \u003c 2 || parts[1].isEmpty()) {","lastModifiedDate":"2024-01-24"},{"lineNumber":61,"author":{"gitId":"HongRay"},"content":"            throw JayneException.emptyEventException();","lastModifiedDate":"2024-01-24"},{"lineNumber":62,"author":{"gitId":"HongRay"},"content":"        }","lastModifiedDate":"2024-01-24"},{"lineNumber":63,"author":{"gitId":"HongRay"},"content":"        String[] eventParts \u003d parts[1].split(\" /from \", 2);","lastModifiedDate":"2024-01-24"},{"lineNumber":64,"author":{"gitId":"HongRay"},"content":"        if (eventParts.length \u003c 2 || eventParts[1].isEmpty()) {","lastModifiedDate":"2024-01-24"},{"lineNumber":65,"author":{"gitId":"HongRay"},"content":"            throw JayneException.eventStartException();","lastModifiedDate":"2024-01-24"},{"lineNumber":66,"author":{"gitId":"HongRay"},"content":"        }","lastModifiedDate":"2024-01-24"},{"lineNumber":67,"author":{"gitId":"HongRay"},"content":"        String[] times \u003d eventParts[1].split(\" /to \", 2);","lastModifiedDate":"2024-01-24"},{"lineNumber":68,"author":{"gitId":"HongRay"},"content":"        if (times.length \u003c 2 || times[1].isEmpty()) {","lastModifiedDate":"2024-01-24"},{"lineNumber":69,"author":{"gitId":"HongRay"},"content":"            throw JayneException.eventEndException();","lastModifiedDate":"2024-01-24"},{"lineNumber":70,"author":{"gitId":"HongRay"},"content":"        }","lastModifiedDate":"2024-01-24"},{"lineNumber":71,"author":{"gitId":"HongRay"},"content":"        Event newEvent \u003d new Event(eventParts[0], times[0], times[1]);","lastModifiedDate":"2024-01-24"},{"lineNumber":72,"author":{"gitId":"HongRay"},"content":"        taskList.addTask(newEvent);","lastModifiedDate":"2024-01-24"},{"lineNumber":73,"author":{"gitId":"HongRay"},"content":"        System.out.println(dash + \"\\nGot it. I\u0027ve added this task:\");","lastModifiedDate":"2024-01-24"},{"lineNumber":74,"author":{"gitId":"HongRay"},"content":"        System.out.println(\"  \" + newEvent);","lastModifiedDate":"2024-01-24"},{"lineNumber":75,"author":{"gitId":"HongRay"},"content":"        System.out.println(\"Now you have \" + taskList.getTaskCount() + \" tasks in the list.\" + \"\\n\" + dash);","lastModifiedDate":"2024-01-24"},{"lineNumber":76,"author":{"gitId":"HongRay"},"content":"    }","lastModifiedDate":"2024-01-24"},{"lineNumber":77,"author":{"gitId":"HongRay"},"content":"","lastModifiedDate":"2024-01-24"},{"lineNumber":78,"author":{"gitId":"HongRay"},"content":"    public static void handleMark(String[] parts, TaskList taskList, String dash) throws JayneException {","lastModifiedDate":"2024-01-24"},{"lineNumber":79,"author":{"gitId":"HongRay"},"content":"        if (parts.length \u003c 2) {","lastModifiedDate":"2024-01-24"},{"lineNumber":80,"author":{"gitId":"HongRay"},"content":"            throw JayneException.markEmptyException();","lastModifiedDate":"2024-01-24"},{"lineNumber":81,"author":{"gitId":"HongRay"},"content":"        }","lastModifiedDate":"2024-01-24"},{"lineNumber":82,"author":{"gitId":"HongRay"},"content":"        try {","lastModifiedDate":"2024-01-24"},{"lineNumber":83,"author":{"gitId":"HongRay"},"content":"            int taskNumber \u003d Integer.parseInt(parts[1]);","lastModifiedDate":"2024-01-24"},{"lineNumber":84,"author":{"gitId":"HongRay"},"content":"            if (taskNumber \u003c\u003d 0 || taskNumber \u003e taskList.getTaskCount()) {","lastModifiedDate":"2024-01-24"},{"lineNumber":85,"author":{"gitId":"HongRay"},"content":"                throw JayneException.markTaskExistException(taskNumber);","lastModifiedDate":"2024-01-24"},{"lineNumber":86,"author":{"gitId":"HongRay"},"content":"            }","lastModifiedDate":"2024-01-24"},{"lineNumber":87,"author":{"gitId":"HongRay"},"content":"            taskList.markTaskAsDone(taskNumber);","lastModifiedDate":"2024-01-24"},{"lineNumber":88,"author":{"gitId":"HongRay"},"content":"            System.out.println(dash + \"\\nNice! I\u0027ve marked this task as done:\\n  \" + taskList.getTask(taskNumber) + \"\\n\" + dash);","lastModifiedDate":"2024-01-24"},{"lineNumber":89,"author":{"gitId":"HongRay"},"content":"        } catch (NumberFormatException e) {","lastModifiedDate":"2024-01-24"},{"lineNumber":90,"author":{"gitId":"HongRay"},"content":"            throw JayneException.markInvalidTaskException();","lastModifiedDate":"2024-01-24"},{"lineNumber":91,"author":{"gitId":"HongRay"},"content":"        }","lastModifiedDate":"2024-01-24"},{"lineNumber":92,"author":{"gitId":"HongRay"},"content":"    }","lastModifiedDate":"2024-01-24"},{"lineNumber":93,"author":{"gitId":"HongRay"},"content":"","lastModifiedDate":"2024-01-24"},{"lineNumber":94,"author":{"gitId":"HongRay"},"content":"    public static void handleBye(String dash) {","lastModifiedDate":"2024-01-24"},{"lineNumber":95,"author":{"gitId":"HongRay"},"content":"        System.out.println(dash);","lastModifiedDate":"2024-01-24"},{"lineNumber":96,"author":{"gitId":"HongRay"},"content":"        System.out.println(\"Bye. Hope to see you again soon!\");","lastModifiedDate":"2024-01-24"},{"lineNumber":97,"author":{"gitId":"HongRay"},"content":"        System.out.println(dash);","lastModifiedDate":"2024-01-24"},{"lineNumber":98,"author":{"gitId":"HongRay"},"content":"    }","lastModifiedDate":"2024-01-24"},{"lineNumber":99,"author":{"gitId":"HongRay"},"content":"","lastModifiedDate":"2024-01-24"},{"lineNumber":100,"author":{"gitId":"HongRay"},"content":"    public static void handleList(TaskList taskList, String dash) {","lastModifiedDate":"2024-01-24"},{"lineNumber":101,"author":{"gitId":"HongRay"},"content":"        System.out.println(dash);","lastModifiedDate":"2024-01-24"},{"lineNumber":102,"author":{"gitId":"HongRay"},"content":"        taskList.display();","lastModifiedDate":"2024-01-24"},{"lineNumber":103,"author":{"gitId":"HongRay"},"content":"        System.out.println(dash);","lastModifiedDate":"2024-01-24"},{"lineNumber":104,"author":{"gitId":"HongRay"},"content":"    }","lastModifiedDate":"2024-01-24"},{"lineNumber":105,"author":{"gitId":"HongRay"},"content":"}","lastModifiedDate":"2024-01-24"}],"authorContributionMap":{"HongRay":105}},{"path":"src/main/java/Jayne.java","fileType":"java","lines":[{"lineNumber":1,"author":{"gitId":"HongRay"},"content":"import java.util.Scanner;","lastModifiedDate":"2024-01-22"},{"lineNumber":2,"author":{"gitId":"HongRay"},"content":"","lastModifiedDate":"2024-01-24"},{"lineNumber":3,"author":{"gitId":"HongRay"},"content":"public class Jayne {","lastModifiedDate":"2024-01-22"},{"lineNumber":4,"author":{"gitId":"HongRay"},"content":"    public static void main(String[] args) {","lastModifiedDate":"2024-01-22"},{"lineNumber":5,"author":{"gitId":"HongRay"},"content":"        Scanner scanner \u003d new Scanner(System.in);","lastModifiedDate":"2024-01-22"},{"lineNumber":6,"author":{"gitId":"HongRay"},"content":"        String dash \u003d \"___________________________________\";","lastModifiedDate":"2024-01-22"},{"lineNumber":7,"author":{"gitId":"HongRay"},"content":"        System.out.println(dash);","lastModifiedDate":"2024-01-22"},{"lineNumber":8,"author":{"gitId":"HongRay"},"content":"        System.out.println(\"Hello, I\u0027m Jayne\");","lastModifiedDate":"2024-01-22"},{"lineNumber":9,"author":{"gitId":"HongRay"},"content":"        System.out.println(\"What can I do for you?\\n\" + dash);","lastModifiedDate":"2024-01-22"},{"lineNumber":10,"author":{"gitId":"HongRay"},"content":"        TaskList taskList \u003d new TaskList();","lastModifiedDate":"2024-01-22"},{"lineNumber":11,"author":{"gitId":"HongRay"},"content":"","lastModifiedDate":"2024-01-22"},{"lineNumber":12,"author":{"gitId":"HongRay"},"content":"        while (true) {","lastModifiedDate":"2024-01-22"},{"lineNumber":13,"author":{"gitId":"HongRay"},"content":"            try {","lastModifiedDate":"2024-01-24"},{"lineNumber":14,"author":{"gitId":"HongRay"},"content":"                String input \u003d scanner.nextLine().trim();","lastModifiedDate":"2024-01-22"},{"lineNumber":15,"author":{"gitId":"HongRay"},"content":"                if (input.isEmpty()) {","lastModifiedDate":"2024-01-24"},{"lineNumber":16,"author":{"gitId":"HongRay"},"content":"                    throw new JayneException(\"Input cannot be empty.\");","lastModifiedDate":"2024-01-24"},{"lineNumber":17,"author":{"gitId":"HongRay"},"content":"                }","lastModifiedDate":"2024-01-24"},{"lineNumber":18,"author":{"gitId":"HongRay"},"content":"","lastModifiedDate":"2024-01-24"},{"lineNumber":19,"author":{"gitId":"HongRay"},"content":"                String[] parts \u003d input.split(\" \", 2);","lastModifiedDate":"2024-01-22"},{"lineNumber":20,"author":{"gitId":"HongRay"},"content":"","lastModifiedDate":"2024-01-22"},{"lineNumber":21,"author":{"gitId":"HongRay"},"content":"                // Handle different cases","lastModifiedDate":"2024-01-24"},{"lineNumber":22,"author":{"gitId":"HongRay"},"content":"                switch (parts[0].toLowerCase()) {","lastModifiedDate":"2024-01-24"},{"lineNumber":23,"author":{"gitId":"HongRay"},"content":"                    case \"bye\":","lastModifiedDate":"2024-01-24"},{"lineNumber":24,"author":{"gitId":"HongRay"},"content":"                        Handler.handleBye(dash);","lastModifiedDate":"2024-01-24"},{"lineNumber":25,"author":{"gitId":"HongRay"},"content":"                        return; // Exit the program","lastModifiedDate":"2024-01-24"},{"lineNumber":26,"author":{"gitId":"HongRay"},"content":"                    case \"list\":","lastModifiedDate":"2024-01-24"},{"lineNumber":27,"author":{"gitId":"HongRay"},"content":"                        Handler.handleList(taskList, dash);","lastModifiedDate":"2024-01-24"},{"lineNumber":28,"author":{"gitId":"HongRay"},"content":"                        break;","lastModifiedDate":"2024-01-24"},{"lineNumber":29,"author":{"gitId":"HongRay"},"content":"                    case \"mark\":","lastModifiedDate":"2024-01-24"},{"lineNumber":30,"author":{"gitId":"HongRay"},"content":"                        Handler.handleMark(parts, taskList, dash);","lastModifiedDate":"2024-01-24"},{"lineNumber":31,"author":{"gitId":"HongRay"},"content":"                        break;","lastModifiedDate":"2024-01-24"},{"lineNumber":32,"author":{"gitId":"HongRay"},"content":"                    case \"unmark\":","lastModifiedDate":"2024-01-24"},{"lineNumber":33,"author":{"gitId":"HongRay"},"content":"                        Handler.handleUnmark(parts, taskList, dash);","lastModifiedDate":"2024-01-24"},{"lineNumber":34,"author":{"gitId":"HongRay"},"content":"                        break;","lastModifiedDate":"2024-01-22"},{"lineNumber":35,"author":{"gitId":"HongRay"},"content":"                    case \"todo\":","lastModifiedDate":"2024-01-24"},{"lineNumber":36,"author":{"gitId":"HongRay"},"content":"                        Handler.handleTodo(parts, taskList, dash);","lastModifiedDate":"2024-01-24"},{"lineNumber":37,"author":{"gitId":"HongRay"},"content":"                        break;","lastModifiedDate":"2024-01-24"},{"lineNumber":38,"author":{"gitId":"HongRay"},"content":"                    case \"deadline\":","lastModifiedDate":"2024-01-24"},{"lineNumber":39,"author":{"gitId":"HongRay"},"content":"                        Handler.handleDeadline(parts, taskList, dash);","lastModifiedDate":"2024-01-24"},{"lineNumber":40,"author":{"gitId":"HongRay"},"content":"                        break;","lastModifiedDate":"2024-01-24"},{"lineNumber":41,"author":{"gitId":"HongRay"},"content":"                    case \"event\":","lastModifiedDate":"2024-01-24"},{"lineNumber":42,"author":{"gitId":"HongRay"},"content":"                        Handler.handleEvent(parts, taskList, dash);","lastModifiedDate":"2024-01-24"},{"lineNumber":43,"author":{"gitId":"HongRay"},"content":"                        break;","lastModifiedDate":"2024-01-24"},{"lineNumber":44,"author":{"gitId":"HongRay"},"content":"                    case \"delete\":","lastModifiedDate":"2024-01-24"},{"lineNumber":45,"author":{"gitId":"HongRay"},"content":"                        Handler.handleDelete(parts, taskList, dash);","lastModifiedDate":"2024-01-24"},{"lineNumber":46,"author":{"gitId":"HongRay"},"content":"                        break;","lastModifiedDate":"2024-01-24"},{"lineNumber":47,"author":{"gitId":"HongRay"},"content":"                    default:","lastModifiedDate":"2024-01-24"},{"lineNumber":48,"author":{"gitId":"HongRay"},"content":"                        throw new JayneException(\"What are you typing. please include either bye, list, mark, umark, todo, deadline or event in your inputs please\");","lastModifiedDate":"2024-01-24"},{"lineNumber":49,"author":{"gitId":"HongRay"},"content":"                }","lastModifiedDate":"2024-01-22"},{"lineNumber":50,"author":{"gitId":"HongRay"},"content":"            } catch (JayneException e) {","lastModifiedDate":"2024-01-24"},{"lineNumber":51,"author":{"gitId":"HongRay"},"content":"                System.out.println(dash + \"\\nHuh?!?!? \" + e.getMessage() + \"\\n\" + dash);","lastModifiedDate":"2024-01-24"},{"lineNumber":52,"author":{"gitId":"HongRay"},"content":"            }","lastModifiedDate":"2024-01-22"},{"lineNumber":53,"author":{"gitId":"HongRay"},"content":"        }","lastModifiedDate":"2024-01-22"},{"lineNumber":54,"author":{"gitId":"HongRay"},"content":"    }","lastModifiedDate":"2024-01-22"},{"lineNumber":55,"author":{"gitId":"HongRay"},"content":"}","lastModifiedDate":"2024-01-22"}],"authorContributionMap":{"HongRay":55}},{"path":"src/main/java/JayneException.java","fileType":"java","lines":[{"lineNumber":1,"author":{"gitId":"HongRay"},"content":"public class JayneException extends Exception {","lastModifiedDate":"2024-01-24"},{"lineNumber":2,"author":{"gitId":"HongRay"},"content":"    public JayneException(String message) {","lastModifiedDate":"2024-01-24"},{"lineNumber":3,"author":{"gitId":"HongRay"},"content":"        super(message);","lastModifiedDate":"2024-01-24"},{"lineNumber":4,"author":{"gitId":"HongRay"},"content":"    }","lastModifiedDate":"2024-01-24"},{"lineNumber":5,"author":{"gitId":"HongRay"},"content":"    //Deadline","lastModifiedDate":"2024-01-24"},{"lineNumber":6,"author":{"gitId":"HongRay"},"content":"    public static JayneException deadlineException() {","lastModifiedDate":"2024-01-24"},{"lineNumber":7,"author":{"gitId":"HongRay"},"content":"        return new JayneException(\"Where can have empty deadline time, enter deadline lah. E.g. deadline return book /by Sunday\");","lastModifiedDate":"2024-01-24"},{"lineNumber":8,"author":{"gitId":"HongRay"},"content":"    }","lastModifiedDate":"2024-01-24"},{"lineNumber":9,"author":{"gitId":"HongRay"},"content":"","lastModifiedDate":"2024-01-24"},{"lineNumber":10,"author":{"gitId":"HongRay"},"content":"    //Unmark","lastModifiedDate":"2024-01-24"},{"lineNumber":11,"author":{"gitId":"HongRay"},"content":"    public static JayneException unmarkException() {","lastModifiedDate":"2024-01-24"},{"lineNumber":12,"author":{"gitId":"HongRay"},"content":"        return new JayneException(\"??? Invalid task number. Enter a valid number please. E.g. unmark 1\");","lastModifiedDate":"2024-01-24"},{"lineNumber":13,"author":{"gitId":"HongRay"},"content":"    }","lastModifiedDate":"2024-01-24"},{"lineNumber":14,"author":{"gitId":"HongRay"},"content":"","lastModifiedDate":"2024-01-24"},{"lineNumber":15,"author":{"gitId":"HongRay"},"content":"    public static JayneException unmarkTaskExistException(int taskNumber) {","lastModifiedDate":"2024-01-24"},{"lineNumber":16,"author":{"gitId":"HongRay"},"content":"        return new JayneException(\"Task number \" + taskNumber + \" does not exist. E.g. unmark 1\");","lastModifiedDate":"2024-01-24"},{"lineNumber":17,"author":{"gitId":"HongRay"},"content":"    }","lastModifiedDate":"2024-01-24"},{"lineNumber":18,"author":{"gitId":"HongRay"},"content":"","lastModifiedDate":"2024-01-24"},{"lineNumber":19,"author":{"gitId":"HongRay"},"content":"    public static JayneException unmarkEmptyException() {","lastModifiedDate":"2024-01-24"},{"lineNumber":20,"author":{"gitId":"HongRay"},"content":"        return new JayneException(\"What are you doing? The number of the task to unmark cannot be empty lah. E.g. unmark 1\");","lastModifiedDate":"2024-01-24"},{"lineNumber":21,"author":{"gitId":"HongRay"},"content":"    }","lastModifiedDate":"2024-01-24"},{"lineNumber":22,"author":{"gitId":"HongRay"},"content":"","lastModifiedDate":"2024-01-24"},{"lineNumber":23,"author":{"gitId":"HongRay"},"content":"    //Delete","lastModifiedDate":"2024-01-24"},{"lineNumber":24,"author":{"gitId":"HongRay"},"content":"    public static JayneException deleteEmptyException() {","lastModifiedDate":"2024-01-24"},{"lineNumber":25,"author":{"gitId":"HongRay"},"content":"        return new JayneException(\"The task number to delete cannot be empty. E.g. delete 2\");","lastModifiedDate":"2024-01-24"},{"lineNumber":26,"author":{"gitId":"HongRay"},"content":"    }","lastModifiedDate":"2024-01-24"},{"lineNumber":27,"author":{"gitId":"HongRay"},"content":"","lastModifiedDate":"2024-01-24"},{"lineNumber":28,"author":{"gitId":"HongRay"},"content":"    public static JayneException deleteInvalidException() {","lastModifiedDate":"2024-01-24"},{"lineNumber":29,"author":{"gitId":"HongRay"},"content":"        return new JayneException(\"??? Invalid task number. Enter a valid number please. E.g. delete 2\");","lastModifiedDate":"2024-01-24"},{"lineNumber":30,"author":{"gitId":"HongRay"},"content":"    }","lastModifiedDate":"2024-01-24"},{"lineNumber":31,"author":{"gitId":"HongRay"},"content":"","lastModifiedDate":"2024-01-24"},{"lineNumber":32,"author":{"gitId":"HongRay"},"content":"    public static JayneException deleteExistException(int taskNumber) {","lastModifiedDate":"2024-01-24"},{"lineNumber":33,"author":{"gitId":"HongRay"},"content":"        return new JayneException(\"Task number \" + taskNumber + \" does not exist. E.g. delete 2\");","lastModifiedDate":"2024-01-24"},{"lineNumber":34,"author":{"gitId":"HongRay"},"content":"    }","lastModifiedDate":"2024-01-24"},{"lineNumber":35,"author":{"gitId":"HongRay"},"content":"","lastModifiedDate":"2024-01-24"},{"lineNumber":36,"author":{"gitId":"HongRay"},"content":"    //to-do","lastModifiedDate":"2024-01-24"},{"lineNumber":37,"author":{"gitId":"HongRay"},"content":"    public static JayneException todoException() {","lastModifiedDate":"2024-01-24"},{"lineNumber":38,"author":{"gitId":"HongRay"},"content":"        return new JayneException(\"Huh?? why your description of a todo is empty! Please enter description. E.g. todo read book\");","lastModifiedDate":"2024-01-24"},{"lineNumber":39,"author":{"gitId":"HongRay"},"content":"    }","lastModifiedDate":"2024-01-24"},{"lineNumber":40,"author":{"gitId":"HongRay"},"content":"","lastModifiedDate":"2024-01-24"},{"lineNumber":41,"author":{"gitId":"HongRay"},"content":"    //event","lastModifiedDate":"2024-01-24"},{"lineNumber":42,"author":{"gitId":"HongRay"},"content":"    public static JayneException emptyEventException() {","lastModifiedDate":"2024-01-24"},{"lineNumber":43,"author":{"gitId":"HongRay"},"content":"        return new JayneException(\"The description of an event cannot be empty lah. E.g. event project meeting /from Mon 2pm /to 4pm\");","lastModifiedDate":"2024-01-24"},{"lineNumber":44,"author":{"gitId":"HongRay"},"content":"    }","lastModifiedDate":"2024-01-24"},{"lineNumber":45,"author":{"gitId":"HongRay"},"content":"    public static JayneException eventStartException() {","lastModifiedDate":"2024-01-24"},{"lineNumber":46,"author":{"gitId":"HongRay"},"content":"        return new JayneException(\"The event start time cannot be empty. E.g. event project meeting /from Mon 2pm /to 4pm\");","lastModifiedDate":"2024-01-24"},{"lineNumber":47,"author":{"gitId":"HongRay"},"content":"    }","lastModifiedDate":"2024-01-24"},{"lineNumber":48,"author":{"gitId":"HongRay"},"content":"    public static JayneException eventEndException() {","lastModifiedDate":"2024-01-24"},{"lineNumber":49,"author":{"gitId":"HongRay"},"content":"        return new JayneException(\"The event end time cannot be empty please. E.g. event project meeting /from Mon 2pm /to 4pm\");","lastModifiedDate":"2024-01-24"},{"lineNumber":50,"author":{"gitId":"HongRay"},"content":"    }","lastModifiedDate":"2024-01-24"},{"lineNumber":51,"author":{"gitId":"HongRay"},"content":"","lastModifiedDate":"2024-01-24"},{"lineNumber":52,"author":{"gitId":"HongRay"},"content":"    //Mark","lastModifiedDate":"2024-01-24"},{"lineNumber":53,"author":{"gitId":"HongRay"},"content":"    public static JayneException markEmptyException() {","lastModifiedDate":"2024-01-24"},{"lineNumber":54,"author":{"gitId":"HongRay"},"content":"        return new JayneException(\"The task number to mark cannot be empty. E.g. mark 1\");","lastModifiedDate":"2024-01-24"},{"lineNumber":55,"author":{"gitId":"HongRay"},"content":"    }","lastModifiedDate":"2024-01-24"},{"lineNumber":56,"author":{"gitId":"HongRay"},"content":"    public static JayneException markTaskExistException(int taskNumber) {","lastModifiedDate":"2024-01-24"},{"lineNumber":57,"author":{"gitId":"HongRay"},"content":"        return new JayneException(\"Task number \" + taskNumber + \" does not exist. E.g. mark 1\");","lastModifiedDate":"2024-01-24"},{"lineNumber":58,"author":{"gitId":"HongRay"},"content":"    }","lastModifiedDate":"2024-01-24"},{"lineNumber":59,"author":{"gitId":"HongRay"},"content":"","lastModifiedDate":"2024-01-24"},{"lineNumber":60,"author":{"gitId":"HongRay"},"content":"    public static JayneException markInvalidTaskException() {","lastModifiedDate":"2024-01-24"},{"lineNumber":61,"author":{"gitId":"HongRay"},"content":"        return new JayneException(\"??? Invalid task number. Enter a valid number please. E.g. mark 1\");","lastModifiedDate":"2024-01-24"},{"lineNumber":62,"author":{"gitId":"HongRay"},"content":"    }","lastModifiedDate":"2024-01-24"},{"lineNumber":63,"author":{"gitId":"HongRay"},"content":"}","lastModifiedDate":"2024-01-24"}],"authorContributionMap":{"HongRay":63}},{"path":"src/main/java/Task.java","fileType":"java","lines":[{"lineNumber":1,"author":{"gitId":"HongRay"},"content":"public class Task {","lastModifiedDate":"2024-01-22"},{"lineNumber":2,"author":{"gitId":"HongRay"},"content":"    protected String description;","lastModifiedDate":"2024-01-22"},{"lineNumber":3,"author":{"gitId":"HongRay"},"content":"    protected boolean isDone;","lastModifiedDate":"2024-01-22"},{"lineNumber":4,"author":{"gitId":"HongRay"},"content":"","lastModifiedDate":"2024-01-22"},{"lineNumber":5,"author":{"gitId":"HongRay"},"content":"    public Task(String description) {","lastModifiedDate":"2024-01-22"},{"lineNumber":6,"author":{"gitId":"HongRay"},"content":"        this.description \u003d description;","lastModifiedDate":"2024-01-22"},{"lineNumber":7,"author":{"gitId":"HongRay"},"content":"        this.isDone \u003d false;","lastModifiedDate":"2024-01-22"},{"lineNumber":8,"author":{"gitId":"HongRay"},"content":"    }","lastModifiedDate":"2024-01-22"},{"lineNumber":9,"author":{"gitId":"HongRay"},"content":"","lastModifiedDate":"2024-01-22"},{"lineNumber":10,"author":{"gitId":"HongRay"},"content":"    public void markAsDone() {","lastModifiedDate":"2024-01-22"},{"lineNumber":11,"author":{"gitId":"HongRay"},"content":"        this.isDone \u003d true;","lastModifiedDate":"2024-01-22"},{"lineNumber":12,"author":{"gitId":"HongRay"},"content":"    }","lastModifiedDate":"2024-01-22"},{"lineNumber":13,"author":{"gitId":"HongRay"},"content":"","lastModifiedDate":"2024-01-22"},{"lineNumber":14,"author":{"gitId":"HongRay"},"content":"    public void markAsNotDone() {","lastModifiedDate":"2024-01-22"},{"lineNumber":15,"author":{"gitId":"HongRay"},"content":"        this.isDone \u003d false;","lastModifiedDate":"2024-01-22"},{"lineNumber":16,"author":{"gitId":"HongRay"},"content":"    }","lastModifiedDate":"2024-01-22"},{"lineNumber":17,"author":{"gitId":"HongRay"},"content":"","lastModifiedDate":"2024-01-22"},{"lineNumber":18,"author":{"gitId":"HongRay"},"content":"    public String getStatusIcon() {","lastModifiedDate":"2024-01-22"},{"lineNumber":19,"author":{"gitId":"HongRay"},"content":"        return (isDone ? \"[X]\" : \"[ ]\"); // mark done task with X","lastModifiedDate":"2024-01-22"},{"lineNumber":20,"author":{"gitId":"HongRay"},"content":"    }","lastModifiedDate":"2024-01-22"},{"lineNumber":21,"author":{"gitId":"HongRay"},"content":"","lastModifiedDate":"2024-01-22"},{"lineNumber":22,"author":{"gitId":"HongRay"},"content":"    @Override","lastModifiedDate":"2024-01-22"},{"lineNumber":23,"author":{"gitId":"HongRay"},"content":"    public String toString() {","lastModifiedDate":"2024-01-22"},{"lineNumber":24,"author":{"gitId":"HongRay"},"content":"        return getStatusIcon() + \" \" + description;","lastModifiedDate":"2024-01-22"},{"lineNumber":25,"author":{"gitId":"HongRay"},"content":"    }","lastModifiedDate":"2024-01-22"},{"lineNumber":26,"author":{"gitId":"HongRay"},"content":"}","lastModifiedDate":"2024-01-22"}],"authorContributionMap":{"HongRay":26}},{"path":"src/main/java/TaskList.java","fileType":"java","lines":[{"lineNumber":1,"author":{"gitId":"HongRay"},"content":"import java.util.ArrayList;","lastModifiedDate":"2024-01-22"},{"lineNumber":2,"author":{"gitId":"HongRay"},"content":"import java.util.List;","lastModifiedDate":"2024-01-22"},{"lineNumber":3,"author":{"gitId":"HongRay"},"content":"//test","lastModifiedDate":"2024-01-22"},{"lineNumber":4,"author":{"gitId":"HongRay"},"content":"public class TaskList {","lastModifiedDate":"2024-01-22"},{"lineNumber":5,"author":{"gitId":"HongRay"},"content":"    private final List\u003cTask\u003e taskArray;","lastModifiedDate":"2024-01-22"},{"lineNumber":6,"author":{"gitId":"HongRay"},"content":"    private int taskCount;","lastModifiedDate":"2024-01-22"},{"lineNumber":7,"author":{"gitId":"HongRay"},"content":"","lastModifiedDate":"2024-01-22"},{"lineNumber":8,"author":{"gitId":"HongRay"},"content":"    public TaskList() {","lastModifiedDate":"2024-01-22"},{"lineNumber":9,"author":{"gitId":"HongRay"},"content":"        this.taskArray \u003d new ArrayList\u003c\u003e();","lastModifiedDate":"2024-01-22"},{"lineNumber":10,"author":{"gitId":"HongRay"},"content":"    }","lastModifiedDate":"2024-01-22"},{"lineNumber":11,"author":{"gitId":"HongRay"},"content":"","lastModifiedDate":"2024-01-22"},{"lineNumber":12,"author":{"gitId":"HongRay"},"content":"//    public void add(String taskDescription) {","lastModifiedDate":"2024-01-24"},{"lineNumber":13,"author":{"gitId":"HongRay"},"content":"//        taskArray.add(new Task(taskDescription));","lastModifiedDate":"2024-01-24"},{"lineNumber":14,"author":{"gitId":"HongRay"},"content":"//    }","lastModifiedDate":"2024-01-24"},{"lineNumber":15,"author":{"gitId":"HongRay"},"content":"","lastModifiedDate":"2024-01-22"},{"lineNumber":16,"author":{"gitId":"HongRay"},"content":"    public int getTaskCount() {","lastModifiedDate":"2024-01-22"},{"lineNumber":17,"author":{"gitId":"HongRay"},"content":"        return taskCount;","lastModifiedDate":"2024-01-22"},{"lineNumber":18,"author":{"gitId":"HongRay"},"content":"    }","lastModifiedDate":"2024-01-22"},{"lineNumber":19,"author":{"gitId":"HongRay"},"content":"","lastModifiedDate":"2024-01-22"},{"lineNumber":20,"author":{"gitId":"HongRay"},"content":"    public Task deleteTask(int taskNumber) throws JayneException {","lastModifiedDate":"2024-01-24"},{"lineNumber":21,"author":{"gitId":"HongRay"},"content":"        if (taskNumber \u003c 1 || taskNumber \u003e taskArray.size()) {","lastModifiedDate":"2024-01-24"},{"lineNumber":22,"author":{"gitId":"HongRay"},"content":"            throw new JayneException(\"Task number \" + taskNumber + \" does not exist.\");","lastModifiedDate":"2024-01-24"},{"lineNumber":23,"author":{"gitId":"HongRay"},"content":"        }","lastModifiedDate":"2024-01-24"},{"lineNumber":24,"author":{"gitId":"HongRay"},"content":"        this.taskCount \u003d taskCount - 1;","lastModifiedDate":"2024-01-24"},{"lineNumber":25,"author":{"gitId":"HongRay"},"content":"        return taskArray.remove(taskNumber - 1);","lastModifiedDate":"2024-01-24"},{"lineNumber":26,"author":{"gitId":"HongRay"},"content":"    }","lastModifiedDate":"2024-01-24"},{"lineNumber":27,"author":{"gitId":"HongRay"},"content":"","lastModifiedDate":"2024-01-24"},{"lineNumber":28,"author":{"gitId":"HongRay"},"content":"    public void addTask(Task task) {","lastModifiedDate":"2024-01-22"},{"lineNumber":29,"author":{"gitId":"HongRay"},"content":"        taskArray.add(task);","lastModifiedDate":"2024-01-22"},{"lineNumber":30,"author":{"gitId":"HongRay"},"content":"        this.taskCount \u003d taskCount + 1;","lastModifiedDate":"2024-01-22"},{"lineNumber":31,"author":{"gitId":"HongRay"},"content":"    }","lastModifiedDate":"2024-01-22"},{"lineNumber":32,"author":{"gitId":"HongRay"},"content":"","lastModifiedDate":"2024-01-22"},{"lineNumber":33,"author":{"gitId":"HongRay"},"content":"    public Task getTask(int index) {","lastModifiedDate":"2024-01-22"},{"lineNumber":34,"author":{"gitId":"HongRay"},"content":"        if (index \u003e\u003d 0 \u0026\u0026 index \u003c\u003d taskArray.size()) {","lastModifiedDate":"2024-01-22"},{"lineNumber":35,"author":{"gitId":"HongRay"},"content":"            return taskArray.get(index - 1);","lastModifiedDate":"2024-01-22"},{"lineNumber":36,"author":{"gitId":"HongRay"},"content":"        }","lastModifiedDate":"2024-01-22"},{"lineNumber":37,"author":{"gitId":"HongRay"},"content":"        System.out.println(\"Index invalid\");","lastModifiedDate":"2024-01-22"},{"lineNumber":38,"author":{"gitId":"HongRay"},"content":"        return null;","lastModifiedDate":"2024-01-22"},{"lineNumber":39,"author":{"gitId":"HongRay"},"content":"    }","lastModifiedDate":"2024-01-22"},{"lineNumber":40,"author":{"gitId":"HongRay"},"content":"","lastModifiedDate":"2024-01-22"},{"lineNumber":41,"author":{"gitId":"HongRay"},"content":"    public void markTaskAsDone(int taskNumber) {","lastModifiedDate":"2024-01-22"},{"lineNumber":42,"author":{"gitId":"HongRay"},"content":"        if (taskNumber \u003e\u003d 1 \u0026\u0026 taskNumber \u003c\u003d taskArray.size()) {","lastModifiedDate":"2024-01-22"},{"lineNumber":43,"author":{"gitId":"HongRay"},"content":"            taskArray.get(taskNumber - 1).markAsDone();","lastModifiedDate":"2024-01-22"},{"lineNumber":44,"author":{"gitId":"HongRay"},"content":"        }","lastModifiedDate":"2024-01-22"},{"lineNumber":45,"author":{"gitId":"HongRay"},"content":"    }","lastModifiedDate":"2024-01-22"},{"lineNumber":46,"author":{"gitId":"HongRay"},"content":"","lastModifiedDate":"2024-01-22"},{"lineNumber":47,"author":{"gitId":"HongRay"},"content":"    public void markTaskAsNotDone(int taskNumber) {","lastModifiedDate":"2024-01-22"},{"lineNumber":48,"author":{"gitId":"HongRay"},"content":"        if (taskNumber \u003e\u003d 1 \u0026\u0026 taskNumber \u003c\u003d taskArray.size()) {","lastModifiedDate":"2024-01-22"},{"lineNumber":49,"author":{"gitId":"HongRay"},"content":"            taskArray.get(taskNumber - 1).markAsNotDone();","lastModifiedDate":"2024-01-22"},{"lineNumber":50,"author":{"gitId":"HongRay"},"content":"        }","lastModifiedDate":"2024-01-22"},{"lineNumber":51,"author":{"gitId":"HongRay"},"content":"    }","lastModifiedDate":"2024-01-22"},{"lineNumber":52,"author":{"gitId":"HongRay"},"content":"","lastModifiedDate":"2024-01-22"},{"lineNumber":53,"author":{"gitId":"HongRay"},"content":"    public void display() {","lastModifiedDate":"2024-01-22"},{"lineNumber":54,"author":{"gitId":"HongRay"},"content":"        System.out.println(\"Here are the tasks in your list:\");","lastModifiedDate":"2024-01-22"},{"lineNumber":55,"author":{"gitId":"HongRay"},"content":"        for (int i \u003d 0; i \u003c taskArray.size(); i++) {","lastModifiedDate":"2024-01-22"},{"lineNumber":56,"author":{"gitId":"HongRay"},"content":"            System.out.println((i + 1) + \". \" + taskArray.get(i).toString());","lastModifiedDate":"2024-01-22"},{"lineNumber":57,"author":{"gitId":"HongRay"},"content":"        }","lastModifiedDate":"2024-01-22"},{"lineNumber":58,"author":{"gitId":"HongRay"},"content":"    }","lastModifiedDate":"2024-01-22"},{"lineNumber":59,"author":{"gitId":"HongRay"},"content":"}","lastModifiedDate":"2024-01-22"}],"authorContributionMap":{"HongRay":59}},{"path":"src/main/java/Todo.java","fileType":"java","lines":[{"lineNumber":1,"author":{"gitId":"HongRay"},"content":"public class Todo extends Task{","lastModifiedDate":"2024-01-22"},{"lineNumber":2,"author":{"gitId":"HongRay"},"content":"    public Todo(String description) {","lastModifiedDate":"2024-01-22"},{"lineNumber":3,"author":{"gitId":"HongRay"},"content":"        super(description);","lastModifiedDate":"2024-01-22"},{"lineNumber":4,"author":{"gitId":"HongRay"},"content":"    }","lastModifiedDate":"2024-01-22"},{"lineNumber":5,"author":{"gitId":"HongRay"},"content":"","lastModifiedDate":"2024-01-22"},{"lineNumber":6,"author":{"gitId":"HongRay"},"content":"    @Override","lastModifiedDate":"2024-01-22"},{"lineNumber":7,"author":{"gitId":"HongRay"},"content":"    public String toString() {","lastModifiedDate":"2024-01-22"},{"lineNumber":8,"author":{"gitId":"HongRay"},"content":"        return \"[T]\" + super.toString();","lastModifiedDate":"2024-01-22"},{"lineNumber":9,"author":{"gitId":"HongRay"},"content":"    }","lastModifiedDate":"2024-01-22"},{"lineNumber":10,"author":{"gitId":"HongRay"},"content":"}","lastModifiedDate":"2024-01-22"}],"authorContributionMap":{"HongRay":10}},{"path":"text-ui-test/input.txt","fileType":"txt","lines":[{"lineNumber":1,"author":{"gitId":"HongRay"},"content":"","lastModifiedDate":"2024-01-24"},{"lineNumber":2,"author":{"gitId":"HongRay"},"content":"John Doe","lastModifiedDate":"2024-01-24"},{"lineNumber":3,"author":{"gitId":"HongRay"},"content":"todo borrow book","lastModifiedDate":"2024-01-23"},{"lineNumber":4,"author":{"gitId":"HongRay"},"content":"todo","lastModifiedDate":"2024-01-24"},{"lineNumber":5,"author":{"gitId":"HongRay"},"content":"deadline return book /by Sunday","lastModifiedDate":"2024-01-23"},{"lineNumber":6,"author":{"gitId":"HongRay"},"content":"deadline","lastModifiedDate":"2024-01-24"},{"lineNumber":7,"author":{"gitId":"HongRay"},"content":"deadline return book","lastModifiedDate":"2024-01-24"},{"lineNumber":8,"author":{"gitId":"HongRay"},"content":"event project meeting /from Mon 2pm /to 4pm","lastModifiedDate":"2024-01-23"},{"lineNumber":9,"author":{"gitId":"HongRay"},"content":"event","lastModifiedDate":"2024-01-24"},{"lineNumber":10,"author":{"gitId":"HongRay"},"content":"event project meeting","lastModifiedDate":"2024-01-24"},{"lineNumber":11,"author":{"gitId":"HongRay"},"content":"event project meeting /from","lastModifiedDate":"2024-01-24"},{"lineNumber":12,"author":{"gitId":"HongRay"},"content":"event project meeting /from Mon 2pm","lastModifiedDate":"2024-01-24"},{"lineNumber":13,"author":{"gitId":"HongRay"},"content":"event project meeting /to","lastModifiedDate":"2024-01-24"},{"lineNumber":14,"author":{"gitId":"HongRay"},"content":"deadline do homework /by no idea :-p","lastModifiedDate":"2024-01-23"},{"lineNumber":15,"author":{"gitId":"HongRay"},"content":"list","lastModifiedDate":"2024-01-23"},{"lineNumber":16,"author":{"gitId":"HongRay"},"content":"mark 1","lastModifiedDate":"2024-01-23"},{"lineNumber":17,"author":{"gitId":"HongRay"},"content":"mark","lastModifiedDate":"2024-01-24"},{"lineNumber":18,"author":{"gitId":"HongRay"},"content":"mark 3","lastModifiedDate":"2024-01-23"},{"lineNumber":19,"author":{"gitId":"HongRay"},"content":"mark 10","lastModifiedDate":"2024-01-24"},{"lineNumber":20,"author":{"gitId":"HongRay"},"content":"list","lastModifiedDate":"2024-01-23"},{"lineNumber":21,"author":{"gitId":"HongRay"},"content":"unmark 1","lastModifiedDate":"2024-01-23"},{"lineNumber":22,"author":{"gitId":"HongRay"},"content":"unmark","lastModifiedDate":"2024-01-24"},{"lineNumber":23,"author":{"gitId":"HongRay"},"content":"unmark 10","lastModifiedDate":"2024-01-24"},{"lineNumber":24,"author":{"gitId":"HongRay"},"content":"list","lastModifiedDate":"2024-01-23"},{"lineNumber":25,"author":{"gitId":"HongRay"},"content":"delete","lastModifiedDate":"2024-01-24"},{"lineNumber":26,"author":{"gitId":"HongRay"},"content":"delete 10","lastModifiedDate":"2024-01-24"},{"lineNumber":27,"author":{"gitId":"HongRay"},"content":"delete 3","lastModifiedDate":"2024-01-24"},{"lineNumber":28,"author":{"gitId":"HongRay"},"content":"list","lastModifiedDate":"2024-01-24"},{"lineNumber":29,"author":{"gitId":"HongRay"},"content":"bye","lastModifiedDate":"2024-01-23"}],"authorContributionMap":{"HongRay":29}},{"path":"text-ui-test/runtest.bat","fileType":"bat","lines":[{"lineNumber":1,"author":{"gitId":"-"},"content":"REM create bin directory if it doesn\u0027t exist","lastModifiedDate":"2020-05-25"},{"lineNumber":2,"author":{"gitId":"-"},"content":"if not exist ..\\bin mkdir ..\\bin","lastModifiedDate":"2020-05-25"},{"lineNumber":3,"author":{"gitId":"-"},"content":"","lastModifiedDate":"2020-05-25"},{"lineNumber":4,"author":{"gitId":"-"},"content":"REM delete output from previous run","lastModifiedDate":"2020-05-25"},{"lineNumber":5,"author":{"gitId":"-"},"content":"if exist ACTUAL.TXT del ACTUAL.TXT","lastModifiedDate":"2020-08-25"},{"lineNumber":6,"author":{"gitId":"-"},"content":"REM compile the code into the bin folder","lastModifiedDate":"2020-05-25"},{"lineNumber":7,"author":{"gitId":"-"},"content":"javac  -cp ..\\src\\main\\java -Xlint:none -d ..\\bin ..\\src\\main\\java\\*.java","lastModifiedDate":"2020-08-25"},{"lineNumber":8,"author":{"gitId":"-"},"content":"IF ERRORLEVEL 1 (","lastModifiedDate":"2020-05-25"},{"lineNumber":9,"author":{"gitId":"-"},"content":"    echo ********** BUILD FAILURE **********","lastModifiedDate":"2020-05-25"},{"lineNumber":10,"author":{"gitId":"-"},"content":"    exit /b 1","lastModifiedDate":"2020-05-25"},{"lineNumber":11,"author":{"gitId":"-"},"content":")","lastModifiedDate":"2020-05-25"},{"lineNumber":12,"author":{"gitId":"-"},"content":"REM no error here, errorlevel \u003d\u003d 0","lastModifiedDate":"2020-05-25"},{"lineNumber":13,"author":{"gitId":"-"},"content":"","lastModifiedDate":"2020-05-25"},{"lineNumber":14,"author":{"gitId":"-"},"content":"REM run the program, feed commands from input.txt file and redirect the output to the ACTUAL.TXT","lastModifiedDate":"2020-05-25"},{"lineNumber":15,"author":{"gitId":"HongRay"},"content":"java -classpath ..\\bin Jayne \u003c input.txt \u003e ACTUAL.TXT","lastModifiedDate":"2024-01-23"},{"lineNumber":16,"author":{"gitId":"-"},"content":"","lastModifiedDate":"2020-05-25"},{"lineNumber":17,"author":{"gitId":"-"},"content":"REM compare the output to the expected output","lastModifiedDate":"2020-05-25"},{"lineNumber":18,"author":{"gitId":"-"},"content":"FC ACTUAL.TXT EXPECTED.TXT","lastModifiedDate":"2020-05-25"},{"lineNumber":19,"author":{"gitId":"HongRay"},"content":"","lastModifiedDate":"2024-01-24"}],"authorContributionMap":{"HongRay":2,"-":17}}]
