{"authorDailyContributionsMap":{"HongRay":[{"date":"2024-01-22","commitResults":[{"hash":"7ed79f9d915e1fde5ced004e0290f9bd3569a300","isMergeCommit":false,"messageTitle":"Testing","messageBody":"","fileTypesAndContributionMap":{"java":{"insertions":1,"deletions":0}}},{"hash":"fe0d02eeeb6d5b031e94133774343762b8968c16","isMergeCommit":false,"messageTitle":"Testing","messageBody":"","fileTypesAndContributionMap":{"java":{"insertions":1,"deletions":1}}},{"hash":"5f8a3515fd15533b5dd211a6c1777513affde9e0","isMergeCommit":false,"messageTitle":"Level-0: Rename, Greet, Exit","messageBody":"","fileTypesAndContributionMap":{"java":{"insertions":9,"deletions":0}}},{"hash":"2e9487dce036629d3425290e4ca55c7ed46925fc","isMergeCommit":false,"messageTitle":"Level-1: Echo","messageBody":"","tags":["Level-0"],"fileTypesAndContributionMap":{"java":{"insertions":17,"deletions":1}}},{"hash":"4e2029d26b77d1e5b0b8beef8145435f0bf6647d","isMergeCommit":false,"messageTitle":"Level-0","messageBody":"","tags":["Level-1"],"fileTypesAndContributionMap":{"java":{"insertions":1,"deletions":17}}},{"hash":"bc281f62a15c17a88f58efd5486b7d2b2e5a2de7","isMergeCommit":false,"messageTitle":"Level-1","messageBody":"","fileTypesAndContributionMap":{"java":{"insertions":17,"deletions":1}}},{"hash":"09f54f3fcdec0ec026c65443858b59c4ebaaf047","isMergeCommit":false,"messageTitle":"Level-2","messageBody":"","tags":["Level-2"],"fileTypesAndContributionMap":{"java":{"insertions":31,"deletions":4}}},{"hash":"c8f3deb78408962b908601e48875f6f04abf3e24","isMergeCommit":false,"messageTitle":"Level-2","messageBody":"","tags":["Level-3"],"fileTypesAndContributionMap":{"java":{"insertions":2,"deletions":2}}},{"hash":"328563673d4ba3109553639378e9d003daccfee0","isMergeCommit":false,"messageTitle":"Level-3","messageBody":"","tags":["Level-4"],"fileTypesAndContributionMap":{"java":{"insertions":66,"deletions":5}}},{"hash":"fffe9ba9a86eb0d2c9e575fff7bdfa5fd199aa3a","isMergeCommit":false,"messageTitle":"Level-4","messageBody":"","tags":["A-TextUiTesting"],"fileTypesAndContributionMap":{"java":{"insertions":80,"deletions":9}}}]},{"date":"2024-01-23","commitResults":[{"hash":"2fb99d263ff302a7197db3694f3c7eb44c101620","isMergeCommit":false,"messageTitle":"A-TextUiTesting","messageBody":"","tags":["Level-5"],"fileTypesAndContributionMap":{"txt":{"insertions":11,"deletions":0},"java":{"insertions":10,"deletions":10},"bat":{"insertions":1,"deletions":4}}}]},{"date":"2024-01-24","commitResults":[{"hash":"c93c7e2f448bff8aea5deb9b8f68463eccd2d760","isMergeCommit":false,"messageTitle":"Level-5","messageBody":"","tags":["Level-6"],"fileTypesAndContributionMap":{"txt":{"insertions":14,"deletions":0},"java":{"insertions":170,"deletions":65},"bat":{"insertions":1,"deletions":0}}},{"hash":"d2bbe2dd7eef0627ad2e1e355c489cf1a382eb5d","isMergeCommit":false,"messageTitle":"Level-6","messageBody":"","fileTypesAndContributionMap":{"txt":{"insertions":4,"deletions":0},"java":{"insertions":50,"deletions":4}}}]},{"date":"2024-01-30","commitResults":[{"hash":"ba842f34415f2cde6ba20e82a5ec00508ec64fd3","isMergeCommit":false,"messageTitle":"Level-7","messageBody":"","fileTypesAndContributionMap":{"java":{"insertions":167,"deletions":4},"bat":{"insertions":1,"deletions":1},"sh":{"insertions":0,"deletions":38}}},{"hash":"04658cc0821d533c35216635ede9b6445ee63557","isMergeCommit":false,"messageTitle":"Add test files","messageBody":"","tags":["Level-7"],"fileTypesAndContributionMap":{"txt":{"insertions":10,"deletions":0}}},{"hash":"142d38f48502ccd0fb446ba3dd6dff06f1319666","isMergeCommit":false,"messageTitle":"Level-8","messageBody":"","fileTypesAndContributionMap":{"java":{"insertions":36,"deletions":5}}},{"hash":"0b8a8b97662943cec23c9038c0feaebb8c67a3a2","isMergeCommit":false,"messageTitle":"Level-8","messageBody":"","fileTypesAndContributionMap":{"java":{"insertions":1,"deletions":1}}},{"hash":"60823a1ea2a98e086e51993e84bcf1cbcf10588e","isMergeCommit":true,"messageTitle":"Merge branch \u0027branch-Level-8\u0027","messageBody":"","tags":["Level-8"],"fileTypesAndContributionMap":{}}]},{"date":"2024-01-31","commitResults":[{"hash":"7688405d3304e352b1bce1f283f47ed5133379c5","isMergeCommit":false,"messageTitle":"A-MoreOOP","messageBody":"","fileTypesAndContributionMap":{"txt":{"insertions":1,"deletions":5},"java":{"insertions":245,"deletions":205}}},{"hash":"407f153e0c7d9e19a8496ac8cb95aa2b6a604922","isMergeCommit":true,"messageTitle":"Merge branch \u0027A-MoreOOP\u0027","messageBody":"","fileTypesAndContributionMap":{}},{"hash":"ee32a6cfb3245b1eaf2ec65cc29d7f0026bf569f","isMergeCommit":false,"messageTitle":"A-Packages","messageBody":"","fileTypesAndContributionMap":{"java":{"insertions":39,"deletions":6},"bat":{"insertions":1,"deletions":1}}},{"hash":"5cf8b1365431278f673a11fa2fb6424376cd3c1b","isMergeCommit":true,"messageTitle":"Merge branch \u0027A-Packages\u0027","messageBody":"","tags":["A-Packages","A-MoreOOP"],"fileTypesAndContributionMap":{}}]},{"date":"2024-02-01","commitResults":[{"hash":"96588748ac7de1e1bca64b28ffa94f145c6b1eee","isMergeCommit":true,"messageTitle":"Merge branch \u0027add-gradle-support\u0027","messageBody":"","tags":["A-Gradle"],"fileTypesAndContributionMap":{}}]},{"date":"2024-02-02","commitResults":[{"hash":"97813e8a48e20166484ae8cf3e68bf85363a4c62","isMergeCommit":false,"messageTitle":"implement JUnit","messageBody":"","fileTypesAndContributionMap":{"gradle":{"insertions":7,"deletions":1},"java":{"insertions":179,"deletions":4}}},{"hash":"4af01e4d729346a9ba3a6750bb2325a3e2ac44db","isMergeCommit":false,"messageTitle":"Testing files","messageBody":"","fileTypesAndContributionMap":{"java":{"insertions":1,"deletions":0}}},{"hash":"c618440c4c1c12a5299f2a030889b1e161d4e230","isMergeCommit":true,"messageTitle":"Merge branch \u0027branch-A-JUnit\u0027","messageBody":"","tags":["A-Jar","A-JUnit"],"fileTypesAndContributionMap":{}},{"hash":"2aa1dc9742dca17ddc58aee075bed010fae7c29f","isMergeCommit":false,"messageTitle":"A-JavaDocs","messageBody":"","tags":["A-JavaDoc"],"fileTypesAndContributionMap":{"gradle":{"insertions":2,"deletions":1},"java":{"insertions":334,"deletions":60}}},{"hash":"fa550b88a77ded8a68a75cfff825544947d02025","isMergeCommit":false,"messageTitle":"A-CodingStandards","messageBody":"","fileTypesAndContributionMap":{"java":{"insertions":40,"deletions":32}}},{"hash":"f1b96d7f3072df8e6313e2f0a6d5b979bccb6b8f","isMergeCommit":false,"messageTitle":"branch-Level-9","messageBody":"","fileTypesAndContributionMap":{"java":{"insertions":75,"deletions":41}}},{"hash":"def0161e540836121ef7b73bec13d21d857b2bfa","isMergeCommit":true,"messageTitle":"Merge branch \u0027A-CodingStandard\u0027","messageBody":"# Conflicts:\n#\tsrc/main/java/jayne/Handler.java\n#\tsrc/main/java/jayne/Parser.java\n#\tsrc/main/java/jayne/task/TaskList.java\n","fileTypesAndContributionMap":{}},{"hash":"94d9159f0bc8ef4f224bd300c4b02469d1875bf0","isMergeCommit":false,"messageTitle":"A-CodingStandard","messageBody":"","tags":["A-CodingStandard"],"fileTypesAndContributionMap":{"java":{"insertions":53,"deletions":39}}},{"hash":"f588246d23495813898c00f0fa472209db8ee28c","isMergeCommit":true,"messageTitle":"Merge remote-tracking branch \u0027origin/branch-Level-9\u0027","messageBody":"# Conflicts:\n#\tsrc/main/java/jayne/Handler.java\n#\tsrc/main/java/jayne/JayneException.java\n#\tsrc/main/java/jayne/Parser.java\n#\tsrc/main/java/jayne/Ui.java\n#\tsrc/main/java/jayne/task/Task.java\n","tags":["Level-9"],"fileTypesAndContributionMap":{}}]},{"date":"2024-02-05","commitResults":[{"hash":"9f5acf734ec9371255594aef5edd9a902ca73f29","isMergeCommit":false,"messageTitle":"A-CheckStyle","messageBody":"","fileTypesAndContributionMap":{"gradle":{"insertions":1,"deletions":0}}},{"hash":"475eaf69702b4c3d8223fd4f66c11c704ba1b0fd","isMergeCommit":false,"messageTitle":"A-CheckStyle","messageBody":"","fileTypesAndContributionMap":{"gradle":{"insertions":1,"deletions":1}}},{"hash":"9a0bea2dd2076ce07f1e5f66b695aedc767e4b9f","isMergeCommit":true,"messageTitle":"Merge branch \u0027branch-A-CheckStyle\u0027","messageBody":"","tags":["A-CheckStyle"],"fileTypesAndContributionMap":{}}]}]},"authorFileTypeContributionMap":{"HongRay":{"java":1117,"md":0,"fxml":0,"sh":0,"bat":3,"gradle":10,"txt":35}},"authorContributionVariance":{"HongRay":53528.316},"authorDisplayNameMap":{"HongRay":"CS2103T-W13-3 NG H.. RAY"}}
