[{"path":"data/duke.txt","fileType":"txt","lines":[{"lineNumber":1,"author":{"gitId":"jiahui0309"},"content":" D | 0 | hi | by: Apr 05 2013 00:00","lastModifiedDate":"2024-01-29"},{"lineNumber":2,"author":{"gitId":"jiahui0309"},"content":" D | 0 | hi | by: Dec 02 2023 12:34","lastModifiedDate":"2024-01-29"},{"lineNumber":3,"author":{"gitId":"jiahui0309"},"content":" E | 0 | hi | from: Apr 05 2013 12:34 to: Mar 05 2013 12:56","lastModifiedDate":"2024-01-29"}],"authorContributionMap":{"jiahui0309":3}},{"path":"src/main/java/dino/command/Dino.java","fileType":"java","lines":[{"lineNumber":1,"author":{"gitId":"jiahui0309"},"content":"package dino.command;","lastModifiedDate":"2024-01-29"},{"lineNumber":2,"author":{"gitId":"jiahui0309"},"content":"","lastModifiedDate":"2024-01-29"},{"lineNumber":3,"author":{"gitId":"jiahui0309"},"content":"import java.util.Scanner;","lastModifiedDate":"2024-01-21"},{"lineNumber":4,"author":{"gitId":"jiahui0309"},"content":"","lastModifiedDate":"2024-01-28"},{"lineNumber":5,"author":{"gitId":"jiahui0309"},"content":"public class Dino {","lastModifiedDate":"2024-01-21"},{"lineNumber":6,"author":{"gitId":"jiahui0309"},"content":"    private Ui ui;","lastModifiedDate":"2024-01-29"},{"lineNumber":7,"author":{"gitId":"jiahui0309"},"content":"    private Storage storage;","lastModifiedDate":"2024-01-29"},{"lineNumber":8,"author":{"gitId":"jiahui0309"},"content":"    private TaskList tasks;","lastModifiedDate":"2024-01-29"},{"lineNumber":9,"author":{"gitId":"jiahui0309"},"content":"","lastModifiedDate":"2024-01-22"},{"lineNumber":10,"author":{"gitId":"jiahui0309"},"content":"    public enum TaskType {","lastModifiedDate":"2024-01-28"},{"lineNumber":11,"author":{"gitId":"jiahui0309"},"content":"        TODO,","lastModifiedDate":"2024-01-28"},{"lineNumber":12,"author":{"gitId":"jiahui0309"},"content":"        DEADLINE,","lastModifiedDate":"2024-01-28"},{"lineNumber":13,"author":{"gitId":"jiahui0309"},"content":"        EVENT","lastModifiedDate":"2024-01-28"},{"lineNumber":14,"author":{"gitId":"jiahui0309"},"content":"    }","lastModifiedDate":"2024-01-28"},{"lineNumber":15,"author":{"gitId":"jiahui0309"},"content":"","lastModifiedDate":"2024-01-28"},{"lineNumber":16,"author":{"gitId":"jiahui0309"},"content":"    private static final String FILE_PATH \u003d \"./data/duke.txt\";","lastModifiedDate":"2024-01-28"},{"lineNumber":17,"author":{"gitId":"jiahui0309"},"content":"","lastModifiedDate":"2024-01-28"},{"lineNumber":18,"author":{"gitId":"jiahui0309"},"content":"    public Dino(String filePath) {","lastModifiedDate":"2024-01-29"},{"lineNumber":19,"author":{"gitId":"jiahui0309"},"content":"        ui \u003d new Ui();","lastModifiedDate":"2024-01-29"},{"lineNumber":20,"author":{"gitId":"jiahui0309"},"content":"        storage \u003d new Storage(filePath);","lastModifiedDate":"2024-01-29"},{"lineNumber":21,"author":{"gitId":"jiahui0309"},"content":"        tasks \u003d storage.loadTasksFromFile();","lastModifiedDate":"2024-01-29"},{"lineNumber":22,"author":{"gitId":"jiahui0309"},"content":"","lastModifiedDate":"2024-01-28"},{"lineNumber":23,"author":{"gitId":"jiahui0309"},"content":"    }","lastModifiedDate":"2024-01-28"},{"lineNumber":24,"author":{"gitId":"jiahui0309"},"content":"","lastModifiedDate":"2024-01-28"},{"lineNumber":25,"author":{"gitId":"jiahui0309"},"content":"    public void run() {","lastModifiedDate":"2024-01-29"},{"lineNumber":26,"author":{"gitId":"jiahui0309"},"content":"        ui.welcome();","lastModifiedDate":"2024-01-29"},{"lineNumber":27,"author":{"gitId":"jiahui0309"},"content":"","lastModifiedDate":"2024-01-22"},{"lineNumber":28,"author":{"gitId":"jiahui0309"},"content":"        Scanner sc \u003d new Scanner(System.in);","lastModifiedDate":"2024-01-21"},{"lineNumber":29,"author":{"gitId":"jiahui0309"},"content":"        Parser parser \u003d new Parser(tasks, ui, sc);","lastModifiedDate":"2024-01-29"},{"lineNumber":30,"author":{"gitId":"jiahui0309"},"content":"","lastModifiedDate":"2024-01-21"},{"lineNumber":31,"author":{"gitId":"jiahui0309"},"content":"        while (true) {","lastModifiedDate":"2024-01-21"},{"lineNumber":32,"author":{"gitId":"jiahui0309"},"content":"            String command \u003d sc.nextLine();","lastModifiedDate":"2024-01-29"},{"lineNumber":33,"author":{"gitId":"jiahui0309"},"content":"            if (command.equals(\"bye\")) {","lastModifiedDate":"2024-01-29"},{"lineNumber":34,"author":{"gitId":"jiahui0309"},"content":"                storage.saveTasksToFile(tasks.getTaskList());","lastModifiedDate":"2024-01-29"},{"lineNumber":35,"author":{"gitId":"jiahui0309"},"content":"                ui.goodbye();","lastModifiedDate":"2024-01-29"},{"lineNumber":36,"author":{"gitId":"jiahui0309"},"content":"                sc.close();","lastModifiedDate":"2024-01-22"},{"lineNumber":37,"author":{"gitId":"jiahui0309"},"content":"                break;","lastModifiedDate":"2024-01-28"},{"lineNumber":38,"author":{"gitId":"jiahui0309"},"content":"            }","lastModifiedDate":"2024-01-21"},{"lineNumber":39,"author":{"gitId":"jiahui0309"},"content":"            parser.parseCommand(command);","lastModifiedDate":"2024-01-29"},{"lineNumber":40,"author":{"gitId":"jiahui0309"},"content":"        }","lastModifiedDate":"2024-01-21"},{"lineNumber":41,"author":{"gitId":"jiahui0309"},"content":"    }","lastModifiedDate":"2024-01-21"},{"lineNumber":42,"author":{"gitId":"jiahui0309"},"content":"","lastModifiedDate":"2024-01-22"},{"lineNumber":43,"author":{"gitId":"jiahui0309"},"content":"    public static void main(String[] args) {","lastModifiedDate":"2024-01-22"},{"lineNumber":44,"author":{"gitId":"jiahui0309"},"content":"        new Dino(FILE_PATH).run();","lastModifiedDate":"2024-01-29"},{"lineNumber":45,"author":{"gitId":"jiahui0309"},"content":"    }","lastModifiedDate":"2024-01-21"},{"lineNumber":46,"author":{"gitId":"jiahui0309"},"content":"}","lastModifiedDate":"2024-01-21"}],"authorContributionMap":{"jiahui0309":46}},{"path":"src/main/java/dino/command/DinoException.java","fileType":"java","lines":[{"lineNumber":1,"author":{"gitId":"jiahui0309"},"content":"package dino.command;","lastModifiedDate":"2024-01-29"},{"lineNumber":2,"author":{"gitId":"jiahui0309"},"content":"","lastModifiedDate":"2024-01-29"},{"lineNumber":3,"author":{"gitId":"jiahui0309"},"content":"public class DinoException extends Exception {","lastModifiedDate":"2024-01-22"},{"lineNumber":4,"author":{"gitId":"jiahui0309"},"content":"","lastModifiedDate":"2024-01-22"},{"lineNumber":5,"author":{"gitId":"jiahui0309"},"content":"    public DinoException(String message) {","lastModifiedDate":"2024-01-22"},{"lineNumber":6,"author":{"gitId":"jiahui0309"},"content":"        super(message);","lastModifiedDate":"2024-01-22"},{"lineNumber":7,"author":{"gitId":"jiahui0309"},"content":"    }","lastModifiedDate":"2024-01-22"},{"lineNumber":8,"author":{"gitId":"jiahui0309"},"content":"","lastModifiedDate":"2024-01-22"},{"lineNumber":9,"author":{"gitId":"jiahui0309"},"content":"}","lastModifiedDate":"2024-01-22"}],"authorContributionMap":{"jiahui0309":9}},{"path":"src/main/java/dino/command/Parser.java","fileType":"java","lines":[{"lineNumber":1,"author":{"gitId":"jiahui0309"},"content":"package dino.command;","lastModifiedDate":"2024-01-29"},{"lineNumber":2,"author":{"gitId":"jiahui0309"},"content":"","lastModifiedDate":"2024-01-29"},{"lineNumber":3,"author":{"gitId":"jiahui0309"},"content":"import dino.task.Deadline;","lastModifiedDate":"2024-01-29"},{"lineNumber":4,"author":{"gitId":"jiahui0309"},"content":"import dino.task.Event;","lastModifiedDate":"2024-01-29"},{"lineNumber":5,"author":{"gitId":"jiahui0309"},"content":"import dino.task.Task;","lastModifiedDate":"2024-01-29"},{"lineNumber":6,"author":{"gitId":"jiahui0309"},"content":"import dino.task.ToDo;","lastModifiedDate":"2024-01-29"},{"lineNumber":7,"author":{"gitId":"jiahui0309"},"content":"","lastModifiedDate":"2024-01-29"},{"lineNumber":8,"author":{"gitId":"jiahui0309"},"content":"import java.time.LocalDate;","lastModifiedDate":"2024-01-29"},{"lineNumber":9,"author":{"gitId":"jiahui0309"},"content":"import java.time.LocalDateTime;","lastModifiedDate":"2024-01-29"},{"lineNumber":10,"author":{"gitId":"jiahui0309"},"content":"import java.time.LocalTime;","lastModifiedDate":"2024-01-29"},{"lineNumber":11,"author":{"gitId":"jiahui0309"},"content":"import java.time.format.DateTimeFormatter;","lastModifiedDate":"2024-01-29"},{"lineNumber":12,"author":{"gitId":"jiahui0309"},"content":"import java.time.format.DateTimeParseException;","lastModifiedDate":"2024-01-29"},{"lineNumber":13,"author":{"gitId":"jiahui0309"},"content":"import java.util.Locale;","lastModifiedDate":"2024-01-29"},{"lineNumber":14,"author":{"gitId":"jiahui0309"},"content":"import java.util.Scanner;","lastModifiedDate":"2024-01-29"},{"lineNumber":15,"author":{"gitId":"jiahui0309"},"content":"","lastModifiedDate":"2024-01-29"},{"lineNumber":16,"author":{"gitId":"jiahui0309"},"content":"public class Parser {","lastModifiedDate":"2024-01-29"},{"lineNumber":17,"author":{"gitId":"jiahui0309"},"content":"","lastModifiedDate":"2024-01-29"},{"lineNumber":18,"author":{"gitId":"jiahui0309"},"content":"    private TaskList tasks;","lastModifiedDate":"2024-01-29"},{"lineNumber":19,"author":{"gitId":"jiahui0309"},"content":"    private Ui ui;","lastModifiedDate":"2024-01-29"},{"lineNumber":20,"author":{"gitId":"jiahui0309"},"content":"    private Dino.TaskType taskType;","lastModifiedDate":"2024-01-29"},{"lineNumber":21,"author":{"gitId":"jiahui0309"},"content":"    private Scanner sc;","lastModifiedDate":"2024-01-29"},{"lineNumber":22,"author":{"gitId":"jiahui0309"},"content":"","lastModifiedDate":"2024-01-29"},{"lineNumber":23,"author":{"gitId":"jiahui0309"},"content":"    public Parser(TaskList tasks, Ui ui, Scanner sc) {","lastModifiedDate":"2024-01-29"},{"lineNumber":24,"author":{"gitId":"jiahui0309"},"content":"        this.tasks \u003d tasks;","lastModifiedDate":"2024-01-29"},{"lineNumber":25,"author":{"gitId":"jiahui0309"},"content":"        this.ui \u003d ui;","lastModifiedDate":"2024-01-29"},{"lineNumber":26,"author":{"gitId":"jiahui0309"},"content":"        this.sc \u003d sc;","lastModifiedDate":"2024-01-29"},{"lineNumber":27,"author":{"gitId":"jiahui0309"},"content":"    }","lastModifiedDate":"2024-01-29"},{"lineNumber":28,"author":{"gitId":"jiahui0309"},"content":"","lastModifiedDate":"2024-01-29"},{"lineNumber":29,"author":{"gitId":"jiahui0309"},"content":"    public void parseCommand(String command) {","lastModifiedDate":"2024-01-29"},{"lineNumber":30,"author":{"gitId":"jiahui0309"},"content":"","lastModifiedDate":"2024-01-29"},{"lineNumber":31,"author":{"gitId":"jiahui0309"},"content":"        while (true) {","lastModifiedDate":"2024-01-29"},{"lineNumber":32,"author":{"gitId":"jiahui0309"},"content":"            switch (command) {","lastModifiedDate":"2024-01-29"},{"lineNumber":33,"author":{"gitId":"jiahui0309"},"content":"                case \"list\":","lastModifiedDate":"2024-01-29"},{"lineNumber":34,"author":{"gitId":"jiahui0309"},"content":"                    tasks.listTask();","lastModifiedDate":"2024-01-29"},{"lineNumber":35,"author":{"gitId":"jiahui0309"},"content":"                    break;","lastModifiedDate":"2024-01-29"},{"lineNumber":36,"author":{"gitId":"jiahui0309"},"content":"","lastModifiedDate":"2024-01-29"},{"lineNumber":37,"author":{"gitId":"jiahui0309"},"content":"                case \"bye\":","lastModifiedDate":"2024-01-29"},{"lineNumber":38,"author":{"gitId":"jiahui0309"},"content":"                    break;","lastModifiedDate":"2024-01-29"},{"lineNumber":39,"author":{"gitId":"jiahui0309"},"content":"","lastModifiedDate":"2024-01-29"},{"lineNumber":40,"author":{"gitId":"jiahui0309"},"content":"                case \"delete\":","lastModifiedDate":"2024-01-29"},{"lineNumber":41,"author":{"gitId":"jiahui0309"},"content":"                    try {","lastModifiedDate":"2024-01-29"},{"lineNumber":42,"author":{"gitId":"jiahui0309"},"content":"                        int taskNum \u003d sc.nextInt();","lastModifiedDate":"2024-01-29"},{"lineNumber":43,"author":{"gitId":"jiahui0309"},"content":"                        tasks.deleteTask(taskNum);","lastModifiedDate":"2024-01-29"},{"lineNumber":44,"author":{"gitId":"jiahui0309"},"content":"                    } catch (DinoException e) {","lastModifiedDate":"2024-01-29"},{"lineNumber":45,"author":{"gitId":"jiahui0309"},"content":"                        System.out.println(\"Error: \" + e.getMessage());","lastModifiedDate":"2024-01-29"},{"lineNumber":46,"author":{"gitId":"jiahui0309"},"content":"                    }","lastModifiedDate":"2024-01-29"},{"lineNumber":47,"author":{"gitId":"jiahui0309"},"content":"                    break;","lastModifiedDate":"2024-01-29"},{"lineNumber":48,"author":{"gitId":"jiahui0309"},"content":"","lastModifiedDate":"2024-01-29"},{"lineNumber":49,"author":{"gitId":"jiahui0309"},"content":"                case \"todo\":","lastModifiedDate":"2024-01-29"},{"lineNumber":50,"author":{"gitId":"jiahui0309"},"content":"                    taskType \u003d Dino.TaskType.TODO;","lastModifiedDate":"2024-01-29"},{"lineNumber":51,"author":{"gitId":"jiahui0309"},"content":"                    handleTaskCreation(sc, taskType);","lastModifiedDate":"2024-01-29"},{"lineNumber":52,"author":{"gitId":"jiahui0309"},"content":"                    break;","lastModifiedDate":"2024-01-29"},{"lineNumber":53,"author":{"gitId":"jiahui0309"},"content":"","lastModifiedDate":"2024-01-29"},{"lineNumber":54,"author":{"gitId":"jiahui0309"},"content":"                case \"deadline\":","lastModifiedDate":"2024-01-29"},{"lineNumber":55,"author":{"gitId":"jiahui0309"},"content":"                    taskType \u003d Dino.TaskType.DEADLINE;","lastModifiedDate":"2024-01-29"},{"lineNumber":56,"author":{"gitId":"jiahui0309"},"content":"                    handleTaskCreation(sc, taskType);","lastModifiedDate":"2024-01-29"},{"lineNumber":57,"author":{"gitId":"jiahui0309"},"content":"                    break;","lastModifiedDate":"2024-01-29"},{"lineNumber":58,"author":{"gitId":"jiahui0309"},"content":"","lastModifiedDate":"2024-01-29"},{"lineNumber":59,"author":{"gitId":"jiahui0309"},"content":"                case \"event\":","lastModifiedDate":"2024-01-29"},{"lineNumber":60,"author":{"gitId":"jiahui0309"},"content":"                    taskType \u003d Dino.TaskType.EVENT;","lastModifiedDate":"2024-01-29"},{"lineNumber":61,"author":{"gitId":"jiahui0309"},"content":"                    handleTaskCreation(sc, taskType);","lastModifiedDate":"2024-01-29"},{"lineNumber":62,"author":{"gitId":"jiahui0309"},"content":"                    break;","lastModifiedDate":"2024-01-29"},{"lineNumber":63,"author":{"gitId":"jiahui0309"},"content":"","lastModifiedDate":"2024-01-29"},{"lineNumber":64,"author":{"gitId":"jiahui0309"},"content":"                case \"filter\":","lastModifiedDate":"2024-01-29"},{"lineNumber":65,"author":{"gitId":"jiahui0309"},"content":"                    printTasksForDate(sc);","lastModifiedDate":"2024-01-29"},{"lineNumber":66,"author":{"gitId":"jiahui0309"},"content":"                    break;","lastModifiedDate":"2024-01-29"},{"lineNumber":67,"author":{"gitId":"jiahui0309"},"content":"","lastModifiedDate":"2024-01-29"},{"lineNumber":68,"author":{"gitId":"jiahui0309"},"content":"                case \"mark\":","lastModifiedDate":"2024-01-29"},{"lineNumber":69,"author":{"gitId":"jiahui0309"},"content":"                    int taskNum \u003d sc.nextInt();","lastModifiedDate":"2024-01-29"},{"lineNumber":70,"author":{"gitId":"jiahui0309"},"content":"                    if (taskNum \u003e tasks.size()) {","lastModifiedDate":"2024-01-29"},{"lineNumber":71,"author":{"gitId":"jiahui0309"},"content":"                        System.out.println(\"Uh oh, we do not have a task assigned to that number.\");","lastModifiedDate":"2024-01-29"},{"lineNumber":72,"author":{"gitId":"jiahui0309"},"content":"                    } else {","lastModifiedDate":"2024-01-29"},{"lineNumber":73,"author":{"gitId":"jiahui0309"},"content":"                        System.out.println(\"Good job on completing the task! I have checked it off the list.\");","lastModifiedDate":"2024-01-29"},{"lineNumber":74,"author":{"gitId":"jiahui0309"},"content":"                        Task completed \u003d tasks.get(taskNum - 1);","lastModifiedDate":"2024-01-29"},{"lineNumber":75,"author":{"gitId":"jiahui0309"},"content":"                        completed.markAsDone();","lastModifiedDate":"2024-01-29"},{"lineNumber":76,"author":{"gitId":"jiahui0309"},"content":"                    }","lastModifiedDate":"2024-01-29"},{"lineNumber":77,"author":{"gitId":"jiahui0309"},"content":"                    break;","lastModifiedDate":"2024-01-29"},{"lineNumber":78,"author":{"gitId":"jiahui0309"},"content":"","lastModifiedDate":"2024-01-29"},{"lineNumber":79,"author":{"gitId":"jiahui0309"},"content":"                case \"unmark\":","lastModifiedDate":"2024-01-29"},{"lineNumber":80,"author":{"gitId":"jiahui0309"},"content":"                    int taskNumber \u003d sc.nextInt();","lastModifiedDate":"2024-01-29"},{"lineNumber":81,"author":{"gitId":"jiahui0309"},"content":"                    if (taskNumber \u003e tasks.size()) {","lastModifiedDate":"2024-01-29"},{"lineNumber":82,"author":{"gitId":"jiahui0309"},"content":"                        System.out.println(\"Uh oh, we do not have a task assigned to that number.\");","lastModifiedDate":"2024-01-29"},{"lineNumber":83,"author":{"gitId":"jiahui0309"},"content":"                    } else {","lastModifiedDate":"2024-01-29"},{"lineNumber":84,"author":{"gitId":"jiahui0309"},"content":"                        System.out.println(\"Ah, I will mark it as undone. Remember to do it asap!\");","lastModifiedDate":"2024-01-29"},{"lineNumber":85,"author":{"gitId":"jiahui0309"},"content":"                        Task missing \u003d tasks.get(taskNumber - 1);","lastModifiedDate":"2024-01-29"},{"lineNumber":86,"author":{"gitId":"jiahui0309"},"content":"                        missing.markAsUndone();","lastModifiedDate":"2024-01-29"},{"lineNumber":87,"author":{"gitId":"jiahui0309"},"content":"                    }","lastModifiedDate":"2024-01-29"},{"lineNumber":88,"author":{"gitId":"jiahui0309"},"content":"                    break;","lastModifiedDate":"2024-01-29"},{"lineNumber":89,"author":{"gitId":"jiahui0309"},"content":"","lastModifiedDate":"2024-01-29"},{"lineNumber":90,"author":{"gitId":"jiahui0309"},"content":"                default:","lastModifiedDate":"2024-01-29"},{"lineNumber":91,"author":{"gitId":"jiahui0309"},"content":"                    try {","lastModifiedDate":"2024-01-29"},{"lineNumber":92,"author":{"gitId":"jiahui0309"},"content":"                        throw new DinoException(\"I don\u0027t understand ;;\");","lastModifiedDate":"2024-01-29"},{"lineNumber":93,"author":{"gitId":"jiahui0309"},"content":"                    } catch (DinoException e) {","lastModifiedDate":"2024-01-29"},{"lineNumber":94,"author":{"gitId":"jiahui0309"},"content":"                        System.out.println(\"Error: \" + e.getMessage());","lastModifiedDate":"2024-01-29"},{"lineNumber":95,"author":{"gitId":"jiahui0309"},"content":"                    }","lastModifiedDate":"2024-01-29"},{"lineNumber":96,"author":{"gitId":"jiahui0309"},"content":"                    break;","lastModifiedDate":"2024-01-29"},{"lineNumber":97,"author":{"gitId":"jiahui0309"},"content":"            }","lastModifiedDate":"2024-01-29"},{"lineNumber":98,"author":{"gitId":"jiahui0309"},"content":"        }","lastModifiedDate":"2024-01-29"},{"lineNumber":99,"author":{"gitId":"jiahui0309"},"content":"    }","lastModifiedDate":"2024-01-29"},{"lineNumber":100,"author":{"gitId":"jiahui0309"},"content":"","lastModifiedDate":"2024-01-29"},{"lineNumber":101,"author":{"gitId":"jiahui0309"},"content":"    private void handleTaskCreation(Scanner sc, Dino.TaskType taskType) {","lastModifiedDate":"2024-01-29"},{"lineNumber":102,"author":{"gitId":"jiahui0309"},"content":"        try {","lastModifiedDate":"2024-01-29"},{"lineNumber":103,"author":{"gitId":"jiahui0309"},"content":"            String taskDetails \u003d sc.nextLine().trim();","lastModifiedDate":"2024-01-29"},{"lineNumber":104,"author":{"gitId":"jiahui0309"},"content":"            if (taskDetails.isEmpty()) {","lastModifiedDate":"2024-01-29"},{"lineNumber":105,"author":{"gitId":"jiahui0309"},"content":"                throw new DinoException(\"Description cannot be empty.\");","lastModifiedDate":"2024-01-29"},{"lineNumber":106,"author":{"gitId":"jiahui0309"},"content":"            }","lastModifiedDate":"2024-01-29"},{"lineNumber":107,"author":{"gitId":"jiahui0309"},"content":"","lastModifiedDate":"2024-01-29"},{"lineNumber":108,"author":{"gitId":"jiahui0309"},"content":"            tasks.addTask(createTaskFromInput(taskType, taskDetails));","lastModifiedDate":"2024-01-29"},{"lineNumber":109,"author":{"gitId":"jiahui0309"},"content":"","lastModifiedDate":"2024-01-29"},{"lineNumber":110,"author":{"gitId":"jiahui0309"},"content":"            System.out.println(\"Okay.\");","lastModifiedDate":"2024-01-29"},{"lineNumber":111,"author":{"gitId":"jiahui0309"},"content":"            System.out.println(\"  \" + tasks.get(tasks.size() - 1));","lastModifiedDate":"2024-01-29"},{"lineNumber":112,"author":{"gitId":"jiahui0309"},"content":"            System.out.println(\"Now you have \" + tasks.size() + \" in the list.\");","lastModifiedDate":"2024-01-29"},{"lineNumber":113,"author":{"gitId":"jiahui0309"},"content":"        } catch (DinoException e) {","lastModifiedDate":"2024-01-29"},{"lineNumber":114,"author":{"gitId":"jiahui0309"},"content":"            System.out.println(\"Error: \" + e.getMessage());","lastModifiedDate":"2024-01-29"},{"lineNumber":115,"author":{"gitId":"jiahui0309"},"content":"        }","lastModifiedDate":"2024-01-29"},{"lineNumber":116,"author":{"gitId":"jiahui0309"},"content":"    }","lastModifiedDate":"2024-01-29"},{"lineNumber":117,"author":{"gitId":"jiahui0309"},"content":"","lastModifiedDate":"2024-01-29"},{"lineNumber":118,"author":{"gitId":"jiahui0309"},"content":"    public Task createTaskFromInput(Dino.TaskType taskType, String taskDetails) throws DinoException {","lastModifiedDate":"2024-01-29"},{"lineNumber":119,"author":{"gitId":"jiahui0309"},"content":"        switch (taskType) {","lastModifiedDate":"2024-01-29"},{"lineNumber":120,"author":{"gitId":"jiahui0309"},"content":"            case TODO:","lastModifiedDate":"2024-01-29"},{"lineNumber":121,"author":{"gitId":"jiahui0309"},"content":"                return new ToDo(taskDetails);","lastModifiedDate":"2024-01-29"},{"lineNumber":122,"author":{"gitId":"jiahui0309"},"content":"","lastModifiedDate":"2024-01-29"},{"lineNumber":123,"author":{"gitId":"jiahui0309"},"content":"            case DEADLINE:","lastModifiedDate":"2024-01-29"},{"lineNumber":124,"author":{"gitId":"jiahui0309"},"content":"                String[] deadlineParts \u003d taskDetails.split(\"/by\");","lastModifiedDate":"2024-01-29"},{"lineNumber":125,"author":{"gitId":"jiahui0309"},"content":"                if (deadlineParts.length !\u003d 2) {","lastModifiedDate":"2024-01-29"},{"lineNumber":126,"author":{"gitId":"jiahui0309"},"content":"                    throw new DinoException(\"Invalid input format for deadline. Please use: deadline \u003cdeadline name\u003e /by \u003ctime\u003e\");","lastModifiedDate":"2024-01-29"},{"lineNumber":127,"author":{"gitId":"jiahui0309"},"content":"                }","lastModifiedDate":"2024-01-29"},{"lineNumber":128,"author":{"gitId":"jiahui0309"},"content":"                String deadlineName \u003d deadlineParts[0].trim();","lastModifiedDate":"2024-01-29"},{"lineNumber":129,"author":{"gitId":"jiahui0309"},"content":"                String deadlineTimeString \u003d deadlineParts[1].trim();","lastModifiedDate":"2024-01-29"},{"lineNumber":130,"author":{"gitId":"jiahui0309"},"content":"                if (deadlineName.isEmpty() || deadlineTimeString.isEmpty()) {","lastModifiedDate":"2024-01-29"},{"lineNumber":131,"author":{"gitId":"jiahui0309"},"content":"                    throw new DinoException(\"Deadline name and time cannot be empty.\");","lastModifiedDate":"2024-01-29"},{"lineNumber":132,"author":{"gitId":"jiahui0309"},"content":"                }","lastModifiedDate":"2024-01-29"},{"lineNumber":133,"author":{"gitId":"jiahui0309"},"content":"","lastModifiedDate":"2024-01-29"},{"lineNumber":134,"author":{"gitId":"jiahui0309"},"content":"                try {","lastModifiedDate":"2024-01-29"},{"lineNumber":135,"author":{"gitId":"jiahui0309"},"content":"                    return new Deadline(deadlineName, parseStringToTime(deadlineTimeString));","lastModifiedDate":"2024-01-29"},{"lineNumber":136,"author":{"gitId":"jiahui0309"},"content":"                } catch (DateTimeParseException e) {","lastModifiedDate":"2024-01-29"},{"lineNumber":137,"author":{"gitId":"jiahui0309"},"content":"                    throw new DinoException(\"Error parsing deadline date and time: \" + e.getMessage());","lastModifiedDate":"2024-01-29"},{"lineNumber":138,"author":{"gitId":"jiahui0309"},"content":"                }","lastModifiedDate":"2024-01-29"},{"lineNumber":139,"author":{"gitId":"jiahui0309"},"content":"","lastModifiedDate":"2024-01-29"},{"lineNumber":140,"author":{"gitId":"jiahui0309"},"content":"            case EVENT:","lastModifiedDate":"2024-01-29"},{"lineNumber":141,"author":{"gitId":"jiahui0309"},"content":"                String[] eventParts \u003d taskDetails.split(\"/from|/to\");","lastModifiedDate":"2024-01-29"},{"lineNumber":142,"author":{"gitId":"jiahui0309"},"content":"                if (eventParts.length !\u003d 3) {","lastModifiedDate":"2024-01-29"},{"lineNumber":143,"author":{"gitId":"jiahui0309"},"content":"                    throw new DinoException(\"Invalid input format for event. Please use: event \u003cevent name\u003e /from \u003ctime\u003e /to \u003ctime\u003e\");","lastModifiedDate":"2024-01-29"},{"lineNumber":144,"author":{"gitId":"jiahui0309"},"content":"                }","lastModifiedDate":"2024-01-29"},{"lineNumber":145,"author":{"gitId":"jiahui0309"},"content":"                String eventName \u003d eventParts[0].trim();","lastModifiedDate":"2024-01-29"},{"lineNumber":146,"author":{"gitId":"jiahui0309"},"content":"                String startTimeString \u003d eventParts[1].trim();","lastModifiedDate":"2024-01-29"},{"lineNumber":147,"author":{"gitId":"jiahui0309"},"content":"                String endTimeString \u003d eventParts[2].trim();","lastModifiedDate":"2024-01-29"},{"lineNumber":148,"author":{"gitId":"jiahui0309"},"content":"                if (eventName.isEmpty() || startTimeString.isEmpty() || endTimeString.isEmpty()) {","lastModifiedDate":"2024-01-29"},{"lineNumber":149,"author":{"gitId":"jiahui0309"},"content":"                    throw new DinoException(\"Event name, start time, and end time cannot be empty.\");","lastModifiedDate":"2024-01-29"},{"lineNumber":150,"author":{"gitId":"jiahui0309"},"content":"                }","lastModifiedDate":"2024-01-29"},{"lineNumber":151,"author":{"gitId":"jiahui0309"},"content":"","lastModifiedDate":"2024-01-29"},{"lineNumber":152,"author":{"gitId":"jiahui0309"},"content":"                try {","lastModifiedDate":"2024-01-29"},{"lineNumber":153,"author":{"gitId":"jiahui0309"},"content":"                    LocalDateTime startTime \u003d parseStringToTime(startTimeString);","lastModifiedDate":"2024-01-29"},{"lineNumber":154,"author":{"gitId":"jiahui0309"},"content":"                    LocalDateTime endTime \u003d parseStringToTime(endTimeString);","lastModifiedDate":"2024-01-29"},{"lineNumber":155,"author":{"gitId":"jiahui0309"},"content":"                    return new Event(eventName, startTime, endTime);","lastModifiedDate":"2024-01-29"},{"lineNumber":156,"author":{"gitId":"jiahui0309"},"content":"                } catch (DateTimeParseException e) {","lastModifiedDate":"2024-01-29"},{"lineNumber":157,"author":{"gitId":"jiahui0309"},"content":"                    throw new DinoException(\"Error parsing event date and time: \" + e.getMessage());","lastModifiedDate":"2024-01-29"},{"lineNumber":158,"author":{"gitId":"jiahui0309"},"content":"                }","lastModifiedDate":"2024-01-29"},{"lineNumber":159,"author":{"gitId":"jiahui0309"},"content":"","lastModifiedDate":"2024-01-29"},{"lineNumber":160,"author":{"gitId":"jiahui0309"},"content":"            default:","lastModifiedDate":"2024-01-29"},{"lineNumber":161,"author":{"gitId":"jiahui0309"},"content":"                throw new DinoException(\"Unknown task type: \" + taskType);","lastModifiedDate":"2024-01-29"},{"lineNumber":162,"author":{"gitId":"jiahui0309"},"content":"        }","lastModifiedDate":"2024-01-29"},{"lineNumber":163,"author":{"gitId":"jiahui0309"},"content":"    }","lastModifiedDate":"2024-01-29"},{"lineNumber":164,"author":{"gitId":"jiahui0309"},"content":"","lastModifiedDate":"2024-01-29"},{"lineNumber":165,"author":{"gitId":"jiahui0309"},"content":"","lastModifiedDate":"2024-01-29"},{"lineNumber":166,"author":{"gitId":"jiahui0309"},"content":"    public LocalDateTime parseStringToTime(String time) {","lastModifiedDate":"2024-01-29"},{"lineNumber":167,"author":{"gitId":"jiahui0309"},"content":"        DateTimeFormatter dateOnlyFormatter \u003d DateTimeFormatter.ofPattern(\"yyyy-MM-dd\", Locale.ENGLISH);","lastModifiedDate":"2024-01-29"},{"lineNumber":168,"author":{"gitId":"jiahui0309"},"content":"        DateTimeFormatter dateTimeFormatter \u003d DateTimeFormatter.ofPattern(\"yyyy-MM-dd HHmm\", Locale.ENGLISH);","lastModifiedDate":"2024-01-29"},{"lineNumber":169,"author":{"gitId":"jiahui0309"},"content":"","lastModifiedDate":"2024-01-29"},{"lineNumber":170,"author":{"gitId":"jiahui0309"},"content":"        LocalDateTime deadlineTime;","lastModifiedDate":"2024-01-29"},{"lineNumber":171,"author":{"gitId":"jiahui0309"},"content":"        if (time.contains(\" \")) {","lastModifiedDate":"2024-01-29"},{"lineNumber":172,"author":{"gitId":"jiahui0309"},"content":"            deadlineTime \u003d LocalDateTime.parse(time, dateTimeFormatter);","lastModifiedDate":"2024-01-29"},{"lineNumber":173,"author":{"gitId":"jiahui0309"},"content":"        } else {","lastModifiedDate":"2024-01-29"},{"lineNumber":174,"author":{"gitId":"jiahui0309"},"content":"            deadlineTime \u003d LocalDateTime.of(LocalDate.parse(time, dateOnlyFormatter), LocalTime.MIDNIGHT);","lastModifiedDate":"2024-01-29"},{"lineNumber":175,"author":{"gitId":"jiahui0309"},"content":"        }","lastModifiedDate":"2024-01-29"},{"lineNumber":176,"author":{"gitId":"jiahui0309"},"content":"        return deadlineTime;","lastModifiedDate":"2024-01-29"},{"lineNumber":177,"author":{"gitId":"jiahui0309"},"content":"    }","lastModifiedDate":"2024-01-29"},{"lineNumber":178,"author":{"gitId":"jiahui0309"},"content":"","lastModifiedDate":"2024-01-29"},{"lineNumber":179,"author":{"gitId":"jiahui0309"},"content":"    public String parseStringToNum(String time) {","lastModifiedDate":"2024-01-29"},{"lineNumber":180,"author":{"gitId":"jiahui0309"},"content":"        time \u003d time.trim();","lastModifiedDate":"2024-01-29"},{"lineNumber":181,"author":{"gitId":"jiahui0309"},"content":"        DateTimeFormatter dateOnlyFormatter \u003d DateTimeFormatter.ofPattern(\"MMM dd yyyy\", Locale.ENGLISH);","lastModifiedDate":"2024-01-29"},{"lineNumber":182,"author":{"gitId":"jiahui0309"},"content":"        DateTimeFormatter dateTimeFormatter \u003d DateTimeFormatter.ofPattern(\"MMM dd yyyy HH:mm\", Locale.ENGLISH);","lastModifiedDate":"2024-01-29"},{"lineNumber":183,"author":{"gitId":"jiahui0309"},"content":"","lastModifiedDate":"2024-01-29"},{"lineNumber":184,"author":{"gitId":"jiahui0309"},"content":"        LocalDateTime deadlineTime;","lastModifiedDate":"2024-01-29"},{"lineNumber":185,"author":{"gitId":"jiahui0309"},"content":"        if (time.contains(\" \")) {","lastModifiedDate":"2024-01-29"},{"lineNumber":186,"author":{"gitId":"jiahui0309"},"content":"            deadlineTime \u003d LocalDateTime.parse(time, dateTimeFormatter);","lastModifiedDate":"2024-01-29"},{"lineNumber":187,"author":{"gitId":"jiahui0309"},"content":"        } else {","lastModifiedDate":"2024-01-29"},{"lineNumber":188,"author":{"gitId":"jiahui0309"},"content":"            deadlineTime \u003d LocalDateTime.of(LocalDate.parse(time, dateOnlyFormatter), LocalTime.MIDNIGHT);","lastModifiedDate":"2024-01-29"},{"lineNumber":189,"author":{"gitId":"jiahui0309"},"content":"        }","lastModifiedDate":"2024-01-29"},{"lineNumber":190,"author":{"gitId":"jiahui0309"},"content":"","lastModifiedDate":"2024-01-29"},{"lineNumber":191,"author":{"gitId":"jiahui0309"},"content":"        DateTimeFormatter resultFormatter \u003d DateTimeFormatter.ofPattern(\"yyyy-MM-dd\", Locale.ENGLISH);","lastModifiedDate":"2024-01-29"},{"lineNumber":192,"author":{"gitId":"jiahui0309"},"content":"        String formattedDate \u003d deadlineTime.format(resultFormatter);","lastModifiedDate":"2024-01-29"},{"lineNumber":193,"author":{"gitId":"jiahui0309"},"content":"","lastModifiedDate":"2024-01-29"},{"lineNumber":194,"author":{"gitId":"jiahui0309"},"content":"        if (deadlineTime.toLocalTime() !\u003d LocalTime.MIDNIGHT) {","lastModifiedDate":"2024-01-29"},{"lineNumber":195,"author":{"gitId":"jiahui0309"},"content":"            formattedDate +\u003d \" \" + deadlineTime.toLocalTime().format(DateTimeFormatter.ofPattern(\"HHmm\"));","lastModifiedDate":"2024-01-29"},{"lineNumber":196,"author":{"gitId":"jiahui0309"},"content":"        }","lastModifiedDate":"2024-01-29"},{"lineNumber":197,"author":{"gitId":"jiahui0309"},"content":"","lastModifiedDate":"2024-01-29"},{"lineNumber":198,"author":{"gitId":"jiahui0309"},"content":"        return formattedDate;","lastModifiedDate":"2024-01-29"},{"lineNumber":199,"author":{"gitId":"jiahui0309"},"content":"    }","lastModifiedDate":"2024-01-29"},{"lineNumber":200,"author":{"gitId":"jiahui0309"},"content":"","lastModifiedDate":"2024-01-29"},{"lineNumber":201,"author":{"gitId":"jiahui0309"},"content":"    void printTasksForDate(Scanner sc) {","lastModifiedDate":"2024-01-29"},{"lineNumber":202,"author":{"gitId":"jiahui0309"},"content":"        try {","lastModifiedDate":"2024-01-29"},{"lineNumber":203,"author":{"gitId":"jiahui0309"},"content":"            String dateString \u003d sc.next();","lastModifiedDate":"2024-01-29"},{"lineNumber":204,"author":{"gitId":"jiahui0309"},"content":"            DateTimeFormatter dateFormatter \u003d DateTimeFormatter.ofPattern(\"yyyy-MM-dd\", Locale.ENGLISH);","lastModifiedDate":"2024-01-29"},{"lineNumber":205,"author":{"gitId":"jiahui0309"},"content":"            LocalDate date \u003d LocalDate.parse(dateString, dateFormatter);","lastModifiedDate":"2024-01-29"},{"lineNumber":206,"author":{"gitId":"jiahui0309"},"content":"","lastModifiedDate":"2024-01-29"},{"lineNumber":207,"author":{"gitId":"jiahui0309"},"content":"            System.out.println(\"Tasks for \" + date + \":\");","lastModifiedDate":"2024-01-29"},{"lineNumber":208,"author":{"gitId":"jiahui0309"},"content":"","lastModifiedDate":"2024-01-29"},{"lineNumber":209,"author":{"gitId":"jiahui0309"},"content":"            tasks.getTaskList().stream()","lastModifiedDate":"2024-01-29"},{"lineNumber":210,"author":{"gitId":"jiahui0309"},"content":"                    .filter(task -\u003e task instanceof Deadline)","lastModifiedDate":"2024-01-29"},{"lineNumber":211,"author":{"gitId":"jiahui0309"},"content":"                    .map(task -\u003e (Deadline) task)","lastModifiedDate":"2024-01-29"},{"lineNumber":212,"author":{"gitId":"jiahui0309"},"content":"                    .filter(deadline -\u003e deadline.getDateTime().toLocalDate().equals(date))","lastModifiedDate":"2024-01-29"},{"lineNumber":213,"author":{"gitId":"jiahui0309"},"content":"                    .forEach(System.out::println);","lastModifiedDate":"2024-01-29"},{"lineNumber":214,"author":{"gitId":"jiahui0309"},"content":"","lastModifiedDate":"2024-01-29"},{"lineNumber":215,"author":{"gitId":"jiahui0309"},"content":"            tasks.getTaskList().stream()","lastModifiedDate":"2024-01-29"},{"lineNumber":216,"author":{"gitId":"jiahui0309"},"content":"                    .filter(task -\u003e task instanceof Event)","lastModifiedDate":"2024-01-29"},{"lineNumber":217,"author":{"gitId":"jiahui0309"},"content":"                    .map(task -\u003e (Event) task)","lastModifiedDate":"2024-01-29"},{"lineNumber":218,"author":{"gitId":"jiahui0309"},"content":"                    .filter(event -\u003e event.getStartTime().toLocalDate().equals(date) || event.getEndTime().toLocalDate().equals(date))","lastModifiedDate":"2024-01-29"},{"lineNumber":219,"author":{"gitId":"jiahui0309"},"content":"                    .forEach(System.out::println);","lastModifiedDate":"2024-01-29"},{"lineNumber":220,"author":{"gitId":"jiahui0309"},"content":"","lastModifiedDate":"2024-01-29"},{"lineNumber":221,"author":{"gitId":"jiahui0309"},"content":"        } catch (DateTimeParseException e) {","lastModifiedDate":"2024-01-29"},{"lineNumber":222,"author":{"gitId":"jiahui0309"},"content":"            System.out.println(\"Error parsing date: \" + e.getMessage());","lastModifiedDate":"2024-01-29"},{"lineNumber":223,"author":{"gitId":"jiahui0309"},"content":"        }","lastModifiedDate":"2024-01-29"},{"lineNumber":224,"author":{"gitId":"jiahui0309"},"content":"    }","lastModifiedDate":"2024-01-29"},{"lineNumber":225,"author":{"gitId":"jiahui0309"},"content":"}","lastModifiedDate":"2024-01-29"},{"lineNumber":226,"author":{"gitId":"jiahui0309"},"content":"","lastModifiedDate":"2024-01-29"}],"authorContributionMap":{"jiahui0309":226}},{"path":"src/main/java/dino/command/Storage.java","fileType":"java","lines":[{"lineNumber":1,"author":{"gitId":"jiahui0309"},"content":"package dino.command;","lastModifiedDate":"2024-01-29"},{"lineNumber":2,"author":{"gitId":"jiahui0309"},"content":"","lastModifiedDate":"2024-01-29"},{"lineNumber":3,"author":{"gitId":"jiahui0309"},"content":"import dino.command.TaskList;","lastModifiedDate":"2024-01-29"},{"lineNumber":4,"author":{"gitId":"jiahui0309"},"content":"import dino.task.Task;","lastModifiedDate":"2024-01-29"},{"lineNumber":5,"author":{"gitId":"jiahui0309"},"content":"","lastModifiedDate":"2024-01-29"},{"lineNumber":6,"author":{"gitId":"jiahui0309"},"content":"import java.io.File;","lastModifiedDate":"2024-01-29"},{"lineNumber":7,"author":{"gitId":"jiahui0309"},"content":"import java.io.FileNotFoundException;","lastModifiedDate":"2024-01-29"},{"lineNumber":8,"author":{"gitId":"jiahui0309"},"content":"import java.io.FileWriter;","lastModifiedDate":"2024-01-29"},{"lineNumber":9,"author":{"gitId":"jiahui0309"},"content":"import java.io.PrintWriter;","lastModifiedDate":"2024-01-29"},{"lineNumber":10,"author":{"gitId":"jiahui0309"},"content":"import java.io.IOException;","lastModifiedDate":"2024-01-29"},{"lineNumber":11,"author":{"gitId":"jiahui0309"},"content":"","lastModifiedDate":"2024-01-29"},{"lineNumber":12,"author":{"gitId":"jiahui0309"},"content":"import java.util.ArrayList;","lastModifiedDate":"2024-01-29"},{"lineNumber":13,"author":{"gitId":"jiahui0309"},"content":"import java.util.Scanner;","lastModifiedDate":"2024-01-29"},{"lineNumber":14,"author":{"gitId":"jiahui0309"},"content":"","lastModifiedDate":"2024-01-29"},{"lineNumber":15,"author":{"gitId":"jiahui0309"},"content":"public class Storage {","lastModifiedDate":"2024-01-29"},{"lineNumber":16,"author":{"gitId":"jiahui0309"},"content":"    private String filePath;","lastModifiedDate":"2024-01-29"},{"lineNumber":17,"author":{"gitId":"jiahui0309"},"content":"    private Task task;","lastModifiedDate":"2024-01-29"},{"lineNumber":18,"author":{"gitId":"jiahui0309"},"content":"","lastModifiedDate":"2024-01-29"},{"lineNumber":19,"author":{"gitId":"jiahui0309"},"content":"    public Storage(String filePath) {","lastModifiedDate":"2024-01-29"},{"lineNumber":20,"author":{"gitId":"jiahui0309"},"content":"        this.filePath \u003d filePath;","lastModifiedDate":"2024-01-29"},{"lineNumber":21,"author":{"gitId":"jiahui0309"},"content":"    }","lastModifiedDate":"2024-01-29"},{"lineNumber":22,"author":{"gitId":"jiahui0309"},"content":"    public TaskList loadTasksFromFile() {","lastModifiedDate":"2024-01-29"},{"lineNumber":23,"author":{"gitId":"jiahui0309"},"content":"        TaskList taskList \u003d new TaskList();","lastModifiedDate":"2024-01-29"},{"lineNumber":24,"author":{"gitId":"jiahui0309"},"content":"        try {","lastModifiedDate":"2024-01-29"},{"lineNumber":25,"author":{"gitId":"jiahui0309"},"content":"            File file \u003d new File(filePath);","lastModifiedDate":"2024-01-29"},{"lineNumber":26,"author":{"gitId":"jiahui0309"},"content":"            if (!file.exists()) {","lastModifiedDate":"2024-01-29"},{"lineNumber":27,"author":{"gitId":"jiahui0309"},"content":"                System.out.println(\"Data file does not exist. Creating a new file.\");","lastModifiedDate":"2024-01-29"},{"lineNumber":28,"author":{"gitId":"jiahui0309"},"content":"            }","lastModifiedDate":"2024-01-29"},{"lineNumber":29,"author":{"gitId":"jiahui0309"},"content":"","lastModifiedDate":"2024-01-29"},{"lineNumber":30,"author":{"gitId":"jiahui0309"},"content":"            Scanner fileScanner \u003d new Scanner(file);","lastModifiedDate":"2024-01-29"},{"lineNumber":31,"author":{"gitId":"jiahui0309"},"content":"            Parser parser \u003d new Parser(taskList, new Ui(), fileScanner);","lastModifiedDate":"2024-01-29"},{"lineNumber":32,"author":{"gitId":"jiahui0309"},"content":"","lastModifiedDate":"2024-01-29"},{"lineNumber":33,"author":{"gitId":"jiahui0309"},"content":"            while (fileScanner.hasNextLine()) {","lastModifiedDate":"2024-01-29"},{"lineNumber":34,"author":{"gitId":"jiahui0309"},"content":"                String taskData \u003d fileScanner.nextLine();","lastModifiedDate":"2024-01-29"},{"lineNumber":35,"author":{"gitId":"jiahui0309"},"content":"                String[] parts \u003d taskData.split(\"\\\\|\");","lastModifiedDate":"2024-01-29"},{"lineNumber":36,"author":{"gitId":"jiahui0309"},"content":"","lastModifiedDate":"2024-01-29"},{"lineNumber":37,"author":{"gitId":"jiahui0309"},"content":"                if (parts.length \u003e 0) {","lastModifiedDate":"2024-01-29"},{"lineNumber":38,"author":{"gitId":"jiahui0309"},"content":"                    String taskTypeString \u003d parts[0].trim();","lastModifiedDate":"2024-01-29"},{"lineNumber":39,"author":{"gitId":"jiahui0309"},"content":"                    switch (taskTypeString) {","lastModifiedDate":"2024-01-29"},{"lineNumber":40,"author":{"gitId":"jiahui0309"},"content":"                        case \"T\":","lastModifiedDate":"2024-01-29"},{"lineNumber":41,"author":{"gitId":"jiahui0309"},"content":"                            task \u003d parser.createTaskFromInput(Dino.TaskType.TODO, parts[2].trim());","lastModifiedDate":"2024-01-29"},{"lineNumber":42,"author":{"gitId":"jiahui0309"},"content":"                            break;","lastModifiedDate":"2024-01-29"},{"lineNumber":43,"author":{"gitId":"jiahui0309"},"content":"                        case \"D\":","lastModifiedDate":"2024-01-29"},{"lineNumber":44,"author":{"gitId":"jiahui0309"},"content":"                            String[] deadlineParts \u003d parts[3].split(\" by: \");","lastModifiedDate":"2024-01-29"},{"lineNumber":45,"author":{"gitId":"jiahui0309"},"content":"                            String deadlineDetails \u003d parts[2].trim() + \" /by \" + parser.parseStringToNum(deadlineParts[1]);","lastModifiedDate":"2024-01-29"},{"lineNumber":46,"author":{"gitId":"jiahui0309"},"content":"                            task \u003d parser.createTaskFromInput(Dino.TaskType.DEADLINE, deadlineDetails);","lastModifiedDate":"2024-01-29"},{"lineNumber":47,"author":{"gitId":"jiahui0309"},"content":"                            break;","lastModifiedDate":"2024-01-29"},{"lineNumber":48,"author":{"gitId":"jiahui0309"},"content":"                        case \"E\":","lastModifiedDate":"2024-01-29"},{"lineNumber":49,"author":{"gitId":"jiahui0309"},"content":"                            String[] eventParts \u003d parts[3].split(\"from:|to:\");","lastModifiedDate":"2024-01-29"},{"lineNumber":50,"author":{"gitId":"jiahui0309"},"content":"                            String eventDetails \u003d parts[2].trim() + \" /from \" + parser.parseStringToNum(eventParts[1]) +","lastModifiedDate":"2024-01-29"},{"lineNumber":51,"author":{"gitId":"jiahui0309"},"content":"                                    \" /to \" + parser.parseStringToNum(eventParts[2]);","lastModifiedDate":"2024-01-29"},{"lineNumber":52,"author":{"gitId":"jiahui0309"},"content":"                            task \u003d parser.createTaskFromInput(Dino.TaskType.EVENT, eventDetails);","lastModifiedDate":"2024-01-29"},{"lineNumber":53,"author":{"gitId":"jiahui0309"},"content":"                            break;","lastModifiedDate":"2024-01-29"},{"lineNumber":54,"author":{"gitId":"jiahui0309"},"content":"                        default:","lastModifiedDate":"2024-01-29"},{"lineNumber":55,"author":{"gitId":"jiahui0309"},"content":"                            System.out.println(\"Unknown task type in file: \" + taskTypeString);","lastModifiedDate":"2024-01-29"},{"lineNumber":56,"author":{"gitId":"jiahui0309"},"content":"                    }","lastModifiedDate":"2024-01-29"},{"lineNumber":57,"author":{"gitId":"jiahui0309"},"content":"                }","lastModifiedDate":"2024-01-29"},{"lineNumber":58,"author":{"gitId":"jiahui0309"},"content":"","lastModifiedDate":"2024-01-29"},{"lineNumber":59,"author":{"gitId":"jiahui0309"},"content":"                if (task !\u003d null) {","lastModifiedDate":"2024-01-29"},{"lineNumber":60,"author":{"gitId":"jiahui0309"},"content":"                    taskList.addTask(task);","lastModifiedDate":"2024-01-29"},{"lineNumber":61,"author":{"gitId":"jiahui0309"},"content":"                } else {","lastModifiedDate":"2024-01-29"},{"lineNumber":62,"author":{"gitId":"jiahui0309"},"content":"                    System.out.println(\"Error loading task from file. Skipping invalid task.\");","lastModifiedDate":"2024-01-29"},{"lineNumber":63,"author":{"gitId":"jiahui0309"},"content":"                }","lastModifiedDate":"2024-01-29"},{"lineNumber":64,"author":{"gitId":"jiahui0309"},"content":"            }","lastModifiedDate":"2024-01-29"},{"lineNumber":65,"author":{"gitId":"jiahui0309"},"content":"            fileScanner.close();","lastModifiedDate":"2024-01-29"},{"lineNumber":66,"author":{"gitId":"jiahui0309"},"content":"        } catch (FileNotFoundException e) {","lastModifiedDate":"2024-01-29"},{"lineNumber":67,"author":{"gitId":"jiahui0309"},"content":"            System.out.println(\"Error loading tasks from file: \" + e.getMessage());","lastModifiedDate":"2024-01-29"},{"lineNumber":68,"author":{"gitId":"jiahui0309"},"content":"        } catch (DinoException e) {","lastModifiedDate":"2024-01-29"},{"lineNumber":69,"author":{"gitId":"jiahui0309"},"content":"            throw new RuntimeException(e);","lastModifiedDate":"2024-01-29"},{"lineNumber":70,"author":{"gitId":"jiahui0309"},"content":"        }","lastModifiedDate":"2024-01-29"},{"lineNumber":71,"author":{"gitId":"jiahui0309"},"content":"        return taskList;","lastModifiedDate":"2024-01-29"},{"lineNumber":72,"author":{"gitId":"jiahui0309"},"content":"    }","lastModifiedDate":"2024-01-29"},{"lineNumber":73,"author":{"gitId":"jiahui0309"},"content":"","lastModifiedDate":"2024-01-29"},{"lineNumber":74,"author":{"gitId":"jiahui0309"},"content":"    public void saveTasksToFile(ArrayList\u003cTask\u003e taskList) {","lastModifiedDate":"2024-01-29"},{"lineNumber":75,"author":{"gitId":"jiahui0309"},"content":"        try {","lastModifiedDate":"2024-01-29"},{"lineNumber":76,"author":{"gitId":"jiahui0309"},"content":"            File directory \u003d new File(\"data\");","lastModifiedDate":"2024-01-29"},{"lineNumber":77,"author":{"gitId":"jiahui0309"},"content":"            if (!directory.exists()) {","lastModifiedDate":"2024-01-29"},{"lineNumber":78,"author":{"gitId":"jiahui0309"},"content":"                directory.mkdirs();","lastModifiedDate":"2024-01-29"},{"lineNumber":79,"author":{"gitId":"jiahui0309"},"content":"            }","lastModifiedDate":"2024-01-29"},{"lineNumber":80,"author":{"gitId":"jiahui0309"},"content":"","lastModifiedDate":"2024-01-29"},{"lineNumber":81,"author":{"gitId":"jiahui0309"},"content":"            File file \u003d new File(filePath);","lastModifiedDate":"2024-01-29"},{"lineNumber":82,"author":{"gitId":"jiahui0309"},"content":"            if (!file.exists()) {","lastModifiedDate":"2024-01-29"},{"lineNumber":83,"author":{"gitId":"jiahui0309"},"content":"                file.createNewFile();","lastModifiedDate":"2024-01-29"},{"lineNumber":84,"author":{"gitId":"jiahui0309"},"content":"            }","lastModifiedDate":"2024-01-29"},{"lineNumber":85,"author":{"gitId":"jiahui0309"},"content":"","lastModifiedDate":"2024-01-29"},{"lineNumber":86,"author":{"gitId":"jiahui0309"},"content":"            try (PrintWriter writer \u003d new PrintWriter(new FileWriter(file))) {","lastModifiedDate":"2024-01-29"},{"lineNumber":87,"author":{"gitId":"jiahui0309"},"content":"                for (Task task : taskList) {","lastModifiedDate":"2024-01-29"},{"lineNumber":88,"author":{"gitId":"jiahui0309"},"content":"                    writer.println(task.toString());","lastModifiedDate":"2024-01-29"},{"lineNumber":89,"author":{"gitId":"jiahui0309"},"content":"                }","lastModifiedDate":"2024-01-29"},{"lineNumber":90,"author":{"gitId":"jiahui0309"},"content":"            }","lastModifiedDate":"2024-01-29"},{"lineNumber":91,"author":{"gitId":"jiahui0309"},"content":"        } catch (IOException e) {","lastModifiedDate":"2024-01-29"},{"lineNumber":92,"author":{"gitId":"jiahui0309"},"content":"            System.out.println(\"Error saving tasks to file: \" + e.getMessage());","lastModifiedDate":"2024-01-29"},{"lineNumber":93,"author":{"gitId":"jiahui0309"},"content":"        }","lastModifiedDate":"2024-01-29"},{"lineNumber":94,"author":{"gitId":"jiahui0309"},"content":"    }","lastModifiedDate":"2024-01-29"},{"lineNumber":95,"author":{"gitId":"jiahui0309"},"content":"}","lastModifiedDate":"2024-01-29"}],"authorContributionMap":{"jiahui0309":95}},{"path":"src/main/java/dino/command/TaskList.java","fileType":"java","lines":[{"lineNumber":1,"author":{"gitId":"jiahui0309"},"content":"package dino.command;","lastModifiedDate":"2024-01-29"},{"lineNumber":2,"author":{"gitId":"jiahui0309"},"content":"","lastModifiedDate":"2024-01-29"},{"lineNumber":3,"author":{"gitId":"jiahui0309"},"content":"import dino.task.Task;","lastModifiedDate":"2024-01-29"},{"lineNumber":4,"author":{"gitId":"jiahui0309"},"content":"","lastModifiedDate":"2024-01-29"},{"lineNumber":5,"author":{"gitId":"jiahui0309"},"content":"import java.util.ArrayList;","lastModifiedDate":"2024-01-29"},{"lineNumber":6,"author":{"gitId":"jiahui0309"},"content":"","lastModifiedDate":"2024-01-29"},{"lineNumber":7,"author":{"gitId":"jiahui0309"},"content":"public class TaskList {","lastModifiedDate":"2024-01-29"},{"lineNumber":8,"author":{"gitId":"jiahui0309"},"content":"","lastModifiedDate":"2024-01-29"},{"lineNumber":9,"author":{"gitId":"jiahui0309"},"content":"    private ArrayList\u003cTask\u003e taskList;","lastModifiedDate":"2024-01-29"},{"lineNumber":10,"author":{"gitId":"jiahui0309"},"content":"","lastModifiedDate":"2024-01-29"},{"lineNumber":11,"author":{"gitId":"jiahui0309"},"content":"    public TaskList() {","lastModifiedDate":"2024-01-29"},{"lineNumber":12,"author":{"gitId":"jiahui0309"},"content":"        this.taskList \u003d new ArrayList\u003c\u003e();","lastModifiedDate":"2024-01-29"},{"lineNumber":13,"author":{"gitId":"jiahui0309"},"content":"    }","lastModifiedDate":"2024-01-29"},{"lineNumber":14,"author":{"gitId":"jiahui0309"},"content":"","lastModifiedDate":"2024-01-29"},{"lineNumber":15,"author":{"gitId":"jiahui0309"},"content":"    public TaskList(ArrayList\u003cTask\u003e taskList) {","lastModifiedDate":"2024-01-29"},{"lineNumber":16,"author":{"gitId":"jiahui0309"},"content":"        this.taskList \u003d taskList;","lastModifiedDate":"2024-01-29"},{"lineNumber":17,"author":{"gitId":"jiahui0309"},"content":"    }","lastModifiedDate":"2024-01-29"},{"lineNumber":18,"author":{"gitId":"jiahui0309"},"content":"","lastModifiedDate":"2024-01-29"},{"lineNumber":19,"author":{"gitId":"jiahui0309"},"content":"    public void addTask(Task task) {","lastModifiedDate":"2024-01-29"},{"lineNumber":20,"author":{"gitId":"jiahui0309"},"content":"        this.taskList.add(task);","lastModifiedDate":"2024-01-29"},{"lineNumber":21,"author":{"gitId":"jiahui0309"},"content":"    }","lastModifiedDate":"2024-01-29"},{"lineNumber":22,"author":{"gitId":"jiahui0309"},"content":"","lastModifiedDate":"2024-01-29"},{"lineNumber":23,"author":{"gitId":"jiahui0309"},"content":"    public void deleteTask(int taskNum) throws DinoException {","lastModifiedDate":"2024-01-29"},{"lineNumber":24,"author":{"gitId":"jiahui0309"},"content":"        if (taskNum \u003c 1 || taskNum \u003e taskList.size()) {","lastModifiedDate":"2024-01-29"},{"lineNumber":25,"author":{"gitId":"jiahui0309"},"content":"            throw new DinoException(\"Invalid task number. Please provide a valid task number to delete.\");","lastModifiedDate":"2024-01-29"},{"lineNumber":26,"author":{"gitId":"jiahui0309"},"content":"        }","lastModifiedDate":"2024-01-29"},{"lineNumber":27,"author":{"gitId":"jiahui0309"},"content":"","lastModifiedDate":"2024-01-29"},{"lineNumber":28,"author":{"gitId":"jiahui0309"},"content":"        Task removedTask \u003d taskList.remove(taskNum - 1);","lastModifiedDate":"2024-01-29"},{"lineNumber":29,"author":{"gitId":"jiahui0309"},"content":"","lastModifiedDate":"2024-01-29"},{"lineNumber":30,"author":{"gitId":"jiahui0309"},"content":"        System.out.println(\"Noted. I\u0027ve removed this task:\");","lastModifiedDate":"2024-01-29"},{"lineNumber":31,"author":{"gitId":"jiahui0309"},"content":"        System.out.println(\"  \" + removedTask);","lastModifiedDate":"2024-01-29"},{"lineNumber":32,"author":{"gitId":"jiahui0309"},"content":"        System.out.println(\"Now you have \" + taskList.size() + \" tasks in the list.\");","lastModifiedDate":"2024-01-29"},{"lineNumber":33,"author":{"gitId":"jiahui0309"},"content":"    }","lastModifiedDate":"2024-01-29"},{"lineNumber":34,"author":{"gitId":"jiahui0309"},"content":"","lastModifiedDate":"2024-01-29"},{"lineNumber":35,"author":{"gitId":"jiahui0309"},"content":"    public void listTask() {","lastModifiedDate":"2024-01-29"},{"lineNumber":36,"author":{"gitId":"jiahui0309"},"content":"        try {","lastModifiedDate":"2024-01-29"},{"lineNumber":37,"author":{"gitId":"jiahui0309"},"content":"            if (taskList.isEmpty()) {","lastModifiedDate":"2024-01-29"},{"lineNumber":38,"author":{"gitId":"jiahui0309"},"content":"                throw new DinoException(\"The list is empty.\");","lastModifiedDate":"2024-01-29"},{"lineNumber":39,"author":{"gitId":"jiahui0309"},"content":"            }","lastModifiedDate":"2024-01-29"},{"lineNumber":40,"author":{"gitId":"jiahui0309"},"content":"            System.out.println(\"Here are the tasks that you wanted to do:\");","lastModifiedDate":"2024-01-29"},{"lineNumber":41,"author":{"gitId":"jiahui0309"},"content":"            for (int i \u003d 0; i \u003c taskList.size(); i++) {","lastModifiedDate":"2024-01-29"},{"lineNumber":42,"author":{"gitId":"jiahui0309"},"content":"                Task task \u003d taskList.get(i);","lastModifiedDate":"2024-01-29"},{"lineNumber":43,"author":{"gitId":"jiahui0309"},"content":"                int index \u003d i + 1;","lastModifiedDate":"2024-01-29"},{"lineNumber":44,"author":{"gitId":"jiahui0309"},"content":"                System.out.println(index + \".\" + task);","lastModifiedDate":"2024-01-29"},{"lineNumber":45,"author":{"gitId":"jiahui0309"},"content":"            }","lastModifiedDate":"2024-01-29"},{"lineNumber":46,"author":{"gitId":"jiahui0309"},"content":"        } catch (DinoException e) {","lastModifiedDate":"2024-01-29"},{"lineNumber":47,"author":{"gitId":"jiahui0309"},"content":"            System.out.println(e.getMessage());","lastModifiedDate":"2024-01-29"},{"lineNumber":48,"author":{"gitId":"jiahui0309"},"content":"        }","lastModifiedDate":"2024-01-29"},{"lineNumber":49,"author":{"gitId":"jiahui0309"},"content":"    }","lastModifiedDate":"2024-01-29"},{"lineNumber":50,"author":{"gitId":"jiahui0309"},"content":"","lastModifiedDate":"2024-01-29"},{"lineNumber":51,"author":{"gitId":"jiahui0309"},"content":"    public ArrayList\u003cTask\u003e getTaskList() {","lastModifiedDate":"2024-01-29"},{"lineNumber":52,"author":{"gitId":"jiahui0309"},"content":"        return taskList;","lastModifiedDate":"2024-01-29"},{"lineNumber":53,"author":{"gitId":"jiahui0309"},"content":"    }","lastModifiedDate":"2024-01-29"},{"lineNumber":54,"author":{"gitId":"jiahui0309"},"content":"","lastModifiedDate":"2024-01-29"},{"lineNumber":55,"author":{"gitId":"jiahui0309"},"content":"    public int size() {","lastModifiedDate":"2024-01-29"},{"lineNumber":56,"author":{"gitId":"jiahui0309"},"content":"        return taskList.size();","lastModifiedDate":"2024-01-29"},{"lineNumber":57,"author":{"gitId":"jiahui0309"},"content":"    }","lastModifiedDate":"2024-01-29"},{"lineNumber":58,"author":{"gitId":"jiahui0309"},"content":"","lastModifiedDate":"2024-01-29"},{"lineNumber":59,"author":{"gitId":"jiahui0309"},"content":"    public Task get(int index) {","lastModifiedDate":"2024-01-29"},{"lineNumber":60,"author":{"gitId":"jiahui0309"},"content":"        return taskList.get(index);","lastModifiedDate":"2024-01-29"},{"lineNumber":61,"author":{"gitId":"jiahui0309"},"content":"    }","lastModifiedDate":"2024-01-29"},{"lineNumber":62,"author":{"gitId":"jiahui0309"},"content":"}","lastModifiedDate":"2024-01-29"}],"authorContributionMap":{"jiahui0309":62}},{"path":"src/main/java/dino/command/Ui.java","fileType":"java","lines":[{"lineNumber":1,"author":{"gitId":"jiahui0309"},"content":"package dino.command;","lastModifiedDate":"2024-01-29"},{"lineNumber":2,"author":{"gitId":"jiahui0309"},"content":"","lastModifiedDate":"2024-01-29"},{"lineNumber":3,"author":{"gitId":"jiahui0309"},"content":"public class Ui {","lastModifiedDate":"2024-01-29"},{"lineNumber":4,"author":{"gitId":"jiahui0309"},"content":"    public void welcome() {","lastModifiedDate":"2024-01-29"},{"lineNumber":5,"author":{"gitId":"jiahui0309"},"content":"        System.out.println(\"Hola! I\u0027m Dino.\\nWhat are you doing here?\");","lastModifiedDate":"2024-01-29"},{"lineNumber":6,"author":{"gitId":"jiahui0309"},"content":"    }","lastModifiedDate":"2024-01-29"},{"lineNumber":7,"author":{"gitId":"jiahui0309"},"content":"","lastModifiedDate":"2024-01-29"},{"lineNumber":8,"author":{"gitId":"jiahui0309"},"content":"    public void goodbye() {","lastModifiedDate":"2024-01-29"},{"lineNumber":9,"author":{"gitId":"jiahui0309"},"content":"        System.out.println(\"Goodbye! It was nice meeting you.\");","lastModifiedDate":"2024-01-29"},{"lineNumber":10,"author":{"gitId":"jiahui0309"},"content":"    }","lastModifiedDate":"2024-01-29"},{"lineNumber":11,"author":{"gitId":"jiahui0309"},"content":"}","lastModifiedDate":"2024-01-29"}],"authorContributionMap":{"jiahui0309":11}},{"path":"src/main/java/dino/task/Deadline.java","fileType":"java","lines":[{"lineNumber":1,"author":{"gitId":"jiahui0309"},"content":"package dino.task;","lastModifiedDate":"2024-01-29"},{"lineNumber":2,"author":{"gitId":"jiahui0309"},"content":"","lastModifiedDate":"2024-01-29"},{"lineNumber":3,"author":{"gitId":"jiahui0309"},"content":"import java.time.LocalDateTime;","lastModifiedDate":"2024-01-28"},{"lineNumber":4,"author":{"gitId":"jiahui0309"},"content":"import java.time.format.DateTimeFormatter;","lastModifiedDate":"2024-01-28"},{"lineNumber":5,"author":{"gitId":"jiahui0309"},"content":"","lastModifiedDate":"2024-01-28"},{"lineNumber":6,"author":{"gitId":"jiahui0309"},"content":"public class Deadline extends Task {","lastModifiedDate":"2024-01-22"},{"lineNumber":7,"author":{"gitId":"jiahui0309"},"content":"    private LocalDateTime deadlineTime;","lastModifiedDate":"2024-01-28"},{"lineNumber":8,"author":{"gitId":"jiahui0309"},"content":"","lastModifiedDate":"2024-01-22"},{"lineNumber":9,"author":{"gitId":"jiahui0309"},"content":"    public Deadline(String description, LocalDateTime deadlineTime) {","lastModifiedDate":"2024-01-28"},{"lineNumber":10,"author":{"gitId":"jiahui0309"},"content":"        super(description);","lastModifiedDate":"2024-01-22"},{"lineNumber":11,"author":{"gitId":"jiahui0309"},"content":"        this.deadlineTime \u003d deadlineTime;","lastModifiedDate":"2024-01-28"},{"lineNumber":12,"author":{"gitId":"jiahui0309"},"content":"    }","lastModifiedDate":"2024-01-22"},{"lineNumber":13,"author":{"gitId":"jiahui0309"},"content":"","lastModifiedDate":"2024-01-22"},{"lineNumber":14,"author":{"gitId":"jiahui0309"},"content":"    public LocalDateTime getDateTime() {","lastModifiedDate":"2024-01-28"},{"lineNumber":15,"author":{"gitId":"jiahui0309"},"content":"        return deadlineTime;","lastModifiedDate":"2024-01-28"},{"lineNumber":16,"author":{"gitId":"jiahui0309"},"content":"    }","lastModifiedDate":"2024-01-28"},{"lineNumber":17,"author":{"gitId":"jiahui0309"},"content":"","lastModifiedDate":"2024-01-28"},{"lineNumber":18,"author":{"gitId":"jiahui0309"},"content":"    public String toString() {","lastModifiedDate":"2024-01-22"},{"lineNumber":19,"author":{"gitId":"jiahui0309"},"content":"        return String.format(\" D | %s | %s | by: %s\",","lastModifiedDate":"2024-01-28"},{"lineNumber":20,"author":{"gitId":"jiahui0309"},"content":"                getStatusIcon(),","lastModifiedDate":"2024-01-28"},{"lineNumber":21,"author":{"gitId":"jiahui0309"},"content":"                description,","lastModifiedDate":"2024-01-28"},{"lineNumber":22,"author":{"gitId":"jiahui0309"},"content":"                deadlineTime.format(DateTimeFormatter.ofPattern(\"MMM dd yyyy HH:mm\")));","lastModifiedDate":"2024-01-28"},{"lineNumber":23,"author":{"gitId":"jiahui0309"},"content":"    }","lastModifiedDate":"2024-01-22"},{"lineNumber":24,"author":{"gitId":"jiahui0309"},"content":"}","lastModifiedDate":"2024-01-22"},{"lineNumber":25,"author":{"gitId":"jiahui0309"},"content":"","lastModifiedDate":"2024-01-22"}],"authorContributionMap":{"jiahui0309":25}},{"path":"src/main/java/dino/task/Event.java","fileType":"java","lines":[{"lineNumber":1,"author":{"gitId":"jiahui0309"},"content":"package dino.task;","lastModifiedDate":"2024-01-29"},{"lineNumber":2,"author":{"gitId":"jiahui0309"},"content":"","lastModifiedDate":"2024-01-29"},{"lineNumber":3,"author":{"gitId":"jiahui0309"},"content":"import java.time.LocalDateTime;","lastModifiedDate":"2024-01-28"},{"lineNumber":4,"author":{"gitId":"jiahui0309"},"content":"import java.time.format.DateTimeFormatter;","lastModifiedDate":"2024-01-28"},{"lineNumber":5,"author":{"gitId":"jiahui0309"},"content":"","lastModifiedDate":"2024-01-28"},{"lineNumber":6,"author":{"gitId":"jiahui0309"},"content":"public class Event extends Task {","lastModifiedDate":"2024-01-22"},{"lineNumber":7,"author":{"gitId":"jiahui0309"},"content":"    private LocalDateTime startTime;","lastModifiedDate":"2024-01-28"},{"lineNumber":8,"author":{"gitId":"jiahui0309"},"content":"    private LocalDateTime endTime;","lastModifiedDate":"2024-01-28"},{"lineNumber":9,"author":{"gitId":"jiahui0309"},"content":"","lastModifiedDate":"2024-01-22"},{"lineNumber":10,"author":{"gitId":"jiahui0309"},"content":"    public Event(String description, LocalDateTime startTime, LocalDateTime endTime) {","lastModifiedDate":"2024-01-28"},{"lineNumber":11,"author":{"gitId":"jiahui0309"},"content":"        super(description);","lastModifiedDate":"2024-01-22"},{"lineNumber":12,"author":{"gitId":"jiahui0309"},"content":"        this.startTime \u003d startTime;","lastModifiedDate":"2024-01-28"},{"lineNumber":13,"author":{"gitId":"jiahui0309"},"content":"        this.endTime \u003d endTime;","lastModifiedDate":"2024-01-28"},{"lineNumber":14,"author":{"gitId":"jiahui0309"},"content":"    }","lastModifiedDate":"2024-01-22"},{"lineNumber":15,"author":{"gitId":"jiahui0309"},"content":"","lastModifiedDate":"2024-01-22"},{"lineNumber":16,"author":{"gitId":"jiahui0309"},"content":"    public LocalDateTime getStartTime() {","lastModifiedDate":"2024-01-28"},{"lineNumber":17,"author":{"gitId":"jiahui0309"},"content":"        return startTime;","lastModifiedDate":"2024-01-28"},{"lineNumber":18,"author":{"gitId":"jiahui0309"},"content":"    }","lastModifiedDate":"2024-01-28"},{"lineNumber":19,"author":{"gitId":"jiahui0309"},"content":"","lastModifiedDate":"2024-01-28"},{"lineNumber":20,"author":{"gitId":"jiahui0309"},"content":"    public LocalDateTime getEndTime() {","lastModifiedDate":"2024-01-28"},{"lineNumber":21,"author":{"gitId":"jiahui0309"},"content":"        return endTime;","lastModifiedDate":"2024-01-28"},{"lineNumber":22,"author":{"gitId":"jiahui0309"},"content":"    }","lastModifiedDate":"2024-01-28"},{"lineNumber":23,"author":{"gitId":"jiahui0309"},"content":"","lastModifiedDate":"2024-01-28"},{"lineNumber":24,"author":{"gitId":"jiahui0309"},"content":"    public String toString() {","lastModifiedDate":"2024-01-22"},{"lineNumber":25,"author":{"gitId":"jiahui0309"},"content":"        return String.format(\" E | %s | %s | from: %s to: %s\",","lastModifiedDate":"2024-01-28"},{"lineNumber":26,"author":{"gitId":"jiahui0309"},"content":"                getStatusIcon(),","lastModifiedDate":"2024-01-28"},{"lineNumber":27,"author":{"gitId":"jiahui0309"},"content":"                description,","lastModifiedDate":"2024-01-28"},{"lineNumber":28,"author":{"gitId":"jiahui0309"},"content":"                startTime.format(DateTimeFormatter.ofPattern(\"MMM dd yyyy HH:mm\")),","lastModifiedDate":"2024-01-28"},{"lineNumber":29,"author":{"gitId":"jiahui0309"},"content":"                endTime.format(DateTimeFormatter.ofPattern(\"MMM dd yyyy HH:mm\")));","lastModifiedDate":"2024-01-28"},{"lineNumber":30,"author":{"gitId":"jiahui0309"},"content":"    }","lastModifiedDate":"2024-01-22"},{"lineNumber":31,"author":{"gitId":"jiahui0309"},"content":"}","lastModifiedDate":"2024-01-22"}],"authorContributionMap":{"jiahui0309":31}},{"path":"src/main/java/dino/task/Task.java","fileType":"java","lines":[{"lineNumber":1,"author":{"gitId":"jiahui0309"},"content":"package dino.task;","lastModifiedDate":"2024-01-29"},{"lineNumber":2,"author":{"gitId":"jiahui0309"},"content":"","lastModifiedDate":"2024-01-22"},{"lineNumber":3,"author":{"gitId":"jiahui0309"},"content":"public class Task {","lastModifiedDate":"2024-01-21"},{"lineNumber":4,"author":{"gitId":"jiahui0309"},"content":"    protected String description;","lastModifiedDate":"2024-01-21"},{"lineNumber":5,"author":{"gitId":"jiahui0309"},"content":"    protected boolean isDone;","lastModifiedDate":"2024-01-21"},{"lineNumber":6,"author":{"gitId":"jiahui0309"},"content":"","lastModifiedDate":"2024-01-22"},{"lineNumber":7,"author":{"gitId":"jiahui0309"},"content":"    public Task(String description) {","lastModifiedDate":"2024-01-21"},{"lineNumber":8,"author":{"gitId":"jiahui0309"},"content":"        this.description \u003d description;","lastModifiedDate":"2024-01-21"},{"lineNumber":9,"author":{"gitId":"jiahui0309"},"content":"        this.isDone \u003d false;","lastModifiedDate":"2024-01-21"},{"lineNumber":10,"author":{"gitId":"jiahui0309"},"content":"    }","lastModifiedDate":"2024-01-21"},{"lineNumber":11,"author":{"gitId":"jiahui0309"},"content":"","lastModifiedDate":"2024-01-21"},{"lineNumber":12,"author":{"gitId":"jiahui0309"},"content":"    public String getStatusIcon() {","lastModifiedDate":"2024-01-21"},{"lineNumber":13,"author":{"gitId":"jiahui0309"},"content":"        return (isDone ? \"1\" : \"0\");","lastModifiedDate":"2024-01-28"},{"lineNumber":14,"author":{"gitId":"jiahui0309"},"content":"    }","lastModifiedDate":"2024-01-21"},{"lineNumber":15,"author":{"gitId":"jiahui0309"},"content":"","lastModifiedDate":"2024-01-21"},{"lineNumber":16,"author":{"gitId":"jiahui0309"},"content":"    public void markAsDone() {","lastModifiedDate":"2024-01-21"},{"lineNumber":17,"author":{"gitId":"jiahui0309"},"content":"        this.isDone \u003d true;","lastModifiedDate":"2024-01-21"},{"lineNumber":18,"author":{"gitId":"jiahui0309"},"content":"        System.out.println(getStatusIcon() + \" | \" + description);","lastModifiedDate":"2024-01-28"},{"lineNumber":19,"author":{"gitId":"jiahui0309"},"content":"    }","lastModifiedDate":"2024-01-21"},{"lineNumber":20,"author":{"gitId":"jiahui0309"},"content":"","lastModifiedDate":"2024-01-21"},{"lineNumber":21,"author":{"gitId":"jiahui0309"},"content":"    public void markAsUndone() {","lastModifiedDate":"2024-01-21"},{"lineNumber":22,"author":{"gitId":"jiahui0309"},"content":"        this.isDone \u003d false;","lastModifiedDate":"2024-01-21"},{"lineNumber":23,"author":{"gitId":"jiahui0309"},"content":"        System.out.println(getStatusIcon() + \" | \" + description);","lastModifiedDate":"2024-01-28"},{"lineNumber":24,"author":{"gitId":"jiahui0309"},"content":"    }","lastModifiedDate":"2024-01-21"},{"lineNumber":25,"author":{"gitId":"jiahui0309"},"content":"","lastModifiedDate":"2024-01-21"},{"lineNumber":26,"author":{"gitId":"jiahui0309"},"content":"    @Override","lastModifiedDate":"2024-01-21"},{"lineNumber":27,"author":{"gitId":"jiahui0309"},"content":"    public String toString() {","lastModifiedDate":"2024-01-21"},{"lineNumber":28,"author":{"gitId":"jiahui0309"},"content":"        return description;","lastModifiedDate":"2024-01-21"},{"lineNumber":29,"author":{"gitId":"jiahui0309"},"content":"    }","lastModifiedDate":"2024-01-21"},{"lineNumber":30,"author":{"gitId":"jiahui0309"},"content":"}","lastModifiedDate":"2024-01-21"},{"lineNumber":31,"author":{"gitId":"jiahui0309"},"content":"","lastModifiedDate":"2024-01-22"},{"lineNumber":32,"author":{"gitId":"jiahui0309"},"content":"","lastModifiedDate":"2024-01-22"}],"authorContributionMap":{"jiahui0309":32}},{"path":"src/main/java/dino/task/ToDo.java","fileType":"java","lines":[{"lineNumber":1,"author":{"gitId":"jiahui0309"},"content":"package dino.task;","lastModifiedDate":"2024-01-29"},{"lineNumber":2,"author":{"gitId":"jiahui0309"},"content":"","lastModifiedDate":"2024-01-29"},{"lineNumber":3,"author":{"gitId":"jiahui0309"},"content":"public class ToDo extends Task {","lastModifiedDate":"2024-01-22"},{"lineNumber":4,"author":{"gitId":"jiahui0309"},"content":"    public ToDo(String description) {","lastModifiedDate":"2024-01-22"},{"lineNumber":5,"author":{"gitId":"jiahui0309"},"content":"        super(description);","lastModifiedDate":"2024-01-22"},{"lineNumber":6,"author":{"gitId":"jiahui0309"},"content":"    }","lastModifiedDate":"2024-01-22"},{"lineNumber":7,"author":{"gitId":"jiahui0309"},"content":"","lastModifiedDate":"2024-01-22"},{"lineNumber":8,"author":{"gitId":"jiahui0309"},"content":"    public String toString() {","lastModifiedDate":"2024-01-22"},{"lineNumber":9,"author":{"gitId":"jiahui0309"},"content":"        return String.format(\" T | %s | %s\",","lastModifiedDate":"2024-01-28"},{"lineNumber":10,"author":{"gitId":"jiahui0309"},"content":"                getStatusIcon(),","lastModifiedDate":"2024-01-28"},{"lineNumber":11,"author":{"gitId":"jiahui0309"},"content":"                description);","lastModifiedDate":"2024-01-28"},{"lineNumber":12,"author":{"gitId":"jiahui0309"},"content":"    }","lastModifiedDate":"2024-01-22"},{"lineNumber":13,"author":{"gitId":"jiahui0309"},"content":"}","lastModifiedDate":"2024-01-22"}],"authorContributionMap":{"jiahui0309":13}},{"path":"src/test/java/dino/command/ParserTest.java","fileType":"java","lines":[{"lineNumber":1,"author":{"gitId":"jiahui0309"},"content":"package dino.command;","lastModifiedDate":"2024-01-29"},{"lineNumber":2,"author":{"gitId":"jiahui0309"},"content":"","lastModifiedDate":"2024-01-29"},{"lineNumber":3,"author":{"gitId":"jiahui0309"},"content":"import dino.task.Task;","lastModifiedDate":"2024-01-29"},{"lineNumber":4,"author":{"gitId":"jiahui0309"},"content":"","lastModifiedDate":"2024-01-29"},{"lineNumber":5,"author":{"gitId":"jiahui0309"},"content":"import org.junit.jupiter.api.Test;","lastModifiedDate":"2024-01-29"},{"lineNumber":6,"author":{"gitId":"jiahui0309"},"content":"","lastModifiedDate":"2024-01-29"},{"lineNumber":7,"author":{"gitId":"jiahui0309"},"content":"import java.util.Scanner;","lastModifiedDate":"2024-01-29"},{"lineNumber":8,"author":{"gitId":"jiahui0309"},"content":"","lastModifiedDate":"2024-01-29"},{"lineNumber":9,"author":{"gitId":"jiahui0309"},"content":"import static org.junit.jupiter.api.Assertions.assertEquals;","lastModifiedDate":"2024-01-29"},{"lineNumber":10,"author":{"gitId":"jiahui0309"},"content":"import static org.junit.jupiter.api.Assertions.fail;","lastModifiedDate":"2024-01-29"},{"lineNumber":11,"author":{"gitId":"jiahui0309"},"content":"","lastModifiedDate":"2024-01-29"},{"lineNumber":12,"author":{"gitId":"jiahui0309"},"content":"public class ParserTest {","lastModifiedDate":"2024-01-29"},{"lineNumber":13,"author":{"gitId":"jiahui0309"},"content":"","lastModifiedDate":"2024-01-29"},{"lineNumber":14,"author":{"gitId":"jiahui0309"},"content":"    @Test","lastModifiedDate":"2024-01-29"},{"lineNumber":15,"author":{"gitId":"jiahui0309"},"content":"    public void testCreateTaskFromInput() throws DinoException {","lastModifiedDate":"2024-01-29"},{"lineNumber":16,"author":{"gitId":"jiahui0309"},"content":"        Parser parser \u003d new Parser(new TaskList(), new Ui(), null);","lastModifiedDate":"2024-01-29"},{"lineNumber":17,"author":{"gitId":"jiahui0309"},"content":"","lastModifiedDate":"2024-01-29"},{"lineNumber":18,"author":{"gitId":"jiahui0309"},"content":"        Task todoTask \u003d parser.createTaskFromInput(Dino.TaskType.TODO, \"Buy groceries\");","lastModifiedDate":"2024-01-29"},{"lineNumber":19,"author":{"gitId":"jiahui0309"},"content":"        assertEquals(\" T | 0 | Buy groceries\", todoTask.toString());","lastModifiedDate":"2024-01-29"},{"lineNumber":20,"author":{"gitId":"jiahui0309"},"content":"","lastModifiedDate":"2024-01-29"},{"lineNumber":21,"author":{"gitId":"jiahui0309"},"content":"        Task deadlineTask \u003d parser.createTaskFromInput(Dino.TaskType.DEADLINE, \"Finish assignment /by 2022-02-28 1800\");","lastModifiedDate":"2024-01-29"},{"lineNumber":22,"author":{"gitId":"jiahui0309"},"content":"        assertEquals(\" D | 0 | Finish assignment | by: Feb 28 2022 18:00\", deadlineTask.toString());","lastModifiedDate":"2024-01-29"},{"lineNumber":23,"author":{"gitId":"jiahui0309"},"content":"","lastModifiedDate":"2024-01-29"},{"lineNumber":24,"author":{"gitId":"jiahui0309"},"content":"        Task eventTask \u003d parser.createTaskFromInput(Dino.TaskType.EVENT, \"Birthday party /from 2022-03-01 1500 /to 2022-03-01 1800\");","lastModifiedDate":"2024-01-29"},{"lineNumber":25,"author":{"gitId":"jiahui0309"},"content":"        assertEquals(\" E | 0 | Birthday party | from: Mar 01 2022 15:00 to: Mar 01 2022 18:00\", eventTask.toString());","lastModifiedDate":"2024-01-29"},{"lineNumber":26,"author":{"gitId":"jiahui0309"},"content":"    }","lastModifiedDate":"2024-01-29"},{"lineNumber":27,"author":{"gitId":"jiahui0309"},"content":"","lastModifiedDate":"2024-01-29"},{"lineNumber":28,"author":{"gitId":"jiahui0309"},"content":"    @Test","lastModifiedDate":"2024-01-29"},{"lineNumber":29,"author":{"gitId":"jiahui0309"},"content":"    public void testCreateTaskFromInputWithInvalidDeadlineFormat() {","lastModifiedDate":"2024-01-29"},{"lineNumber":30,"author":{"gitId":"jiahui0309"},"content":"        TaskList taskList \u003d new TaskList();","lastModifiedDate":"2024-01-29"},{"lineNumber":31,"author":{"gitId":"jiahui0309"},"content":"","lastModifiedDate":"2024-01-29"},{"lineNumber":32,"author":{"gitId":"jiahui0309"},"content":"        Parser parser \u003d new Parser(taskList, new Ui(), new Scanner(System.in));","lastModifiedDate":"2024-01-29"},{"lineNumber":33,"author":{"gitId":"jiahui0309"},"content":"","lastModifiedDate":"2024-01-29"},{"lineNumber":34,"author":{"gitId":"jiahui0309"},"content":"        String inputTaskDetails \u003d \"InvalidDeadlineFormat\\n\";","lastModifiedDate":"2024-01-29"},{"lineNumber":35,"author":{"gitId":"jiahui0309"},"content":"        Dino.TaskType taskType \u003d Dino.TaskType.DEADLINE;","lastModifiedDate":"2024-01-29"},{"lineNumber":36,"author":{"gitId":"jiahui0309"},"content":"        System.setIn(new java.io.ByteArrayInputStream(inputTaskDetails.getBytes()));","lastModifiedDate":"2024-01-29"},{"lineNumber":37,"author":{"gitId":"jiahui0309"},"content":"","lastModifiedDate":"2024-01-29"},{"lineNumber":38,"author":{"gitId":"jiahui0309"},"content":"        try {","lastModifiedDate":"2024-01-29"},{"lineNumber":39,"author":{"gitId":"jiahui0309"},"content":"            Task createdTask \u003d parser.createTaskFromInput(taskType, new Scanner(System.in).nextLine().trim());","lastModifiedDate":"2024-01-29"},{"lineNumber":40,"author":{"gitId":"jiahui0309"},"content":"","lastModifiedDate":"2024-01-29"},{"lineNumber":41,"author":{"gitId":"jiahui0309"},"content":"            fail(\"Expected DinoException, but no exception was thrown.\");","lastModifiedDate":"2024-01-29"},{"lineNumber":42,"author":{"gitId":"jiahui0309"},"content":"        } catch (DinoException e) {","lastModifiedDate":"2024-01-29"},{"lineNumber":43,"author":{"gitId":"jiahui0309"},"content":"            System.setIn(System.in);","lastModifiedDate":"2024-01-29"},{"lineNumber":44,"author":{"gitId":"jiahui0309"},"content":"","lastModifiedDate":"2024-01-29"},{"lineNumber":45,"author":{"gitId":"jiahui0309"},"content":"            assertEquals(\"Invalid input format for deadline. Please use: deadline \u003cdeadline name\u003e /by \u003ctime\u003e\", e.getMessage());","lastModifiedDate":"2024-01-29"},{"lineNumber":46,"author":{"gitId":"jiahui0309"},"content":"        }","lastModifiedDate":"2024-01-29"},{"lineNumber":47,"author":{"gitId":"jiahui0309"},"content":"    }","lastModifiedDate":"2024-01-29"},{"lineNumber":48,"author":{"gitId":"jiahui0309"},"content":"}","lastModifiedDate":"2024-01-29"},{"lineNumber":49,"author":{"gitId":"jiahui0309"},"content":"","lastModifiedDate":"2024-01-29"}],"authorContributionMap":{"jiahui0309":49}},{"path":"src/test/java/dino/command/StorageTest.java","fileType":"java","lines":[{"lineNumber":1,"author":{"gitId":"jiahui0309"},"content":"package dino.command;","lastModifiedDate":"2024-01-29"},{"lineNumber":2,"author":{"gitId":"jiahui0309"},"content":"","lastModifiedDate":"2024-01-29"},{"lineNumber":3,"author":{"gitId":"jiahui0309"},"content":"import dino.task.Deadline;","lastModifiedDate":"2024-01-29"},{"lineNumber":4,"author":{"gitId":"jiahui0309"},"content":"import dino.task.Event;","lastModifiedDate":"2024-01-29"},{"lineNumber":5,"author":{"gitId":"jiahui0309"},"content":"import dino.task.ToDo;","lastModifiedDate":"2024-01-29"},{"lineNumber":6,"author":{"gitId":"jiahui0309"},"content":"import org.junit.jupiter.api.BeforeAll;","lastModifiedDate":"2024-01-29"},{"lineNumber":7,"author":{"gitId":"jiahui0309"},"content":"import org.junit.jupiter.api.Test;","lastModifiedDate":"2024-01-29"},{"lineNumber":8,"author":{"gitId":"jiahui0309"},"content":"","lastModifiedDate":"2024-01-29"},{"lineNumber":9,"author":{"gitId":"jiahui0309"},"content":"import java.io.File;","lastModifiedDate":"2024-01-29"},{"lineNumber":10,"author":{"gitId":"jiahui0309"},"content":"import java.io.IOException;","lastModifiedDate":"2024-01-29"},{"lineNumber":11,"author":{"gitId":"jiahui0309"},"content":"import java.io.PrintStream;","lastModifiedDate":"2024-01-29"},{"lineNumber":12,"author":{"gitId":"jiahui0309"},"content":"import java.io.FileOutputStream;","lastModifiedDate":"2024-01-29"},{"lineNumber":13,"author":{"gitId":"jiahui0309"},"content":"","lastModifiedDate":"2024-01-29"},{"lineNumber":14,"author":{"gitId":"jiahui0309"},"content":"import static org.junit.jupiter.api.Assertions.assertEquals;","lastModifiedDate":"2024-01-29"},{"lineNumber":15,"author":{"gitId":"jiahui0309"},"content":"import static org.junit.jupiter.api.Assertions.assertTrue;","lastModifiedDate":"2024-01-29"},{"lineNumber":16,"author":{"gitId":"jiahui0309"},"content":"","lastModifiedDate":"2024-01-29"},{"lineNumber":17,"author":{"gitId":"jiahui0309"},"content":"public class StorageTest {","lastModifiedDate":"2024-01-29"},{"lineNumber":18,"author":{"gitId":"jiahui0309"},"content":"","lastModifiedDate":"2024-01-29"},{"lineNumber":19,"author":{"gitId":"jiahui0309"},"content":"    private static final String TEST_FILE_PATH \u003d \"test_data/testFile.txt\";","lastModifiedDate":"2024-01-29"},{"lineNumber":20,"author":{"gitId":"jiahui0309"},"content":"","lastModifiedDate":"2024-01-29"},{"lineNumber":21,"author":{"gitId":"jiahui0309"},"content":"    @BeforeAll","lastModifiedDate":"2024-01-29"},{"lineNumber":22,"author":{"gitId":"jiahui0309"},"content":"    public static void setUp() {","lastModifiedDate":"2024-01-29"},{"lineNumber":23,"author":{"gitId":"jiahui0309"},"content":"        File directory \u003d new File(\"test_data\");","lastModifiedDate":"2024-01-29"},{"lineNumber":24,"author":{"gitId":"jiahui0309"},"content":"        if (!directory.exists()) {","lastModifiedDate":"2024-01-29"},{"lineNumber":25,"author":{"gitId":"jiahui0309"},"content":"            directory.mkdirs();","lastModifiedDate":"2024-01-29"},{"lineNumber":26,"author":{"gitId":"jiahui0309"},"content":"        }","lastModifiedDate":"2024-01-29"},{"lineNumber":27,"author":{"gitId":"jiahui0309"},"content":"    }","lastModifiedDate":"2024-01-29"},{"lineNumber":28,"author":{"gitId":"jiahui0309"},"content":"","lastModifiedDate":"2024-01-29"},{"lineNumber":29,"author":{"gitId":"jiahui0309"},"content":"    @Test","lastModifiedDate":"2024-01-29"},{"lineNumber":30,"author":{"gitId":"jiahui0309"},"content":"    public void testLoadTasksFromFile() {","lastModifiedDate":"2024-01-29"},{"lineNumber":31,"author":{"gitId":"jiahui0309"},"content":"        try {","lastModifiedDate":"2024-01-29"},{"lineNumber":32,"author":{"gitId":"jiahui0309"},"content":"            createTestDataFile();","lastModifiedDate":"2024-01-29"},{"lineNumber":33,"author":{"gitId":"jiahui0309"},"content":"","lastModifiedDate":"2024-01-29"},{"lineNumber":34,"author":{"gitId":"jiahui0309"},"content":"            Storage storage \u003d new Storage(TEST_FILE_PATH);","lastModifiedDate":"2024-01-29"},{"lineNumber":35,"author":{"gitId":"jiahui0309"},"content":"            TaskList loadedTaskList \u003d storage.loadTasksFromFile();","lastModifiedDate":"2024-01-29"},{"lineNumber":36,"author":{"gitId":"jiahui0309"},"content":"","lastModifiedDate":"2024-01-29"},{"lineNumber":37,"author":{"gitId":"jiahui0309"},"content":"            assertEquals(3, loadedTaskList.size());","lastModifiedDate":"2024-01-29"},{"lineNumber":38,"author":{"gitId":"jiahui0309"},"content":"            assertTrue(loadedTaskList.get(0) instanceof ToDo);","lastModifiedDate":"2024-01-29"},{"lineNumber":39,"author":{"gitId":"jiahui0309"},"content":"            assertTrue(loadedTaskList.get(1) instanceof Deadline);","lastModifiedDate":"2024-01-29"},{"lineNumber":40,"author":{"gitId":"jiahui0309"},"content":"            assertTrue(loadedTaskList.get(2) instanceof Event);","lastModifiedDate":"2024-01-29"},{"lineNumber":41,"author":{"gitId":"jiahui0309"},"content":"","lastModifiedDate":"2024-01-29"},{"lineNumber":42,"author":{"gitId":"jiahui0309"},"content":"        } catch (IOException e) {","lastModifiedDate":"2024-01-29"},{"lineNumber":43,"author":{"gitId":"jiahui0309"},"content":"            e.printStackTrace();","lastModifiedDate":"2024-01-29"},{"lineNumber":44,"author":{"gitId":"jiahui0309"},"content":"        }","lastModifiedDate":"2024-01-29"},{"lineNumber":45,"author":{"gitId":"jiahui0309"},"content":"    }","lastModifiedDate":"2024-01-29"},{"lineNumber":46,"author":{"gitId":"jiahui0309"},"content":"","lastModifiedDate":"2024-01-29"},{"lineNumber":47,"author":{"gitId":"jiahui0309"},"content":"    private void createTestDataFile() throws IOException {","lastModifiedDate":"2024-01-29"},{"lineNumber":48,"author":{"gitId":"jiahui0309"},"content":"        File file \u003d new File(TEST_FILE_PATH);","lastModifiedDate":"2024-01-29"},{"lineNumber":49,"author":{"gitId":"jiahui0309"},"content":"        if (!file.exists()) {","lastModifiedDate":"2024-01-29"},{"lineNumber":50,"author":{"gitId":"jiahui0309"},"content":"            file.createNewFile();","lastModifiedDate":"2024-01-29"},{"lineNumber":51,"author":{"gitId":"jiahui0309"},"content":"        }","lastModifiedDate":"2024-01-29"},{"lineNumber":52,"author":{"gitId":"jiahui0309"},"content":"","lastModifiedDate":"2024-01-29"},{"lineNumber":53,"author":{"gitId":"jiahui0309"},"content":"        try (PrintStream printStream \u003d new PrintStream(new FileOutputStream(file))) {","lastModifiedDate":"2024-01-29"},{"lineNumber":54,"author":{"gitId":"jiahui0309"},"content":"            printStream.println(\" T | 0 | Read book\");","lastModifiedDate":"2024-01-29"},{"lineNumber":55,"author":{"gitId":"jiahui0309"},"content":"            printStream.println(\" D | 0 | Return book | by: Jan 01 2022 12:34\");","lastModifiedDate":"2024-01-29"},{"lineNumber":56,"author":{"gitId":"jiahui0309"},"content":"            printStream.println(\" E | 0 | School | from: Jan 01 2022 12:00 to: Jan 01 2022 14:00\");","lastModifiedDate":"2024-01-29"},{"lineNumber":57,"author":{"gitId":"jiahui0309"},"content":"        }","lastModifiedDate":"2024-01-29"},{"lineNumber":58,"author":{"gitId":"jiahui0309"},"content":"    }","lastModifiedDate":"2024-01-29"},{"lineNumber":59,"author":{"gitId":"jiahui0309"},"content":"}","lastModifiedDate":"2024-01-29"}],"authorContributionMap":{"jiahui0309":59}},{"path":"src/test/java/dino/task/ToDoTest.java","fileType":"java","lines":[{"lineNumber":1,"author":{"gitId":"jiahui0309"},"content":"package dino.task;","lastModifiedDate":"2024-01-29"},{"lineNumber":2,"author":{"gitId":"jiahui0309"},"content":"","lastModifiedDate":"2024-01-29"},{"lineNumber":3,"author":{"gitId":"jiahui0309"},"content":"import org.junit.jupiter.api.Test;","lastModifiedDate":"2024-01-29"},{"lineNumber":4,"author":{"gitId":"jiahui0309"},"content":"","lastModifiedDate":"2024-01-29"},{"lineNumber":5,"author":{"gitId":"jiahui0309"},"content":"import static org.junit.jupiter.api.Assertions.assertEquals;","lastModifiedDate":"2024-01-29"},{"lineNumber":6,"author":{"gitId":"jiahui0309"},"content":"","lastModifiedDate":"2024-01-29"},{"lineNumber":7,"author":{"gitId":"jiahui0309"},"content":"public class ToDoTest {","lastModifiedDate":"2024-01-29"},{"lineNumber":8,"author":{"gitId":"jiahui0309"},"content":"    @Test","lastModifiedDate":"2024-01-29"},{"lineNumber":9,"author":{"gitId":"jiahui0309"},"content":"    public void testToString() {","lastModifiedDate":"2024-01-29"},{"lineNumber":10,"author":{"gitId":"jiahui0309"},"content":"        ToDo todo \u003d new ToDo(\"Buy groceries\");","lastModifiedDate":"2024-01-29"},{"lineNumber":11,"author":{"gitId":"jiahui0309"},"content":"        assertEquals(\" T | 0 | Buy groceries\", todo.toString());","lastModifiedDate":"2024-01-29"},{"lineNumber":12,"author":{"gitId":"jiahui0309"},"content":"    }","lastModifiedDate":"2024-01-29"},{"lineNumber":13,"author":{"gitId":"jiahui0309"},"content":"}","lastModifiedDate":"2024-01-29"}],"authorContributionMap":{"jiahui0309":13}},{"path":"test_data/testFile.txt","fileType":"txt","lines":[{"lineNumber":1,"author":{"gitId":"jiahui0309"},"content":" T | 0 | Read book","lastModifiedDate":"2024-01-29"},{"lineNumber":2,"author":{"gitId":"jiahui0309"},"content":" D | 0 | Return book | by: Jan 01 2022 12:34","lastModifiedDate":"2024-01-29"},{"lineNumber":3,"author":{"gitId":"jiahui0309"},"content":" E | 0 | School | from: Jan 01 2022 12:00 to: Jan 01 2022 14:00","lastModifiedDate":"2024-01-29"}],"authorContributionMap":{"jiahui0309":3}},{"path":"text-ui-test/runtest.bat","fileType":"bat","lines":[{"lineNumber":1,"author":{"gitId":"-"},"content":"@ECHO OFF","lastModifiedDate":"2020-05-25"},{"lineNumber":2,"author":{"gitId":"-"},"content":"","lastModifiedDate":"2020-05-25"},{"lineNumber":3,"author":{"gitId":"-"},"content":"REM create bin directory if it doesn\u0027t exist","lastModifiedDate":"2020-05-25"},{"lineNumber":4,"author":{"gitId":"-"},"content":"if not exist ..\\bin mkdir ..\\bin","lastModifiedDate":"2020-05-25"},{"lineNumber":5,"author":{"gitId":"-"},"content":"","lastModifiedDate":"2020-05-25"},{"lineNumber":6,"author":{"gitId":"-"},"content":"REM delete output from previous run","lastModifiedDate":"2020-05-25"},{"lineNumber":7,"author":{"gitId":"-"},"content":"if exist ACTUAL.TXT del ACTUAL.TXT","lastModifiedDate":"2020-08-25"},{"lineNumber":8,"author":{"gitId":"-"},"content":"","lastModifiedDate":"2020-05-25"},{"lineNumber":9,"author":{"gitId":"-"},"content":"REM compile the code into the bin folder","lastModifiedDate":"2020-05-25"},{"lineNumber":10,"author":{"gitId":"-"},"content":"javac  -cp ..\\src\\main\\java -Xlint:none -d ..\\bin ..\\src\\main\\java\\*.java","lastModifiedDate":"2020-08-25"},{"lineNumber":11,"author":{"gitId":"-"},"content":"IF ERRORLEVEL 1 (","lastModifiedDate":"2020-05-25"},{"lineNumber":12,"author":{"gitId":"-"},"content":"    echo ********** BUILD FAILURE **********","lastModifiedDate":"2020-05-25"},{"lineNumber":13,"author":{"gitId":"-"},"content":"    exit /b 1","lastModifiedDate":"2020-05-25"},{"lineNumber":14,"author":{"gitId":"-"},"content":")","lastModifiedDate":"2020-05-25"},{"lineNumber":15,"author":{"gitId":"-"},"content":"REM no error here, errorlevel \u003d\u003d 0","lastModifiedDate":"2020-05-25"},{"lineNumber":16,"author":{"gitId":"-"},"content":"","lastModifiedDate":"2020-05-25"},{"lineNumber":17,"author":{"gitId":"-"},"content":"REM run the program, feed commands from input.txt file and redirect the output to the ACTUAL.TXT","lastModifiedDate":"2020-05-25"},{"lineNumber":18,"author":{"gitId":"jiahui0309"},"content":"java -classpath ..\\bin Dino \u003c input.txt \u003e ACTUAL.TXT","lastModifiedDate":"2024-01-22"},{"lineNumber":19,"author":{"gitId":"-"},"content":"","lastModifiedDate":"2020-05-25"},{"lineNumber":20,"author":{"gitId":"-"},"content":"REM compare the output to the expected output","lastModifiedDate":"2020-05-25"},{"lineNumber":21,"author":{"gitId":"-"},"content":"FC ACTUAL.TXT EXPECTED.TXT","lastModifiedDate":"2020-05-25"}],"authorContributionMap":{"-":20,"jiahui0309":1}},{"path":"text-ui-test/runtest.sh","fileType":"sh","lines":[{"lineNumber":1,"author":{"gitId":"-"},"content":"#!/usr/bin/env bash","lastModifiedDate":"2020-05-25"},{"lineNumber":2,"author":{"gitId":"-"},"content":"","lastModifiedDate":"2020-05-25"},{"lineNumber":3,"author":{"gitId":"-"},"content":"# create bin directory if it doesn\u0027t exist","lastModifiedDate":"2020-05-25"},{"lineNumber":4,"author":{"gitId":"-"},"content":"if [ ! -d \"../bin\" ]","lastModifiedDate":"2020-05-25"},{"lineNumber":5,"author":{"gitId":"-"},"content":"then","lastModifiedDate":"2020-05-25"},{"lineNumber":6,"author":{"gitId":"-"},"content":"    mkdir ../bin","lastModifiedDate":"2020-05-25"},{"lineNumber":7,"author":{"gitId":"-"},"content":"fi","lastModifiedDate":"2020-05-25"},{"lineNumber":8,"author":{"gitId":"-"},"content":"","lastModifiedDate":"2020-05-25"},{"lineNumber":9,"author":{"gitId":"-"},"content":"# delete output from previous run","lastModifiedDate":"2020-05-25"},{"lineNumber":10,"author":{"gitId":"-"},"content":"if [ -e \"./ACTUAL.TXT\" ]","lastModifiedDate":"2020-05-25"},{"lineNumber":11,"author":{"gitId":"-"},"content":"then","lastModifiedDate":"2020-05-25"},{"lineNumber":12,"author":{"gitId":"-"},"content":"    rm ACTUAL.TXT","lastModifiedDate":"2020-05-25"},{"lineNumber":13,"author":{"gitId":"-"},"content":"fi","lastModifiedDate":"2020-05-25"},{"lineNumber":14,"author":{"gitId":"-"},"content":"","lastModifiedDate":"2020-05-25"},{"lineNumber":15,"author":{"gitId":"-"},"content":"# compile the code into the bin folder, terminates if error occurred","lastModifiedDate":"2020-05-25"},{"lineNumber":16,"author":{"gitId":"-"},"content":"if ! javac -cp ../src/main/java -Xlint:none -d ../bin ../src/main/java/*.java","lastModifiedDate":"2020-08-25"},{"lineNumber":17,"author":{"gitId":"-"},"content":"then","lastModifiedDate":"2020-05-25"},{"lineNumber":18,"author":{"gitId":"-"},"content":"    echo \"********** BUILD FAILURE **********\"","lastModifiedDate":"2020-05-25"},{"lineNumber":19,"author":{"gitId":"-"},"content":"    exit 1","lastModifiedDate":"2020-05-25"},{"lineNumber":20,"author":{"gitId":"-"},"content":"fi","lastModifiedDate":"2020-05-25"},{"lineNumber":21,"author":{"gitId":"-"},"content":"","lastModifiedDate":"2020-05-25"},{"lineNumber":22,"author":{"gitId":"-"},"content":"# run the program, feed commands from input.txt file and redirect the output to the ACTUAL.TXT","lastModifiedDate":"2020-05-25"},{"lineNumber":23,"author":{"gitId":"jiahui0309"},"content":"java -classpath ../bin Dino \u003c input.txt \u003e ACTUAL.TXT","lastModifiedDate":"2024-01-22"},{"lineNumber":24,"author":{"gitId":"-"},"content":"","lastModifiedDate":"2020-05-25"},{"lineNumber":25,"author":{"gitId":"-"},"content":"# convert to UNIX format","lastModifiedDate":"2020-05-25"},{"lineNumber":26,"author":{"gitId":"-"},"content":"cp EXPECTED.TXT EXPECTED-UNIX.TXT","lastModifiedDate":"2020-05-25"},{"lineNumber":27,"author":{"gitId":"-"},"content":"dos2unix ACTUAL.TXT EXPECTED-UNIX.TXT","lastModifiedDate":"2020-05-25"},{"lineNumber":28,"author":{"gitId":"-"},"content":"","lastModifiedDate":"2020-05-25"},{"lineNumber":29,"author":{"gitId":"-"},"content":"# compare the output to the expected output","lastModifiedDate":"2020-05-25"},{"lineNumber":30,"author":{"gitId":"-"},"content":"diff ACTUAL.TXT EXPECTED-UNIX.TXT","lastModifiedDate":"2020-05-25"},{"lineNumber":31,"author":{"gitId":"-"},"content":"if [ $? -eq 0 ]","lastModifiedDate":"2020-05-25"},{"lineNumber":32,"author":{"gitId":"-"},"content":"then","lastModifiedDate":"2020-05-25"},{"lineNumber":33,"author":{"gitId":"-"},"content":"    echo \"Test result: PASSED\"","lastModifiedDate":"2020-05-25"},{"lineNumber":34,"author":{"gitId":"-"},"content":"    exit 0","lastModifiedDate":"2020-05-25"},{"lineNumber":35,"author":{"gitId":"-"},"content":"else","lastModifiedDate":"2020-05-25"},{"lineNumber":36,"author":{"gitId":"-"},"content":"    echo \"Test result: FAILED\"","lastModifiedDate":"2020-05-25"},{"lineNumber":37,"author":{"gitId":"-"},"content":"    exit 1","lastModifiedDate":"2020-05-25"},{"lineNumber":38,"author":{"gitId":"-"},"content":"fi","lastModifiedDate":"2020-05-25"}],"authorContributionMap":{"-":37,"jiahui0309":1}}]
