[{"path":"build.gradle","fileType":"gradle","lines":[{"lineNumber":1,"author":{"gitId":"-"},"content":"plugins {","lastModifiedDate":"2020-05-25"},{"lineNumber":2,"author":{"gitId":"-"},"content":"    id \u0027java\u0027","lastModifiedDate":"2020-05-25"},{"lineNumber":3,"author":{"gitId":"-"},"content":"    id \u0027application\u0027","lastModifiedDate":"2020-05-25"},{"lineNumber":4,"author":{"gitId":"leepoeaik"},"content":"    id \u0027checkstyle\u0027","lastModifiedDate":"2024-02-13"},{"lineNumber":5,"author":{"gitId":"-"},"content":"    id \u0027com.github.johnrengelman.shadow\u0027 version \u00277.1.2\u0027","lastModifiedDate":"2023-08-05"},{"lineNumber":6,"author":{"gitId":"-"},"content":"}","lastModifiedDate":"2020-05-25"},{"lineNumber":7,"author":{"gitId":"-"},"content":"","lastModifiedDate":"2020-05-25"},{"lineNumber":8,"author":{"gitId":"-"},"content":"repositories {","lastModifiedDate":"2020-05-25"},{"lineNumber":9,"author":{"gitId":"-"},"content":"    mavenCentral()","lastModifiedDate":"2020-05-25"},{"lineNumber":10,"author":{"gitId":"leepoeaik"},"content":"    maven { url \u0027https://oss.sonatype.org/content/repositories/snapshots/\u0027 }","lastModifiedDate":"2024-02-13"},{"lineNumber":11,"author":{"gitId":"-"},"content":"}","lastModifiedDate":"2020-05-25"},{"lineNumber":12,"author":{"gitId":"-"},"content":"","lastModifiedDate":"2020-05-25"},{"lineNumber":13,"author":{"gitId":"-"},"content":"dependencies {","lastModifiedDate":"2020-05-25"},{"lineNumber":14,"author":{"gitId":"-"},"content":"    testImplementation group: \u0027org.junit.jupiter\u0027, name: \u0027junit-jupiter-api\u0027, version: \u00275.10.0\u0027","lastModifiedDate":"2023-08-05"},{"lineNumber":15,"author":{"gitId":"-"},"content":"    testRuntimeOnly group: \u0027org.junit.jupiter\u0027, name: \u0027junit-jupiter-engine\u0027, version: \u00275.10.0\u0027","lastModifiedDate":"2023-08-05"},{"lineNumber":16,"author":{"gitId":"-"},"content":"}","lastModifiedDate":"2020-05-25"},{"lineNumber":17,"author":{"gitId":"-"},"content":"","lastModifiedDate":"2020-05-25"},{"lineNumber":18,"author":{"gitId":"-"},"content":"test {","lastModifiedDate":"2020-05-25"},{"lineNumber":19,"author":{"gitId":"-"},"content":"    useJUnitPlatform()","lastModifiedDate":"2020-05-25"},{"lineNumber":20,"author":{"gitId":"-"},"content":"","lastModifiedDate":"2020-05-25"},{"lineNumber":21,"author":{"gitId":"-"},"content":"    testLogging {","lastModifiedDate":"2020-05-25"},{"lineNumber":22,"author":{"gitId":"-"},"content":"        events \"passed\", \"skipped\", \"failed\"","lastModifiedDate":"2020-05-25"},{"lineNumber":23,"author":{"gitId":"-"},"content":"","lastModifiedDate":"2020-05-25"},{"lineNumber":24,"author":{"gitId":"-"},"content":"        showExceptions true","lastModifiedDate":"2020-05-25"},{"lineNumber":25,"author":{"gitId":"-"},"content":"        exceptionFormat \"full\"","lastModifiedDate":"2020-05-25"},{"lineNumber":26,"author":{"gitId":"-"},"content":"        showCauses true","lastModifiedDate":"2020-05-25"},{"lineNumber":27,"author":{"gitId":"-"},"content":"        showStackTraces true","lastModifiedDate":"2020-05-25"},{"lineNumber":28,"author":{"gitId":"-"},"content":"        showStandardStreams \u003d false","lastModifiedDate":"2020-05-25"},{"lineNumber":29,"author":{"gitId":"-"},"content":"    }","lastModifiedDate":"2020-05-25"},{"lineNumber":30,"author":{"gitId":"-"},"content":"}","lastModifiedDate":"2020-05-25"},{"lineNumber":31,"author":{"gitId":"-"},"content":"","lastModifiedDate":"2020-05-25"},{"lineNumber":32,"author":{"gitId":"-"},"content":"application {","lastModifiedDate":"2020-05-25"},{"lineNumber":33,"author":{"gitId":"leepoeaik"},"content":"    mainClass.set(\"main/Poe\")","lastModifiedDate":"2024-02-13"},{"lineNumber":34,"author":{"gitId":"-"},"content":"}","lastModifiedDate":"2020-05-25"},{"lineNumber":35,"author":{"gitId":"-"},"content":"","lastModifiedDate":"2020-05-25"},{"lineNumber":36,"author":{"gitId":"-"},"content":"shadowJar {","lastModifiedDate":"2020-05-25"},{"lineNumber":37,"author":{"gitId":"-"},"content":"    archiveBaseName \u003d \"duke\"","lastModifiedDate":"2020-05-25"},{"lineNumber":38,"author":{"gitId":"-"},"content":"    archiveClassifier \u003d null","lastModifiedDate":"2020-05-25"},{"lineNumber":39,"author":{"gitId":"-"},"content":"    dependsOn(\"distZip\", \"distTar\")","lastModifiedDate":"2023-08-05"},{"lineNumber":40,"author":{"gitId":"-"},"content":"}","lastModifiedDate":"2020-05-25"},{"lineNumber":41,"author":{"gitId":"-"},"content":"","lastModifiedDate":"2020-05-25"},{"lineNumber":42,"author":{"gitId":"-"},"content":"run{","lastModifiedDate":"2020-05-25"},{"lineNumber":43,"author":{"gitId":"leepoeaik"},"content":"    enableAssertions \u003d true","lastModifiedDate":"2024-02-13"},{"lineNumber":44,"author":{"gitId":"-"},"content":"}","lastModifiedDate":"2020-05-25"}],"authorContributionMap":{"leepoeaik":4,"-":40}},{"path":"src/main/java/Objects/Deadline.java","fileType":"java","lines":[{"lineNumber":1,"author":{"gitId":"leepoeaik"},"content":"package Objects;","lastModifiedDate":"2024-02-06"},{"lineNumber":2,"author":{"gitId":"leepoeaik"},"content":"","lastModifiedDate":"2024-02-06"},{"lineNumber":3,"author":{"gitId":"leepoeaik"},"content":"import java.time.LocalDate;","lastModifiedDate":"2024-02-05"},{"lineNumber":4,"author":{"gitId":"leepoeaik"},"content":"import java.time.format.DateTimeFormatter;","lastModifiedDate":"2024-02-05"},{"lineNumber":5,"author":{"gitId":"leepoeaik"},"content":"","lastModifiedDate":"2024-02-05"},{"lineNumber":6,"author":{"gitId":"leepoeaik"},"content":"/**","lastModifiedDate":"2024-02-14"},{"lineNumber":7,"author":{"gitId":"leepoeaik"},"content":" * Deadline class which inherits from task","lastModifiedDate":"2024-02-14"},{"lineNumber":8,"author":{"gitId":"leepoeaik"},"content":" * contains additional deadline","lastModifiedDate":"2024-02-14"},{"lineNumber":9,"author":{"gitId":"leepoeaik"},"content":" */","lastModifiedDate":"2024-02-14"},{"lineNumber":10,"author":{"gitId":"leepoeaik"},"content":"public class Deadline extends Task {","lastModifiedDate":"2024-01-31"},{"lineNumber":11,"author":{"gitId":"leepoeaik"},"content":"    LocalDate deadline;","lastModifiedDate":"2024-02-05"},{"lineNumber":12,"author":{"gitId":"leepoeaik"},"content":"    public Deadline(String name, boolean mark, LocalDate deadline) {","lastModifiedDate":"2024-02-05"},{"lineNumber":13,"author":{"gitId":"leepoeaik"},"content":"        super(name,mark);","lastModifiedDate":"2024-02-04"},{"lineNumber":14,"author":{"gitId":"leepoeaik"},"content":"        this.deadline \u003d deadline;","lastModifiedDate":"2024-01-31"},{"lineNumber":15,"author":{"gitId":"leepoeaik"},"content":"    }","lastModifiedDate":"2024-01-31"},{"lineNumber":16,"author":{"gitId":"leepoeaik"},"content":"","lastModifiedDate":"2024-01-31"},{"lineNumber":17,"author":{"gitId":"leepoeaik"},"content":"    @Override","lastModifiedDate":"2024-01-31"},{"lineNumber":18,"author":{"gitId":"leepoeaik"},"content":"    public String toString() {","lastModifiedDate":"2024-01-31"},{"lineNumber":19,"author":{"gitId":"leepoeaik"},"content":"        return \"[D] \" + super.toString() + \"(by : \" + this.deadline.format(DateTimeFormatter.ofPattern(\"MMM d yyyy\")) + \")\";","lastModifiedDate":"2024-02-05"},{"lineNumber":20,"author":{"gitId":"leepoeaik"},"content":"    }","lastModifiedDate":"2024-01-31"},{"lineNumber":21,"author":{"gitId":"leepoeaik"},"content":"","lastModifiedDate":"2024-02-04"},{"lineNumber":22,"author":{"gitId":"leepoeaik"},"content":"    @Override","lastModifiedDate":"2024-02-04"},{"lineNumber":23,"author":{"gitId":"leepoeaik"},"content":"    public String toStringFile(){","lastModifiedDate":"2024-02-04"},{"lineNumber":24,"author":{"gitId":"leepoeaik"},"content":"        return \"D|\" + super.toStringFile() + \"|\" + this.deadline;","lastModifiedDate":"2024-02-04"},{"lineNumber":25,"author":{"gitId":"leepoeaik"},"content":"    }","lastModifiedDate":"2024-02-04"},{"lineNumber":26,"author":{"gitId":"leepoeaik"},"content":"}","lastModifiedDate":"2024-01-31"}],"authorContributionMap":{"leepoeaik":26}},{"path":"src/main/java/Objects/Event.java","fileType":"java","lines":[{"lineNumber":1,"author":{"gitId":"leepoeaik"},"content":"package Objects;","lastModifiedDate":"2024-02-06"},{"lineNumber":2,"author":{"gitId":"leepoeaik"},"content":"","lastModifiedDate":"2024-02-06"},{"lineNumber":3,"author":{"gitId":"leepoeaik"},"content":"import java.time.LocalDate;","lastModifiedDate":"2024-02-05"},{"lineNumber":4,"author":{"gitId":"leepoeaik"},"content":"import java.time.format.DateTimeFormatter;","lastModifiedDate":"2024-02-05"},{"lineNumber":5,"author":{"gitId":"leepoeaik"},"content":"","lastModifiedDate":"2024-02-05"},{"lineNumber":6,"author":{"gitId":"leepoeaik"},"content":"/**","lastModifiedDate":"2024-02-14"},{"lineNumber":7,"author":{"gitId":"leepoeaik"},"content":" * Event class which inherits from tasks","lastModifiedDate":"2024-02-14"},{"lineNumber":8,"author":{"gitId":"leepoeaik"},"content":" * which contains startDate and endDate","lastModifiedDate":"2024-02-14"},{"lineNumber":9,"author":{"gitId":"leepoeaik"},"content":" */","lastModifiedDate":"2024-02-14"},{"lineNumber":10,"author":{"gitId":"leepoeaik"},"content":"public class Event extends Task {","lastModifiedDate":"2024-01-31"},{"lineNumber":11,"author":{"gitId":"leepoeaik"},"content":"    LocalDate startDate;","lastModifiedDate":"2024-02-05"},{"lineNumber":12,"author":{"gitId":"leepoeaik"},"content":"    LocalDate endDate;","lastModifiedDate":"2024-02-05"},{"lineNumber":13,"author":{"gitId":"leepoeaik"},"content":"    public Event(String name,boolean mark, LocalDate startDate, LocalDate endDate) {","lastModifiedDate":"2024-02-05"},{"lineNumber":14,"author":{"gitId":"leepoeaik"},"content":"        super(name, mark);","lastModifiedDate":"2024-02-04"},{"lineNumber":15,"author":{"gitId":"leepoeaik"},"content":"        this.startDate \u003d startDate;","lastModifiedDate":"2024-01-31"},{"lineNumber":16,"author":{"gitId":"leepoeaik"},"content":"        this.endDate \u003d endDate;","lastModifiedDate":"2024-01-31"},{"lineNumber":17,"author":{"gitId":"leepoeaik"},"content":"    }","lastModifiedDate":"2024-01-31"},{"lineNumber":18,"author":{"gitId":"leepoeaik"},"content":"","lastModifiedDate":"2024-01-31"},{"lineNumber":19,"author":{"gitId":"leepoeaik"},"content":"    @Override","lastModifiedDate":"2024-01-31"},{"lineNumber":20,"author":{"gitId":"leepoeaik"},"content":"    public String toString() {","lastModifiedDate":"2024-01-31"},{"lineNumber":21,"author":{"gitId":"leepoeaik"},"content":"        return \"[E] \" + super.toString() + \"(from : \" + this.startDate.format(DateTimeFormatter.ofPattern(\"MMM d yyyy\"))","lastModifiedDate":"2024-02-05"},{"lineNumber":22,"author":{"gitId":"leepoeaik"},"content":"                + \" to: \" + this.endDate.format(DateTimeFormatter.ofPattern(\"MMM d yyyy\")) + \")\";","lastModifiedDate":"2024-02-05"},{"lineNumber":23,"author":{"gitId":"leepoeaik"},"content":"    }","lastModifiedDate":"2024-01-31"},{"lineNumber":24,"author":{"gitId":"leepoeaik"},"content":"","lastModifiedDate":"2024-02-04"},{"lineNumber":25,"author":{"gitId":"leepoeaik"},"content":"    @Override","lastModifiedDate":"2024-02-04"},{"lineNumber":26,"author":{"gitId":"leepoeaik"},"content":"    public String toStringFile() {","lastModifiedDate":"2024-02-04"},{"lineNumber":27,"author":{"gitId":"leepoeaik"},"content":"        return \"E|\" + super.toStringFile() + \"|\" + this.startDate + \"|\" + this.endDate;","lastModifiedDate":"2024-02-04"},{"lineNumber":28,"author":{"gitId":"leepoeaik"},"content":"    }","lastModifiedDate":"2024-02-04"},{"lineNumber":29,"author":{"gitId":"leepoeaik"},"content":"}","lastModifiedDate":"2024-01-31"}],"authorContributionMap":{"leepoeaik":29}},{"path":"src/main/java/Objects/Task.java","fileType":"java","lines":[{"lineNumber":1,"author":{"gitId":"leepoeaik"},"content":"package Objects;","lastModifiedDate":"2024-02-06"},{"lineNumber":2,"author":{"gitId":"leepoeaik"},"content":"","lastModifiedDate":"2024-02-06"},{"lineNumber":3,"author":{"gitId":"leepoeaik"},"content":"/**","lastModifiedDate":"2024-02-14"},{"lineNumber":4,"author":{"gitId":"leepoeaik"},"content":" * Task class which has basic functionalities and fields of a task","lastModifiedDate":"2024-02-14"},{"lineNumber":5,"author":{"gitId":"leepoeaik"},"content":" */","lastModifiedDate":"2024-02-14"},{"lineNumber":6,"author":{"gitId":"leepoeaik"},"content":"public class Task {","lastModifiedDate":"2024-01-31"},{"lineNumber":7,"author":{"gitId":"leepoeaik"},"content":"    private String name;","lastModifiedDate":"2024-01-31"},{"lineNumber":8,"author":{"gitId":"leepoeaik"},"content":"    private boolean isMarked \u003d false;","lastModifiedDate":"2024-02-14"},{"lineNumber":9,"author":{"gitId":"leepoeaik"},"content":"    public Task(String name,boolean isMarked) {","lastModifiedDate":"2024-02-14"},{"lineNumber":10,"author":{"gitId":"leepoeaik"},"content":"        this.name \u003d name;","lastModifiedDate":"2024-01-31"},{"lineNumber":11,"author":{"gitId":"leepoeaik"},"content":"        this.isMarked \u003d isMarked;","lastModifiedDate":"2024-02-14"},{"lineNumber":12,"author":{"gitId":"leepoeaik"},"content":"    }","lastModifiedDate":"2024-01-31"},{"lineNumber":13,"author":{"gitId":"leepoeaik"},"content":"","lastModifiedDate":"2024-01-31"},{"lineNumber":14,"author":{"gitId":"leepoeaik"},"content":"    public String getName() {","lastModifiedDate":"2024-01-31"},{"lineNumber":15,"author":{"gitId":"leepoeaik"},"content":"        return name;","lastModifiedDate":"2024-01-31"},{"lineNumber":16,"author":{"gitId":"leepoeaik"},"content":"    }","lastModifiedDate":"2024-01-31"},{"lineNumber":17,"author":{"gitId":"leepoeaik"},"content":"    public boolean getMark() {","lastModifiedDate":"2024-01-31"},{"lineNumber":18,"author":{"gitId":"leepoeaik"},"content":"        return isMarked;","lastModifiedDate":"2024-02-14"},{"lineNumber":19,"author":{"gitId":"leepoeaik"},"content":"    }","lastModifiedDate":"2024-01-31"},{"lineNumber":20,"author":{"gitId":"leepoeaik"},"content":"    public void markMark() {","lastModifiedDate":"2024-01-31"},{"lineNumber":21,"author":{"gitId":"leepoeaik"},"content":"        this.isMarked \u003d true;","lastModifiedDate":"2024-02-14"},{"lineNumber":22,"author":{"gitId":"leepoeaik"},"content":"    }","lastModifiedDate":"2024-01-31"},{"lineNumber":23,"author":{"gitId":"leepoeaik"},"content":"","lastModifiedDate":"2024-01-31"},{"lineNumber":24,"author":{"gitId":"leepoeaik"},"content":"    public void unmarkMark() {","lastModifiedDate":"2024-01-31"},{"lineNumber":25,"author":{"gitId":"leepoeaik"},"content":"        this.isMarked \u003d false;","lastModifiedDate":"2024-02-14"},{"lineNumber":26,"author":{"gitId":"leepoeaik"},"content":"    }","lastModifiedDate":"2024-01-31"},{"lineNumber":27,"author":{"gitId":"leepoeaik"},"content":"","lastModifiedDate":"2024-01-31"},{"lineNumber":28,"author":{"gitId":"leepoeaik"},"content":"","lastModifiedDate":"2024-01-31"},{"lineNumber":29,"author":{"gitId":"leepoeaik"},"content":"    @Override","lastModifiedDate":"2024-01-31"},{"lineNumber":30,"author":{"gitId":"leepoeaik"},"content":"    public String toString() {","lastModifiedDate":"2024-01-31"},{"lineNumber":31,"author":{"gitId":"leepoeaik"},"content":"        if (getMark()) {","lastModifiedDate":"2024-01-31"},{"lineNumber":32,"author":{"gitId":"leepoeaik"},"content":"            return \"[X] \" + getName();","lastModifiedDate":"2024-01-31"},{"lineNumber":33,"author":{"gitId":"leepoeaik"},"content":"        } else {","lastModifiedDate":"2024-01-31"},{"lineNumber":34,"author":{"gitId":"leepoeaik"},"content":"            return \"[ ] \" + getName();","lastModifiedDate":"2024-01-31"},{"lineNumber":35,"author":{"gitId":"leepoeaik"},"content":"        }","lastModifiedDate":"2024-01-31"},{"lineNumber":36,"author":{"gitId":"leepoeaik"},"content":"    }","lastModifiedDate":"2024-01-31"},{"lineNumber":37,"author":{"gitId":"leepoeaik"},"content":"","lastModifiedDate":"2024-02-04"},{"lineNumber":38,"author":{"gitId":"leepoeaik"},"content":"    public String toStringFile() {","lastModifiedDate":"2024-02-04"},{"lineNumber":39,"author":{"gitId":"leepoeaik"},"content":"        if (getMark()) {","lastModifiedDate":"2024-02-04"},{"lineNumber":40,"author":{"gitId":"leepoeaik"},"content":"            return \"1|\" + getName();","lastModifiedDate":"2024-02-04"},{"lineNumber":41,"author":{"gitId":"leepoeaik"},"content":"        } else {","lastModifiedDate":"2024-02-04"},{"lineNumber":42,"author":{"gitId":"leepoeaik"},"content":"            return \"0|\" + getName();","lastModifiedDate":"2024-02-04"},{"lineNumber":43,"author":{"gitId":"leepoeaik"},"content":"        }","lastModifiedDate":"2024-02-04"},{"lineNumber":44,"author":{"gitId":"leepoeaik"},"content":"    }","lastModifiedDate":"2024-02-04"},{"lineNumber":45,"author":{"gitId":"leepoeaik"},"content":"}","lastModifiedDate":"2024-01-31"}],"authorContributionMap":{"leepoeaik":45}},{"path":"src/main/java/Objects/Todo.java","fileType":"java","lines":[{"lineNumber":1,"author":{"gitId":"leepoeaik"},"content":"package Objects;","lastModifiedDate":"2024-02-06"},{"lineNumber":2,"author":{"gitId":"leepoeaik"},"content":"","lastModifiedDate":"2024-02-06"},{"lineNumber":3,"author":{"gitId":"leepoeaik"},"content":"/**","lastModifiedDate":"2024-02-14"},{"lineNumber":4,"author":{"gitId":"leepoeaik"},"content":" * class which inherits tasks","lastModifiedDate":"2024-02-14"},{"lineNumber":5,"author":{"gitId":"leepoeaik"},"content":" */","lastModifiedDate":"2024-02-14"},{"lineNumber":6,"author":{"gitId":"leepoeaik"},"content":"public class Todo extends Task {","lastModifiedDate":"2024-01-31"},{"lineNumber":7,"author":{"gitId":"leepoeaik"},"content":"    public Todo(String name,boolean mark) {","lastModifiedDate":"2024-02-04"},{"lineNumber":8,"author":{"gitId":"leepoeaik"},"content":"        super(name,mark);","lastModifiedDate":"2024-02-04"},{"lineNumber":9,"author":{"gitId":"leepoeaik"},"content":"    }","lastModifiedDate":"2024-01-31"},{"lineNumber":10,"author":{"gitId":"leepoeaik"},"content":"","lastModifiedDate":"2024-01-31"},{"lineNumber":11,"author":{"gitId":"leepoeaik"},"content":"    @Override","lastModifiedDate":"2024-01-31"},{"lineNumber":12,"author":{"gitId":"leepoeaik"},"content":"    public String toString() {","lastModifiedDate":"2024-01-31"},{"lineNumber":13,"author":{"gitId":"leepoeaik"},"content":"        return \"[T] \" + super.toString();","lastModifiedDate":"2024-01-31"},{"lineNumber":14,"author":{"gitId":"leepoeaik"},"content":"    }","lastModifiedDate":"2024-01-31"},{"lineNumber":15,"author":{"gitId":"leepoeaik"},"content":"","lastModifiedDate":"2024-02-04"},{"lineNumber":16,"author":{"gitId":"leepoeaik"},"content":"    @Override","lastModifiedDate":"2024-02-04"},{"lineNumber":17,"author":{"gitId":"leepoeaik"},"content":"    public String toStringFile() {","lastModifiedDate":"2024-02-04"},{"lineNumber":18,"author":{"gitId":"leepoeaik"},"content":"        return \"T|\" + super.toStringFile();","lastModifiedDate":"2024-02-04"},{"lineNumber":19,"author":{"gitId":"leepoeaik"},"content":"    }","lastModifiedDate":"2024-02-04"},{"lineNumber":20,"author":{"gitId":"leepoeaik"},"content":"}","lastModifiedDate":"2024-01-31"}],"authorContributionMap":{"leepoeaik":20}},{"path":"src/main/java/main/Parser.java","fileType":"java","lines":[{"lineNumber":1,"author":{"gitId":"leepoeaik"},"content":"package main;","lastModifiedDate":"2024-02-06"},{"lineNumber":2,"author":{"gitId":"leepoeaik"},"content":"","lastModifiedDate":"2024-02-06"},{"lineNumber":3,"author":{"gitId":"leepoeaik"},"content":"import Objects.Deadline;","lastModifiedDate":"2024-02-06"},{"lineNumber":4,"author":{"gitId":"leepoeaik"},"content":"import Objects.Event;","lastModifiedDate":"2024-02-06"},{"lineNumber":5,"author":{"gitId":"leepoeaik"},"content":"import Objects.Task;","lastModifiedDate":"2024-02-06"},{"lineNumber":6,"author":{"gitId":"leepoeaik"},"content":"import Objects.Todo;","lastModifiedDate":"2024-02-06"},{"lineNumber":7,"author":{"gitId":"leepoeaik"},"content":"","lastModifiedDate":"2024-02-06"},{"lineNumber":8,"author":{"gitId":"leepoeaik"},"content":"import java.io.IOException;","lastModifiedDate":"2024-02-06"},{"lineNumber":9,"author":{"gitId":"leepoeaik"},"content":"import java.time.LocalDate;","lastModifiedDate":"2024-02-06"},{"lineNumber":10,"author":{"gitId":"leepoeaik"},"content":"import java.util.Scanner;","lastModifiedDate":"2024-02-06"},{"lineNumber":11,"author":{"gitId":"leepoeaik"},"content":"","lastModifiedDate":"2024-02-06"},{"lineNumber":12,"author":{"gitId":"leepoeaik"},"content":"/**","lastModifiedDate":"2024-02-14"},{"lineNumber":13,"author":{"gitId":"leepoeaik"},"content":" * A parse class which makes sense of the input of user","lastModifiedDate":"2024-02-14"},{"lineNumber":14,"author":{"gitId":"leepoeaik"},"content":" */","lastModifiedDate":"2024-02-14"},{"lineNumber":15,"author":{"gitId":"leepoeaik"},"content":"public class Parser {","lastModifiedDate":"2024-02-06"},{"lineNumber":16,"author":{"gitId":"leepoeaik"},"content":"    Storage storage;","lastModifiedDate":"2024-02-06"},{"lineNumber":17,"author":{"gitId":"leepoeaik"},"content":"","lastModifiedDate":"2024-02-06"},{"lineNumber":18,"author":{"gitId":"leepoeaik"},"content":"\u003c\u003c\u003c\u003c\u003c\u003c\u003c HEAD","lastModifiedDate":"2024-02-14"},{"lineNumber":19,"author":{"gitId":"leepoeaik"},"content":"    /**","lastModifiedDate":"2024-02-14"},{"lineNumber":20,"author":{"gitId":"leepoeaik"},"content":"     * takes in input using a scanner and identifies which actions to choose","lastModifiedDate":"2024-02-14"},{"lineNumber":21,"author":{"gitId":"leepoeaik"},"content":"     *","lastModifiedDate":"2024-02-14"},{"lineNumber":22,"author":{"gitId":"leepoeaik"},"content":"     * @param taskList list of present tasks","lastModifiedDate":"2024-02-14"},{"lineNumber":23,"author":{"gitId":"leepoeaik"},"content":"     */","lastModifiedDate":"2024-02-14"},{"lineNumber":24,"author":{"gitId":"leepoeaik"},"content":"","lastModifiedDate":"2024-02-14"},{"lineNumber":25,"author":{"gitId":"leepoeaik"},"content":"    public static void input(TaskList taskList){","lastModifiedDate":"2024-02-06"},{"lineNumber":26,"author":{"gitId":"leepoeaik"},"content":"\u003d\u003d\u003d\u003d\u003d\u003d\u003d","lastModifiedDate":"2024-02-14"},{"lineNumber":27,"author":{"gitId":"leepoeaik"},"content":"    public static void input(TaskList taskList) {","lastModifiedDate":"2024-02-06"},{"lineNumber":28,"author":{"gitId":"leepoeaik"},"content":"\u003e\u003e\u003e\u003e\u003e\u003e\u003e master","lastModifiedDate":"2024-02-14"},{"lineNumber":29,"author":{"gitId":"leepoeaik"},"content":"        Scanner sc \u003d new Scanner(System.in);","lastModifiedDate":"2024-02-06"},{"lineNumber":30,"author":{"gitId":"leepoeaik"},"content":"        boolean isChanged \u003d false;","lastModifiedDate":"2024-02-06"},{"lineNumber":31,"author":{"gitId":"leepoeaik"},"content":"        while (true) {","lastModifiedDate":"2024-02-06"},{"lineNumber":32,"author":{"gitId":"leepoeaik"},"content":"            if(isChanged) {","lastModifiedDate":"2024-02-06"},{"lineNumber":33,"author":{"gitId":"leepoeaik"},"content":"                try {","lastModifiedDate":"2024-02-06"},{"lineNumber":34,"author":{"gitId":"leepoeaik"},"content":"                    Storage.writeToFile(taskList);","lastModifiedDate":"2024-02-06"},{"lineNumber":35,"author":{"gitId":"leepoeaik"},"content":"                    isChanged \u003d false;","lastModifiedDate":"2024-02-06"},{"lineNumber":36,"author":{"gitId":"leepoeaik"},"content":"                } catch (IOException e) {","lastModifiedDate":"2024-02-06"},{"lineNumber":37,"author":{"gitId":"leepoeaik"},"content":"                    throw new RuntimeException(e);","lastModifiedDate":"2024-02-06"},{"lineNumber":38,"author":{"gitId":"leepoeaik"},"content":"                }","lastModifiedDate":"2024-02-06"},{"lineNumber":39,"author":{"gitId":"leepoeaik"},"content":"            }","lastModifiedDate":"2024-02-06"},{"lineNumber":40,"author":{"gitId":"leepoeaik"},"content":"","lastModifiedDate":"2024-02-06"},{"lineNumber":41,"author":{"gitId":"leepoeaik"},"content":"            String str \u003d sc.nextLine();","lastModifiedDate":"2024-02-06"},{"lineNumber":42,"author":{"gitId":"leepoeaik"},"content":"            String[] splitStr \u003d str.split(\"\\\\s+\",2);","lastModifiedDate":"2024-02-06"},{"lineNumber":43,"author":{"gitId":"leepoeaik"},"content":"","lastModifiedDate":"2024-02-06"},{"lineNumber":44,"author":{"gitId":"leepoeaik"},"content":"            switch (splitStr[0].toLowerCase()) {","lastModifiedDate":"2024-02-06"},{"lineNumber":45,"author":{"gitId":"leepoeaik"},"content":"                case \"bye\":","lastModifiedDate":"2024-02-06"},{"lineNumber":46,"author":{"gitId":"leepoeaik"},"content":"                    Ui.bye();","lastModifiedDate":"2024-02-06"},{"lineNumber":47,"author":{"gitId":"leepoeaik"},"content":"                    return;","lastModifiedDate":"2024-02-06"},{"lineNumber":48,"author":{"gitId":"leepoeaik"},"content":"                case \"list\":","lastModifiedDate":"2024-02-06"},{"lineNumber":49,"author":{"gitId":"leepoeaik"},"content":"                    taskList.printList();","lastModifiedDate":"2024-02-06"},{"lineNumber":50,"author":{"gitId":"leepoeaik"},"content":"                    break;","lastModifiedDate":"2024-02-06"},{"lineNumber":51,"author":{"gitId":"leepoeaik"},"content":"                case \"mark\":","lastModifiedDate":"2024-02-06"},{"lineNumber":52,"author":{"gitId":"leepoeaik"},"content":"                    taskList.mark(Integer.parseInt(splitStr[1])-1);","lastModifiedDate":"2024-02-06"},{"lineNumber":53,"author":{"gitId":"leepoeaik"},"content":"                    isChanged \u003d true;","lastModifiedDate":"2024-02-06"},{"lineNumber":54,"author":{"gitId":"leepoeaik"},"content":"                    break;","lastModifiedDate":"2024-02-06"},{"lineNumber":55,"author":{"gitId":"leepoeaik"},"content":"                case \"unmark\":","lastModifiedDate":"2024-02-06"},{"lineNumber":56,"author":{"gitId":"leepoeaik"},"content":"                    taskList.unmark(Integer.parseInt(splitStr[1])-1);","lastModifiedDate":"2024-02-06"},{"lineNumber":57,"author":{"gitId":"leepoeaik"},"content":"                    isChanged \u003d true;","lastModifiedDate":"2024-02-06"},{"lineNumber":58,"author":{"gitId":"leepoeaik"},"content":"                    break;","lastModifiedDate":"2024-02-06"},{"lineNumber":59,"author":{"gitId":"leepoeaik"},"content":"                case \"delete\":","lastModifiedDate":"2024-02-06"},{"lineNumber":60,"author":{"gitId":"leepoeaik"},"content":"                    taskList.remove(Integer.parseInt(splitStr[1])-1);","lastModifiedDate":"2024-02-06"},{"lineNumber":61,"author":{"gitId":"leepoeaik"},"content":"                    isChanged \u003d true;","lastModifiedDate":"2024-02-06"},{"lineNumber":62,"author":{"gitId":"leepoeaik"},"content":"                    break;","lastModifiedDate":"2024-02-06"},{"lineNumber":63,"author":{"gitId":"leepoeaik"},"content":"                case \"todo\":","lastModifiedDate":"2024-02-06"},{"lineNumber":64,"author":{"gitId":"leepoeaik"},"content":"                    if (splitStr.length \u003d\u003d 2) {","lastModifiedDate":"2024-02-06"},{"lineNumber":65,"author":{"gitId":"leepoeaik"},"content":"                        Task todo1 \u003d new Todo(splitStr[1],false);","lastModifiedDate":"2024-02-06"},{"lineNumber":66,"author":{"gitId":"leepoeaik"},"content":"                        taskList.getList().add(todo1);","lastModifiedDate":"2024-02-06"},{"lineNumber":67,"author":{"gitId":"leepoeaik"},"content":"                        isChanged \u003d true;","lastModifiedDate":"2024-02-06"},{"lineNumber":68,"author":{"gitId":"leepoeaik"},"content":"                        Ui.success(todo1);","lastModifiedDate":"2024-02-06"},{"lineNumber":69,"author":{"gitId":"leepoeaik"},"content":"                    } else {","lastModifiedDate":"2024-02-06"},{"lineNumber":70,"author":{"gitId":"leepoeaik"},"content":"                        Ui.error();","lastModifiedDate":"2024-02-06"},{"lineNumber":71,"author":{"gitId":"leepoeaik"},"content":"                    }","lastModifiedDate":"2024-02-06"},{"lineNumber":72,"author":{"gitId":"leepoeaik"},"content":"                    break;","lastModifiedDate":"2024-02-06"},{"lineNumber":73,"author":{"gitId":"leepoeaik"},"content":"","lastModifiedDate":"2024-02-06"},{"lineNumber":74,"author":{"gitId":"leepoeaik"},"content":"                case \"deadline\":","lastModifiedDate":"2024-02-06"},{"lineNumber":75,"author":{"gitId":"leepoeaik"},"content":"                    if (splitStr.length \u003d\u003d 2) {","lastModifiedDate":"2024-02-06"},{"lineNumber":76,"author":{"gitId":"leepoeaik"},"content":"                        String[] splitStrDeadline \u003d splitStr[1].split(\"/by\", 2);","lastModifiedDate":"2024-02-06"},{"lineNumber":77,"author":{"gitId":"leepoeaik"},"content":"                        if (splitStrDeadline.length \u003d\u003d 2) {","lastModifiedDate":"2024-02-06"},{"lineNumber":78,"author":{"gitId":"leepoeaik"},"content":"                            Task deadline1 \u003d new Deadline(splitStrDeadline[0],false, LocalDate.parse(splitStrDeadline[1].trim()));","lastModifiedDate":"2024-02-06"},{"lineNumber":79,"author":{"gitId":"leepoeaik"},"content":"                            taskList.getList().add(deadline1);","lastModifiedDate":"2024-02-06"},{"lineNumber":80,"author":{"gitId":"leepoeaik"},"content":"                            isChanged \u003d true;","lastModifiedDate":"2024-02-06"},{"lineNumber":81,"author":{"gitId":"leepoeaik"},"content":"                            Ui.success(deadline1);","lastModifiedDate":"2024-02-06"},{"lineNumber":82,"author":{"gitId":"leepoeaik"},"content":"                        } else {","lastModifiedDate":"2024-02-06"},{"lineNumber":83,"author":{"gitId":"leepoeaik"},"content":"                            Ui.deadlineError();","lastModifiedDate":"2024-02-06"},{"lineNumber":84,"author":{"gitId":"leepoeaik"},"content":"                        }","lastModifiedDate":"2024-02-06"},{"lineNumber":85,"author":{"gitId":"leepoeaik"},"content":"                    } else {","lastModifiedDate":"2024-02-06"},{"lineNumber":86,"author":{"gitId":"leepoeaik"},"content":"                        Ui.error();","lastModifiedDate":"2024-02-06"},{"lineNumber":87,"author":{"gitId":"leepoeaik"},"content":"                    }","lastModifiedDate":"2024-02-06"},{"lineNumber":88,"author":{"gitId":"leepoeaik"},"content":"                    break;","lastModifiedDate":"2024-02-06"},{"lineNumber":89,"author":{"gitId":"leepoeaik"},"content":"                case \"event\":","lastModifiedDate":"2024-02-06"},{"lineNumber":90,"author":{"gitId":"leepoeaik"},"content":"                    if (splitStr.length \u003d\u003d 2) {","lastModifiedDate":"2024-02-06"},{"lineNumber":91,"author":{"gitId":"leepoeaik"},"content":"                        String[] splitStrEvent \u003d splitStr[1].split(\"/from|/to\");","lastModifiedDate":"2024-02-06"},{"lineNumber":92,"author":{"gitId":"leepoeaik"},"content":"                        if (splitStrEvent.length \u003d\u003d 3) {","lastModifiedDate":"2024-02-06"},{"lineNumber":93,"author":{"gitId":"leepoeaik"},"content":"                            Task event1 \u003d new Event(splitStrEvent[0],false, LocalDate.parse(splitStrEvent[1].trim()), LocalDate.parse(splitStrEvent[2].trim()));","lastModifiedDate":"2024-02-06"},{"lineNumber":94,"author":{"gitId":"leepoeaik"},"content":"                            taskList.getList().add(event1);","lastModifiedDate":"2024-02-06"},{"lineNumber":95,"author":{"gitId":"leepoeaik"},"content":"                            isChanged \u003d true;","lastModifiedDate":"2024-02-06"},{"lineNumber":96,"author":{"gitId":"leepoeaik"},"content":"                            Ui.success(event1);","lastModifiedDate":"2024-02-06"},{"lineNumber":97,"author":{"gitId":"leepoeaik"},"content":"                        } else {","lastModifiedDate":"2024-02-06"},{"lineNumber":98,"author":{"gitId":"leepoeaik"},"content":"                            Ui.eventError();","lastModifiedDate":"2024-02-06"},{"lineNumber":99,"author":{"gitId":"leepoeaik"},"content":"                        }","lastModifiedDate":"2024-02-06"},{"lineNumber":100,"author":{"gitId":"leepoeaik"},"content":"                    } else {","lastModifiedDate":"2024-02-06"},{"lineNumber":101,"author":{"gitId":"leepoeaik"},"content":"                        Ui.error();","lastModifiedDate":"2024-02-06"},{"lineNumber":102,"author":{"gitId":"leepoeaik"},"content":"                    }","lastModifiedDate":"2024-02-06"},{"lineNumber":103,"author":{"gitId":"leepoeaik"},"content":"                    break;","lastModifiedDate":"2024-02-06"},{"lineNumber":104,"author":{"gitId":"leepoeaik"},"content":"                case \"find\":","lastModifiedDate":"2024-02-14"},{"lineNumber":105,"author":{"gitId":"leepoeaik"},"content":"                    if (splitStr.length \u003d\u003d 2) {","lastModifiedDate":"2024-02-14"},{"lineNumber":106,"author":{"gitId":"leepoeaik"},"content":"                        taskList.printList(taskList.findList(splitStr[1]));","lastModifiedDate":"2024-02-14"},{"lineNumber":107,"author":{"gitId":"leepoeaik"},"content":"                    } else {","lastModifiedDate":"2024-02-14"},{"lineNumber":108,"author":{"gitId":"leepoeaik"},"content":"                        Ui.error();","lastModifiedDate":"2024-02-14"},{"lineNumber":109,"author":{"gitId":"leepoeaik"},"content":"                    }","lastModifiedDate":"2024-02-14"},{"lineNumber":110,"author":{"gitId":"leepoeaik"},"content":"                    break;","lastModifiedDate":"2024-02-14"},{"lineNumber":111,"author":{"gitId":"leepoeaik"},"content":"","lastModifiedDate":"2024-02-14"},{"lineNumber":112,"author":{"gitId":"leepoeaik"},"content":"                default:","lastModifiedDate":"2024-02-06"},{"lineNumber":113,"author":{"gitId":"leepoeaik"},"content":"                    System.out.println(\"huh? what did you say?\");","lastModifiedDate":"2024-02-06"},{"lineNumber":114,"author":{"gitId":"leepoeaik"},"content":"                    break;","lastModifiedDate":"2024-02-06"},{"lineNumber":115,"author":{"gitId":"leepoeaik"},"content":"            }","lastModifiedDate":"2024-02-06"},{"lineNumber":116,"author":{"gitId":"leepoeaik"},"content":"        }","lastModifiedDate":"2024-02-06"},{"lineNumber":117,"author":{"gitId":"leepoeaik"},"content":"    }","lastModifiedDate":"2024-02-06"},{"lineNumber":118,"author":{"gitId":"leepoeaik"},"content":"}","lastModifiedDate":"2024-02-06"}],"authorContributionMap":{"leepoeaik":118}},{"path":"src/main/java/main/Poe.java","fileType":"java","lines":[{"lineNumber":1,"author":{"gitId":"leepoeaik"},"content":"package main;","lastModifiedDate":"2024-02-06"},{"lineNumber":2,"author":{"gitId":"leepoeaik"},"content":"","lastModifiedDate":"2024-02-06"},{"lineNumber":3,"author":{"gitId":"leepoeaik"},"content":"import main.Parser;","lastModifiedDate":"2024-02-06"},{"lineNumber":4,"author":{"gitId":"leepoeaik"},"content":"","lastModifiedDate":"2024-02-06"},{"lineNumber":5,"author":{"gitId":"leepoeaik"},"content":"import java.io.*;","lastModifiedDate":"2024-02-04"},{"lineNumber":6,"author":{"gitId":"leepoeaik"},"content":"","lastModifiedDate":"2024-01-26"},{"lineNumber":7,"author":{"gitId":"leepoeaik"},"content":"public class Poe {","lastModifiedDate":"2024-01-26"},{"lineNumber":8,"author":{"gitId":"leepoeaik"},"content":"","lastModifiedDate":"2024-02-04"},{"lineNumber":9,"author":{"gitId":"leepoeaik"},"content":"//    public void run(){","lastModifiedDate":"2024-02-06"},{"lineNumber":10,"author":{"gitId":"leepoeaik"},"content":"//        ui.greetings();","lastModifiedDate":"2024-02-06"},{"lineNumber":11,"author":{"gitId":"leepoeaik"},"content":"//        boolean isExit \u003d false;","lastModifiedDate":"2024-02-06"},{"lineNumber":12,"author":{"gitId":"leepoeaik"},"content":"//        while (!isExit) {","lastModifiedDate":"2024-02-06"},{"lineNumber":13,"author":{"gitId":"leepoeaik"},"content":"//            try {","lastModifiedDate":"2024-02-06"},{"lineNumber":14,"author":{"gitId":"leepoeaik"},"content":"//                String fullCommand \u003d ui.readCommand();","lastModifiedDate":"2024-02-06"},{"lineNumber":15,"author":{"gitId":"leepoeaik"},"content":"//                ui.showLine(); // show the divider line (\"_______\")","lastModifiedDate":"2024-02-06"},{"lineNumber":16,"author":{"gitId":"leepoeaik"},"content":"//                Command c \u003d main.Parser.parse(fullCommand);","lastModifiedDate":"2024-02-06"},{"lineNumber":17,"author":{"gitId":"leepoeaik"},"content":"//                c.execute(tasks, ui, storage);","lastModifiedDate":"2024-02-06"},{"lineNumber":18,"author":{"gitId":"leepoeaik"},"content":"//                isExit \u003d c.isExit();","lastModifiedDate":"2024-02-06"},{"lineNumber":19,"author":{"gitId":"leepoeaik"},"content":"//            } catch (DukeException e) {","lastModifiedDate":"2024-02-06"},{"lineNumber":20,"author":{"gitId":"leepoeaik"},"content":"//                ui.showError(e.getMessage());","lastModifiedDate":"2024-02-06"},{"lineNumber":21,"author":{"gitId":"leepoeaik"},"content":"//            } finally {","lastModifiedDate":"2024-02-06"},{"lineNumber":22,"author":{"gitId":"leepoeaik"},"content":"//                ui.showLine();","lastModifiedDate":"2024-02-06"},{"lineNumber":23,"author":{"gitId":"leepoeaik"},"content":"//            }","lastModifiedDate":"2024-02-06"},{"lineNumber":24,"author":{"gitId":"leepoeaik"},"content":"//        }","lastModifiedDate":"2024-02-06"},{"lineNumber":25,"author":{"gitId":"leepoeaik"},"content":"//","lastModifiedDate":"2024-02-06"},{"lineNumber":26,"author":{"gitId":"leepoeaik"},"content":"    public static void main(String[] args) throws IOException {","lastModifiedDate":"2024-02-06"},{"lineNumber":27,"author":{"gitId":"leepoeaik"},"content":"","lastModifiedDate":"2024-02-06"},{"lineNumber":28,"author":{"gitId":"leepoeaik"},"content":"        Ui.greetings();","lastModifiedDate":"2024-02-06"},{"lineNumber":29,"author":{"gitId":"leepoeaik"},"content":"        try {","lastModifiedDate":"2024-02-04"},{"lineNumber":30,"author":{"gitId":"leepoeaik"},"content":"            String data \u003d Storage.loadFromFile(\"./data.txt\");","lastModifiedDate":"2024-02-13"},{"lineNumber":31,"author":{"gitId":"leepoeaik"},"content":"            TaskList taskList \u003d new TaskList(data);","lastModifiedDate":"2024-02-06"},{"lineNumber":32,"author":{"gitId":"leepoeaik"},"content":"            taskList.printList();","lastModifiedDate":"2024-02-06"},{"lineNumber":33,"author":{"gitId":"leepoeaik"},"content":"            Parser.input(taskList);","lastModifiedDate":"2024-02-06"},{"lineNumber":34,"author":{"gitId":"leepoeaik"},"content":"        } catch (Exception e) {","lastModifiedDate":"2024-02-06"},{"lineNumber":35,"author":{"gitId":"leepoeaik"},"content":"            TaskList taskList \u003d new TaskList();","lastModifiedDate":"2024-02-06"},{"lineNumber":36,"author":{"gitId":"leepoeaik"},"content":"            Parser.input(taskList);","lastModifiedDate":"2024-02-06"},{"lineNumber":37,"author":{"gitId":"leepoeaik"},"content":"        }","lastModifiedDate":"2024-02-04"},{"lineNumber":38,"author":{"gitId":"leepoeaik"},"content":"    }","lastModifiedDate":"2024-01-26"},{"lineNumber":39,"author":{"gitId":"leepoeaik"},"content":"}","lastModifiedDate":"2024-01-26"}],"authorContributionMap":{"leepoeaik":39}},{"path":"src/main/java/main/Storage.java","fileType":"java","lines":[{"lineNumber":1,"author":{"gitId":"leepoeaik"},"content":"package main;","lastModifiedDate":"2024-02-06"},{"lineNumber":2,"author":{"gitId":"leepoeaik"},"content":"","lastModifiedDate":"2024-02-06"},{"lineNumber":3,"author":{"gitId":"leepoeaik"},"content":"import main.TaskList;","lastModifiedDate":"2024-02-06"},{"lineNumber":4,"author":{"gitId":"leepoeaik"},"content":"","lastModifiedDate":"2024-02-06"},{"lineNumber":5,"author":{"gitId":"leepoeaik"},"content":"import java.io.*;","lastModifiedDate":"2024-02-06"},{"lineNumber":6,"author":{"gitId":"leepoeaik"},"content":"","lastModifiedDate":"2024-02-06"},{"lineNumber":7,"author":{"gitId":"leepoeaik"},"content":"public class Storage {","lastModifiedDate":"2024-02-06"},{"lineNumber":8,"author":{"gitId":"leepoeaik"},"content":"    String filePath;","lastModifiedDate":"2024-02-06"},{"lineNumber":9,"author":{"gitId":"leepoeaik"},"content":"","lastModifiedDate":"2024-02-06"},{"lineNumber":10,"author":{"gitId":"leepoeaik"},"content":"    /**","lastModifiedDate":"2024-02-14"},{"lineNumber":11,"author":{"gitId":"leepoeaik"},"content":"     * Reads the file in the parameter line by line","lastModifiedDate":"2024-02-14"},{"lineNumber":12,"author":{"gitId":"leepoeaik"},"content":"     * concatenates the string and returns it","lastModifiedDate":"2024-02-14"},{"lineNumber":13,"author":{"gitId":"leepoeaik"},"content":"     *","lastModifiedDate":"2024-02-14"},{"lineNumber":14,"author":{"gitId":"leepoeaik"},"content":"     * @param filePath path of file","lastModifiedDate":"2024-02-14"},{"lineNumber":15,"author":{"gitId":"leepoeaik"},"content":"     * @return String in the file","lastModifiedDate":"2024-02-14"},{"lineNumber":16,"author":{"gitId":"leepoeaik"},"content":"     * @throws IOException if file does not contain anything","lastModifiedDate":"2024-02-14"},{"lineNumber":17,"author":{"gitId":"leepoeaik"},"content":"     */","lastModifiedDate":"2024-02-14"},{"lineNumber":18,"author":{"gitId":"leepoeaik"},"content":"    public static String loadFromFile(String filePath) throws IOException {","lastModifiedDate":"2024-02-13"},{"lineNumber":19,"author":{"gitId":"leepoeaik"},"content":"        try {","lastModifiedDate":"2024-02-13"},{"lineNumber":20,"author":{"gitId":"leepoeaik"},"content":"            BufferedReader reader \u003d new BufferedReader(new FileReader(filePath));","lastModifiedDate":"2024-02-13"},{"lineNumber":21,"author":{"gitId":"leepoeaik"},"content":"","lastModifiedDate":"2024-02-06"},{"lineNumber":22,"author":{"gitId":"leepoeaik"},"content":"            String line \u003d \"\";","lastModifiedDate":"2024-02-06"},{"lineNumber":23,"author":{"gitId":"leepoeaik"},"content":"            String str \u003d \"\";","lastModifiedDate":"2024-02-06"},{"lineNumber":24,"author":{"gitId":"leepoeaik"},"content":"","lastModifiedDate":"2024-02-06"},{"lineNumber":25,"author":{"gitId":"leepoeaik"},"content":"            while (line !\u003d null) {","lastModifiedDate":"2024-02-06"},{"lineNumber":26,"author":{"gitId":"leepoeaik"},"content":"//            addList(line);","lastModifiedDate":"2024-02-06"},{"lineNumber":27,"author":{"gitId":"leepoeaik"},"content":"                str +\u003d line + \"\\n\";","lastModifiedDate":"2024-02-06"},{"lineNumber":28,"author":{"gitId":"leepoeaik"},"content":"                line \u003d reader.readLine();","lastModifiedDate":"2024-02-06"},{"lineNumber":29,"author":{"gitId":"leepoeaik"},"content":"            }","lastModifiedDate":"2024-02-06"},{"lineNumber":30,"author":{"gitId":"leepoeaik"},"content":"","lastModifiedDate":"2024-02-06"},{"lineNumber":31,"author":{"gitId":"leepoeaik"},"content":"            reader.close();","lastModifiedDate":"2024-02-06"},{"lineNumber":32,"author":{"gitId":"leepoeaik"},"content":"            return str;","lastModifiedDate":"2024-02-06"},{"lineNumber":33,"author":{"gitId":"leepoeaik"},"content":"        } catch (FileNotFoundException e) {","lastModifiedDate":"2024-02-13"},{"lineNumber":34,"author":{"gitId":"leepoeaik"},"content":"            System.out.println(\"whoops, file not found\");","lastModifiedDate":"2024-02-13"},{"lineNumber":35,"author":{"gitId":"leepoeaik"},"content":"            return \"\";","lastModifiedDate":"2024-02-13"},{"lineNumber":36,"author":{"gitId":"leepoeaik"},"content":"        }","lastModifiedDate":"2024-02-13"},{"lineNumber":37,"author":{"gitId":"leepoeaik"},"content":"    }","lastModifiedDate":"2024-02-06"},{"lineNumber":38,"author":{"gitId":"leepoeaik"},"content":"","lastModifiedDate":"2024-02-06"},{"lineNumber":39,"author":{"gitId":"leepoeaik"},"content":"    /**","lastModifiedDate":"2024-02-14"},{"lineNumber":40,"author":{"gitId":"leepoeaik"},"content":"     * Reads tasks in taskList and writes it into a file","lastModifiedDate":"2024-02-14"},{"lineNumber":41,"author":{"gitId":"leepoeaik"},"content":"     *","lastModifiedDate":"2024-02-14"},{"lineNumber":42,"author":{"gitId":"leepoeaik"},"content":"     * @param taskList list of tasks","lastModifiedDate":"2024-02-14"},{"lineNumber":43,"author":{"gitId":"leepoeaik"},"content":"     * @throws IOException if FileWriter does not find the file","lastModifiedDate":"2024-02-14"},{"lineNumber":44,"author":{"gitId":"leepoeaik"},"content":"     */","lastModifiedDate":"2024-02-14"},{"lineNumber":45,"author":{"gitId":"leepoeaik"},"content":"    public static void writeToFile(TaskList taskList) throws IOException {","lastModifiedDate":"2024-02-06"},{"lineNumber":46,"author":{"gitId":"leepoeaik"},"content":"        FileWriter fileWriter \u003d new FileWriter(\"./data.txt\");","lastModifiedDate":"2024-02-06"},{"lineNumber":47,"author":{"gitId":"leepoeaik"},"content":"        PrintWriter printWriter \u003d new PrintWriter(fileWriter);","lastModifiedDate":"2024-02-06"},{"lineNumber":48,"author":{"gitId":"leepoeaik"},"content":"        for (int i \u003d 0; i \u003c taskList.getList().size() ; i++) {","lastModifiedDate":"2024-02-06"},{"lineNumber":49,"author":{"gitId":"leepoeaik"},"content":"            printWriter.println(taskList.getList().get(i).toStringFile());","lastModifiedDate":"2024-02-06"},{"lineNumber":50,"author":{"gitId":"leepoeaik"},"content":"        }","lastModifiedDate":"2024-02-06"},{"lineNumber":51,"author":{"gitId":"leepoeaik"},"content":"        printWriter.close();","lastModifiedDate":"2024-02-06"},{"lineNumber":52,"author":{"gitId":"leepoeaik"},"content":"    }","lastModifiedDate":"2024-02-06"},{"lineNumber":53,"author":{"gitId":"leepoeaik"},"content":"}","lastModifiedDate":"2024-02-06"}],"authorContributionMap":{"leepoeaik":53}},{"path":"src/main/java/main/TaskList.java","fileType":"java","lines":[{"lineNumber":1,"author":{"gitId":"leepoeaik"},"content":"package main;","lastModifiedDate":"2024-02-06"},{"lineNumber":2,"author":{"gitId":"leepoeaik"},"content":"","lastModifiedDate":"2024-02-06"},{"lineNumber":3,"author":{"gitId":"leepoeaik"},"content":"import Objects.Deadline;","lastModifiedDate":"2024-02-06"},{"lineNumber":4,"author":{"gitId":"leepoeaik"},"content":"import Objects.Event;","lastModifiedDate":"2024-02-06"},{"lineNumber":5,"author":{"gitId":"leepoeaik"},"content":"import Objects.Task;","lastModifiedDate":"2024-02-06"},{"lineNumber":6,"author":{"gitId":"leepoeaik"},"content":"import Objects.Todo;","lastModifiedDate":"2024-02-06"},{"lineNumber":7,"author":{"gitId":"leepoeaik"},"content":"","lastModifiedDate":"2024-02-06"},{"lineNumber":8,"author":{"gitId":"leepoeaik"},"content":"import java.time.LocalDate;","lastModifiedDate":"2024-02-06"},{"lineNumber":9,"author":{"gitId":"leepoeaik"},"content":"import java.util.ArrayList;","lastModifiedDate":"2024-02-06"},{"lineNumber":10,"author":{"gitId":"leepoeaik"},"content":"","lastModifiedDate":"2024-02-06"},{"lineNumber":11,"author":{"gitId":"leepoeaik"},"content":"/**","lastModifiedDate":"2024-02-14"},{"lineNumber":12,"author":{"gitId":"leepoeaik"},"content":" * An object that has methods to change tasks in the list","lastModifiedDate":"2024-02-14"},{"lineNumber":13,"author":{"gitId":"leepoeaik"},"content":" */","lastModifiedDate":"2024-02-14"},{"lineNumber":14,"author":{"gitId":"leepoeaik"},"content":"public class TaskList {","lastModifiedDate":"2024-02-06"},{"lineNumber":15,"author":{"gitId":"leepoeaik"},"content":"      ArrayList\u003cTask\u003e list \u003d new ArrayList\u003cTask\u003e(100);;","lastModifiedDate":"2024-02-06"},{"lineNumber":16,"author":{"gitId":"leepoeaik"},"content":"","lastModifiedDate":"2024-02-06"},{"lineNumber":17,"author":{"gitId":"leepoeaik"},"content":"    public TaskList(String str) {","lastModifiedDate":"2024-02-06"},{"lineNumber":18,"author":{"gitId":"leepoeaik"},"content":"        addList(str);","lastModifiedDate":"2024-02-06"},{"lineNumber":19,"author":{"gitId":"leepoeaik"},"content":"    }","lastModifiedDate":"2024-02-06"},{"lineNumber":20,"author":{"gitId":"leepoeaik"},"content":"","lastModifiedDate":"2024-02-06"},{"lineNumber":21,"author":{"gitId":"leepoeaik"},"content":"    public TaskList() {","lastModifiedDate":"2024-02-06"},{"lineNumber":22,"author":{"gitId":"leepoeaik"},"content":"    }","lastModifiedDate":"2024-02-06"},{"lineNumber":23,"author":{"gitId":"leepoeaik"},"content":"","lastModifiedDate":"2024-02-06"},{"lineNumber":24,"author":{"gitId":"leepoeaik"},"content":"\u003c\u003c\u003c\u003c\u003c\u003c\u003c HEAD","lastModifiedDate":"2024-02-14"},{"lineNumber":25,"author":{"gitId":"leepoeaik"},"content":"    /**","lastModifiedDate":"2024-02-14"},{"lineNumber":26,"author":{"gitId":"leepoeaik"},"content":"     * Given a string, parses the tasks and adds it into a list","lastModifiedDate":"2024-02-14"},{"lineNumber":27,"author":{"gitId":"leepoeaik"},"content":"     * @param str String read from file","lastModifiedDate":"2024-02-14"},{"lineNumber":28,"author":{"gitId":"leepoeaik"},"content":"     */","lastModifiedDate":"2024-02-14"},{"lineNumber":29,"author":{"gitId":"leepoeaik"},"content":"    public void addList(String str){","lastModifiedDate":"2024-02-06"},{"lineNumber":30,"author":{"gitId":"leepoeaik"},"content":"\u003d\u003d\u003d\u003d\u003d\u003d\u003d","lastModifiedDate":"2024-02-14"},{"lineNumber":31,"author":{"gitId":"leepoeaik"},"content":"    public void addList(String str) {","lastModifiedDate":"2024-02-06"},{"lineNumber":32,"author":{"gitId":"leepoeaik"},"content":"\u003e\u003e\u003e\u003e\u003e\u003e\u003e master","lastModifiedDate":"2024-02-14"},{"lineNumber":33,"author":{"gitId":"leepoeaik"},"content":"//        Objects.Task task \u003d new Objects.Task(str,false);","lastModifiedDate":"2024-02-06"},{"lineNumber":34,"author":{"gitId":"leepoeaik"},"content":"//        list.add(task);","lastModifiedDate":"2024-02-06"},{"lineNumber":35,"author":{"gitId":"leepoeaik"},"content":"//        System.out.println(line+\"\\nadded : \"+str+\"\\n\"+line);","lastModifiedDate":"2024-02-06"},{"lineNumber":36,"author":{"gitId":"leepoeaik"},"content":"        String[] splitLine \u003d str.split(\"\\n\");","lastModifiedDate":"2024-02-06"},{"lineNumber":37,"author":{"gitId":"leepoeaik"},"content":"        for (String x :splitLine) {","lastModifiedDate":"2024-02-06"},{"lineNumber":38,"author":{"gitId":"leepoeaik"},"content":"            String[] splitStr \u003d x.split(\"\\\\|\");","lastModifiedDate":"2024-02-06"},{"lineNumber":39,"author":{"gitId":"leepoeaik"},"content":"            switch (splitStr[0]) {","lastModifiedDate":"2024-02-06"},{"lineNumber":40,"author":{"gitId":"leepoeaik"},"content":"                case \"E\" :","lastModifiedDate":"2024-02-06"},{"lineNumber":41,"author":{"gitId":"leepoeaik"},"content":"                    list.add(new Event(splitStr[2],Integer.parseInt(splitStr[1]) \u003d\u003d 1, LocalDate.parse(splitStr[3]), LocalDate.parse(splitStr[4])));","lastModifiedDate":"2024-02-06"},{"lineNumber":42,"author":{"gitId":"leepoeaik"},"content":"                    break;","lastModifiedDate":"2024-02-06"},{"lineNumber":43,"author":{"gitId":"leepoeaik"},"content":"                case \"D\" :","lastModifiedDate":"2024-02-06"},{"lineNumber":44,"author":{"gitId":"leepoeaik"},"content":"                    list.add(new Deadline(splitStr[2],Integer.parseInt(splitStr[1]) \u003d\u003d 1, LocalDate.parse(splitStr[3])));","lastModifiedDate":"2024-02-06"},{"lineNumber":45,"author":{"gitId":"leepoeaik"},"content":"                    break;","lastModifiedDate":"2024-02-06"},{"lineNumber":46,"author":{"gitId":"leepoeaik"},"content":"                case \"T\" :","lastModifiedDate":"2024-02-06"},{"lineNumber":47,"author":{"gitId":"leepoeaik"},"content":"                    list.add(new Todo(splitStr[2],Integer.parseInt(splitStr[1]) \u003d\u003d 1));","lastModifiedDate":"2024-02-06"},{"lineNumber":48,"author":{"gitId":"leepoeaik"},"content":"                    break;","lastModifiedDate":"2024-02-06"},{"lineNumber":49,"author":{"gitId":"leepoeaik"},"content":"            }","lastModifiedDate":"2024-02-06"},{"lineNumber":50,"author":{"gitId":"leepoeaik"},"content":"        }","lastModifiedDate":"2024-02-06"},{"lineNumber":51,"author":{"gitId":"leepoeaik"},"content":"    }","lastModifiedDate":"2024-02-06"},{"lineNumber":52,"author":{"gitId":"leepoeaik"},"content":"","lastModifiedDate":"2024-02-06"},{"lineNumber":53,"author":{"gitId":"leepoeaik"},"content":"    public void printList() {","lastModifiedDate":"2024-02-06"},{"lineNumber":54,"author":{"gitId":"leepoeaik"},"content":"        Ui.showLine();","lastModifiedDate":"2024-02-06"},{"lineNumber":55,"author":{"gitId":"leepoeaik"},"content":"        System.out.println(\"Current Tasks JIAYOUS\");","lastModifiedDate":"2024-02-06"},{"lineNumber":56,"author":{"gitId":"leepoeaik"},"content":"        for (int i \u003d 0; i \u003c list.size(); i++) {","lastModifiedDate":"2024-02-06"},{"lineNumber":57,"author":{"gitId":"leepoeaik"},"content":"            System.out.printf(\"%d. %s\\n\", i+1, list.get(i).toString());","lastModifiedDate":"2024-02-06"},{"lineNumber":58,"author":{"gitId":"leepoeaik"},"content":"        }","lastModifiedDate":"2024-02-06"},{"lineNumber":59,"author":{"gitId":"leepoeaik"},"content":"        Ui.showLine();","lastModifiedDate":"2024-02-06"},{"lineNumber":60,"author":{"gitId":"leepoeaik"},"content":"\u003c\u003c\u003c\u003c\u003c\u003c\u003c HEAD","lastModifiedDate":"2024-02-14"},{"lineNumber":61,"author":{"gitId":"leepoeaik"},"content":"\u003d\u003d\u003d\u003d\u003d\u003d\u003d","lastModifiedDate":"2024-02-14"},{"lineNumber":62,"author":{"gitId":"leepoeaik"},"content":"    }","lastModifiedDate":"2024-02-14"},{"lineNumber":63,"author":{"gitId":"leepoeaik"},"content":"","lastModifiedDate":"2024-02-06"},{"lineNumber":64,"author":{"gitId":"leepoeaik"},"content":"    public void printList(ArrayList\u003cTask\u003e taskArrayList){","lastModifiedDate":"2024-02-14"},{"lineNumber":65,"author":{"gitId":"leepoeaik"},"content":"        Ui.showLine();","lastModifiedDate":"2024-02-14"},{"lineNumber":66,"author":{"gitId":"leepoeaik"},"content":"        System.out.println(\"Here\u0027s what you\u0027re looking for :)\");","lastModifiedDate":"2024-02-14"},{"lineNumber":67,"author":{"gitId":"leepoeaik"},"content":"        for (int i \u003d 0; i \u003c taskArrayList.size(); i++){","lastModifiedDate":"2024-02-14"},{"lineNumber":68,"author":{"gitId":"leepoeaik"},"content":"            System.out.printf(\"%d. %s\\n\",i+1,taskArrayList.get(i).toString());","lastModifiedDate":"2024-02-14"},{"lineNumber":69,"author":{"gitId":"leepoeaik"},"content":"        }","lastModifiedDate":"2024-02-14"},{"lineNumber":70,"author":{"gitId":"leepoeaik"},"content":"        Ui.showLine();","lastModifiedDate":"2024-02-14"},{"lineNumber":71,"author":{"gitId":"leepoeaik"},"content":"    }","lastModifiedDate":"2024-02-14"},{"lineNumber":72,"author":{"gitId":"leepoeaik"},"content":"","lastModifiedDate":"2024-02-14"},{"lineNumber":73,"author":{"gitId":"leepoeaik"},"content":"    public ArrayList\u003cTask\u003e findList(String str){","lastModifiedDate":"2024-02-14"},{"lineNumber":74,"author":{"gitId":"leepoeaik"},"content":"        ArrayList\u003cTask\u003e temp \u003d new ArrayList\u003c\u003e();","lastModifiedDate":"2024-02-14"},{"lineNumber":75,"author":{"gitId":"leepoeaik"},"content":"        for (int i \u003d 0; i \u003c list.size(); i++){","lastModifiedDate":"2024-02-14"},{"lineNumber":76,"author":{"gitId":"leepoeaik"},"content":"            if (str.equals(list.get(i).getName().trim())){","lastModifiedDate":"2024-02-14"},{"lineNumber":77,"author":{"gitId":"leepoeaik"},"content":"                temp.add(list.get(i));","lastModifiedDate":"2024-02-14"},{"lineNumber":78,"author":{"gitId":"leepoeaik"},"content":"            }","lastModifiedDate":"2024-02-14"},{"lineNumber":79,"author":{"gitId":"leepoeaik"},"content":"        }","lastModifiedDate":"2024-02-14"},{"lineNumber":80,"author":{"gitId":"leepoeaik"},"content":"        return temp;","lastModifiedDate":"2024-02-14"},{"lineNumber":81,"author":{"gitId":"leepoeaik"},"content":"\u003e\u003e\u003e\u003e\u003e\u003e\u003e master","lastModifiedDate":"2024-02-14"},{"lineNumber":82,"author":{"gitId":"leepoeaik"},"content":"    }","lastModifiedDate":"2024-02-06"},{"lineNumber":83,"author":{"gitId":"leepoeaik"},"content":"","lastModifiedDate":"2024-02-06"},{"lineNumber":84,"author":{"gitId":"leepoeaik"},"content":"    public ArrayList\u003cTask\u003e getList() {","lastModifiedDate":"2024-02-06"},{"lineNumber":85,"author":{"gitId":"leepoeaik"},"content":"        return list;","lastModifiedDate":"2024-02-06"},{"lineNumber":86,"author":{"gitId":"leepoeaik"},"content":"    }","lastModifiedDate":"2024-02-06"},{"lineNumber":87,"author":{"gitId":"leepoeaik"},"content":"","lastModifiedDate":"2024-02-06"},{"lineNumber":88,"author":{"gitId":"leepoeaik"},"content":"\u003c\u003c\u003c\u003c\u003c\u003c\u003c HEAD","lastModifiedDate":"2024-02-14"},{"lineNumber":89,"author":{"gitId":"leepoeaik"},"content":"    /**","lastModifiedDate":"2024-02-14"},{"lineNumber":90,"author":{"gitId":"leepoeaik"},"content":"     * Given an index, marks the task in the taskList","lastModifiedDate":"2024-02-14"},{"lineNumber":91,"author":{"gitId":"leepoeaik"},"content":"     * @param index index of list","lastModifiedDate":"2024-02-14"},{"lineNumber":92,"author":{"gitId":"leepoeaik"},"content":"     */","lastModifiedDate":"2024-02-14"},{"lineNumber":93,"author":{"gitId":"leepoeaik"},"content":"    public void mark(int index){","lastModifiedDate":"2024-02-06"},{"lineNumber":94,"author":{"gitId":"leepoeaik"},"content":"\u003d\u003d\u003d\u003d\u003d\u003d\u003d","lastModifiedDate":"2024-02-14"},{"lineNumber":95,"author":{"gitId":"leepoeaik"},"content":"    public void mark(int index) {","lastModifiedDate":"2024-02-06"},{"lineNumber":96,"author":{"gitId":"leepoeaik"},"content":"\u003e\u003e\u003e\u003e\u003e\u003e\u003e master","lastModifiedDate":"2024-02-14"},{"lineNumber":97,"author":{"gitId":"leepoeaik"},"content":"        try {","lastModifiedDate":"2024-02-13"},{"lineNumber":98,"author":{"gitId":"leepoeaik"},"content":"            Task curr \u003d list.get(index);","lastModifiedDate":"2024-02-06"},{"lineNumber":99,"author":{"gitId":"leepoeaik"},"content":"            curr.markMark();","lastModifiedDate":"2024-02-06"},{"lineNumber":100,"author":{"gitId":"leepoeaik"},"content":"            Ui.showLine();","lastModifiedDate":"2024-02-06"},{"lineNumber":101,"author":{"gitId":"leepoeaik"},"content":"            System.out.println(\"\\nCongrats on completing the task!\\n\" + curr.toString() + \"\\n\");","lastModifiedDate":"2024-02-06"},{"lineNumber":102,"author":{"gitId":"leepoeaik"},"content":"            Ui.showLine();","lastModifiedDate":"2024-02-06"},{"lineNumber":103,"author":{"gitId":"leepoeaik"},"content":"        } catch (IndexOutOfBoundsException e) {","lastModifiedDate":"2024-02-13"},{"lineNumber":104,"author":{"gitId":"leepoeaik"},"content":"            System.out.println(\"Index out of bounds :(\");","lastModifiedDate":"2024-02-13"},{"lineNumber":105,"author":{"gitId":"leepoeaik"},"content":"        }","lastModifiedDate":"2024-02-13"},{"lineNumber":106,"author":{"gitId":"leepoeaik"},"content":"    }","lastModifiedDate":"2024-02-06"},{"lineNumber":107,"author":{"gitId":"leepoeaik"},"content":"","lastModifiedDate":"2024-02-06"},{"lineNumber":108,"author":{"gitId":"leepoeaik"},"content":"\u003c\u003c\u003c\u003c\u003c\u003c\u003c HEAD","lastModifiedDate":"2024-02-14"},{"lineNumber":109,"author":{"gitId":"leepoeaik"},"content":"    /**","lastModifiedDate":"2024-02-14"},{"lineNumber":110,"author":{"gitId":"leepoeaik"},"content":"     * Given an index, uncheck the task in the taskList","lastModifiedDate":"2024-02-14"},{"lineNumber":111,"author":{"gitId":"leepoeaik"},"content":"     * @param index index of list","lastModifiedDate":"2024-02-14"},{"lineNumber":112,"author":{"gitId":"leepoeaik"},"content":"     */","lastModifiedDate":"2024-02-14"},{"lineNumber":113,"author":{"gitId":"leepoeaik"},"content":"    public void unmark(int index){","lastModifiedDate":"2024-02-06"},{"lineNumber":114,"author":{"gitId":"leepoeaik"},"content":"\u003d\u003d\u003d\u003d\u003d\u003d\u003d","lastModifiedDate":"2024-02-14"},{"lineNumber":115,"author":{"gitId":"leepoeaik"},"content":"    public void unmark(int index) {","lastModifiedDate":"2024-02-06"},{"lineNumber":116,"author":{"gitId":"leepoeaik"},"content":"\u003e\u003e\u003e\u003e\u003e\u003e\u003e master","lastModifiedDate":"2024-02-14"},{"lineNumber":117,"author":{"gitId":"leepoeaik"},"content":"        try {","lastModifiedDate":"2024-02-13"},{"lineNumber":118,"author":{"gitId":"leepoeaik"},"content":"            Task curr \u003d list.get(index);","lastModifiedDate":"2024-02-06"},{"lineNumber":119,"author":{"gitId":"leepoeaik"},"content":"            curr.unmarkMark();","lastModifiedDate":"2024-02-06"},{"lineNumber":120,"author":{"gitId":"leepoeaik"},"content":"            Ui.showLine();","lastModifiedDate":"2024-02-06"},{"lineNumber":121,"author":{"gitId":"leepoeaik"},"content":"            System.out.println(\"\\nUnmarked the task, :(\\n\" + curr.toString() + \"\\n\");","lastModifiedDate":"2024-02-06"},{"lineNumber":122,"author":{"gitId":"leepoeaik"},"content":"            Ui.showLine();","lastModifiedDate":"2024-02-06"},{"lineNumber":123,"author":{"gitId":"leepoeaik"},"content":"        } catch (IndexOutOfBoundsException e){","lastModifiedDate":"2024-02-13"},{"lineNumber":124,"author":{"gitId":"leepoeaik"},"content":"            System.out.println(\"Index out of bounds :(\");","lastModifiedDate":"2024-02-13"},{"lineNumber":125,"author":{"gitId":"leepoeaik"},"content":"        }","lastModifiedDate":"2024-02-13"},{"lineNumber":126,"author":{"gitId":"leepoeaik"},"content":"    }","lastModifiedDate":"2024-02-06"},{"lineNumber":127,"author":{"gitId":"leepoeaik"},"content":"","lastModifiedDate":"2024-02-06"},{"lineNumber":128,"author":{"gitId":"leepoeaik"},"content":"    public String noOfTask() {","lastModifiedDate":"2024-02-06"},{"lineNumber":129,"author":{"gitId":"leepoeaik"},"content":"        return \"You have \" + list.size() + \" tasks in the list\";","lastModifiedDate":"2024-02-06"},{"lineNumber":130,"author":{"gitId":"leepoeaik"},"content":"    }","lastModifiedDate":"2024-02-06"},{"lineNumber":131,"author":{"gitId":"leepoeaik"},"content":"","lastModifiedDate":"2024-02-06"},{"lineNumber":132,"author":{"gitId":"leepoeaik"},"content":"\u003c\u003c\u003c\u003c\u003c\u003c\u003c HEAD","lastModifiedDate":"2024-02-14"},{"lineNumber":133,"author":{"gitId":"leepoeaik"},"content":"    /**","lastModifiedDate":"2024-02-14"},{"lineNumber":134,"author":{"gitId":"leepoeaik"},"content":"     * Given an index, remove the task from the taskList","lastModifiedDate":"2024-02-14"},{"lineNumber":135,"author":{"gitId":"leepoeaik"},"content":"     * @param index index of list","lastModifiedDate":"2024-02-14"},{"lineNumber":136,"author":{"gitId":"leepoeaik"},"content":"     */","lastModifiedDate":"2024-02-14"},{"lineNumber":137,"author":{"gitId":"leepoeaik"},"content":"    public void remove(int index){","lastModifiedDate":"2024-02-06"},{"lineNumber":138,"author":{"gitId":"leepoeaik"},"content":"\u003d\u003d\u003d\u003d\u003d\u003d\u003d","lastModifiedDate":"2024-02-14"},{"lineNumber":139,"author":{"gitId":"leepoeaik"},"content":"    public void remove(int index) {","lastModifiedDate":"2024-02-06"},{"lineNumber":140,"author":{"gitId":"leepoeaik"},"content":"\u003e\u003e\u003e\u003e\u003e\u003e\u003e master","lastModifiedDate":"2024-02-14"},{"lineNumber":141,"author":{"gitId":"leepoeaik"},"content":"        try {","lastModifiedDate":"2024-02-13"},{"lineNumber":142,"author":{"gitId":"leepoeaik"},"content":"            Task curr \u003d list.get(index);","lastModifiedDate":"2024-02-06"},{"lineNumber":143,"author":{"gitId":"leepoeaik"},"content":"            list.remove(index);","lastModifiedDate":"2024-02-06"},{"lineNumber":144,"author":{"gitId":"leepoeaik"},"content":"            Ui.showLine();","lastModifiedDate":"2024-02-06"},{"lineNumber":145,"author":{"gitId":"leepoeaik"},"content":"            System.out.println(\"byebye task! \\n\" + curr.toString() + \"\\n\" + noOfTask() + \"\\n\");","lastModifiedDate":"2024-02-06"},{"lineNumber":146,"author":{"gitId":"leepoeaik"},"content":"            Ui.showLine();","lastModifiedDate":"2024-02-06"},{"lineNumber":147,"author":{"gitId":"leepoeaik"},"content":"        } catch (ArrayIndexOutOfBoundsException e) {","lastModifiedDate":"2024-02-13"},{"lineNumber":148,"author":{"gitId":"leepoeaik"},"content":"            System.out.println(\"Index out of bounds :(\");","lastModifiedDate":"2024-02-13"},{"lineNumber":149,"author":{"gitId":"leepoeaik"},"content":"        }","lastModifiedDate":"2024-02-13"},{"lineNumber":150,"author":{"gitId":"leepoeaik"},"content":"    }","lastModifiedDate":"2024-02-06"},{"lineNumber":151,"author":{"gitId":"leepoeaik"},"content":"","lastModifiedDate":"2024-02-06"},{"lineNumber":152,"author":{"gitId":"leepoeaik"},"content":"}","lastModifiedDate":"2024-02-06"}],"authorContributionMap":{"leepoeaik":152}},{"path":"src/main/java/main/Ui.java","fileType":"java","lines":[{"lineNumber":1,"author":{"gitId":"leepoeaik"},"content":"package main;","lastModifiedDate":"2024-02-06"},{"lineNumber":2,"author":{"gitId":"leepoeaik"},"content":"","lastModifiedDate":"2024-02-06"},{"lineNumber":3,"author":{"gitId":"leepoeaik"},"content":"import Objects.Task;","lastModifiedDate":"2024-02-06"},{"lineNumber":4,"author":{"gitId":"leepoeaik"},"content":"","lastModifiedDate":"2024-02-06"},{"lineNumber":5,"author":{"gitId":"leepoeaik"},"content":"/**","lastModifiedDate":"2024-02-14"},{"lineNumber":6,"author":{"gitId":"leepoeaik"},"content":" * Class that has all the methods for printing output purposes","lastModifiedDate":"2024-02-14"},{"lineNumber":7,"author":{"gitId":"leepoeaik"},"content":" */","lastModifiedDate":"2024-02-14"},{"lineNumber":8,"author":{"gitId":"leepoeaik"},"content":"public class Ui {","lastModifiedDate":"2024-02-06"},{"lineNumber":9,"author":{"gitId":"leepoeaik"},"content":"    public void showLoadingError() {","lastModifiedDate":"2024-02-06"},{"lineNumber":10,"author":{"gitId":"leepoeaik"},"content":"    }","lastModifiedDate":"2024-02-06"},{"lineNumber":11,"author":{"gitId":"leepoeaik"},"content":"","lastModifiedDate":"2024-02-06"},{"lineNumber":12,"author":{"gitId":"leepoeaik"},"content":"    public static void showLine() {","lastModifiedDate":"2024-02-06"},{"lineNumber":13,"author":{"gitId":"leepoeaik"},"content":"        System.out.println(\"\u003d\u003d\u003d\u003d\u003d\u003d\u003d\u003d\u003d\u003d\u003d\u003d\u003d\u003d\u003d\u003d\u003d\u003d\u003d\u003d\u003d\u003d\u003d\u003d\u003d\u003d\u003d\u003d\u003d\u003d\u003d\u003d\u003d\u003d\u003d\u003d\u003d\u003d\u003d\u003d\u003d\u003d\u003d\u003d\u003d\u003d\u003d\u003d\u003d\");","lastModifiedDate":"2024-02-06"},{"lineNumber":14,"author":{"gitId":"leepoeaik"},"content":"    }","lastModifiedDate":"2024-02-06"},{"lineNumber":15,"author":{"gitId":"leepoeaik"},"content":"","lastModifiedDate":"2024-02-06"},{"lineNumber":16,"author":{"gitId":"leepoeaik"},"content":"    public static void greetings() {","lastModifiedDate":"2024-02-06"},{"lineNumber":17,"author":{"gitId":"leepoeaik"},"content":"        showLine();","lastModifiedDate":"2024-02-06"},{"lineNumber":18,"author":{"gitId":"leepoeaik"},"content":"        System.out.println(\"\\nYo! I\u0027m Poe\\nWhat can I do for you bro\\n\");","lastModifiedDate":"2024-02-06"},{"lineNumber":19,"author":{"gitId":"leepoeaik"},"content":"        showLine();","lastModifiedDate":"2024-02-06"},{"lineNumber":20,"author":{"gitId":"leepoeaik"},"content":"    }","lastModifiedDate":"2024-02-06"},{"lineNumber":21,"author":{"gitId":"leepoeaik"},"content":"","lastModifiedDate":"2024-02-06"},{"lineNumber":22,"author":{"gitId":"leepoeaik"},"content":"    public static void bye() {","lastModifiedDate":"2024-02-06"},{"lineNumber":23,"author":{"gitId":"leepoeaik"},"content":"        showLine();","lastModifiedDate":"2024-02-06"},{"lineNumber":24,"author":{"gitId":"leepoeaik"},"content":"        System.out.println(\"\\nBye come again\\n\");","lastModifiedDate":"2024-02-06"},{"lineNumber":25,"author":{"gitId":"leepoeaik"},"content":"        showLine();","lastModifiedDate":"2024-02-06"},{"lineNumber":26,"author":{"gitId":"leepoeaik"},"content":"    }","lastModifiedDate":"2024-02-06"},{"lineNumber":27,"author":{"gitId":"leepoeaik"},"content":"","lastModifiedDate":"2024-02-06"},{"lineNumber":28,"author":{"gitId":"leepoeaik"},"content":"    public static void success(Task t) {","lastModifiedDate":"2024-02-06"},{"lineNumber":29,"author":{"gitId":"leepoeaik"},"content":"        showLine();","lastModifiedDate":"2024-02-06"},{"lineNumber":30,"author":{"gitId":"leepoeaik"},"content":"        System.out.println(\"\\nyippie added new task\\n\" + t.toString() + \"\\n\");","lastModifiedDate":"2024-02-06"},{"lineNumber":31,"author":{"gitId":"leepoeaik"},"content":"        showLine();","lastModifiedDate":"2024-02-06"},{"lineNumber":32,"author":{"gitId":"leepoeaik"},"content":"","lastModifiedDate":"2024-02-06"},{"lineNumber":33,"author":{"gitId":"leepoeaik"},"content":"    }","lastModifiedDate":"2024-02-06"},{"lineNumber":34,"author":{"gitId":"leepoeaik"},"content":"","lastModifiedDate":"2024-02-06"},{"lineNumber":35,"author":{"gitId":"leepoeaik"},"content":"    public static void error() {","lastModifiedDate":"2024-02-06"},{"lineNumber":36,"author":{"gitId":"leepoeaik"},"content":"        System.out.println(\"no input :(\\n\");","lastModifiedDate":"2024-02-06"},{"lineNumber":37,"author":{"gitId":"leepoeaik"},"content":"        showLine();","lastModifiedDate":"2024-02-06"},{"lineNumber":38,"author":{"gitId":"leepoeaik"},"content":"    }","lastModifiedDate":"2024-02-06"},{"lineNumber":39,"author":{"gitId":"leepoeaik"},"content":"","lastModifiedDate":"2024-02-06"},{"lineNumber":40,"author":{"gitId":"leepoeaik"},"content":"    public static void deadlineError() {","lastModifiedDate":"2024-02-06"},{"lineNumber":41,"author":{"gitId":"leepoeaik"},"content":"        System.out.println(\"input deadline with this format (eg: deadline assignment /by 2024-05-19\\n\");","lastModifiedDate":"2024-02-06"},{"lineNumber":42,"author":{"gitId":"leepoeaik"},"content":"        showLine();","lastModifiedDate":"2024-02-06"},{"lineNumber":43,"author":{"gitId":"leepoeaik"},"content":"","lastModifiedDate":"2024-02-06"},{"lineNumber":44,"author":{"gitId":"leepoeaik"},"content":"    }","lastModifiedDate":"2024-02-06"},{"lineNumber":45,"author":{"gitId":"leepoeaik"},"content":"","lastModifiedDate":"2024-02-06"},{"lineNumber":46,"author":{"gitId":"leepoeaik"},"content":"    public static void eventError() {","lastModifiedDate":"2024-02-06"},{"lineNumber":47,"author":{"gitId":"leepoeaik"},"content":"        System.out.println(\"input event with this format (eg: event party /from 2024-05-19 /to 2024-05-20\\n\");","lastModifiedDate":"2024-02-06"},{"lineNumber":48,"author":{"gitId":"leepoeaik"},"content":"        showLine();","lastModifiedDate":"2024-02-06"},{"lineNumber":49,"author":{"gitId":"leepoeaik"},"content":"    }","lastModifiedDate":"2024-02-06"},{"lineNumber":50,"author":{"gitId":"leepoeaik"},"content":"}","lastModifiedDate":"2024-02-06"}],"authorContributionMap":{"leepoeaik":50}},{"path":"src/test/java/main/StorageTest.java","fileType":"java","lines":[{"lineNumber":1,"author":{"gitId":"leepoeaik"},"content":"package main;","lastModifiedDate":"2024-02-13"},{"lineNumber":2,"author":{"gitId":"leepoeaik"},"content":"","lastModifiedDate":"2024-02-13"},{"lineNumber":3,"author":{"gitId":"leepoeaik"},"content":"import org.junit.jupiter.api.Test;","lastModifiedDate":"2024-02-13"},{"lineNumber":4,"author":{"gitId":"leepoeaik"},"content":"","lastModifiedDate":"2024-02-13"},{"lineNumber":5,"author":{"gitId":"leepoeaik"},"content":"import java.io.IOException;","lastModifiedDate":"2024-02-13"},{"lineNumber":6,"author":{"gitId":"leepoeaik"},"content":"","lastModifiedDate":"2024-02-13"},{"lineNumber":7,"author":{"gitId":"leepoeaik"},"content":"import static org.junit.jupiter.api.Assertions.assertEquals;","lastModifiedDate":"2024-02-13"},{"lineNumber":8,"author":{"gitId":"leepoeaik"},"content":"","lastModifiedDate":"2024-02-13"},{"lineNumber":9,"author":{"gitId":"leepoeaik"},"content":"public class StorageTest {","lastModifiedDate":"2024-02-13"},{"lineNumber":10,"author":{"gitId":"leepoeaik"},"content":"    @Test","lastModifiedDate":"2024-02-13"},{"lineNumber":11,"author":{"gitId":"leepoeaik"},"content":"    public void loadFromFile_exceptionThrown() {","lastModifiedDate":"2024-02-13"},{"lineNumber":12,"author":{"gitId":"leepoeaik"},"content":"        try {","lastModifiedDate":"2024-02-13"},{"lineNumber":13,"author":{"gitId":"leepoeaik"},"content":"            Storage.loadFromFile(\"./asdfjkl.txt\");","lastModifiedDate":"2024-02-13"},{"lineNumber":14,"author":{"gitId":"leepoeaik"},"content":"        } catch (Exception e) {","lastModifiedDate":"2024-02-13"},{"lineNumber":15,"author":{"gitId":"leepoeaik"},"content":"            assertEquals(\"./asdfjkl.txt (No such file or directory)\", e.getMessage());","lastModifiedDate":"2024-02-13"},{"lineNumber":16,"author":{"gitId":"leepoeaik"},"content":"        }","lastModifiedDate":"2024-02-13"},{"lineNumber":17,"author":{"gitId":"leepoeaik"},"content":"    }","lastModifiedDate":"2024-02-13"},{"lineNumber":18,"author":{"gitId":"leepoeaik"},"content":"}","lastModifiedDate":"2024-02-13"}],"authorContributionMap":{"leepoeaik":18}},{"path":"src/test/java/main/TaskListTest.java","fileType":"java","lines":[{"lineNumber":1,"author":{"gitId":"leepoeaik"},"content":"package main;","lastModifiedDate":"2024-02-13"},{"lineNumber":2,"author":{"gitId":"leepoeaik"},"content":"","lastModifiedDate":"2024-02-13"},{"lineNumber":3,"author":{"gitId":"leepoeaik"},"content":"import org.junit.jupiter.api.Test;","lastModifiedDate":"2024-02-13"},{"lineNumber":4,"author":{"gitId":"leepoeaik"},"content":"","lastModifiedDate":"2024-02-13"},{"lineNumber":5,"author":{"gitId":"leepoeaik"},"content":"import static org.junit.jupiter.api.Assertions.assertEquals;","lastModifiedDate":"2024-02-13"},{"lineNumber":6,"author":{"gitId":"leepoeaik"},"content":"import static org.junit.jupiter.api.Assertions.fail;","lastModifiedDate":"2024-02-13"},{"lineNumber":7,"author":{"gitId":"leepoeaik"},"content":"","lastModifiedDate":"2024-02-13"},{"lineNumber":8,"author":{"gitId":"leepoeaik"},"content":"","lastModifiedDate":"2024-02-13"},{"lineNumber":9,"author":{"gitId":"leepoeaik"},"content":"public class TaskListTest {","lastModifiedDate":"2024-02-13"},{"lineNumber":10,"author":{"gitId":"leepoeaik"},"content":"","lastModifiedDate":"2024-02-13"},{"lineNumber":11,"author":{"gitId":"leepoeaik"},"content":"    @Test","lastModifiedDate":"2024-02-13"},{"lineNumber":12,"author":{"gitId":"leepoeaik"},"content":"    public void mark_exceptionThrown() {","lastModifiedDate":"2024-02-13"},{"lineNumber":13,"author":{"gitId":"leepoeaik"},"content":"        try {","lastModifiedDate":"2024-02-13"},{"lineNumber":14,"author":{"gitId":"leepoeaik"},"content":"            TaskList taskList \u003d new TaskList();","lastModifiedDate":"2024-02-13"},{"lineNumber":15,"author":{"gitId":"leepoeaik"},"content":"            taskList.mark(-1);","lastModifiedDate":"2024-02-13"},{"lineNumber":16,"author":{"gitId":"leepoeaik"},"content":"        } catch (Exception e) {","lastModifiedDate":"2024-02-13"},{"lineNumber":17,"author":{"gitId":"leepoeaik"},"content":"            assertEquals(\"Index -1 out of bounds for length 0\", e.getMessage());","lastModifiedDate":"2024-02-13"},{"lineNumber":18,"author":{"gitId":"leepoeaik"},"content":"        }","lastModifiedDate":"2024-02-13"},{"lineNumber":19,"author":{"gitId":"leepoeaik"},"content":"    }","lastModifiedDate":"2024-02-13"},{"lineNumber":20,"author":{"gitId":"leepoeaik"},"content":"    @Test","lastModifiedDate":"2024-02-13"},{"lineNumber":21,"author":{"gitId":"leepoeaik"},"content":"    public void unmark_exceptionThrown() {","lastModifiedDate":"2024-02-13"},{"lineNumber":22,"author":{"gitId":"leepoeaik"},"content":"        try {","lastModifiedDate":"2024-02-13"},{"lineNumber":23,"author":{"gitId":"leepoeaik"},"content":"            TaskList taskList \u003d new TaskList();","lastModifiedDate":"2024-02-13"},{"lineNumber":24,"author":{"gitId":"leepoeaik"},"content":"            taskList.unmark(-1);","lastModifiedDate":"2024-02-13"},{"lineNumber":25,"author":{"gitId":"leepoeaik"},"content":"        } catch (Exception e) {","lastModifiedDate":"2024-02-13"},{"lineNumber":26,"author":{"gitId":"leepoeaik"},"content":"            assertEquals(\"Index -1 out of bounds for length 0\", e.getMessage());","lastModifiedDate":"2024-02-13"},{"lineNumber":27,"author":{"gitId":"leepoeaik"},"content":"        }","lastModifiedDate":"2024-02-13"},{"lineNumber":28,"author":{"gitId":"leepoeaik"},"content":"    }","lastModifiedDate":"2024-02-13"},{"lineNumber":29,"author":{"gitId":"leepoeaik"},"content":"","lastModifiedDate":"2024-02-13"},{"lineNumber":30,"author":{"gitId":"leepoeaik"},"content":"    @Test","lastModifiedDate":"2024-02-13"},{"lineNumber":31,"author":{"gitId":"leepoeaik"},"content":"    public void remove_exceptionThrown() {","lastModifiedDate":"2024-02-13"},{"lineNumber":32,"author":{"gitId":"leepoeaik"},"content":"        try {","lastModifiedDate":"2024-02-13"},{"lineNumber":33,"author":{"gitId":"leepoeaik"},"content":"            TaskList taskList \u003d new TaskList();","lastModifiedDate":"2024-02-13"},{"lineNumber":34,"author":{"gitId":"leepoeaik"},"content":"            taskList.remove(-1);","lastModifiedDate":"2024-02-13"},{"lineNumber":35,"author":{"gitId":"leepoeaik"},"content":"        } catch (Exception e) {","lastModifiedDate":"2024-02-13"},{"lineNumber":36,"author":{"gitId":"leepoeaik"},"content":"            assertEquals(\"Index -1 out of bounds for length 0\", e.getMessage());","lastModifiedDate":"2024-02-13"},{"lineNumber":37,"author":{"gitId":"leepoeaik"},"content":"        }","lastModifiedDate":"2024-02-13"},{"lineNumber":38,"author":{"gitId":"leepoeaik"},"content":"    }","lastModifiedDate":"2024-02-13"},{"lineNumber":39,"author":{"gitId":"leepoeaik"},"content":"}","lastModifiedDate":"2024-02-13"}],"authorContributionMap":{"leepoeaik":39}},{"path":"text-ui-test/input.txt","fileType":"txt","lines":[{"lineNumber":1,"author":{"gitId":"leepoeaik"},"content":"todo skr","lastModifiedDate":"2024-02-01"},{"lineNumber":2,"author":{"gitId":"leepoeaik"},"content":"deadline yuh /by Tuesday","lastModifiedDate":"2024-02-01"},{"lineNumber":3,"author":{"gitId":"leepoeaik"},"content":"event asdfjkl /from 23 feb /to 24 feb","lastModifiedDate":"2024-02-01"},{"lineNumber":4,"author":{"gitId":"leepoeaik"},"content":"mark 2","lastModifiedDate":"2024-02-01"},{"lineNumber":5,"author":{"gitId":"leepoeaik"},"content":"mark 3","lastModifiedDate":"2024-02-01"},{"lineNumber":6,"author":{"gitId":"leepoeaik"},"content":"unmark 3","lastModifiedDate":"2024-02-01"},{"lineNumber":7,"author":{"gitId":"leepoeaik"},"content":"list","lastModifiedDate":"2024-02-01"}],"authorContributionMap":{"leepoeaik":7}},{"path":"text-ui-test/runtest.sh","fileType":"sh","lines":[{"lineNumber":1,"author":{"gitId":"-"},"content":"#!/usr/bin/env bash","lastModifiedDate":"2020-05-25"},{"lineNumber":2,"author":{"gitId":"-"},"content":"","lastModifiedDate":"2020-05-25"},{"lineNumber":3,"author":{"gitId":"-"},"content":"# create bin directory if it doesn\u0027t exist","lastModifiedDate":"2020-05-25"},{"lineNumber":4,"author":{"gitId":"-"},"content":"if [ ! -d \"../bin\" ]","lastModifiedDate":"2020-05-25"},{"lineNumber":5,"author":{"gitId":"-"},"content":"then","lastModifiedDate":"2020-05-25"},{"lineNumber":6,"author":{"gitId":"-"},"content":"    mkdir ../bin","lastModifiedDate":"2020-05-25"},{"lineNumber":7,"author":{"gitId":"-"},"content":"fi","lastModifiedDate":"2020-05-25"},{"lineNumber":8,"author":{"gitId":"-"},"content":"","lastModifiedDate":"2020-05-25"},{"lineNumber":9,"author":{"gitId":"-"},"content":"# delete output from previous run","lastModifiedDate":"2020-05-25"},{"lineNumber":10,"author":{"gitId":"-"},"content":"if [ -e \"./ACTUAL.TXT\" ]","lastModifiedDate":"2020-05-25"},{"lineNumber":11,"author":{"gitId":"-"},"content":"then","lastModifiedDate":"2020-05-25"},{"lineNumber":12,"author":{"gitId":"-"},"content":"    rm ACTUAL.TXT","lastModifiedDate":"2020-05-25"},{"lineNumber":13,"author":{"gitId":"-"},"content":"fi","lastModifiedDate":"2020-05-25"},{"lineNumber":14,"author":{"gitId":"-"},"content":"","lastModifiedDate":"2020-05-25"},{"lineNumber":15,"author":{"gitId":"-"},"content":"# compile the code into the bin folder, terminates if error occurred","lastModifiedDate":"2020-05-25"},{"lineNumber":16,"author":{"gitId":"leepoeaik"},"content":"if ! javac -cp ../src/main/java -Xlint:none -d ../bin ../src/main/java/Poe.java","lastModifiedDate":"2024-02-01"},{"lineNumber":17,"author":{"gitId":"-"},"content":"then","lastModifiedDate":"2020-05-25"},{"lineNumber":18,"author":{"gitId":"-"},"content":"    echo \"********** BUILD FAILURE **********\"","lastModifiedDate":"2020-05-25"},{"lineNumber":19,"author":{"gitId":"-"},"content":"    exit 1","lastModifiedDate":"2020-05-25"},{"lineNumber":20,"author":{"gitId":"-"},"content":"fi","lastModifiedDate":"2020-05-25"},{"lineNumber":21,"author":{"gitId":"-"},"content":"","lastModifiedDate":"2020-05-25"},{"lineNumber":22,"author":{"gitId":"-"},"content":"# run the program, feed commands from input.txt file and redirect the output to the ACTUAL.TXT","lastModifiedDate":"2020-05-25"},{"lineNumber":23,"author":{"gitId":"leepoeaik"},"content":"java -classpath ../bin Poe \u003c input.txt \u003e ACTUAL.TXT","lastModifiedDate":"2024-02-01"},{"lineNumber":24,"author":{"gitId":"-"},"content":"","lastModifiedDate":"2020-05-25"},{"lineNumber":25,"author":{"gitId":"-"},"content":"# convert to UNIX format","lastModifiedDate":"2020-05-25"},{"lineNumber":26,"author":{"gitId":"-"},"content":"cp EXPECTED.TXT EXPECTED-UNIX.TXT","lastModifiedDate":"2020-05-25"},{"lineNumber":27,"author":{"gitId":"-"},"content":"dos2unix ACTUAL.TXT EXPECTED-UNIX.TXT","lastModifiedDate":"2020-05-25"},{"lineNumber":28,"author":{"gitId":"-"},"content":"","lastModifiedDate":"2020-05-25"},{"lineNumber":29,"author":{"gitId":"-"},"content":"# compare the output to the expected output","lastModifiedDate":"2020-05-25"},{"lineNumber":30,"author":{"gitId":"-"},"content":"diff ACTUAL.TXT EXPECTED-UNIX.TXT","lastModifiedDate":"2020-05-25"},{"lineNumber":31,"author":{"gitId":"-"},"content":"if [ $? -eq 0 ]","lastModifiedDate":"2020-05-25"},{"lineNumber":32,"author":{"gitId":"-"},"content":"then","lastModifiedDate":"2020-05-25"},{"lineNumber":33,"author":{"gitId":"-"},"content":"    echo \"Test result: PASSED\"","lastModifiedDate":"2020-05-25"},{"lineNumber":34,"author":{"gitId":"-"},"content":"    exit 0","lastModifiedDate":"2020-05-25"},{"lineNumber":35,"author":{"gitId":"-"},"content":"else","lastModifiedDate":"2020-05-25"},{"lineNumber":36,"author":{"gitId":"-"},"content":"    echo \"Test result: FAILED\"","lastModifiedDate":"2020-05-25"},{"lineNumber":37,"author":{"gitId":"-"},"content":"    exit 1","lastModifiedDate":"2020-05-25"},{"lineNumber":38,"author":{"gitId":"-"},"content":"fi","lastModifiedDate":"2020-05-25"}],"authorContributionMap":{"leepoeaik":2,"-":36}}]
