{"authorDailyContributionsMap":{"leepoeaik":[{"date":"2024-01-26","commitResults":[{"hash":"f27f01156f74596defa5f4ceae9399bb98794be5","isMergeCommit":false,"messageTitle":"Level-0","messageBody":"","tags":["Level-0"],"fileTypesAndContributionMap":{"java":{"insertions":19,"deletions":10}}},{"hash":"db8159abe97a9d4501d67f9d1dfea7eedb22b6c2","isMergeCommit":false,"messageTitle":"Level-1","messageBody":"","tags":["Level-1"],"fileTypesAndContributionMap":{"java":{"insertions":18,"deletions":1}}},{"hash":"b28eff6ebadf907b699e3198646bfc21961d992a","isMergeCommit":false,"messageTitle":"Level-2","messageBody":"","tags":["Level-2"],"fileTypesAndContributionMap":{"java":{"insertions":20,"deletions":3}}}]},{"date":"2024-01-31","commitResults":[{"hash":"131cae5f78fcd94b67f987146b49758aa74ca504","isMergeCommit":false,"messageTitle":"Level-3","messageBody":"","tags":["Level-3"],"fileTypesAndContributionMap":{"java":{"insertions":56,"deletions":5}}},{"hash":"d7a1ad1669ef5065c4ce4cedec73148908598a1c","isMergeCommit":false,"messageTitle":"Level-4","messageBody":"","tags":["Level-4"],"fileTypesAndContributionMap":{"java":{"insertions":86,"deletions":25}}}]},{"date":"2024-02-01","commitResults":[{"hash":"fb1f10ca2961a213e76b3fd89b8ea8eab4db9aa0","isMergeCommit":false,"messageTitle":"A-TextUiTesting","messageBody":"","tags":["A-TextUiTesting"],"fileTypesAndContributionMap":{"txt":{"insertions":7,"deletions":0},"sh":{"insertions":2,"deletions":2}}},{"hash":"d39270f56dc21e9824968874876a3e405d377094","isMergeCommit":false,"messageTitle":"Level-5","messageBody":"","tags":["Level-5"],"fileTypesAndContributionMap":{"java":{"insertions":35,"deletions":12}}},{"hash":"0e10ea93002dba76dbf16ed362774f66e9d29bf9","isMergeCommit":false,"messageTitle":"Level-6","messageBody":"","tags":["Level-6"],"fileTypesAndContributionMap":{"java":{"insertions":13,"deletions":0}}}]},{"date":"2024-02-04","commitResults":[{"hash":"2e2de4681c1301d39ef2ebe36b9a5c3bfb658747","isMergeCommit":false,"messageTitle":"Added write to file method","messageBody":"","fileTypesAndContributionMap":{"java":{"insertions":88,"deletions":15}}},{"hash":"132fbd3fa7b02700e45f75c9b19e03b55d2487ce","isMergeCommit":false,"messageTitle":"Added read from file method","messageBody":"","tags":["Level-7"],"fileTypesAndContributionMap":{"java":{"insertions":17,"deletions":1}}}]},{"date":"2024-02-05","commitResults":[{"hash":"2bc9b05961a011bbe4157f612fdbd3652a02f400","isMergeCommit":false,"messageTitle":"Implement LocalDate to events and deadline","messageBody":"","tags":["Level-8"],"fileTypesAndContributionMap":{"java":{"insertions":23,"deletions":18}}}]},{"date":"2024-02-06","commitResults":[{"hash":"124210ca6e189c1c7b89618c83117766b594f00f","isMergeCommit":false,"messageTitle":"more-oop","messageBody":"","tags":["more-oop","A-MoreOOP"],"fileTypesAndContributionMap":{"java":{"insertions":277,"deletions":179}}},{"hash":"8283f23e8bc6afa6b173c31e9d6f92572b068bd0","isMergeCommit":false,"messageTitle":"A-Packages","messageBody":"","fileTypesAndContributionMap":{"java":{"insertions":13,"deletions":2}}},{"hash":"d8f52f0f58f680cc60e6929dc7991e28e2d672d5","isMergeCommit":false,"messageTitle":"A-Packages","messageBody":"","tags":["A-Packages"],"fileTypesAndContributionMap":{"java":{"insertions":26,"deletions":7}}}]},{"date":"2024-02-13","commitResults":[{"hash":"69c3c1b77aacae3339df3f3dd4bac033c530bb3a","isMergeCommit":true,"messageTitle":"Merge branch \u0027master\u0027 into upstream","messageBody":"","fileTypesAndContributionMap":{}},{"hash":"a0147a4e391a51675f7f5d7c0437809c4058634c","isMergeCommit":false,"messageTitle":"add gradle","messageBody":"","tags":["A-Gradle"],"fileTypesAndContributionMap":{"gradle":{"insertions":4,"deletions":2}}},{"hash":"66e8320fc39b085861a1c46113c9d57003007f9c","isMergeCommit":false,"messageTitle":"A-JUnit","messageBody":"","tags":["A-Jar","A-JUnit"],"fileTypesAndContributionMap":{"java":{"insertions":100,"deletions":29}}}]},{"date":"2024-02-14","commitResults":[{"hash":"2af4d2e8121fd933a79ca3f7855c5b80719a7e88","isMergeCommit":false,"messageTitle":"update coding standard","messageBody":"","tags":["A-CodingStandard"],"fileTypesAndContributionMap":{"java":{"insertions":66,"deletions":80}}},{"hash":"ed0160ce0a93802ae6551a79ffebc63eb8d57cd4","isMergeCommit":false,"messageTitle":"Added JavaDoc for methods and classes","messageBody":"","tags":["A-JavaDoc"],"fileTypesAndContributionMap":{"java":{"insertions":59,"deletions":0}}},{"hash":"f9b5ea9949b41edc93b9b7fa180067ba6597ee0c","isMergeCommit":false,"messageTitle":"Added find function","messageBody":"","tags":["Level-9"],"fileTypesAndContributionMap":{"java":{"insertions":26,"deletions":0}}},{"hash":"4668b3ea0a6909fa23fefad1e8a11df2e4b7bb35","isMergeCommit":true,"messageTitle":"resolve merge conflict","messageBody":"","fileTypesAndContributionMap":{}},{"hash":"487591e658012803cb435d7f425ba07ca5cc7da0","isMergeCommit":true,"messageTitle":"resolve merge conflict","messageBody":"","fileTypesAndContributionMap":{}}]},{"date":"2024-02-19","commitResults":[{"hash":"df39d487294d30c8029ca3ca61951954a155409c","isMergeCommit":false,"messageTitle":"Add JavaFX and convert print methods to strings","messageBody":"","fileTypesAndContributionMap":{"gradle":{"insertions":16,"deletions":1},"fxml":{"insertions":35,"deletions":0},"java":{"insertions":461,"deletions":161}}},{"hash":"5980bd062ecf356fb0966a10195d24cde7b4f257","isMergeCommit":true,"messageTitle":"Add JavaFX","messageBody":"","tags":["Level-10"],"fileTypesAndContributionMap":{}},{"hash":"c3465399721132b08c98fc03db9d507c75ff9e7d","isMergeCommit":false,"messageTitle":"Fix parse merge conflict","messageBody":"","fileTypesAndContributionMap":{"java":{"insertions":1,"deletions":6}}},{"hash":"1b88c03f2cb5b1420905e5f62667c2bf160d1686","isMergeCommit":false,"messageTitle":"Revert changes made","messageBody":"","fileTypesAndContributionMap":{"java":{"insertions":7,"deletions":50}}},{"hash":"1c3ee53c192d048d13ad7bb028d866ad7febbfe0","isMergeCommit":false,"messageTitle":"Add assertions for necessary parts","messageBody":"Assertions needed for aid of debugging and\ntesting, ensuring correctness and robustness.\n\nAdded assertions to validate the index for\nmark, unmark, remove and find.\n\nIncluded assertions to check for state of TaskList\nafter adding and removing elements.\n","tags":["tag-Assertions","A-Assertions"],"fileTypesAndContributionMap":{"java":{"insertions":27,"deletions":5}}}]},{"date":"2024-02-20","commitResults":[{"hash":"15a5ce70f9cd308b5c2af9ac85a9e6da3fee7a1d","isMergeCommit":false,"messageTitle":"Change code quality related code","messageBody":"Some code had questionable quality problems\naccording to the guidelines.\n\nChanged arrowhead functions by abstracting\nmethods.\n\nDeleted  unused imports and variables.\n","tags":["CodeQuality","A-FullCommitMessage","A-CodeQuality"],"fileTypesAndContributionMap":{"java":{"insertions":71,"deletions":208}}},{"hash":"b15080f6a724c86abf640cd54254df0167d7f53a","isMergeCommit":true,"messageTitle":"Merge pull request #2 from leepoeaik/A-CodeQuality","messageBody":"Change code quality related code","fileTypesAndContributionMap":{}},{"hash":"8d4087cd86b599bd97731674446732c110ec0a06","isMergeCommit":true,"messageTitle":"Merge branch \u0027master\u0027 into branch-A-Assertions","messageBody":"","fileTypesAndContributionMap":{}},{"hash":"d81eb8f07a16fc7d4e479715a736eab599f7cea5","isMergeCommit":true,"messageTitle":"Merge pull request #3 from leepoeaik/branch-A-Assertions","messageBody":"Add assertions for necessary parts","fileTypesAndContributionMap":{}}]},{"date":"2024-02-22","commitResults":[{"hash":"98a1d227ed371462418407ae970697c972c59cda","isMergeCommit":false,"messageTitle":"Add help function","messageBody":"Added help guide upon booting\nto provide functions guide to users\n\nList out all the functions and commands upon\nentering \"help\"\n","tags":["C-help"],"fileTypesAndContributionMap":{"java":{"insertions":10,"deletions":1}}},{"hash":"3551b0e1f57518cd52a6775105feec21bafd89ae","isMergeCommit":false,"messageTitle":"Add reminder function for tasks","messageBody":"For tasks with dates (events and deadline), added\na reminder function that displays the tasks\nwithin 2 days of current date\n","fileTypesAndContributionMap":{"java":{"insertions":63,"deletions":2}}}]},{"date":"2024-02-23","commitResults":[{"hash":"265798349903ec102a33e82eb39f6bdc95c037bf","isMergeCommit":false,"messageTitle":"Update README.md","messageBody":"","fileTypesAndContributionMap":{"md":{"insertions":111,"deletions":10}}},{"hash":"13c43310f523be401ba9f88b9dd3a5be4c645646","isMergeCommit":false,"messageTitle":"Update README.md","messageBody":"","fileTypesAndContributionMap":{"md":{"insertions":39,"deletions":22}}},{"hash":"311309349c754b713ac1db4b9e0f7749c66fd4ad","isMergeCommit":false,"messageTitle":"Update README.md","messageBody":"","fileTypesAndContributionMap":{"md":{"insertions":1,"deletions":10}}},{"hash":"58132b8e09b065fb97176efc939af776e41c3343","isMergeCommit":false,"messageTitle":"Update README.md","messageBody":"","fileTypesAndContributionMap":{"md":{"insertions":1,"deletions":1}}}]},{"date":"2024-02-24","commitResults":[{"hash":"ddd3ce27348f808c21031a4f647a6bd7f8f59c21","isMergeCommit":false,"messageTitle":"Improve GUI by allowing resizing of window","messageBody":"Elements would stay  in place when the user drags\nto resize the window.\n\nThe current implementation allows elements to\nresize the window while elements stay the same\nor adapt to the resizing.\n","tags":["A-BetterGUI"],"fileTypesAndContributionMap":{"fxml":{"insertions":29,"deletions":17},"java":{"insertions":9,"deletions":7}}},{"hash":"f4d1862ae78977fca105376505d9ea863b981850","isMergeCommit":true,"messageTitle":"Merge pull request #4 from leepoeaik/branch-A-BetterGUI","messageBody":"Improve GUI by allowing resizing of window","fileTypesAndContributionMap":{}}]},{"date":"2024-02-25","commitResults":[{"hash":"316ca58b3779be3f0a96cd760fd97dccbff3cba3","isMergeCommit":false,"messageTitle":"Improve GUI to improve user experience","messageBody":"GUI for user experience was not very readable.\n\nChanged font, color and improved minor details\nto improve readability\n\nChanged minor codes to improve coding standard\n","fileTypesAndContributionMap":{"fxml":{"insertions":32,"deletions":6},"java":{"insertions":11,"deletions":26}}},{"hash":"861d33cb0bc89f9fbf9b5e5b3b57629eb9a5e539","isMergeCommit":false,"messageTitle":"Add JavaDoc and edit for coding standard","messageBody":"Added JavaDoc for some of the methods that lack\ninformation and are non-Trivial\n\nEdited some coding standard mistakes such as\nlack of whitespace after if else statement\n","fileTypesAndContributionMap":{"java":{"insertions":122,"deletions":33}}}]}]},"authorFileTypeContributionMap":{"leepoeaik":{"java":897,"md":116,"fxml":73,"sh":2,"bat":0,"gradle":19,"txt":7}},"authorContributionVariance":{"leepoeaik":24279.453},"authorDisplayNameMap":{"leepoeaik":"CS2103T-T16-4 LEE .. AIK"}}
