{"authorDailyContributionsMap":{"peienlim":[{"date":"2024-01-25","commitResults":[{"hash":"de8fb1a9b4fa5686714fc5bf9f15ebbef7f4af0c","isMergeCommit":false,"messageTitle":"Implement level 0 - Rename, Greet, Exit","messageBody":"","tags":["Level-0"],"fileTypesAndContributionMap":{"java":{"insertions":3,"deletions":6}}},{"hash":"e7adaa0a145b3390eea5b8062aba1a8d52c0095e","isMergeCommit":false,"messageTitle":"Implement level 1 - Echo","messageBody":"","tags":["Level-1"],"fileTypesAndContributionMap":{"java":{"insertions":12,"deletions":1}}},{"hash":"7558424fbafb9aae29107c518f205b193dd277a9","isMergeCommit":false,"messageTitle":"Implement level 2 - Add, list","messageBody":"","tags":["Level-2"],"fileTypesAndContributionMap":{"java":{"insertions":12,"deletions":0}}},{"hash":"41c5792a859d160c91b43756f189bce167e62352","isMergeCommit":false,"messageTitle":"Implement level 3 - Mark as Done","messageBody":"","tags":["Level-3"],"fileTypesAndContributionMap":{"java":{"insertions":43,"deletions":3}}},{"hash":"05d3a09b38702687d2905717c1125bb51d0a28c0","isMergeCommit":false,"messageTitle":"Implement level 4 - ToDos, Events, Deadlines","messageBody":"","fileTypesAndContributionMap":{"java":{"insertions":0,"deletions":0}}},{"hash":"e6e75939c9a636c3752f3de83c9daa86180884db","isMergeCommit":false,"messageTitle":"Implement level 4 - ToDos, Events, Deadlines","messageBody":"","tags":["Level-4"],"fileTypesAndContributionMap":{"java":{"insertions":101,"deletions":7}}},{"hash":"971ae5be6634dffb75b4bfdcb40d31c6600c5cba","isMergeCommit":false,"messageTitle":"Implement level 5 - A-TextUiTesting","messageBody":"Implement A-TextUiTesting\n","tags":["A-TextUiTesting"],"fileTypesAndContributionMap":{"txt":{"insertions":5,"deletions":0}}},{"hash":"e800f2509654e7ba47b621ea4ee5f31c320d6c2f","isMergeCommit":false,"messageTitle":"Implement level 5 - handle errors","messageBody":"","tags":["Level-5"],"fileTypesAndContributionMap":{"java":{"insertions":92,"deletions":63}}},{"hash":"d2ec96a7dc074526d36f39fff97e173ad4ce11fc","isMergeCommit":false,"messageTitle":"Implement level 6 - delete","messageBody":"","tags":["Level-6"],"fileTypesAndContributionMap":{"java":{"insertions":21,"deletions":0}}}]},{"date":"2024-01-31","commitResults":[{"hash":"11d1c1e3daaed4442f765805f3118e981bc88c8e","isMergeCommit":false,"messageTitle":"Implement Level 7 - Save","messageBody":"","tags":["Level-7"],"fileTypesAndContributionMap":{"txt":{"insertions":6,"deletions":0},"java":{"insertions":112,"deletions":3}}},{"hash":"31378cf75fed93f4a31d0b8f45add7f551a970ff","isMergeCommit":false,"messageTitle":"Remove unwanted files","messageBody":"","fileTypesAndContributionMap":{"txt":{"insertions":0,"deletions":6}}},{"hash":"6272627c6374ce6e3048269b358c8812c2fd6ae3","isMergeCommit":false,"messageTitle":"Revert \"Remove unwanted files\"","messageBody":"This reverts commit 31378cf75fed93f4a31d0b8f45add7f551a970ff.\n","fileTypesAndContributionMap":{"txt":{"insertions":6,"deletions":0}}},{"hash":"669af06fd3e67be48d80478bf89ad94ddbc0fd6e","isMergeCommit":false,"messageTitle":"Implement level 8 - dates and times","messageBody":"","tags":["Level-8"],"fileTypesAndContributionMap":{"java":{"insertions":51,"deletions":16}}}]},{"date":"2024-02-01","commitResults":[{"hash":"22b6cfc42d65faff3521ef8236e355c17dbdc514","isMergeCommit":false,"messageTitle":"Implement level A-MoreOOP","messageBody":"","tags":["A-MoreOOP"],"fileTypesAndContributionMap":{"java":{"insertions":345,"deletions":212}}}]},{"date":"2024-02-05","commitResults":[{"hash":"d77b62188454f57f4c498169ab60ca6d41d063db","isMergeCommit":false,"messageTitle":"Implement Level A-Packages","messageBody":"","tags":["A-Packages"],"fileTypesAndContributionMap":{"java":{"insertions":50,"deletions":13},"bat":{"insertions":1,"deletions":1},"md":{"insertions":2,"deletions":2}}}]}]},"authorFileTypeContributionMap":{"peienlim":{"java":527,"md":2,"fxml":0,"sh":0,"bat":1,"gradle":0,"txt":11}},"authorContributionVariance":{"peienlim":22879.791},"authorDisplayNameMap":{"peienlim":"CS2103T-T11-3 LIM ..I EN"}}
