{"authorDailyContributionsMap":{"AjayArvind2207":[{"date":"2024-01-24","commitResults":[{"hash":"8ee57953cf182ac7fbd3598b7310b40511be1125","isMergeCommit":false,"messageTitle":"Added new class to modify file as per my naming convention for the chatbot","messageBody":"Performs basic greetings and exits the program.\n","tags":["Level-0"],"fileTypesAndContributionMap":{"java":{"insertions":2,"deletions":0}}},{"hash":"828d0fc9f2976c02b78cf5b669363c547144cb53","isMergeCommit":false,"messageTitle":"Staged the commit, and am seeing if this fixes my issue earlier of not being able to push!","messageBody":"","fileTypesAndContributionMap":{"java":{"insertions":10,"deletions":1}}},{"hash":"a95b480f316a987a9745c53e7836e0376de58eb6","isMergeCommit":false,"messageTitle":"Revert \"Staged the commit, and am seeing if this fixes my issue earlier of not being able to push!\"","messageBody":"This reverts commit 828d0fc9f2976c02b78cf5b669363c547144cb53.\n","fileTypesAndContributionMap":{"java":{"insertions":1,"deletions":10}}},{"hash":"9d2bdaae9b6ff9bfcd3ee11e203cdf9bdda3c194","isMergeCommit":false,"messageTitle":"Fixed the issue with the previous commit. I think it should work now!","messageBody":"","tags":["Level-0v2"],"fileTypesAndContributionMap":{"java":{"insertions":10,"deletions":1}}},{"hash":"5ad236e3a76d16ee35ac22657e2cb6c4bd451d78","isMergeCommit":false,"messageTitle":". Added echo functionality to bot (Panna.java) . Added a Task class to containerize the commands to be echoed . Removed original file Duke.java","messageBody":"","tags":["Level-1"],"fileTypesAndContributionMap":{"java":{"insertions":41,"deletions":11}}},{"hash":"106283e94865752b2de27075f53d2aceec971249","isMergeCommit":false,"messageTitle":"Trying to push my tags!","messageBody":"","fileTypesAndContributionMap":{"java":{"insertions":13,"deletions":1}}},{"hash":"68184bbf0f889e9a51d3b55799f8d395f2880da6","isMergeCommit":false,"messageTitle":". Added functionality to support the add and list features . Renamed echo to a more appropriate name add . maintained a static String array to store all the tasks . Ensured the list command does not get added to the task list . Removed list.java since it did not fit with the framework I wanted to adopt.","messageBody":"","tags":["Level-2"],"fileTypesAndContributionMap":{"java":{"insertions":26,"deletions":13}}}]},{"date":"2024-01-25","commitResults":[{"hash":"4ba1c5e66b2907218c43c22a78088187d1eba2e2","isMergeCommit":false,"messageTitle":". Restructured the way the \u0027else\u0027 statement skips our existing commands . added the mark and unmark functionality . abstracted away the code into Task.java and left Panna.java without any exposed behaviours","messageBody":"","tags":["Level-3"],"fileTypesAndContributionMap":{"java":{"insertions":57,"deletions":2}}}]},{"date":"2024-01-26","commitResults":[{"hash":"09d0ede102b607c32fd8569612a378c834d9891b","isMergeCommit":false,"messageTitle":"Trying to resolve conflicts","messageBody":"","fileTypesAndContributionMap":{"java":{"insertions":38,"deletions":0}}},{"hash":"f190210e016be6a1253dce22ffac1c5b4e303c36","isMergeCommit":false,"messageTitle":"We need to do some major restructuring since this is not supporting Events well Ideas: . we make the fields of Task instance specific instead of using so many static methods . use collections instead of a static String array . Shift a bit of functionality from Task to Panna to help with instance-specific behaviour.","messageBody":"","fileTypesAndContributionMap":{"java":{"insertions":38,"deletions":0}}},{"hash":"8252b39fe4e5538c912916430aa824f6c0b0a20c","isMergeCommit":false,"messageTitle":"We need to do some major restructuring since this is not supporting Events well Ideas: . we make the fields of Task instance specific instead of using so many static methods . use collections instead of a static String array . Shift a bit of functionality from Task to Panna to help with instance-specific behaviour.","messageBody":"","fileTypesAndContributionMap":{"java":{"insertions":1,"deletions":0}}},{"hash":"7796ceb8e8ceb77a74dfebc64440aff3a6add852","isMergeCommit":true,"messageTitle":"Merge branch \u0027master\u0027 of https://github.com/AjayArvind2207/ip","messageBody":"","fileTypesAndContributionMap":{}},{"hash":"d5de37dc6e12986b9c6f1db73697f5f4d0a9ea78","isMergeCommit":false,"messageTitle":"Big changes! Completely refactored the code to fit previous commits requirements . Moved all the printing behaviour to the main bot file Panna.java . Task.java mainly only serves the functionality of generating Strings for each individual task . 3 separate classes Deadline, Event and Todo to give their respective toStrings. . Use polymorphism to generate our output strings.","messageBody":"","tags":["Level-4"],"fileTypesAndContributionMap":{"java":{"insertions":138,"deletions":86}}},{"hash":"4deb0702178fc523c8e447170e143b9f99b412a4","isMergeCommit":false,"messageTitle":". Modified the files for the automated testing!","messageBody":"","tags":["A-TextUiTesting"],"fileTypesAndContributionMap":{"txt":{"insertions":13,"deletions":0},"bat":{"insertions":1,"deletions":1}}},{"hash":"67d729c0bf9d4a56cb426c90e2299b9c9411d2a1","isMergeCommit":false,"messageTitle":". Added Exception handling to each of the features! . Sent exceptions to a dedicated custom exception handler for all things that could go wrong in Panna.java","messageBody":"","fileTypesAndContributionMap":{"txt":{"insertions":13,"deletions":0},"java":{"insertions":65,"deletions":36},"bat":{"insertions":1,"deletions":1}}},{"hash":"8d3954b29b791410eb95b40dbee48f074cf88e43","isMergeCommit":false,"messageTitle":"Revert \". Added Exception handling to each of the features!\"","messageBody":"This reverts commit 67d729c0bf9d4a56cb426c90e2299b9c9411d2a1.\n","fileTypesAndContributionMap":{"txt":{"insertions":0,"deletions":13},"java":{"insertions":36,"deletions":65},"bat":{"insertions":1,"deletions":1}}},{"hash":"72b0fd2662c864e289504af264928a80b213cf41","isMergeCommit":false,"messageTitle":"added exception handling! to each of the features and sent exceptions to dedicated custom exception handler!","messageBody":"","fileTypesAndContributionMap":{"java":{"insertions":64,"deletions":36}}},{"hash":"df3c3a9acd8ea931179f51ff263aba007693125d","isMergeCommit":true,"messageTitle":"Merge branch \u0027master\u0027 of https://github.com/AjayArvind2207/ip","messageBody":"","tags":["Level-5"],"fileTypesAndContributionMap":{}},{"hash":"7ea3b8f5733fd4b4cba0ce8e769b96ff3897cbb0","isMergeCommit":false,"messageTitle":"Added delete functionality and performed basic exception handling!","messageBody":"","tags":["Level-6"],"fileTypesAndContributionMap":{"java":{"insertions":19,"deletions":0}}},{"hash":"845790e48d3802d7db55bd4c3a2f56dd039eaf3e","isMergeCommit":false,"messageTitle":"Removed redundant import and also pushed all the tags i forgot to push!","messageBody":"","fileTypesAndContributionMap":{"java":{"insertions":0,"deletions":1}}},{"hash":"1fa99c5f1d3a98c53b91dc017c15b2c53fc9d8da","isMergeCommit":false,"messageTitle":"adding the tag for A-Classes","messageBody":"","tags":["A-Classes"],"fileTypesAndContributionMap":{"java":{"insertions":1,"deletions":0}}},{"hash":"0ae75c2d87dd488dd20e6ebf817ec739982b202d","isMergeCommit":false,"messageTitle":"adding the tag for A-Collections","messageBody":"","fileTypesAndContributionMap":{"java":{"insertions":2,"deletions":0}}},{"hash":"2d67790e3c2bb3c5d7214db6dd70c8ce39e00d96","isMergeCommit":false,"messageTitle":"Revert \"adding the tag for A-Collections\"","messageBody":"This reverts commit 0ae75c2d87dd488dd20e6ebf817ec739982b202d.\n","fileTypesAndContributionMap":{"java":{"insertions":0,"deletions":2}}},{"hash":"a4df838b2f5309993cd335c06572e98cbd1a489f","isMergeCommit":true,"messageTitle":"Merge branch \u0027master\u0027 of https://github.com/AjayArvind2207/ip","messageBody":"","fileTypesAndContributionMap":{}},{"hash":"9e10a9c44c5bc04d14b4673ef301952bdeb6f5c9","isMergeCommit":false,"messageTitle":"Add tag for A-Collections","messageBody":"","tags":["A-Collections"],"fileTypesAndContributionMap":{"java":{"insertions":1,"deletions":0}}}]},{"date":"2024-02-07","commitResults":[{"hash":"f5960cc0ea41d1212dbd61120819591c3d4f1027","isMergeCommit":false,"messageTitle":"Incorporated Level-7 changes! Made it a saveable state :D","messageBody":"","fileTypesAndContributionMap":{"txt":{"insertions":0,"deletions":0},"java":{"insertions":95,"deletions":13}}},{"hash":"f1e532dbc42e7b06e02d449356fd7e0227e9819a","isMergeCommit":true,"messageTitle":"Merge branch \u0027branch-Level-7\u0027","messageBody":"","tags":["Level-7"],"fileTypesAndContributionMap":{}},{"hash":"f057b0ea81f7557c8428e407206f43e7c8738c2f","isMergeCommit":false,"messageTitle":"Level-8 done! Datetime objects have now been incorporated for deadlines and events!","messageBody":"","fileTypesAndContributionMap":{"java":{"insertions":45,"deletions":20}}},{"hash":"ac3ef9682a2465de63c0ea1c771dac8cee06e7a2","isMergeCommit":true,"messageTitle":"Merge branch \u0027branch-Level-8\u0027","messageBody":"","tags":["Level-8"],"fileTypesAndContributionMap":{}},{"hash":"33d466d53683f0bdef9b24dc0b788eedba6d823a","isMergeCommit":false,"messageTitle":"Split all behaviour into classes and made the code more organized!","messageBody":"","fileTypesAndContributionMap":{"java":{"insertions":306,"deletions":178}}},{"hash":"cd92a9c511b1a34ff8883a10d4ebdb4f18922259","isMergeCommit":true,"messageTitle":"Merge branch \u0027A-MoreOOP\u0027","messageBody":"","tags":["A-MoreOOP"],"fileTypesAndContributionMap":{}},{"hash":"42d298ac0cdc060ecf6b4cffa07b6da2e294087c","isMergeCommit":false,"messageTitle":"Placed everything into one package!","messageBody":"","fileTypesAndContributionMap":{"java":{"insertions":18,"deletions":0}}},{"hash":"e1ed31d70a100f0493d4b725e0b49bff3588c859","isMergeCommit":true,"messageTitle":"Merge branch \u0027A-Packages\u0027","messageBody":"","tags":["A-Packages"],"fileTypesAndContributionMap":{}},{"hash":"a73a78cf82cde87cbb40ac5938c11a355d5d177b","isMergeCommit":true,"messageTitle":"Merge branch \u0027add-gradle-support\u0027","messageBody":"","tags":["A-Gradle"],"fileTypesAndContributionMap":{}}]},{"date":"2024-02-12","commitResults":[{"hash":"9e42c01e691c55ffaaa8a8710cbdbd524fdd01bd","isMergeCommit":false,"messageTitle":"Added JUnit tests!","messageBody":"","fileTypesAndContributionMap":{"gradle":{"insertions":3,"deletions":0},"java":{"insertions":67,"deletions":0}}},{"hash":"f5e91b13adf6c1a55c50dd0e8fbf70c9961ca180","isMergeCommit":true,"messageTitle":"Merge branch \u0027A-JUnit\u0027","messageBody":"","tags":["A-JUnit"],"fileTypesAndContributionMap":{}},{"hash":"30765fb1db25154f461aa9f94af57201a0223896","isMergeCommit":false,"messageTitle":"Added JUnit tests!","messageBody":"","tags":["A-JUnitv2"],"fileTypesAndContributionMap":{"java":{"insertions":3,"deletions":0}}},{"hash":"d16abbac7bca9078fe3ea1b7d4839e49aa1a1397","isMergeCommit":false,"messageTitle":"Changed name of bot from Panna to PannaBot to avoid confusion between package","messageBody":"","tags":["A-Jar"],"fileTypesAndContributionMap":{"gradle":{"insertions":4,"deletions":7},"java":{"insertions":14,"deletions":21}}},{"hash":"2058f8be458ab6240ca0c37a79aff825e418269b","isMergeCommit":false,"messageTitle":"Added JavaDoc","messageBody":"","fileTypesAndContributionMap":{"java":{"insertions":228,"deletions":7}}},{"hash":"d752dbe82675860658a28f9ba69f84c499b407e9","isMergeCommit":false,"messageTitle":"Standardized coding formats to avoid this.value references!","messageBody":"","fileTypesAndContributionMap":{"java":{"insertions":31,"deletions":31}}},{"hash":"d5f34aa9e409e7b7408cb076864de016f32cf139","isMergeCommit":false,"messageTitle":"Added Level-9","messageBody":"","fileTypesAndContributionMap":{"java":{"insertions":20,"deletions":0}}},{"hash":"a7fcc89e04fd5ec591432e59bac4b1c74b20ba84","isMergeCommit":true,"messageTitle":"Merge branch \u0027branch-A-JavaDoc\u0027 into branch-Level-9","messageBody":"","fileTypesAndContributionMap":{}},{"hash":"d80a9949a83e477e452361939c873a56e9778ff1","isMergeCommit":true,"messageTitle":"Fixed the merge conflict?","messageBody":"","fileTypesAndContributionMap":{}},{"hash":"e70c30c024d8fdb774d0090a225d04e18ca2fbbd","isMergeCommit":false,"messageTitle":"Fixed small styling thing","messageBody":"","fileTypesAndContributionMap":{"java":{"insertions":1,"deletions":1}}},{"hash":"8d2ff2df0a8d608c317356e819ff960640d98524","isMergeCommit":true,"messageTitle":"Merge branch \u0027branch-Level-9\u0027","messageBody":"","tags":["Level-9","A-JavaDoc","A-CodingStandard"],"fileTypesAndContributionMap":{}}]}]},"authorFileTypeContributionMap":{"AjayArvind2207":{"java":831,"md":0,"fxml":0,"sh":0,"bat":1,"gradle":3,"txt":13}},"authorContributionVariance":{"AjayArvind2207":38682.324},"authorDisplayNameMap":{"AjayArvind2207":"CS2103T-T13-2 ARVI..AJAY"}}
