{"authorDailyContributionsMap":{"minghowC":[{"date":"2024-01-26","commitResults":[{"hash":"43042adfaf50dd7ea1a6c900e53f1d85889ae253","isMergeCommit":false,"messageTitle":"my level-0 submission - chatbot greeting","messageBody":"","tags":["Level-0"],"fileTypesAndContributionMap":{"java":{"insertions":22,"deletions":10}}},{"hash":"b605d88ed9304aab05f116a2cbb6eb53f6691ff0","isMergeCommit":false,"messageTitle":"My Level-1 submission","messageBody":"","tags":["Level-1"],"fileTypesAndContributionMap":{"java":{"insertions":23,"deletions":1}}}]}]},"authorFileTypeContributionMap":{"minghowC":{"java":44,"md":0,"fxml":0,"sh":0,"bat":0,"gradle":0,"txt":0}},"authorContributionVariance":{"minghowC":343.0},"authorDisplayNameMap":{"minghowC":"CS2103T-F14-1 CHAI.. HOW"}}
