{"authorDailyContributionsMap":{"minghowC":[{"date":"2024-01-26","commitResults":[{"hash":"43042adfaf50dd7ea1a6c900e53f1d85889ae253","isMergeCommit":false,"messageTitle":"my level-0 submission - chatbot greeting","messageBody":"","tags":["Level-0"],"fileTypesAndContributionMap":{"java":{"insertions":22,"deletions":10}}},{"hash":"b605d88ed9304aab05f116a2cbb6eb53f6691ff0","isMergeCommit":false,"messageTitle":"My Level-1 submission","messageBody":"","tags":["Level-1"],"fileTypesAndContributionMap":{"java":{"insertions":23,"deletions":1}}}]},{"date":"2024-02-02","commitResults":[{"hash":"d0623a56b303ff2ef0fa30051a2cff9789a0ce97","isMergeCommit":false,"messageTitle":"My Level-2 submission","messageBody":"","tags":["Level-2"],"fileTypesAndContributionMap":{"java":{"insertions":28,"deletions":11}}},{"hash":"a5f30587ecb818f55f1bea2456127f5795609fa1","isMergeCommit":false,"messageTitle":"Level 3: Ability to mark \u0026 unmark a task","messageBody":"","tags":["Level-3"],"fileTypesAndContributionMap":{"java":{"insertions":69,"deletions":19}}},{"hash":"fda22af40def75521114170f2b266d586c4c056c","isMergeCommit":false,"messageTitle":"Level 4 Submission","messageBody":"","tags":["Level-4"],"fileTypesAndContributionMap":{"java":{"insertions":78,"deletions":7}}}]},{"date":"2024-02-05","commitResults":[{"hash":"e9676408c2befb2a569453e65d8c4b34dc3da5a2","isMergeCommit":false,"messageTitle":"Add test script runtest.sh","messageBody":"","tags":["A-TextUiTesting"],"fileTypesAndContributionMap":{"sh":{"insertions":2,"deletions":2}}},{"hash":"9fa8f3599fee7731022fec765875e5d7b9d3ffc4","isMergeCommit":false,"messageTitle":"Add error-handling feature","messageBody":"","tags":["Level-5","A-Enums"],"fileTypesAndContributionMap":{"java":{"insertions":143,"deletions":60}}},{"hash":"caf25abef970bd62fa5b41842d504ff4fa05d289","isMergeCommit":false,"messageTitle":"Add delete feature","messageBody":"","tags":["Level-6"],"fileTypesAndContributionMap":{"java":{"insertions":19,"deletions":4}}}]},{"date":"2024-02-15","commitResults":[{"hash":"15db42ab2a823d9f74a9537dd009a30143035c25","isMergeCommit":false,"messageTitle":"Add save feature","messageBody":"","fileTypesAndContributionMap":{"java":{"insertions":64,"deletions":2}}},{"hash":"6cde18392f2f74af94d2ec12b6c6e5402974026a","isMergeCommit":true,"messageTitle":"Merge branch-Level-7 into master","messageBody":"","tags":["Level-7"],"fileTypesAndContributionMap":{}}]},{"date":"2024-02-16","commitResults":[{"hash":"ba8e46007ba4cfbd96bbf9854c8348e36fb4a795","isMergeCommit":false,"messageTitle":"Implement dates and times feature","messageBody":"","fileTypesAndContributionMap":{"java":{"insertions":10,"deletions":1}}},{"hash":"1b63e7c9a401e72962b0599ccc925272f1808476","isMergeCommit":true,"messageTitle":"Merge branch-Level-8 into master","messageBody":"","tags":["Level-8"],"fileTypesAndContributionMap":{}}]},{"date":"2024-02-23","commitResults":[{"hash":"547447be24a16f7a9c31326f4f2aed48d44f10a5","isMergeCommit":false,"messageTitle":"Modify READ.MD","messageBody":"","fileTypesAndContributionMap":{"md":{"insertions":3,"deletions":11}}}]}]},"authorFileTypeContributionMap":{"minghowC":{"java":351,"md":3,"fxml":0,"sh":1,"bat":0,"gradle":0,"txt":0}},"authorContributionVariance":{"minghowC":2667.12},"authorDisplayNameMap":{"minghowC":"CS2103T-F14-1 CHAI.. HOW"}}
