[{"path":"src/main/java/Duke.java","fileType":"java","lines":[{"lineNumber":1,"author":{"gitId":"erv-teo"},"content":"import java.util.Scanner;","lastModifiedDate":"2024-01-25"},{"lineNumber":2,"author":{"gitId":"erv-teo"},"content":"","lastModifiedDate":"2024-01-25"},{"lineNumber":3,"author":{"gitId":"-"},"content":"public class Duke {","lastModifiedDate":"2019-07-29"},{"lineNumber":4,"author":{"gitId":"-"},"content":"    public static void main(String[] args) {","lastModifiedDate":"2019-07-29"},{"lineNumber":5,"author":{"gitId":"erv-teo"},"content":"//        String logo \u003d \" ____        _        \\n\"","lastModifiedDate":"2024-01-24"},{"lineNumber":6,"author":{"gitId":"erv-teo"},"content":"//                + \"|  _ \\\\ _   _| | _____ \\n\"","lastModifiedDate":"2024-01-24"},{"lineNumber":7,"author":{"gitId":"erv-teo"},"content":"//                + \"| | | | | | | |/ / _ \\\\\\n\"","lastModifiedDate":"2024-01-24"},{"lineNumber":8,"author":{"gitId":"erv-teo"},"content":"//                + \"| |_| | |_| |   \u003c  __/\\n\"","lastModifiedDate":"2024-01-24"},{"lineNumber":9,"author":{"gitId":"erv-teo"},"content":"//                + \"|____/ \\\\__,_|_|\\\\_\\\\___|\\n\";","lastModifiedDate":"2024-01-24"},{"lineNumber":10,"author":{"gitId":"erv-teo"},"content":"//        System.out.println(\"Hello from\\n\" + logo);","lastModifiedDate":"2024-01-24"},{"lineNumber":11,"author":{"gitId":"erv-teo"},"content":"","lastModifiedDate":"2024-01-24"},{"lineNumber":12,"author":{"gitId":"erv-teo"},"content":"        String hello \u003d \"Hello!\\n\" + \"What can I do for you?\\n\";","lastModifiedDate":"2024-01-24"},{"lineNumber":13,"author":{"gitId":"erv-teo"},"content":"        System.out.println(hello);","lastModifiedDate":"2024-01-25"},{"lineNumber":14,"author":{"gitId":"erv-teo"},"content":"","lastModifiedDate":"2024-01-25"},{"lineNumber":15,"author":{"gitId":"erv-teo"},"content":"        String bye \u003d \"See you soon!\";","lastModifiedDate":"2024-01-24"},{"lineNumber":16,"author":{"gitId":"erv-teo"},"content":"","lastModifiedDate":"2024-01-24"},{"lineNumber":17,"author":{"gitId":"erv-teo"},"content":"","lastModifiedDate":"2024-01-25"},{"lineNumber":18,"author":{"gitId":"erv-teo"},"content":"        while (true) {","lastModifiedDate":"2024-01-25"},{"lineNumber":19,"author":{"gitId":"erv-teo"},"content":"            Scanner input \u003d new Scanner(System.in);","lastModifiedDate":"2024-01-25"},{"lineNumber":20,"author":{"gitId":"erv-teo"},"content":"            String str \u003d input.nextLine();","lastModifiedDate":"2024-01-25"},{"lineNumber":21,"author":{"gitId":"erv-teo"},"content":"            if (str.equals(\"bye\") || str.equals(\"Bye\")) {","lastModifiedDate":"2024-01-25"},{"lineNumber":22,"author":{"gitId":"erv-teo"},"content":"                System.out.println(bye);","lastModifiedDate":"2024-01-24"},{"lineNumber":23,"author":{"gitId":"erv-teo"},"content":"                break;","lastModifiedDate":"2024-01-25"},{"lineNumber":24,"author":{"gitId":"erv-teo"},"content":"            } else {","lastModifiedDate":"2024-01-25"},{"lineNumber":25,"author":{"gitId":"erv-teo"},"content":"                System.out.println(str);","lastModifiedDate":"2024-01-25"},{"lineNumber":26,"author":{"gitId":"erv-teo"},"content":"            }","lastModifiedDate":"2024-01-25"},{"lineNumber":27,"author":{"gitId":"erv-teo"},"content":"        }","lastModifiedDate":"2024-01-25"},{"lineNumber":28,"author":{"gitId":"-"},"content":"    }","lastModifiedDate":"2019-07-29"},{"lineNumber":29,"author":{"gitId":"-"},"content":"}","lastModifiedDate":"2019-07-29"}],"authorContributionMap":{"erv-teo":25,"-":4}}]
