{"authorDailyContributionsMap":{"Javiery3889":[{"date":"2024-01-21","commitResults":[{"hash":"a72c3fe5d8b17440b1dd985caaa64e984235d490","isMergeCommit":false,"messageTitle":"Rename Bot. Added Greet and Exit messages.","messageBody":"","tags":["Level-0"],"fileTypesAndContributionMap":{"java":{"insertions":30,"deletions":10}}},{"hash":"e415a5d461b6c272acfd94d20c3496b879b0db1b","isMergeCommit":false,"messageTitle":"Added Echo functionality","messageBody":"","tags":["Level-1"],"fileTypesAndContributionMap":{"java":{"insertions":17,"deletions":0}}}]},{"date":"2024-01-22","commitResults":[{"hash":"9757441487c155f8644322822582beeb5f9b7402","isMergeCommit":false,"messageTitle":"Added List, Add To List functionality","messageBody":"- Refactored print method in Chatbot.java to accept String arrays\n- Created Task.java to represent each user created task\n","fileTypesAndContributionMap":{"java":{"insertions":58,"deletions":16}}},{"hash":"cf6056b65e6ac1e795782c32851e413b5497eb2f","isMergeCommit":false,"messageTitle":"Refactor code for more OOP","messageBody":"- Created InputHandler.java to separate input handling from Blu.java\n- Operations on list moved to TaskList.java\n- Added toString method for Task to print out task\u0027s title\n","tags":["Level-2"],"fileTypesAndContributionMap":{"java":{"insertions":64,"deletions":31}}},{"hash":"41deca913aadb21ab27894cac7b2d2dd19e19e37","isMergeCommit":false,"messageTitle":"Added Mark/Unmark task functionality","messageBody":"- Change getTask in TaskList.java to use 1-based indexing\n","fileTypesAndContributionMap":{"java":{"insertions":43,"deletions":7}}},{"hash":"ccfa34e09a0aff6e8bea82f91c268d6437e13aa1","isMergeCommit":false,"messageTitle":"Fixed list numbering bug","messageBody":"","tags":["Level-3"],"fileTypesAndContributionMap":{"java":{"insertions":1,"deletions":1}}},{"hash":"df50af94637a212e32cd8b2e001d209f9bce25af","isMergeCommit":false,"messageTitle":"Added tracking of three subtypes of tasks","messageBody":"- Refactored InputHandler to use switch/case statements\n- Added method to retrieve number of tasks in TaskList.java\n- Change addTask method in Chatbot.java to accept Task object instead\n","tags":["Level-4"],"fileTypesAndContributionMap":{"java":{"insertions":110,"deletions":16}}},{"hash":"a5cb4e244265bab3a5ac7301a84ec4acaf213748","isMergeCommit":false,"messageTitle":"Change runtest.sh for testing","messageBody":"","tags":["A-TextUiTesting"],"fileTypesAndContributionMap":{"txt":{"insertions":9,"deletions":0},"sh":{"insertions":1,"deletions":1}}}]},{"date":"2024-01-23","commitResults":[{"hash":"de21a24f0b24009ec5796501ad37487326d6a233","isMergeCommit":false,"messageTitle":"Added exceptions to handle errors","messageBody":"- Fixed bug in InputHandler.java where first word of deadline/event\n  description was not included\n- Created BluException class and three exception subclasses\n  - IllegalCommand used when there are missing parameters\n  - InvalidCommand used for commands that are not supported\n  - IllegalParameter used when parameter does not satisfy given\n    constraints\n- runtest.sh now complies all java files in subdirectories\n","tags":["Level-5"],"fileTypesAndContributionMap":{"txt":{"insertions":18,"deletions":1},"java":{"insertions":152,"deletions":28},"sh":{"insertions":1,"deletions":1}}},{"hash":"63b4dea31ee5e2df8f5ea18ed50bec446cb7cd14","isMergeCommit":false,"messageTitle":"Add delete task functionality","messageBody":"- Refactored InputHandler to call a method to validate number of command\n  parameters\n","tags":["Level-6"],"fileTypesAndContributionMap":{"txt":{"insertions":3,"deletions":0},"java":{"insertions":41,"deletions":4}}},{"hash":"4e3bae1edf26c1897c95b9f14560ba62c3028afd","isMergeCommit":false,"messageTitle":"Changed command parsing to use enums","messageBody":"","tags":["A-Enums"],"fileTypesAndContributionMap":{"java":{"insertions":37,"deletions":21}}}]},{"date":"2024-01-29","commitResults":[{"hash":"8434a92ab5407f50db35d22415ce88a46756fbe9","isMergeCommit":false,"messageTitle":"feat: Save and load tasks from file","messageBody":"","fileTypesAndContributionMap":{"java":{"insertions":174,"deletions":10}}},{"hash":"5242cf2a05c6dca2c2b64c09ab49e60d10cc267a","isMergeCommit":true,"messageTitle":"Merge branch \u0027branch-Level-7\u0027","messageBody":"","tags":["Level-7"],"fileTypesAndContributionMap":{}}]}]},"authorFileTypeContributionMap":{"Javiery3889":{"java":593,"md":0,"fxml":0,"sh":2,"bat":0,"gradle":0,"txt":29}},"authorContributionVariance":{"Javiery3889":16808.773},"authorDisplayNameMap":{"Javiery3889":"YONG..VIER"}}
