{"authorDailyContributionsMap":{"Javiery3889":[{"date":"2024-01-21","commitResults":[{"hash":"a72c3fe5d8b17440b1dd985caaa64e984235d490","isMergeCommit":false,"messageTitle":"Rename Bot. Added Greet and Exit messages.","messageBody":"","tags":["Level-0"],"fileTypesAndContributionMap":{"java":{"insertions":30,"deletions":10}}},{"hash":"e415a5d461b6c272acfd94d20c3496b879b0db1b","isMergeCommit":false,"messageTitle":"Added Echo functionality","messageBody":"","tags":["Level-1"],"fileTypesAndContributionMap":{"java":{"insertions":17,"deletions":0}}}]},{"date":"2024-01-22","commitResults":[{"hash":"9757441487c155f8644322822582beeb5f9b7402","isMergeCommit":false,"messageTitle":"Added List, Add To List functionality","messageBody":"- Refactored print method in Chatbot.java to accept String arrays\n- Created Task.java to represent each user created task\n","fileTypesAndContributionMap":{"java":{"insertions":58,"deletions":16}}},{"hash":"cf6056b65e6ac1e795782c32851e413b5497eb2f","isMergeCommit":false,"messageTitle":"Refactor code for more OOP","messageBody":"- Created InputHandler.java to separate input handling from Blu.java\n- Operations on list moved to TaskList.java\n- Added toString method for Task to print out task\u0027s title\n","tags":["Level-2"],"fileTypesAndContributionMap":{"java":{"insertions":64,"deletions":31}}},{"hash":"41deca913aadb21ab27894cac7b2d2dd19e19e37","isMergeCommit":false,"messageTitle":"Added Mark/Unmark task functionality","messageBody":"- Change getTask in TaskList.java to use 1-based indexing\n","fileTypesAndContributionMap":{"java":{"insertions":43,"deletions":7}}},{"hash":"ccfa34e09a0aff6e8bea82f91c268d6437e13aa1","isMergeCommit":false,"messageTitle":"Fixed list numbering bug","messageBody":"","tags":["Level-3"],"fileTypesAndContributionMap":{"java":{"insertions":1,"deletions":1}}},{"hash":"df50af94637a212e32cd8b2e001d209f9bce25af","isMergeCommit":false,"messageTitle":"Added tracking of three subtypes of tasks","messageBody":"- Refactored InputHandler to use switch/case statements\n- Added method to retrieve number of tasks in TaskList.java\n- Change addTask method in Chatbot.java to accept Task object instead\n","tags":["Level-4"],"fileTypesAndContributionMap":{"java":{"insertions":110,"deletions":16}}},{"hash":"a5cb4e244265bab3a5ac7301a84ec4acaf213748","isMergeCommit":false,"messageTitle":"Change runtest.sh for testing","messageBody":"","tags":["A-TextUiTesting"],"fileTypesAndContributionMap":{"txt":{"insertions":9,"deletions":0},"sh":{"insertions":1,"deletions":1}}}]},{"date":"2024-01-23","commitResults":[{"hash":"de21a24f0b24009ec5796501ad37487326d6a233","isMergeCommit":false,"messageTitle":"Added exceptions to handle errors","messageBody":"- Fixed bug in InputHandler.java where first word of deadline/event\n  description was not included\n- Created BluException class and three exception subclasses\n  - IllegalCommand used when there are missing parameters\n  - InvalidCommand used for commands that are not supported\n  - IllegalParameter used when parameter does not satisfy given\n    constraints\n- runtest.sh now complies all java files in subdirectories\n","tags":["Level-5"],"fileTypesAndContributionMap":{"txt":{"insertions":18,"deletions":1},"java":{"insertions":152,"deletions":28},"sh":{"insertions":1,"deletions":1}}},{"hash":"63b4dea31ee5e2df8f5ea18ed50bec446cb7cd14","isMergeCommit":false,"messageTitle":"Add delete task functionality","messageBody":"- Refactored InputHandler to call a method to validate number of command\n  parameters\n","tags":["Level-6"],"fileTypesAndContributionMap":{"txt":{"insertions":3,"deletions":0},"java":{"insertions":41,"deletions":4}}},{"hash":"4e3bae1edf26c1897c95b9f14560ba62c3028afd","isMergeCommit":false,"messageTitle":"Changed command parsing to use enums","messageBody":"","tags":["A-Enums"],"fileTypesAndContributionMap":{"java":{"insertions":37,"deletions":21}}}]},{"date":"2024-01-29","commitResults":[{"hash":"8434a92ab5407f50db35d22415ce88a46756fbe9","isMergeCommit":false,"messageTitle":"feat: Save and load tasks from file","messageBody":"","fileTypesAndContributionMap":{"java":{"insertions":174,"deletions":10}}},{"hash":"5242cf2a05c6dca2c2b64c09ab49e60d10cc267a","isMergeCommit":true,"messageTitle":"Merge branch \u0027branch-Level-7\u0027","messageBody":"","tags":["Level-7"],"fileTypesAndContributionMap":{}}]},{"date":"2024-01-30","commitResults":[{"hash":"e827e99b773e0ace611eed88bd784b290b2c38fc","isMergeCommit":false,"messageTitle":"feat: Parse datetime for deadline and event tasks","messageBody":"","fileTypesAndContributionMap":{"txt":{"insertions":3,"deletions":2},"java":{"insertions":56,"deletions":19},"sh":{"insertions":6,"deletions":0}}},{"hash":"8b2d2dc65e61580731095ae768d5a56810ac4d71","isMergeCommit":true,"messageTitle":"Merge branch \u0027branch-Level-8\u0027","messageBody":"","tags":["Level-8"],"fileTypesAndContributionMap":{}},{"hash":"ef42ea5cf92bfc2b13820247f36cc8a76bd3b045","isMergeCommit":false,"messageTitle":"Refactor codebase to adhere OOP principles","messageBody":"Blu.java now creates new instance of Blu\n\nAbstract each command to its respective Command class\n\nInput and Output handling now performed only in UI.java\n\nCreate StorageException.java to handle exceptions during\ntask storage operations\n","fileTypesAndContributionMap":{"java":{"insertions":659,"deletions":331}}},{"hash":"2271bf650d00308336abf01976a1bac0c4c2ef7c","isMergeCommit":true,"messageTitle":"Merge branch \u0027A-MoreOOP\u0027","messageBody":"","tags":["A-MoreOOP"],"fileTypesAndContributionMap":{}}]},{"date":"2024-01-31","commitResults":[{"hash":"67db8d2a75b5f6b57c6947a112111c7578fe72b2","isMergeCommit":false,"messageTitle":"Divide classes into respective packages","messageBody":"","fileTypesAndContributionMap":{"java":{"insertions":121,"deletions":113},"sh":{"insertions":1,"deletions":1}}},{"hash":"3d449bdfb1f728222ab158354900626d973361f8","isMergeCommit":true,"messageTitle":"Merge branch \u0027A-Packages\u0027","messageBody":"","fileTypesAndContributionMap":{}},{"hash":"17dff1bbe6d5b73b49123ba36459297103540235","isMergeCommit":false,"messageTitle":"Rename package to match coding standard","messageBody":"","tags":["A-Packages"],"fileTypesAndContributionMap":{"java":{"insertions":114,"deletions":114}}},{"hash":"84707f1885eb6c3aeebcd4f5040704b4db0622b2","isMergeCommit":true,"messageTitle":"Merge branch \u0027add-gradle-support\u0027","messageBody":"","fileTypesAndContributionMap":{}},{"hash":"e63dc3c638e392b7d62b97ea48db4223fb31f869","isMergeCommit":false,"messageTitle":"Add gradle support","messageBody":"","tags":["A-Gradle"],"fileTypesAndContributionMap":{"gradle":{"insertions":2,"deletions":2}}},{"hash":"2d77362afca28f9e5280c7c5bc94b7102992f5c2","isMergeCommit":false,"messageTitle":"Move error handling to respective files","messageBody":"Previously storage and tasklist exceptions in each command\nwere handled in each Command subclass.\n\nStorage and tasklist exceptions are now handled in their\nrespective .java file\n\nFix bug in UnmarkCommand.java where unmark command\nwas not correctly unmarking the task given\n\nFix bug in InputParser.java where switch statement\nwas not returning DeleteCommand class\n","fileTypesAndContributionMap":{"java":{"insertions":143,"deletions":127}}},{"hash":"b0aa4192ca58e0bed8bae9dfa5f4483e7f0cbb3f","isMergeCommit":false,"messageTitle":"Add junit tests","messageBody":"Add J-Unit tests for TaskDecoder.java and TaskList.java\n\nFixed a bug in TaskDecoder where \"\u003d\u003d\" operator was used instead\nof \".equals()\" for comparing strings\n","fileTypesAndContributionMap":{"java":{"insertions":178,"deletions":6}}},{"hash":"77eee4ec293b9333e61d3d374ef5ee6b46867908","isMergeCommit":true,"messageTitle":"Merge branch \u0027A-JUnit\u0027","messageBody":"","tags":["A-Jar","A-JUnit"],"fileTypesAndContributionMap":{}}]},{"date":"2024-02-01","commitResults":[{"hash":"131a5ac2eef0a9e7ae633c5c603daaec9a2eb82e","isMergeCommit":false,"messageTitle":"Add javadocs","messageBody":"","fileTypesAndContributionMap":{"java":{"insertions":378,"deletions":23}}},{"hash":"bf0a9fdb1e4f18df819fc636dcbd65ae747d0b0a","isMergeCommit":true,"messageTitle":"Merge branch \u0027A-JavaDoc\u0027","messageBody":"","tags":["A-JavaDoc"],"fileTypesAndContributionMap":{}},{"hash":"839cce12378176b7ffc9172b83c147e21eabff35","isMergeCommit":false,"messageTitle":"Refactor code to meet style guide","messageBody":"","fileTypesAndContributionMap":{"java":{"insertions":117,"deletions":53}}},{"hash":"0d6c7c3f720b26fc99c1d5f1f203fda67fbcd1b5","isMergeCommit":true,"messageTitle":"Merge branch \u0027A-CodingStandard\u0027","messageBody":"","tags":["A-CodingStandard"],"fileTypesAndContributionMap":{}},{"hash":"eaada7da50b3f8c528413264b1a0bc9a67feeddd","isMergeCommit":false,"messageTitle":"Add find command","messageBody":"","fileTypesAndContributionMap":{"java":{"insertions":87,"deletions":0}}},{"hash":"8ac7621a7fe23169eb9f81736d43426a01df8a0a","isMergeCommit":true,"messageTitle":"Merge branch \u0027Level-9\u0027","messageBody":"","tags":["Level-9"],"fileTypesAndContributionMap":{}}]},{"date":"2024-02-06","commitResults":[{"hash":"1f5f7a9f7ba3b99e40d7e63438723590ecdc4c34","isMergeCommit":false,"messageTitle":"Refactor code to pass checkstyle","messageBody":"Also added JavaDocs for:\n- Event.java\n- Todo.java\n- Deadline.java\n- Blu.java\n","fileTypesAndContributionMap":{"java":{"insertions":103,"deletions":53}}},{"hash":"b728c86b91a7862e22c0c61ec3d06532c356cf98","isMergeCommit":true,"messageTitle":"Merge branch \u0027A-CheckStyle\u0027","messageBody":"","fileTypesAndContributionMap":{}}]}]},"authorFileTypeContributionMap":{"Javiery3889":{"java":1719,"md":0,"fxml":0,"sh":8,"bat":0,"gradle":3,"txt":30}},"authorContributionVariance":{"Javiery3889":105111.78},"authorDisplayNameMap":{"Javiery3889":"CS2103-F15-1 YONG..VIER"}}
