{"authorDailyContributionsMap":{"Alteqa":[{"date":"2024-01-24","commitResults":[{"hash":"4345d52f0adf16412ea781ae59c7f459346cd268","isMergeCommit":false,"messageTitle":"Changed bot name and programme","messageBody":"","tags":["Level-0"],"fileTypesAndContributionMap":{"java":{"insertions":9,"deletions":10}}},{"hash":"6144ec0d9e9c45481830f17ed9e6cf63bb49cd4a","isMergeCommit":false,"messageTitle":"added echo","messageBody":"","tags":["Level-1"],"fileTypesAndContributionMap":{"java":{"insertions":12,"deletions":1}}}]},{"date":"2024-01-25","commitResults":[{"hash":"f2ebe6063fadb66ecb5c99efd897dcbd38784fe3","isMergeCommit":false,"messageTitle":"added add, list","messageBody":"","tags":["Level-2"],"fileTypesAndContributionMap":{"java":{"insertions":12,"deletions":1}}},{"hash":"8306dadcb2c824a4d0d3f8e1edf26d33014f1d55","isMergeCommit":false,"messageTitle":"mark and unmark done","messageBody":"","tags":["Level-3"],"fileTypesAndContributionMap":{"java":{"insertions":21,"deletions":1}}},{"hash":"0ab8941c5b30e682bc6f1e4e2cee21ac84e90f9e","isMergeCommit":false,"messageTitle":"added events with bugs and improved the checking answering system","messageBody":"","fileTypesAndContributionMap":{"java":{"insertions":41,"deletions":10}}},{"hash":"24f4be56101baaac3a354e61b3933278ceedb3dc","isMergeCommit":false,"messageTitle":"added todo, deadline, event","messageBody":"","fileTypesAndContributionMap":{"java":{"insertions":16,"deletions":5}}}]},{"date":"2024-01-27","commitResults":[{"hash":"56f8f73aa0234cb1b3a6f633d2b2d935c8d55734","isMergeCommit":false,"messageTitle":"added automation and fixed bugs","messageBody":"","tags":["Level-4"],"fileTypesAndContributionMap":{"txt":{"insertions":7,"deletions":0},"java":{"insertions":1,"deletions":1},"bat":{"insertions":1,"deletions":1},"sh":{"insertions":1,"deletions":1}}},{"hash":"a00c981bbc9d829ba3dca779e9ead8ecbb0e44e4","isMergeCommit":false,"messageTitle":"updated automation","messageBody":"","fileTypesAndContributionMap":{"txt":{"insertions":3,"deletions":2}}},{"hash":"f0c8960fe33f4786686119fa8d6d151d1689cd76","isMergeCommit":false,"messageTitle":"added some exceptions","messageBody":"","tags":["A-TextUITesting"],"fileTypesAndContributionMap":{"java":{"insertions":31,"deletions":15}}}]},{"date":"2024-01-29","commitResults":[{"hash":"318876ff53ff4ff9049b0d5e32e5fadeb6dc0ed1","isMergeCommit":false,"messageTitle":"added exceptions","messageBody":"","tags":["Level-5","A-Exceptions"],"fileTypesAndContributionMap":{"java":{"insertions":65,"deletions":63}}},{"hash":"4c8ee92450311540e26ecb8f157e265c7323eee8","isMergeCommit":false,"messageTitle":"added delete","messageBody":"","tags":["Level-6","A-Enums"],"fileTypesAndContributionMap":{"java":{"insertions":28,"deletions":9}}}]},{"date":"2024-01-31","commitResults":[{"hash":"e69201fcf929705838692fb46a22974ce6f66532","isMergeCommit":false,"messageTitle":"added update to lists everytime it is modified","messageBody":"","fileTypesAndContributionMap":{"java":{"insertions":136,"deletions":103}}},{"hash":"cf1918c1e1b140960a51dc601071998dc39821ec","isMergeCommit":false,"messageTitle":"save data to txt file","messageBody":"","fileTypesAndContributionMap":{"txt":{"insertions":2,"deletions":0},"java":{"insertions":26,"deletions":27}}},{"hash":"370b4048614555b648157ac6f6c36e56a52f4115","isMergeCommit":false,"messageTitle":"Added recognition of date and time","messageBody":"","fileTypesAndContributionMap":{"txt":{"insertions":3,"deletions":0},"java":{"insertions":34,"deletions":16}}},{"hash":"86a90a619b19d0c426a89fbba9357f880d3be1f1","isMergeCommit":false,"messageTitle":"added storage class","messageBody":"","fileTypesAndContributionMap":{"txt":{"insertions":0,"deletions":5},"java":{"insertions":55,"deletions":25}}}]},{"date":"2024-02-01","commitResults":[{"hash":"c7de62d8e090bd3d603cbf74bc0507c3fcd62ebf","isMergeCommit":false,"messageTitle":"added ui class","messageBody":"","fileTypesAndContributionMap":{"txt":{"insertions":2,"deletions":0},"java":{"insertions":36,"deletions":51}}},{"hash":"6af88cc5afe937c819068855477bf1b8da58c2cc","isMergeCommit":false,"messageTitle":"added parser","messageBody":"","fileTypesAndContributionMap":{"txt":{"insertions":3,"deletions":2},"java":{"insertions":40,"deletions":23}}},{"hash":"0ce5c0d1b84c79651668e46a030fa891514646f7","isMergeCommit":false,"messageTitle":"added tasklist class","messageBody":"","tags":["A-MoreOOP"],"fileTypesAndContributionMap":{"txt":{"insertions":2,"deletions":2},"java":{"insertions":45,"deletions":15}}},{"hash":"081e09054dfa5a9a272b48597714c7b70f289534","isMergeCommit":true,"messageTitle":"Merge remote-tracking branch \u0027gradle_support/add-gradle-support\u0027 into branch-Level-8","messageBody":"","tags":["A-gradle"],"fileTypesAndContributionMap":{}},{"hash":"4c2e0de239093780a9c77b230cc34d374ac3fdb0","isMergeCommit":false,"messageTitle":"packaged all the classes","messageBody":"","tags":["A-Packages"],"fileTypesAndContributionMap":{"txt":{"insertions":3,"deletions":1},"java":{"insertions":249,"deletions":104}}}]},{"date":"2024-02-02","commitResults":[{"hash":"1d547e068c81e34c05253007d43262620ae12e7a","isMergeCommit":false,"messageTitle":"added test classes","messageBody":"","fileTypesAndContributionMap":{"java":{"insertions":59,"deletions":0}}},{"hash":"9e15000ed5d36f875e8e2dabcb3fbf2a53950864","isMergeCommit":true,"messageTitle":"Merge branch \u0027branch-Level-7\u0027","messageBody":"","tags":["Level-7"],"fileTypesAndContributionMap":{}},{"hash":"3c855418613256289551293b1ece23ee06c5f6ea","isMergeCommit":true,"messageTitle":"Merge branch \u0027branch-Level-8\u0027","messageBody":"","tags":["Level-8"],"fileTypesAndContributionMap":{}},{"hash":"9bc48faa7b479ac8ca549ab53a75abad6cb9a213","isMergeCommit":false,"messageTitle":"added tasklist and storage tests","messageBody":"","fileTypesAndContributionMap":{"txt":{"insertions":3,"deletions":5},"java":{"insertions":45,"deletions":35}}},{"hash":"e76749fd26a367a07925ffe4b3b1bd856b350577","isMergeCommit":false,"messageTitle":"test classes added","messageBody":"","tags":["A-Jar","A-JUnit"],"fileTypesAndContributionMap":{"java":{"insertions":10,"deletions":8}}}]},{"date":"2024-02-03","commitResults":[{"hash":"86ba25b24ce74949d39e36a192972e2e8669be22","isMergeCommit":false,"messageTitle":"added javadocs for 4 out of 7 of the classes","messageBody":"","tags":["A-JavaDoc"],"fileTypesAndContributionMap":{"java":{"insertions":53,"deletions":108}}},{"hash":"eb91e9a150d2dfd696e523847363947ed70b4dc8","isMergeCommit":false,"messageTitle":"made sure that the code follow conventions","messageBody":"","tags":["A-CodingStandard"],"fileTypesAndContributionMap":{"java":{"insertions":174,"deletions":273}}},{"hash":"4510a7b3f90d31f581de8c34ab3b2ee87147c244","isMergeCommit":false,"messageTitle":"added search feature for words","messageBody":"","tags":["Level-9"],"fileTypesAndContributionMap":{"txt":{"insertions":6,"deletions":3},"java":{"insertions":57,"deletions":116}}},{"hash":"bf86652d4bf4ab32cf232a14fa8945063157259f","isMergeCommit":true,"messageTitle":"Merge branch \u0027branch-A-CodingStandard\u0027","messageBody":"# Conflicts:\n#\tsrc/main/java/hirwan/Parser.java\n#\tsrc/main/java/hirwan/hirwan.java\n","fileTypesAndContributionMap":{}},{"hash":"d499ada218502f3daa5cc347827f21cd8918fae5","isMergeCommit":false,"messageTitle":"fixed conflicts","messageBody":"","fileTypesAndContributionMap":{"java":{"insertions":0,"deletions":6}}},{"hash":"61d71b390172be3eda4e4e75142caeafb8487118","isMergeCommit":true,"messageTitle":"Merge branch \u0027branch-A-JavaDoc\u0027","messageBody":"# Conflicts:\n#\tsrc/main/java/hirwan/Parser.java\n#\tsrc/main/java/hirwan/hirwan.java\n","fileTypesAndContributionMap":{}},{"hash":"426a0e42bfd37661abae0b95b612a24a8613586b","isMergeCommit":false,"messageTitle":"fixed conflicts","messageBody":"","fileTypesAndContributionMap":{"java":{"insertions":17,"deletions":176}}},{"hash":"2075b7a2cf800f6cdf21cf61968b200081072bdc","isMergeCommit":false,"messageTitle":"resolve some seach conflicts","messageBody":"","fileTypesAndContributionMap":{"java":{"insertions":35,"deletions":0}}},{"hash":"401aa6d9fc9734dc9cbd754b15a443892ec6dec3","isMergeCommit":false,"messageTitle":"resolved all conflicts","messageBody":"","fileTypesAndContributionMap":{"txt":{"insertions":0,"deletions":1},"java":{"insertions":3,"deletions":0}}}]},{"date":"2024-02-06","commitResults":[{"hash":"05ab81110fcc6c3f4f424b1ce833a1504c1a0244","isMergeCommit":false,"messageTitle":"adding GUI partially","messageBody":"","fileTypesAndContributionMap":{"gradle":{"insertions":18,"deletions":0},"java":{"insertions":119,"deletions":1}}},{"hash":"0890020e934cafeea9272d5eab1cf0a7bd476fc4","isMergeCommit":false,"messageTitle":"somemore gui additions with fxml","messageBody":"","fileTypesAndContributionMap":{"fxml":{"insertions":35,"deletions":0},"java":{"insertions":141,"deletions":1}}},{"hash":"0ced0792b31caa345b8fb112e7a4188fb4f9ab68","isMergeCommit":false,"messageTitle":"added GUI","messageBody":"","tags":["Level-10"],"fileTypesAndContributionMap":{"fxml":{"insertions":1,"deletions":1},"java":{"insertions":75,"deletions":132}}}]},{"date":"2024-02-08","commitResults":[{"hash":"511d986bba0dd0f3775c1fbf1b7f50a3024fced6","isMergeCommit":false,"messageTitle":"working on GUI","messageBody":"","fileTypesAndContributionMap":{"txt":{"insertions":0,"deletions":5},"java":{"insertions":132,"deletions":20}}}]},{"date":"2024-02-14","commitResults":[{"hash":"76bf442eb29f8723ad2e1de3648f0eeafccb477d","isMergeCommit":false,"messageTitle":"added gui","messageBody":"","fileTypesAndContributionMap":{"txt":{"insertions":3,"deletions":0},"java":{"insertions":29,"deletions":23}}}]},{"date":"2024-02-15","commitResults":[{"hash":"db8707aa7a87c5816a1c7099fae0ca88ce328b4b","isMergeCommit":false,"messageTitle":"There is a lack of assert statements to detect bugs.","messageBody":"This makes the code more prone to major preventable errors that are caused by minor issues.\n\nAdded several assert statements to ensure that at certain points the code is behaving as desired.\n\nSince assert statements require minimal resources to run and implement, they can be used plentifully.\n","tags":["A-Assertions"],"fileTypesAndContributionMap":{"txt":{"insertions":1,"deletions":0},"java":{"insertions":11,"deletions":0}}},{"hash":"95b9f519a83b5053611874421d7e8f1a0da38f4b","isMergeCommit":true,"messageTitle":"Merge pull request #1 from Alteqa/branch-A-Assertions","messageBody":"There is a lack of assert statements to detect bugs.","fileTypesAndContributionMap":{}}]},{"date":"2024-02-16","commitResults":[{"hash":"51c8872ad294ad817e7606a5ca2be0288b62cc7e","isMergeCommit":false,"messageTitle":"created task class and classes for each task to abstract away similar functionality","messageBody":"","fileTypesAndContributionMap":{"txt":{"insertions":2,"deletions":3},"java":{"insertions":151,"deletions":165}}}]},{"date":"2024-02-17","commitResults":[{"hash":"e163cede691ad2bf3d696c7175d0f10ea10ad7e7","isMergeCommit":false,"messageTitle":"Code quality is improved from previous issues according to coding quality standard specified in the textbook","messageBody":"split the commands by classes due to the uneccesary length of the main method\n\nthis causes difficulty reading code and debugging\n\nextracting the different commands into different classes enables us to properly look for the the methods that have errors or debug issues in modifications easily\n","tags":["A-FullCommitMessage","A-CodeQuality"],"fileTypesAndContributionMap":{"txt":{"insertions":2,"deletions":3},"java":{"insertions":198,"deletions":90}}},{"hash":"392b6ef9757025b6dc8c2aed19db92791bca585c","isMergeCommit":false,"messageTitle":"todo with errors","messageBody":"","fileTypesAndContributionMap":{"txt":{"insertions":1,"deletions":2},"java":{"insertions":43,"deletions":2}}},{"hash":"edb7b25d0df1ae232c6b7e9bee6c6f5d6d698286","isMergeCommit":false,"messageTitle":"update","messageBody":"","fileTypesAndContributionMap":{"txt":{"insertions":3,"deletions":0},"java":{"insertions":8,"deletions":8}}}]},{"date":"2024-02-18","commitResults":[{"hash":"53c9e5175799ed4ff867c6cb8a708bdae5697bf9","isMergeCommit":false,"messageTitle":"fixed event task","messageBody":"","fileTypesAndContributionMap":{"txt":{"insertions":2,"deletions":0},"java":{"insertions":1,"deletions":0}}}]},{"date":"2024-02-19","commitResults":[{"hash":"eee41b881cde6533bc32f9d61e5303003c4b3822","isMergeCommit":true,"messageTitle":"Added period tasks and attempted to add undo","messageBody":"","fileTypesAndContributionMap":{}},{"hash":"44eda5f727e4c19c17fd9fb8fdbe1a50cef152b6","isMergeCommit":false,"messageTitle":"finalised period tasks","messageBody":"","tags":["BCD-Extension","B-DoWithinPeriodTasks"],"fileTypesAndContributionMap":{"txt":{"insertions":3,"deletions":4},"java":{"insertions":74,"deletions":4}}}]},{"date":"2024-02-20","commitResults":[{"hash":"84c03e2ec855825f3d27e8a9018d9f3e60f95a01","isMergeCommit":false,"messageTitle":"Update README.md","messageBody":"","fileTypesAndContributionMap":{"md":{"insertions":25,"deletions":25}}},{"hash":"e47c250524e7570414c2f55478a4ce5ef4eb4287","isMergeCommit":false,"messageTitle":"Update README.md","messageBody":"","fileTypesAndContributionMap":{"md":{"insertions":2,"deletions":0}}},{"hash":"c0c06fb4347fb59ed336431b742d47793c3ab41c","isMergeCommit":false,"messageTitle":"Update README.md","messageBody":"","fileTypesAndContributionMap":{"md":{"insertions":42,"deletions":2}}}]},{"date":"2024-02-21","commitResults":[{"hash":"758721bf4193f01d37a9762189088c61190e58d9","isMergeCommit":false,"messageTitle":"updated gui","messageBody":"","fileTypesAndContributionMap":{"txt":{"insertions":5,"deletions":1},"fxml":{"insertions":14,"deletions":6},"java":{"insertions":16,"deletions":2}}},{"hash":"96066da1bcf7113ca773891235bb88202c7ac8b0","isMergeCommit":true,"messageTitle":"Merge remote-tracking branch \u0027origin/master\u0027","messageBody":"","fileTypesAndContributionMap":{}},{"hash":"3be6793ccf24481ef53b73a65959d8c74844dc55","isMergeCommit":false,"messageTitle":"Update README.md","messageBody":"","fileTypesAndContributionMap":{"md":{"insertions":11,"deletions":23}}},{"hash":"f22ce38e84f4a267e6e083c8c153aa23f88b4171","isMergeCommit":false,"messageTitle":"Update README.md","messageBody":"","fileTypesAndContributionMap":{"md":{"insertions":2,"deletions":2}}},{"hash":"ec3b44b5142fa2a008310499e4db4e0e4aecc522","isMergeCommit":false,"messageTitle":"changed picture","messageBody":"","fileTypesAndContributionMap":{"java":{"insertions":1,"deletions":1}}},{"hash":"a6b6a556b1d702b90c243ce9987847f19b317fad","isMergeCommit":true,"messageTitle":"Merge remote-tracking branch \u0027origin/master\u0027","messageBody":"","fileTypesAndContributionMap":{}},{"hash":"60f5481db17a7eecb748b8d0d9175e13545547db","isMergeCommit":false,"messageTitle":"added javadocs","messageBody":"","tags":["A-UserGuide"],"fileTypesAndContributionMap":{"java":{"insertions":212,"deletions":73}}}]},{"date":"2024-02-26","commitResults":[{"hash":"5bcc549c74b96b32d95e134d69df110ede9596a3","isMergeCommit":false,"messageTitle":"ui png","messageBody":"","fileTypesAndContributionMap":{"txt":{"insertions":1,"deletions":0},"java":{"insertions":3,"deletions":3}}},{"hash":"f002df223fd1ca567d26c6d831db7d2cb9d1fedc","isMergeCommit":false,"messageTitle":"Update README.md","messageBody":"","fileTypesAndContributionMap":{"md":{"insertions":2,"deletions":2}}},{"hash":"82347051e89992313622d2b92f90658cfc063c13","isMergeCommit":false,"messageTitle":"Update README.md","messageBody":"","fileTypesAndContributionMap":{"md":{"insertions":2,"deletions":2}}},{"hash":"0862d771ba30e8fd7dd11ee16d61f4f1f75d743c","isMergeCommit":false,"messageTitle":"Update README.md","messageBody":"","fileTypesAndContributionMap":{"md":{"insertions":2,"deletions":2}}},{"hash":"cc95caeb75ad4034bb132090148833e4ea97cfc1","isMergeCommit":false,"messageTitle":"fixed path","messageBody":"","fileTypesAndContributionMap":{"gradle":{"insertions":3,"deletions":3},"txt":{"insertions":3,"deletions":8},"java":{"insertions":4,"deletions":13}}},{"hash":"671297b82bd8b4b0ff09fb960855503848ceae47","isMergeCommit":false,"messageTitle":"fixed bye command","messageBody":"","fileTypesAndContributionMap":{"txt":{"insertions":3,"deletions":3},"java":{"insertions":14,"deletions":0}}},{"hash":"44eb4d301fb40c2211cc41a9e758d6dfa0e3ab40","isMergeCommit":true,"messageTitle":"Merge remote-tracking branch \u0027origin/master\u0027","messageBody":"","fileTypesAndContributionMap":{}},{"hash":"3e9f59ee1322827911d3dfbc8bb4c8e1dd913582","isMergeCommit":false,"messageTitle":"fixed jar file","messageBody":"","tags":["A-Release"],"fileTypesAndContributionMap":{"gradle":{"insertions":2,"deletions":2},"txt":{"insertions":1,"deletions":1},"java":{"insertions":2,"deletions":2}}}]},{"date":"2024-02-27","commitResults":[{"hash":"c5a4ce488fdc5bdca66f0d677992b726d05d20e9","isMergeCommit":false,"messageTitle":"delete error","messageBody":"","fileTypesAndContributionMap":{"java":{"insertions":0,"deletions":1}}}]},{"date":"2024-03-01","commitResults":[{"hash":"b8654ed39281ab048129d4901160aef900a76fd7","isMergeCommit":false,"messageTitle":"Modify the Hirwan object name to hirwan instead of duke","messageBody":"","fileTypesAndContributionMap":{"java":{"insertions":2,"deletions":2}}},{"hash":"09283991ef452077eece0a73417ed85481f2f8a5","isMergeCommit":false,"messageTitle":"Remove sendButton variable that is never referenced","messageBody":"","fileTypesAndContributionMap":{"java":{"insertions":0,"deletions":2}}},{"hash":"2afe34fe11305f1dbaa767f0a20a2d54e8da07cb","isMergeCommit":false,"messageTitle":"Remove undo command","messageBody":"","fileTypesAndContributionMap":{"java":{"insertions":0,"deletions":3}}},{"hash":"faaa6ec65d04f67ad32c2cd34a50adcdd2f950d4","isMergeCommit":false,"messageTitle":"Improve javadocs for Ui method","messageBody":"","fileTypesAndContributionMap":{"java":{"insertions":1,"deletions":1}}},{"hash":"8807988630e911d4c7845e3ca2a893688b9aa483","isMergeCommit":false,"messageTitle":"Specify an UnmarkCommand method javadocs","messageBody":"","fileTypesAndContributionMap":{"java":{"insertions":2,"deletions":1}}}]}]},"authorFileTypeContributionMap":{"Alteqa":{"java":1140,"md":44,"fxml":43,"sh":1,"bat":1,"gradle":20,"txt":11}},"authorContributionVariance":{"Alteqa":42794.85},"authorDisplayNameMap":{"Alteqa":"CS2103T-T15-1 EUGE.. JIN"}}
