{"authorDailyContributionsMap":{"sarjinius":[{"date":"2024-01-26","commitResults":[{"hash":"4fda1944399f4f3e2b6f7873b32ff99cc92a38f7","isMergeCommit":false,"messageTitle":"Greets the user","messageBody":"","fileTypesAndContributionMap":{"java":{"insertions":1,"deletions":6}}},{"hash":"30db664515c471c00d6b2cac5d0c553d161b3f27","isMergeCommit":false,"messageTitle":"Exits with goodbye message","messageBody":"","fileTypesAndContributionMap":{"java":{"insertions":2,"deletions":0}}},{"hash":"5b2458d940f43256c508f8991bde50e979ef224f","isMergeCommit":false,"messageTitle":"Adds horizontal lines","messageBody":"","tags":["Level-0"],"fileTypesAndContributionMap":{"java":{"insertions":32,"deletions":3}}},{"hash":"a4fbab2477bc95707d2dd8d1a207f55520982949","isMergeCommit":false,"messageTitle":"Adds echo method","messageBody":"","fileTypesAndContributionMap":{"java":{"insertions":9,"deletions":0}}},{"hash":"dff389fce2e3c49ce1428ca304d112196b452eab","isMergeCommit":false,"messageTitle":"Echoes commands until bye is input.","messageBody":"","fileTypesAndContributionMap":{"java":{"insertions":16,"deletions":1}}},{"hash":"7f846536441c21bd6916ee24da7f3a93e0683a56","isMergeCommit":false,"messageTitle":"Adds indentations","messageBody":"","tags":["Level-1"],"fileTypesAndContributionMap":{"java":{"insertions":9,"deletions":4}}},{"hash":"bdb8f271f7b844a1f5cd621a9738e227be73e685","isMergeCommit":false,"messageTitle":"Renames command to task, creates a task list, modifies echo method to add task to list","messageBody":"","fileTypesAndContributionMap":{"java":{"insertions":13,"deletions":8}}}]},{"date":"2024-01-27","commitResults":[{"hash":"1f1e2b19673d6877080aea1f44464f641e14f62c","isMergeCommit":false,"messageTitle":"Adds method that prints task list","messageBody":"","tags":["Level-2"],"fileTypesAndContributionMap":{"java":{"insertions":18,"deletions":2}}},{"hash":"c3c9722c421cb7dfa804b32b38fd7982d254aaaf","isMergeCommit":false,"messageTitle":"Creates a new Task class","messageBody":"","fileTypesAndContributionMap":{"java":{"insertions":14,"deletions":0}}},{"hash":"7458497be4e2fdbd6d44c813fd9d5bef5185ca82","isMergeCommit":false,"messageTitle":"Adds mark, unmark, and toString methods to Task class","messageBody":"","fileTypesAndContributionMap":{"java":{"insertions":15,"deletions":2}}}]},{"date":"2024-01-28","commitResults":[{"hash":"1bfce7124f251f7b99a8b849d0f437fa7ae6afca","isMergeCommit":false,"messageTitle":"Adds isCommandBye, isCommandList, and getTask methods.","messageBody":"","fileTypesAndContributionMap":{"java":{"insertions":28,"deletions":10}}},{"hash":"1d5af977e818c7e43425bca9dbba30932f64fc7d","isMergeCommit":false,"messageTitle":"Adds isCommandMark, isCommandUnmark, and getIndex methods.","messageBody":"","fileTypesAndContributionMap":{"java":{"insertions":28,"deletions":0}}},{"hash":"3057eee09497f829e13af9c13c52b7a4a83b042e","isMergeCommit":false,"messageTitle":"Adds markTaskAsDone and markTaskAsNotDone methods","messageBody":"","tags":["Level-3"],"fileTypesAndContributionMap":{"java":{"insertions":30,"deletions":6}}}]},{"date":"2024-01-29","commitResults":[{"hash":"dbd50a29cd7d87496365d6a94dd1e8fec24852e4","isMergeCommit":false,"messageTitle":"Adds classes Todo, Deadline and Event that extend the Task class.","messageBody":"","fileTypesAndContributionMap":{"java":{"insertions":41,"deletions":0}}},{"hash":"b565b9806f156db8b4fc44db8ba17288e3f3394b","isMergeCommit":false,"messageTitle":"Adds isCommandTodo, isCommandDeadline, isCommandEvent, and numTasks methods.","messageBody":"","fileTypesAndContributionMap":{"java":{"insertions":25,"deletions":2}}},{"hash":"0178d19836da4a48efdd2ae1a5b213579868cda7","isMergeCommit":false,"messageTitle":"Adds methods that gets the fields to be used in the Todo, Deadline, and Event constructors.","messageBody":"","fileTypesAndContributionMap":{"java":{"insertions":38,"deletions":1}}},{"hash":"08d5140d7a52a486984375f56cd408e43d47d2a9","isMergeCommit":false,"messageTitle":"Replaces addTask method with addTodo, addDeadline, addEvent methods, modifies control flow","messageBody":"","tags":["Level-4"],"fileTypesAndContributionMap":{"java":{"insertions":48,"deletions":13}}}]},{"date":"2024-01-31","commitResults":[{"hash":"c70784b6c48c463346d99e76ad8cfe3ceccc3c2d","isMergeCommit":false,"messageTitle":"Updates input and expected scripts for automated testing","messageBody":"","tags":["A-TextUiTesting"],"fileTypesAndContributionMap":{"txt":{"insertions":14,"deletions":0}}},{"hash":"8e8f791098ee98c7340a0dab9427a4ec48b45658","isMergeCommit":false,"messageTitle":"Handles empty description errors and unknown command errors","messageBody":"","tags":["Level-5"],"fileTypesAndContributionMap":{"java":{"insertions":68,"deletions":17}}}]},{"date":"2024-02-01","commitResults":[{"hash":"2d54ec157dc043572d0463304a6eaa03afd25305","isMergeCommit":false,"messageTitle":"Adds support for deleting tasks from the list.","messageBody":"","tags":["Level-6"],"fileTypesAndContributionMap":{"java":{"insertions":24,"deletions":5}}}]},{"date":"2024-02-12","commitResults":[{"hash":"da1e33cd13580a97dc6436fc36386c431e2acc17","isMergeCommit":false,"messageTitle":"Uses Enums for Command Types and moves different classes to new files","messageBody":"","fileTypesAndContributionMap":{"java":{"insertions":52,"deletions":0}}},{"hash":"f774215764d7093cfa5abf8a24c9f7122ba3ddde","isMergeCommit":false,"messageTitle":"Moves methods from Virtue class to other classes","messageBody":"","tags":["A-Enums"],"fileTypesAndContributionMap":{"java":{"insertions":361,"deletions":354}}},{"hash":"8ef4a63f2adc01244485389f05db40aa7db8bb81","isMergeCommit":false,"messageTitle":"Initializes task list from hard drive when chatbot starts up.","messageBody":"","fileTypesAndContributionMap":{"txt":{"insertions":4,"deletions":0},"java":{"insertions":64,"deletions":2}}},{"hash":"5ff1d0b2d2143ba9fc75f1d2ae904eed9eac3c60","isMergeCommit":false,"messageTitle":"Writes task list into file after list is modified.","messageBody":"","fileTypesAndContributionMap":{"txt":{"insertions":3,"deletions":4},"java":{"insertions":59,"deletions":3}}},{"hash":"b012664171b3ecc9b0244aa42c377bc325025981","isMergeCommit":true,"messageTitle":"Merge branch \u0027branch-Level-7\u0027","messageBody":"* branch-Level-7:\n  Writes task list into file after list is modified.\n  Initializes task list from hard drive when chatbot starts up.\n","tags":["Level-7"],"fileTypesAndContributionMap":{}}]},{"date":"2024-02-14","commitResults":[{"hash":"4e82e165b8f4f307a2214a713c69946d1889aa28","isMergeCommit":false,"messageTitle":"Adds ability for chatbot to understand dates and times.","messageBody":"","fileTypesAndContributionMap":{"txt":{"insertions":3,"deletions":3},"java":{"insertions":107,"deletions":28}}},{"hash":"c03eaf839b5ef7aa8f03e01a7289626da030d6f1","isMergeCommit":true,"messageTitle":"Merge branch \u0027branch-Level-8\u0027","messageBody":"* branch-Level-8:\n  Adds ability for chatbot to understand dates and times.\n","tags":["Level-8"],"fileTypesAndContributionMap":{}},{"hash":"e89cfd24ad2caa9a652e2ad507741db73329c0da","isMergeCommit":false,"messageTitle":"Code refactored to add more OOP","messageBody":"","tags":["A-Packages","A-MoreOOP"],"fileTypesAndContributionMap":{"txt":{"insertions":1,"deletions":1},"java":{"insertions":249,"deletions":211}}},{"hash":"85c0262869495f130bb925e0aa281be79a207799","isMergeCommit":true,"messageTitle":"Merge branch \u0027add-gradle-support\u0027","messageBody":"* add-gradle-support:\n  Bump gradle and lib version\n  Add Gradle support\n  docs/README.md: Tweak document template\n","fileTypesAndContributionMap":{}},{"hash":"a36cee00236f514b260ec221eda6a19500cc5f68","isMergeCommit":false,"messageTitle":"Can run the chatbot using Gradle","messageBody":"","tags":["A-Gradle"],"fileTypesAndContributionMap":{"gradle":{"insertions":4,"deletions":1},"java":{"insertions":0,"deletions":0}}},{"hash":"9169b79ef3fa3528c404198a4603f2bce4fca62d","isMergeCommit":false,"messageTitle":"TodoTest.java cannot import Todo class","messageBody":"","fileTypesAndContributionMap":{"gradle":{"insertions":2,"deletions":0},"txt":{"insertions":2,"deletions":1},"java":{"insertions":10,"deletions":0}}},{"hash":"beebe61483914bed607c58cf8e6e5d19039448e9","isMergeCommit":false,"messageTitle":"Added testing ability for Todo and VirtueTaskList classes.","messageBody":"","tags":["A-JUnit"],"fileTypesAndContributionMap":{"gradle":{"insertions":0,"deletions":5},"java":{"insertions":54,"deletions":2}}}]}]},"authorFileTypeContributionMap":{"sarjinius":{"java":743,"md":0,"fxml":0,"sh":0,"bat":0,"gradle":1,"txt":18}},"authorContributionVariance":{"sarjinius":43751.418},"authorDisplayNameMap":{"sarjinius":"CS2103T-W08-3 SARJ..BONA"}}
