{"authorDailyContributionsMap":{"shaunlxw":[{"date":"2024-01-26","commitResults":[{"hash":"7b02c11997f3ad049d5dba6a6d03dc1226f533cd","isMergeCommit":false,"messageTitle":"Rename, Greet, Exit","messageBody":"","tags":["Level-0"],"fileTypesAndContributionMap":{"java":{"insertions":12,"deletions":10},"bat":{"insertions":1,"deletions":1}}},{"hash":"a2dd216a3880e99cdbe8f39f5c50e60905b0d7ca","isMergeCommit":false,"messageTitle":"Echo","messageBody":"","tags":["Level-1"],"fileTypesAndContributionMap":{"java":{"insertions":20,"deletions":5}}},{"hash":"9d9bfb2f30f6279bef14bb09c85a9fb2f19337b3","isMergeCommit":false,"messageTitle":"Add, List","messageBody":"","tags":["Level-2"],"fileTypesAndContributionMap":{"java":{"insertions":30,"deletions":1}}},{"hash":"c368915b6279817cecd08bbc292b5f8a276aa3e4","isMergeCommit":false,"messageTitle":"Mark as Done","messageBody":"- Added Task Class\n- Changed Todo from List of String into List of Task\n- Parse the input string from std input to read action and index separately\n","tags":["Level-3"],"fileTypesAndContributionMap":{"java":{"insertions":63,"deletions":10}}},{"hash":"deaf0b74858836d33ee0f6f89129049c8666003a","isMergeCommit":false,"messageTitle":"ToDos, Events, Deadlines","messageBody":"- Made Task class abstract\n- Added Todo, Deadline, and Event class as subclasses of Task\n","tags":["Level-4"],"fileTypesAndContributionMap":{"java":{"insertions":111,"deletions":39}}},{"hash":"07b5760b20bea782f3df6480e7eb0fe470c69591","isMergeCommit":false,"messageTitle":"Automated Text UI Testing","messageBody":"- Added test inputs using example from Level-4\n","tags":["A-TextUiTesting"],"fileTypesAndContributionMap":{"txt":{"insertions":12,"deletions":0},"java":{"insertions":0,"deletions":1},"sh":{"insertions":1,"deletions":1}}}]},{"date":"2024-01-27","commitResults":[{"hash":"65ccc69b4acd5a5daba4bfac84b08a4f34887e57","isMergeCommit":false,"messageTitle":"Handle Errors","messageBody":"- Added ParameterException class\n- Packaged each command into methods that throws exceptions\n- Shows different text on \"list\" command with empty list\n","tags":["Level-5"],"fileTypesAndContributionMap":{"java":{"insertions":137,"deletions":40}}},{"hash":"3c17589e0a34bd9d8a2af72d2c1b7ba989fe8d04","isMergeCommit":false,"messageTitle":"Delete","messageBody":"- Moved the line from class field to variable in method\n","tags":["Level-6"],"fileTypesAndContributionMap":{"java":{"insertions":25,"deletions":5}}},{"hash":"3f61a250dcbeba85a3252c2d59cfc3f439432a89","isMergeCommit":false,"messageTitle":"Use Enums","messageBody":"-Added Action Enums\n-Added CommandException class\n","tags":["A-Enums"],"fileTypesAndContributionMap":{"java":{"insertions":34,"deletions":15}}}]},{"date":"2024-02-02","commitResults":[{"hash":"38e192ca830eb36e7a2ab8f2a3938c2b201ced4b","isMergeCommit":false,"messageTitle":"feat: load initial TodoList from data file","messageBody":"Changes:\n* add FileManager class\n* change all Task subclasses constructors to support setting isDone\n* overload addTodo, addDeadline and addEvent in TodoList to support creating\nTask with isDone\n* update gitignore for /data\n","fileTypesAndContributionMap":{"java":{"insertions":98,"deletions":12}}},{"hash":"c50ca8ef4fc335bebdfb65780baab66b6d1dff20","isMergeCommit":false,"messageTitle":"feat: save list data after any list changes","messageBody":"Changes:\n* add format data for each subclass of Task\n* add updateData function for FileManager\n","fileTypesAndContributionMap":{"java":{"insertions":46,"deletions":1}}},{"hash":"c7a13f9854477d910cd46912b11e535626dacb6c","isMergeCommit":true,"messageTitle":"Merge branch \u0027branch-Level-7\u0027","messageBody":"","tags":["Level-7"],"fileTypesAndContributionMap":{}},{"hash":"c1eda41af76481095d297e4278b25215de63ef85","isMergeCommit":false,"messageTitle":"Change to use LocalDateTime instead of String for date/time","messageBody":"* include simple exception handling for datetime parsing\n","fileTypesAndContributionMap":{"java":{"insertions":44,"deletions":16}}},{"hash":"89a8ea26216a4374124578359bd0d13ba0f39ed5","isMergeCommit":true,"messageTitle":"Merge branch \u0027branch-Level-8\u0027","messageBody":"","tags":["Level-8"],"fileTypesAndContributionMap":{}}]},{"date":"2024-02-04","commitResults":[{"hash":"d4c1c62e8b374f6f9d5d9c8bdba0d6242b0d4470","isMergeCommit":false,"messageTitle":"Refactor code to extract out related code","messageBody":"* Add command subclasses with abstract class Command and AddTaskCommand\n* Create Parser and Ui classes\n* Rename FileManager to Storage\n* Rename TodoList to TaskList\n","fileTypesAndContributionMap":{"java":{"insertions":301,"deletions":159}}},{"hash":"d2c8288eaba48591eec4c4b83b989a1e7a0ac45c","isMergeCommit":true,"messageTitle":"Merge branch \u0027branch-A-MoreOOP\u0027","messageBody":"","tags":["A-MoreOOP"],"fileTypesAndContributionMap":{}}]},{"date":"2024-02-05","commitResults":[{"hash":"06de7f58c7b756891f730f49499c5215ed67ff64","isMergeCommit":false,"messageTitle":"Organize classes into packages","messageBody":"* Change description access to protected in AddTaskCommand\n* Delete getDescription() method in AddTaskCommand\n* Use this.description in AddTodoCommand, AddDeadlineCommand, AddEventCommand\n","fileTypesAndContributionMap":{"java":{"insertions":115,"deletions":15}}},{"hash":"5e1352e02151b669a17802bd510ae6a95a9ced3d","isMergeCommit":true,"messageTitle":"Merge branch \u0027branch-A-Packages\u0027","messageBody":"","tags":["A-Packages"],"fileTypesAndContributionMap":{}},{"hash":"e118f5ca408bace14b68cc488ed5be1b951c628d","isMergeCommit":true,"messageTitle":"Merge branch \u0027add-gradle-support\u0027","messageBody":"","fileTypesAndContributionMap":{}},{"hash":"5e2b8b99b78aca765097e8d9179ffb8e28cd9741","isMergeCommit":false,"messageTitle":"Configure project to use gradle","messageBody":"","fileTypesAndContributionMap":{"gradle":{"insertions":2,"deletions":2}}},{"hash":"314ed4bf8c2ca6f7a447c18dd7e521d41eb6b698","isMergeCommit":true,"messageTitle":"Merge branch \u0027branch-A-Gradle\u0027","messageBody":"","tags":["A-Gradle"],"fileTypesAndContributionMap":{}},{"hash":"8e4ad12f2b47edc3a3d998a340fb7d61b53bba32","isMergeCommit":false,"messageTitle":"Add JUnit test for TaskList, Todo, and Event class","messageBody":"* Change access of TaskList::add to private\n* Reordered \"public abstract\" in Task class\n* Change access of Task::getStatusIcon to private\n* Change access of Task::formatTask to protected\n","fileTypesAndContributionMap":{"java":{"insertions":163,"deletions":4}}},{"hash":"d1c82e3eb819d10e068ef8dc7747a56eab125f04","isMergeCommit":true,"messageTitle":"Merge branch \u0027branch-A-JUnit\u0027","messageBody":"","tags":["A-JUnit"],"fileTypesAndContributionMap":{}},{"hash":"af21b51c16268e6199bf8f4755e9a2631a40b771","isMergeCommit":false,"messageTitle":"bug fix: input validation for Parser","messageBody":"* Fix Parser::getDescription empty input check\n* Fix Parser::getFrom empty input check\n* Fix output bug that occured from code refactoring during \"A-Packages\" commit\n","fileTypesAndContributionMap":{"java":{"insertions":25,"deletions":8}}},{"hash":"475e048aa4523b4a1f3e50bb89c6a7e0ab7fb2ce","isMergeCommit":true,"messageTitle":"Merge branch \u0027bug-fix\u0027","messageBody":"","fileTypesAndContributionMap":{}},{"hash":"317fb1025c4d918e1a44382b640511d881eb9064","isMergeCommit":false,"messageTitle":"Configure build.gradle for shadowJar","messageBody":"","fileTypesAndContributionMap":{"gradle":{"insertions":1,"deletions":0}}},{"hash":"147fa72616382d8e5e22f1c7ded7e94c3240714b","isMergeCommit":true,"messageTitle":"Merge branch \u0027branch-A-Jar\u0027","messageBody":"","tags":["v0.1","A-Jar"],"fileTypesAndContributionMap":{}},{"hash":"7a930f2bad49f61de5a0b78fef6ea0209b5d9968","isMergeCommit":false,"messageTitle":"Add JavaDoc to all classes and non-trivial methods.","messageBody":"* Change access of AddTaskCommand to package-private\n* Remove redundant import statement in Todo\n","fileTypesAndContributionMap":{"java":{"insertions":498,"deletions":22}}},{"hash":"5d91a8dbdfaf44a1a82c78f009fb7b7f49c4f703","isMergeCommit":false,"messageTitle":"Refactor code to comply with coding standard","messageBody":"* Rename list to tasks in TaskList\n* Rename getList to getTasks in TaskList\n* Add white space around operators\n* Rename local variable output to outputs in TaskList\n","fileTypesAndContributionMap":{"java":{"insertions":28,"deletions":28}}},{"hash":"9db0ea49e34f9ffe37a00fbb030ec0aec99e5b17","isMergeCommit":false,"messageTitle":"feat: find tasks by keyword","messageBody":"* Create new FindCommand class\n* Add new Action: FIND\n* Add new method getKeyword in Parser\n* Add new method filterByKeyword in TaskList\n* Add new method hasKeyword in Task\n* Add JavaDoc for all methods related to find\n","fileTypesAndContributionMap":{"java":{"insertions":81,"deletions":1}}},{"hash":"f1067a6d285a838b700a35d1ca1c1e7f260b6a50","isMergeCommit":true,"messageTitle":"Merge branch \u0027branch-A-JavaDoc\u0027","messageBody":"","tags":["A-JavaDoc"],"fileTypesAndContributionMap":{}},{"hash":"af54d341a6866c27f2877aca3ea5ae15fdcf468f","isMergeCommit":true,"messageTitle":"Merge branch \u0027branch-A-CodingStandard\u0027","messageBody":"* Resolved conflicts in TaskList and MarkCommand\n","fileTypesAndContributionMap":{}},{"hash":"1a79c3710de060735f9e1036be8fd66f3169b979","isMergeCommit":true,"messageTitle":"Merge branch \u0027branch-Level-9\u0027","messageBody":"","tags":["Level-9"],"fileTypesAndContributionMap":{}},{"hash":"6d91d1f30c96d3ed06ee4213e509c9f4da2aca10","isMergeCommit":false,"messageTitle":"bug fix: rename list to tasks in filterByKeyword","messageBody":"","fileTypesAndContributionMap":{"java":{"insertions":2,"deletions":2}}},{"hash":"43fca3139c662c6bde759c99b482b18b1e245395","isMergeCommit":true,"messageTitle":"Merge branch \u0027bug-fix\u0027","messageBody":"","fileTypesAndContributionMap":{}},{"hash":"914c53cbd7999a92d5c90a70cfc0ca5d059012a6","isMergeCommit":false,"messageTitle":"Parser class: rename split to parameters","messageBody":"","fileTypesAndContributionMap":{"java":{"insertions":25,"deletions":25}}},{"hash":"3004c0d87d3d7bb938225c8aa94e98d0aa148e5c","isMergeCommit":true,"messageTitle":"Merge branch \u0027branch-A-CodingStandard\u0027","messageBody":"","tags":["A-CodingStandard"],"fileTypesAndContributionMap":{}}]},{"date":"2024-02-12","commitResults":[{"hash":"afdd63a1710a23fe7a704c8fe7a0b0086ced9b3f","isMergeCommit":false,"messageTitle":"Configure project with checkstyle","messageBody":"","fileTypesAndContributionMap":{"gradle":{"insertions":5,"deletions":0},"java":{"insertions":0,"deletions":1}}},{"hash":"7b8a2980cc49e8da0f50a9294a7e6cd64c8343c0","isMergeCommit":true,"messageTitle":"Merge branch \u0027branch-A-CheckStyle\u0027","messageBody":"","tags":["A-CheckStyle"],"fileTypesAndContributionMap":{}}]},{"date":"2024-02-16","commitResults":[{"hash":"8fd396f83ed14d3dd020db90267f2e01ea526c99","isMergeCommit":false,"messageTitle":"Add basic GUI using JavaFX","messageBody":"","fileTypesAndContributionMap":{"gradle":{"insertions":15,"deletions":0},"java":{"insertions":168,"deletions":1}}},{"hash":"8be45a5c466593b7e617ccea79d3becb01af86d1","isMergeCommit":false,"messageTitle":"Add implemention for getResponse","messageBody":"","fileTypesAndContributionMap":{"java":{"insertions":61,"deletions":53}}},{"hash":"e879602bd570445b02b92e6895bd8cef8e95aaae","isMergeCommit":true,"messageTitle":"Merge branch \u0027branch-Level-10\u0027","messageBody":"","fileTypesAndContributionMap":{}}]},{"date":"2024-02-22","commitResults":[{"hash":"1e967a4dc604fc53f0f9e04c6b8414c0d04937ec","isMergeCommit":false,"messageTitle":"Refactor to use FXML","messageBody":"* Remove dead code\n* Change to adhere checkstyle\n","fileTypesAndContributionMap":{"fxml":{"insertions":35,"deletions":0},"java":{"insertions":203,"deletions":320}}},{"hash":"3c0b282ffb4a258f18baf0d993de8d4da1dd0b1e","isMergeCommit":true,"messageTitle":"Merge branch \u0027branch-Level-10\u0027","messageBody":"","tags":["v0.2"],"fileTypesAndContributionMap":{}},{"hash":"fd4c82d411b7e16e78bbf2ac9b75b6eb65843ac7","isMergeCommit":false,"messageTitle":"Config build.gradle for entry point for JavaFX","messageBody":"","fileTypesAndContributionMap":{"gradle":{"insertions":2,"deletions":2}}},{"hash":"6ee767275f9575976cd71147fe5cbe649f529b8b","isMergeCommit":true,"messageTitle":"Merge branch \u0027branch-Level-10\u0027","messageBody":"","tags":["Level-10"],"fileTypesAndContributionMap":{}},{"hash":"ecd3a300010cba0584122a74af45e45bbb4f5689","isMergeCommit":false,"messageTitle":"Add assertions in Parser, Shon and Storage classes","messageBody":"The code does not have assertion statements.\n\nAssertion statements should be used to define assumptions about the\ncode and verify them during runtime. Assertion failure can help\nidentify bugs in the code.\n\nAdd assertion statements to Parser, Shon and Storage classes. Let\u0027s:\n* add null check for Action in Parser#parse\n* check for existence of storage directory and storage file after\ninitialisation\n* check the correct letter is used to represent tasks in add methods\nof Storage class\n* check that storage and tasklist is initialised properly in Shon.\n\nThe above checks are done as assertions and not Exceptions as the\nfailure of above is caused by programmer error.\n","tags":["A-FullCommitMessage"],"fileTypesAndContributionMap":{"java":{"insertions":12,"deletions":1}}},{"hash":"a2d8c60479540509338f02367d6d5b350d0d73b7","isMergeCommit":false,"messageTitle":"Refactor code to improve readability","messageBody":"The tasklist is formatted into storage format before being passed into\nupdateData() method.\n\nThis is not very good abstraction as it exposes the storage format to the Shon\nclass.\n\nLet\u0027s handle the formatting only within the storage class. Pass the whole\ntasklist into the updateData() method.\n\nHides the storage format from other classes.\n\nOther changes:\n* add JavaDoc comments for non-trivial public and private methods\n* add comments in code and separate into logical blocks\n* Parser class: abstract out checkContains and checkNotEmptyAfter\n* Shon class: rename list to tasks to better represent TaskList\n* TaskList class: use for-each loop to iterate through List\n* TaskList class: rename Task enum to TaskType to prevent confusion with\nthe Task class\n","fileTypesAndContributionMap":{"java":{"insertions":116,"deletions":54}}}]},{"date":"2024-02-23","commitResults":[{"hash":"2d4eb74d42e6af3327b591dbbb4652563cd129ff","isMergeCommit":false,"messageTitle":"TaskList class: refactor code to use streams","messageBody":"","fileTypesAndContributionMap":{"java":{"insertions":1,"deletions":6}}},{"hash":"c7e680a918c0468aac165f824be6b54e6fce7e52","isMergeCommit":true,"messageTitle":"Merge pull request #2 from shaunlxw/branch-A-Assertions","messageBody":"Add assertions in Parser, Shon and Storage classes","tags":["A-Assertions"],"fileTypesAndContributionMap":{}},{"hash":"6fe80602a5830a757b676a29cac4b9df8da48fd4","isMergeCommit":true,"messageTitle":"Merge branch \u0027master\u0027 into branch-A-CodeQuality","messageBody":"","fileTypesAndContributionMap":{}},{"hash":"0757f712f68c43c67a20fd8c3b401315b71c1773","isMergeCommit":true,"messageTitle":"Merge branch \u0027master\u0027 into branch-A-Streams","messageBody":"","fileTypesAndContributionMap":{}},{"hash":"06180fbddd75d71b4a33221afdc91d8581496ffc","isMergeCommit":true,"messageTitle":"Merge pull request #3 from shaunlxw/branch-A-CodeQuality","messageBody":"Refactor code to improve code quality and readability","tags":["A-CodeQuality"],"fileTypesAndContributionMap":{}},{"hash":"e6f82c7d123db683dd8de040cba5507fb0bb649c","isMergeCommit":true,"messageTitle":"Merge branch \u0027master\u0027 into branch-A-Streams","messageBody":"","fileTypesAndContributionMap":{}},{"hash":"cba6910b21feab60fa66ae354d9a405724a253c3","isMergeCommit":true,"messageTitle":"Merge pull request #4 from shaunlxw/branch-A-Streams","messageBody":"TaskList class: refactor to use Streams","tags":["A-Streams"],"fileTypesAndContributionMap":{}},{"hash":"a23def45faa0e5cbbc427379e99c35b19c465c05","isMergeCommit":false,"messageTitle":"feat: support managing notes","messageBody":"Command only supports task related commands, Command::execute takes in a\nTaskList as a parameter.\n\nTo support note related commands, Command needs to be more general.\n\nLet\u0027s:\n* change execute to take in no parameters\n* declare note related classes and commands\n* allow Parser class to pass in notelist or tasklist as needed\n* extend storage to store the data for the notelist too\n* Restructure the package to accomodate commands for tasks and notes\n","fileTypesAndContributionMap":{"fxml":{"insertions":1,"deletions":1},"java":{"insertions":422,"deletions":145}}},{"hash":"a14505e82abc3b1af9624da69d75bf7f179b0495","isMergeCommit":true,"messageTitle":"Merge branch \u0027branch-D-Notes\u0027","messageBody":"","tags":["BCD-Extension"],"fileTypesAndContributionMap":{}},{"hash":"a6d82b2aa05985aba77488a3f28611a4dcec051f","isMergeCommit":false,"messageTitle":"Improve GUI","messageBody":"Let\u0027s:\n* change bot and user image to circle\n* add padding to text\n* display error message in red text\n","fileTypesAndContributionMap":{"fxml":{"insertions":6,"deletions":3},"java":{"insertions":33,"deletions":19}}},{"hash":"511c88f3755050e1ff3ac9c552699e6f5e4297d0","isMergeCommit":true,"messageTitle":"Merge branch \u0027branch-A-BetterGui\u0027","messageBody":"","fileTypesAndContributionMap":{}},{"hash":"1ff12906dd1f9b5dcdcf69953368a646b1cbcf74","isMergeCommit":false,"messageTitle":"Add help command to show available commands","messageBody":"","fileTypesAndContributionMap":{"java":{"insertions":41,"deletions":4}}},{"hash":"2289003d9ae5dc6b97a90571b4c6645e8d673ae1","isMergeCommit":true,"messageTitle":"Merge branch \u0027branch-Help\u0027","messageBody":"","fileTypesAndContributionMap":{}},{"hash":"3dba6afa965a6f47a1a11ef2597c289b2c39eef8","isMergeCommit":false,"messageTitle":"Improve GUI","messageBody":"Let\u0027s:\n* reduce radius for image\n* remove top padding for label\n","fileTypesAndContributionMap":{"fxml":{"insertions":2,"deletions":2}}},{"hash":"d12f0beafd608a940b4e697870251c9c796f1bd7","isMergeCommit":true,"messageTitle":"Merge branch \u0027branch-A-BetterGui\u0027","messageBody":"","tags":["A-BetterGui"],"fileTypesAndContributionMap":{}},{"hash":"04ad3db5d4f3f1fcee858d7a75079c161fd445e4","isMergeCommit":false,"messageTitle":"HelpCommand class: display commands as list","messageBody":"","fileTypesAndContributionMap":{"java":{"insertions":3,"deletions":0}}},{"hash":"73b92609768cb3a6518aaddbdd4729475aef4930","isMergeCommit":true,"messageTitle":"Merge branch \u0027branch-Help\u0027","messageBody":"","fileTypesAndContributionMap":{}}]}]},"authorFileTypeContributionMap":{"shaunlxw":{"java":1905,"md":0,"fxml":38,"sh":1,"bat":1,"gradle":23,"txt":12}},"authorContributionVariance":{"shaunlxw":60768.42},"authorDisplayNameMap":{"shaunlxw":"CS2103T-F12-1 SHAU.. WEI"}}
