{"authorDailyContributionsMap":{"AidenLYT":[{"date":"2024-01-22","commitResults":[{"hash":"c96cf507693edbfbf19b6b652020345f69c82852","isMergeCommit":false,"messageTitle":"Changed name","messageBody":"","fileTypesAndContributionMap":{"java":{"insertions":7,"deletions":10}}},{"hash":"9d679fbc739f9a6b82f82d2a5d56e1c8ebb9e503","isMergeCommit":false,"messageTitle":"Improved response","messageBody":"","fileTypesAndContributionMap":{"java":{"insertions":14,"deletions":1}}},{"hash":"54df70b18948aca56d1d141c11c3fd3d50e94f28","isMergeCommit":false,"messageTitle":"Improved response","messageBody":"","fileTypesAndContributionMap":{"java":{"insertions":11,"deletions":1}}},{"hash":"3eff9c0515dbe77d1ca10bc2e3bc4ff25062890c","isMergeCommit":false,"messageTitle":"Improved response","messageBody":"","fileTypesAndContributionMap":{"java":{"insertions":2,"deletions":0}}},{"hash":"e19f4ee46d0573a139f755d43ed888141d369071","isMergeCommit":false,"messageTitle":"Improved response","messageBody":"","tags":["Level-3"],"fileTypesAndContributionMap":{"java":{"insertions":65,"deletions":5}}},{"hash":"58c0598590923fda3f7ff82d37f19a0a95785aff","isMergeCommit":false,"messageTitle":"Removed getters","messageBody":"","fileTypesAndContributionMap":{"java":{"insertions":27,"deletions":10}}},{"hash":"dfc9410cd5f8bfd9f2d1915535efc03e9d05c1a4","isMergeCommit":false,"messageTitle":"Modified for new functionalities","messageBody":"","fileTypesAndContributionMap":{"java":{"insertions":42,"deletions":8}}},{"hash":"8fcf01e07f7efef6f0a76ef07bbb17bb557dfe7f","isMergeCommit":false,"messageTitle":"Extension of Action class","messageBody":"","tags":["Level-4"],"fileTypesAndContributionMap":{"java":{"insertions":42,"deletions":0}}},{"hash":"f6b7d047f784d78e6dca7405bc841a9b0f73c56a","isMergeCommit":false,"messageTitle":"Improved with Error Handling","messageBody":"","fileTypesAndContributionMap":{"java":{"insertions":147,"deletions":56}}},{"hash":"8460b60d65cc4d0090b77294387acb1cb9a4a365","isMergeCommit":false,"messageTitle":"Error Handling class","messageBody":"","tags":["Level-5"],"fileTypesAndContributionMap":{"java":{"insertions":5,"deletions":0}}},{"hash":"404b3ba37f32cd769e4f25935dcb0fdf96b3cc47","isMergeCommit":false,"messageTitle":"Added delete function","messageBody":"","fileTypesAndContributionMap":{"java":{"insertions":19,"deletions":0}}},{"hash":"4ab8aa13630cf49e952b0c1ed70cb135044ed771","isMergeCommit":false,"messageTitle":"Added delete function","messageBody":"","fileTypesAndContributionMap":{"java":{"insertions":55,"deletions":10}}},{"hash":"6543138469cce831a998e13e8e98aacb8edbf437","isMergeCommit":false,"messageTitle":"Added comments","messageBody":"","tags":["Level-6"],"fileTypesAndContributionMap":{"java":{"insertions":4,"deletions":0}}}]},{"date":"2024-01-23","commitResults":[{"hash":"11e860a659b7167f2056150057473788760d099d","isMergeCommit":false,"messageTitle":"Packaged type of tasks","messageBody":"","fileTypesAndContributionMap":{"java":{"insertions":198,"deletions":41}}},{"hash":"8bdf820fa5f41f648ec935dea0665fe10e5a1253","isMergeCommit":false,"messageTitle":"Packaged type of tasks","messageBody":"","fileTypesAndContributionMap":{"java":{"insertions":40,"deletions":0}}},{"hash":"cc2ebecad138f51c9ff4c336c07d45d2118e1213","isMergeCommit":false,"messageTitle":"Packaged type of actions","messageBody":"","fileTypesAndContributionMap":{"java":{"insertions":50,"deletions":0}}},{"hash":"3db314bad80161023e9ab206405c3f9f491716b8","isMergeCommit":false,"messageTitle":"Packaged Exceptions","messageBody":"","fileTypesAndContributionMap":{"java":{"insertions":2,"deletions":4}}},{"hash":"d2851a31efa6a862e948030b06be105cff24b802","isMergeCommit":false,"messageTitle":"Updated ChatBot to fir packages","messageBody":"","fileTypesAndContributionMap":{"java":{"insertions":12,"deletions":175}}},{"hash":"84d061d3674c7dd73554d217ae83afa606db8b15","isMergeCommit":false,"messageTitle":"Updated with the use of ENUMS","messageBody":"","tags":["A-Enums"],"fileTypesAndContributionMap":{"java":{"insertions":24,"deletions":10}}},{"hash":"3990c2f2539b6abf9be1e470c467f2e166005c6c","isMergeCommit":false,"messageTitle":"Updated with the use of ENUMS","messageBody":"","fileTypesAndContributionMap":{"java":{"insertions":5,"deletions":4}}},{"hash":"8d9ae62d6c861e6b7799e4416416a721b4f008f6","isMergeCommit":false,"messageTitle":"Updated with the use of ENUMS","messageBody":"","fileTypesAndContributionMap":{"java":{"insertions":3,"deletions":0}}},{"hash":"ed253c82a0b13a044804111b2275e47ed43cf476","isMergeCommit":false,"messageTitle":"Added test","messageBody":"","tags":["A-TextUiTesting"],"fileTypesAndContributionMap":{"txt":{"insertions":1,"deletions":0},"sh":{"insertions":1,"deletions":1}}}]},{"date":"2024-01-29","commitResults":[{"hash":"13f10df965ed01e3fdbe48ae8ae0cd1903c46063","isMergeCommit":false,"messageTitle":"Add save data to local file","messageBody":"","fileTypesAndContributionMap":{"java":{"insertions":42,"deletions":30}}},{"hash":"9e829134d1789d69c6394687d18b06d418266e8e","isMergeCommit":true,"messageTitle":"Merge branch \u0027branch-level-7\u0027 Merge with branch-level-7","messageBody":"","tags":["Level-7"],"fileTypesAndContributionMap":{}},{"hash":"f29d1ffdb67032d9a1e5a3fa6cc6795d9416cecd","isMergeCommit":false,"messageTitle":"Add DateTime and Search feature","messageBody":"","fileTypesAndContributionMap":{"java":{"insertions":117,"deletions":15}}},{"hash":"4888dcff5639118e18ff037a0a525782e2bceec1","isMergeCommit":true,"messageTitle":"Merge branch \u0027branch-level-8\u0027 Add Search and DateTime","messageBody":"","tags":["Level-8","A-MoreOOP"],"fileTypesAndContributionMap":{}},{"hash":"169f71c01f6ce4cb1545da90ecfa4f04d7547b8c","isMergeCommit":false,"messageTitle":"Add Package","messageBody":"","tags":["A-Packages"],"fileTypesAndContributionMap":{"java":{"insertions":48,"deletions":15}}},{"hash":"7863c1971b3eba49798a4a8358a503210a130c2f","isMergeCommit":true,"messageTitle":"Merge branch \u0027add-gradle-support\u0027 Gradle testing","messageBody":"","fileTypesAndContributionMap":{}},{"hash":"a466f8529690fb846ff54b7948e22f4598443117","isMergeCommit":false,"messageTitle":"CheckStyle and changed \u0027Actions\u0027 to \u0027Tasks\u0027","messageBody":"","fileTypesAndContributionMap":{"gradle":{"insertions":5,"deletions":0},"java":{"insertions":367,"deletions":280}}},{"hash":"468251d5920074cf78e8399f7797f0877aaf0235","isMergeCommit":false,"messageTitle":"Modified Gradle","messageBody":"","tags":["A-Gradle"],"fileTypesAndContributionMap":{"gradle":{"insertions":1,"deletions":1},"java":{"insertions":1,"deletions":0}}},{"hash":"c7854d02affad9e5191c66ea41206ff8d237e0d1","isMergeCommit":false,"messageTitle":"Add JUnit tests","messageBody":"","tags":["A-JUnit"],"fileTypesAndContributionMap":{"java":{"insertions":18,"deletions":0}}},{"hash":"de61b9ed07ed6cc825776cbfe9be2b34e3a453df","isMergeCommit":false,"messageTitle":"Package App as a JAR file","messageBody":"","tags":["A-Jar"],"fileTypesAndContributionMap":{"gradle":{"insertions":2,"deletions":1}}},{"hash":"28f1a949ed1db3e6f244990cf67ef9b8edd9d697","isMergeCommit":false,"messageTitle":"Add Finder","messageBody":"","fileTypesAndContributionMap":{"java":{"insertions":59,"deletions":7}}},{"hash":"225b7eb39385296c839769557f74b2d766b1eaff","isMergeCommit":true,"messageTitle":"Merge branch \u0027branch-level-9\u0027 Add Finder","messageBody":"","tags":["Level-9","A-JavaDoc"],"fileTypesAndContributionMap":{}},{"hash":"5d941479d3fa0f0ff1cd39bb1bb5637d16aae542","isMergeCommit":false,"messageTitle":"Add Comments, improve coding standard","messageBody":"","fileTypesAndContributionMap":{"java":{"insertions":71,"deletions":62}}},{"hash":"f60df656c04310ab71a58d89a18152edb487961f","isMergeCommit":true,"messageTitle":"Merge to improve CodingStandard","messageBody":"","tags":["A-CodingStandard"],"fileTypesAndContributionMap":{}}]},{"date":"2024-02-01","commitResults":[{"hash":"4f19cdce3ee88e29e7778cbd4d1100deea1f9001","isMergeCommit":false,"messageTitle":"Change naming for functions","messageBody":"","fileTypesAndContributionMap":{"java":{"insertions":8,"deletions":7}}}]},{"date":"2024-02-02","commitResults":[{"hash":"5a1bec1faab0544eeece6b089abf4de0d0209390","isMergeCommit":false,"messageTitle":"More OOP","messageBody":"","fileTypesAndContributionMap":{"java":{"insertions":145,"deletions":56}}},{"hash":"0a49826ff291445f3a2725fa492201a4385694aa","isMergeCommit":false,"messageTitle":"More OOP","messageBody":"","tags":["A-CheckStyle"],"fileTypesAndContributionMap":{"java":{"insertions":88,"deletions":78}}}]},{"date":"2024-02-05","commitResults":[{"hash":"aeb2d95718958f15797a6b86189c3d2eba53cd9c","isMergeCommit":false,"messageTitle":"javaFx trial","messageBody":"","fileTypesAndContributionMap":{"gradle":{"insertions":15,"deletions":0},"fxml":{"insertions":14,"deletions":0},"java":{"insertions":199,"deletions":1}}},{"hash":"4df408704d675b50b628a4adf67baaaad9400405","isMergeCommit":false,"messageTitle":"javaFx trial","messageBody":"","fileTypesAndContributionMap":{"fxml":{"insertions":26,"deletions":5},"java":{"insertions":117,"deletions":37}}},{"hash":"f82f4cde1e2db121ac8ed5d293ed4c7f0406584e","isMergeCommit":false,"messageTitle":"JavaFx v0.1","messageBody":"","fileTypesAndContributionMap":{"java":{"insertions":61,"deletions":34}}}]},{"date":"2024-02-06","commitResults":[{"hash":"014c7e49d65e595d6c9de6db6a23ce8a1c64cdb4","isMergeCommit":false,"messageTitle":"JavaFx","messageBody":"","fileTypesAndContributionMap":{"java":{"insertions":112,"deletions":105}}},{"hash":"e6db0460aaa4e3e326bc727590f3234c615d1c28","isMergeCommit":true,"messageTitle":"Merge branch \u0027branch-Level-10\u0027 Add a GUI to the chatbot. Use the JavaFX technology to implement the GUI.","messageBody":"","fileTypesAndContributionMap":{}},{"hash":"0dec6daabc8df56c9814e28988154c5ac25a734e","isMergeCommit":false,"messageTitle":"Add a GUI to the chatbot. Use the JavaFX technology to implement the GUI.","messageBody":"","tags":["Level-10"],"fileTypesAndContributionMap":{"java":{"insertions":0,"deletions":32}}}]},{"date":"2024-02-13","commitResults":[{"hash":"c08ff9c8f187ad338d4bfa0dc6aa690b722aa950","isMergeCommit":false,"messageTitle":"Add assert for private methods","messageBody":"In Parser class, added an assertion in default case to check\nfor commands that ChatBot does not currently support.\n\nFor classes in tasklist package, added assertion for private methods\naccording to Orcacle\u0027s documentation.\n\nAs we proceed to increments in the future, let\u0027s\n* insert more assertions more private methods\n(especially when we proceed to A-CodeQuality)\n","tags":["A-FullCommitMessage"],"fileTypesAndContributionMap":{"java":{"insertions":22,"deletions":42}}}]},{"date":"2024-02-14","commitResults":[{"hash":"f7601ec21e6d858ff5491847c6213b522a2df5c1","isMergeCommit":false,"messageTitle":"Add Assertions","messageBody":"In Parser class, added assertion for default in switch case\nto check that ChatBot does not proceed to commands that\nit does not support.\n\nFor classes in tasklist package, added assertion for private\nclasses to check that in the entire program, no initialisation\nfor the classes.\n\nFor future increments,\n* add more assertion if there was the use of private methods\n","fileTypesAndContributionMap":{"gradle":{"insertions":15,"deletions":0},"fxml":{"insertions":35,"deletions":0},"java":{"insertions":405,"deletions":113}}},{"hash":"5f55dcc994277eacb0c5cd5e28795c18fb31b91d","isMergeCommit":false,"messageTitle":"Improve Code Quality","messageBody":"Practice KISSing to eliminate \u0027clever codes\u0027\nStructured code logically\nAvoided magic numbers and use named constant\nAvoided complicated expression by breaking up nested parentheses\n","tags":["branch-A-CodeQuality"],"fileTypesAndContributionMap":{"java":{"insertions":117,"deletions":86}}},{"hash":"51649f27cb583317c45b803b671308cfad968525","isMergeCommit":true,"messageTitle":"Merge pull request #1 from AidenLYT/branch-A-Assertions","messageBody":"Add assert for private methods","fileTypesAndContributionMap":{}},{"hash":"d3ae5d4643819b8069332aaa81ff72a65700bb06","isMergeCommit":true,"messageTitle":"Merge tag \u0027branch-A-CodeQuality\u0027","messageBody":"Improve code quality\nImproved Code Quality\n","tags":["A-CodeQuality"],"fileTypesAndContributionMap":{}},{"hash":"5ebdfedebe4c6567089490e0c47c0ed344e176a3","isMergeCommit":false,"messageTitle":"Improved Code Quality","messageBody":"","fileTypesAndContributionMap":{"java":{"insertions":4,"deletions":4}}},{"hash":"70842674a705382a0cb12d19438d8ee56b832ae6","isMergeCommit":true,"messageTitle":"Merge tag \u0027branch-A-CodeQuality\u0027","messageBody":"Improve code quality\n","fileTypesAndContributionMap":{}},{"hash":"5e676a85a04e4cf25cc3fca7a5209c67935c2992","isMergeCommit":true,"messageTitle":"Merge pull request #2 from AidenLYT/branch-A-CodeQuality","messageBody":"Branch a code quality","fileTypesAndContributionMap":{}},{"hash":"5246a51ab0528408dba77f0e6cd6d4fc46a893e9","isMergeCommit":false,"messageTitle":"Delete UI class","messageBody":"UI class is no longer needed to run the ChatBot as\nChatBot no longer use text-based UI after adding a GUI.\nNo more I/O redirection style automated testing\n\nIn the future,\n* Need to regularly clean up code to remove\nredundancy and thus, improve readability\n","fileTypesAndContributionMap":{"java":{"insertions":0,"deletions":45}}},{"hash":"d8f476280e69d57f8535af27c680e97ec4f19e0f","isMergeCommit":true,"messageTitle":"Merge remote-tracking branch \u0027origin\u0027 Merge with PR from other branches","messageBody":"","fileTypesAndContributionMap":{}},{"hash":"3724600753b7092d61613da144fd88a465f23f1e","isMergeCommit":false,"messageTitle":"Readd Ui class","messageBody":"* Added back UI class to ensure SLAP\n\t but removed I/O interaction\n","fileTypesAndContributionMap":{"java":{"insertions":26,"deletions":0}}},{"hash":"6d47f91a3ce8792b83ae1b82b16c7dcae9b6e709","isMergeCommit":false,"messageTitle":"Modification to sort according to alphabetical/chronological order v0.1","messageBody":"* Edit TaskList to List\u003cList\u003c? extends Task\u003e\u003e\n* Edit Parser, List, Mark, Delete\n","fileTypesAndContributionMap":{"java":{"insertions":96,"deletions":28}}}]},{"date":"2024-02-15","commitResults":[{"hash":"49f3d4add5954cba5964f5bd6ad98e0532f8b8ec","isMergeCommit":false,"messageTitle":"Improve listing of Tasks","messageBody":"* Tasks are now listed accordingly based on categories:\n\tDeadline , Events, Todo\n* Future improvement: Sorting task chronologically or alphabetically\n","fileTypesAndContributionMap":{"java":{"insertions":90,"deletions":42}}},{"hash":"f2acbfa2c0316e704d36f8b631ab3edf69c1b9e9","isMergeCommit":false,"messageTitle":"Improve sorting of tasks","messageBody":"* Todo list sort alphabetically\n* Deadline list sort by due date -\u003e sort alphabetically\n* Event list sort by end date -\u003e sort by start date -\u003e sort alphabetically\n","tags":["branch-A-BCD-Extension"],"fileTypesAndContributionMap":{"java":{"insertions":45,"deletions":12}}},{"hash":"21d6125b8b3b7acc55ceea45b5bd418ac9386a2d","isMergeCommit":true,"messageTitle":"Merge pull request #3 from AidenLYT/branch-BCD-Extension","messageBody":"Branch bcd extension","fileTypesAndContributionMap":{}},{"hash":"373a1490d37d26d8397f182a322f1fa0992905b4","isMergeCommit":false,"messageTitle":"Delete SortTask as sorting is done implicity","messageBody":"","fileTypesAndContributionMap":{"java":{"insertions":0,"deletions":11}}},{"hash":"093cdf3d45efb10cc6c9d360334c87bae97083d3","isMergeCommit":true,"messageTitle":"Merge tag \u0027branch-A-BCD-Extension\u0027","messageBody":"Work on Sort extension\n\nChose category C and sort chronologically and alphabetically\n","tags":["BCD-Extension"],"fileTypesAndContributionMap":{}},{"hash":"a155fd61259c179ba817c0854e8980d64442b289","isMergeCommit":false,"messageTitle":"Apply SLAP","messageBody":"* SLAP for tasklist\n* Add helper package\n","tags":["branch-SLAP"],"fileTypesAndContributionMap":{"java":{"insertions":114,"deletions":74}}},{"hash":"1214941085ab30fde9ae1fd1b463ea7391f1a92b","isMergeCommit":false,"messageTitle":"Add SLAP for TaskList","messageBody":"* SLAP for tasklist and some helper classes\n* next step: add comments for public classes\n","fileTypesAndContributionMap":{"java":{"insertions":301,"deletions":246}}}]},{"date":"2024-02-21","commitResults":[{"hash":"eb97b7d1971d643c80f9eae35472d2a3fc14e0cd","isMergeCommit":false,"messageTitle":"Added Comment for JavaDoc","messageBody":"* Add description for classes and their methods\n","fileTypesAndContributionMap":{"java":{"insertions":145,"deletions":92}}},{"hash":"24bee53e440c086adc46d4cab6a322fa5bc5dc2e","isMergeCommit":true,"messageTitle":"Merge branch \u0027branch-SLAP\u0027 Added comments for JavaDoc","messageBody":"","fileTypesAndContributionMap":{}},{"hash":"fbaeaeaad868cf096a79367353f59302d80fc6ae","isMergeCommit":false,"messageTitle":"Edited Checkstyle for DeleteTask.java","messageBody":"","fileTypesAndContributionMap":{"java":{"insertions":0,"deletions":1}}},{"hash":"280771fc86dda719ca5ef2064ff47c09b5dcfe32","isMergeCommit":false,"messageTitle":"Tidy code, improve code quality","messageBody":"* Removed dead code\n* Improved header comments\n","fileTypesAndContributionMap":{"java":{"insertions":14,"deletions":27}}},{"hash":"cbf3f713c8b7270235cb68c7f4616098361870b4","isMergeCommit":false,"messageTitle":"Edit test file for Java CI to compile","messageBody":"","fileTypesAndContributionMap":{"java":{"insertions":3,"deletions":4}}},{"hash":"c13158f88e33ca48c2010ad7f986166c1d0a86fa","isMergeCommit":false,"messageTitle":"More SLAP applied for main class of the chatBot","messageBody":"* Added helper class \u0027Container\u0027\n","fileTypesAndContributionMap":{"java":{"insertions":208,"deletions":177}}},{"hash":"636a2b666d20af5f5d4315c81c8e08965b99c426","isMergeCommit":false,"messageTitle":"Give unique personality to Taylor","messageBody":"* Add unique phrases used by Taylor when\n\t- stating successfully execution\n\t- error thrown\n","tags":["A-Personality"],"fileTypesAndContributionMap":{"java":{"insertions":258,"deletions":120}}}]},{"date":"2024-02-22","commitResults":[{"hash":"570a17784902f9717ba5e0715900228bd4887e4d","isMergeCommit":false,"messageTitle":"Add User Guide * Change README.md","messageBody":"Improve on Save function\n* Save function now properly support saving function\nafter every command\n","tags":["A-UserGuide"],"fileTypesAndContributionMap":{"java":{"insertions":49,"deletions":41},"md":{"insertions":140,"deletions":16}}},{"hash":"50f70ec6bdd36b3a962f5d974fe6a4e4d4463640","isMergeCommit":false,"messageTitle":"Change representative screenshot file naming to set up product website","messageBody":"","fileTypesAndContributionMap":{"md":{"insertions":1,"deletions":1}}},{"hash":"3b0b2634e8a6c9df0ace2705f8cbace604ba7f6f","isMergeCommit":false,"messageTitle":"Change file location of README.md to be shown on the cover page of the repository","messageBody":"","fileTypesAndContributionMap":{"md":{"insertions":154,"deletions":178}}},{"hash":"1b4049cbad76695389faae8f9fe94d85cd45e9cc","isMergeCommit":false,"messageTitle":"Edit and tidy up README for better readability","messageBody":"","fileTypesAndContributionMap":{"md":{"insertions":2,"deletions":2}}},{"hash":"e8e44037b6287e17c661ac24260b88763b8041c9","isMergeCommit":false,"messageTitle":"Edit README.md","messageBody":"* Add README into docs to show png\n","fileTypesAndContributionMap":{"md":{"insertions":154,"deletions":0}}},{"hash":"fca1d40a70944e430cb1e63e872b1f31ec7ac03e","isMergeCommit":false,"messageTitle":"Edit README","messageBody":"* Add `Note` under Insertion feature to\nprecaution users of the output details\n","fileTypesAndContributionMap":{"md":{"insertions":5,"deletions":0}}},{"hash":"5cc527c0087241703fdf37ccd0493dd5e0ad0ee6","isMergeCommit":false,"messageTitle":"Remove README.md in docs folder","messageBody":"* Prevent duplication of file and remove unneccesary file as well\n","fileTypesAndContributionMap":{"md":{"insertions":5,"deletions":159}}},{"hash":"966bed76aa68bd0d7e5762a1e36994a6c01c7e6d","isMergeCommit":false,"messageTitle":"Edit heading of `listing out all tasks`","messageBody":"* Add quote `list`\n* Change feature hyperlink to correctly link user to the section\n","fileTypesAndContributionMap":{"md":{"insertions":1,"deletions":1}}},{"hash":"1ed2310343d635911c65e0b6a7641a376c87385b","isMergeCommit":false,"messageTitle":"Edit README","messageBody":"* Add quote for `list`\n* Correctly set up link for `Listing out all tasks` to jump to the\ncorresponding section\n","fileTypesAndContributionMap":{"md":{"insertions":1,"deletions":1}}},{"hash":"a041d1ad923bd76495fe07b5dfa4e093f80478d1","isMergeCommit":false,"messageTitle":"Edit Parser.java","messageBody":"* Remove  unused imports `exceptions.TaylorException`\n","fileTypesAndContributionMap":{"java":{"insertions":0,"deletions":1}}}]},{"date":"2024-02-23","commitResults":[{"hash":"42e120929b88006a1b011703ed1dbc11eae085ea","isMergeCommit":false,"messageTitle":"Edit testing","messageBody":"* Edit JUnit testing for final version\n* Tidy up System.out.println bash test\nEdit response output\n\n* Some syntax errors in the response\n","fileTypesAndContributionMap":{"txt":{"insertions":8,"deletions":0},"java":{"insertions":26,"deletions":17}}}]},{"date":"2024-02-24","commitResults":[{"hash":"7fcdc48c4c2a5f89b5fa5a91bfc2df19015ca324","isMergeCommit":false,"messageTitle":"Debug fmxl load error","messageBody":"* Bug: when quried multiple times, size of dialog box is reduced\n","fileTypesAndContributionMap":{"fxml":{"insertions":1,"deletions":1},"java":{"insertions":81,"deletions":199}}},{"hash":"8443002a2a2f68ac2ce50f3491ea1296588c3c92","isMergeCommit":false,"messageTitle":"Edit Taylor.java file to run from Main.java","messageBody":"* Change DialogBox\n* Change Taylor.java\n* Change MainWindow.java\n","fileTypesAndContributionMap":{"fxml":{"insertions":1,"deletions":1},"java":{"insertions":43,"deletions":19},"md":{"insertions":159,"deletions":0}}},{"hash":"9d3445ddfea208a70ad0f62eab68d2f46e5c5938","isMergeCommit":false,"messageTitle":"Edit naming of Taylor.java object","messageBody":"* Correct naming for userImage and tayImage\n","fileTypesAndContributionMap":{"java":{"insertions":2,"deletions":2}}},{"hash":"61af58486c9151acb877ba4b7047e2c70bf3fc61","isMergeCommit":true,"messageTitle":"Merge pull request #6 from AidenLYT/jar-helpme","messageBody":"Troubleshoot jar file ","fileTypesAndContributionMap":{}},{"hash":"6947c553fd325043165bee02543db11c1fe21315","isMergeCommit":false,"messageTitle":"Change build.gradle to create jar found based on Launcher instead of Taylor","messageBody":"* To accomodate WindowsOS\n","fileTypesAndContributionMap":{"gradle":{"insertions":1,"deletions":1},"java":{"insertions":3,"deletions":1}}},{"hash":"448733985007753f0381f64a345514bdcf82414d","isMergeCommit":false,"messageTitle":"Edit Ui.png to show on README","messageBody":"* README used the wrong directory for the photo\n","fileTypesAndContributionMap":{"md":{"insertions":1,"deletions":1}}},{"hash":"1d8ad938195b9d9112ee3ce9161d34a9491feee1","isMergeCommit":false,"messageTitle":"Tidy up code","messageBody":"* Remove unused imports and object to make code more readable\n","fileTypesAndContributionMap":{"java":{"insertions":4,"deletions":12},"md":{"insertions":2,"deletions":3}}}]},{"date":"2024-02-25","commitResults":[{"hash":"2f7925b0e078151dedbdf9a253e2158b29a102f9","isMergeCommit":false,"messageTitle":"Edit Taylor.java","messageBody":"* Launcher now launches thru Main.java to Taylor.java\n","fileTypesAndContributionMap":{"java":{"insertions":1,"deletions":6}}},{"hash":"26a0d0c60f8aae9664d83412bfa1676120e81d4a","isMergeCommit":false,"messageTitle":"Edit README.md","messageBody":"* README quick start instruction modify to use jar file instead\n","tags":["A-Release"],"fileTypesAndContributionMap":{"md":{"insertions":4,"deletions":4}}}]}]},"authorFileTypeContributionMap":{"AidenLYT":{"java":1537,"md":303,"fxml":35,"sh":1,"bat":0,"gradle":23,"txt":9}},"authorContributionVariance":{"AidenLYT":125647.21},"authorDisplayNameMap":{"AidenLYT":"CS2103T-T12-2 LEE ..TING"}}
