{"authorDailyContributionsMap":{"tanjieling0":[{"date":"2024-01-24","commitResults":[{"hash":"0614d74bf0eb1fa76142cc5e25f399d1a91148a7","isMergeCommit":false,"messageTitle":"Rename, Greet, Exit","messageBody":"","tags":["Level-0"],"fileTypesAndContributionMap":{"java":{"insertions":9,"deletions":6}}},{"hash":"7670fc8c856944dde6d3dcba34df3e2392ab5dc4","isMergeCommit":false,"messageTitle":"Echo","messageBody":"","tags":["Level-1"],"fileTypesAndContributionMap":{"java":{"insertions":15,"deletions":0}}},{"hash":"8c5afc89eac76832698d3b8afab9a95b4ec6df4f","isMergeCommit":false,"messageTitle":"Add, List","messageBody":"","tags":["Level-2"],"fileTypesAndContributionMap":{"java":{"insertions":15,"deletions":3}}}]},{"date":"2024-01-25","commitResults":[{"hash":"487f16afd44796cc566226fa98cbf1b019ff32ba","isMergeCommit":false,"messageTitle":"Mark as Done","messageBody":"","tags":["Level-3"],"fileTypesAndContributionMap":{"java":{"insertions":44,"deletions":8}}},{"hash":"783ab2b8e056e2d1e8c8e3996e99b0e8eb688d4f","isMergeCommit":false,"messageTitle":"Add Task.java class","messageBody":"","fileTypesAndContributionMap":{"java":{"insertions":43,"deletions":22}}}]},{"date":"2024-01-26","commitResults":[{"hash":"04e8c5e0d996138bd90a59bd1d0e799438057df8","isMergeCommit":false,"messageTitle":"Todo, Event, Deadline","messageBody":"","tags":["Level-4"],"fileTypesAndContributionMap":{"java":{"insertions":91,"deletions":9}}},{"hash":"e4d7c10b9e788335615116fbbcef3fa1486aa3aa","isMergeCommit":false,"messageTitle":"add ToString() to class","messageBody":"","fileTypesAndContributionMap":{"java":{"insertions":23,"deletions":9}}},{"hash":"c32fdc011fc614f9a7982e80d47b77fb02045645","isMergeCommit":false,"messageTitle":"Handle Errors","messageBody":"","tags":["Level-5"],"fileTypesAndContributionMap":{"java":{"insertions":161,"deletions":70},"sh":{"insertions":0,"deletions":0}}},{"hash":"55918160429019a282e87b714b1544fd2dcb534a","isMergeCommit":false,"messageTitle":"Delete","messageBody":"","tags":["Level-6"],"fileTypesAndContributionMap":{"java":{"insertions":26,"deletions":4}}}]},{"date":"2024-01-27","commitResults":[{"hash":"ef8d5dcfffeab3b8b24dbc72b17b8a191ce29be6","isMergeCommit":false,"messageTitle":"Automated Text UI Testing","messageBody":"","tags":["A-TextUiTesting"],"fileTypesAndContributionMap":{"txt":{"insertions":11,"deletions":0},"java":{"insertions":7,"deletions":22}}},{"hash":"4c707e47dc7326d8dcbaa811bb164227f956e07e","isMergeCommit":false,"messageTitle":"update input.txt","messageBody":"","fileTypesAndContributionMap":{"txt":{"insertions":24,"deletions":0}}}]}]},"authorFileTypeContributionMap":{"tanjieling0":{"java":286,"md":0,"fxml":0,"sh":0,"bat":0,"gradle":0,"txt":35}},"authorContributionVariance":{"tanjieling0":14616.766},"authorDisplayNameMap":{"tanjieling0":"CS2103T-F12-1 TAN ..LING"}}
