{"authorDailyContributionsMap":{"dedsecrattle":[{"date":"2024-01-23","commitResults":[{"hash":"284ae0f094b6efc19f31bd2a06c06f55b1e29ab2","isMergeCommit":false,"messageTitle":"Level-0 Add Jivox and Delete Duke","messageBody":"","tags":["Level-0"],"fileTypesAndContributionMap":{"java":{"insertions":28,"deletions":10}}},{"hash":"7733b217df2e89360c2052fa343fd4c67d8e6a51","isMergeCommit":false,"messageTitle":"Level-1 Add Echo","messageBody":"","tags":["Level-1"],"fileTypesAndContributionMap":{"java":{"insertions":19,"deletions":0}}},{"hash":"db1ea2b5e69e9fdad2bc53557701c8f8632fff75","isMergeCommit":false,"messageTitle":"Level-2 Implement Add and List","messageBody":"","tags":["Level-2"],"fileTypesAndContributionMap":{"java":{"insertions":22,"deletions":3}}},{"hash":"89e2fb9db67496863e49d43e4cb3e84b2e3e363e","isMergeCommit":false,"messageTitle":"Level-3 Add mark and unmark","messageBody":"","tags":["Level-3"],"fileTypesAndContributionMap":{"java":{"insertions":54,"deletions":5}}},{"hash":"dbf22790507069ab4eb1a1f7db4f557478dbb25d","isMergeCommit":false,"messageTitle":"Level-4 Add Todo, Event, Deadline","messageBody":"","tags":["Level-4"],"fileTypesAndContributionMap":{"java":{"insertions":62,"deletions":5}}},{"hash":"522a2a7df41a651538b26a6edaa16c230139d119","isMergeCommit":false,"messageTitle":"Level-5 Add Exception Handling","messageBody":"","tags":["Level-5"],"fileTypesAndContributionMap":{"java":{"insertions":56,"deletions":14}}},{"hash":"175a4d22d194f600e4be6e4b9ee9cf848c326dfb","isMergeCommit":false,"messageTitle":"Level-6 Add Delete functionality","messageBody":"","tags":["Level-6"],"fileTypesAndContributionMap":{"java":{"insertions":22,"deletions":0}}},{"hash":"3689ad831d2e53371ab18ef4ece17a26cb5bd9ac","isMergeCommit":false,"messageTitle":"A-TextUiTesting Done","messageBody":"","tags":["A-TextUiTesting"],"fileTypesAndContributionMap":{"txt":{"insertions":9,"deletions":0},"sh":{"insertions":1,"deletions":1}}},{"hash":"0bcf2758cbd2f65b2a31148bcab2dcc935374522","isMergeCommit":false,"messageTitle":"A-enums Complete","messageBody":"","tags":["A-Enums"],"fileTypesAndContributionMap":{"java":{"insertions":71,"deletions":33}}}]}]},"authorFileTypeContributionMap":{"dedsecrattle":{"java":274,"md":0,"fxml":0,"sh":1,"bat":0,"gradle":0,"txt":9}},"authorContributionVariance":{"dedsecrattle":27556.0},"authorDisplayNameMap":{"dedsecrattle":"KUMA..BHAT"}}
