{"authorDailyContributionsMap":{"dedsecrattle":[{"date":"2024-01-23","commitResults":[{"hash":"284ae0f094b6efc19f31bd2a06c06f55b1e29ab2","isMergeCommit":false,"messageTitle":"Level-0 Add Jivox and Delete Duke","messageBody":"","tags":["Level-0"],"fileTypesAndContributionMap":{"java":{"insertions":28,"deletions":10}}},{"hash":"7733b217df2e89360c2052fa343fd4c67d8e6a51","isMergeCommit":false,"messageTitle":"Level-1 Add Echo","messageBody":"","tags":["Level-1"],"fileTypesAndContributionMap":{"java":{"insertions":19,"deletions":0}}},{"hash":"db1ea2b5e69e9fdad2bc53557701c8f8632fff75","isMergeCommit":false,"messageTitle":"Level-2 Implement Add and List","messageBody":"","tags":["Level-2"],"fileTypesAndContributionMap":{"java":{"insertions":22,"deletions":3}}},{"hash":"89e2fb9db67496863e49d43e4cb3e84b2e3e363e","isMergeCommit":false,"messageTitle":"Level-3 Add mark and unmark","messageBody":"","tags":["Level-3"],"fileTypesAndContributionMap":{"java":{"insertions":54,"deletions":5}}},{"hash":"dbf22790507069ab4eb1a1f7db4f557478dbb25d","isMergeCommit":false,"messageTitle":"Level-4 Add Todo, Event, Deadline","messageBody":"","tags":["Level-4"],"fileTypesAndContributionMap":{"java":{"insertions":62,"deletions":5}}},{"hash":"522a2a7df41a651538b26a6edaa16c230139d119","isMergeCommit":false,"messageTitle":"Level-5 Add Exception Handling","messageBody":"","tags":["Level-5"],"fileTypesAndContributionMap":{"java":{"insertions":56,"deletions":14}}},{"hash":"175a4d22d194f600e4be6e4b9ee9cf848c326dfb","isMergeCommit":false,"messageTitle":"Level-6 Add Delete functionality","messageBody":"","tags":["Level-6"],"fileTypesAndContributionMap":{"java":{"insertions":22,"deletions":0}}},{"hash":"3689ad831d2e53371ab18ef4ece17a26cb5bd9ac","isMergeCommit":false,"messageTitle":"A-TextUiTesting Done","messageBody":"","tags":["A-TextUiTesting"],"fileTypesAndContributionMap":{"txt":{"insertions":9,"deletions":0},"sh":{"insertions":1,"deletions":1}}},{"hash":"0bcf2758cbd2f65b2a31148bcab2dcc935374522","isMergeCommit":false,"messageTitle":"A-enums Complete","messageBody":"","tags":["A-Enums"],"fileTypesAndContributionMap":{"java":{"insertions":71,"deletions":33}}}]},{"date":"2024-01-28","commitResults":[{"hash":"728ab512b8cf0744ba35d95c48b24f62c4c22a4f","isMergeCommit":false,"messageTitle":"Add Local Database to store tasks","messageBody":"","fileTypesAndContributionMap":{"txt":{"insertions":3,"deletions":0},"java":{"insertions":190,"deletions":25}}},{"hash":"354cb0b5a75f0705805f8215bae19e6459fba939","isMergeCommit":false,"messageTitle":"Implement Level-7","messageBody":"","fileTypesAndContributionMap":{"java":{"insertions":25,"deletions":9}}},{"hash":"08cba688fc4b53e98d347c99de1684b1690a1c0d","isMergeCommit":false,"messageTitle":"Fix Database","messageBody":"","fileTypesAndContributionMap":{"txt":{"insertions":6,"deletions":0},"java":{"insertions":11,"deletions":24}}},{"hash":"8f7f840cc017b5efd1725e43f89fb96ae6e14b9a","isMergeCommit":true,"messageTitle":"Merge branch \u0027branch-Level-7\u0027 Merged Branch-level-7 to Master","messageBody":"","tags":["Level-7"],"fileTypesAndContributionMap":{}}]},{"date":"2024-01-29","commitResults":[{"hash":"26c9688c86495506c6011226314503cd759ee6a1","isMergeCommit":false,"messageTitle":"Add DateTime","messageBody":"","fileTypesAndContributionMap":{"java":{"insertions":94,"deletions":22}}},{"hash":"7c797ea43ca467ef58e482ce873c413e5c72b959","isMergeCommit":true,"messageTitle":"Merge branch \u0027branch-Level-8\u0027","messageBody":"","tags":["Level-8"],"fileTypesAndContributionMap":{}},{"hash":"43e38d930b358e0918e3748d277d363374d44ada","isMergeCommit":false,"messageTitle":"Abstracted out New Classes","messageBody":"","tags":["A-MoreOOP"],"fileTypesAndContributionMap":{"java":{"insertions":210,"deletions":115}}},{"hash":"e8a41dd2bdf9f25e8a0be2926bcbd99c4c223ccc","isMergeCommit":false,"messageTitle":"A-Packages Done","messageBody":"","tags":["A-Packages"],"fileTypesAndContributionMap":{"java":{"insertions":35,"deletions":3}}},{"hash":"881d7af199d51e54831d2f4e32d916209f5c8ae5","isMergeCommit":true,"messageTitle":"Merge branch \u0027add-gradle-support\u0027","messageBody":"","fileTypesAndContributionMap":{}}]},{"date":"2024-01-30","commitResults":[{"hash":"f2c197a45fb5688b27664a4c8d92f9251c4f1837","isMergeCommit":false,"messageTitle":"Added Gradle to Project","messageBody":"","tags":["A-Gradle"],"fileTypesAndContributionMap":{"gradle":{"insertions":2,"deletions":1}}},{"hash":"ecac9e85403cc5556c9c71e19193847f01b0227d","isMergeCommit":false,"messageTitle":"Add JUnit tests","messageBody":"","fileTypesAndContributionMap":{"gradle":{"insertions":0,"deletions":43},"txt":{"insertions":0,"deletions":18},"java":{"insertions":0,"deletions":641},"bat":{"insertions":0,"deletions":21},"sh":{"insertions":0,"deletions":38},"md":{"insertions":0,"deletions":63}}},{"hash":"9bbed42aea4097da0f42996c004a20eba5c74de3","isMergeCommit":false,"messageTitle":"Add JUnit tests more","messageBody":"","tags":["A-JUnit"],"fileTypesAndContributionMap":{"gradle":{"insertions":44,"deletions":0},"txt":{"insertions":18,"deletions":0},"java":{"insertions":820,"deletions":0},"bat":{"insertions":21,"deletions":0},"sh":{"insertions":38,"deletions":0},"md":{"insertions":63,"deletions":0}}},{"hash":"6c25e80641f211fd0359433263f3e23b2904bdad","isMergeCommit":false,"messageTitle":"Add A-Jar","messageBody":"","tags":["A-Jar"],"fileTypesAndContributionMap":{"gradle":{"insertions":1,"deletions":3}}}]},{"date":"2024-01-31","commitResults":[{"hash":"e25d7888e98310deaa258de6ad90ac41d377e73f","isMergeCommit":false,"messageTitle":"Add Find functionality","messageBody":"","fileTypesAndContributionMap":{"java":{"insertions":42,"deletions":1}}}]},{"date":"2024-02-01","commitResults":[{"hash":"8553882844879703e6182ab9fab4d78915c7ec31","isMergeCommit":false,"messageTitle":"Fix Checkstyle and Add Gradle checkstyle","messageBody":"","fileTypesAndContributionMap":{"gradle":{"insertions":4,"deletions":0},"java":{"insertions":328,"deletions":283}}},{"hash":"e09110ac2e77ad640aeb38f3df4a83f2b2a1350f","isMergeCommit":false,"messageTitle":"Add JavaDoc","messageBody":"","fileTypesAndContributionMap":{"java":{"insertions":252,"deletions":11}}},{"hash":"fe3db8352b5cfe889aff4dfb0f9f0aef07b56bb3","isMergeCommit":true,"messageTitle":"Merge branch \u0027branch-A-JavaDoc\u0027","messageBody":"","tags":["A-JavaDoc"],"fileTypesAndContributionMap":{}},{"hash":"0375c3e76a6e4978ee8668562893968bce83ea5e","isMergeCommit":true,"messageTitle":"Merge branch \u0027branch-A-CodingStandard\u0027","messageBody":"","fileTypesAndContributionMap":{}},{"hash":"e13977cb721c0d5e64e8bf8a25a608c3f87f51e4","isMergeCommit":false,"messageTitle":"Checkstyle Fix","messageBody":"","fileTypesAndContributionMap":{"java":{"insertions":94,"deletions":27}}},{"hash":"9e5c63028da4f435755da010d121d68cf1782feb","isMergeCommit":true,"messageTitle":"Merge branch \u0027branch-Level-9\u0027","messageBody":"","fileTypesAndContributionMap":{}},{"hash":"79a36a125f40e5285aeedfd4a882120ef7df9a37","isMergeCommit":false,"messageTitle":"Add Find functionality Level-9","messageBody":"","fileTypesAndContributionMap":{"java":{"insertions":9,"deletions":4}}},{"hash":"77cc2d7f9e2d6ec858edd9c54216bfc11df78ae1","isMergeCommit":false,"messageTitle":"Fix Find Functionality - Complete Level-9","messageBody":"","tags":["Level-9"],"fileTypesAndContributionMap":{"java":{"insertions":18,"deletions":11}}},{"hash":"ad139bee565f1d5e5a723266a1163ba99b8cd964","isMergeCommit":false,"messageTitle":"Fix checkstyle and Update JavaDoc","messageBody":"","tags":["A-CodingStandard"],"fileTypesAndContributionMap":{"java":{"insertions":4,"deletions":6}}}]},{"date":"2024-02-04","commitResults":[{"hash":"1b19464b24b93081c432f9f3a4294b6093285404","isMergeCommit":false,"messageTitle":"Update Gradle","messageBody":"","fileTypesAndContributionMap":{"gradle":{"insertions":8,"deletions":0},"java":{"insertions":1,"deletions":1}}}]},{"date":"2024-02-08","commitResults":[{"hash":"28c620224f3b9728f175260fc527a88303433b70","isMergeCommit":false,"messageTitle":"Add JavaFX","messageBody":"","fileTypesAndContributionMap":{"gradle":{"insertions":14,"deletions":1},"fxml":{"insertions":43,"deletions":0},"java":{"insertions":272,"deletions":141}}},{"hash":"7e5d3d03ef807995dc1ae42f38b2f75f89e8a57b","isMergeCommit":true,"messageTitle":"Merge branch \u0027branch-Level-10\u0027","messageBody":"","tags":["Level-10"],"fileTypesAndContributionMap":{}}]},{"date":"2024-02-09","commitResults":[{"hash":"05365f2b47efe7ff9a0fb66e16cb63fca66f55b4","isMergeCommit":false,"messageTitle":"Fix Checkstyle","messageBody":"","tags":["A-CheckStyle"],"fileTypesAndContributionMap":{"java":{"insertions":7,"deletions":3}}}]},{"date":"2024-02-14","commitResults":[{"hash":"cd5c07c7739009fda8d5c54319ae1664d8294049","isMergeCommit":false,"messageTitle":"Add Streams","messageBody":"","fileTypesAndContributionMap":{"java":{"insertions":28,"deletions":34}}},{"hash":"8a5f8afc26aa97079c22f66243e3e659e974cb4e","isMergeCommit":true,"messageTitle":"Merge branch \u0027branch-A-Streams\u0027","messageBody":"","tags":["A-Streams"],"fileTypesAndContributionMap":{}}]},{"date":"2024-02-15","commitResults":[{"hash":"f597edaf3ac0eed3bac13c6b0cbafd2215eacad3","isMergeCommit":false,"messageTitle":"Fix CodeQuality","messageBody":"Following are the Changes -\n- Removed reductant saving of tasks at every command\n- refactored the code\n- Resolved some Code Quality issues\n","fileTypesAndContributionMap":{"java":{"insertions":12,"deletions":22}}},{"hash":"c45a000eba8d6646716340b628be621bbfadcd8c","isMergeCommit":true,"messageTitle":"Merge branch \u0027branch-A-CodeQuality\u0027","messageBody":"","tags":["A-CodeQuality"],"fileTypesAndContributionMap":{}},{"hash":"c8c8b75827ae39a83e35da6428591ded5f2fac37","isMergeCommit":false,"messageTitle":"Add BCD-Extension","messageBody":"","fileTypesAndContributionMap":{"java":{"insertions":66,"deletions":12}}},{"hash":"e2430e25231e49624e707fa60edf08ca74d0aa38","isMergeCommit":false,"messageTitle":"Add onClose Event Handle","messageBody":"Save the tasklist if the user closes the application\nforcefully\n","fileTypesAndContributionMap":{"java":{"insertions":13,"deletions":7}}},{"hash":"9ee5fbc3d9cea7af2873aca60a68079d7322661d","isMergeCommit":true,"messageTitle":"Merge pull request #1 from dedsecrattle/branch-A-CodeQuality","messageBody":"Add onClose Event Handle","fileTypesAndContributionMap":{}}]},{"date":"2024-02-16","commitResults":[{"hash":"7cb6c008bcb10a22453e2e5456e7af6aa906d7ac","isMergeCommit":false,"messageTitle":"Add Assertions","messageBody":"","fileTypesAndContributionMap":{"java":{"insertions":5,"deletions":2}}},{"hash":"0e2657e60e321b26c0d06036ee10cc38a52515e3","isMergeCommit":true,"messageTitle":"Implement A-Assertions","messageBody":"Following Changes made -\n- Add assertions in \u0027Jivox.java\u0027, \u0027DatabaseHandler.java\u0027\n- Removed Commented Code\n","tags":["A-Assertions"],"fileTypesAndContributionMap":{}},{"hash":"2708a81774489137ab694a054d7d186b53d207e5","isMergeCommit":false,"messageTitle":"Fix Checkstyle","messageBody":"- Fixed Checkstyle\n- Remove commented code\n- Add javadoc\n","fileTypesAndContributionMap":{"java":{"insertions":13,"deletions":11}}},{"hash":"940c930638c983a56c9100df347dff8546560748","isMergeCommit":false,"messageTitle":"Fix Checkstyle","messageBody":"","fileTypesAndContributionMap":{"java":{"insertions":2,"deletions":3}}},{"hash":"c021dbe55b5c8b2cb269d3b37d480f843f484429","isMergeCommit":false,"messageTitle":"Add C-Tagging","messageBody":"","fileTypesAndContributionMap":{"java":{"insertions":110,"deletions":37}}},{"hash":"a0d9d0962161b707235b5c5866a7bf4c144e2f07","isMergeCommit":true,"messageTitle":"Implement BCD-Extension","messageBody":"Following Extensions Added -\n1. B-Duplicated - No Duplicate Task can be added\n2. C-Tagging - Tasks can be tagged with a Keyword\n","tags":["A-FullCommitMessage"],"fileTypesAndContributionMap":{}},{"hash":"cbe6d3e2b1924a2748cb607e1c2336e925eb80c8","isMergeCommit":false,"messageTitle":"Fix Checkstyle","messageBody":"- Checkstyle issues fixe\n- Commented code remove\n- Refactor code\n","tags":["BCD-Extension"],"fileTypesAndContributionMap":{"java":{"insertions":68,"deletions":42}}},{"hash":"5238d6f0c6a2e9a9b91242d54eb6dc5f30a407f2","isMergeCommit":false,"messageTitle":"Complete Week-5 iP Tasks","messageBody":"","fileTypesAndContributionMap":{"java":{"insertions":1,"deletions":1}}}]},{"date":"2024-02-18","commitResults":[{"hash":"f2ecc5c237d2c92c69945bcc1efad7bd0a8014cd","isMergeCommit":false,"messageTitle":"Better GUI","messageBody":"","fileTypesAndContributionMap":{"fxml":{"insertions":25,"deletions":13},"java":{"insertions":3,"deletions":4}}},{"hash":"98284576ce4a157a8348549dd564a4930caacc7b","isMergeCommit":false,"messageTitle":"GUI Improved","messageBody":"","fileTypesAndContributionMap":{"fxml":{"insertions":10,"deletions":13},"java":{"insertions":3,"deletions":1}}},{"hash":"0101e399e79d0d473bac43155ec763197ee78e4f","isMergeCommit":false,"messageTitle":"Fix Checkstyle","messageBody":"","fileTypesAndContributionMap":{"java":{"insertions":1,"deletions":5}}},{"hash":"f6f32bba4f220dfbcc5522a30385ccff0d6bac9f","isMergeCommit":true,"messageTitle":"Merge pull request #3 from dedsecrattle/A-MoreBeautifulGUI","messageBody":"A more beautifulGUI","tags":["A-BetterGui"],"fileTypesAndContributionMap":{}}]},{"date":"2024-02-20","commitResults":[{"hash":"2907ca09aebe4bd8317431d2cd4fbb05c9be954d","isMergeCommit":false,"messageTitle":"Update README.md","messageBody":"Added UserGuide for the Bot","tags":["A-UserGuide"],"fileTypesAndContributionMap":{"md":{"insertions":161,"deletions":14}}},{"hash":"4e6993e58eb183bece1d36c45e212f7ca6f21adf","isMergeCommit":false,"messageTitle":"Update UI","messageBody":"","fileTypesAndContributionMap":{"fxml":{"insertions":1,"deletions":1}}}]},{"date":"2024-02-21","commitResults":[{"hash":"73cf6a264cb3d4dcde63852135046345374f741a","isMergeCommit":false,"messageTitle":"Add Jivox Exceptions Classes","messageBody":"","fileTypesAndContributionMap":{"java":{"insertions":251,"deletions":68}}},{"hash":"1bf0fca44fd748f47a96ca8058c877cb464cdf3e","isMergeCommit":false,"messageTitle":"Fix Checkstyle","messageBody":"","fileTypesAndContributionMap":{"java":{"insertions":17,"deletions":13}}},{"hash":"b854176e639ae2501dc277d18c58593a8b285895","isMergeCommit":true,"messageTitle":"Merge pull request #4 from dedsecrattle/A-MoreExceptions","messageBody":"Add Jivox Exceptions Classes","fileTypesAndContributionMap":{}},{"hash":"83b4d8d17f172c5e8c0d7e091ea4864a2cdbfa56","isMergeCommit":false,"messageTitle":"Update Exceptions","messageBody":"","fileTypesAndContributionMap":{"java":{"insertions":18,"deletions":53}}}]},{"date":"2024-02-22","commitResults":[{"hash":"80985264fad934b762e6fcc837b42fd305403385","isMergeCommit":false,"messageTitle":"Improve Code Quality","messageBody":"","tags":["A-AiAssisted"],"fileTypesAndContributionMap":{"gradle":{"insertions":2,"deletions":1},"java":{"insertions":85,"deletions":80}}},{"hash":"8ebc52b980acb7efe666c967dcaab2b01df11c5f","isMergeCommit":false,"messageTitle":"Fix Emoji","messageBody":"","tags":["A-Personality"],"fileTypesAndContributionMap":{"java":{"insertions":1,"deletions":1}}},{"hash":"c9ebfd9e56804651e0e1bb717731b0a2375fd2db","isMergeCommit":false,"messageTitle":"Add Followings :-","messageBody":"1- Ui.png added to docs\n2- More Exceptions Handled\n","tags":["A-MoreErrorHandling"],"fileTypesAndContributionMap":{"java":{"insertions":20,"deletions":11}}},{"hash":"1a17529cedc45c358be0b2a8baaf02863ee9558b","isMergeCommit":false,"messageTitle":"Fix Checkstyle","messageBody":"","fileTypesAndContributionMap":{"gradle":{"insertions":1,"deletions":1},"java":{"insertions":3,"deletions":3}}}]},{"date":"2024-02-23","commitResults":[{"hash":"1356003fbd3b51d4a379fb92b1166e4367939479","isMergeCommit":false,"messageTitle":"Update Font","messageBody":"","tags":["A-Release"],"fileTypesAndContributionMap":{"fxml":{"insertions":4,"deletions":4}}}]}]},"authorFileTypeContributionMap":{"dedsecrattle":{"java":1655,"md":161,"fxml":52,"sh":1,"bat":0,"gradle":30,"txt":18}},"authorContributionVariance":{"dedsecrattle":126474.445},"authorDisplayNameMap":{"dedsecrattle":"CS2103T-T16-1 KUMA..BHAT"}}
