{"authorDailyContributionsMap":{"cliftonchee":[{"date":"2024-01-24","commitResults":[{"hash":"854c70f98f3e6386163f6377e6890e62eff822b4","isMergeCommit":false,"messageTitle":"Add standard replies","messageBody":"","fileTypesAndContributionMap":{"java":{"insertions":12,"deletions":10}}},{"hash":"df32fd1c8dcf38e7a782a66d67c624621cbe6f48","isMergeCommit":false,"messageTitle":"Add standard replies","messageBody":"","tags":["Level-0"],"fileTypesAndContributionMap":{"java":{"insertions":27,"deletions":4}}},{"hash":"7895409fb5a45ccf59d4d8364296d9be4847da25","isMergeCommit":false,"messageTitle":"Rename chatbot and check for exit condition","messageBody":"","fileTypesAndContributionMap":{"java":{"insertions":28,"deletions":11}}},{"hash":"f6cdfb3140f88a74c6c4eccae14cf73ec5f9640b","isMergeCommit":false,"messageTitle":"Change speech patterns for chatbot","messageBody":"","tags":["Level-1"],"fileTypesAndContributionMap":{"java":{"insertions":25,"deletions":4}}},{"hash":"19790ea2765cd25e5b5fec0224f813b667b1d4ab","isMergeCommit":false,"messageTitle":"Added add and list functionality","messageBody":"","tags":["Level-2"],"fileTypesAndContributionMap":{"java":{"insertions":62,"deletions":4}}},{"hash":"42f6599e2406ac66fdfdc9a04c6bdc329f089899","isMergeCommit":false,"messageTitle":"Added Task and to mark","messageBody":"","fileTypesAndContributionMap":{"java":{"insertions":44,"deletions":15}}},{"hash":"9e6d1e2a7638f52693bdc06e78efbf21f9eb57bb","isMergeCommit":false,"messageTitle":"Added logic for mark and unmarkTask","messageBody":"","tags":["Level-3"],"fileTypesAndContributionMap":{"java":{"insertions":46,"deletions":13}}},{"hash":"38e43069dbae08934e4e742696f373a4b244a05f","isMergeCommit":false,"messageTitle":"Added different types of tasks","messageBody":"","tags":["Level-4"],"fileTypesAndContributionMap":{"java":{"insertions":85,"deletions":12}}},{"hash":"7d9a544b62a87731af622acff2f0086f9ef9b8aa","isMergeCommit":false,"messageTitle":"Added Text UI testing","messageBody":"","tags":["A-TextUiTesting"],"fileTypesAndContributionMap":{"txt":{"insertions":10,"deletions":0},"bat":{"insertions":1,"deletions":1},"sh":{"insertions":1,"deletions":1}}},{"hash":"12b93bef4fe9600319f7efa52607d8c4889a8ee5","isMergeCommit":false,"messageTitle":"Added exception handling","messageBody":"","tags":["Level-5"],"fileTypesAndContributionMap":{"java":{"insertions":109,"deletions":23},"md":{"insertions":2,"deletions":2}}},{"hash":"fbbaacd48b2bf20fa41bdd95861940f1e6a5617a","isMergeCommit":false,"messageTitle":"Delete function and error handling","messageBody":"","tags":["Level-6"],"fileTypesAndContributionMap":{"java":{"insertions":38,"deletions":2}}},{"hash":"5bd7399b015af0945df0f7b65c534ed53c78260d","isMergeCommit":false,"messageTitle":"Refactored and added enums","messageBody":"","tags":["A-Enums"],"fileTypesAndContributionMap":{"java":{"insertions":40,"deletions":19}}}]},{"date":"2024-01-25","commitResults":[{"hash":"e32ac6b0d2728b073a206ae9fc9b58c2de3104ef","isMergeCommit":false,"messageTitle":"Refactoring of code","messageBody":"","fileTypesAndContributionMap":{"java":{"insertions":120,"deletions":116}}}]}]},"authorFileTypeContributionMap":{"cliftonchee":{"java":413,"md":2,"fxml":0,"sh":1,"bat":1,"gradle":0,"txt":10}},"authorContributionVariance":{"cliftonchee":52443.062},"authorDisplayNameMap":{"cliftonchee":"CS2103T-F10-3 CHEE..FTON"}}
