{"authorDailyContributionsMap":{"Benson15912":[{"date":"2024-01-24","commitResults":[{"hash":"23386de4ca18c3532ee1d3904cd4b328157e4db1","isMergeCommit":false,"messageTitle":"Test commit","messageBody":"","fileTypesAndContributionMap":{"java":{"insertions":1,"deletions":0}}},{"hash":"53b82d489539d01d4813bd47c87b9b690ceb87fb","isMergeCommit":false,"messageTitle":"Added Level 0","messageBody":"","tags":["Level-0"],"fileTypesAndContributionMap":{"java":{"insertions":15,"deletions":7}}},{"hash":"584c32fd2800e755790c97e0ac8daeac0274d3b6","isMergeCommit":false,"messageTitle":"Added Level-1","messageBody":"","tags":["Level-1"],"fileTypesAndContributionMap":{"java":{"insertions":14,"deletions":0}}},{"hash":"a757b0072ae8b900ed8cddb99cee859ffb79e27a","isMergeCommit":false,"messageTitle":"Added Level-2","messageBody":"","tags":["Level-2"],"fileTypesAndContributionMap":{"java":{"insertions":34,"deletions":6}}},{"hash":"6c8e4b8125e8826de0ddf4f82a287ec550503bd6","isMergeCommit":false,"messageTitle":"Level 3","messageBody":"","tags":["Level-3"],"fileTypesAndContributionMap":{"java":{"insertions":59,"deletions":7}}}]},{"date":"2024-01-25","commitResults":[{"hash":"db71694556acf4514d0e7c505ff51ffadd0ae44b","isMergeCommit":false,"messageTitle":"Level-4","messageBody":"","tags":["Level-4"],"fileTypesAndContributionMap":{"java":{"insertions":92,"deletions":23}}},{"hash":"1594501b4da778cf9a0c4a5e4248290dba608bf5","isMergeCommit":false,"messageTitle":"Added Exceptions","messageBody":"","tags":["Level-5"],"fileTypesAndContributionMap":{"java":{"insertions":88,"deletions":7}}},{"hash":"4e8df4d1fb1b7bff1f4d4947c0df302a5ed3ea61","isMergeCommit":false,"messageTitle":"Added 1 test case and tidied exception handling","messageBody":"","fileTypesAndContributionMap":{"txt":{"insertions":4,"deletions":0},"java":{"insertions":55,"deletions":87}}},{"hash":"b9a3a2f843194daab4ddb883233d4f204bf36d04","isMergeCommit":false,"messageTitle":"Level-6 added delete function","messageBody":"","tags":["Level-6"],"fileTypesAndContributionMap":{"java":{"insertions":49,"deletions":6}}},{"hash":"60e897936ed396b97646f32f3f7a5b032dcc1121","isMergeCommit":false,"messageTitle":"Added test cases","messageBody":"","fileTypesAndContributionMap":{"txt":{"insertions":26,"deletions":4},"java":{"insertions":17,"deletions":4},"sh":{"insertions":51,"deletions":14}}},{"hash":"8a50ca2acbc6a40f27c5475a558ee3f9ac36d9fc","isMergeCommit":false,"messageTitle":"Added Test cases","messageBody":"","tags":["A-TextUiTesting"],"fileTypesAndContributionMap":{"txt":{"insertions":1,"deletions":1}}}]},{"date":"2024-01-31","commitResults":[{"hash":"daf29d1ea84a5078a73bbc47b477895b70afa7a5","isMergeCommit":false,"messageTitle":"no message","messageBody":"","fileTypesAndContributionMap":{"txt":{"insertions":1,"deletions":1},"java":{"insertions":13,"deletions":15}}}]},{"date":"2024-02-01","commitResults":[{"hash":"11d6c62ce42e062380dff3de296860cd342776ba","isMergeCommit":false,"messageTitle":"Add Level-7","messageBody":"","tags":["Level-7"],"fileTypesAndContributionMap":{"txt":{"insertions":4,"deletions":0},"java":{"insertions":54,"deletions":9}}}]},{"date":"2024-02-02","commitResults":[{"hash":"b47ed494b8a3da85a21d88916e387128124be886","isMergeCommit":false,"messageTitle":"Add new classes for OOP","messageBody":"","fileTypesAndContributionMap":{"txt":{"insertions":0,"deletions":4},"java":{"insertions":44,"deletions":8}}},{"hash":"db812e90643769e750d82ebaa0dc90f29573135e","isMergeCommit":false,"messageTitle":"Add more OOP and new classes to encapsulate","messageBody":"","tags":["A-MoreOOP"],"fileTypesAndContributionMap":{"java":{"insertions":39,"deletions":4}}}]},{"date":"2024-02-03","commitResults":[{"hash":"9f1cf424a017e248c260a2db22e58f936774745e","isMergeCommit":false,"messageTitle":"Add Level-8 Date time feature","messageBody":"","tags":["Level-8"],"fileTypesAndContributionMap":{"java":{"insertions":347,"deletions":180},"md":{"insertions":2,"deletions":2}}},{"hash":"1bc2614a755615b3d834457d0ca286a0cd8e56a3","isMergeCommit":false,"messageTitle":"no message","messageBody":"","fileTypesAndContributionMap":{"txt":{"insertions":0,"deletions":0},"bat":{"insertions":0,"deletions":21}}},{"hash":"c6c22c9dc34f2ba5b039d603be7b7c66bcae8cc8","isMergeCommit":false,"messageTitle":"no message","messageBody":"","fileTypesAndContributionMap":{"txt":{"insertions":6,"deletions":0},"bat":{"insertions":21,"deletions":0}}},{"hash":"e91b5b5a74144dc9cb73a356bd22436424f87120","isMergeCommit":true,"messageTitle":"Merge branch \u0027add-gradle-support\u0027","messageBody":"","tags":["A-Gradle"],"fileTypesAndContributionMap":{}},{"hash":"137d1476bc76d89f6c783ecd1acd9ea53c4b8b20","isMergeCommit":false,"messageTitle":"Fix Exit Code","messageBody":"","tags":["A-Packages"],"fileTypesAndContributionMap":{"java":{"insertions":1,"deletions":1}}}]},{"date":"2024-02-04","commitResults":[{"hash":"c8331e966cf3cc4568dba50dfc6f94eb0999abfa","isMergeCommit":false,"messageTitle":"Add JUnit Test","messageBody":"","tags":["A-JUnit"],"fileTypesAndContributionMap":{"java":{"insertions":6,"deletions":0}}},{"hash":"2e5abfb73212afe8a4df8227a64828eb99baaf2d","isMergeCommit":false,"messageTitle":"Add Storage OOP","messageBody":"","tags":["A-Jar"],"fileTypesAndContributionMap":{"txt":{"insertions":5,"deletions":3},"java":{"insertions":153,"deletions":66},"bat":{"insertions":1,"deletions":1},"md":{"insertions":2,"deletions":2}}},{"hash":"b89ca4c83527facab1a643762f6be3ce3d1a2a3b","isMergeCommit":false,"messageTitle":"Add Javadocs","messageBody":"","tags":["A-JavaDoc"],"fileTypesAndContributionMap":{"gradle":{"insertions":3,"deletions":2},"txt":{"insertions":3,"deletions":5},"java":{"insertions":409,"deletions":105}}},{"hash":"482265d8a3d23277c1c26aa9e490b653af53359d","isMergeCommit":false,"messageTitle":"Add JavaDocs","messageBody":"","fileTypesAndContributionMap":{"java":{"insertions":425,"deletions":106}}},{"hash":"35b8d97b84b48578198a50c786d92a353b8a2b13","isMergeCommit":false,"messageTitle":"no message","messageBody":"","fileTypesAndContributionMap":{"txt":{"insertions":0,"deletions":8}}},{"hash":"fdddca5bea73f0b9b6a83864197bcb5a68da93c4","isMergeCommit":false,"messageTitle":"Modified Package names","messageBody":"","fileTypesAndContributionMap":{"java":{"insertions":56,"deletions":60},"bat":{"insertions":1,"deletions":1},"md":{"insertions":2,"deletions":2}}},{"hash":"8e08b71119e42c5ea5e6fa2e529f1ff7c58d852a","isMergeCommit":true,"messageTitle":"Merge commit \u0027b89ca4c83527facab1a643762f6be3ce3d1a2a3b\u0027","messageBody":"# Conflicts:\n#\tsrc/main/duke.txt\n#\tsrc/main/java/Parser/Parser.java\n#\tsrc/main/java/Tasks/Deadline.java\n#\tsrc/main/java/Tasks/Todo.java\n","fileTypesAndContributionMap":{}},{"hash":"eb1d26d479705eb04a36c976943cf545c8d385a3","isMergeCommit":true,"messageTitle":"Merge remote-tracking branch \u0027origin/branch-A-CodingStandard\u0027","messageBody":"","fileTypesAndContributionMap":{}},{"hash":"151425e400f5bc81bad884da3debe5ab27656c56","isMergeCommit":false,"messageTitle":"Fix line and indentations","messageBody":"","tags":["A-CodingStandard"],"fileTypesAndContributionMap":{"java":{"insertions":66,"deletions":64}}},{"hash":"48bbc9590b35e509ab31849308be2572d85a0c96","isMergeCommit":true,"messageTitle":"Merge branch \u0027branch-A-CodingStandard\u0027","messageBody":"","fileTypesAndContributionMap":{}},{"hash":"8abd9c739e531fe931433a029a3dcff72bc627f9","isMergeCommit":false,"messageTitle":"no message","messageBody":"","fileTypesAndContributionMap":{"txt":{"insertions":3,"deletions":3}}},{"hash":"fa77fb3ec45a861256d0ac7bc91d4ad0cfb2a358","isMergeCommit":true,"messageTitle":"Merge branch \u0027master\u0027 of https://github.com/Benson15912/ip","messageBody":"* \u0027master\u0027 of https://github.com/Benson15912/ip:\n  Fix line and indentations\n  Modified Package names\n  no message\n  no message\n  Add JavaDocs\n  Add Javadocs\n  Add Storage OOP\n  Add JUnit Test\n\n# Conflicts:\n#\tsrc/main/duke.txt\n","fileTypesAndContributionMap":{}},{"hash":"a16f8d906e2537bebcddf98b5db031f7dc92a5bb","isMergeCommit":false,"messageTitle":"Add savefile creation","messageBody":"","fileTypesAndContributionMap":{"gradle":{"insertions":1,"deletions":1},"txt":{"insertions":3,"deletions":3},"java":{"insertions":13,"deletions":1}}},{"hash":"4947978afc353b058277fa4d72b40bbd492142ff","isMergeCommit":false,"messageTitle":"Add Level-9","messageBody":"","tags":["Level-9"],"fileTypesAndContributionMap":{"java":{"insertions":47,"deletions":0}}},{"hash":"f40eb331b30eaaea1b7c05a3594b6a89196df715","isMergeCommit":false,"messageTitle":"Reformat code according to checkstyle","messageBody":"","tags":["A-CheckStyle"],"fileTypesAndContributionMap":{"gradle":{"insertions":5,"deletions":0},"java":{"insertions":93,"deletions":69}}}]}]},"authorFileTypeContributionMap":{"Benson15912":{"java":1060,"md":2,"fxml":0,"sh":49,"bat":1,"gradle":8,"txt":32}},"authorContributionVariance":{"Benson15912":192287.22},"authorDisplayNameMap":{"Benson15912":"CS2103T-F10-4 BENS..KIAT"}}
