[{"path":"README.md","fileType":"md","lines":[{"lineNumber":1,"author":{"gitId":"sethteo"},"content":"# SlayBot.SlayBot project template","lastModifiedDate":"2024-01-30"},{"lineNumber":2,"author":{"gitId":"-"},"content":"","lastModifiedDate":"2020-05-25"},{"lineNumber":3,"author":{"gitId":"-"},"content":"This is a project template for a greenfield Java project. It\u0027s named after the Java mascot _Duke_. Given below are instructions on how to use it.","lastModifiedDate":"2020-05-25"},{"lineNumber":4,"author":{"gitId":"-"},"content":"","lastModifiedDate":"2020-05-25"},{"lineNumber":5,"author":{"gitId":"-"},"content":"## Setting up in Intellij","lastModifiedDate":"2020-05-25"},{"lineNumber":6,"author":{"gitId":"-"},"content":"","lastModifiedDate":"2020-05-25"},{"lineNumber":7,"author":{"gitId":"-"},"content":"Prerequisites: JDK 11, update Intellij to the most recent version.","lastModifiedDate":"2020-05-25"},{"lineNumber":8,"author":{"gitId":"-"},"content":"","lastModifiedDate":"2020-05-25"},{"lineNumber":9,"author":{"gitId":"-"},"content":"1. Open Intellij (if you are not in the welcome screen, click `File` \u003e `Close Project` to close the existing project first)","lastModifiedDate":"2021-01-17"},{"lineNumber":10,"author":{"gitId":"-"},"content":"1. Open the project into Intellij as follows:","lastModifiedDate":"2021-01-17"},{"lineNumber":11,"author":{"gitId":"-"},"content":"   1. Click `Open`.","lastModifiedDate":"2021-01-17"},{"lineNumber":12,"author":{"gitId":"-"},"content":"   1. Select the project directory, and click `OK`.","lastModifiedDate":"2021-01-17"},{"lineNumber":13,"author":{"gitId":"-"},"content":"   1. If there are any further prompts, accept the defaults.","lastModifiedDate":"2020-05-25"},{"lineNumber":14,"author":{"gitId":"-"},"content":"1. Configure the project to use **JDK 11** (not other versions) as explained in [here](https://www.jetbrains.com/help/idea/sdk.html#set-up-jdk).\u003cbr\u003e","lastModifiedDate":"2021-07-29"},{"lineNumber":15,"author":{"gitId":"-"},"content":"   In the same dialog, set the **Project language level** field to the `SDK default` option.","lastModifiedDate":"2021-07-29"},{"lineNumber":16,"author":{"gitId":"sethteo"},"content":"3. After that, locate the `src/main/java/SlayBot.SlayBot.java` file, right-click it, and choose `Run SlayBot.SlayBot.main()` (if the code editor is showing compile errors, try restarting the IDE). If the setup is correct, you should see something like the below as the output:","lastModifiedDate":"2024-01-30"},{"lineNumber":17,"author":{"gitId":"-"},"content":"   ```","lastModifiedDate":"2020-05-25"},{"lineNumber":18,"author":{"gitId":"-"},"content":"   Hello from","lastModifiedDate":"2020-05-25"},{"lineNumber":19,"author":{"gitId":"-"},"content":"    ____        _        ","lastModifiedDate":"2020-05-25"},{"lineNumber":20,"author":{"gitId":"-"},"content":"   |  _ \\ _   _| | _____ ","lastModifiedDate":"2020-05-25"},{"lineNumber":21,"author":{"gitId":"-"},"content":"   | | | | | | | |/ / _ \\","lastModifiedDate":"2020-05-25"},{"lineNumber":22,"author":{"gitId":"-"},"content":"   | |_| | |_| |   \u003c  __/","lastModifiedDate":"2020-05-25"},{"lineNumber":23,"author":{"gitId":"-"},"content":"   |____/ \\__,_|_|\\_\\___|","lastModifiedDate":"2020-05-25"},{"lineNumber":24,"author":{"gitId":"-"},"content":"   ```","lastModifiedDate":"2020-05-25"}],"authorContributionMap":{"sethteo":2,"-":22}},{"path":"build.gradle","fileType":"gradle","lines":[{"lineNumber":1,"author":{"gitId":"-"},"content":"plugins {","lastModifiedDate":"2020-05-25"},{"lineNumber":2,"author":{"gitId":"-"},"content":"    id \u0027java\u0027","lastModifiedDate":"2020-05-25"},{"lineNumber":3,"author":{"gitId":"-"},"content":"    id \u0027application\u0027","lastModifiedDate":"2020-05-25"},{"lineNumber":4,"author":{"gitId":"sethteo"},"content":"    id \u0027checkstyle\u0027","lastModifiedDate":"2024-01-31"},{"lineNumber":5,"author":{"gitId":"-"},"content":"    id \u0027com.github.johnrengelman.shadow\u0027 version \u00277.1.2\u0027","lastModifiedDate":"2023-08-05"},{"lineNumber":6,"author":{"gitId":"-"},"content":"}","lastModifiedDate":"2020-05-25"},{"lineNumber":7,"author":{"gitId":"-"},"content":"","lastModifiedDate":"2020-05-25"},{"lineNumber":8,"author":{"gitId":"-"},"content":"repositories {","lastModifiedDate":"2020-05-25"},{"lineNumber":9,"author":{"gitId":"-"},"content":"    mavenCentral()","lastModifiedDate":"2020-05-25"},{"lineNumber":10,"author":{"gitId":"-"},"content":"}","lastModifiedDate":"2020-05-25"},{"lineNumber":11,"author":{"gitId":"-"},"content":"","lastModifiedDate":"2020-05-25"},{"lineNumber":12,"author":{"gitId":"-"},"content":"dependencies {","lastModifiedDate":"2020-05-25"},{"lineNumber":13,"author":{"gitId":"-"},"content":"    testImplementation group: \u0027org.junit.jupiter\u0027, name: \u0027junit-jupiter-api\u0027, version: \u00275.10.0\u0027","lastModifiedDate":"2023-08-05"},{"lineNumber":14,"author":{"gitId":"-"},"content":"    testRuntimeOnly group: \u0027org.junit.jupiter\u0027, name: \u0027junit-jupiter-engine\u0027, version: \u00275.10.0\u0027","lastModifiedDate":"2023-08-05"},{"lineNumber":15,"author":{"gitId":"-"},"content":"}","lastModifiedDate":"2020-05-25"},{"lineNumber":16,"author":{"gitId":"-"},"content":"","lastModifiedDate":"2020-05-25"},{"lineNumber":17,"author":{"gitId":"-"},"content":"test {","lastModifiedDate":"2020-05-25"},{"lineNumber":18,"author":{"gitId":"-"},"content":"    useJUnitPlatform()","lastModifiedDate":"2020-05-25"},{"lineNumber":19,"author":{"gitId":"-"},"content":"","lastModifiedDate":"2020-05-25"},{"lineNumber":20,"author":{"gitId":"-"},"content":"    testLogging {","lastModifiedDate":"2020-05-25"},{"lineNumber":21,"author":{"gitId":"-"},"content":"        events \"passed\", \"skipped\", \"failed\"","lastModifiedDate":"2020-05-25"},{"lineNumber":22,"author":{"gitId":"-"},"content":"","lastModifiedDate":"2020-05-25"},{"lineNumber":23,"author":{"gitId":"-"},"content":"        showExceptions true","lastModifiedDate":"2020-05-25"},{"lineNumber":24,"author":{"gitId":"-"},"content":"        exceptionFormat \"full\"","lastModifiedDate":"2020-05-25"},{"lineNumber":25,"author":{"gitId":"-"},"content":"        showCauses true","lastModifiedDate":"2020-05-25"},{"lineNumber":26,"author":{"gitId":"-"},"content":"        showStackTraces true","lastModifiedDate":"2020-05-25"},{"lineNumber":27,"author":{"gitId":"-"},"content":"        showStandardStreams \u003d false","lastModifiedDate":"2020-05-25"},{"lineNumber":28,"author":{"gitId":"-"},"content":"    }","lastModifiedDate":"2020-05-25"},{"lineNumber":29,"author":{"gitId":"-"},"content":"}","lastModifiedDate":"2020-05-25"},{"lineNumber":30,"author":{"gitId":"-"},"content":"","lastModifiedDate":"2020-05-25"},{"lineNumber":31,"author":{"gitId":"-"},"content":"application {","lastModifiedDate":"2020-05-25"},{"lineNumber":32,"author":{"gitId":"sethteo"},"content":"    mainClass.set(\"slaybot.SlayBot\")","lastModifiedDate":"2024-01-31"},{"lineNumber":33,"author":{"gitId":"-"},"content":"}","lastModifiedDate":"2020-05-25"},{"lineNumber":34,"author":{"gitId":"-"},"content":"","lastModifiedDate":"2020-05-25"},{"lineNumber":35,"author":{"gitId":"-"},"content":"shadowJar {","lastModifiedDate":"2020-05-25"},{"lineNumber":36,"author":{"gitId":"-"},"content":"    archiveBaseName \u003d \"duke\"","lastModifiedDate":"2020-05-25"},{"lineNumber":37,"author":{"gitId":"-"},"content":"    archiveClassifier \u003d null","lastModifiedDate":"2020-05-25"},{"lineNumber":38,"author":{"gitId":"-"},"content":"    dependsOn(\"distZip\", \"distTar\")","lastModifiedDate":"2023-08-05"},{"lineNumber":39,"author":{"gitId":"-"},"content":"}","lastModifiedDate":"2020-05-25"},{"lineNumber":40,"author":{"gitId":"-"},"content":"","lastModifiedDate":"2020-05-25"},{"lineNumber":41,"author":{"gitId":"-"},"content":"run{","lastModifiedDate":"2020-05-25"},{"lineNumber":42,"author":{"gitId":"-"},"content":"    standardInput \u003d System.in","lastModifiedDate":"2020-05-25"},{"lineNumber":43,"author":{"gitId":"-"},"content":"}","lastModifiedDate":"2020-05-25"}],"authorContributionMap":{"sethteo":2,"-":41}},{"path":"src/main/java/SlayBot/Parser.java","fileType":"java","lines":[{"lineNumber":1,"author":{"gitId":"sethteo"},"content":"package SlayBot;","lastModifiedDate":"2024-01-30"},{"lineNumber":2,"author":{"gitId":"sethteo"},"content":"","lastModifiedDate":"2024-01-30"},{"lineNumber":3,"author":{"gitId":"sethteo"},"content":"import entity.Deadline;","lastModifiedDate":"2024-01-30"},{"lineNumber":4,"author":{"gitId":"sethteo"},"content":"import entity.Event;","lastModifiedDate":"2024-01-30"},{"lineNumber":5,"author":{"gitId":"sethteo"},"content":"import entity.ToDo;","lastModifiedDate":"2024-01-30"},{"lineNumber":6,"author":{"gitId":"sethteo"},"content":"import exception.InvalidDeadlineException;","lastModifiedDate":"2024-01-30"},{"lineNumber":7,"author":{"gitId":"sethteo"},"content":"import exception.InvalidEventException;","lastModifiedDate":"2024-01-30"},{"lineNumber":8,"author":{"gitId":"sethteo"},"content":"import exception.InvalidTodoException;","lastModifiedDate":"2024-01-30"},{"lineNumber":9,"author":{"gitId":"sethteo"},"content":"import exception.UnknownCommandException;","lastModifiedDate":"2024-01-30"},{"lineNumber":10,"author":{"gitId":"sethteo"},"content":"","lastModifiedDate":"2024-01-30"},{"lineNumber":11,"author":{"gitId":"sethteo"},"content":"import java.time.LocalDateTime;","lastModifiedDate":"2024-01-30"},{"lineNumber":12,"author":{"gitId":"sethteo"},"content":"import java.time.format.DateTimeFormatter;","lastModifiedDate":"2024-01-30"},{"lineNumber":13,"author":{"gitId":"sethteo"},"content":"","lastModifiedDate":"2024-01-30"},{"lineNumber":14,"author":{"gitId":"sethteo"},"content":"public class Parser {","lastModifiedDate":"2024-01-30"},{"lineNumber":15,"author":{"gitId":"sethteo"},"content":"","lastModifiedDate":"2024-01-30"},{"lineNumber":16,"author":{"gitId":"sethteo"},"content":"    enum Command {","lastModifiedDate":"2024-01-30"},{"lineNumber":17,"author":{"gitId":"sethteo"},"content":"        BYE,","lastModifiedDate":"2024-01-30"},{"lineNumber":18,"author":{"gitId":"sethteo"},"content":"        LIST,","lastModifiedDate":"2024-01-30"},{"lineNumber":19,"author":{"gitId":"sethteo"},"content":"        TODO,","lastModifiedDate":"2024-01-30"},{"lineNumber":20,"author":{"gitId":"sethteo"},"content":"        DEADLINE,","lastModifiedDate":"2024-01-30"},{"lineNumber":21,"author":{"gitId":"sethteo"},"content":"        EVENT,","lastModifiedDate":"2024-01-30"},{"lineNumber":22,"author":{"gitId":"sethteo"},"content":"        MARK,","lastModifiedDate":"2024-01-30"},{"lineNumber":23,"author":{"gitId":"sethteo"},"content":"        UNMARK,","lastModifiedDate":"2024-01-30"},{"lineNumber":24,"author":{"gitId":"sethteo"},"content":"        DELETE,","lastModifiedDate":"2024-01-30"},{"lineNumber":25,"author":{"gitId":"sethteo"},"content":"","lastModifiedDate":"2024-01-30"},{"lineNumber":26,"author":{"gitId":"sethteo"},"content":"    }","lastModifiedDate":"2024-01-30"},{"lineNumber":27,"author":{"gitId":"sethteo"},"content":"    public Deadline parseDeadline(String[] arr) throws InvalidDeadlineException {","lastModifiedDate":"2024-01-30"},{"lineNumber":28,"author":{"gitId":"sethteo"},"content":"        String deadline_title \u003d \"\";","lastModifiedDate":"2024-01-30"},{"lineNumber":29,"author":{"gitId":"sethteo"},"content":"        String dateTime \u003d \"\";","lastModifiedDate":"2024-01-30"},{"lineNumber":30,"author":{"gitId":"sethteo"},"content":"        String combinedWord \u003d \"\";","lastModifiedDate":"2024-01-30"},{"lineNumber":31,"author":{"gitId":"sethteo"},"content":"","lastModifiedDate":"2024-01-30"},{"lineNumber":32,"author":{"gitId":"sethteo"},"content":"        for (int i \u003d 1; i \u003c arr.length; i++) {","lastModifiedDate":"2024-01-30"},{"lineNumber":33,"author":{"gitId":"sethteo"},"content":"            combinedWord +\u003d arr[i] + \" \";","lastModifiedDate":"2024-01-30"},{"lineNumber":34,"author":{"gitId":"sethteo"},"content":"        }","lastModifiedDate":"2024-01-30"},{"lineNumber":35,"author":{"gitId":"sethteo"},"content":"","lastModifiedDate":"2024-01-30"},{"lineNumber":36,"author":{"gitId":"sethteo"},"content":"        int index \u003d combinedWord.indexOf(\"/by\");","lastModifiedDate":"2024-01-30"},{"lineNumber":37,"author":{"gitId":"sethteo"},"content":"","lastModifiedDate":"2024-01-30"},{"lineNumber":38,"author":{"gitId":"sethteo"},"content":"        if (index !\u003d -1) {","lastModifiedDate":"2024-01-30"},{"lineNumber":39,"author":{"gitId":"sethteo"},"content":"            dateTime \u003d combinedWord.substring(index + 3).trim();","lastModifiedDate":"2024-01-30"},{"lineNumber":40,"author":{"gitId":"sethteo"},"content":"            deadline_title \u003d combinedWord.substring(0, index);","lastModifiedDate":"2024-01-30"},{"lineNumber":41,"author":{"gitId":"sethteo"},"content":"        } else {","lastModifiedDate":"2024-01-30"},{"lineNumber":42,"author":{"gitId":"sethteo"},"content":"            if (deadline_title.isEmpty() \u0026\u0026 dateTime.isEmpty()) {","lastModifiedDate":"2024-01-30"},{"lineNumber":43,"author":{"gitId":"sethteo"},"content":"                throw new InvalidDeadlineException(\"OOPS!!! The description and date of a Deadline cannot be empty.\");","lastModifiedDate":"2024-01-30"},{"lineNumber":44,"author":{"gitId":"sethteo"},"content":"            } else if (deadline_title.isEmpty()) {","lastModifiedDate":"2024-01-30"},{"lineNumber":45,"author":{"gitId":"sethteo"},"content":"                throw new InvalidDeadlineException(\"OOPS!!! The description of a Deadline cannot be empty.\");","lastModifiedDate":"2024-01-30"},{"lineNumber":46,"author":{"gitId":"sethteo"},"content":"            } else if (dateTime.isEmpty()) {","lastModifiedDate":"2024-01-30"},{"lineNumber":47,"author":{"gitId":"sethteo"},"content":"                throw new InvalidDeadlineException(\"OOPS!!! The date of a Deadline cannot be empty.\");","lastModifiedDate":"2024-01-30"},{"lineNumber":48,"author":{"gitId":"sethteo"},"content":"            }","lastModifiedDate":"2024-01-30"},{"lineNumber":49,"author":{"gitId":"sethteo"},"content":"        }","lastModifiedDate":"2024-01-30"},{"lineNumber":50,"author":{"gitId":"sethteo"},"content":"","lastModifiedDate":"2024-01-30"},{"lineNumber":51,"author":{"gitId":"sethteo"},"content":"        LocalDateTime date \u003d parseDateTime(dateTime);","lastModifiedDate":"2024-01-31"},{"lineNumber":52,"author":{"gitId":"sethteo"},"content":"","lastModifiedDate":"2024-01-30"},{"lineNumber":53,"author":{"gitId":"sethteo"},"content":"        return new Deadline(deadline_title, date);","lastModifiedDate":"2024-01-30"},{"lineNumber":54,"author":{"gitId":"sethteo"},"content":"    }","lastModifiedDate":"2024-01-30"},{"lineNumber":55,"author":{"gitId":"sethteo"},"content":"","lastModifiedDate":"2024-01-30"},{"lineNumber":56,"author":{"gitId":"sethteo"},"content":"    public ToDo parseTodo(String[] arr) throws InvalidTodoException {","lastModifiedDate":"2024-01-30"},{"lineNumber":57,"author":{"gitId":"sethteo"},"content":"        String todo_title \u003d \"\";","lastModifiedDate":"2024-01-30"},{"lineNumber":58,"author":{"gitId":"sethteo"},"content":"","lastModifiedDate":"2024-01-30"},{"lineNumber":59,"author":{"gitId":"sethteo"},"content":"        if (arr.length - 1 \u003d\u003d 0) {","lastModifiedDate":"2024-01-30"},{"lineNumber":60,"author":{"gitId":"sethteo"},"content":"            throw new InvalidTodoException(\"OOPS!!! The description of a Todo cannot be empty.\");","lastModifiedDate":"2024-01-30"},{"lineNumber":61,"author":{"gitId":"sethteo"},"content":"        }","lastModifiedDate":"2024-01-30"},{"lineNumber":62,"author":{"gitId":"sethteo"},"content":"","lastModifiedDate":"2024-01-30"},{"lineNumber":63,"author":{"gitId":"sethteo"},"content":"        for (int i \u003d 1; i \u003c arr.length; i++) {","lastModifiedDate":"2024-01-30"},{"lineNumber":64,"author":{"gitId":"sethteo"},"content":"            todo_title +\u003d arr[i];","lastModifiedDate":"2024-01-30"},{"lineNumber":65,"author":{"gitId":"sethteo"},"content":"            if (i !\u003d arr.length - 1) {","lastModifiedDate":"2024-01-30"},{"lineNumber":66,"author":{"gitId":"sethteo"},"content":"                todo_title +\u003d \" \";","lastModifiedDate":"2024-01-30"},{"lineNumber":67,"author":{"gitId":"sethteo"},"content":"            }","lastModifiedDate":"2024-01-30"},{"lineNumber":68,"author":{"gitId":"sethteo"},"content":"        }","lastModifiedDate":"2024-01-30"},{"lineNumber":69,"author":{"gitId":"sethteo"},"content":"","lastModifiedDate":"2024-01-30"},{"lineNumber":70,"author":{"gitId":"sethteo"},"content":"        return new ToDo(todo_title);","lastModifiedDate":"2024-01-30"},{"lineNumber":71,"author":{"gitId":"sethteo"},"content":"    }","lastModifiedDate":"2024-01-30"},{"lineNumber":72,"author":{"gitId":"sethteo"},"content":"","lastModifiedDate":"2024-01-30"},{"lineNumber":73,"author":{"gitId":"sethteo"},"content":"    public Event parseEvent(String[] splitWords) throws InvalidEventException {","lastModifiedDate":"2024-01-30"},{"lineNumber":74,"author":{"gitId":"sethteo"},"content":"        String combinedWord \u003d \"\";","lastModifiedDate":"2024-01-30"},{"lineNumber":75,"author":{"gitId":"sethteo"},"content":"        for (int i \u003d 1; i \u003c splitWords.length; i++) {","lastModifiedDate":"2024-01-30"},{"lineNumber":76,"author":{"gitId":"sethteo"},"content":"            combinedWord +\u003d splitWords[i] + \" \";","lastModifiedDate":"2024-01-30"},{"lineNumber":77,"author":{"gitId":"sethteo"},"content":"        }","lastModifiedDate":"2024-01-30"},{"lineNumber":78,"author":{"gitId":"sethteo"},"content":"        int indexFrom \u003d combinedWord.indexOf(\"/from\");","lastModifiedDate":"2024-01-30"},{"lineNumber":79,"author":{"gitId":"sethteo"},"content":"        int indexTo \u003d combinedWord.indexOf(\"/to\");","lastModifiedDate":"2024-01-30"},{"lineNumber":80,"author":{"gitId":"sethteo"},"content":"","lastModifiedDate":"2024-01-30"},{"lineNumber":81,"author":{"gitId":"sethteo"},"content":"        if (splitWords.length - 1 \u003d\u003d 0) {","lastModifiedDate":"2024-01-30"},{"lineNumber":82,"author":{"gitId":"sethteo"},"content":"            throw new InvalidEventException(\"OOPS!!! The description of an Event cannot be empty.\");","lastModifiedDate":"2024-01-30"},{"lineNumber":83,"author":{"gitId":"sethteo"},"content":"        } else if (indexFrom \u003c 0 || indexTo \u003c 0) {","lastModifiedDate":"2024-01-30"},{"lineNumber":84,"author":{"gitId":"sethteo"},"content":"            throw new InvalidEventException(\"OOPS!!! The date of an Event cannot be empty.\");","lastModifiedDate":"2024-01-30"},{"lineNumber":85,"author":{"gitId":"sethteo"},"content":"        }","lastModifiedDate":"2024-01-30"},{"lineNumber":86,"author":{"gitId":"sethteo"},"content":"","lastModifiedDate":"2024-01-30"},{"lineNumber":87,"author":{"gitId":"sethteo"},"content":"        String beforeFrom \u003d combinedWord.substring(0, indexFrom).trim();","lastModifiedDate":"2024-01-30"},{"lineNumber":88,"author":{"gitId":"sethteo"},"content":"        String afterFrom \u003d combinedWord.substring(indexFrom + \"/from\".length(), indexTo).trim();","lastModifiedDate":"2024-01-30"},{"lineNumber":89,"author":{"gitId":"sethteo"},"content":"        String afterTo \u003d combinedWord.substring(indexTo + \"/to\".length()).trim();","lastModifiedDate":"2024-01-30"},{"lineNumber":90,"author":{"gitId":"sethteo"},"content":"","lastModifiedDate":"2024-01-30"},{"lineNumber":91,"author":{"gitId":"sethteo"},"content":"        LocalDateTime startDate \u003d parseDateTime(afterFrom);","lastModifiedDate":"2024-01-31"},{"lineNumber":92,"author":{"gitId":"sethteo"},"content":"        LocalDateTime endDate \u003d parseDateTime(afterTo);","lastModifiedDate":"2024-01-31"},{"lineNumber":93,"author":{"gitId":"sethteo"},"content":"","lastModifiedDate":"2024-01-30"},{"lineNumber":94,"author":{"gitId":"sethteo"},"content":"        return new Event(beforeFrom, startDate, endDate);","lastModifiedDate":"2024-01-30"},{"lineNumber":95,"author":{"gitId":"sethteo"},"content":"    }","lastModifiedDate":"2024-01-30"},{"lineNumber":96,"author":{"gitId":"sethteo"},"content":"","lastModifiedDate":"2024-01-30"},{"lineNumber":97,"author":{"gitId":"sethteo"},"content":"    public Command parseCommand(String[] arr) throws UnknownCommandException {","lastModifiedDate":"2024-01-30"},{"lineNumber":98,"author":{"gitId":"sethteo"},"content":"        switch (arr[0]) {","lastModifiedDate":"2024-01-30"},{"lineNumber":99,"author":{"gitId":"sethteo"},"content":"            case \"bye\":","lastModifiedDate":"2024-01-30"},{"lineNumber":100,"author":{"gitId":"sethteo"},"content":"                return Command.BYE;","lastModifiedDate":"2024-01-30"},{"lineNumber":101,"author":{"gitId":"sethteo"},"content":"","lastModifiedDate":"2024-01-30"},{"lineNumber":102,"author":{"gitId":"sethteo"},"content":"            case \"list\":","lastModifiedDate":"2024-01-30"},{"lineNumber":103,"author":{"gitId":"sethteo"},"content":"                return Command.LIST;","lastModifiedDate":"2024-01-30"},{"lineNumber":104,"author":{"gitId":"sethteo"},"content":"","lastModifiedDate":"2024-01-30"},{"lineNumber":105,"author":{"gitId":"sethteo"},"content":"            case \"todo\":","lastModifiedDate":"2024-01-30"},{"lineNumber":106,"author":{"gitId":"sethteo"},"content":"                return Command.TODO;","lastModifiedDate":"2024-01-30"},{"lineNumber":107,"author":{"gitId":"sethteo"},"content":"","lastModifiedDate":"2024-01-30"},{"lineNumber":108,"author":{"gitId":"sethteo"},"content":"            case \"deadline\":","lastModifiedDate":"2024-01-30"},{"lineNumber":109,"author":{"gitId":"sethteo"},"content":"                return Command.DEADLINE;","lastModifiedDate":"2024-01-30"},{"lineNumber":110,"author":{"gitId":"sethteo"},"content":"","lastModifiedDate":"2024-01-30"},{"lineNumber":111,"author":{"gitId":"sethteo"},"content":"            case \"event\":","lastModifiedDate":"2024-01-30"},{"lineNumber":112,"author":{"gitId":"sethteo"},"content":"                return Command.EVENT;","lastModifiedDate":"2024-01-30"},{"lineNumber":113,"author":{"gitId":"sethteo"},"content":"","lastModifiedDate":"2024-01-30"},{"lineNumber":114,"author":{"gitId":"sethteo"},"content":"            case \"mark\":","lastModifiedDate":"2024-01-30"},{"lineNumber":115,"author":{"gitId":"sethteo"},"content":"                return Command.MARK;","lastModifiedDate":"2024-01-30"},{"lineNumber":116,"author":{"gitId":"sethteo"},"content":"","lastModifiedDate":"2024-01-30"},{"lineNumber":117,"author":{"gitId":"sethteo"},"content":"            case \"unmark\":","lastModifiedDate":"2024-01-30"},{"lineNumber":118,"author":{"gitId":"sethteo"},"content":"                return Command.UNMARK;","lastModifiedDate":"2024-01-30"},{"lineNumber":119,"author":{"gitId":"sethteo"},"content":"","lastModifiedDate":"2024-01-30"},{"lineNumber":120,"author":{"gitId":"sethteo"},"content":"            case \"delete\":","lastModifiedDate":"2024-01-30"},{"lineNumber":121,"author":{"gitId":"sethteo"},"content":"                return Command.DELETE;","lastModifiedDate":"2024-01-30"},{"lineNumber":122,"author":{"gitId":"sethteo"},"content":"","lastModifiedDate":"2024-01-30"},{"lineNumber":123,"author":{"gitId":"sethteo"},"content":"            default:","lastModifiedDate":"2024-01-30"},{"lineNumber":124,"author":{"gitId":"sethteo"},"content":"                throw new UnknownCommandException(\"OOPS!!! I\u0027m sorry, but I don\u0027t know what that means :-(\");","lastModifiedDate":"2024-01-30"},{"lineNumber":125,"author":{"gitId":"sethteo"},"content":"        }","lastModifiedDate":"2024-01-30"},{"lineNumber":126,"author":{"gitId":"sethteo"},"content":"    }","lastModifiedDate":"2024-01-30"},{"lineNumber":127,"author":{"gitId":"sethteo"},"content":"","lastModifiedDate":"2024-01-30"},{"lineNumber":128,"author":{"gitId":"sethteo"},"content":"    public LocalDateTime parseDateTime(String dateTime) {","lastModifiedDate":"2024-01-31"},{"lineNumber":129,"author":{"gitId":"sethteo"},"content":"        DateTimeFormatter formatter \u003d DateTimeFormatter.ofPattern(\"M/d/yyyy HHmm\");","lastModifiedDate":"2024-01-30"},{"lineNumber":130,"author":{"gitId":"sethteo"},"content":"","lastModifiedDate":"2024-01-30"},{"lineNumber":131,"author":{"gitId":"sethteo"},"content":"        return LocalDateTime.parse(dateTime, formatter);","lastModifiedDate":"2024-01-30"},{"lineNumber":132,"author":{"gitId":"sethteo"},"content":"    }","lastModifiedDate":"2024-01-30"},{"lineNumber":133,"author":{"gitId":"sethteo"},"content":"}","lastModifiedDate":"2024-01-30"}],"authorContributionMap":{"sethteo":133}},{"path":"src/main/java/SlayBot/SlayBot.java","fileType":"java","lines":[{"lineNumber":1,"author":{"gitId":"sethteo"},"content":"package SlayBot;","lastModifiedDate":"2024-01-30"},{"lineNumber":2,"author":{"gitId":"sethteo"},"content":"","lastModifiedDate":"2024-01-24"},{"lineNumber":3,"author":{"gitId":"sethteo"},"content":"public class SlayBot {","lastModifiedDate":"2024-01-24"},{"lineNumber":4,"author":{"gitId":"sethteo"},"content":"","lastModifiedDate":"2024-01-29"},{"lineNumber":5,"author":{"gitId":"sethteo"},"content":"    private TaskList tasks;","lastModifiedDate":"2024-01-30"},{"lineNumber":6,"author":{"gitId":"sethteo"},"content":"    private Ui ui;","lastModifiedDate":"2024-01-30"},{"lineNumber":7,"author":{"gitId":"sethteo"},"content":"","lastModifiedDate":"2024-01-24"},{"lineNumber":8,"author":{"gitId":"sethteo"},"content":"    public SlayBot() {","lastModifiedDate":"2024-01-30"},{"lineNumber":9,"author":{"gitId":"sethteo"},"content":"        this.tasks \u003d new TaskList();","lastModifiedDate":"2024-01-30"},{"lineNumber":10,"author":{"gitId":"sethteo"},"content":"        this.ui \u003d new Ui(tasks);","lastModifiedDate":"2024-01-30"},{"lineNumber":11,"author":{"gitId":"sethteo"},"content":"    }","lastModifiedDate":"2024-01-24"},{"lineNumber":12,"author":{"gitId":"sethteo"},"content":"","lastModifiedDate":"2024-01-25"},{"lineNumber":13,"author":{"gitId":"sethteo"},"content":"    public void run() {","lastModifiedDate":"2024-01-30"},{"lineNumber":14,"author":{"gitId":"sethteo"},"content":"        this.ui.start();","lastModifiedDate":"2024-01-30"},{"lineNumber":15,"author":{"gitId":"sethteo"},"content":"    }","lastModifiedDate":"2024-01-25"},{"lineNumber":16,"author":{"gitId":"sethteo"},"content":"    public static void main(String[] args) {","lastModifiedDate":"2024-01-30"},{"lineNumber":17,"author":{"gitId":"sethteo"},"content":"        new SlayBot().run();","lastModifiedDate":"2024-01-30"},{"lineNumber":18,"author":{"gitId":"sethteo"},"content":"    }","lastModifiedDate":"2024-01-30"},{"lineNumber":19,"author":{"gitId":"sethteo"},"content":"}","lastModifiedDate":"2024-01-24"}],"authorContributionMap":{"sethteo":19}},{"path":"src/main/java/SlayBot/Storage.java","fileType":"java","lines":[{"lineNumber":1,"author":{"gitId":"sethteo"},"content":"package SlayBot;","lastModifiedDate":"2024-01-30"},{"lineNumber":2,"author":{"gitId":"sethteo"},"content":"","lastModifiedDate":"2024-01-30"},{"lineNumber":3,"author":{"gitId":"sethteo"},"content":"import entity.Task;","lastModifiedDate":"2024-01-29"},{"lineNumber":4,"author":{"gitId":"sethteo"},"content":"import entity.ToDo;","lastModifiedDate":"2024-01-29"},{"lineNumber":5,"author":{"gitId":"sethteo"},"content":"","lastModifiedDate":"2024-01-29"},{"lineNumber":6,"author":{"gitId":"sethteo"},"content":"import java.io.FileWriter;","lastModifiedDate":"2024-01-29"},{"lineNumber":7,"author":{"gitId":"sethteo"},"content":"import java.io.IOException;","lastModifiedDate":"2024-01-29"},{"lineNumber":8,"author":{"gitId":"sethteo"},"content":"import java.nio.file.Files;","lastModifiedDate":"2024-01-29"},{"lineNumber":9,"author":{"gitId":"sethteo"},"content":"import java.nio.file.Path;","lastModifiedDate":"2024-01-29"},{"lineNumber":10,"author":{"gitId":"sethteo"},"content":"import java.nio.file.Paths;","lastModifiedDate":"2024-01-29"},{"lineNumber":11,"author":{"gitId":"sethteo"},"content":"import java.util.List;","lastModifiedDate":"2024-01-29"},{"lineNumber":12,"author":{"gitId":"sethteo"},"content":"","lastModifiedDate":"2024-01-29"},{"lineNumber":13,"author":{"gitId":"sethteo"},"content":"public class Storage {","lastModifiedDate":"2024-01-29"},{"lineNumber":14,"author":{"gitId":"sethteo"},"content":"    private static String PATH \u003d \"./data/duke.txt\";","lastModifiedDate":"2024-01-29"},{"lineNumber":15,"author":{"gitId":"sethteo"},"content":"","lastModifiedDate":"2024-01-29"},{"lineNumber":16,"author":{"gitId":"sethteo"},"content":"    public Storage() {","lastModifiedDate":"2024-01-29"},{"lineNumber":17,"author":{"gitId":"sethteo"},"content":"        try {","lastModifiedDate":"2024-01-29"},{"lineNumber":18,"author":{"gitId":"sethteo"},"content":"            Path filePath \u003d Paths.get(PATH);","lastModifiedDate":"2024-01-29"},{"lineNumber":19,"author":{"gitId":"sethteo"},"content":"","lastModifiedDate":"2024-01-29"},{"lineNumber":20,"author":{"gitId":"sethteo"},"content":"            Files.createDirectories(filePath.getParent());","lastModifiedDate":"2024-01-29"},{"lineNumber":21,"author":{"gitId":"sethteo"},"content":"","lastModifiedDate":"2024-01-29"},{"lineNumber":22,"author":{"gitId":"sethteo"},"content":"            if (!Files.exists(filePath)) {","lastModifiedDate":"2024-01-29"},{"lineNumber":23,"author":{"gitId":"sethteo"},"content":"                Files.createFile(filePath);","lastModifiedDate":"2024-01-29"},{"lineNumber":24,"author":{"gitId":"sethteo"},"content":"            }","lastModifiedDate":"2024-01-29"},{"lineNumber":25,"author":{"gitId":"sethteo"},"content":"        } catch (IOException e) {","lastModifiedDate":"2024-01-29"},{"lineNumber":26,"author":{"gitId":"sethteo"},"content":"            System.out.println(e.getMessage());","lastModifiedDate":"2024-01-29"},{"lineNumber":27,"author":{"gitId":"sethteo"},"content":"        }","lastModifiedDate":"2024-01-29"},{"lineNumber":28,"author":{"gitId":"sethteo"},"content":"","lastModifiedDate":"2024-01-29"},{"lineNumber":29,"author":{"gitId":"sethteo"},"content":"    }","lastModifiedDate":"2024-01-29"},{"lineNumber":30,"author":{"gitId":"sethteo"},"content":"","lastModifiedDate":"2024-01-29"},{"lineNumber":31,"author":{"gitId":"sethteo"},"content":"    public static void saveTasks(TaskList tasks) {","lastModifiedDate":"2024-01-30"},{"lineNumber":32,"author":{"gitId":"sethteo"},"content":"        List\u003cTask\u003e list \u003d tasks.getTasks();","lastModifiedDate":"2024-01-30"},{"lineNumber":33,"author":{"gitId":"sethteo"},"content":"","lastModifiedDate":"2024-01-30"},{"lineNumber":34,"author":{"gitId":"sethteo"},"content":"        try {","lastModifiedDate":"2024-01-29"},{"lineNumber":35,"author":{"gitId":"sethteo"},"content":"            FileWriter fw \u003d new FileWriter(PATH);","lastModifiedDate":"2024-01-29"},{"lineNumber":36,"author":{"gitId":"sethteo"},"content":"            for (Task t : list) {","lastModifiedDate":"2024-01-29"},{"lineNumber":37,"author":{"gitId":"sethteo"},"content":"                fw.write(t.save() + \"\\n\");","lastModifiedDate":"2024-01-29"},{"lineNumber":38,"author":{"gitId":"sethteo"},"content":"            }","lastModifiedDate":"2024-01-29"},{"lineNumber":39,"author":{"gitId":"sethteo"},"content":"            fw.close();","lastModifiedDate":"2024-01-29"},{"lineNumber":40,"author":{"gitId":"sethteo"},"content":"        } catch (IOException e) {","lastModifiedDate":"2024-01-29"},{"lineNumber":41,"author":{"gitId":"sethteo"},"content":"            System.out.println(e.getMessage());","lastModifiedDate":"2024-01-29"},{"lineNumber":42,"author":{"gitId":"sethteo"},"content":"        }","lastModifiedDate":"2024-01-29"},{"lineNumber":43,"author":{"gitId":"sethteo"},"content":"","lastModifiedDate":"2024-01-29"},{"lineNumber":44,"author":{"gitId":"sethteo"},"content":"    }","lastModifiedDate":"2024-01-29"},{"lineNumber":45,"author":{"gitId":"sethteo"},"content":"}","lastModifiedDate":"2024-01-29"}],"authorContributionMap":{"sethteo":45}},{"path":"src/main/java/SlayBot/TaskList.java","fileType":"java","lines":[{"lineNumber":1,"author":{"gitId":"sethteo"},"content":"package SlayBot;","lastModifiedDate":"2024-01-30"},{"lineNumber":2,"author":{"gitId":"sethteo"},"content":"","lastModifiedDate":"2024-01-30"},{"lineNumber":3,"author":{"gitId":"sethteo"},"content":"import entity.Task;","lastModifiedDate":"2024-01-30"},{"lineNumber":4,"author":{"gitId":"sethteo"},"content":"","lastModifiedDate":"2024-01-30"},{"lineNumber":5,"author":{"gitId":"sethteo"},"content":"import java.util.ArrayList;","lastModifiedDate":"2024-01-30"},{"lineNumber":6,"author":{"gitId":"sethteo"},"content":"import java.util.List;","lastModifiedDate":"2024-01-30"},{"lineNumber":7,"author":{"gitId":"sethteo"},"content":"public class TaskList {","lastModifiedDate":"2024-01-30"},{"lineNumber":8,"author":{"gitId":"sethteo"},"content":"    private List\u003cTask\u003e tasks;","lastModifiedDate":"2024-01-30"},{"lineNumber":9,"author":{"gitId":"sethteo"},"content":"","lastModifiedDate":"2024-01-30"},{"lineNumber":10,"author":{"gitId":"sethteo"},"content":"    public TaskList() {","lastModifiedDate":"2024-01-30"},{"lineNumber":11,"author":{"gitId":"sethteo"},"content":"        tasks \u003d new ArrayList\u003c\u003e();","lastModifiedDate":"2024-01-30"},{"lineNumber":12,"author":{"gitId":"sethteo"},"content":"    }","lastModifiedDate":"2024-01-30"},{"lineNumber":13,"author":{"gitId":"sethteo"},"content":"","lastModifiedDate":"2024-01-30"},{"lineNumber":14,"author":{"gitId":"sethteo"},"content":"    public List\u003cTask\u003e getTasks() {","lastModifiedDate":"2024-01-30"},{"lineNumber":15,"author":{"gitId":"sethteo"},"content":"        return this.tasks;","lastModifiedDate":"2024-01-30"},{"lineNumber":16,"author":{"gitId":"sethteo"},"content":"    }","lastModifiedDate":"2024-01-30"},{"lineNumber":17,"author":{"gitId":"sethteo"},"content":"","lastModifiedDate":"2024-01-30"},{"lineNumber":18,"author":{"gitId":"sethteo"},"content":"    public int getSize() {","lastModifiedDate":"2024-01-30"},{"lineNumber":19,"author":{"gitId":"sethteo"},"content":"        return this.tasks.size();","lastModifiedDate":"2024-01-30"},{"lineNumber":20,"author":{"gitId":"sethteo"},"content":"    }","lastModifiedDate":"2024-01-30"},{"lineNumber":21,"author":{"gitId":"sethteo"},"content":"","lastModifiedDate":"2024-01-30"},{"lineNumber":22,"author":{"gitId":"sethteo"},"content":"    public void removeTask(int index) {","lastModifiedDate":"2024-01-30"},{"lineNumber":23,"author":{"gitId":"sethteo"},"content":"        this.tasks.remove(index);","lastModifiedDate":"2024-01-30"},{"lineNumber":24,"author":{"gitId":"sethteo"},"content":"    }","lastModifiedDate":"2024-01-30"},{"lineNumber":25,"author":{"gitId":"sethteo"},"content":"","lastModifiedDate":"2024-01-30"},{"lineNumber":26,"author":{"gitId":"sethteo"},"content":"    public void addTask(Task t) {","lastModifiedDate":"2024-01-30"},{"lineNumber":27,"author":{"gitId":"sethteo"},"content":"        this.tasks.add(t);","lastModifiedDate":"2024-01-30"},{"lineNumber":28,"author":{"gitId":"sethteo"},"content":"    }","lastModifiedDate":"2024-01-30"},{"lineNumber":29,"author":{"gitId":"sethteo"},"content":"","lastModifiedDate":"2024-01-30"},{"lineNumber":30,"author":{"gitId":"sethteo"},"content":"    public void iterate() {","lastModifiedDate":"2024-01-30"},{"lineNumber":31,"author":{"gitId":"sethteo"},"content":"        for (int i \u003d 0; i \u003c tasks.size(); i++) {","lastModifiedDate":"2024-01-30"},{"lineNumber":32,"author":{"gitId":"sethteo"},"content":"            System.out.println(i + 1 + \". \" + tasks.get(i));","lastModifiedDate":"2024-01-30"},{"lineNumber":33,"author":{"gitId":"sethteo"},"content":"        }","lastModifiedDate":"2024-01-30"},{"lineNumber":34,"author":{"gitId":"sethteo"},"content":"    }","lastModifiedDate":"2024-01-30"},{"lineNumber":35,"author":{"gitId":"sethteo"},"content":"","lastModifiedDate":"2024-01-30"},{"lineNumber":36,"author":{"gitId":"sethteo"},"content":"    public void markTask(int index) {","lastModifiedDate":"2024-01-30"},{"lineNumber":37,"author":{"gitId":"sethteo"},"content":"        Task taskToMark \u003d tasks.get(index);","lastModifiedDate":"2024-01-30"},{"lineNumber":38,"author":{"gitId":"sethteo"},"content":"        taskToMark.setMarked(true);","lastModifiedDate":"2024-01-30"},{"lineNumber":39,"author":{"gitId":"sethteo"},"content":"        System.out.println(\"____________________________________________________________\"","lastModifiedDate":"2024-01-30"},{"lineNumber":40,"author":{"gitId":"sethteo"},"content":"                + \"\\nNice! I\u0027ve marked this task as done:\\n\" + taskToMark.toString()","lastModifiedDate":"2024-01-30"},{"lineNumber":41,"author":{"gitId":"sethteo"},"content":"                + \"\\n\" + \"____________________________________________________________\");","lastModifiedDate":"2024-01-30"},{"lineNumber":42,"author":{"gitId":"sethteo"},"content":"    }","lastModifiedDate":"2024-01-30"},{"lineNumber":43,"author":{"gitId":"sethteo"},"content":"","lastModifiedDate":"2024-01-30"},{"lineNumber":44,"author":{"gitId":"sethteo"},"content":"    public void unmarkTask(int index) {","lastModifiedDate":"2024-01-30"},{"lineNumber":45,"author":{"gitId":"sethteo"},"content":"        Task taskToUnmark \u003d tasks.get(index);","lastModifiedDate":"2024-01-30"},{"lineNumber":46,"author":{"gitId":"sethteo"},"content":"        taskToUnmark.setMarked(false);","lastModifiedDate":"2024-01-30"},{"lineNumber":47,"author":{"gitId":"sethteo"},"content":"        System.out.println(\"____________________________________________________________\"","lastModifiedDate":"2024-01-30"},{"lineNumber":48,"author":{"gitId":"sethteo"},"content":"                + \"\\nOK, I\u0027ve marked this task as not done yet:\\n\" + taskToUnmark.toString()","lastModifiedDate":"2024-01-30"},{"lineNumber":49,"author":{"gitId":"sethteo"},"content":"                + \"\\n\" + \"____________________________________________________________\");","lastModifiedDate":"2024-01-30"},{"lineNumber":50,"author":{"gitId":"sethteo"},"content":"    }","lastModifiedDate":"2024-01-30"},{"lineNumber":51,"author":{"gitId":"sethteo"},"content":"","lastModifiedDate":"2024-01-30"},{"lineNumber":52,"author":{"gitId":"sethteo"},"content":"}","lastModifiedDate":"2024-01-30"}],"authorContributionMap":{"sethteo":52}},{"path":"src/main/java/SlayBot/Ui.java","fileType":"java","lines":[{"lineNumber":1,"author":{"gitId":"sethteo"},"content":"package SlayBot;","lastModifiedDate":"2024-01-30"},{"lineNumber":2,"author":{"gitId":"sethteo"},"content":"","lastModifiedDate":"2024-01-30"},{"lineNumber":3,"author":{"gitId":"sethteo"},"content":"import SlayBot.Storage;","lastModifiedDate":"2024-01-30"},{"lineNumber":4,"author":{"gitId":"sethteo"},"content":"import SlayBot.TaskList;","lastModifiedDate":"2024-01-30"},{"lineNumber":5,"author":{"gitId":"sethteo"},"content":"import entity.Deadline;","lastModifiedDate":"2024-01-30"},{"lineNumber":6,"author":{"gitId":"sethteo"},"content":"import entity.Event;","lastModifiedDate":"2024-01-30"},{"lineNumber":7,"author":{"gitId":"sethteo"},"content":"import entity.ToDo;","lastModifiedDate":"2024-01-30"},{"lineNumber":8,"author":{"gitId":"sethteo"},"content":"import exception.InvalidDeadlineException;","lastModifiedDate":"2024-01-30"},{"lineNumber":9,"author":{"gitId":"sethteo"},"content":"import exception.InvalidEventException;","lastModifiedDate":"2024-01-30"},{"lineNumber":10,"author":{"gitId":"sethteo"},"content":"import exception.InvalidTodoException;","lastModifiedDate":"2024-01-30"},{"lineNumber":11,"author":{"gitId":"sethteo"},"content":"import exception.UnknownCommandException;","lastModifiedDate":"2024-01-30"},{"lineNumber":12,"author":{"gitId":"sethteo"},"content":"","lastModifiedDate":"2024-01-30"},{"lineNumber":13,"author":{"gitId":"sethteo"},"content":"import java.util.Scanner;","lastModifiedDate":"2024-01-30"},{"lineNumber":14,"author":{"gitId":"sethteo"},"content":"","lastModifiedDate":"2024-01-30"},{"lineNumber":15,"author":{"gitId":"sethteo"},"content":"public class Ui {","lastModifiedDate":"2024-01-30"},{"lineNumber":16,"author":{"gitId":"sethteo"},"content":"    public static final String DIVIDER \u003d \"____________________________________________________________\";","lastModifiedDate":"2024-01-30"},{"lineNumber":17,"author":{"gitId":"sethteo"},"content":"    public static final String WELCOME_TEXT \u003d \"Hello! I\u0027m SlayBot.SlayBot\\nWhat can I do for you?\";","lastModifiedDate":"2024-01-30"},{"lineNumber":18,"author":{"gitId":"sethteo"},"content":"    public static final String BYE_TEXT \u003d \"Bye. Hope to see you again soon!\";","lastModifiedDate":"2024-01-30"},{"lineNumber":19,"author":{"gitId":"sethteo"},"content":"    private Parser parser;","lastModifiedDate":"2024-01-30"},{"lineNumber":20,"author":{"gitId":"sethteo"},"content":"    private TaskList tasks;","lastModifiedDate":"2024-01-30"},{"lineNumber":21,"author":{"gitId":"sethteo"},"content":"","lastModifiedDate":"2024-01-30"},{"lineNumber":22,"author":{"gitId":"sethteo"},"content":"    public Ui(TaskList tasks) {","lastModifiedDate":"2024-01-30"},{"lineNumber":23,"author":{"gitId":"sethteo"},"content":"        this.parser \u003d new Parser();","lastModifiedDate":"2024-01-30"},{"lineNumber":24,"author":{"gitId":"sethteo"},"content":"        this.tasks \u003d tasks;","lastModifiedDate":"2024-01-30"},{"lineNumber":25,"author":{"gitId":"sethteo"},"content":"    }","lastModifiedDate":"2024-01-30"},{"lineNumber":26,"author":{"gitId":"sethteo"},"content":"","lastModifiedDate":"2024-01-30"},{"lineNumber":27,"author":{"gitId":"sethteo"},"content":"    public void start() {","lastModifiedDate":"2024-01-30"},{"lineNumber":28,"author":{"gitId":"sethteo"},"content":"        Scanner sc \u003d new Scanner(System.in);","lastModifiedDate":"2024-01-30"},{"lineNumber":29,"author":{"gitId":"sethteo"},"content":"        boolean flag \u003d true;","lastModifiedDate":"2024-01-30"},{"lineNumber":30,"author":{"gitId":"sethteo"},"content":"","lastModifiedDate":"2024-01-30"},{"lineNumber":31,"author":{"gitId":"sethteo"},"content":"        System.out.println(DIVIDER + \"\\n\" + WELCOME_TEXT + \"\\n\" + DIVIDER);","lastModifiedDate":"2024-01-30"},{"lineNumber":32,"author":{"gitId":"sethteo"},"content":"","lastModifiedDate":"2024-01-30"},{"lineNumber":33,"author":{"gitId":"sethteo"},"content":"        while (flag) {","lastModifiedDate":"2024-01-30"},{"lineNumber":34,"author":{"gitId":"sethteo"},"content":"            String input \u003d sc.nextLine();","lastModifiedDate":"2024-01-30"},{"lineNumber":35,"author":{"gitId":"sethteo"},"content":"            String[] splitWords \u003d input.split(\" \");","lastModifiedDate":"2024-01-30"},{"lineNumber":36,"author":{"gitId":"sethteo"},"content":"            Parser.Command command \u003d null;","lastModifiedDate":"2024-01-30"},{"lineNumber":37,"author":{"gitId":"sethteo"},"content":"","lastModifiedDate":"2024-01-30"},{"lineNumber":38,"author":{"gitId":"sethteo"},"content":"            while (command \u003d\u003d null) {","lastModifiedDate":"2024-01-30"},{"lineNumber":39,"author":{"gitId":"sethteo"},"content":"                try {","lastModifiedDate":"2024-01-30"},{"lineNumber":40,"author":{"gitId":"sethteo"},"content":"                    command \u003d this.parser.parseCommand(splitWords);","lastModifiedDate":"2024-01-30"},{"lineNumber":41,"author":{"gitId":"sethteo"},"content":"                } catch (UnknownCommandException e) {","lastModifiedDate":"2024-01-30"},{"lineNumber":42,"author":{"gitId":"sethteo"},"content":"                    System.out.println(DIVIDER);","lastModifiedDate":"2024-01-30"},{"lineNumber":43,"author":{"gitId":"sethteo"},"content":"                    System.out.println(e.getMessage());","lastModifiedDate":"2024-01-30"},{"lineNumber":44,"author":{"gitId":"sethteo"},"content":"                    System.out.println(\"Enter a valid command\");","lastModifiedDate":"2024-01-30"},{"lineNumber":45,"author":{"gitId":"sethteo"},"content":"                    System.out.println(DIVIDER);","lastModifiedDate":"2024-01-30"},{"lineNumber":46,"author":{"gitId":"sethteo"},"content":"","lastModifiedDate":"2024-01-30"},{"lineNumber":47,"author":{"gitId":"sethteo"},"content":"                    input \u003d sc.nextLine();","lastModifiedDate":"2024-01-30"},{"lineNumber":48,"author":{"gitId":"sethteo"},"content":"                    splitWords \u003d input.split(\" \");","lastModifiedDate":"2024-01-30"},{"lineNumber":49,"author":{"gitId":"sethteo"},"content":"                }","lastModifiedDate":"2024-01-30"},{"lineNumber":50,"author":{"gitId":"sethteo"},"content":"            }","lastModifiedDate":"2024-01-30"},{"lineNumber":51,"author":{"gitId":"sethteo"},"content":"","lastModifiedDate":"2024-01-30"},{"lineNumber":52,"author":{"gitId":"sethteo"},"content":"            switch (command) {","lastModifiedDate":"2024-01-30"},{"lineNumber":53,"author":{"gitId":"sethteo"},"content":"                case BYE:","lastModifiedDate":"2024-01-30"},{"lineNumber":54,"author":{"gitId":"sethteo"},"content":"                    flag \u003d false;","lastModifiedDate":"2024-01-30"},{"lineNumber":55,"author":{"gitId":"sethteo"},"content":"                    System.out.println(DIVIDER + \"\\n\" + BYE_TEXT + \"\\n\" + DIVIDER);","lastModifiedDate":"2024-01-30"},{"lineNumber":56,"author":{"gitId":"sethteo"},"content":"                    Storage.saveTasks(tasks);","lastModifiedDate":"2024-01-30"},{"lineNumber":57,"author":{"gitId":"sethteo"},"content":"                    break;","lastModifiedDate":"2024-01-30"},{"lineNumber":58,"author":{"gitId":"sethteo"},"content":"","lastModifiedDate":"2024-01-30"},{"lineNumber":59,"author":{"gitId":"sethteo"},"content":"                case LIST:","lastModifiedDate":"2024-01-30"},{"lineNumber":60,"author":{"gitId":"sethteo"},"content":"                    System.out.println(DIVIDER);","lastModifiedDate":"2024-01-30"},{"lineNumber":61,"author":{"gitId":"sethteo"},"content":"                    System.out.println(\"Here are the tasks in your list:\");","lastModifiedDate":"2024-01-30"},{"lineNumber":62,"author":{"gitId":"sethteo"},"content":"                    tasks.iterate();","lastModifiedDate":"2024-01-30"},{"lineNumber":63,"author":{"gitId":"sethteo"},"content":"                    System.out.println(DIVIDER);","lastModifiedDate":"2024-01-30"},{"lineNumber":64,"author":{"gitId":"sethteo"},"content":"                    Storage.saveTasks(tasks);","lastModifiedDate":"2024-01-30"},{"lineNumber":65,"author":{"gitId":"sethteo"},"content":"                    break;","lastModifiedDate":"2024-01-30"},{"lineNumber":66,"author":{"gitId":"sethteo"},"content":"","lastModifiedDate":"2024-01-30"},{"lineNumber":67,"author":{"gitId":"sethteo"},"content":"                case TODO:","lastModifiedDate":"2024-01-30"},{"lineNumber":68,"author":{"gitId":"sethteo"},"content":"                    ToDo todo \u003d null;","lastModifiedDate":"2024-01-30"},{"lineNumber":69,"author":{"gitId":"sethteo"},"content":"                    try {","lastModifiedDate":"2024-01-30"},{"lineNumber":70,"author":{"gitId":"sethteo"},"content":"                        todo \u003d this.parser.parseTodo(splitWords);","lastModifiedDate":"2024-01-30"},{"lineNumber":71,"author":{"gitId":"sethteo"},"content":"                    } catch (InvalidTodoException e) {","lastModifiedDate":"2024-01-30"},{"lineNumber":72,"author":{"gitId":"sethteo"},"content":"                        System.out.println(DIVIDER + \"\\n\" + e.getMessage() + \"\\nPlease try again\" + \"\\n\" + DIVIDER);","lastModifiedDate":"2024-01-30"},{"lineNumber":73,"author":{"gitId":"sethteo"},"content":"                        continue;","lastModifiedDate":"2024-01-30"},{"lineNumber":74,"author":{"gitId":"sethteo"},"content":"                    }","lastModifiedDate":"2024-01-30"},{"lineNumber":75,"author":{"gitId":"sethteo"},"content":"                    tasks.addTask(todo);","lastModifiedDate":"2024-01-30"},{"lineNumber":76,"author":{"gitId":"sethteo"},"content":"","lastModifiedDate":"2024-01-30"},{"lineNumber":77,"author":{"gitId":"sethteo"},"content":"                    System.out.println(DIVIDER);","lastModifiedDate":"2024-01-30"},{"lineNumber":78,"author":{"gitId":"sethteo"},"content":"                    System.out.println(\"Todo Task Added: \" + todo.toString());","lastModifiedDate":"2024-01-30"},{"lineNumber":79,"author":{"gitId":"sethteo"},"content":"                    System.out.println(\"You have \" + tasks.getSize() + \" tasks\");","lastModifiedDate":"2024-01-30"},{"lineNumber":80,"author":{"gitId":"sethteo"},"content":"                    System.out.println(DIVIDER);","lastModifiedDate":"2024-01-30"},{"lineNumber":81,"author":{"gitId":"sethteo"},"content":"                    Storage.saveTasks(tasks);","lastModifiedDate":"2024-01-30"},{"lineNumber":82,"author":{"gitId":"sethteo"},"content":"                    break;","lastModifiedDate":"2024-01-30"},{"lineNumber":83,"author":{"gitId":"sethteo"},"content":"","lastModifiedDate":"2024-01-30"},{"lineNumber":84,"author":{"gitId":"sethteo"},"content":"                case DEADLINE:","lastModifiedDate":"2024-01-30"},{"lineNumber":85,"author":{"gitId":"sethteo"},"content":"                    Deadline deadline \u003d null;","lastModifiedDate":"2024-01-30"},{"lineNumber":86,"author":{"gitId":"sethteo"},"content":"                    try {","lastModifiedDate":"2024-01-30"},{"lineNumber":87,"author":{"gitId":"sethteo"},"content":"                        deadline \u003d this.parser.parseDeadline(splitWords);","lastModifiedDate":"2024-01-30"},{"lineNumber":88,"author":{"gitId":"sethteo"},"content":"                    } catch (InvalidDeadlineException e) {","lastModifiedDate":"2024-01-30"},{"lineNumber":89,"author":{"gitId":"sethteo"},"content":"                        System.out.println(DIVIDER + \"\\n\" + e.getMessage() + \"\\nPlease try again\" + \"\\n\" + DIVIDER);","lastModifiedDate":"2024-01-30"},{"lineNumber":90,"author":{"gitId":"sethteo"},"content":"                        continue;","lastModifiedDate":"2024-01-30"},{"lineNumber":91,"author":{"gitId":"sethteo"},"content":"                    }","lastModifiedDate":"2024-01-30"},{"lineNumber":92,"author":{"gitId":"sethteo"},"content":"                    tasks.addTask(deadline);","lastModifiedDate":"2024-01-30"},{"lineNumber":93,"author":{"gitId":"sethteo"},"content":"","lastModifiedDate":"2024-01-30"},{"lineNumber":94,"author":{"gitId":"sethteo"},"content":"                    System.out.println(DIVIDER);","lastModifiedDate":"2024-01-30"},{"lineNumber":95,"author":{"gitId":"sethteo"},"content":"                    System.out.println(\"Deadline Task Added: \" + deadline.toString());","lastModifiedDate":"2024-01-30"},{"lineNumber":96,"author":{"gitId":"sethteo"},"content":"                    System.out.println(\"You have \" + tasks.getSize() + \" tasks\");","lastModifiedDate":"2024-01-30"},{"lineNumber":97,"author":{"gitId":"sethteo"},"content":"                    System.out.println(DIVIDER);","lastModifiedDate":"2024-01-30"},{"lineNumber":98,"author":{"gitId":"sethteo"},"content":"                    Storage.saveTasks(tasks);","lastModifiedDate":"2024-01-30"},{"lineNumber":99,"author":{"gitId":"sethteo"},"content":"                    break;","lastModifiedDate":"2024-01-30"},{"lineNumber":100,"author":{"gitId":"sethteo"},"content":"","lastModifiedDate":"2024-01-30"},{"lineNumber":101,"author":{"gitId":"sethteo"},"content":"                case EVENT:","lastModifiedDate":"2024-01-30"},{"lineNumber":102,"author":{"gitId":"sethteo"},"content":"                    Event event \u003d null;","lastModifiedDate":"2024-01-30"},{"lineNumber":103,"author":{"gitId":"sethteo"},"content":"                    try {","lastModifiedDate":"2024-01-30"},{"lineNumber":104,"author":{"gitId":"sethteo"},"content":"                        event \u003d this.parser.parseEvent(splitWords);","lastModifiedDate":"2024-01-30"},{"lineNumber":105,"author":{"gitId":"sethteo"},"content":"                    } catch (InvalidEventException e) {","lastModifiedDate":"2024-01-30"},{"lineNumber":106,"author":{"gitId":"sethteo"},"content":"                        System.out.println(DIVIDER + \"\\n\" + e.getMessage() + \"\\nPlease try again\" + \"\\n\" + DIVIDER);","lastModifiedDate":"2024-01-30"},{"lineNumber":107,"author":{"gitId":"sethteo"},"content":"                        continue;","lastModifiedDate":"2024-01-30"},{"lineNumber":108,"author":{"gitId":"sethteo"},"content":"                    }","lastModifiedDate":"2024-01-30"},{"lineNumber":109,"author":{"gitId":"sethteo"},"content":"                    tasks.addTask(event);","lastModifiedDate":"2024-01-30"},{"lineNumber":110,"author":{"gitId":"sethteo"},"content":"","lastModifiedDate":"2024-01-30"},{"lineNumber":111,"author":{"gitId":"sethteo"},"content":"                    System.out.println(DIVIDER);","lastModifiedDate":"2024-01-30"},{"lineNumber":112,"author":{"gitId":"sethteo"},"content":"                    System.out.println(\"Event Task Added: \" + event.toString());","lastModifiedDate":"2024-01-30"},{"lineNumber":113,"author":{"gitId":"sethteo"},"content":"                    System.out.println(\"You have \" + tasks.getSize() + \" tasks\");","lastModifiedDate":"2024-01-30"},{"lineNumber":114,"author":{"gitId":"sethteo"},"content":"                    System.out.println(DIVIDER);","lastModifiedDate":"2024-01-30"},{"lineNumber":115,"author":{"gitId":"sethteo"},"content":"                    Storage.saveTasks(tasks);","lastModifiedDate":"2024-01-30"},{"lineNumber":116,"author":{"gitId":"sethteo"},"content":"                    break;","lastModifiedDate":"2024-01-30"},{"lineNumber":117,"author":{"gitId":"sethteo"},"content":"","lastModifiedDate":"2024-01-30"},{"lineNumber":118,"author":{"gitId":"sethteo"},"content":"                case MARK:","lastModifiedDate":"2024-01-30"},{"lineNumber":119,"author":{"gitId":"sethteo"},"content":"                    tasks.markTask(Integer.parseInt(splitWords[1]) - 1);","lastModifiedDate":"2024-01-30"},{"lineNumber":120,"author":{"gitId":"sethteo"},"content":"                    Storage.saveTasks(tasks);","lastModifiedDate":"2024-01-30"},{"lineNumber":121,"author":{"gitId":"sethteo"},"content":"                    break;","lastModifiedDate":"2024-01-30"},{"lineNumber":122,"author":{"gitId":"sethteo"},"content":"","lastModifiedDate":"2024-01-30"},{"lineNumber":123,"author":{"gitId":"sethteo"},"content":"                case UNMARK:","lastModifiedDate":"2024-01-30"},{"lineNumber":124,"author":{"gitId":"sethteo"},"content":"                    tasks.unmarkTask(Integer.parseInt(splitWords[1]) - 1);","lastModifiedDate":"2024-01-30"},{"lineNumber":125,"author":{"gitId":"sethteo"},"content":"                    Storage.saveTasks(tasks);","lastModifiedDate":"2024-01-30"},{"lineNumber":126,"author":{"gitId":"sethteo"},"content":"                    break;","lastModifiedDate":"2024-01-30"},{"lineNumber":127,"author":{"gitId":"sethteo"},"content":"                case DELETE:","lastModifiedDate":"2024-01-30"},{"lineNumber":128,"author":{"gitId":"sethteo"},"content":"                    try {","lastModifiedDate":"2024-01-30"},{"lineNumber":129,"author":{"gitId":"sethteo"},"content":"                        int indexToDelete \u003d Integer.parseInt(splitWords[1]);","lastModifiedDate":"2024-01-30"},{"lineNumber":130,"author":{"gitId":"sethteo"},"content":"                        tasks.removeTask(indexToDelete - 1);","lastModifiedDate":"2024-01-30"},{"lineNumber":131,"author":{"gitId":"sethteo"},"content":"                        System.out.println(DIVIDER + \"\\n Successful deletion \\n You now have \" +","lastModifiedDate":"2024-01-30"},{"lineNumber":132,"author":{"gitId":"sethteo"},"content":"                                tasks.getSize() + \" tasks\\n\" + DIVIDER);","lastModifiedDate":"2024-01-30"},{"lineNumber":133,"author":{"gitId":"sethteo"},"content":"                        Storage.saveTasks(tasks);","lastModifiedDate":"2024-01-30"},{"lineNumber":134,"author":{"gitId":"sethteo"},"content":"                    } catch (IndexOutOfBoundsException e) {","lastModifiedDate":"2024-01-30"},{"lineNumber":135,"author":{"gitId":"sethteo"},"content":"                        System.out.println(DIVIDER + \"\\n Please input a valid index\\n\" + DIVIDER);","lastModifiedDate":"2024-01-30"},{"lineNumber":136,"author":{"gitId":"sethteo"},"content":"                        continue;","lastModifiedDate":"2024-01-30"},{"lineNumber":137,"author":{"gitId":"sethteo"},"content":"                    }","lastModifiedDate":"2024-01-30"},{"lineNumber":138,"author":{"gitId":"sethteo"},"content":"            }","lastModifiedDate":"2024-01-30"},{"lineNumber":139,"author":{"gitId":"sethteo"},"content":"        }","lastModifiedDate":"2024-01-30"},{"lineNumber":140,"author":{"gitId":"sethteo"},"content":"    }","lastModifiedDate":"2024-01-30"},{"lineNumber":141,"author":{"gitId":"sethteo"},"content":"}","lastModifiedDate":"2024-01-30"}],"authorContributionMap":{"sethteo":141}},{"path":"src/main/java/entity/Deadline.java","fileType":"java","lines":[{"lineNumber":1,"author":{"gitId":"sethteo"},"content":"package entity;","lastModifiedDate":"2024-01-24"},{"lineNumber":2,"author":{"gitId":"sethteo"},"content":"","lastModifiedDate":"2024-01-24"},{"lineNumber":3,"author":{"gitId":"sethteo"},"content":"import java.time.LocalDateTime;","lastModifiedDate":"2024-01-30"},{"lineNumber":4,"author":{"gitId":"sethteo"},"content":"import java.time.format.DateTimeFormatter;","lastModifiedDate":"2024-01-30"},{"lineNumber":5,"author":{"gitId":"sethteo"},"content":"","lastModifiedDate":"2024-01-30"},{"lineNumber":6,"author":{"gitId":"sethteo"},"content":"public class Deadline extends Task {","lastModifiedDate":"2024-01-25"},{"lineNumber":7,"author":{"gitId":"sethteo"},"content":"    private LocalDateTime dateTime;","lastModifiedDate":"2024-01-30"},{"lineNumber":8,"author":{"gitId":"sethteo"},"content":"    public Deadline(String title, LocalDateTime dateTime) {","lastModifiedDate":"2024-01-30"},{"lineNumber":9,"author":{"gitId":"sethteo"},"content":"        super(title);","lastModifiedDate":"2024-01-24"},{"lineNumber":10,"author":{"gitId":"sethteo"},"content":"        this.dateTime \u003d dateTime;","lastModifiedDate":"2024-01-24"},{"lineNumber":11,"author":{"gitId":"sethteo"},"content":"    }","lastModifiedDate":"2024-01-24"},{"lineNumber":12,"author":{"gitId":"sethteo"},"content":"","lastModifiedDate":"2024-01-24"},{"lineNumber":13,"author":{"gitId":"sethteo"},"content":"    @Override","lastModifiedDate":"2024-01-29"},{"lineNumber":14,"author":{"gitId":"sethteo"},"content":"    public String save() {","lastModifiedDate":"2024-01-29"},{"lineNumber":15,"author":{"gitId":"sethteo"},"content":"        if (this.marked) {","lastModifiedDate":"2024-01-29"},{"lineNumber":16,"author":{"gitId":"sethteo"},"content":"            return \"D | Done | \" + this.title;","lastModifiedDate":"2024-01-29"},{"lineNumber":17,"author":{"gitId":"sethteo"},"content":"        } else {","lastModifiedDate":"2024-01-29"},{"lineNumber":18,"author":{"gitId":"sethteo"},"content":"            return \"D | Not Done | \" + this.title;","lastModifiedDate":"2024-01-29"},{"lineNumber":19,"author":{"gitId":"sethteo"},"content":"        }","lastModifiedDate":"2024-01-29"},{"lineNumber":20,"author":{"gitId":"sethteo"},"content":"    }","lastModifiedDate":"2024-01-29"},{"lineNumber":21,"author":{"gitId":"sethteo"},"content":"    @Override","lastModifiedDate":"2024-01-24"},{"lineNumber":22,"author":{"gitId":"sethteo"},"content":"    public String toString() {","lastModifiedDate":"2024-01-24"},{"lineNumber":23,"author":{"gitId":"sethteo"},"content":"","lastModifiedDate":"2024-01-30"},{"lineNumber":24,"author":{"gitId":"sethteo"},"content":"        if (this.marked) {","lastModifiedDate":"2024-01-24"},{"lineNumber":25,"author":{"gitId":"sethteo"},"content":"            return \"[D][X] \" + this.title + \"by \" + this.dateTime.format(DateTimeFormatter.ofPattern(\"MMM d yyyy\"));","lastModifiedDate":"2024-01-30"},{"lineNumber":26,"author":{"gitId":"sethteo"},"content":"        } else {","lastModifiedDate":"2024-01-24"},{"lineNumber":27,"author":{"gitId":"sethteo"},"content":"            return \"[D][ ] \" + this.title + \"by \" + this.dateTime.format(DateTimeFormatter.ofPattern(\"MMM d yyyy\"));","lastModifiedDate":"2024-01-30"},{"lineNumber":28,"author":{"gitId":"sethteo"},"content":"        }","lastModifiedDate":"2024-01-24"},{"lineNumber":29,"author":{"gitId":"sethteo"},"content":"    }","lastModifiedDate":"2024-01-24"},{"lineNumber":30,"author":{"gitId":"sethteo"},"content":"}","lastModifiedDate":"2024-01-24"}],"authorContributionMap":{"sethteo":30}},{"path":"src/main/java/entity/Event.java","fileType":"java","lines":[{"lineNumber":1,"author":{"gitId":"sethteo"},"content":"package entity;","lastModifiedDate":"2024-01-24"},{"lineNumber":2,"author":{"gitId":"sethteo"},"content":"","lastModifiedDate":"2024-01-24"},{"lineNumber":3,"author":{"gitId":"sethteo"},"content":"import java.time.LocalDateTime;","lastModifiedDate":"2024-01-30"},{"lineNumber":4,"author":{"gitId":"sethteo"},"content":"import java.time.format.DateTimeFormatter;","lastModifiedDate":"2024-01-30"},{"lineNumber":5,"author":{"gitId":"sethteo"},"content":"","lastModifiedDate":"2024-01-30"},{"lineNumber":6,"author":{"gitId":"sethteo"},"content":"public class Event extends Task {","lastModifiedDate":"2024-01-24"},{"lineNumber":7,"author":{"gitId":"sethteo"},"content":"    private LocalDateTime startTime;","lastModifiedDate":"2024-01-30"},{"lineNumber":8,"author":{"gitId":"sethteo"},"content":"    private LocalDateTime endTime;","lastModifiedDate":"2024-01-30"},{"lineNumber":9,"author":{"gitId":"sethteo"},"content":"    public Event(String title, LocalDateTime startTime, LocalDateTime endTime) {","lastModifiedDate":"2024-01-30"},{"lineNumber":10,"author":{"gitId":"sethteo"},"content":"        super(title);","lastModifiedDate":"2024-01-24"},{"lineNumber":11,"author":{"gitId":"sethteo"},"content":"        this.startTime \u003d startTime;","lastModifiedDate":"2024-01-24"},{"lineNumber":12,"author":{"gitId":"sethteo"},"content":"        this.endTime \u003d endTime;","lastModifiedDate":"2024-01-24"},{"lineNumber":13,"author":{"gitId":"sethteo"},"content":"    }","lastModifiedDate":"2024-01-24"},{"lineNumber":14,"author":{"gitId":"sethteo"},"content":"","lastModifiedDate":"2024-01-24"},{"lineNumber":15,"author":{"gitId":"sethteo"},"content":"    @Override","lastModifiedDate":"2024-01-29"},{"lineNumber":16,"author":{"gitId":"sethteo"},"content":"    public String save() {","lastModifiedDate":"2024-01-29"},{"lineNumber":17,"author":{"gitId":"sethteo"},"content":"        if (this.marked) {","lastModifiedDate":"2024-01-29"},{"lineNumber":18,"author":{"gitId":"sethteo"},"content":"            return \"E | Done | \" + this.title;","lastModifiedDate":"2024-01-29"},{"lineNumber":19,"author":{"gitId":"sethteo"},"content":"        } else {","lastModifiedDate":"2024-01-29"},{"lineNumber":20,"author":{"gitId":"sethteo"},"content":"            return \"E | Not Done | \" + this.title;","lastModifiedDate":"2024-01-29"},{"lineNumber":21,"author":{"gitId":"sethteo"},"content":"        }","lastModifiedDate":"2024-01-29"},{"lineNumber":22,"author":{"gitId":"sethteo"},"content":"    }","lastModifiedDate":"2024-01-29"},{"lineNumber":23,"author":{"gitId":"sethteo"},"content":"","lastModifiedDate":"2024-01-29"},{"lineNumber":24,"author":{"gitId":"sethteo"},"content":"    @Override","lastModifiedDate":"2024-01-24"},{"lineNumber":25,"author":{"gitId":"sethteo"},"content":"    public String toString() {","lastModifiedDate":"2024-01-24"},{"lineNumber":26,"author":{"gitId":"sethteo"},"content":"        if (this.marked) {","lastModifiedDate":"2024-01-24"},{"lineNumber":27,"author":{"gitId":"sethteo"},"content":"            return \"[E][X] \" + this.title + \" (from: \" + this.startTime.format(DateTimeFormatter.ofPattern(\"MMM d yyyy\"))","lastModifiedDate":"2024-01-30"},{"lineNumber":28,"author":{"gitId":"sethteo"},"content":"                    + \" to: \" + this.endTime.format(DateTimeFormatter.ofPattern(\"MMM d yyyy\")) + \")\";","lastModifiedDate":"2024-01-30"},{"lineNumber":29,"author":{"gitId":"sethteo"},"content":"        } else {","lastModifiedDate":"2024-01-24"},{"lineNumber":30,"author":{"gitId":"sethteo"},"content":"            return \"[E][ ] \" + this.title + \" (from: \" + this.startTime.format(DateTimeFormatter.ofPattern(\"MMM d yyyy\"))","lastModifiedDate":"2024-01-30"},{"lineNumber":31,"author":{"gitId":"sethteo"},"content":"                    + \" to: \" + this.endTime.format(DateTimeFormatter.ofPattern(\"MMM d yyyy\")) + \")\";","lastModifiedDate":"2024-01-30"},{"lineNumber":32,"author":{"gitId":"sethteo"},"content":"        }","lastModifiedDate":"2024-01-24"},{"lineNumber":33,"author":{"gitId":"sethteo"},"content":"    }","lastModifiedDate":"2024-01-24"},{"lineNumber":34,"author":{"gitId":"sethteo"},"content":"","lastModifiedDate":"2024-01-24"},{"lineNumber":35,"author":{"gitId":"sethteo"},"content":"}","lastModifiedDate":"2024-01-24"}],"authorContributionMap":{"sethteo":35}},{"path":"src/main/java/entity/Task.java","fileType":"java","lines":[{"lineNumber":1,"author":{"gitId":"sethteo"},"content":"package entity;","lastModifiedDate":"2024-01-24"},{"lineNumber":2,"author":{"gitId":"sethteo"},"content":"","lastModifiedDate":"2024-01-24"},{"lineNumber":3,"author":{"gitId":"sethteo"},"content":"public abstract class Task {","lastModifiedDate":"2024-01-24"},{"lineNumber":4,"author":{"gitId":"sethteo"},"content":"    protected String title;","lastModifiedDate":"2024-01-24"},{"lineNumber":5,"author":{"gitId":"sethteo"},"content":"    protected boolean marked;","lastModifiedDate":"2024-01-24"},{"lineNumber":6,"author":{"gitId":"sethteo"},"content":"","lastModifiedDate":"2024-01-23"},{"lineNumber":7,"author":{"gitId":"sethteo"},"content":"    Task(String title) {","lastModifiedDate":"2024-01-23"},{"lineNumber":8,"author":{"gitId":"sethteo"},"content":"            this.title \u003d title;","lastModifiedDate":"2024-01-23"},{"lineNumber":9,"author":{"gitId":"sethteo"},"content":"            this.marked \u003d false;","lastModifiedDate":"2024-01-23"},{"lineNumber":10,"author":{"gitId":"sethteo"},"content":"    }","lastModifiedDate":"2024-01-23"},{"lineNumber":11,"author":{"gitId":"sethteo"},"content":"","lastModifiedDate":"2024-01-23"},{"lineNumber":12,"author":{"gitId":"sethteo"},"content":"    public String getTitle() {","lastModifiedDate":"2024-01-23"},{"lineNumber":13,"author":{"gitId":"sethteo"},"content":"        return this.title;","lastModifiedDate":"2024-01-23"},{"lineNumber":14,"author":{"gitId":"sethteo"},"content":"    }","lastModifiedDate":"2024-01-23"},{"lineNumber":15,"author":{"gitId":"sethteo"},"content":"","lastModifiedDate":"2024-01-23"},{"lineNumber":16,"author":{"gitId":"sethteo"},"content":"    public boolean getMarked() {","lastModifiedDate":"2024-01-23"},{"lineNumber":17,"author":{"gitId":"sethteo"},"content":"        return this.marked;","lastModifiedDate":"2024-01-23"},{"lineNumber":18,"author":{"gitId":"sethteo"},"content":"    }","lastModifiedDate":"2024-01-23"},{"lineNumber":19,"author":{"gitId":"sethteo"},"content":"","lastModifiedDate":"2024-01-23"},{"lineNumber":20,"author":{"gitId":"sethteo"},"content":"    public void setMarked(boolean bool) {","lastModifiedDate":"2024-01-23"},{"lineNumber":21,"author":{"gitId":"sethteo"},"content":"        this.marked \u003d bool;","lastModifiedDate":"2024-01-23"},{"lineNumber":22,"author":{"gitId":"sethteo"},"content":"    }","lastModifiedDate":"2024-01-23"},{"lineNumber":23,"author":{"gitId":"sethteo"},"content":"","lastModifiedDate":"2024-01-24"},{"lineNumber":24,"author":{"gitId":"sethteo"},"content":"    public abstract String save();","lastModifiedDate":"2024-01-29"},{"lineNumber":25,"author":{"gitId":"sethteo"},"content":"","lastModifiedDate":"2024-01-24"},{"lineNumber":26,"author":{"gitId":"sethteo"},"content":"}","lastModifiedDate":"2024-01-23"}],"authorContributionMap":{"sethteo":26}},{"path":"src/main/java/entity/ToDo.java","fileType":"java","lines":[{"lineNumber":1,"author":{"gitId":"sethteo"},"content":"package entity;","lastModifiedDate":"2024-01-24"},{"lineNumber":2,"author":{"gitId":"sethteo"},"content":"","lastModifiedDate":"2024-01-24"},{"lineNumber":3,"author":{"gitId":"sethteo"},"content":"public class ToDo extends Task {","lastModifiedDate":"2024-01-25"},{"lineNumber":4,"author":{"gitId":"sethteo"},"content":"    public ToDo(String title) {","lastModifiedDate":"2024-01-25"},{"lineNumber":5,"author":{"gitId":"sethteo"},"content":"        super(title);","lastModifiedDate":"2024-01-24"},{"lineNumber":6,"author":{"gitId":"sethteo"},"content":"    }","lastModifiedDate":"2024-01-24"},{"lineNumber":7,"author":{"gitId":"sethteo"},"content":"","lastModifiedDate":"2024-01-29"},{"lineNumber":8,"author":{"gitId":"sethteo"},"content":"    @Override","lastModifiedDate":"2024-01-29"},{"lineNumber":9,"author":{"gitId":"sethteo"},"content":"    public String save() {","lastModifiedDate":"2024-01-29"},{"lineNumber":10,"author":{"gitId":"sethteo"},"content":"        if (this.marked) {","lastModifiedDate":"2024-01-29"},{"lineNumber":11,"author":{"gitId":"sethteo"},"content":"            return \"T | Done | \" + this.title;","lastModifiedDate":"2024-01-29"},{"lineNumber":12,"author":{"gitId":"sethteo"},"content":"        } else {","lastModifiedDate":"2024-01-29"},{"lineNumber":13,"author":{"gitId":"sethteo"},"content":"            return \"T | Not Done | \" + this.title;","lastModifiedDate":"2024-01-29"},{"lineNumber":14,"author":{"gitId":"sethteo"},"content":"        }","lastModifiedDate":"2024-01-29"},{"lineNumber":15,"author":{"gitId":"sethteo"},"content":"    }","lastModifiedDate":"2024-01-29"},{"lineNumber":16,"author":{"gitId":"sethteo"},"content":"    @Override","lastModifiedDate":"2024-01-24"},{"lineNumber":17,"author":{"gitId":"sethteo"},"content":"    public String toString() {","lastModifiedDate":"2024-01-24"},{"lineNumber":18,"author":{"gitId":"sethteo"},"content":"        if (this.marked) {","lastModifiedDate":"2024-01-24"},{"lineNumber":19,"author":{"gitId":"sethteo"},"content":"            return \"[T][X] \" + this.title;","lastModifiedDate":"2024-01-24"},{"lineNumber":20,"author":{"gitId":"sethteo"},"content":"        } else {","lastModifiedDate":"2024-01-24"},{"lineNumber":21,"author":{"gitId":"sethteo"},"content":"            return \"[T][ ] \" + this.title;","lastModifiedDate":"2024-01-24"},{"lineNumber":22,"author":{"gitId":"sethteo"},"content":"        }","lastModifiedDate":"2024-01-24"},{"lineNumber":23,"author":{"gitId":"sethteo"},"content":"    }","lastModifiedDate":"2024-01-24"},{"lineNumber":24,"author":{"gitId":"sethteo"},"content":"}","lastModifiedDate":"2024-01-24"}],"authorContributionMap":{"sethteo":24}},{"path":"src/main/java/exception/InvalidDeadlineException.java","fileType":"java","lines":[{"lineNumber":1,"author":{"gitId":"sethteo"},"content":"package exception;","lastModifiedDate":"2024-01-25"},{"lineNumber":2,"author":{"gitId":"sethteo"},"content":"","lastModifiedDate":"2024-01-25"},{"lineNumber":3,"author":{"gitId":"sethteo"},"content":"public class InvalidDeadlineException extends Exception {","lastModifiedDate":"2024-01-25"},{"lineNumber":4,"author":{"gitId":"sethteo"},"content":"    public InvalidDeadlineException(String message) {","lastModifiedDate":"2024-01-25"},{"lineNumber":5,"author":{"gitId":"sethteo"},"content":"        super(message);","lastModifiedDate":"2024-01-25"},{"lineNumber":6,"author":{"gitId":"sethteo"},"content":"    }","lastModifiedDate":"2024-01-25"},{"lineNumber":7,"author":{"gitId":"sethteo"},"content":"}","lastModifiedDate":"2024-01-25"}],"authorContributionMap":{"sethteo":7}},{"path":"src/main/java/exception/InvalidEventException.java","fileType":"java","lines":[{"lineNumber":1,"author":{"gitId":"sethteo"},"content":"package exception;","lastModifiedDate":"2024-01-25"},{"lineNumber":2,"author":{"gitId":"sethteo"},"content":"","lastModifiedDate":"2024-01-25"},{"lineNumber":3,"author":{"gitId":"sethteo"},"content":"public class InvalidEventException extends Exception {","lastModifiedDate":"2024-01-25"},{"lineNumber":4,"author":{"gitId":"sethteo"},"content":"    public InvalidEventException(String message) {","lastModifiedDate":"2024-01-25"},{"lineNumber":5,"author":{"gitId":"sethteo"},"content":"        super(message);","lastModifiedDate":"2024-01-25"},{"lineNumber":6,"author":{"gitId":"sethteo"},"content":"    }","lastModifiedDate":"2024-01-25"},{"lineNumber":7,"author":{"gitId":"sethteo"},"content":"}","lastModifiedDate":"2024-01-25"}],"authorContributionMap":{"sethteo":7}},{"path":"src/main/java/exception/InvalidTodoException.java","fileType":"java","lines":[{"lineNumber":1,"author":{"gitId":"sethteo"},"content":"package exception;","lastModifiedDate":"2024-01-25"},{"lineNumber":2,"author":{"gitId":"sethteo"},"content":"","lastModifiedDate":"2024-01-25"},{"lineNumber":3,"author":{"gitId":"sethteo"},"content":"public class InvalidTodoException extends Exception {","lastModifiedDate":"2024-01-25"},{"lineNumber":4,"author":{"gitId":"sethteo"},"content":"    public InvalidTodoException(String message) {","lastModifiedDate":"2024-01-25"},{"lineNumber":5,"author":{"gitId":"sethteo"},"content":"        super(message);","lastModifiedDate":"2024-01-25"},{"lineNumber":6,"author":{"gitId":"sethteo"},"content":"    }","lastModifiedDate":"2024-01-25"},{"lineNumber":7,"author":{"gitId":"sethteo"},"content":"}","lastModifiedDate":"2024-01-25"}],"authorContributionMap":{"sethteo":7}},{"path":"src/main/java/exception/UnknownCommandException.java","fileType":"java","lines":[{"lineNumber":1,"author":{"gitId":"sethteo"},"content":"package exception;","lastModifiedDate":"2024-01-24"},{"lineNumber":2,"author":{"gitId":"sethteo"},"content":"","lastModifiedDate":"2024-01-24"},{"lineNumber":3,"author":{"gitId":"sethteo"},"content":"public class UnknownCommandException extends Exception {","lastModifiedDate":"2024-01-24"},{"lineNumber":4,"author":{"gitId":"sethteo"},"content":"    public UnknownCommandException(String message) {","lastModifiedDate":"2024-01-24"},{"lineNumber":5,"author":{"gitId":"sethteo"},"content":"        super(message);","lastModifiedDate":"2024-01-24"},{"lineNumber":6,"author":{"gitId":"sethteo"},"content":"    }","lastModifiedDate":"2024-01-24"},{"lineNumber":7,"author":{"gitId":"sethteo"},"content":"}","lastModifiedDate":"2024-01-24"}],"authorContributionMap":{"sethteo":7}},{"path":"src/test/java/SlayBot/ParserTest.java","fileType":"java","lines":[{"lineNumber":1,"author":{"gitId":"sethteo"},"content":"package SlayBot;","lastModifiedDate":"2024-01-31"},{"lineNumber":2,"author":{"gitId":"sethteo"},"content":"import org.junit.jupiter.api.Test;","lastModifiedDate":"2024-01-31"},{"lineNumber":3,"author":{"gitId":"sethteo"},"content":"import static org.junit.jupiter.api.Assertions.assertEquals;","lastModifiedDate":"2024-01-31"},{"lineNumber":4,"author":{"gitId":"sethteo"},"content":"import java.time.LocalDateTime;","lastModifiedDate":"2024-01-31"},{"lineNumber":5,"author":{"gitId":"sethteo"},"content":"public class ParserTest {","lastModifiedDate":"2024-01-31"},{"lineNumber":6,"author":{"gitId":"sethteo"},"content":"    @Test","lastModifiedDate":"2024-01-31"},{"lineNumber":7,"author":{"gitId":"sethteo"},"content":"    public void testDateTimeParser() {","lastModifiedDate":"2024-01-31"},{"lineNumber":8,"author":{"gitId":"sethteo"},"content":"        Parser parser \u003d new Parser();","lastModifiedDate":"2024-01-31"},{"lineNumber":9,"author":{"gitId":"sethteo"},"content":"        LocalDateTime testDateTime \u003d parser.parseDateTime(\"2/12/2019 1800\");","lastModifiedDate":"2024-01-31"},{"lineNumber":10,"author":{"gitId":"sethteo"},"content":"        int year \u003d 2019;","lastModifiedDate":"2024-01-31"},{"lineNumber":11,"author":{"gitId":"sethteo"},"content":"        int month \u003d 2;","lastModifiedDate":"2024-01-31"},{"lineNumber":12,"author":{"gitId":"sethteo"},"content":"        int day \u003d 12;","lastModifiedDate":"2024-01-31"},{"lineNumber":13,"author":{"gitId":"sethteo"},"content":"        int hour \u003d 18;","lastModifiedDate":"2024-01-31"},{"lineNumber":14,"author":{"gitId":"sethteo"},"content":"        int minute \u003d 0;","lastModifiedDate":"2024-01-31"},{"lineNumber":15,"author":{"gitId":"sethteo"},"content":"","lastModifiedDate":"2024-01-31"},{"lineNumber":16,"author":{"gitId":"sethteo"},"content":"        LocalDateTime actualDateTime \u003d LocalDateTime.of(year, month, day, hour, minute);","lastModifiedDate":"2024-01-31"},{"lineNumber":17,"author":{"gitId":"sethteo"},"content":"        assertEquals(testDateTime, actualDateTime);","lastModifiedDate":"2024-01-31"},{"lineNumber":18,"author":{"gitId":"sethteo"},"content":"    }","lastModifiedDate":"2024-01-31"},{"lineNumber":19,"author":{"gitId":"sethteo"},"content":"}","lastModifiedDate":"2024-01-31"}],"authorContributionMap":{"sethteo":19}},{"path":"src/test/java/SlayBot/TaskListTest.java","fileType":"java","lines":[{"lineNumber":1,"author":{"gitId":"sethteo"},"content":"package SlayBot;","lastModifiedDate":"2024-01-31"},{"lineNumber":2,"author":{"gitId":"sethteo"},"content":"import org.junit.jupiter.api.Test;","lastModifiedDate":"2024-01-31"},{"lineNumber":3,"author":{"gitId":"sethteo"},"content":"import static org.junit.jupiter.api.Assertions.assertEquals;","lastModifiedDate":"2024-01-31"},{"lineNumber":4,"author":{"gitId":"sethteo"},"content":"import entity.ToDo;","lastModifiedDate":"2024-01-31"},{"lineNumber":5,"author":{"gitId":"sethteo"},"content":"public class TaskListTest {","lastModifiedDate":"2024-01-31"},{"lineNumber":6,"author":{"gitId":"sethteo"},"content":"    @Test","lastModifiedDate":"2024-01-31"},{"lineNumber":7,"author":{"gitId":"sethteo"},"content":"    public void testRemoveTask() {","lastModifiedDate":"2024-01-31"},{"lineNumber":8,"author":{"gitId":"sethteo"},"content":"        TaskList tasks \u003d new TaskList();","lastModifiedDate":"2024-01-31"},{"lineNumber":9,"author":{"gitId":"sethteo"},"content":"        tasks.addTask(new ToDo(\"test\"));","lastModifiedDate":"2024-01-31"},{"lineNumber":10,"author":{"gitId":"sethteo"},"content":"","lastModifiedDate":"2024-01-31"},{"lineNumber":11,"author":{"gitId":"sethteo"},"content":"        int initialSize \u003d tasks.getSize();","lastModifiedDate":"2024-01-31"},{"lineNumber":12,"author":{"gitId":"sethteo"},"content":"        tasks.removeTask(0);","lastModifiedDate":"2024-01-31"},{"lineNumber":13,"author":{"gitId":"sethteo"},"content":"","lastModifiedDate":"2024-01-31"},{"lineNumber":14,"author":{"gitId":"sethteo"},"content":"        assertEquals(initialSize - 1, tasks.getSize());","lastModifiedDate":"2024-01-31"},{"lineNumber":15,"author":{"gitId":"sethteo"},"content":"    }","lastModifiedDate":"2024-01-31"},{"lineNumber":16,"author":{"gitId":"sethteo"},"content":"}","lastModifiedDate":"2024-01-31"}],"authorContributionMap":{"sethteo":16}},{"path":"text-ui-test/input.txt","fileType":"txt","lines":[{"lineNumber":1,"author":{"gitId":"sethteo"},"content":"todo borrow book","lastModifiedDate":"2024-01-24"},{"lineNumber":2,"author":{"gitId":"sethteo"},"content":"list","lastModifiedDate":"2024-01-24"},{"lineNumber":3,"author":{"gitId":"sethteo"},"content":"deadline return book /by Sunday","lastModifiedDate":"2024-01-24"},{"lineNumber":4,"author":{"gitId":"sethteo"},"content":"event project meeting /from Mon 2pm /to 4pm","lastModifiedDate":"2024-01-24"},{"lineNumber":5,"author":{"gitId":"sethteo"},"content":"bye","lastModifiedDate":"2024-01-24"}],"authorContributionMap":{"sethteo":5}},{"path":"text-ui-test/runtest.bat","fileType":"bat","lines":[{"lineNumber":1,"author":{"gitId":"-"},"content":"@ECHO OFF","lastModifiedDate":"2020-05-25"},{"lineNumber":2,"author":{"gitId":"-"},"content":"","lastModifiedDate":"2020-05-25"},{"lineNumber":3,"author":{"gitId":"-"},"content":"REM create bin directory if it doesn\u0027t exist","lastModifiedDate":"2020-05-25"},{"lineNumber":4,"author":{"gitId":"-"},"content":"if not exist ..\\bin mkdir ..\\bin","lastModifiedDate":"2020-05-25"},{"lineNumber":5,"author":{"gitId":"-"},"content":"","lastModifiedDate":"2020-05-25"},{"lineNumber":6,"author":{"gitId":"-"},"content":"REM delete output from previous run","lastModifiedDate":"2020-05-25"},{"lineNumber":7,"author":{"gitId":"-"},"content":"if exist ACTUAL.TXT del ACTUAL.TXT","lastModifiedDate":"2020-08-25"},{"lineNumber":8,"author":{"gitId":"-"},"content":"","lastModifiedDate":"2020-05-25"},{"lineNumber":9,"author":{"gitId":"-"},"content":"REM compile the code into the bin folder","lastModifiedDate":"2020-05-25"},{"lineNumber":10,"author":{"gitId":"-"},"content":"javac  -cp ..\\src\\main\\java -Xlint:none -d ..\\bin ..\\src\\main\\java\\*.java","lastModifiedDate":"2020-08-25"},{"lineNumber":11,"author":{"gitId":"-"},"content":"IF ERRORLEVEL 1 (","lastModifiedDate":"2020-05-25"},{"lineNumber":12,"author":{"gitId":"-"},"content":"    echo ********** BUILD FAILURE **********","lastModifiedDate":"2020-05-25"},{"lineNumber":13,"author":{"gitId":"-"},"content":"    exit /b 1","lastModifiedDate":"2020-05-25"},{"lineNumber":14,"author":{"gitId":"-"},"content":")","lastModifiedDate":"2020-05-25"},{"lineNumber":15,"author":{"gitId":"-"},"content":"REM no error here, errorlevel \u003d\u003d 0","lastModifiedDate":"2020-05-25"},{"lineNumber":16,"author":{"gitId":"-"},"content":"","lastModifiedDate":"2020-05-25"},{"lineNumber":17,"author":{"gitId":"-"},"content":"REM run the program, feed commands from input.txt file and redirect the output to the ACTUAL.TXT","lastModifiedDate":"2020-05-25"},{"lineNumber":18,"author":{"gitId":"sethteo"},"content":"java -classpath ..\\bin SlayBot.SlayBot \u003c input.txt \u003e ACTUAL.TXT","lastModifiedDate":"2024-01-30"},{"lineNumber":19,"author":{"gitId":"-"},"content":"","lastModifiedDate":"2020-05-25"},{"lineNumber":20,"author":{"gitId":"-"},"content":"REM compare the output to the expected output","lastModifiedDate":"2020-05-25"},{"lineNumber":21,"author":{"gitId":"-"},"content":"FC ACTUAL.TXT EXPECTED.TXT","lastModifiedDate":"2020-05-25"}],"authorContributionMap":{"sethteo":1,"-":20}},{"path":"text-ui-test/runtest.sh","fileType":"sh","lines":[{"lineNumber":1,"author":{"gitId":"-"},"content":"#!/usr/bin/env bash","lastModifiedDate":"2020-05-25"},{"lineNumber":2,"author":{"gitId":"-"},"content":"","lastModifiedDate":"2020-05-25"},{"lineNumber":3,"author":{"gitId":"-"},"content":"# create bin directory if it doesn\u0027t exist","lastModifiedDate":"2020-05-25"},{"lineNumber":4,"author":{"gitId":"-"},"content":"if [ ! -d \"../bin\" ]","lastModifiedDate":"2020-05-25"},{"lineNumber":5,"author":{"gitId":"-"},"content":"then","lastModifiedDate":"2020-05-25"},{"lineNumber":6,"author":{"gitId":"-"},"content":"    mkdir ../bin","lastModifiedDate":"2020-05-25"},{"lineNumber":7,"author":{"gitId":"-"},"content":"fi","lastModifiedDate":"2020-05-25"},{"lineNumber":8,"author":{"gitId":"-"},"content":"","lastModifiedDate":"2020-05-25"},{"lineNumber":9,"author":{"gitId":"-"},"content":"# delete output from previous run","lastModifiedDate":"2020-05-25"},{"lineNumber":10,"author":{"gitId":"-"},"content":"if [ -e \"./ACTUAL.TXT\" ]","lastModifiedDate":"2020-05-25"},{"lineNumber":11,"author":{"gitId":"-"},"content":"then","lastModifiedDate":"2020-05-25"},{"lineNumber":12,"author":{"gitId":"-"},"content":"    rm ACTUAL.TXT","lastModifiedDate":"2020-05-25"},{"lineNumber":13,"author":{"gitId":"-"},"content":"fi","lastModifiedDate":"2020-05-25"},{"lineNumber":14,"author":{"gitId":"-"},"content":"","lastModifiedDate":"2020-05-25"},{"lineNumber":15,"author":{"gitId":"-"},"content":"# compile the code into the bin folder, terminates if error occurred","lastModifiedDate":"2020-05-25"},{"lineNumber":16,"author":{"gitId":"-"},"content":"if ! javac -cp ../src/main/java -Xlint:none -d ../bin ../src/main/java/*.java","lastModifiedDate":"2020-08-25"},{"lineNumber":17,"author":{"gitId":"-"},"content":"then","lastModifiedDate":"2020-05-25"},{"lineNumber":18,"author":{"gitId":"-"},"content":"    echo \"********** BUILD FAILURE **********\"","lastModifiedDate":"2020-05-25"},{"lineNumber":19,"author":{"gitId":"-"},"content":"    exit 1","lastModifiedDate":"2020-05-25"},{"lineNumber":20,"author":{"gitId":"-"},"content":"fi","lastModifiedDate":"2020-05-25"},{"lineNumber":21,"author":{"gitId":"-"},"content":"","lastModifiedDate":"2020-05-25"},{"lineNumber":22,"author":{"gitId":"-"},"content":"# run the program, feed commands from input.txt file and redirect the output to the ACTUAL.TXT","lastModifiedDate":"2020-05-25"},{"lineNumber":23,"author":{"gitId":"sethteo"},"content":"java -classpath ../bin SlayBot \u003c input.txt \u003e ACTUAL.TXT","lastModifiedDate":"2024-01-24"},{"lineNumber":24,"author":{"gitId":"-"},"content":"","lastModifiedDate":"2020-05-25"},{"lineNumber":25,"author":{"gitId":"-"},"content":"# convert to UNIX format","lastModifiedDate":"2020-05-25"},{"lineNumber":26,"author":{"gitId":"-"},"content":"cp EXPECTED.TXT EXPECTED-UNIX.TXT","lastModifiedDate":"2020-05-25"},{"lineNumber":27,"author":{"gitId":"-"},"content":"dos2unix ACTUAL.TXT EXPECTED-UNIX.TXT","lastModifiedDate":"2020-05-25"},{"lineNumber":28,"author":{"gitId":"-"},"content":"","lastModifiedDate":"2020-05-25"},{"lineNumber":29,"author":{"gitId":"-"},"content":"# compare the output to the expected output","lastModifiedDate":"2020-05-25"},{"lineNumber":30,"author":{"gitId":"-"},"content":"diff ACTUAL.TXT EXPECTED-UNIX.TXT","lastModifiedDate":"2020-05-25"},{"lineNumber":31,"author":{"gitId":"-"},"content":"if [ $? -eq 0 ]","lastModifiedDate":"2020-05-25"},{"lineNumber":32,"author":{"gitId":"-"},"content":"then","lastModifiedDate":"2020-05-25"},{"lineNumber":33,"author":{"gitId":"-"},"content":"    echo \"Test result: PASSED\"","lastModifiedDate":"2020-05-25"},{"lineNumber":34,"author":{"gitId":"-"},"content":"    exit 0","lastModifiedDate":"2020-05-25"},{"lineNumber":35,"author":{"gitId":"-"},"content":"else","lastModifiedDate":"2020-05-25"},{"lineNumber":36,"author":{"gitId":"-"},"content":"    echo \"Test result: FAILED\"","lastModifiedDate":"2020-05-25"},{"lineNumber":37,"author":{"gitId":"-"},"content":"    exit 1","lastModifiedDate":"2020-05-25"},{"lineNumber":38,"author":{"gitId":"-"},"content":"fi","lastModifiedDate":"2020-05-25"}],"authorContributionMap":{"sethteo":1,"-":37}}]
