{"authorDailyContributionsMap":{"sethteo":[{"date":"2024-01-23","commitResults":[{"hash":"41175700f0cdc1b2d64e761e027879198aeab149","isMergeCommit":false,"messageTitle":"Level-0: Rename, Greet, Exit","messageBody":"","fileTypesAndContributionMap":{"java":{"insertions":17,"deletions":6}}},{"hash":"44b55ea67487068bb10b9f0cd84461fa8f2b3bca","isMergeCommit":false,"messageTitle":"Add Level 0 Tag","messageBody":"","tags":["Level-0"],"fileTypesAndContributionMap":{"java":{"insertions":0,"deletions":1}}},{"hash":"2ad9a0c473b4457926889b2dd2e156e729908c06","isMergeCommit":false,"messageTitle":"Level-1","messageBody":"","tags":["Level-1"],"fileTypesAndContributionMap":{"java":{"insertions":14,"deletions":2}}},{"hash":"86ba3409aabc7208ae6129158840ac48ac7de3e0","isMergeCommit":false,"messageTitle":"Level-2","messageBody":"","tags":["Level-2"],"fileTypesAndContributionMap":{"java":{"insertions":18,"deletions":4}}},{"hash":"75b55676a91fc151de53a787fe483ad1ab66a8cc","isMergeCommit":false,"messageTitle":"Level-3","messageBody":"","tags":["Level-3"],"fileTypesAndContributionMap":{"java":{"insertions":59,"deletions":17}}}]},{"date":"2024-01-24","commitResults":[{"hash":"59cc3422b862c394359d9af8526b29bdbde231bd","isMergeCommit":false,"messageTitle":"Level-4","messageBody":"","tags":["Level-4"],"fileTypesAndContributionMap":{"java":{"insertions":172,"deletions":70},"bat":{"insertions":1,"deletions":1},"md":{"insertions":2,"deletions":2}}},{"hash":"ef6eae3db86197fbc1e8b4f115686742c1e1e758","isMergeCommit":false,"messageTitle":"Added automated ui testing","messageBody":"","tags":["A-TextUiTesting"],"fileTypesAndContributionMap":{"txt":{"insertions":5,"deletions":0},"java":{"insertions":23,"deletions":2},"sh":{"insertions":1,"deletions":1}}}]},{"date":"2024-01-25","commitResults":[{"hash":"698886ec01498cf3a9911236a2a107a99afd9c9d","isMergeCommit":false,"messageTitle":"Added exception handling","messageBody":"","tags":["Level-5"],"fileTypesAndContributionMap":{"java":{"insertions":157,"deletions":39}}},{"hash":"78a69ab4c1c8c29fe9a0c142ba68959875ce6618","isMergeCommit":false,"messageTitle":"Added delete function","messageBody":"","tags":["Level-6","A-Enums"],"fileTypesAndContributionMap":{"java":{"insertions":15,"deletions":3}}}]},{"date":"2024-01-29","commitResults":[{"hash":"63689d80ce82dafe425155d299104c24dca7941f","isMergeCommit":false,"messageTitle":"Added file saving feature","messageBody":"","fileTypesAndContributionMap":{"java":{"insertions":2,"deletions":0}}},{"hash":"5be40162b5eae49b5fce98c0de9ffb86780e5537","isMergeCommit":false,"messageTitle":"Added file saving feature","messageBody":"","tags":["Level-7"],"fileTypesAndContributionMap":{"txt":{"insertions":3,"deletions":0},"java":{"insertions":81,"deletions":3}}},{"hash":"83802f78ec0f898d6783825b33bc57b4ff5d1e3c","isMergeCommit":false,"messageTitle":"Add level 7 branch","messageBody":"","fileTypesAndContributionMap":{"java":{"insertions":1,"deletions":0}}}]},{"date":"2024-01-30","commitResults":[{"hash":"b5eb1a2e7de53faae4e85e046c7b76a035e2c99f","isMergeCommit":false,"messageTitle":"Datetime functionality for Deadline","messageBody":"","fileTypesAndContributionMap":{"txt":{"insertions":1,"deletions":3},"java":{"insertions":34,"deletions":17}}},{"hash":"f91b03d384f1df58997fcaad4812aa42c4f5b8a4","isMergeCommit":false,"messageTitle":"Datetime functionality for Event","messageBody":"","tags":["Level-8"],"fileTypesAndContributionMap":{"txt":{"insertions":1,"deletions":1},"java":{"insertions":14,"deletions":6}}}]}]},"authorFileTypeContributionMap":{"sethteo":{"java":447,"md":2,"fxml":0,"sh":1,"bat":1,"gradle":0,"txt":6}},"authorContributionVariance":{"sethteo":8672.411},"authorDisplayNameMap":{"sethteo":"TEO .. RUI"}}
