[{"path":"src/main/java/Asher.java","fileType":"java","lines":[{"lineNumber":1,"author":{"gitId":"cleowenxuan"},"content":"import java.io.File;","lastModifiedDate":"2024-02-04"},{"lineNumber":2,"author":{"gitId":"cleowenxuan"},"content":"import java.io.FileNotFoundException;","lastModifiedDate":"2024-02-04"},{"lineNumber":3,"author":{"gitId":"cleowenxuan"},"content":"import java.io.FileWriter;","lastModifiedDate":"2024-02-04"},{"lineNumber":4,"author":{"gitId":"cleowenxuan"},"content":"import java.io.IOException;","lastModifiedDate":"2024-02-04"},{"lineNumber":5,"author":{"gitId":"cleowenxuan"},"content":"import java.util.Scanner;","lastModifiedDate":"2024-01-25"},{"lineNumber":6,"author":{"gitId":"cleowenxuan"},"content":"import java.util.List;","lastModifiedDate":"2024-01-25"},{"lineNumber":7,"author":{"gitId":"cleowenxuan"},"content":"import java.util.ArrayList;","lastModifiedDate":"2024-01-25"},{"lineNumber":8,"author":{"gitId":"cleowenxuan"},"content":"","lastModifiedDate":"2024-01-25"},{"lineNumber":9,"author":{"gitId":"cleowenxuan"},"content":"public class Asher {","lastModifiedDate":"2024-01-25"},{"lineNumber":10,"author":{"gitId":"cleowenxuan"},"content":"    private static List\u003cTask\u003e tasks \u003d new ArrayList\u003c\u003e();","lastModifiedDate":"2024-01-25"},{"lineNumber":11,"author":{"gitId":"cleowenxuan"},"content":"","lastModifiedDate":"2024-01-25"},{"lineNumber":12,"author":{"gitId":"cleowenxuan"},"content":"    public Asher() {","lastModifiedDate":"2024-02-04"},{"lineNumber":13,"author":{"gitId":"cleowenxuan"},"content":"        Asher.tasks \u003d new ArrayList\u003c\u003e();","lastModifiedDate":"2024-02-04"},{"lineNumber":14,"author":{"gitId":"cleowenxuan"},"content":"    }","lastModifiedDate":"2024-02-04"},{"lineNumber":15,"author":{"gitId":"cleowenxuan"},"content":"","lastModifiedDate":"2024-02-04"},{"lineNumber":16,"author":{"gitId":"cleowenxuan"},"content":"    private static void getFileContents(String filePath, List\u003cTask\u003e tasks) throws FileNotFoundException {","lastModifiedDate":"2024-02-04"},{"lineNumber":17,"author":{"gitId":"cleowenxuan"},"content":"        try {","lastModifiedDate":"2024-02-04"},{"lineNumber":18,"author":{"gitId":"cleowenxuan"},"content":"            File file \u003d new File(filePath);","lastModifiedDate":"2024-02-04"},{"lineNumber":19,"author":{"gitId":"cleowenxuan"},"content":"            if (!file.exists()) {","lastModifiedDate":"2024-02-04"},{"lineNumber":20,"author":{"gitId":"cleowenxuan"},"content":"                boolean created \u003d file.createNewFile();","lastModifiedDate":"2024-02-04"},{"lineNumber":21,"author":{"gitId":"cleowenxuan"},"content":"                if (!created) {","lastModifiedDate":"2024-02-04"},{"lineNumber":22,"author":{"gitId":"cleowenxuan"},"content":"                    throw new IOException(\"Failed to create file: \" + filePath);","lastModifiedDate":"2024-02-04"},{"lineNumber":23,"author":{"gitId":"cleowenxuan"},"content":"                }","lastModifiedDate":"2024-02-04"},{"lineNumber":24,"author":{"gitId":"cleowenxuan"},"content":"            }","lastModifiedDate":"2024-02-04"},{"lineNumber":25,"author":{"gitId":"cleowenxuan"},"content":"            Scanner scanner \u003d new Scanner(file);","lastModifiedDate":"2024-02-04"},{"lineNumber":26,"author":{"gitId":"cleowenxuan"},"content":"            while (scanner.hasNextLine()) {","lastModifiedDate":"2024-02-04"},{"lineNumber":27,"author":{"gitId":"cleowenxuan"},"content":"                String line \u003d scanner.nextLine();","lastModifiedDate":"2024-02-04"},{"lineNumber":28,"author":{"gitId":"cleowenxuan"},"content":"                Task task \u003d createTask(line);","lastModifiedDate":"2024-02-04"},{"lineNumber":29,"author":{"gitId":"cleowenxuan"},"content":"                if (task !\u003d null) {","lastModifiedDate":"2024-02-04"},{"lineNumber":30,"author":{"gitId":"cleowenxuan"},"content":"                    tasks.add(task);","lastModifiedDate":"2024-02-04"},{"lineNumber":31,"author":{"gitId":"cleowenxuan"},"content":"                }","lastModifiedDate":"2024-02-04"},{"lineNumber":32,"author":{"gitId":"cleowenxuan"},"content":"            } scanner.close();","lastModifiedDate":"2024-02-04"},{"lineNumber":33,"author":{"gitId":"cleowenxuan"},"content":"        } catch (IOException e) {","lastModifiedDate":"2024-02-04"},{"lineNumber":34,"author":{"gitId":"cleowenxuan"},"content":"            System.out.println(\"Error:\" + e.getMessage());","lastModifiedDate":"2024-02-04"},{"lineNumber":35,"author":{"gitId":"cleowenxuan"},"content":"        }","lastModifiedDate":"2024-02-04"},{"lineNumber":36,"author":{"gitId":"cleowenxuan"},"content":"    }","lastModifiedDate":"2024-02-04"},{"lineNumber":37,"author":{"gitId":"cleowenxuan"},"content":"","lastModifiedDate":"2024-02-04"},{"lineNumber":38,"author":{"gitId":"cleowenxuan"},"content":"    // from the data we have, break it down to get the task listed","lastModifiedDate":"2024-02-04"},{"lineNumber":39,"author":{"gitId":"cleowenxuan"},"content":"    private static Task createTask(String list) {","lastModifiedDate":"2024-02-04"},{"lineNumber":40,"author":{"gitId":"cleowenxuan"},"content":"        Task task;","lastModifiedDate":"2024-02-04"},{"lineNumber":41,"author":{"gitId":"cleowenxuan"},"content":"        String[] splitParts \u003d list.split(\" \\\\| \");","lastModifiedDate":"2024-02-04"},{"lineNumber":42,"author":{"gitId":"cleowenxuan"},"content":"","lastModifiedDate":"2024-02-04"},{"lineNumber":43,"author":{"gitId":"cleowenxuan"},"content":"        // invalid format","lastModifiedDate":"2024-02-04"},{"lineNumber":44,"author":{"gitId":"cleowenxuan"},"content":"        if (splitParts.length \u003c 3) {","lastModifiedDate":"2024-02-04"},{"lineNumber":45,"author":{"gitId":"cleowenxuan"},"content":"            return null;","lastModifiedDate":"2024-02-04"},{"lineNumber":46,"author":{"gitId":"cleowenxuan"},"content":"        }","lastModifiedDate":"2024-02-04"},{"lineNumber":47,"author":{"gitId":"cleowenxuan"},"content":"","lastModifiedDate":"2024-02-04"},{"lineNumber":48,"author":{"gitId":"cleowenxuan"},"content":"        String type \u003d splitParts[0];","lastModifiedDate":"2024-02-04"},{"lineNumber":49,"author":{"gitId":"cleowenxuan"},"content":"        boolean isCompleted \u003d splitParts[1].equals(\"1\");","lastModifiedDate":"2024-02-04"},{"lineNumber":50,"author":{"gitId":"cleowenxuan"},"content":"        String description \u003d splitParts[2];","lastModifiedDate":"2024-02-04"},{"lineNumber":51,"author":{"gitId":"cleowenxuan"},"content":"","lastModifiedDate":"2024-02-04"},{"lineNumber":52,"author":{"gitId":"cleowenxuan"},"content":"        if (type.equals(\"T\")) {","lastModifiedDate":"2024-02-04"},{"lineNumber":53,"author":{"gitId":"cleowenxuan"},"content":"            Todo todo \u003d new Todo(description);","lastModifiedDate":"2024-02-04"},{"lineNumber":54,"author":{"gitId":"cleowenxuan"},"content":"            if (isCompleted) {","lastModifiedDate":"2024-02-04"},{"lineNumber":55,"author":{"gitId":"cleowenxuan"},"content":"                todo.markDone();","lastModifiedDate":"2024-02-04"},{"lineNumber":56,"author":{"gitId":"cleowenxuan"},"content":"            } task \u003d todo;","lastModifiedDate":"2024-02-04"},{"lineNumber":57,"author":{"gitId":"cleowenxuan"},"content":"        } else if (type.equals(\"D\") \u0026\u0026 splitParts.length \u003d\u003d 4) {","lastModifiedDate":"2024-02-04"},{"lineNumber":58,"author":{"gitId":"cleowenxuan"},"content":"            String dueDate \u003d splitParts[3];","lastModifiedDate":"2024-02-04"},{"lineNumber":59,"author":{"gitId":"cleowenxuan"},"content":"            Deadline deadline \u003d new Deadline(description, dueDate);","lastModifiedDate":"2024-02-04"},{"lineNumber":60,"author":{"gitId":"cleowenxuan"},"content":"            if (isCompleted) {","lastModifiedDate":"2024-02-04"},{"lineNumber":61,"author":{"gitId":"cleowenxuan"},"content":"                deadline.markDone();","lastModifiedDate":"2024-02-04"},{"lineNumber":62,"author":{"gitId":"cleowenxuan"},"content":"            } task \u003d deadline;","lastModifiedDate":"2024-02-04"},{"lineNumber":63,"author":{"gitId":"cleowenxuan"},"content":"        } else if (type.equals(\"E\") \u0026\u0026 splitParts.length \u003d\u003d 5) {","lastModifiedDate":"2024-02-04"},{"lineNumber":64,"author":{"gitId":"cleowenxuan"},"content":"            String start \u003d splitParts[3];","lastModifiedDate":"2024-02-04"},{"lineNumber":65,"author":{"gitId":"cleowenxuan"},"content":"            String end \u003d splitParts[4];","lastModifiedDate":"2024-02-04"},{"lineNumber":66,"author":{"gitId":"cleowenxuan"},"content":"            Event event \u003d new Event(description, start, end);","lastModifiedDate":"2024-02-04"},{"lineNumber":67,"author":{"gitId":"cleowenxuan"},"content":"            if (isCompleted) {","lastModifiedDate":"2024-02-04"},{"lineNumber":68,"author":{"gitId":"cleowenxuan"},"content":"                event.markDone();","lastModifiedDate":"2024-02-04"},{"lineNumber":69,"author":{"gitId":"cleowenxuan"},"content":"            } task \u003d event;","lastModifiedDate":"2024-02-04"},{"lineNumber":70,"author":{"gitId":"cleowenxuan"},"content":"        } else {","lastModifiedDate":"2024-02-04"},{"lineNumber":71,"author":{"gitId":"cleowenxuan"},"content":"            task \u003d null;","lastModifiedDate":"2024-02-04"},{"lineNumber":72,"author":{"gitId":"cleowenxuan"},"content":"        }","lastModifiedDate":"2024-02-04"},{"lineNumber":73,"author":{"gitId":"cleowenxuan"},"content":"        return task;","lastModifiedDate":"2024-02-04"},{"lineNumber":74,"author":{"gitId":"cleowenxuan"},"content":"    }","lastModifiedDate":"2024-02-04"},{"lineNumber":75,"author":{"gitId":"cleowenxuan"},"content":"","lastModifiedDate":"2024-02-04"},{"lineNumber":76,"author":{"gitId":"cleowenxuan"},"content":"    private static void writeToFile(List\u003cTask\u003e tasks) {","lastModifiedDate":"2024-02-04"},{"lineNumber":77,"author":{"gitId":"cleowenxuan"},"content":"        try {","lastModifiedDate":"2024-02-04"},{"lineNumber":78,"author":{"gitId":"cleowenxuan"},"content":"            FileWriter fw \u003d new FileWriter(\"./taskLists.txt\");","lastModifiedDate":"2024-02-04"},{"lineNumber":79,"author":{"gitId":"cleowenxuan"},"content":"            for (Task task : tasks) {","lastModifiedDate":"2024-02-04"},{"lineNumber":80,"author":{"gitId":"cleowenxuan"},"content":"                if (task \u003d\u003d null) {","lastModifiedDate":"2024-02-04"},{"lineNumber":81,"author":{"gitId":"cleowenxuan"},"content":"                    break;","lastModifiedDate":"2024-02-04"},{"lineNumber":82,"author":{"gitId":"cleowenxuan"},"content":"                }","lastModifiedDate":"2024-02-04"},{"lineNumber":83,"author":{"gitId":"cleowenxuan"},"content":"                String taskString \u003d task.writeToString();","lastModifiedDate":"2024-02-04"},{"lineNumber":84,"author":{"gitId":"cleowenxuan"},"content":"                fw.write(taskString + \u0027\\n\u0027);","lastModifiedDate":"2024-02-04"},{"lineNumber":85,"author":{"gitId":"cleowenxuan"},"content":"            }","lastModifiedDate":"2024-02-04"},{"lineNumber":86,"author":{"gitId":"cleowenxuan"},"content":"            fw.close();","lastModifiedDate":"2024-02-04"},{"lineNumber":87,"author":{"gitId":"cleowenxuan"},"content":"        } catch (IOException e) {","lastModifiedDate":"2024-02-04"},{"lineNumber":88,"author":{"gitId":"cleowenxuan"},"content":"            System.out.println(\"Cannot write into the file\" + e.getMessage());","lastModifiedDate":"2024-02-04"},{"lineNumber":89,"author":{"gitId":"cleowenxuan"},"content":"        }","lastModifiedDate":"2024-02-04"},{"lineNumber":90,"author":{"gitId":"cleowenxuan"},"content":"    }","lastModifiedDate":"2024-02-04"},{"lineNumber":91,"author":{"gitId":"cleowenxuan"},"content":"","lastModifiedDate":"2024-02-04"},{"lineNumber":92,"author":{"gitId":"cleowenxuan"},"content":"    private static void greet() {","lastModifiedDate":"2024-01-25"},{"lineNumber":93,"author":{"gitId":"cleowenxuan"},"content":"        System.out.println(\"Hello! I\u0027m Asher. What can I do for you?\");","lastModifiedDate":"2024-01-25"},{"lineNumber":94,"author":{"gitId":"cleowenxuan"},"content":"    }","lastModifiedDate":"2024-01-25"},{"lineNumber":95,"author":{"gitId":"cleowenxuan"},"content":"","lastModifiedDate":"2024-01-25"},{"lineNumber":96,"author":{"gitId":"cleowenxuan"},"content":"    private static void exit() {","lastModifiedDate":"2024-01-25"},{"lineNumber":97,"author":{"gitId":"cleowenxuan"},"content":"        writeToFile(tasks);","lastModifiedDate":"2024-02-04"},{"lineNumber":98,"author":{"gitId":"cleowenxuan"},"content":"        System.out.println(\"Bye. Hope to see you again soon!\");","lastModifiedDate":"2024-01-25"},{"lineNumber":99,"author":{"gitId":"cleowenxuan"},"content":"","lastModifiedDate":"2024-02-04"},{"lineNumber":100,"author":{"gitId":"cleowenxuan"},"content":"    }","lastModifiedDate":"2024-02-04"},{"lineNumber":101,"author":{"gitId":"cleowenxuan"},"content":"","lastModifiedDate":"2024-02-04"},{"lineNumber":102,"author":{"gitId":"cleowenxuan"},"content":"    private static void displayTasks() {","lastModifiedDate":"2024-02-04"},{"lineNumber":103,"author":{"gitId":"cleowenxuan"},"content":"        System.out.println(\"Here are the tasks in your list:\");","lastModifiedDate":"2024-02-04"},{"lineNumber":104,"author":{"gitId":"cleowenxuan"},"content":"","lastModifiedDate":"2024-02-04"},{"lineNumber":105,"author":{"gitId":"cleowenxuan"},"content":"        for (int i \u003d 0; i \u003c tasks.size(); i++) {","lastModifiedDate":"2024-02-04"},{"lineNumber":106,"author":{"gitId":"cleowenxuan"},"content":"            System.out.println((i + 1) + \".\" + tasks.get(i));","lastModifiedDate":"2024-02-04"},{"lineNumber":107,"author":{"gitId":"cleowenxuan"},"content":"        }","lastModifiedDate":"2024-02-04"},{"lineNumber":108,"author":{"gitId":"cleowenxuan"},"content":"    }","lastModifiedDate":"2024-01-25"},{"lineNumber":109,"author":{"gitId":"cleowenxuan"},"content":"","lastModifiedDate":"2024-01-25"},{"lineNumber":110,"author":{"gitId":"cleowenxuan"},"content":"    private static void addTask(Task task) throws BotException {","lastModifiedDate":"2024-01-25"},{"lineNumber":111,"author":{"gitId":"cleowenxuan"},"content":"        if (tasks.size() \u003c 100) {","lastModifiedDate":"2024-01-25"},{"lineNumber":112,"author":{"gitId":"cleowenxuan"},"content":"            tasks.add(task);","lastModifiedDate":"2024-01-25"},{"lineNumber":113,"author":{"gitId":"cleowenxuan"},"content":"            System.out.println(\"Got it. I\u0027ve added this task:\");","lastModifiedDate":"2024-01-25"},{"lineNumber":114,"author":{"gitId":"cleowenxuan"},"content":"            System.out.println(\" \" + task);","lastModifiedDate":"2024-01-25"},{"lineNumber":115,"author":{"gitId":"cleowenxuan"},"content":"            System.out.println(\"Now you have \" + tasks.size() + \" tasks in the list.\");","lastModifiedDate":"2024-01-25"},{"lineNumber":116,"author":{"gitId":"cleowenxuan"},"content":"        } else {","lastModifiedDate":"2024-01-25"},{"lineNumber":117,"author":{"gitId":"cleowenxuan"},"content":"            throw new BotException(\"Task List is full, unable to add more.\");","lastModifiedDate":"2024-01-25"},{"lineNumber":118,"author":{"gitId":"cleowenxuan"},"content":"        }","lastModifiedDate":"2024-01-25"},{"lineNumber":119,"author":{"gitId":"cleowenxuan"},"content":"    }","lastModifiedDate":"2024-01-25"},{"lineNumber":120,"author":{"gitId":"cleowenxuan"},"content":"","lastModifiedDate":"2024-01-25"},{"lineNumber":121,"author":{"gitId":"cleowenxuan"},"content":"    private static Todo createtoDo(String command) throws BotException {","lastModifiedDate":"2024-01-25"},{"lineNumber":122,"author":{"gitId":"cleowenxuan"},"content":"        if (command.length() \u003e\u003d 5) {","lastModifiedDate":"2024-01-25"},{"lineNumber":123,"author":{"gitId":"cleowenxuan"},"content":"            String description \u003d command.substring(5).trim();","lastModifiedDate":"2024-01-25"},{"lineNumber":124,"author":{"gitId":"cleowenxuan"},"content":"            if (!description.isEmpty()) {","lastModifiedDate":"2024-01-25"},{"lineNumber":125,"author":{"gitId":"cleowenxuan"},"content":"                return new Todo(description);","lastModifiedDate":"2024-01-25"},{"lineNumber":126,"author":{"gitId":"cleowenxuan"},"content":"            } else {","lastModifiedDate":"2024-01-25"},{"lineNumber":127,"author":{"gitId":"cleowenxuan"},"content":"                throw new BotException(\"Todo cannot be empty.\");","lastModifiedDate":"2024-01-25"},{"lineNumber":128,"author":{"gitId":"cleowenxuan"},"content":"            }","lastModifiedDate":"2024-01-25"},{"lineNumber":129,"author":{"gitId":"cleowenxuan"},"content":"        } else {","lastModifiedDate":"2024-01-25"},{"lineNumber":130,"author":{"gitId":"cleowenxuan"},"content":"            throw new BotException(\"Todo Command is invalid!\");","lastModifiedDate":"2024-01-25"},{"lineNumber":131,"author":{"gitId":"cleowenxuan"},"content":"        }","lastModifiedDate":"2024-01-25"},{"lineNumber":132,"author":{"gitId":"cleowenxuan"},"content":"    }","lastModifiedDate":"2024-01-25"},{"lineNumber":133,"author":{"gitId":"cleowenxuan"},"content":"","lastModifiedDate":"2024-01-25"},{"lineNumber":134,"author":{"gitId":"cleowenxuan"},"content":"    private static Deadline createDeadline(String command) throws BotException {","lastModifiedDate":"2024-01-25"},{"lineNumber":135,"author":{"gitId":"cleowenxuan"},"content":"        int split \u003d command.indexOf(\"/by\");","lastModifiedDate":"2024-01-25"},{"lineNumber":136,"author":{"gitId":"cleowenxuan"},"content":"        if (split \u003d\u003d -1) {","lastModifiedDate":"2024-01-25"},{"lineNumber":137,"author":{"gitId":"cleowenxuan"},"content":"            throw new BotException(\"Due date not found!\");","lastModifiedDate":"2024-01-25"},{"lineNumber":138,"author":{"gitId":"cleowenxuan"},"content":"        }","lastModifiedDate":"2024-01-25"},{"lineNumber":139,"author":{"gitId":"cleowenxuan"},"content":"        if (split + 4 \u003e\u003d command.length()) {","lastModifiedDate":"2024-01-25"},{"lineNumber":140,"author":{"gitId":"cleowenxuan"},"content":"            throw new BotException(\"No such deadline!\");","lastModifiedDate":"2024-01-25"},{"lineNumber":141,"author":{"gitId":"cleowenxuan"},"content":"        }","lastModifiedDate":"2024-01-25"},{"lineNumber":142,"author":{"gitId":"cleowenxuan"},"content":"","lastModifiedDate":"2024-01-25"},{"lineNumber":143,"author":{"gitId":"cleowenxuan"},"content":"        String description \u003d command.substring(9, split).trim();","lastModifiedDate":"2024-01-25"},{"lineNumber":144,"author":{"gitId":"cleowenxuan"},"content":"        String deadline \u003d command.substring(split + 4).trim();","lastModifiedDate":"2024-01-25"},{"lineNumber":145,"author":{"gitId":"cleowenxuan"},"content":"","lastModifiedDate":"2024-01-25"},{"lineNumber":146,"author":{"gitId":"cleowenxuan"},"content":"        if (description.isEmpty() || deadline.isEmpty()) {","lastModifiedDate":"2024-01-25"},{"lineNumber":147,"author":{"gitId":"cleowenxuan"},"content":"            throw new BotException(\"Description and deadline cannot be empty!\");","lastModifiedDate":"2024-01-25"},{"lineNumber":148,"author":{"gitId":"cleowenxuan"},"content":"        }","lastModifiedDate":"2024-01-25"},{"lineNumber":149,"author":{"gitId":"cleowenxuan"},"content":"        return new Deadline(description, deadline);","lastModifiedDate":"2024-01-25"},{"lineNumber":150,"author":{"gitId":"cleowenxuan"},"content":"    }","lastModifiedDate":"2024-01-25"},{"lineNumber":151,"author":{"gitId":"cleowenxuan"},"content":"","lastModifiedDate":"2024-01-25"},{"lineNumber":152,"author":{"gitId":"cleowenxuan"},"content":"    private static Event createEvent(String command) throws BotException {","lastModifiedDate":"2024-01-25"},{"lineNumber":153,"author":{"gitId":"cleowenxuan"},"content":"        int split1 \u003d command.indexOf(\"/from\");","lastModifiedDate":"2024-01-25"},{"lineNumber":154,"author":{"gitId":"cleowenxuan"},"content":"        int split2 \u003d command.indexOf(\"/to\");","lastModifiedDate":"2024-01-25"},{"lineNumber":155,"author":{"gitId":"cleowenxuan"},"content":"        if (split1 \u003d\u003d -1 || split2 \u003d\u003d -1) {","lastModifiedDate":"2024-01-25"},{"lineNumber":156,"author":{"gitId":"cleowenxuan"},"content":"            throw new BotException(\"Start and end time not found!\");","lastModifiedDate":"2024-01-25"},{"lineNumber":157,"author":{"gitId":"cleowenxuan"},"content":"        }","lastModifiedDate":"2024-01-25"},{"lineNumber":158,"author":{"gitId":"cleowenxuan"},"content":"","lastModifiedDate":"2024-01-25"},{"lineNumber":159,"author":{"gitId":"cleowenxuan"},"content":"        if (split2 + 4 \u003e\u003d command.length()) {","lastModifiedDate":"2024-01-25"},{"lineNumber":160,"author":{"gitId":"cleowenxuan"},"content":"            throw new BotException(\"End time not found!\");","lastModifiedDate":"2024-01-25"},{"lineNumber":161,"author":{"gitId":"cleowenxuan"},"content":"        }","lastModifiedDate":"2024-01-25"},{"lineNumber":162,"author":{"gitId":"cleowenxuan"},"content":"","lastModifiedDate":"2024-01-25"},{"lineNumber":163,"author":{"gitId":"cleowenxuan"},"content":"        String description \u003d command.substring(6, split1).trim();","lastModifiedDate":"2024-01-25"},{"lineNumber":164,"author":{"gitId":"cleowenxuan"},"content":"        String startDate \u003d command.substring(split1 + 6, split2).trim();","lastModifiedDate":"2024-01-25"},{"lineNumber":165,"author":{"gitId":"cleowenxuan"},"content":"        String deadline \u003d command.substring(split2 + 4).trim();","lastModifiedDate":"2024-01-25"},{"lineNumber":166,"author":{"gitId":"cleowenxuan"},"content":"","lastModifiedDate":"2024-01-25"},{"lineNumber":167,"author":{"gitId":"cleowenxuan"},"content":"        if (description.isEmpty() || startDate.isEmpty() || deadline.isEmpty()) {","lastModifiedDate":"2024-01-25"},{"lineNumber":168,"author":{"gitId":"cleowenxuan"},"content":"            throw new BotException(\"Description, start time and end time not found!\");","lastModifiedDate":"2024-01-25"},{"lineNumber":169,"author":{"gitId":"cleowenxuan"},"content":"        }","lastModifiedDate":"2024-01-25"},{"lineNumber":170,"author":{"gitId":"cleowenxuan"},"content":"","lastModifiedDate":"2024-01-25"},{"lineNumber":171,"author":{"gitId":"cleowenxuan"},"content":"        return new Event(description, startDate, deadline);","lastModifiedDate":"2024-01-25"},{"lineNumber":172,"author":{"gitId":"cleowenxuan"},"content":"    }","lastModifiedDate":"2024-01-25"},{"lineNumber":173,"author":{"gitId":"cleowenxuan"},"content":"","lastModifiedDate":"2024-01-25"},{"lineNumber":174,"author":{"gitId":"cleowenxuan"},"content":"    private static int getTaskNumber(String task) {","lastModifiedDate":"2024-01-25"},{"lineNumber":175,"author":{"gitId":"cleowenxuan"},"content":"        String[] word \u003d task.split(\" \");","lastModifiedDate":"2024-01-25"},{"lineNumber":176,"author":{"gitId":"cleowenxuan"},"content":"        if (word.length \u003d\u003d 2) {","lastModifiedDate":"2024-01-25"},{"lineNumber":177,"author":{"gitId":"cleowenxuan"},"content":"            int taskId \u003d Integer.parseInt(word[1]);","lastModifiedDate":"2024-01-25"},{"lineNumber":178,"author":{"gitId":"cleowenxuan"},"content":"            for (int i \u003d 0; i \u003c tasks.size(); i++) {","lastModifiedDate":"2024-01-25"},{"lineNumber":179,"author":{"gitId":"cleowenxuan"},"content":"                if (tasks.get(i).getId() \u003d\u003d taskId) {","lastModifiedDate":"2024-01-25"},{"lineNumber":180,"author":{"gitId":"cleowenxuan"},"content":"                    return i;","lastModifiedDate":"2024-01-25"},{"lineNumber":181,"author":{"gitId":"cleowenxuan"},"content":"                }","lastModifiedDate":"2024-01-25"},{"lineNumber":182,"author":{"gitId":"cleowenxuan"},"content":"            }","lastModifiedDate":"2024-01-25"},{"lineNumber":183,"author":{"gitId":"cleowenxuan"},"content":"        }","lastModifiedDate":"2024-01-25"},{"lineNumber":184,"author":{"gitId":"cleowenxuan"},"content":"        return -1;","lastModifiedDate":"2024-01-25"},{"lineNumber":185,"author":{"gitId":"cleowenxuan"},"content":"    }","lastModifiedDate":"2024-01-25"},{"lineNumber":186,"author":{"gitId":"cleowenxuan"},"content":"","lastModifiedDate":"2024-01-25"},{"lineNumber":187,"author":{"gitId":"cleowenxuan"},"content":"    private static void markTaskDone(String task) throws BotException {","lastModifiedDate":"2024-01-25"},{"lineNumber":188,"author":{"gitId":"cleowenxuan"},"content":"        int taskNumber \u003d getTaskNumber(task);","lastModifiedDate":"2024-01-25"},{"lineNumber":189,"author":{"gitId":"cleowenxuan"},"content":"        if (taskNumber !\u003d -1) {","lastModifiedDate":"2024-01-25"},{"lineNumber":190,"author":{"gitId":"cleowenxuan"},"content":"            tasks.get(taskNumber).markDone();","lastModifiedDate":"2024-01-25"},{"lineNumber":191,"author":{"gitId":"cleowenxuan"},"content":"            System.out.println(\"Nice! I\u0027ve marked this task as done:\");","lastModifiedDate":"2024-01-25"},{"lineNumber":192,"author":{"gitId":"cleowenxuan"},"content":"            System.out.println(\" \"  + tasks.get(taskNumber));","lastModifiedDate":"2024-01-25"},{"lineNumber":193,"author":{"gitId":"cleowenxuan"},"content":"        } else {","lastModifiedDate":"2024-01-25"},{"lineNumber":194,"author":{"gitId":"cleowenxuan"},"content":"            throw new BotException(\"Invalid Task!\");","lastModifiedDate":"2024-01-25"},{"lineNumber":195,"author":{"gitId":"cleowenxuan"},"content":"        }","lastModifiedDate":"2024-01-25"},{"lineNumber":196,"author":{"gitId":"cleowenxuan"},"content":"    }","lastModifiedDate":"2024-01-25"},{"lineNumber":197,"author":{"gitId":"cleowenxuan"},"content":"","lastModifiedDate":"2024-01-25"},{"lineNumber":198,"author":{"gitId":"cleowenxuan"},"content":"    private static void markTaskUndone(String task) throws BotException {","lastModifiedDate":"2024-01-25"},{"lineNumber":199,"author":{"gitId":"cleowenxuan"},"content":"        int taskNumber \u003d getTaskNumber(task);","lastModifiedDate":"2024-01-25"},{"lineNumber":200,"author":{"gitId":"cleowenxuan"},"content":"        if (taskNumber !\u003d -1) {","lastModifiedDate":"2024-01-25"},{"lineNumber":201,"author":{"gitId":"cleowenxuan"},"content":"            tasks.get(taskNumber).markUndone();","lastModifiedDate":"2024-01-25"},{"lineNumber":202,"author":{"gitId":"cleowenxuan"},"content":"            System.out.println(\"OK, I\u0027ve marked this task as not done yet:\");","lastModifiedDate":"2024-01-25"},{"lineNumber":203,"author":{"gitId":"cleowenxuan"},"content":"            System.out.println(\"  \" + tasks.get(taskNumber));","lastModifiedDate":"2024-01-25"},{"lineNumber":204,"author":{"gitId":"cleowenxuan"},"content":"        } else {","lastModifiedDate":"2024-01-25"},{"lineNumber":205,"author":{"gitId":"cleowenxuan"},"content":"            throw new BotException(\"Invalid Task!\");","lastModifiedDate":"2024-01-25"},{"lineNumber":206,"author":{"gitId":"cleowenxuan"},"content":"        }","lastModifiedDate":"2024-01-25"},{"lineNumber":207,"author":{"gitId":"cleowenxuan"},"content":"    }","lastModifiedDate":"2024-01-25"},{"lineNumber":208,"author":{"gitId":"cleowenxuan"},"content":"","lastModifiedDate":"2024-01-25"},{"lineNumber":209,"author":{"gitId":"cleowenxuan"},"content":"    private static int getTaskIndexById(int taskId) {","lastModifiedDate":"2024-01-25"},{"lineNumber":210,"author":{"gitId":"cleowenxuan"},"content":"        for (int i \u003d 0; i \u003c tasks.size(); i++) {","lastModifiedDate":"2024-01-25"},{"lineNumber":211,"author":{"gitId":"cleowenxuan"},"content":"            if (tasks.get(i).getTaskId() \u003d\u003d taskId) {","lastModifiedDate":"2024-01-25"},{"lineNumber":212,"author":{"gitId":"cleowenxuan"},"content":"                return i;","lastModifiedDate":"2024-01-25"},{"lineNumber":213,"author":{"gitId":"cleowenxuan"},"content":"            }","lastModifiedDate":"2024-01-25"},{"lineNumber":214,"author":{"gitId":"cleowenxuan"},"content":"        }","lastModifiedDate":"2024-01-25"},{"lineNumber":215,"author":{"gitId":"cleowenxuan"},"content":"        return -1;","lastModifiedDate":"2024-01-25"},{"lineNumber":216,"author":{"gitId":"cleowenxuan"},"content":"    }","lastModifiedDate":"2024-01-25"},{"lineNumber":217,"author":{"gitId":"cleowenxuan"},"content":"","lastModifiedDate":"2024-01-25"},{"lineNumber":218,"author":{"gitId":"cleowenxuan"},"content":"    private static void updateTaskIds() {","lastModifiedDate":"2024-01-25"},{"lineNumber":219,"author":{"gitId":"cleowenxuan"},"content":"        for (int i \u003d 0; i \u003c tasks.size(); i++) {","lastModifiedDate":"2024-01-25"},{"lineNumber":220,"author":{"gitId":"cleowenxuan"},"content":"            tasks.get(i).setId(i + 1);","lastModifiedDate":"2024-01-25"},{"lineNumber":221,"author":{"gitId":"cleowenxuan"},"content":"        }","lastModifiedDate":"2024-01-25"},{"lineNumber":222,"author":{"gitId":"cleowenxuan"},"content":"    }","lastModifiedDate":"2024-01-25"},{"lineNumber":223,"author":{"gitId":"cleowenxuan"},"content":"","lastModifiedDate":"2024-01-25"},{"lineNumber":224,"author":{"gitId":"cleowenxuan"},"content":"    private static void deleteTask(int taskId) throws BotException{","lastModifiedDate":"2024-01-25"},{"lineNumber":225,"author":{"gitId":"cleowenxuan"},"content":"        int taskIndex \u003d getTaskIndexById(taskId);","lastModifiedDate":"2024-01-25"},{"lineNumber":226,"author":{"gitId":"cleowenxuan"},"content":"        if (taskIndex !\u003d -1) {","lastModifiedDate":"2024-01-25"},{"lineNumber":227,"author":{"gitId":"cleowenxuan"},"content":"            Task removedTask \u003d tasks.remove(taskIndex);","lastModifiedDate":"2024-01-25"},{"lineNumber":228,"author":{"gitId":"cleowenxuan"},"content":"            System.out.println(\"Noted. I\u0027ve removed this task:\");","lastModifiedDate":"2024-01-25"},{"lineNumber":229,"author":{"gitId":"cleowenxuan"},"content":"            System.out.println(\" \" + removedTask);","lastModifiedDate":"2024-01-25"},{"lineNumber":230,"author":{"gitId":"cleowenxuan"},"content":"            updateTaskIds();","lastModifiedDate":"2024-01-25"},{"lineNumber":231,"author":{"gitId":"cleowenxuan"},"content":"            System.out.println(\"Now you have \" + tasks.size() + \" tasks in the list.\");","lastModifiedDate":"2024-01-25"},{"lineNumber":232,"author":{"gitId":"cleowenxuan"},"content":"        } else {","lastModifiedDate":"2024-01-25"},{"lineNumber":233,"author":{"gitId":"cleowenxuan"},"content":"            throw new BotException(\"Task not found!\");","lastModifiedDate":"2024-01-25"},{"lineNumber":234,"author":{"gitId":"cleowenxuan"},"content":"        }","lastModifiedDate":"2024-01-25"},{"lineNumber":235,"author":{"gitId":"cleowenxuan"},"content":"    }","lastModifiedDate":"2024-01-25"},{"lineNumber":236,"author":{"gitId":"cleowenxuan"},"content":"","lastModifiedDate":"2024-01-25"},{"lineNumber":237,"author":{"gitId":"cleowenxuan"},"content":"    public static void processCommand(String command) throws FileNotFoundException, BotException {","lastModifiedDate":"2024-02-04"},{"lineNumber":238,"author":{"gitId":"cleowenxuan"},"content":"        String[] word \u003d command.split(\" \");","lastModifiedDate":"2024-01-25"},{"lineNumber":239,"author":{"gitId":"cleowenxuan"},"content":"        String inputType \u003d word[0];","lastModifiedDate":"2024-02-04"},{"lineNumber":240,"author":{"gitId":"cleowenxuan"},"content":"        switch (inputType) {","lastModifiedDate":"2024-02-04"},{"lineNumber":241,"author":{"gitId":"cleowenxuan"},"content":"            case \"bye\":","lastModifiedDate":"2024-02-04"},{"lineNumber":242,"author":{"gitId":"cleowenxuan"},"content":"                exit();","lastModifiedDate":"2024-02-04"},{"lineNumber":243,"author":{"gitId":"cleowenxuan"},"content":"                break;","lastModifiedDate":"2024-02-04"},{"lineNumber":244,"author":{"gitId":"cleowenxuan"},"content":"            case \"list\":","lastModifiedDate":"2024-02-04"},{"lineNumber":245,"author":{"gitId":"cleowenxuan"},"content":"                displayTasks();","lastModifiedDate":"2024-01-25"},{"lineNumber":246,"author":{"gitId":"cleowenxuan"},"content":"                break;","lastModifiedDate":"2024-02-04"},{"lineNumber":247,"author":{"gitId":"cleowenxuan"},"content":"            case \"mark\":","lastModifiedDate":"2024-02-04"},{"lineNumber":248,"author":{"gitId":"cleowenxuan"},"content":"                markTaskDone(command);","lastModifiedDate":"2024-01-25"},{"lineNumber":249,"author":{"gitId":"cleowenxuan"},"content":"                break;","lastModifiedDate":"2024-02-04"},{"lineNumber":250,"author":{"gitId":"cleowenxuan"},"content":"            case \"unmark\":","lastModifiedDate":"2024-02-04"},{"lineNumber":251,"author":{"gitId":"cleowenxuan"},"content":"                markTaskUndone(command);","lastModifiedDate":"2024-01-25"},{"lineNumber":252,"author":{"gitId":"cleowenxuan"},"content":"                break;","lastModifiedDate":"2024-02-04"},{"lineNumber":253,"author":{"gitId":"cleowenxuan"},"content":"            case \"todo\":","lastModifiedDate":"2024-02-04"},{"lineNumber":254,"author":{"gitId":"cleowenxuan"},"content":"                addTask(createtoDo(command));","lastModifiedDate":"2024-01-25"},{"lineNumber":255,"author":{"gitId":"cleowenxuan"},"content":"                break;","lastModifiedDate":"2024-02-04"},{"lineNumber":256,"author":{"gitId":"cleowenxuan"},"content":"            case \"deadline\":","lastModifiedDate":"2024-02-04"},{"lineNumber":257,"author":{"gitId":"cleowenxuan"},"content":"                addTask(createDeadline(command));","lastModifiedDate":"2024-01-25"},{"lineNumber":258,"author":{"gitId":"cleowenxuan"},"content":"                break;","lastModifiedDate":"2024-02-04"},{"lineNumber":259,"author":{"gitId":"cleowenxuan"},"content":"            case \"event\":","lastModifiedDate":"2024-02-04"},{"lineNumber":260,"author":{"gitId":"cleowenxuan"},"content":"                addTask(createEvent(command));","lastModifiedDate":"2024-01-25"},{"lineNumber":261,"author":{"gitId":"cleowenxuan"},"content":"                break;","lastModifiedDate":"2024-02-04"},{"lineNumber":262,"author":{"gitId":"cleowenxuan"},"content":"            case \"delete\":","lastModifiedDate":"2024-02-04"},{"lineNumber":263,"author":{"gitId":"cleowenxuan"},"content":"                deleteTask(Integer.parseInt(word[1]));","lastModifiedDate":"2024-01-25"},{"lineNumber":264,"author":{"gitId":"cleowenxuan"},"content":"                break;","lastModifiedDate":"2024-02-04"},{"lineNumber":265,"author":{"gitId":"cleowenxuan"},"content":"            default:","lastModifiedDate":"2024-02-04"},{"lineNumber":266,"author":{"gitId":"cleowenxuan"},"content":"                throw new BotException(\"Invalid Command!\");","lastModifiedDate":"2024-01-25"},{"lineNumber":267,"author":{"gitId":"cleowenxuan"},"content":"        }","lastModifiedDate":"2024-01-25"},{"lineNumber":268,"author":{"gitId":"cleowenxuan"},"content":"    }","lastModifiedDate":"2024-01-25"},{"lineNumber":269,"author":{"gitId":"cleowenxuan"},"content":"","lastModifiedDate":"2024-01-25"},{"lineNumber":270,"author":{"gitId":"cleowenxuan"},"content":"    public static void main(String[] args) {","lastModifiedDate":"2024-01-25"},{"lineNumber":271,"author":{"gitId":"cleowenxuan"},"content":"        String dataFile \u003d \"./taskLists.txt\";","lastModifiedDate":"2024-02-04"},{"lineNumber":272,"author":{"gitId":"cleowenxuan"},"content":"","lastModifiedDate":"2024-01-25"},{"lineNumber":273,"author":{"gitId":"cleowenxuan"},"content":"        try {","lastModifiedDate":"2024-01-25"},{"lineNumber":274,"author":{"gitId":"cleowenxuan"},"content":"            Asher.getFileContents(dataFile, Asher.tasks);","lastModifiedDate":"2024-02-04"},{"lineNumber":275,"author":{"gitId":"cleowenxuan"},"content":"        } catch (FileNotFoundException e) {","lastModifiedDate":"2024-02-04"},{"lineNumber":276,"author":{"gitId":"cleowenxuan"},"content":"            System.out.println(\"File invalid!\");","lastModifiedDate":"2024-02-04"},{"lineNumber":277,"author":{"gitId":"cleowenxuan"},"content":"        }","lastModifiedDate":"2024-02-04"},{"lineNumber":278,"author":{"gitId":"cleowenxuan"},"content":"","lastModifiedDate":"2024-02-04"},{"lineNumber":279,"author":{"gitId":"cleowenxuan"},"content":"        Asher.greet();","lastModifiedDate":"2024-02-04"},{"lineNumber":280,"author":{"gitId":"cleowenxuan"},"content":"","lastModifiedDate":"2024-02-04"},{"lineNumber":281,"author":{"gitId":"cleowenxuan"},"content":"        try (Scanner scanner \u003d new Scanner(System.in)) {","lastModifiedDate":"2024-02-04"},{"lineNumber":282,"author":{"gitId":"cleowenxuan"},"content":"            String command;","lastModifiedDate":"2024-02-04"},{"lineNumber":283,"author":{"gitId":"cleowenxuan"},"content":"            do {","lastModifiedDate":"2024-01-25"},{"lineNumber":284,"author":{"gitId":"cleowenxuan"},"content":"                command \u003d scanner.nextLine();","lastModifiedDate":"2024-01-25"},{"lineNumber":285,"author":{"gitId":"cleowenxuan"},"content":"                Asher.processCommand(command);","lastModifiedDate":"2024-01-25"},{"lineNumber":286,"author":{"gitId":"cleowenxuan"},"content":"            } while (!command.equals(\"bye\"));","lastModifiedDate":"2024-01-25"},{"lineNumber":287,"author":{"gitId":"cleowenxuan"},"content":"        } catch (BotException | FileNotFoundException e) {","lastModifiedDate":"2024-02-04"},{"lineNumber":288,"author":{"gitId":"cleowenxuan"},"content":"            System.out.println(\"Error: \" + e.getMessage());","lastModifiedDate":"2024-01-25"},{"lineNumber":289,"author":{"gitId":"cleowenxuan"},"content":"        }","lastModifiedDate":"2024-01-25"},{"lineNumber":290,"author":{"gitId":"cleowenxuan"},"content":"    }","lastModifiedDate":"2024-01-25"},{"lineNumber":291,"author":{"gitId":"cleowenxuan"},"content":"}","lastModifiedDate":"2024-01-25"}],"authorContributionMap":{"cleowenxuan":291}},{"path":"src/main/java/BotException.java","fileType":"java","lines":[{"lineNumber":1,"author":{"gitId":"cleowenxuan"},"content":"public class BotException extends Exception {","lastModifiedDate":"2024-01-25"},{"lineNumber":2,"author":{"gitId":"cleowenxuan"},"content":"","lastModifiedDate":"2024-01-25"},{"lineNumber":3,"author":{"gitId":"cleowenxuan"},"content":"    public BotException(String message) {","lastModifiedDate":"2024-01-25"},{"lineNumber":4,"author":{"gitId":"cleowenxuan"},"content":"        super(message);","lastModifiedDate":"2024-01-25"},{"lineNumber":5,"author":{"gitId":"cleowenxuan"},"content":"    }","lastModifiedDate":"2024-01-25"},{"lineNumber":6,"author":{"gitId":"cleowenxuan"},"content":"}","lastModifiedDate":"2024-01-25"}],"authorContributionMap":{"cleowenxuan":6}},{"path":"src/main/java/Deadline.java","fileType":"java","lines":[{"lineNumber":1,"author":{"gitId":"cleowenxuan"},"content":"public class Deadline extends Task {","lastModifiedDate":"2024-01-25"},{"lineNumber":2,"author":{"gitId":"cleowenxuan"},"content":"","lastModifiedDate":"2024-01-25"},{"lineNumber":3,"author":{"gitId":"cleowenxuan"},"content":"    protected String by;","lastModifiedDate":"2024-01-25"},{"lineNumber":4,"author":{"gitId":"cleowenxuan"},"content":"","lastModifiedDate":"2024-01-25"},{"lineNumber":5,"author":{"gitId":"cleowenxuan"},"content":"    public Deadline(String description, String by) {","lastModifiedDate":"2024-01-25"},{"lineNumber":6,"author":{"gitId":"cleowenxuan"},"content":"        super(description);","lastModifiedDate":"2024-01-25"},{"lineNumber":7,"author":{"gitId":"cleowenxuan"},"content":"        this.by \u003d by;","lastModifiedDate":"2024-01-25"},{"lineNumber":8,"author":{"gitId":"cleowenxuan"},"content":"    }","lastModifiedDate":"2024-01-25"},{"lineNumber":9,"author":{"gitId":"cleowenxuan"},"content":"","lastModifiedDate":"2024-01-25"},{"lineNumber":10,"author":{"gitId":"cleowenxuan"},"content":"    @Override","lastModifiedDate":"2024-02-04"},{"lineNumber":11,"author":{"gitId":"cleowenxuan"},"content":"    public String writeToString() {","lastModifiedDate":"2024-02-04"},{"lineNumber":12,"author":{"gitId":"cleowenxuan"},"content":"        String status \u003d isDone ? \"1\" : \"0\";","lastModifiedDate":"2024-02-04"},{"lineNumber":13,"author":{"gitId":"cleowenxuan"},"content":"        return \"D\" + \" | \" + status + \" | \" + description + \" | \" + by;","lastModifiedDate":"2024-02-04"},{"lineNumber":14,"author":{"gitId":"cleowenxuan"},"content":"    }","lastModifiedDate":"2024-02-04"},{"lineNumber":15,"author":{"gitId":"cleowenxuan"},"content":"","lastModifiedDate":"2024-02-04"},{"lineNumber":16,"author":{"gitId":"cleowenxuan"},"content":"    @Override","lastModifiedDate":"2024-01-25"},{"lineNumber":17,"author":{"gitId":"cleowenxuan"},"content":"    public String toString() {","lastModifiedDate":"2024-01-25"},{"lineNumber":18,"author":{"gitId":"cleowenxuan"},"content":"        return \"[D]\" + super.toString() + \" (by: \" + by + \")\";","lastModifiedDate":"2024-01-25"},{"lineNumber":19,"author":{"gitId":"cleowenxuan"},"content":"    }","lastModifiedDate":"2024-01-25"},{"lineNumber":20,"author":{"gitId":"cleowenxuan"},"content":"}","lastModifiedDate":"2024-01-25"}],"authorContributionMap":{"cleowenxuan":20}},{"path":"src/main/java/Event.java","fileType":"java","lines":[{"lineNumber":1,"author":{"gitId":"cleowenxuan"},"content":"public class Event extends Task {","lastModifiedDate":"2024-01-25"},{"lineNumber":2,"author":{"gitId":"cleowenxuan"},"content":"    protected String from;","lastModifiedDate":"2024-01-25"},{"lineNumber":3,"author":{"gitId":"cleowenxuan"},"content":"    protected String to;","lastModifiedDate":"2024-01-25"},{"lineNumber":4,"author":{"gitId":"cleowenxuan"},"content":"","lastModifiedDate":"2024-01-25"},{"lineNumber":5,"author":{"gitId":"cleowenxuan"},"content":"    public Event(String description, String from, String to) {","lastModifiedDate":"2024-01-25"},{"lineNumber":6,"author":{"gitId":"cleowenxuan"},"content":"        super(description);","lastModifiedDate":"2024-01-25"},{"lineNumber":7,"author":{"gitId":"cleowenxuan"},"content":"        this.from \u003d from;","lastModifiedDate":"2024-01-25"},{"lineNumber":8,"author":{"gitId":"cleowenxuan"},"content":"        this.to \u003d to;","lastModifiedDate":"2024-01-25"},{"lineNumber":9,"author":{"gitId":"cleowenxuan"},"content":"    }","lastModifiedDate":"2024-01-25"},{"lineNumber":10,"author":{"gitId":"cleowenxuan"},"content":"","lastModifiedDate":"2024-01-25"},{"lineNumber":11,"author":{"gitId":"cleowenxuan"},"content":"    @Override","lastModifiedDate":"2024-02-04"},{"lineNumber":12,"author":{"gitId":"cleowenxuan"},"content":"    public String writeToString() {","lastModifiedDate":"2024-02-04"},{"lineNumber":13,"author":{"gitId":"cleowenxuan"},"content":"        String status \u003d isDone ? \"1\" : \"0\";","lastModifiedDate":"2024-02-04"},{"lineNumber":14,"author":{"gitId":"cleowenxuan"},"content":"        return \"E\" + \" | \" + status + \" | \" + description + \" | \" + from + \" | \" + to;","lastModifiedDate":"2024-02-04"},{"lineNumber":15,"author":{"gitId":"cleowenxuan"},"content":"    }","lastModifiedDate":"2024-02-04"},{"lineNumber":16,"author":{"gitId":"cleowenxuan"},"content":"","lastModifiedDate":"2024-02-04"},{"lineNumber":17,"author":{"gitId":"cleowenxuan"},"content":"    @Override","lastModifiedDate":"2024-01-25"},{"lineNumber":18,"author":{"gitId":"cleowenxuan"},"content":"    public String toString() {","lastModifiedDate":"2024-01-25"},{"lineNumber":19,"author":{"gitId":"cleowenxuan"},"content":"        return \"[E]\" + super.toString() + \" (from: \" + from + \" to: \" + to + \")\";","lastModifiedDate":"2024-01-25"},{"lineNumber":20,"author":{"gitId":"cleowenxuan"},"content":"    }","lastModifiedDate":"2024-01-25"},{"lineNumber":21,"author":{"gitId":"cleowenxuan"},"content":"","lastModifiedDate":"2024-02-04"},{"lineNumber":22,"author":{"gitId":"cleowenxuan"},"content":"","lastModifiedDate":"2024-02-04"},{"lineNumber":23,"author":{"gitId":"cleowenxuan"},"content":"}","lastModifiedDate":"2024-01-25"}],"authorContributionMap":{"cleowenxuan":23}},{"path":"src/main/java/Task.java","fileType":"java","lines":[{"lineNumber":1,"author":{"gitId":"cleowenxuan"},"content":"public class Task {","lastModifiedDate":"2024-01-25"},{"lineNumber":2,"author":{"gitId":"cleowenxuan"},"content":"    protected String description;","lastModifiedDate":"2024-01-25"},{"lineNumber":3,"author":{"gitId":"cleowenxuan"},"content":"    protected boolean isDone;","lastModifiedDate":"2024-01-25"},{"lineNumber":4,"author":{"gitId":"cleowenxuan"},"content":"    private static int nextId \u003d 1;","lastModifiedDate":"2024-01-25"},{"lineNumber":5,"author":{"gitId":"cleowenxuan"},"content":"    private int id;","lastModifiedDate":"2024-01-25"},{"lineNumber":6,"author":{"gitId":"cleowenxuan"},"content":"","lastModifiedDate":"2024-01-25"},{"lineNumber":7,"author":{"gitId":"cleowenxuan"},"content":"    public Task(String description) {","lastModifiedDate":"2024-01-25"},{"lineNumber":8,"author":{"gitId":"cleowenxuan"},"content":"        this.description \u003d description;","lastModifiedDate":"2024-01-25"},{"lineNumber":9,"author":{"gitId":"cleowenxuan"},"content":"        this.isDone \u003d false;","lastModifiedDate":"2024-01-25"},{"lineNumber":10,"author":{"gitId":"cleowenxuan"},"content":"        this.id \u003d nextId++;","lastModifiedDate":"2024-01-25"},{"lineNumber":11,"author":{"gitId":"cleowenxuan"},"content":"    }","lastModifiedDate":"2024-01-25"},{"lineNumber":12,"author":{"gitId":"cleowenxuan"},"content":"","lastModifiedDate":"2024-01-25"},{"lineNumber":13,"author":{"gitId":"cleowenxuan"},"content":"    public int getTaskId() {","lastModifiedDate":"2024-01-25"},{"lineNumber":14,"author":{"gitId":"cleowenxuan"},"content":"        return id;","lastModifiedDate":"2024-01-25"},{"lineNumber":15,"author":{"gitId":"cleowenxuan"},"content":"    }","lastModifiedDate":"2024-01-25"},{"lineNumber":16,"author":{"gitId":"cleowenxuan"},"content":"","lastModifiedDate":"2024-01-25"},{"lineNumber":17,"author":{"gitId":"cleowenxuan"},"content":"    public int getId() {","lastModifiedDate":"2024-01-25"},{"lineNumber":18,"author":{"gitId":"cleowenxuan"},"content":"        return this.id;","lastModifiedDate":"2024-01-25"},{"lineNumber":19,"author":{"gitId":"cleowenxuan"},"content":"    }","lastModifiedDate":"2024-01-25"},{"lineNumber":20,"author":{"gitId":"cleowenxuan"},"content":"","lastModifiedDate":"2024-01-25"},{"lineNumber":21,"author":{"gitId":"cleowenxuan"},"content":"    public void setId(int id) {","lastModifiedDate":"2024-01-25"},{"lineNumber":22,"author":{"gitId":"cleowenxuan"},"content":"        this.id \u003d id;","lastModifiedDate":"2024-01-25"},{"lineNumber":23,"author":{"gitId":"cleowenxuan"},"content":"    }","lastModifiedDate":"2024-01-25"},{"lineNumber":24,"author":{"gitId":"cleowenxuan"},"content":"","lastModifiedDate":"2024-01-25"},{"lineNumber":25,"author":{"gitId":"cleowenxuan"},"content":"    public String getStatusIcon() {","lastModifiedDate":"2024-01-25"},{"lineNumber":26,"author":{"gitId":"cleowenxuan"},"content":"        return (isDone ? \"[X]\" : \"[ ]\"); // mark done task with X","lastModifiedDate":"2024-01-25"},{"lineNumber":27,"author":{"gitId":"cleowenxuan"},"content":"    }","lastModifiedDate":"2024-01-25"},{"lineNumber":28,"author":{"gitId":"cleowenxuan"},"content":"","lastModifiedDate":"2024-01-25"},{"lineNumber":29,"author":{"gitId":"cleowenxuan"},"content":"    public void markDone() {","lastModifiedDate":"2024-01-25"},{"lineNumber":30,"author":{"gitId":"cleowenxuan"},"content":"        this.isDone \u003d true;","lastModifiedDate":"2024-01-25"},{"lineNumber":31,"author":{"gitId":"cleowenxuan"},"content":"    }","lastModifiedDate":"2024-01-25"},{"lineNumber":32,"author":{"gitId":"cleowenxuan"},"content":"","lastModifiedDate":"2024-01-25"},{"lineNumber":33,"author":{"gitId":"cleowenxuan"},"content":"    public void markUndone() {","lastModifiedDate":"2024-01-25"},{"lineNumber":34,"author":{"gitId":"cleowenxuan"},"content":"        this.isDone \u003d false;","lastModifiedDate":"2024-01-25"},{"lineNumber":35,"author":{"gitId":"cleowenxuan"},"content":"    }","lastModifiedDate":"2024-01-25"},{"lineNumber":36,"author":{"gitId":"cleowenxuan"},"content":"","lastModifiedDate":"2024-01-25"},{"lineNumber":37,"author":{"gitId":"cleowenxuan"},"content":"    @Override","lastModifiedDate":"2024-01-25"},{"lineNumber":38,"author":{"gitId":"cleowenxuan"},"content":"    public String toString() {","lastModifiedDate":"2024-01-25"},{"lineNumber":39,"author":{"gitId":"cleowenxuan"},"content":"        return getStatusIcon() + \" \" + description;","lastModifiedDate":"2024-01-25"},{"lineNumber":40,"author":{"gitId":"cleowenxuan"},"content":"    }","lastModifiedDate":"2024-01-25"},{"lineNumber":41,"author":{"gitId":"cleowenxuan"},"content":"","lastModifiedDate":"2024-02-04"},{"lineNumber":42,"author":{"gitId":"cleowenxuan"},"content":"    public String writeToString() {","lastModifiedDate":"2024-02-04"},{"lineNumber":43,"author":{"gitId":"cleowenxuan"},"content":"        return \"\";","lastModifiedDate":"2024-02-04"},{"lineNumber":44,"author":{"gitId":"cleowenxuan"},"content":"    }","lastModifiedDate":"2024-02-04"},{"lineNumber":45,"author":{"gitId":"cleowenxuan"},"content":"}","lastModifiedDate":"2024-01-25"}],"authorContributionMap":{"cleowenxuan":45}},{"path":"src/main/java/Todo.java","fileType":"java","lines":[{"lineNumber":1,"author":{"gitId":"cleowenxuan"},"content":"public class Todo extends Task {","lastModifiedDate":"2024-01-25"},{"lineNumber":2,"author":{"gitId":"cleowenxuan"},"content":"    public Todo(String description) {","lastModifiedDate":"2024-01-25"},{"lineNumber":3,"author":{"gitId":"cleowenxuan"},"content":"        super(description);","lastModifiedDate":"2024-01-25"},{"lineNumber":4,"author":{"gitId":"cleowenxuan"},"content":"    }","lastModifiedDate":"2024-01-25"},{"lineNumber":5,"author":{"gitId":"cleowenxuan"},"content":"","lastModifiedDate":"2024-01-25"},{"lineNumber":6,"author":{"gitId":"cleowenxuan"},"content":"    @Override","lastModifiedDate":"2024-02-04"},{"lineNumber":7,"author":{"gitId":"cleowenxuan"},"content":"    public String writeToString() {","lastModifiedDate":"2024-02-04"},{"lineNumber":8,"author":{"gitId":"cleowenxuan"},"content":"        String status \u003d isDone ? \"1\" : \"0\";","lastModifiedDate":"2024-02-04"},{"lineNumber":9,"author":{"gitId":"cleowenxuan"},"content":"        return \"T\" + \" | \" + status + \" | \" + description;","lastModifiedDate":"2024-02-04"},{"lineNumber":10,"author":{"gitId":"cleowenxuan"},"content":"    }","lastModifiedDate":"2024-02-04"},{"lineNumber":11,"author":{"gitId":"cleowenxuan"},"content":"    @Override","lastModifiedDate":"2024-01-25"},{"lineNumber":12,"author":{"gitId":"cleowenxuan"},"content":"    public String toString() {","lastModifiedDate":"2024-01-25"},{"lineNumber":13,"author":{"gitId":"cleowenxuan"},"content":"        return \"[T]\" + super.toString();","lastModifiedDate":"2024-01-25"},{"lineNumber":14,"author":{"gitId":"cleowenxuan"},"content":"    }","lastModifiedDate":"2024-01-25"},{"lineNumber":15,"author":{"gitId":"cleowenxuan"},"content":"}","lastModifiedDate":"2024-01-25"}],"authorContributionMap":{"cleowenxuan":15}},{"path":"taskLists.txt","fileType":"txt","lines":[{"lineNumber":1,"author":{"gitId":"cleowenxuan"},"content":"T | 1 | read","lastModifiedDate":"2024-02-04"},{"lineNumber":2,"author":{"gitId":"cleowenxuan"},"content":"T | 0 | run","lastModifiedDate":"2024-02-04"},{"lineNumber":3,"author":{"gitId":"cleowenxuan"},"content":"D | 0 | assignment | Sunday","lastModifiedDate":"2024-02-04"},{"lineNumber":4,"author":{"gitId":"cleowenxuan"},"content":"E | 0 | usher | tdy | tmr","lastModifiedDate":"2024-02-04"},{"lineNumber":5,"author":{"gitId":"cleowenxuan"},"content":"T | 0 | sleep","lastModifiedDate":"2024-02-04"},{"lineNumber":6,"author":{"gitId":"cleowenxuan"},"content":"T | 0 | washing","lastModifiedDate":"2024-02-04"},{"lineNumber":7,"author":{"gitId":"cleowenxuan"},"content":"D | 1 | ps1 | tdy","lastModifiedDate":"2024-02-04"}],"authorContributionMap":{"cleowenxuan":7}},{"path":"text-ui-test/input.txt","fileType":"txt","lines":[{"lineNumber":1,"author":{"gitId":"cleowenxuan"},"content":"todo read book","lastModifiedDate":"2024-01-25"},{"lineNumber":2,"author":{"gitId":"cleowenxuan"},"content":"deadline return book /by June 6th","lastModifiedDate":"2024-01-25"},{"lineNumber":3,"author":{"gitId":"cleowenxuan"},"content":"event project meeting /from Aug 6th 2pm /to 4pm","lastModifiedDate":"2024-01-25"},{"lineNumber":4,"author":{"gitId":"cleowenxuan"},"content":"todo join sports club","lastModifiedDate":"2024-01-25"},{"lineNumber":5,"author":{"gitId":"cleowenxuan"},"content":"todo borrow book","lastModifiedDate":"2024-01-25"},{"lineNumber":6,"author":{"gitId":"cleowenxuan"},"content":"list","lastModifiedDate":"2024-01-25"},{"lineNumber":7,"author":{"gitId":"cleowenxuan"},"content":"mark 1","lastModifiedDate":"2024-01-25"},{"lineNumber":8,"author":{"gitId":"cleowenxuan"},"content":"mark 4","lastModifiedDate":"2024-01-25"},{"lineNumber":9,"author":{"gitId":"cleowenxuan"},"content":"unmark 1","lastModifiedDate":"2024-01-25"},{"lineNumber":10,"author":{"gitId":"cleowenxuan"},"content":"unmark 4","lastModifiedDate":"2024-01-25"},{"lineNumber":11,"author":{"gitId":"cleowenxuan"},"content":"deadline return book /by Sunday","lastModifiedDate":"2024-01-25"},{"lineNumber":12,"author":{"gitId":"cleowenxuan"},"content":"event project meeting /from Mon 2pm /to 4pm","lastModifiedDate":"2024-01-25"},{"lineNumber":13,"author":{"gitId":"cleowenxuan"},"content":"deadline do homework /by no idea :-p","lastModifiedDate":"2024-01-25"},{"lineNumber":14,"author":{"gitId":"cleowenxuan"},"content":"list","lastModifiedDate":"2024-01-25"},{"lineNumber":15,"author":{"gitId":"cleowenxuan"},"content":"bye","lastModifiedDate":"2024-01-25"}],"authorContributionMap":{"cleowenxuan":15}},{"path":"text-ui-test/runtest.sh","fileType":"sh","lines":[{"lineNumber":1,"author":{"gitId":"-"},"content":"#!/usr/bin/env bash","lastModifiedDate":"2020-05-25"},{"lineNumber":2,"author":{"gitId":"-"},"content":"","lastModifiedDate":"2020-05-25"},{"lineNumber":3,"author":{"gitId":"-"},"content":"# create bin directory if it doesn\u0027t exist","lastModifiedDate":"2020-05-25"},{"lineNumber":4,"author":{"gitId":"-"},"content":"if [ ! -d \"../bin\" ]","lastModifiedDate":"2020-05-25"},{"lineNumber":5,"author":{"gitId":"-"},"content":"then","lastModifiedDate":"2020-05-25"},{"lineNumber":6,"author":{"gitId":"-"},"content":"    mkdir ../bin","lastModifiedDate":"2020-05-25"},{"lineNumber":7,"author":{"gitId":"-"},"content":"fi","lastModifiedDate":"2020-05-25"},{"lineNumber":8,"author":{"gitId":"-"},"content":"","lastModifiedDate":"2020-05-25"},{"lineNumber":9,"author":{"gitId":"-"},"content":"# delete output from previous run","lastModifiedDate":"2020-05-25"},{"lineNumber":10,"author":{"gitId":"-"},"content":"if [ -e \"./ACTUAL.TXT\" ]","lastModifiedDate":"2020-05-25"},{"lineNumber":11,"author":{"gitId":"-"},"content":"then","lastModifiedDate":"2020-05-25"},{"lineNumber":12,"author":{"gitId":"-"},"content":"    rm ACTUAL.TXT","lastModifiedDate":"2020-05-25"},{"lineNumber":13,"author":{"gitId":"-"},"content":"fi","lastModifiedDate":"2020-05-25"},{"lineNumber":14,"author":{"gitId":"-"},"content":"","lastModifiedDate":"2020-05-25"},{"lineNumber":15,"author":{"gitId":"-"},"content":"# compile the code into the bin folder, terminates if error occurred","lastModifiedDate":"2020-05-25"},{"lineNumber":16,"author":{"gitId":"-"},"content":"if ! javac -cp ../src/main/java -Xlint:none -d ../bin ../src/main/java/*.java","lastModifiedDate":"2020-08-25"},{"lineNumber":17,"author":{"gitId":"-"},"content":"then","lastModifiedDate":"2020-05-25"},{"lineNumber":18,"author":{"gitId":"-"},"content":"    echo \"********** BUILD FAILURE **********\"","lastModifiedDate":"2020-05-25"},{"lineNumber":19,"author":{"gitId":"-"},"content":"    exit 1","lastModifiedDate":"2020-05-25"},{"lineNumber":20,"author":{"gitId":"-"},"content":"fi","lastModifiedDate":"2020-05-25"},{"lineNumber":21,"author":{"gitId":"-"},"content":"","lastModifiedDate":"2020-05-25"},{"lineNumber":22,"author":{"gitId":"-"},"content":"# run the program, feed commands from input.txt file and redirect the output to the ACTUAL.TXT","lastModifiedDate":"2020-05-25"},{"lineNumber":23,"author":{"gitId":"cleowenxuan"},"content":"java -classpath ../bin Asher \u003c input.txt \u003e ACTUAL.TXT","lastModifiedDate":"2024-01-25"},{"lineNumber":24,"author":{"gitId":"-"},"content":"","lastModifiedDate":"2020-05-25"},{"lineNumber":25,"author":{"gitId":"-"},"content":"# convert to UNIX format","lastModifiedDate":"2020-05-25"},{"lineNumber":26,"author":{"gitId":"-"},"content":"cp EXPECTED.TXT EXPECTED-UNIX.TXT","lastModifiedDate":"2020-05-25"},{"lineNumber":27,"author":{"gitId":"-"},"content":"dos2unix ACTUAL.TXT EXPECTED-UNIX.TXT","lastModifiedDate":"2020-05-25"},{"lineNumber":28,"author":{"gitId":"-"},"content":"","lastModifiedDate":"2020-05-25"},{"lineNumber":29,"author":{"gitId":"-"},"content":"# compare the output to the expected output","lastModifiedDate":"2020-05-25"},{"lineNumber":30,"author":{"gitId":"-"},"content":"diff ACTUAL.TXT EXPECTED-UNIX.TXT","lastModifiedDate":"2020-05-25"},{"lineNumber":31,"author":{"gitId":"-"},"content":"if [ $? -eq 0 ]","lastModifiedDate":"2020-05-25"},{"lineNumber":32,"author":{"gitId":"-"},"content":"then","lastModifiedDate":"2020-05-25"},{"lineNumber":33,"author":{"gitId":"-"},"content":"    echo \"Test result: PASSED\"","lastModifiedDate":"2020-05-25"},{"lineNumber":34,"author":{"gitId":"-"},"content":"    exit 0","lastModifiedDate":"2020-05-25"},{"lineNumber":35,"author":{"gitId":"-"},"content":"else","lastModifiedDate":"2020-05-25"},{"lineNumber":36,"author":{"gitId":"-"},"content":"    echo \"Test result: FAILED\"","lastModifiedDate":"2020-05-25"},{"lineNumber":37,"author":{"gitId":"-"},"content":"    exit 1","lastModifiedDate":"2020-05-25"},{"lineNumber":38,"author":{"gitId":"-"},"content":"fi","lastModifiedDate":"2020-05-25"}],"authorContributionMap":{"cleowenxuan":1,"-":37}}]
