{"authorDailyContributionsMap":{"jeong-jaeho":[{"date":"2024-01-25","commitResults":[{"hash":"dd433d3268a3ca51c2a9c936bccb6cab9aa4ee90","isMergeCommit":false,"messageTitle":"Added Level-0: Rename, Greet, Exit","messageBody":"","tags":["Level-0"],"fileTypesAndContributionMap":{"java":{"insertions":11,"deletions":10}}}]},{"date":"2024-01-31","commitResults":[{"hash":"0ec14de12e4f459c7db4c4a4b348a85d2cefae58","isMergeCommit":false,"messageTitle":"Add Scanner for user input and exiting with \"bye\".","messageBody":"","tags":["level-1","Level-1"],"fileTypesAndContributionMap":{"java":{"insertions":20,"deletions":7}}},{"hash":"5eacb042db8ab7effcf0cb2404d2afbb2f36782f","isMergeCommit":false,"messageTitle":"Add, List","messageBody":"","tags":["Level-2"],"fileTypesAndContributionMap":{"java":{"insertions":13,"deletions":5}}},{"hash":"59dc80a62012026f869d2701510a1148e7cf1173","isMergeCommit":false,"messageTitle":"Mark as done","messageBody":"","tags":["Level-3"],"fileTypesAndContributionMap":{"java":{"insertions":46,"deletions":4}}}]},{"date":"2024-02-01","commitResults":[{"hash":"6a7c1663df81a5a6eea4a8ad78eeaef14bdb9cfe","isMergeCommit":false,"messageTitle":"ToDos, Events, Deadlines","messageBody":"","tags":["Level-4"],"fileTypesAndContributionMap":{"java":{"insertions":75,"deletions":7}}},{"hash":"d1d17fefe35c017e465cd908678593f2283fb7f6","isMergeCommit":false,"messageTitle":"Test using the I/O redirection technique","messageBody":"","tags":["A-TextUiTesting"],"fileTypesAndContributionMap":{"txt":{"insertions":6,"deletions":0},"java":{"insertions":5,"deletions":0},"bat":{"insertions":1,"deletions":1},"sh":{"insertions":1,"deletions":1}}},{"hash":"69b0297f45584cf6b37974678a4f6f87ede8425d","isMergeCommit":false,"messageTitle":"Handle Errors","messageBody":"","tags":["Level-5"],"fileTypesAndContributionMap":{"java":{"insertions":125,"deletions":76},"bat":{"insertions":1,"deletions":1},"sh":{"insertions":1,"deletions":1}}},{"hash":"89ddbc87c6d1300a33ac59ab2198ab6075b2bc3e","isMergeCommit":false,"messageTitle":"Add support for deleting tasks from the list.","messageBody":"","tags":["Level-6"],"fileTypesAndContributionMap":{"java":{"insertions":18,"deletions":5}}}]},{"date":"2024-02-14","commitResults":[{"hash":"179b3aa07108173acac8fb3afbc2ec8094798f7a","isMergeCommit":false,"messageTitle":"Add Save feature","messageBody":"","fileTypesAndContributionMap":{"txt":{"insertions":2,"deletions":0},"java":{"insertions":127,"deletions":14}}},{"hash":"4514ed473b99a91d9f4746984908edad750cc889","isMergeCommit":true,"messageTitle":"Merge branch \u0027branch-Level-7\u0027","messageBody":"","tags":["Level-7"],"fileTypesAndContributionMap":{}}]}]},"authorFileTypeContributionMap":{"jeong-jaeho":{"java":318,"md":0,"fxml":0,"sh":0,"bat":0,"gradle":0,"txt":8}},"authorContributionVariance":{"jeong-jaeho":4552.16},"authorDisplayNameMap":{"jeong-jaeho":"CS2103T-T14-2 JEON..AEHO"}}
