{"authorDailyContributionsMap":{"Tanzhiheng26":[{"date":"2024-01-20","commitResults":[{"hash":"0a7fd4ad0511ebba0b8beeeb704946938e7fb8e9","isMergeCommit":false,"messageTitle":"Rename chatbot to Ezra, print greeting and exit messages","messageBody":"","tags":["Level-0"],"fileTypesAndContributionMap":{"java":{"insertions":12,"deletions":6}}},{"hash":"207a08442e24709ecdc83bf1934538816cda2fb0","isMergeCommit":false,"messageTitle":"Echo user input until user enters \"bye\", add indentation to chatbot messages","messageBody":"","tags":["Level-1"],"fileTypesAndContributionMap":{"java":{"insertions":20,"deletions":3}}},{"hash":"e721b45e95f4e41deac2359b452c6982eda53462","isMergeCommit":false,"messageTitle":"Store user input in tasks ArrayList and display previous inputs when user enters \"list\"","messageBody":"","tags":["Level-2"],"fileTypesAndContributionMap":{"java":{"insertions":10,"deletions":3}}},{"hash":"63a9ef05d0642e84dfc67eb14ca5188e2982a859","isMergeCommit":false,"messageTitle":"Add Task class, allow tasks to be marked as done or not done","messageBody":"","tags":["Level-3"],"fileTypesAndContributionMap":{"java":{"insertions":84,"deletions":18}}},{"hash":"7bab8dfcaf871b612e42281e3919b2a78faa0fd8","isMergeCommit":false,"messageTitle":"Change static fields and methods to non-static.","messageBody":"This allows each instance of the chatbot to have its own task list.\n","fileTypesAndContributionMap":{"java":{"insertions":18,"deletions":17}}},{"hash":"18d93da79154527fe58e55bb41b8587b60cad0af","isMergeCommit":false,"messageTitle":"Add ToDo class and handle todo command","messageBody":"","fileTypesAndContributionMap":{"java":{"insertions":19,"deletions":5}}},{"hash":"394541aa2284f31cbc7eef42bf28acc8d8cc786f","isMergeCommit":false,"messageTitle":"Add Deadline class and handle deadline command","messageBody":"","fileTypesAndContributionMap":{"java":{"insertions":19,"deletions":0}}}]},{"date":"2024-01-21","commitResults":[{"hash":"957f0634def85ea70bae3735c66fd1d1b2efaa59","isMergeCommit":false,"messageTitle":"Add Event class and handle event command","messageBody":"","tags":["Level-4"],"fileTypesAndContributionMap":{"java":{"insertions":44,"deletions":14}}},{"hash":"b7b295207310b0c3bb3e43ce385f0252000db912","isMergeCommit":false,"messageTitle":"Test UI","messageBody":"","tags":["A-TextUiTesting"],"fileTypesAndContributionMap":{"txt":{"insertions":9,"deletions":0},"java":{"insertions":7,"deletions":4}}},{"hash":"c3d3ba86f9fb22a07567bcb96cbb94912d1db839","isMergeCommit":false,"messageTitle":"Handle commands with incorrect format using custom WrongFormatException class","messageBody":"","tags":["Level-5"],"fileTypesAndContributionMap":{"java":{"insertions":85,"deletions":32}}},{"hash":"d0dce1ac2d9647a44ea1884f216a2979f6e61405","isMergeCommit":false,"messageTitle":"Add delete command to remove tasks from the list","messageBody":"","tags":["Level-6"],"fileTypesAndContributionMap":{"java":{"insertions":26,"deletions":0}}},{"hash":"5ffe57a80cec5a12ba70eb30ed386a4b6cb28524","isMergeCommit":false,"messageTitle":"Add test for delete command","messageBody":"","fileTypesAndContributionMap":{"txt":{"insertions":2,"deletions":0}}}]},{"date":"2024-01-27","commitResults":[{"hash":"4974ca3276fc1f6c10cca2ae347035571036704c","isMergeCommit":false,"messageTitle":"Write tasks to ./data/ezra.txt","messageBody":"","fileTypesAndContributionMap":{"java":{"insertions":53,"deletions":0}}},{"hash":"c6e783feb8a9f9869b0342f1c88306f67f539906","isMergeCommit":false,"messageTitle":"Load tasks from ./data/ezra.txt","messageBody":"","fileTypesAndContributionMap":{"java":{"insertions":39,"deletions":5}}},{"hash":"4d108c93c59a33f76b9b8f2d248b1c345fd7f51f","isMergeCommit":false,"messageTitle":"Create data folder if it does not exist","messageBody":"","fileTypesAndContributionMap":{"txt":{"insertions":4,"deletions":0},"java":{"insertions":2,"deletions":0}}},{"hash":"2ad13177ea8210e47bbfecd02c64c9a15b534783","isMergeCommit":true,"messageTitle":"Merge branch \u0027branch-Level-7\u0027","messageBody":"","tags":["Level-7"],"fileTypesAndContributionMap":{}}]},{"date":"2024-01-28","commitResults":[{"hash":"0fc3d58a4639126df43f6e960cde65bf5a595f63","isMergeCommit":false,"messageTitle":"Store date as LocalDate in Deadline","messageBody":"","fileTypesAndContributionMap":{"java":{"insertions":11,"deletions":4}}},{"hash":"51f383e9ed5f38c21cf101ec0b37021758ceaff9","isMergeCommit":false,"messageTitle":"Store date as LocalDate in Event","messageBody":"","fileTypesAndContributionMap":{"java":{"insertions":12,"deletions":7}}},{"hash":"acfaff3c18410b623fb0587f739b6547b7f8b013","isMergeCommit":false,"messageTitle":"Store date and time as LocalDateTime in Deadline and Event","messageBody":"","fileTypesAndContributionMap":{"txt":{"insertions":2,"deletions":2},"java":{"insertions":29,"deletions":19}}},{"hash":"3145327be94698661c6a591f4b460d2992246c67","isMergeCommit":true,"messageTitle":"Merge branch \u0027branch-Level-8\u0027","messageBody":"","tags":["Level-8"],"fileTypesAndContributionMap":{}}]},{"date":"2024-01-29","commitResults":[{"hash":"e787990088c93024f2165263427d767eaaa70856","isMergeCommit":false,"messageTitle":"Create Ui, Storage, Parser, TaskList class and refactor Duke.java","messageBody":"","tags":["A-MoreOOP"],"fileTypesAndContributionMap":{"txt":{"insertions":3,"deletions":3},"java":{"insertions":286,"deletions":244}}},{"hash":"23e86d8ef45bbf3f6be88380b42bcee4fa23f1b9","isMergeCommit":false,"messageTitle":"Put all classes in src.main.java.ezra package","messageBody":"","fileTypesAndContributionMap":{"txt":{"insertions":0,"deletions":0},"java":{"insertions":22,"deletions":4},"bat":{"insertions":1,"deletions":1}}},{"hash":"2e56fab5727be43464c54365de15790ec9fa33b3","isMergeCommit":false,"messageTitle":"Put all classes in ezra package","messageBody":"","tags":["A-Packages"],"fileTypesAndContributionMap":{"java":{"insertions":10,"deletions":10}}},{"hash":"fb21bd3792224b79d3914bf7d9a0ac2715ff9115","isMergeCommit":true,"messageTitle":"Merge branch \u0027add-gradle-support\u0027 of https://github.com/Tanzhiheng26/ip","messageBody":"","tags":["A-Gradle"],"fileTypesAndContributionMap":{}},{"hash":"be4a47dfe4ee84eee41d82c31ca222d6d450f040","isMergeCommit":false,"messageTitle":"Add JUnit tests","messageBody":"","fileTypesAndContributionMap":{"java":{"insertions":85,"deletions":22}}},{"hash":"c855e3a37fb9b2f602216644ccf42a05f33ee123","isMergeCommit":false,"messageTitle":"Add equals method to Event, Deadline and ToDo","messageBody":"","fileTypesAndContributionMap":{"java":{"insertions":35,"deletions":0}}},{"hash":"9ae345d1fcdcf4b8a9b317d397c2ab06718b8200","isMergeCommit":false,"messageTitle":"Add test case to TestParseDeadline","messageBody":"","tags":["A-JUnit"],"fileTypesAndContributionMap":{"java":{"insertions":3,"deletions":1}}}]},{"date":"2024-01-30","commitResults":[{"hash":"1ba8eae082b180cdcf7a2344998e91892f185aeb","isMergeCommit":false,"messageTitle":"Update build.gradle to create JAR files","messageBody":"","tags":["A-Jar"],"fileTypesAndContributionMap":{"gradle":{"insertions":3,"deletions":2},"java":{"insertions":7,"deletions":5}}},{"hash":"226e28773cecd47535c4fa60c955b5cb16266a80","isMergeCommit":false,"messageTitle":"Update filepath of Ezra in runtest.bat","messageBody":"","fileTypesAndContributionMap":{"txt":{"insertions":3,"deletions":9},"bat":{"insertions":2,"deletions":2}}},{"hash":"45d4016d70479e443348976ee9c2f57af6af97d7","isMergeCommit":false,"messageTitle":"Add javadoc comments to Task and its subclasses","messageBody":"","fileTypesAndContributionMap":{"java":{"insertions":102,"deletions":0}}},{"hash":"cb703c387822d915f23ea4cba532aa87e03ba2e9","isMergeCommit":false,"messageTitle":"Add javadoc comments all classes","messageBody":"","fileTypesAndContributionMap":{"java":{"insertions":155,"deletions":1}}},{"hash":"34411c170eca4b1646380d2cb87565e162976178","isMergeCommit":false,"messageTitle":"Follow Coding Standard","messageBody":"","fileTypesAndContributionMap":{"java":{"insertions":66,"deletions":47}}},{"hash":"86d81556b73dbc3001db862fa41685c7c34574c1","isMergeCommit":false,"messageTitle":"Add find command","messageBody":"","fileTypesAndContributionMap":{"java":{"insertions":33,"deletions":0}}},{"hash":"0717dcb0e4feb031a6112bcbe7db727a806cf50c","isMergeCommit":true,"messageTitle":"Merge branch \u0027branch-A-JavaDoc\u0027","messageBody":"","tags":["A-JavaDoc"],"fileTypesAndContributionMap":{}},{"hash":"98d4f9d9e680aa26fe8c7f229d7db0d209b6f3d7","isMergeCommit":true,"messageTitle":"Merge branch \u0027branch-A-CodingStandard\u0027","messageBody":"# Conflicts:\n#\tsrc/main/java/ezra/Storage.java\n#\tsrc/main/java/ezra/TaskList.java\n","tags":["A-CodingStandard"],"fileTypesAndContributionMap":{}},{"hash":"0385c4e0193663badea2276c77bc1ed68ac15c4d","isMergeCommit":true,"messageTitle":"Merge branch \u0027branch-Level-9\u0027","messageBody":"","tags":["Level-9"],"fileTypesAndContributionMap":{}},{"hash":"a78cfca1eafa03f75e56ad903baadcdaa64e2229","isMergeCommit":false,"messageTitle":"Add javadoc comments for find and parseFind","messageBody":"","fileTypesAndContributionMap":{"java":{"insertions":15,"deletions":3}}}]},{"date":"2024-02-01","commitResults":[{"hash":"a88108081a60cd9294375c3b4784d096fdce3564","isMergeCommit":false,"messageTitle":"Use \u0027/\u0027 instead of File.separator for filepath","messageBody":"","fileTypesAndContributionMap":{"txt":{"insertions":1,"deletions":1},"java":{"insertions":2,"deletions":2}}}]},{"date":"2024-02-02","commitResults":[{"hash":"7b2e39af03b4d71d2958fcf38e90f4ecf3f0c3cb","isMergeCommit":false,"messageTitle":"Change Task to abstract class","messageBody":"","fileTypesAndContributionMap":{"txt":{"insertions":1,"deletions":1},"java":{"insertions":2,"deletions":14}}},{"hash":"d83610868ca9a4b7e283be6fc60bf2565e302dc8","isMergeCommit":false,"messageTitle":"Rename toString2 to toStorageString","messageBody":"","fileTypesAndContributionMap":{"java":{"insertions":8,"deletions":8}}},{"hash":"6f836f68d5b4352fdad0fa56f442c979802327e6","isMergeCommit":false,"messageTitle":"Update expected result in testcase","messageBody":"","fileTypesAndContributionMap":{"java":{"insertions":2,"deletions":2}}},{"hash":"f7b139425d2054549ad0e5b9ee16e61f5c84dac6","isMergeCommit":false,"messageTitle":"Change greet method in Ui to static","messageBody":"","fileTypesAndContributionMap":{"txt":{"insertions":1,"deletions":0},"java":{"insertions":5,"deletions":8}}}]},{"date":"2024-02-03","commitResults":[{"hash":"bb10378416a305cce5f436b39578d0e20aac5f7d","isMergeCommit":false,"messageTitle":"Configure Checkstyle and correct coding style violations","messageBody":"","fileTypesAndContributionMap":{"gradle":{"insertions":5,"deletions":0},"java":{"insertions":37,"deletions":15}}},{"hash":"71412393323724610f90df2dcb1c61d2f1ebefa4","isMergeCommit":true,"messageTitle":"Merge branch \u0027branch-A-Checkstyle\u0027","messageBody":"","tags":["A-CheckStyle"],"fileTypesAndContributionMap":{}}]}]},"authorFileTypeContributionMap":{"Tanzhiheng26":{"java":851,"md":0,"fxml":0,"sh":0,"bat":2,"gradle":8,"txt":10}},"authorContributionVariance":{"Tanzhiheng26":39482.605},"authorDisplayNameMap":{"Tanzhiheng26":"CS2103T-W09-3 TAN ..HENG"}}
