{"authorDailyContributionsMap":{"aureliony":[{"date":"2024-01-22","commitResults":[{"hash":"36cc380517d018a197c70952c4fdcc84a95d00b0","isMergeCommit":false,"messageTitle":"Implement Level-0","messageBody":"","tags":["Level-0"],"fileTypesAndContributionMap":{"java":{"insertions":13,"deletions":10}}},{"hash":"a5e288e72e1684b67691d1d979cfa69fdd67b7c4","isMergeCommit":false,"messageTitle":"Refactor welcome and exit strings","messageBody":"","fileTypesAndContributionMap":{"java":{"insertions":5,"deletions":5}}},{"hash":"b6abddde7d9ecff810445e66e64623246f779968","isMergeCommit":false,"messageTitle":"Refactor welcome and exit strings","messageBody":"","fileTypesAndContributionMap":{"java":{"insertions":2,"deletions":2}}},{"hash":"a0151dc301c637d96a83f77945b72605f9584d67","isMergeCommit":false,"messageTitle":"Refactor welcome and exit strings into functions","messageBody":"","fileTypesAndContributionMap":{"java":{"insertions":14,"deletions":9}}},{"hash":"ae7d644e144f44db2ab0f94f9b58e6378a873133","isMergeCommit":false,"messageTitle":"Implement Level-1","messageBody":"","tags":["Level-1"],"fileTypesAndContributionMap":{"java":{"insertions":22,"deletions":7}}},{"hash":"c4d40bf5a328a20d640abb6db32beba6987beec1","isMergeCommit":false,"messageTitle":"Implement Level-2","messageBody":"","tags":["Level-2"],"fileTypesAndContributionMap":{"java":{"insertions":18,"deletions":5}}},{"hash":"ddd1a6d86ec782d49093adb12056909c20169a3e","isMergeCommit":false,"messageTitle":"Implement Level-3 and A-Classes","messageBody":"","tags":["Level-3","A-Classes"],"fileTypesAndContributionMap":{"java":{"insertions":54,"deletions":5}}},{"hash":"f6512d4cf1ffcc66052c463bbc0ce4779d1499a6","isMergeCommit":false,"messageTitle":"Implement Level-4 and A-Inheritance","messageBody":"","tags":["Level-4","A-Inheritance"],"fileTypesAndContributionMap":{"java":{"insertions":76,"deletions":13}}},{"hash":"e7e7915c684169dd5aaf1d6eab9627bc4ec85ba2","isMergeCommit":false,"messageTitle":"Implement A-TextUiTesting","messageBody":"","tags":["A-TextUiTesting"],"fileTypesAndContributionMap":{"txt":{"insertions":11,"deletions":0},"sh":{"insertions":1,"deletions":1}}},{"hash":"7025cede5668b20113ff069657feb4b6d524b2fa","isMergeCommit":false,"messageTitle":"Implement Level-5 and A-Exceptions","messageBody":"","tags":["Level-5","A-Exceptions"],"fileTypesAndContributionMap":{"java":{"insertions":87,"deletions":42}}},{"hash":"b2f51595d1f33d35c6b71ffb05c80de8ba6807af","isMergeCommit":false,"messageTitle":"Implement Level-6 and A-Collections","messageBody":"","fileTypesAndContributionMap":{"java":{"insertions":30,"deletions":13}}},{"hash":"fc8fe9040807636347d37bca69593578c9c75980","isMergeCommit":false,"messageTitle":"Refactor delete operation","messageBody":"","tags":["Level-6","A-Collections"],"fileTypesAndContributionMap":{"java":{"insertions":19,"deletions":21}}}]},{"date":"2024-01-27","commitResults":[{"hash":"a33de4ae1ddb44f48f9efc70b2c8ccace2822871","isMergeCommit":false,"messageTitle":"Update runtest.bat to match new chatbot name","messageBody":"","fileTypesAndContributionMap":{"bat":{"insertions":1,"deletions":1}}},{"hash":"69210d2da6ece34758af5373786bb8ea6b1b545e","isMergeCommit":false,"messageTitle":"Change constant variable name to match conventions","messageBody":"","fileTypesAndContributionMap":{"java":{"insertions":18,"deletions":18}}},{"hash":"37bebe929760c5f3a4b59bf6dc1bb868e7b51ece","isMergeCommit":false,"messageTitle":"Implement Level-7","messageBody":"","fileTypesAndContributionMap":{"java":{"insertions":168,"deletions":28}}},{"hash":"8f929209a9f2614854d374297c4688caa6f03721","isMergeCommit":true,"messageTitle":"Merge branch \u0027branch-Level-7\u0027","messageBody":"","tags":["Level-7"],"fileTypesAndContributionMap":{}},{"hash":"ecef04621f05323e54dd950ae3873c1240fbd2cb","isMergeCommit":false,"messageTitle":"Implement Level-8","messageBody":"","fileTypesAndContributionMap":{"txt":{"insertions":4,"deletions":4},"java":{"insertions":55,"deletions":25}}},{"hash":"2cc350fe9ce5ba22922518f8b047678c1ea3c1cc","isMergeCommit":true,"messageTitle":"Merge branch \u0027branch-Level-8\u0027","messageBody":"","tags":["Level-8"],"fileTypesAndContributionMap":{}}]},{"date":"2024-01-28","commitResults":[{"hash":"6c4ac952ea6846b146c99e57105f943dfd4d3703","isMergeCommit":false,"messageTitle":"Implement A-MoreOOP and A-Packages","messageBody":"","tags":["A-Packages","A-MoreOOP","A-Enums"],"fileTypesAndContributionMap":{"java":{"insertions":537,"deletions":257},"bat":{"insertions":1,"deletions":1}}},{"hash":"317e30d979f99532126cddcfd823e3b1954fee40","isMergeCommit":true,"messageTitle":"Merge remote-tracking branch \u0027origin/add-gradle-support\u0027","messageBody":"","fileTypesAndContributionMap":{}},{"hash":"4732f1fc63caa39091ab9dc4a28a92ba96fa7a3a","isMergeCommit":false,"messageTitle":"Implement A-Gradle","messageBody":"","tags":["A-Gradle"],"fileTypesAndContributionMap":{"gradle":{"insertions":1,"deletions":1}}},{"hash":"64da7e947ecf3c1b7f839ee7374b6ccf574da650","isMergeCommit":false,"messageTitle":"Make several variables private","messageBody":"","fileTypesAndContributionMap":{"java":{"insertions":4,"deletions":4}}}]},{"date":"2024-01-30","commitResults":[{"hash":"9e28028acc9f795d62e8b72632b0931ec652cd6d","isMergeCommit":false,"messageTitle":"Implement A-JUnit and A-Libraries","messageBody":"","tags":["A-Libraries","A-JUnit"],"fileTypesAndContributionMap":{"gradle":{"insertions":2,"deletions":1},"java":{"insertions":208,"deletions":1}}},{"hash":"df495ac247b10441b04b5d40539c85193e38c78e","isMergeCommit":false,"messageTitle":"Implement A-Jar","messageBody":"","tags":["A-Release","A-Jar"],"fileTypesAndContributionMap":{"gradle":{"insertions":1,"deletions":1}}},{"hash":"5f8d7c2b197eb4a8ec4d9664c2de04cbf87d7493","isMergeCommit":false,"messageTitle":"Implement A-JavaDoc and convert CRLF line endings to LF","messageBody":"","tags":["A-JavaDoc"],"fileTypesAndContributionMap":{"gradle":{"insertions":26,"deletions":13},"java":{"insertions":979,"deletions":477}}},{"hash":"a2eda5a22db1f0044891f624b220a0b00ca31ef9","isMergeCommit":false,"messageTitle":"Implement A-CodingStandard","messageBody":"","tags":["A-CodingStandard","A-CheckStyle"],"fileTypesAndContributionMap":{"gradle":{"insertions":6,"deletions":0},"java":{"insertions":91,"deletions":49},"bat":{"insertions":21,"deletions":21}}},{"hash":"be20e6ea13fe387383bbe4a8992168b51227eb58","isMergeCommit":false,"messageTitle":"Implement Level-9","messageBody":"","tags":["Level-9"],"fileTypesAndContributionMap":{"java":{"insertions":59,"deletions":2}}},{"hash":"880934037bfdf51c01b006c31459e53b3b3ea296","isMergeCommit":true,"messageTitle":"Merge branch \u0027branch-A-JavaDoc\u0027","messageBody":"","fileTypesAndContributionMap":{}},{"hash":"a6b87328c2c829eb66d0103a28b70ce66be9e079","isMergeCommit":true,"messageTitle":"Resolve merge conflicts","messageBody":"","fileTypesAndContributionMap":{}},{"hash":"6dde2f96b10cdf247454731fafffe41f9a389eef","isMergeCommit":true,"messageTitle":"Resolve merge conflicts and implement A-Streams","messageBody":"","fileTypesAndContributionMap":{}},{"hash":"5a1af6841f66223e452a39031854d0bd73c8909b","isMergeCommit":false,"messageTitle":"Fix a bug with the Delete command","messageBody":"","fileTypesAndContributionMap":{"java":{"insertions":2,"deletions":1}}}]},{"date":"2024-01-31","commitResults":[{"hash":"7e424491c3d576a7d52445c64c1b35b1f6ce43f0","isMergeCommit":false,"messageTitle":"Implement A-AbstractClasses and add stubbing to JUnit tests","messageBody":"","tags":["A-AbstractClasses"],"fileTypesAndContributionMap":{"java":{"insertions":17,"deletions":12}}},{"hash":"357e3054fcc8f4c4b7beddf5667f8d0604a1ba5c","isMergeCommit":false,"messageTitle":"Remove unnecessary import","messageBody":"","fileTypesAndContributionMap":{"java":{"insertions":0,"deletions":1}}},{"hash":"0180a0296126b9b567190cdcafb068260fc3bf06","isMergeCommit":false,"messageTitle":"Fix bug with Storage.write()","messageBody":"","fileTypesAndContributionMap":{"java":{"insertions":4,"deletions":4}}},{"hash":"0995bd7230f3d527f2c8391f7cdb20e1260a2fdf","isMergeCommit":false,"messageTitle":"Remove file creation from Storage.read()","messageBody":"","fileTypesAndContributionMap":{"java":{"insertions":1,"deletions":6}}}]},{"date":"2024-02-01","commitResults":[{"hash":"9f9d11aec6b00a2f974d69adce8bb257e7fb99d9","isMergeCommit":false,"messageTitle":"Move all classes to convobot package","messageBody":"","fileTypesAndContributionMap":{"gradle":{"insertions":4,"deletions":1},"java":{"insertions":4,"deletions":0}}}]},{"date":"2024-02-06","commitResults":[{"hash":"be26d50344d691903e370285b94c49829d413a14","isMergeCommit":false,"messageTitle":"Add javafx dependency to build.gradle","messageBody":"","fileTypesAndContributionMap":{"gradle":{"insertions":14,"deletions":0}}},{"hash":"73f94729bd4f46a6dd5ec906788efc17aeb2e342","isMergeCommit":false,"messageTitle":"Add JavaFX dependency and rename UI to Ui","messageBody":"","fileTypesAndContributionMap":{"gradle":{"insertions":3,"deletions":2},"java":{"insertions":64,"deletions":21}}},{"hash":"cd482836b54b87fa030d04690229c107d7c9c3e9","isMergeCommit":false,"messageTitle":"Add FXML dependency and bump JavaFX version","messageBody":"","fileTypesAndContributionMap":{"gradle":{"insertions":1,"deletions":2},"fxml":{"insertions":35,"deletions":0},"java":{"insertions":194,"deletions":45}}},{"hash":"a0fcc1e2425a92b4466bae8c7f87439a1995cb0b","isMergeCommit":false,"messageTitle":"Move ConvoBot.java to cli folder and add GUI icons","messageBody":"","fileTypesAndContributionMap":{"gradle":{"insertions":1,"deletions":1},"java":{"insertions":23,"deletions":57}}},{"hash":"f2bd45d3ee8e36ee5b33e1c5541416426ac1a6c4","isMergeCommit":false,"messageTitle":"Split ConvoBot.java into CLI and GUI","messageBody":"","fileTypesAndContributionMap":{"gradle":{"insertions":2,"deletions":1},"java":{"insertions":1,"deletions":16}}},{"hash":"10b8c6a5571bfa7774197ec9c206e27de9c50b44","isMergeCommit":false,"messageTitle":"Implement Level-10 and drop CLI support","messageBody":"","tags":["Level-10"],"fileTypesAndContributionMap":{"gradle":{"insertions":1,"deletions":2},"java":{"insertions":251,"deletions":251}}},{"hash":"9ba599de789b30188cb2dc691d562e710cd1cc40","isMergeCommit":false,"messageTitle":"Remove ConvoBotTest.java","messageBody":"","fileTypesAndContributionMap":{"java":{"insertions":1,"deletions":15}}},{"hash":"322a5ab577e3cc828d8aacf120a09937d0b68376","isMergeCommit":false,"messageTitle":"Fix checkstyle errors","messageBody":"","fileTypesAndContributionMap":{"java":{"insertions":11,"deletions":14}}},{"hash":"dec2dc815ef99dd3fc5c02a980d71c56295a41d1","isMergeCommit":true,"messageTitle":"Merge branch \u0027branch-Level-10\u0027","messageBody":"","fileTypesAndContributionMap":{}},{"hash":"d70eaa963a06b8209f1ae6c9895c6a865346634c","isMergeCommit":false,"messageTitle":"Update Javadoc for ResponseConstructor.java","messageBody":"","fileTypesAndContributionMap":{"java":{"insertions":3,"deletions":1}}},{"hash":"8e2e1208c6c6b5ea372024430ced256c42c14754","isMergeCommit":false,"messageTitle":"Remove text-ui-test","messageBody":"","fileTypesAndContributionMap":{"txt":{"insertions":0,"deletions":11},"bat":{"insertions":0,"deletions":21},"sh":{"insertions":0,"deletions":38}}},{"hash":"0fbc66385eef4abd1b765f662beff7fb8aab0418","isMergeCommit":false,"messageTitle":"Fix dialog text being cut off if too long","messageBody":"","fileTypesAndContributionMap":{"fxml":{"insertions":1,"deletions":1},"java":{"insertions":4,"deletions":4}}},{"hash":"ec6bb4cf4ac8fd92993c569446a1bc1e8fbe728c","isMergeCommit":false,"messageTitle":"Fix padding issues","messageBody":"","fileTypesAndContributionMap":{"fxml":{"insertions":10,"deletions":6}}},{"hash":"80a68274565aee707879ec460aea79e5e23c0d81","isMergeCommit":false,"messageTitle":"Implement styling with dark theme and custom fonts","messageBody":"","fileTypesAndContributionMap":{"fxml":{"insertions":4,"deletions":4},"java":{"insertions":4,"deletions":0}}}]},{"date":"2024-02-07","commitResults":[{"hash":"d64c0148abc7f7649f8efc0ffdf3694c74fe146f","isMergeCommit":false,"messageTitle":"Force window to be un-resizable","messageBody":"","fileTypesAndContributionMap":{"java":{"insertions":1,"deletions":0}}}]},{"date":"2024-02-08","commitResults":[{"hash":"ed6c3aced717073cf2864ffa582f7e1ad677ca7c","isMergeCommit":false,"messageTitle":"Implement peer review suggestions","messageBody":"","fileTypesAndContributionMap":{"java":{"insertions":17,"deletions":17}}}]},{"date":"2024-02-13","commitResults":[{"hash":"277b53740e2fcdeaae15ce4d82a7378dcd292f6a","isMergeCommit":false,"messageTitle":"Implement A-Streams","messageBody":"Added comment to explain use of Java streams in Parser.java\n","fileTypesAndContributionMap":{"java":{"insertions":1,"deletions":0}}},{"hash":"cf4510382e0048adfbe107e0d388c74de2c45756","isMergeCommit":false,"messageTitle":"Implement A-Assertions","messageBody":"Improved the code by adding assertions in various locations.\n\nEnabled assertions in build.gradle run task.\n\nAsserted that ConvoBot\u0027s response string should not be empty.\n\nAsserted false in a code block that is not meant to be reachable under any circumstances.\n","tags":["A-FullCommitMessage"],"fileTypesAndContributionMap":{"gradle":{"insertions":2,"deletions":0},"java":{"insertions":6,"deletions":0}}},{"hash":"01fbe714eed53e9fd65526f785b070d158ca0f21","isMergeCommit":false,"messageTitle":"Standardized the code","messageBody":"Added a blank line after each class declaration\n","fileTypesAndContributionMap":{"java":{"insertions":5,"deletions":4}}},{"hash":"f73382f134e51228d3e875c764c73d3046e90157","isMergeCommit":false,"messageTitle":"Implement A-CodeQuality","messageBody":"Improved the code quality according to topic W5.4.\n\nRefactored TaskList.java by extracting the enforceArrayBounds() method.\n","fileTypesAndContributionMap":{"java":{"insertions":27,"deletions":20}}},{"hash":"fc42533ccade19324d5e05880126f10ead3d17b7","isMergeCommit":false,"messageTitle":"Added assertation in Parser.java","messageBody":"","fileTypesAndContributionMap":{"java":{"insertions":1,"deletions":0}}},{"hash":"1a7db3d5b3a49dbac3e907b63fb542cc660374ca","isMergeCommit":false,"messageTitle":"Refactor parseTaskFromLine() in Parser.java","messageBody":"Refactored parseTaskFromLine() by defining constants at the start of the method\n","fileTypesAndContributionMap":{"java":{"insertions":11,"deletions":5}}},{"hash":"72da8973dbb5c22d054e7e5b0b99347e854c3b3e","isMergeCommit":false,"messageTitle":"Refactor Parser.java","messageBody":"Separated Parser.java into TaskParser.java and CommandParser.java.\n\nSeparated the corresponding test class ParserTest.java into TaskParserTest.java and CommandParserTest.java as well.\n","fileTypesAndContributionMap":{"java":{"insertions":122,"deletions":82}}},{"hash":"8817c6c440f2a0b96b41ab1ffbe6c1c658f42695","isMergeCommit":false,"messageTitle":"Refactor Event.java","messageBody":"","fileTypesAndContributionMap":{"java":{"insertions":6,"deletions":3}}},{"hash":"640e38afbb896315d5cfc6bbdd4897dfd2d31508","isMergeCommit":true,"messageTitle":"Merge pull request #1 from aureliony/branch-A-Assertions","messageBody":"Merge branch-A-Assertions into master","tags":["A-Assertions"],"fileTypesAndContributionMap":{}},{"hash":"47e7cc4cfa27456f8192263de558a13837fd053e","isMergeCommit":true,"messageTitle":"Merge pull request #2 from aureliony/branch-A-Streams","messageBody":"Implement A-Streams","tags":["A-Streams"],"fileTypesAndContributionMap":{}},{"hash":"442912ecd26af98a563525951f134bec8acfb65e","isMergeCommit":true,"messageTitle":"Merge branch \u0027master\u0027 into branch-A-CodeQuality","messageBody":"","fileTypesAndContributionMap":{}},{"hash":"08baed21c5862496bc4bf3130107e2a9faa06953","isMergeCommit":false,"messageTitle":"Refactor CommandParser.java","messageBody":"","fileTypesAndContributionMap":{"java":{"insertions":22,"deletions":25}}},{"hash":"ca95a1a8b6836f3209ee47a57a70cf96ef286c44","isMergeCommit":true,"messageTitle":"Merge pull request #7 from aureliony/branch-A-CodeQuality","messageBody":"Improve code quality","tags":["A-CodeQuality"],"fileTypesAndContributionMap":{}},{"hash":"9bc20ad0563c5cc8010183334f6a0f8601ed1d75","isMergeCommit":false,"messageTitle":"Fix compilation error with CommandParser.java","messageBody":"","fileTypesAndContributionMap":{"java":{"insertions":5,"deletions":7}}}]}]},"authorFileTypeContributionMap":{"aureliony":{"java":1718,"md":0,"fxml":39,"sh":0,"bat":0,"gradle":48,"txt":0}},"authorContributionVariance":{"aureliony":201586.84},"authorDisplayNameMap":{"aureliony":"CS2103T-W12-3 LEON.. YEW"}}
