[{"path":"src/main/java/Duke.java","fileType":"java","lines":[{"lineNumber":1,"author":{"gitId":"jjchee77"},"content":"import java.util.Arrays;","lastModifiedDate":"2024-01-29"},{"lineNumber":2,"author":{"gitId":"jjchee77"},"content":"import java.util.Scanner;","lastModifiedDate":"2024-01-29"},{"lineNumber":3,"author":{"gitId":"jjchee77"},"content":"import java.util.ArrayList;","lastModifiedDate":"2024-01-29"},{"lineNumber":4,"author":{"gitId":"jjchee77"},"content":"","lastModifiedDate":"2024-01-29"},{"lineNumber":5,"author":{"gitId":"jjchee77"},"content":"import tasks.Deadline;","lastModifiedDate":"2024-01-29"},{"lineNumber":6,"author":{"gitId":"jjchee77"},"content":"import tasks.Event;","lastModifiedDate":"2024-01-29"},{"lineNumber":7,"author":{"gitId":"jjchee77"},"content":"import tasks.Task;","lastModifiedDate":"2024-01-29"},{"lineNumber":8,"author":{"gitId":"jjchee77"},"content":"import tasks.Todo;","lastModifiedDate":"2024-01-29"},{"lineNumber":9,"author":{"gitId":"jjchee77"},"content":"","lastModifiedDate":"2024-01-29"},{"lineNumber":10,"author":{"gitId":"jjchee77"},"content":"import exceptions.tasks.EmptyDescriptionException;","lastModifiedDate":"2024-01-29"},{"lineNumber":11,"author":{"gitId":"jjchee77"},"content":"","lastModifiedDate":"2024-01-29"},{"lineNumber":12,"author":{"gitId":"-"},"content":"public class Duke {","lastModifiedDate":"2019-07-29"},{"lineNumber":13,"author":{"gitId":"jjchee77"},"content":"    private static final String NAME \u003d \"Arctic\";","lastModifiedDate":"2024-01-29"},{"lineNumber":14,"author":{"gitId":"jjchee77"},"content":"    private static final Integer BORDER_LEN \u003d 60;","lastModifiedDate":"2024-01-29"},{"lineNumber":15,"author":{"gitId":"jjchee77"},"content":"    private static final ArrayList\u003cTask\u003e TASKS \u003d new ArrayList\u003c\u003e();","lastModifiedDate":"2024-01-29"},{"lineNumber":16,"author":{"gitId":"jjchee77"},"content":"","lastModifiedDate":"2024-01-29"},{"lineNumber":17,"author":{"gitId":"jjchee77"},"content":"    private static String duplicateChar(Character c, Integer num) {","lastModifiedDate":"2024-01-29"},{"lineNumber":18,"author":{"gitId":"jjchee77"},"content":"        return String.valueOf(c).repeat(num);","lastModifiedDate":"2024-01-29"},{"lineNumber":19,"author":{"gitId":"jjchee77"},"content":"    }","lastModifiedDate":"2024-01-29"},{"lineNumber":20,"author":{"gitId":"jjchee77"},"content":"","lastModifiedDate":"2024-01-29"},{"lineNumber":21,"author":{"gitId":"jjchee77"},"content":"    private static String getBorder() {","lastModifiedDate":"2024-01-29"},{"lineNumber":22,"author":{"gitId":"jjchee77"},"content":"        return duplicateChar(\u0027_\u0027, BORDER_LEN);","lastModifiedDate":"2024-01-29"},{"lineNumber":23,"author":{"gitId":"jjchee77"},"content":"    }","lastModifiedDate":"2024-01-29"},{"lineNumber":24,"author":{"gitId":"jjchee77"},"content":"","lastModifiedDate":"2024-01-29"},{"lineNumber":25,"author":{"gitId":"jjchee77"},"content":"    private static void userGreeting () {","lastModifiedDate":"2024-01-29"},{"lineNumber":26,"author":{"gitId":"jjchee77"},"content":"        System.out.println(getBorder());","lastModifiedDate":"2024-01-29"},{"lineNumber":27,"author":{"gitId":"jjchee77"},"content":"        System.out.printf(\"Hello! I\u0027m %s\\n\", NAME);","lastModifiedDate":"2024-01-29"},{"lineNumber":28,"author":{"gitId":"jjchee77"},"content":"        System.out.println(\"What can I do for you?\");","lastModifiedDate":"2024-01-29"},{"lineNumber":29,"author":{"gitId":"jjchee77"},"content":"        System.out.println(getBorder());","lastModifiedDate":"2024-01-29"},{"lineNumber":30,"author":{"gitId":"jjchee77"},"content":"    }","lastModifiedDate":"2024-01-29"},{"lineNumber":31,"author":{"gitId":"jjchee77"},"content":"","lastModifiedDate":"2024-01-29"},{"lineNumber":32,"author":{"gitId":"jjchee77"},"content":"    private static void userFarewell() {","lastModifiedDate":"2024-01-29"},{"lineNumber":33,"author":{"gitId":"jjchee77"},"content":"        System.out.println(getBorder());","lastModifiedDate":"2024-01-29"},{"lineNumber":34,"author":{"gitId":"jjchee77"},"content":"        System.out.println(\"Bye. Hope to see you again soon!\");","lastModifiedDate":"2024-01-29"},{"lineNumber":35,"author":{"gitId":"jjchee77"},"content":"        System.out.println(getBorder());","lastModifiedDate":"2024-01-29"},{"lineNumber":36,"author":{"gitId":"jjchee77"},"content":"    }","lastModifiedDate":"2024-01-29"},{"lineNumber":37,"author":{"gitId":"jjchee77"},"content":"","lastModifiedDate":"2024-01-29"},{"lineNumber":38,"author":{"gitId":"jjchee77"},"content":"    private static void printCommandOutput(String output) {","lastModifiedDate":"2024-01-29"},{"lineNumber":39,"author":{"gitId":"jjchee77"},"content":"        System.out.println(getBorder());","lastModifiedDate":"2024-01-29"},{"lineNumber":40,"author":{"gitId":"jjchee77"},"content":"        System.out.printf(output);","lastModifiedDate":"2024-01-29"},{"lineNumber":41,"author":{"gitId":"jjchee77"},"content":"        System.out.println(getBorder());","lastModifiedDate":"2024-01-29"},{"lineNumber":42,"author":{"gitId":"jjchee77"},"content":"    }","lastModifiedDate":"2024-01-29"},{"lineNumber":43,"author":{"gitId":"jjchee77"},"content":"","lastModifiedDate":"2024-01-29"},{"lineNumber":44,"author":{"gitId":"jjchee77"},"content":"    private static String handleList() {","lastModifiedDate":"2024-01-29"},{"lineNumber":45,"author":{"gitId":"jjchee77"},"content":"        String[] output \u003d new String[TASKS.size()];","lastModifiedDate":"2024-01-29"},{"lineNumber":46,"author":{"gitId":"jjchee77"},"content":"        for (int i \u003d 0; i \u003c TASKS.size(); i++) {","lastModifiedDate":"2024-01-29"},{"lineNumber":47,"author":{"gitId":"jjchee77"},"content":"            Task task \u003d TASKS.get(i);","lastModifiedDate":"2024-01-29"},{"lineNumber":48,"author":{"gitId":"jjchee77"},"content":"            output[i] \u003d String.format(\"%d. %s\", i + 1, task.toString());","lastModifiedDate":"2024-01-29"},{"lineNumber":49,"author":{"gitId":"jjchee77"},"content":"        }","lastModifiedDate":"2024-01-29"},{"lineNumber":50,"author":{"gitId":"jjchee77"},"content":"        return String.join(\"\\n\", output);","lastModifiedDate":"2024-01-29"},{"lineNumber":51,"author":{"gitId":"jjchee77"},"content":"    }","lastModifiedDate":"2024-01-29"},{"lineNumber":52,"author":{"gitId":"jjchee77"},"content":"","lastModifiedDate":"2024-01-29"},{"lineNumber":53,"author":{"gitId":"jjchee77"},"content":"    private static String handleMarkUnMark(String[] args) {","lastModifiedDate":"2024-01-29"},{"lineNumber":54,"author":{"gitId":"jjchee77"},"content":"        String command \u003d args[0];","lastModifiedDate":"2024-01-29"},{"lineNumber":55,"author":{"gitId":"jjchee77"},"content":"        int taskNum \u003d Integer.parseInt(args[1]);","lastModifiedDate":"2024-01-29"},{"lineNumber":56,"author":{"gitId":"jjchee77"},"content":"        Task task \u003d TASKS.get(taskNum - 1);","lastModifiedDate":"2024-01-29"},{"lineNumber":57,"author":{"gitId":"jjchee77"},"content":"","lastModifiedDate":"2024-01-29"},{"lineNumber":58,"author":{"gitId":"jjchee77"},"content":"        if (command.equals(\"mark\")) {","lastModifiedDate":"2024-01-29"},{"lineNumber":59,"author":{"gitId":"jjchee77"},"content":"            task.mark();","lastModifiedDate":"2024-01-29"},{"lineNumber":60,"author":{"gitId":"jjchee77"},"content":"            return String.format(\"Nice! I\u0027ve marked this task as done:\\n  %s\", task.toString());","lastModifiedDate":"2024-01-29"},{"lineNumber":61,"author":{"gitId":"jjchee77"},"content":"        } else {","lastModifiedDate":"2024-01-29"},{"lineNumber":62,"author":{"gitId":"jjchee77"},"content":"            task.unmark();","lastModifiedDate":"2024-01-29"},{"lineNumber":63,"author":{"gitId":"jjchee77"},"content":"            return String.format(\"OK, I\u0027ve marked this task as not done yet:\\n  %s\", task.toString());","lastModifiedDate":"2024-01-29"},{"lineNumber":64,"author":{"gitId":"jjchee77"},"content":"        }","lastModifiedDate":"2024-01-29"},{"lineNumber":65,"author":{"gitId":"jjchee77"},"content":"    }","lastModifiedDate":"2024-01-29"},{"lineNumber":66,"author":{"gitId":"jjchee77"},"content":"","lastModifiedDate":"2024-01-29"},{"lineNumber":67,"author":{"gitId":"jjchee77"},"content":"    private static Task addTodo(String[] taskArgs) throws EmptyDescriptionException {","lastModifiedDate":"2024-01-29"},{"lineNumber":68,"author":{"gitId":"jjchee77"},"content":"        String description \u003d String.join(\" \", taskArgs);","lastModifiedDate":"2024-01-29"},{"lineNumber":69,"author":{"gitId":"jjchee77"},"content":"","lastModifiedDate":"2024-01-29"},{"lineNumber":70,"author":{"gitId":"jjchee77"},"content":"        Todo todo \u003d new Todo(description);","lastModifiedDate":"2024-01-29"},{"lineNumber":71,"author":{"gitId":"jjchee77"},"content":"        TASKS.add(todo);","lastModifiedDate":"2024-01-29"},{"lineNumber":72,"author":{"gitId":"jjchee77"},"content":"","lastModifiedDate":"2024-01-29"},{"lineNumber":73,"author":{"gitId":"jjchee77"},"content":"        return todo;","lastModifiedDate":"2024-01-29"},{"lineNumber":74,"author":{"gitId":"jjchee77"},"content":"    }","lastModifiedDate":"2024-01-29"},{"lineNumber":75,"author":{"gitId":"jjchee77"},"content":"","lastModifiedDate":"2024-01-29"},{"lineNumber":76,"author":{"gitId":"jjchee77"},"content":"    private static Task addDeadline(String[] taskArgs) throws EmptyDescriptionException {","lastModifiedDate":"2024-01-29"},{"lineNumber":77,"author":{"gitId":"jjchee77"},"content":"        String byDelim \u003d \"/by\";","lastModifiedDate":"2024-01-29"},{"lineNumber":78,"author":{"gitId":"jjchee77"},"content":"","lastModifiedDate":"2024-01-29"},{"lineNumber":79,"author":{"gitId":"jjchee77"},"content":"        String argsStr \u003d String.join(\" \", taskArgs);","lastModifiedDate":"2024-01-29"},{"lineNumber":80,"author":{"gitId":"jjchee77"},"content":"        int byIndex \u003d argsStr.indexOf(byDelim);","lastModifiedDate":"2024-01-29"},{"lineNumber":81,"author":{"gitId":"jjchee77"},"content":"","lastModifiedDate":"2024-01-29"},{"lineNumber":82,"author":{"gitId":"jjchee77"},"content":"        String by \u003d argsStr.substring(byIndex + byDelim.length()).trim();","lastModifiedDate":"2024-01-29"},{"lineNumber":83,"author":{"gitId":"jjchee77"},"content":"        String description \u003d argsStr.substring(0, byIndex).trim();","lastModifiedDate":"2024-01-29"},{"lineNumber":84,"author":{"gitId":"jjchee77"},"content":"","lastModifiedDate":"2024-01-29"},{"lineNumber":85,"author":{"gitId":"jjchee77"},"content":"        Deadline deadline \u003d new Deadline(description, by);","lastModifiedDate":"2024-01-29"},{"lineNumber":86,"author":{"gitId":"jjchee77"},"content":"        TASKS.add(deadline);","lastModifiedDate":"2024-01-29"},{"lineNumber":87,"author":{"gitId":"jjchee77"},"content":"","lastModifiedDate":"2024-01-29"},{"lineNumber":88,"author":{"gitId":"jjchee77"},"content":"        return deadline;","lastModifiedDate":"2024-01-29"},{"lineNumber":89,"author":{"gitId":"jjchee77"},"content":"    }","lastModifiedDate":"2024-01-29"},{"lineNumber":90,"author":{"gitId":"jjchee77"},"content":"","lastModifiedDate":"2024-01-29"},{"lineNumber":91,"author":{"gitId":"jjchee77"},"content":"    private static Task addEvent(String[] taskArgs) throws EmptyDescriptionException {","lastModifiedDate":"2024-01-29"},{"lineNumber":92,"author":{"gitId":"jjchee77"},"content":"        String fromDelim \u003d \"/from\";","lastModifiedDate":"2024-01-29"},{"lineNumber":93,"author":{"gitId":"jjchee77"},"content":"        String toDelim \u003d \"/to\";","lastModifiedDate":"2024-01-29"},{"lineNumber":94,"author":{"gitId":"jjchee77"},"content":"","lastModifiedDate":"2024-01-29"},{"lineNumber":95,"author":{"gitId":"jjchee77"},"content":"        String argsStr \u003d String.join(\" \", taskArgs);","lastModifiedDate":"2024-01-29"},{"lineNumber":96,"author":{"gitId":"jjchee77"},"content":"        int fromIndex \u003d argsStr.indexOf(fromDelim);","lastModifiedDate":"2024-01-29"},{"lineNumber":97,"author":{"gitId":"jjchee77"},"content":"        int toIndex \u003d argsStr.indexOf(toDelim);","lastModifiedDate":"2024-01-29"},{"lineNumber":98,"author":{"gitId":"jjchee77"},"content":"","lastModifiedDate":"2024-01-29"},{"lineNumber":99,"author":{"gitId":"jjchee77"},"content":"        String from \u003d argsStr.substring(fromIndex + fromDelim.length(), toIndex).trim();","lastModifiedDate":"2024-01-29"},{"lineNumber":100,"author":{"gitId":"jjchee77"},"content":"        String to \u003d argsStr.substring(toIndex + toDelim.length()).trim();","lastModifiedDate":"2024-01-29"},{"lineNumber":101,"author":{"gitId":"jjchee77"},"content":"        String description \u003d argsStr.substring(0, fromIndex).trim();","lastModifiedDate":"2024-01-29"},{"lineNumber":102,"author":{"gitId":"jjchee77"},"content":"","lastModifiedDate":"2024-01-29"},{"lineNumber":103,"author":{"gitId":"jjchee77"},"content":"        Event event \u003d new Event(description, from , to);","lastModifiedDate":"2024-01-29"},{"lineNumber":104,"author":{"gitId":"jjchee77"},"content":"        TASKS.add(event);","lastModifiedDate":"2024-01-29"},{"lineNumber":105,"author":{"gitId":"jjchee77"},"content":"","lastModifiedDate":"2024-01-29"},{"lineNumber":106,"author":{"gitId":"jjchee77"},"content":"        return event;","lastModifiedDate":"2024-01-29"},{"lineNumber":107,"author":{"gitId":"jjchee77"},"content":"    }","lastModifiedDate":"2024-01-29"},{"lineNumber":108,"author":{"gitId":"jjchee77"},"content":"","lastModifiedDate":"2024-01-29"},{"lineNumber":109,"author":{"gitId":"jjchee77"},"content":"    private static String handleAddTask(String[] args) {","lastModifiedDate":"2024-01-29"},{"lineNumber":110,"author":{"gitId":"jjchee77"},"content":"        String taskType \u003d args[0];","lastModifiedDate":"2024-01-29"},{"lineNumber":111,"author":{"gitId":"jjchee77"},"content":"        String[] taskArgs \u003d Arrays.copyOfRange(args, 1, args.length);","lastModifiedDate":"2024-01-29"},{"lineNumber":112,"author":{"gitId":"jjchee77"},"content":"","lastModifiedDate":"2024-01-29"},{"lineNumber":113,"author":{"gitId":"jjchee77"},"content":"        Task task;","lastModifiedDate":"2024-01-29"},{"lineNumber":114,"author":{"gitId":"jjchee77"},"content":"        try {","lastModifiedDate":"2024-01-29"},{"lineNumber":115,"author":{"gitId":"jjchee77"},"content":"            switch (taskType) {","lastModifiedDate":"2024-01-29"},{"lineNumber":116,"author":{"gitId":"jjchee77"},"content":"                case \"todo\":","lastModifiedDate":"2024-01-29"},{"lineNumber":117,"author":{"gitId":"jjchee77"},"content":"                    task \u003d addTodo(taskArgs);","lastModifiedDate":"2024-01-29"},{"lineNumber":118,"author":{"gitId":"jjchee77"},"content":"                    break;","lastModifiedDate":"2024-01-29"},{"lineNumber":119,"author":{"gitId":"jjchee77"},"content":"                case \"deadline\":","lastModifiedDate":"2024-01-29"},{"lineNumber":120,"author":{"gitId":"jjchee77"},"content":"                    task \u003d addDeadline(taskArgs);","lastModifiedDate":"2024-01-29"},{"lineNumber":121,"author":{"gitId":"jjchee77"},"content":"                    break;","lastModifiedDate":"2024-01-29"},{"lineNumber":122,"author":{"gitId":"jjchee77"},"content":"                case \"event\":","lastModifiedDate":"2024-01-29"},{"lineNumber":123,"author":{"gitId":"jjchee77"},"content":"                    task \u003d addEvent(taskArgs);","lastModifiedDate":"2024-01-29"},{"lineNumber":124,"author":{"gitId":"jjchee77"},"content":"                    break;","lastModifiedDate":"2024-01-29"},{"lineNumber":125,"author":{"gitId":"jjchee77"},"content":"                default:","lastModifiedDate":"2024-01-29"},{"lineNumber":126,"author":{"gitId":"jjchee77"},"content":"                    return \"\";","lastModifiedDate":"2024-01-29"},{"lineNumber":127,"author":{"gitId":"jjchee77"},"content":"            }","lastModifiedDate":"2024-01-29"},{"lineNumber":128,"author":{"gitId":"jjchee77"},"content":"        } catch (EmptyDescriptionException ede) {","lastModifiedDate":"2024-01-29"},{"lineNumber":129,"author":{"gitId":"jjchee77"},"content":"            return ede.toString();","lastModifiedDate":"2024-01-29"},{"lineNumber":130,"author":{"gitId":"jjchee77"},"content":"        }","lastModifiedDate":"2024-01-29"},{"lineNumber":131,"author":{"gitId":"jjchee77"},"content":"","lastModifiedDate":"2024-01-29"},{"lineNumber":132,"author":{"gitId":"jjchee77"},"content":"        return String.format(\"Got it. I\u0027ve added this task:\\n  %s\\nNow you have %d tasks in the list.\", task.toString(), TASKS.size());","lastModifiedDate":"2024-01-29"},{"lineNumber":133,"author":{"gitId":"jjchee77"},"content":"    }","lastModifiedDate":"2024-01-29"},{"lineNumber":134,"author":{"gitId":"jjchee77"},"content":"","lastModifiedDate":"2024-01-29"},{"lineNumber":135,"author":{"gitId":"jjchee77"},"content":"    private static String handleDeleteTask(String[] args) {","lastModifiedDate":"2024-01-29"},{"lineNumber":136,"author":{"gitId":"jjchee77"},"content":"        int taskNum \u003d Integer.parseInt(args[1]);","lastModifiedDate":"2024-01-29"},{"lineNumber":137,"author":{"gitId":"jjchee77"},"content":"        Task task \u003d TASKS.get(taskNum - 1);","lastModifiedDate":"2024-01-29"},{"lineNumber":138,"author":{"gitId":"jjchee77"},"content":"        TASKS.remove(taskNum);","lastModifiedDate":"2024-01-29"},{"lineNumber":139,"author":{"gitId":"jjchee77"},"content":"","lastModifiedDate":"2024-01-29"},{"lineNumber":140,"author":{"gitId":"jjchee77"},"content":"        return String.format(\"Noted. I\u0027ve removed this task:\\n  %s\\nNow you have %d tasks in the list.\", task.toString(), TASKS.size());","lastModifiedDate":"2024-01-29"},{"lineNumber":141,"author":{"gitId":"jjchee77"},"content":"    }","lastModifiedDate":"2024-01-29"},{"lineNumber":142,"author":{"gitId":"jjchee77"},"content":"","lastModifiedDate":"2024-01-29"},{"lineNumber":143,"author":{"gitId":"jjchee77"},"content":"    private static void handleCommands() {","lastModifiedDate":"2024-01-29"},{"lineNumber":144,"author":{"gitId":"jjchee77"},"content":"        Scanner scnr \u003d new Scanner(System.in);","lastModifiedDate":"2024-01-29"},{"lineNumber":145,"author":{"gitId":"jjchee77"},"content":"        while (scnr.hasNextLine()) {","lastModifiedDate":"2024-01-29"},{"lineNumber":146,"author":{"gitId":"jjchee77"},"content":"            String userInput \u003d scnr.nextLine();","lastModifiedDate":"2024-01-29"},{"lineNumber":147,"author":{"gitId":"jjchee77"},"content":"            String[] args \u003d userInput.split(\" \");","lastModifiedDate":"2024-01-29"},{"lineNumber":148,"author":{"gitId":"jjchee77"},"content":"            String command \u003d args[0];","lastModifiedDate":"2024-01-29"},{"lineNumber":149,"author":{"gitId":"jjchee77"},"content":"","lastModifiedDate":"2024-01-29"},{"lineNumber":150,"author":{"gitId":"jjchee77"},"content":"            String commandOutput;","lastModifiedDate":"2024-01-29"},{"lineNumber":151,"author":{"gitId":"jjchee77"},"content":"            switch (command) {","lastModifiedDate":"2024-01-29"},{"lineNumber":152,"author":{"gitId":"jjchee77"},"content":"                case \"list\":","lastModifiedDate":"2024-01-29"},{"lineNumber":153,"author":{"gitId":"jjchee77"},"content":"                    commandOutput \u003d handleList();","lastModifiedDate":"2024-01-29"},{"lineNumber":154,"author":{"gitId":"jjchee77"},"content":"                    break;","lastModifiedDate":"2024-01-29"},{"lineNumber":155,"author":{"gitId":"jjchee77"},"content":"                case \"bye\":","lastModifiedDate":"2024-01-29"},{"lineNumber":156,"author":{"gitId":"jjchee77"},"content":"                    return;","lastModifiedDate":"2024-01-29"},{"lineNumber":157,"author":{"gitId":"jjchee77"},"content":"                case \"mark\":","lastModifiedDate":"2024-01-29"},{"lineNumber":158,"author":{"gitId":"jjchee77"},"content":"                case \"unmark\":","lastModifiedDate":"2024-01-29"},{"lineNumber":159,"author":{"gitId":"jjchee77"},"content":"                    commandOutput \u003d handleMarkUnMark(args);","lastModifiedDate":"2024-01-29"},{"lineNumber":160,"author":{"gitId":"jjchee77"},"content":"                    break;","lastModifiedDate":"2024-01-29"},{"lineNumber":161,"author":{"gitId":"jjchee77"},"content":"                case \"todo\":","lastModifiedDate":"2024-01-29"},{"lineNumber":162,"author":{"gitId":"jjchee77"},"content":"                case \"deadline\":","lastModifiedDate":"2024-01-29"},{"lineNumber":163,"author":{"gitId":"jjchee77"},"content":"                case \"event\":","lastModifiedDate":"2024-01-29"},{"lineNumber":164,"author":{"gitId":"jjchee77"},"content":"                    commandOutput \u003d handleAddTask(args);","lastModifiedDate":"2024-01-29"},{"lineNumber":165,"author":{"gitId":"jjchee77"},"content":"                    break;","lastModifiedDate":"2024-01-29"},{"lineNumber":166,"author":{"gitId":"jjchee77"},"content":"                case \"delete\":","lastModifiedDate":"2024-01-29"},{"lineNumber":167,"author":{"gitId":"jjchee77"},"content":"                    commandOutput \u003d handleDeleteTask(args);","lastModifiedDate":"2024-01-29"},{"lineNumber":168,"author":{"gitId":"jjchee77"},"content":"                    break;","lastModifiedDate":"2024-01-29"},{"lineNumber":169,"author":{"gitId":"jjchee77"},"content":"                default:","lastModifiedDate":"2024-01-29"},{"lineNumber":170,"author":{"gitId":"jjchee77"},"content":"                    commandOutput \u003d \"OOPS!!! I don\u0027t understand that command, try again later.\";","lastModifiedDate":"2024-01-29"},{"lineNumber":171,"author":{"gitId":"jjchee77"},"content":"                    break;","lastModifiedDate":"2024-01-29"},{"lineNumber":172,"author":{"gitId":"jjchee77"},"content":"            }","lastModifiedDate":"2024-01-29"},{"lineNumber":173,"author":{"gitId":"jjchee77"},"content":"            System.out.println(getBorder());","lastModifiedDate":"2024-01-29"},{"lineNumber":174,"author":{"gitId":"jjchee77"},"content":"            System.out.println(commandOutput);","lastModifiedDate":"2024-01-29"},{"lineNumber":175,"author":{"gitId":"jjchee77"},"content":"            System.out.println(getBorder());","lastModifiedDate":"2024-01-29"},{"lineNumber":176,"author":{"gitId":"jjchee77"},"content":"        }","lastModifiedDate":"2024-01-29"},{"lineNumber":177,"author":{"gitId":"jjchee77"},"content":"    }","lastModifiedDate":"2024-01-29"},{"lineNumber":178,"author":{"gitId":"jjchee77"},"content":"","lastModifiedDate":"2024-01-29"},{"lineNumber":179,"author":{"gitId":"-"},"content":"    public static void main(String[] args) {","lastModifiedDate":"2019-07-29"},{"lineNumber":180,"author":{"gitId":"jjchee77"},"content":"        userGreeting();","lastModifiedDate":"2024-01-29"},{"lineNumber":181,"author":{"gitId":"jjchee77"},"content":"","lastModifiedDate":"2024-01-29"},{"lineNumber":182,"author":{"gitId":"jjchee77"},"content":"        handleCommands();","lastModifiedDate":"2024-01-29"},{"lineNumber":183,"author":{"gitId":"jjchee77"},"content":"","lastModifiedDate":"2024-01-29"},{"lineNumber":184,"author":{"gitId":"jjchee77"},"content":"        userFarewell();","lastModifiedDate":"2024-01-29"},{"lineNumber":185,"author":{"gitId":"-"},"content":"    }","lastModifiedDate":"2019-07-29"},{"lineNumber":186,"author":{"gitId":"-"},"content":"}","lastModifiedDate":"2019-07-29"}],"authorContributionMap":{"jjchee77":182,"-":4}},{"path":"src/main/java/exceptions/DukeException.java","fileType":"java","lines":[{"lineNumber":1,"author":{"gitId":"jjchee77"},"content":"package exceptions;","lastModifiedDate":"2024-01-29"},{"lineNumber":2,"author":{"gitId":"jjchee77"},"content":"","lastModifiedDate":"2024-01-29"},{"lineNumber":3,"author":{"gitId":"jjchee77"},"content":"public abstract class DukeException extends Exception{","lastModifiedDate":"2024-01-29"},{"lineNumber":4,"author":{"gitId":"jjchee77"},"content":"    public DukeException(String errorMessage) {","lastModifiedDate":"2024-01-29"},{"lineNumber":5,"author":{"gitId":"jjchee77"},"content":"        super(errorMessage);","lastModifiedDate":"2024-01-29"},{"lineNumber":6,"author":{"gitId":"jjchee77"},"content":"    }","lastModifiedDate":"2024-01-29"},{"lineNumber":7,"author":{"gitId":"jjchee77"},"content":"","lastModifiedDate":"2024-01-29"},{"lineNumber":8,"author":{"gitId":"jjchee77"},"content":"    @Override","lastModifiedDate":"2024-01-29"},{"lineNumber":9,"author":{"gitId":"jjchee77"},"content":"    public String toString() {","lastModifiedDate":"2024-01-29"},{"lineNumber":10,"author":{"gitId":"jjchee77"},"content":"        return String.format(\"OOPS!!! %s\", super.getMessage());","lastModifiedDate":"2024-01-29"},{"lineNumber":11,"author":{"gitId":"jjchee77"},"content":"    }","lastModifiedDate":"2024-01-29"},{"lineNumber":12,"author":{"gitId":"jjchee77"},"content":"}","lastModifiedDate":"2024-01-29"}],"authorContributionMap":{"jjchee77":12}},{"path":"src/main/java/exceptions/tasks/EmptyDescriptionException.java","fileType":"java","lines":[{"lineNumber":1,"author":{"gitId":"jjchee77"},"content":"package exceptions.tasks;","lastModifiedDate":"2024-01-29"},{"lineNumber":2,"author":{"gitId":"jjchee77"},"content":"","lastModifiedDate":"2024-01-29"},{"lineNumber":3,"author":{"gitId":"jjchee77"},"content":"import exceptions.DukeException;","lastModifiedDate":"2024-01-29"},{"lineNumber":4,"author":{"gitId":"jjchee77"},"content":"","lastModifiedDate":"2024-01-29"},{"lineNumber":5,"author":{"gitId":"jjchee77"},"content":"public class EmptyDescriptionException extends DukeException {","lastModifiedDate":"2024-01-29"},{"lineNumber":6,"author":{"gitId":"jjchee77"},"content":"    private final static String errorMessage \u003d \"The description of a task cannot be empty.\";","lastModifiedDate":"2024-01-29"},{"lineNumber":7,"author":{"gitId":"jjchee77"},"content":"    public EmptyDescriptionException() {","lastModifiedDate":"2024-01-29"},{"lineNumber":8,"author":{"gitId":"jjchee77"},"content":"        super(errorMessage);","lastModifiedDate":"2024-01-29"},{"lineNumber":9,"author":{"gitId":"jjchee77"},"content":"    }","lastModifiedDate":"2024-01-29"},{"lineNumber":10,"author":{"gitId":"jjchee77"},"content":"}","lastModifiedDate":"2024-01-29"}],"authorContributionMap":{"jjchee77":10}},{"path":"src/main/java/tasks/Deadline.java","fileType":"java","lines":[{"lineNumber":1,"author":{"gitId":"jjchee77"},"content":"package tasks;","lastModifiedDate":"2024-01-29"},{"lineNumber":2,"author":{"gitId":"jjchee77"},"content":"","lastModifiedDate":"2024-01-29"},{"lineNumber":3,"author":{"gitId":"jjchee77"},"content":"import exceptions.tasks.EmptyDescriptionException;","lastModifiedDate":"2024-01-29"},{"lineNumber":4,"author":{"gitId":"jjchee77"},"content":"import tasks.Task;","lastModifiedDate":"2024-01-29"},{"lineNumber":5,"author":{"gitId":"jjchee77"},"content":"","lastModifiedDate":"2024-01-29"},{"lineNumber":6,"author":{"gitId":"jjchee77"},"content":"public class Deadline extends Task {","lastModifiedDate":"2024-01-29"},{"lineNumber":7,"author":{"gitId":"jjchee77"},"content":"    private String by;","lastModifiedDate":"2024-01-29"},{"lineNumber":8,"author":{"gitId":"jjchee77"},"content":"","lastModifiedDate":"2024-01-29"},{"lineNumber":9,"author":{"gitId":"jjchee77"},"content":"    public Deadline(String description, String by) throws EmptyDescriptionException {","lastModifiedDate":"2024-01-29"},{"lineNumber":10,"author":{"gitId":"jjchee77"},"content":"        super(description);","lastModifiedDate":"2024-01-29"},{"lineNumber":11,"author":{"gitId":"jjchee77"},"content":"        this.by \u003d by;","lastModifiedDate":"2024-01-29"},{"lineNumber":12,"author":{"gitId":"jjchee77"},"content":"    }","lastModifiedDate":"2024-01-29"},{"lineNumber":13,"author":{"gitId":"jjchee77"},"content":"","lastModifiedDate":"2024-01-29"},{"lineNumber":14,"author":{"gitId":"jjchee77"},"content":"    @Override","lastModifiedDate":"2024-01-29"},{"lineNumber":15,"author":{"gitId":"jjchee77"},"content":"    public String toString() {","lastModifiedDate":"2024-01-29"},{"lineNumber":16,"author":{"gitId":"jjchee77"},"content":"        return String.format(\"[D]%s (by: %s)\", super.toString(), this.by);","lastModifiedDate":"2024-01-29"},{"lineNumber":17,"author":{"gitId":"jjchee77"},"content":"    }","lastModifiedDate":"2024-01-29"},{"lineNumber":18,"author":{"gitId":"jjchee77"},"content":"}","lastModifiedDate":"2024-01-29"}],"authorContributionMap":{"jjchee77":18}},{"path":"src/main/java/tasks/Event.java","fileType":"java","lines":[{"lineNumber":1,"author":{"gitId":"jjchee77"},"content":"package tasks;","lastModifiedDate":"2024-01-29"},{"lineNumber":2,"author":{"gitId":"jjchee77"},"content":"","lastModifiedDate":"2024-01-29"},{"lineNumber":3,"author":{"gitId":"jjchee77"},"content":"import exceptions.tasks.EmptyDescriptionException;","lastModifiedDate":"2024-01-29"},{"lineNumber":4,"author":{"gitId":"jjchee77"},"content":"","lastModifiedDate":"2024-01-29"},{"lineNumber":5,"author":{"gitId":"jjchee77"},"content":"public class Event extends Task {","lastModifiedDate":"2024-01-29"},{"lineNumber":6,"author":{"gitId":"jjchee77"},"content":"    private String from;","lastModifiedDate":"2024-01-29"},{"lineNumber":7,"author":{"gitId":"jjchee77"},"content":"    private String to;","lastModifiedDate":"2024-01-29"},{"lineNumber":8,"author":{"gitId":"jjchee77"},"content":"","lastModifiedDate":"2024-01-29"},{"lineNumber":9,"author":{"gitId":"jjchee77"},"content":"    public Event(String description, String from, String to) throws EmptyDescriptionException {","lastModifiedDate":"2024-01-29"},{"lineNumber":10,"author":{"gitId":"jjchee77"},"content":"        super(description);","lastModifiedDate":"2024-01-29"},{"lineNumber":11,"author":{"gitId":"jjchee77"},"content":"        this.from \u003d from;","lastModifiedDate":"2024-01-29"},{"lineNumber":12,"author":{"gitId":"jjchee77"},"content":"        this.to \u003d to;","lastModifiedDate":"2024-01-29"},{"lineNumber":13,"author":{"gitId":"jjchee77"},"content":"    }","lastModifiedDate":"2024-01-29"},{"lineNumber":14,"author":{"gitId":"jjchee77"},"content":"","lastModifiedDate":"2024-01-29"},{"lineNumber":15,"author":{"gitId":"jjchee77"},"content":"    @Override","lastModifiedDate":"2024-01-29"},{"lineNumber":16,"author":{"gitId":"jjchee77"},"content":"    public String toString() {","lastModifiedDate":"2024-01-29"},{"lineNumber":17,"author":{"gitId":"jjchee77"},"content":"        return String.format(\"[E]%s (from: %s to: %s)\", super.toString(), this.from, this.to);","lastModifiedDate":"2024-01-29"},{"lineNumber":18,"author":{"gitId":"jjchee77"},"content":"    }","lastModifiedDate":"2024-01-29"},{"lineNumber":19,"author":{"gitId":"jjchee77"},"content":"}","lastModifiedDate":"2024-01-29"}],"authorContributionMap":{"jjchee77":19}},{"path":"src/main/java/tasks/Task.java","fileType":"java","lines":[{"lineNumber":1,"author":{"gitId":"jjchee77"},"content":"package tasks;","lastModifiedDate":"2024-01-29"},{"lineNumber":2,"author":{"gitId":"jjchee77"},"content":"","lastModifiedDate":"2024-01-29"},{"lineNumber":3,"author":{"gitId":"jjchee77"},"content":"import exceptions.tasks.EmptyDescriptionException;","lastModifiedDate":"2024-01-29"},{"lineNumber":4,"author":{"gitId":"jjchee77"},"content":"","lastModifiedDate":"2024-01-29"},{"lineNumber":5,"author":{"gitId":"jjchee77"},"content":"public abstract class Task {","lastModifiedDate":"2024-01-29"},{"lineNumber":6,"author":{"gitId":"jjchee77"},"content":"    private String description;","lastModifiedDate":"2024-01-29"},{"lineNumber":7,"author":{"gitId":"jjchee77"},"content":"    private boolean isDone;","lastModifiedDate":"2024-01-29"},{"lineNumber":8,"author":{"gitId":"jjchee77"},"content":"","lastModifiedDate":"2024-01-29"},{"lineNumber":9,"author":{"gitId":"jjchee77"},"content":"    public Task(String description) throws EmptyDescriptionException {","lastModifiedDate":"2024-01-29"},{"lineNumber":10,"author":{"gitId":"jjchee77"},"content":"        this.setDescription(description);","lastModifiedDate":"2024-01-29"},{"lineNumber":11,"author":{"gitId":"jjchee77"},"content":"        this.isDone \u003d false;","lastModifiedDate":"2024-01-29"},{"lineNumber":12,"author":{"gitId":"jjchee77"},"content":"    }","lastModifiedDate":"2024-01-29"},{"lineNumber":13,"author":{"gitId":"jjchee77"},"content":"","lastModifiedDate":"2024-01-29"},{"lineNumber":14,"author":{"gitId":"jjchee77"},"content":"    public String getDescription() {","lastModifiedDate":"2024-01-29"},{"lineNumber":15,"author":{"gitId":"jjchee77"},"content":"        return this.description;","lastModifiedDate":"2024-01-29"},{"lineNumber":16,"author":{"gitId":"jjchee77"},"content":"    }","lastModifiedDate":"2024-01-29"},{"lineNumber":17,"author":{"gitId":"jjchee77"},"content":"","lastModifiedDate":"2024-01-29"},{"lineNumber":18,"author":{"gitId":"jjchee77"},"content":"    private String getStatusIcon() {","lastModifiedDate":"2024-01-29"},{"lineNumber":19,"author":{"gitId":"jjchee77"},"content":"        return (this.isDone ? \"X\" : \" \");","lastModifiedDate":"2024-01-29"},{"lineNumber":20,"author":{"gitId":"jjchee77"},"content":"    }","lastModifiedDate":"2024-01-29"},{"lineNumber":21,"author":{"gitId":"jjchee77"},"content":"","lastModifiedDate":"2024-01-29"},{"lineNumber":22,"author":{"gitId":"jjchee77"},"content":"    private void setDescription(String description) throws EmptyDescriptionException {","lastModifiedDate":"2024-01-29"},{"lineNumber":23,"author":{"gitId":"jjchee77"},"content":"        if (description.isEmpty()) {","lastModifiedDate":"2024-01-29"},{"lineNumber":24,"author":{"gitId":"jjchee77"},"content":"            throw new EmptyDescriptionException();","lastModifiedDate":"2024-01-29"},{"lineNumber":25,"author":{"gitId":"jjchee77"},"content":"        }","lastModifiedDate":"2024-01-29"},{"lineNumber":26,"author":{"gitId":"jjchee77"},"content":"        this.description \u003d description;","lastModifiedDate":"2024-01-29"},{"lineNumber":27,"author":{"gitId":"jjchee77"},"content":"    }","lastModifiedDate":"2024-01-29"},{"lineNumber":28,"author":{"gitId":"jjchee77"},"content":"","lastModifiedDate":"2024-01-29"},{"lineNumber":29,"author":{"gitId":"jjchee77"},"content":"    public void mark() {","lastModifiedDate":"2024-01-29"},{"lineNumber":30,"author":{"gitId":"jjchee77"},"content":"        this.isDone \u003d true;","lastModifiedDate":"2024-01-29"},{"lineNumber":31,"author":{"gitId":"jjchee77"},"content":"    }","lastModifiedDate":"2024-01-29"},{"lineNumber":32,"author":{"gitId":"jjchee77"},"content":"","lastModifiedDate":"2024-01-29"},{"lineNumber":33,"author":{"gitId":"jjchee77"},"content":"    public void unmark() {","lastModifiedDate":"2024-01-29"},{"lineNumber":34,"author":{"gitId":"jjchee77"},"content":"        this.isDone \u003d false;","lastModifiedDate":"2024-01-29"},{"lineNumber":35,"author":{"gitId":"jjchee77"},"content":"    }","lastModifiedDate":"2024-01-29"},{"lineNumber":36,"author":{"gitId":"jjchee77"},"content":"","lastModifiedDate":"2024-01-29"},{"lineNumber":37,"author":{"gitId":"jjchee77"},"content":"    @Override","lastModifiedDate":"2024-01-29"},{"lineNumber":38,"author":{"gitId":"jjchee77"},"content":"    public String toString() {","lastModifiedDate":"2024-01-29"},{"lineNumber":39,"author":{"gitId":"jjchee77"},"content":"        return String.format(\"[%s] %s\", this.getStatusIcon(), this.getDescription());","lastModifiedDate":"2024-01-29"},{"lineNumber":40,"author":{"gitId":"jjchee77"},"content":"    }","lastModifiedDate":"2024-01-29"},{"lineNumber":41,"author":{"gitId":"jjchee77"},"content":"}","lastModifiedDate":"2024-01-29"}],"authorContributionMap":{"jjchee77":41}},{"path":"src/main/java/tasks/Todo.java","fileType":"java","lines":[{"lineNumber":1,"author":{"gitId":"jjchee77"},"content":"package tasks;","lastModifiedDate":"2024-01-29"},{"lineNumber":2,"author":{"gitId":"jjchee77"},"content":"","lastModifiedDate":"2024-01-29"},{"lineNumber":3,"author":{"gitId":"jjchee77"},"content":"import exceptions.tasks.EmptyDescriptionException;","lastModifiedDate":"2024-01-29"},{"lineNumber":4,"author":{"gitId":"jjchee77"},"content":"import tasks.Task;","lastModifiedDate":"2024-01-29"},{"lineNumber":5,"author":{"gitId":"jjchee77"},"content":"","lastModifiedDate":"2024-01-29"},{"lineNumber":6,"author":{"gitId":"jjchee77"},"content":"public class Todo extends Task {","lastModifiedDate":"2024-01-29"},{"lineNumber":7,"author":{"gitId":"jjchee77"},"content":"    public Todo(String description) throws EmptyDescriptionException {","lastModifiedDate":"2024-01-29"},{"lineNumber":8,"author":{"gitId":"jjchee77"},"content":"        super(description);","lastModifiedDate":"2024-01-29"},{"lineNumber":9,"author":{"gitId":"jjchee77"},"content":"    }","lastModifiedDate":"2024-01-29"},{"lineNumber":10,"author":{"gitId":"jjchee77"},"content":"","lastModifiedDate":"2024-01-29"},{"lineNumber":11,"author":{"gitId":"jjchee77"},"content":"    @Override","lastModifiedDate":"2024-01-29"},{"lineNumber":12,"author":{"gitId":"jjchee77"},"content":"    public String toString() {","lastModifiedDate":"2024-01-29"},{"lineNumber":13,"author":{"gitId":"jjchee77"},"content":"        return String.format(\"[T]%s\", super.toString());","lastModifiedDate":"2024-01-29"},{"lineNumber":14,"author":{"gitId":"jjchee77"},"content":"    }","lastModifiedDate":"2024-01-29"},{"lineNumber":15,"author":{"gitId":"jjchee77"},"content":"}","lastModifiedDate":"2024-01-29"}],"authorContributionMap":{"jjchee77":15}},{"path":"text-ui-test/input.txt","fileType":"txt","lines":[{"lineNumber":1,"author":{"gitId":"jjchee77"},"content":"todo borrow book","lastModifiedDate":"2024-01-29"},{"lineNumber":2,"author":{"gitId":"jjchee77"},"content":"deadline buy phone /by Friday","lastModifiedDate":"2024-01-29"},{"lineNumber":3,"author":{"gitId":"jjchee77"},"content":"event date night /from Jan 29 7pm /to Jan 30 12am","lastModifiedDate":"2024-01-29"},{"lineNumber":4,"author":{"gitId":"jjchee77"},"content":"list","lastModifiedDate":"2024-01-29"},{"lineNumber":5,"author":{"gitId":"jjchee77"},"content":"mark 1","lastModifiedDate":"2024-01-29"},{"lineNumber":6,"author":{"gitId":"jjchee77"},"content":"list","lastModifiedDate":"2024-01-29"},{"lineNumber":7,"author":{"gitId":"jjchee77"},"content":"meow","lastModifiedDate":"2024-01-29"},{"lineNumber":8,"author":{"gitId":"jjchee77"},"content":"todo","lastModifiedDate":"2024-01-29"},{"lineNumber":9,"author":{"gitId":"jjchee77"},"content":"list","lastModifiedDate":"2024-01-29"},{"lineNumber":10,"author":{"gitId":"jjchee77"},"content":"delete 2","lastModifiedDate":"2024-01-29"},{"lineNumber":11,"author":{"gitId":"jjchee77"},"content":"list","lastModifiedDate":"2024-01-29"},{"lineNumber":12,"author":{"gitId":"jjchee77"},"content":"bye","lastModifiedDate":"2024-01-29"}],"authorContributionMap":{"jjchee77":12}}]
