{"authorDailyContributionsMap":{"justincred":[{"date":"2024-01-22","commitResults":[{"hash":"bc28ec8724688384aa22591fc09718347d68b644","isMergeCommit":false,"messageTitle":"Rename, Greet, Exit","messageBody":"","tags":["Level-0"],"fileTypesAndContributionMap":{"java":{"insertions":8,"deletions":6}}},{"hash":"2cd31372542e233988aad2e0d0f57ba4484d9433","isMergeCommit":false,"messageTitle":" echoing","messageBody":"","tags":["Level-1"],"fileTypesAndContributionMap":{"java":{"insertions":15,"deletions":3}}},{"hash":"396bcc4a494eec292d06666a9ecabe2ac569ba6c","isMergeCommit":false,"messageTitle":"list","messageBody":"","tags":["Level-2"],"fileTypesAndContributionMap":{"java":{"insertions":17,"deletions":5}}}]},{"date":"2024-01-25","commitResults":[{"hash":"8061d18cc3e5ec58af2760a26df33a4027e6ebd1","isMergeCommit":false,"messageTitle":"mark as done","messageBody":"","fileTypesAndContributionMap":{"java":{"insertions":2,"deletions":0}}},{"hash":"115bf1aec43511302cf2ecba4ab0625013e40339","isMergeCommit":false,"messageTitle":"mark as done part 2","messageBody":"","tags":["Level-3"],"fileTypesAndContributionMap":{"java":{"insertions":47,"deletions":7}}},{"hash":"97ea58e01aa8ebdfb6211720931f374b37aa685d","isMergeCommit":false,"messageTitle":"Todos,Events, Deadline - inheritance (unpolished)","messageBody":"","tags":["Level-4"],"fileTypesAndContributionMap":{"java":{"insertions":77,"deletions":7}}},{"hash":"6d16d9e2d51eec814a0f9a40889831c832f1417f","isMergeCommit":false,"messageTitle":"testing p1","messageBody":"","tags":["A-TextUiTesting"],"fileTypesAndContributionMap":{"txt":{"insertions":8,"deletions":0},"java":{"insertions":2,"deletions":4},"bat":{"insertions":2,"deletions":2}}},{"hash":"97c0cd755fcd0b674a3f787d1c1c714b74450b57","isMergeCommit":false,"messageTitle":"Added some errors","messageBody":"","tags":["Level-5"],"fileTypesAndContributionMap":{"java":{"insertions":91,"deletions":51}}}]},{"date":"2024-01-26","commitResults":[{"hash":"5096ba81b7d62e89f84bea868efc89e838c5dcd6","isMergeCommit":false,"messageTitle":"Refactoring some code, added delete fn, added more errors with extra for future","messageBody":"","tags":["Level-6"],"fileTypesAndContributionMap":{"java":{"insertions":76,"deletions":43}}}]},{"date":"2024-02-04","commitResults":[{"hash":"854176085a2b765e6e3aa8a9d0af4f6b42c76b0f","isMergeCommit":false,"messageTitle":"added saving to hard disk feature","messageBody":"","fileTypesAndContributionMap":{"java":{"insertions":152,"deletions":2}}},{"hash":"a51011cb1bbf9451ad6592b1246ffd6ec0f5bef4","isMergeCommit":true,"messageTitle":"Merge branch \u0027branch-level-7\u0027","messageBody":"","tags":["Level-7"],"fileTypesAndContributionMap":{}}]},{"date":"2024-02-06","commitResults":[{"hash":"b2a9e81495e2d715e9dc31602e1f5a477efbfe6b","isMergeCommit":false,"messageTitle":"Add Date and Time with unfinished error handling","messageBody":"","fileTypesAndContributionMap":{"java":{"insertions":87,"deletions":25}}},{"hash":"9d86381c6cbe71b504a773c39d577c8c39315253","isMergeCommit":true,"messageTitle":"Merge branch \u0027branch-Level-8\u0027","messageBody":"","tags":["Level-8"],"fileTypesAndContributionMap":{}},{"hash":"db12a4632bdd78d1f299607569fd2320dbd21ae6","isMergeCommit":false,"messageTitle":"Fix DateTime format and error handling","messageBody":"","fileTypesAndContributionMap":{"java":{"insertions":54,"deletions":36}}}]},{"date":"2024-02-07","commitResults":[{"hash":"056d2a17a4228b8b07005b0a8742f1b7e524116d","isMergeCommit":false,"messageTitle":"Refactored code for better OOP","messageBody":"","fileTypesAndContributionMap":{"java":{"insertions":369,"deletions":171}}},{"hash":"dc352ecde7b083c441083db9cc94a18f3469a0a4","isMergeCommit":true,"messageTitle":"Merge branch \u0027A-MoreOOP\u0027","messageBody":"","tags":["A-MoreOOP"],"fileTypesAndContributionMap":{}},{"hash":"3d3ab481ae89f8d51aecf09e8aeff1cbe47afb98","isMergeCommit":false,"messageTitle":"Refactor code and add packages","messageBody":"","fileTypesAndContributionMap":{"java":{"insertions":74,"deletions":36},"bat":{"insertions":1,"deletions":1},"md":{"insertions":2,"deletions":2}}},{"hash":"e9e7e496af59cf1d60fb42844963186c0e0b46a5","isMergeCommit":true,"messageTitle":"Merge branch \u0027branch-Packages\u0027","messageBody":"","tags":["A-Packages"],"fileTypesAndContributionMap":{}},{"hash":"508274ca6ab2bb6c203dd090849ff1350d70ff6d","isMergeCommit":true,"messageTitle":"Merge branch \u0027add-gradle\u0027","messageBody":"","fileTypesAndContributionMap":{}},{"hash":"577dc539137543a2070a400ac8f76fe5786f67d5","isMergeCommit":false,"messageTitle":"Add gradle","messageBody":"","tags":["A-Gradle"],"fileTypesAndContributionMap":{"gradle":{"insertions":2,"deletions":2}}}]},{"date":"2024-02-08","commitResults":[{"hash":"6b2a433c5ac0fb38e310ef20d6c11e63c252a626","isMergeCommit":false,"messageTitle":"Add testing for parser task inputs and deadline string format","messageBody":"","tags":["A-Jar","A-JUnit"],"fileTypesAndContributionMap":{"java":{"insertions":69,"deletions":2}}},{"hash":"308fab8b56c86fcb9f24bda1ad87db789a4f0e07","isMergeCommit":false,"messageTitle":"Add JavaDocs","messageBody":"","tags":["A-JavaDoc"],"fileTypesAndContributionMap":{"java":{"insertions":206,"deletions":38}}},{"hash":"8bac248c6a83b863c735c36f92df97558ab282b5","isMergeCommit":true,"messageTitle":"Merge branch \u0027branch-A-JavaDoc\u0027","messageBody":"","fileTypesAndContributionMap":{}},{"hash":"6a2e3e14801fddecb311641018dbbfcd88d8c91a","isMergeCommit":false,"messageTitle":"Refactor code for coding standards","messageBody":"","fileTypesAndContributionMap":{"java":{"insertions":63,"deletions":63}}},{"hash":"efec9c4e47f12c8fd70146b19fdb590623429faf","isMergeCommit":true,"messageTitle":"fix merge conflict","messageBody":"","tags":["A-CodingStandard"],"fileTypesAndContributionMap":{}},{"hash":"712d6c1a7e73a549ae4dfbf138fa71547c5670c5","isMergeCommit":false,"messageTitle":"Add find feature","messageBody":"","fileTypesAndContributionMap":{"java":{"insertions":40,"deletions":2}}},{"hash":"1c14d79a6a14f5884814f02c8b4df70888903d2c","isMergeCommit":true,"messageTitle":"Fix merge conflict","messageBody":"","tags":["Level-9"],"fileTypesAndContributionMap":{}}]},{"date":"2024-02-11","commitResults":[{"hash":"812398796676d522a0a8a7bb457e6455bc98c401","isMergeCommit":false,"messageTitle":" Add Checkstyle and reinstall gradle","messageBody":"","fileTypesAndContributionMap":{"gradle":{"insertions":4,"deletions":1},"java":{"insertions":34,"deletions":31}}},{"hash":"65746aeb52ae0c86aa04027096bd7b8fa2cb14bb","isMergeCommit":true,"messageTitle":"Merge branch \u0027branch-A-CheckStyle\u0027","messageBody":"","tags":["A-CheckStyle"],"fileTypesAndContributionMap":{}},{"hash":"1fedc7fce43a37c1c16f72a02f49665bedb8ebec","isMergeCommit":false,"messageTitle":"Implement GUI skeleton with JavaFx","messageBody":"","fileTypesAndContributionMap":{"fxml":{"insertions":28,"deletions":0},"java":{"insertions":8,"deletions":0}}},{"hash":"020ad8fefde39a99027f93d7cbfbe36ff3483c4e","isMergeCommit":false,"messageTitle":"Partial sync GUI with storage","messageBody":"","fileTypesAndContributionMap":{"gradle":{"insertions":19,"deletions":5},"fxml":{"insertions":30,"deletions":21},"java":{"insertions":320,"deletions":99}}},{"hash":"bf7cfb973637dc9b8fe6b1b511421255b9499c4e","isMergeCommit":false,"messageTitle":"Fix bug of task list size not updating","messageBody":"","fileTypesAndContributionMap":{"java":{"insertions":2,"deletions":1}}},{"hash":"bae96219c700700925c90012fcd65c8e7e047dbe","isMergeCommit":false,"messageTitle":"Fix missing deleted task in ui","messageBody":"","fileTypesAndContributionMap":{"java":{"insertions":1,"deletions":1}}}]},{"date":"2024-02-12","commitResults":[{"hash":"7489fed9e6c85942937b7fb411aced6241910f96","isMergeCommit":false,"messageTitle":"Change the Gui startup and include chatbot history","messageBody":"","fileTypesAndContributionMap":{"fxml":{"insertions":1,"deletions":2},"java":{"insertions":45,"deletions":70}}},{"hash":"866bdce3f34d73c6b55c4e61974cb19413347257","isMergeCommit":true,"messageTitle":"Merge branch \u0027branch-A-Level-10\u0027","messageBody":"","tags":["Level-10"],"fileTypesAndContributionMap":{}}]},{"date":"2024-02-14","commitResults":[{"hash":"99c01c9be5e117f00745cb598a775e408b9ba7b3","isMergeCommit":false,"messageTitle":"Add assertions","messageBody":"Add assertions to confirm assumptions in several places\n*In the various add task methods in tasklist\nto confirm the correct number of arguments\n","tags":["A-FullCommitMessage","A-Assertions"],"fileTypesAndContributionMap":{"java":{"insertions":11,"deletions":10}}}]},{"date":"2024-02-15","commitResults":[{"hash":"dcb8eaba66458490bca81a2d644b66e8b745719f","isMergeCommit":false,"messageTitle":"Refactor parser classes for readability","messageBody":"","fileTypesAndContributionMap":{"java":{"insertions":91,"deletions":54}}},{"hash":"b19032e251981ecdadfec715fbfd487fbe05334c","isMergeCommit":false,"messageTitle":"Further refactor parser class","messageBody":"","fileTypesAndContributionMap":{"java":{"insertions":12,"deletions":8}}},{"hash":"b0f61105ce29d9fc813078229a80c321b9924513","isMergeCommit":false,"messageTitle":"Add JavaDocs and more refactoring","messageBody":"","fileTypesAndContributionMap":{"java":{"insertions":71,"deletions":3}}},{"hash":"581b37ab049db59cea98217519cdf8e9f798a150","isMergeCommit":true,"messageTitle":"Merge pull request #1 from justincred/branch-A-Assertions","messageBody":"Add assertions","fileTypesAndContributionMap":{}},{"hash":"ad3e782f852840ce79bbff2a59a51d39966245c3","isMergeCommit":true,"messageTitle":"Merge pull request #2 from justincred/branch-A-CodeQuality","messageBody":"Refine code quality ","tags":["A-CodeQuality"],"fileTypesAndContributionMap":{}}]},{"date":"2024-02-16","commitResults":[{"hash":"f5c2a486511279eed6b635996230b501d8719d37","isMergeCommit":false,"messageTitle":"Add more date options","messageBody":"Add more date time options for user such as /Tues 17:00 or\n/2024-09-09 or /09-09-2024\nAlso ensure that if day chosen is current day and time is\nbefore current time, the date chosen will be next week instead\nRefactor date time parsing to another class for readability\n","fileTypesAndContributionMap":{"java":{"insertions":172,"deletions":97}}},{"hash":"31fb28aecd6b37bb0cd4790168eb469f7d1324e3","isMergeCommit":true,"messageTitle":"Merge branch \u0027branch-BCD-extension\u0027","messageBody":"","tags":["BCD-Extension"],"fileTypesAndContributionMap":{}}]},{"date":"2024-02-23","commitResults":[{"hash":"9fcd919425f114d749de4f498ac3934260e01d82","isMergeCommit":false,"messageTitle":"Fix input bug of dates using slashes /","messageBody":"","fileTypesAndContributionMap":{"java":{"insertions":0,"deletions":2}}},{"hash":"91fee81d8afa08e44afd5162d74335868ee86e60","isMergeCommit":false,"messageTitle":"Add Extend Dialogbox","messageBody":"","fileTypesAndContributionMap":{"fxml":{"insertions":1,"deletions":1}}},{"hash":"e708ede337d3b5c3fb5bb05af41f0787ef0505df","isMergeCommit":false,"messageTitle":"Refactor code and add more error messages","messageBody":"","tags":["A-MoreErrorHandling"],"fileTypesAndContributionMap":{"java":{"insertions":104,"deletions":98}}},{"hash":"26232c9bc547bd9a1714a067af24085535dc8e6d","isMergeCommit":false,"messageTitle":"Fix DateTimeParser bug:","messageBody":"","fileTypesAndContributionMap":{"java":{"insertions":19,"deletions":11}}},{"hash":"ba9fb8e59ca4eb52f76c96ee10b72fedd0f616c6","isMergeCommit":false,"messageTitle":"Add further testing","messageBody":"","fileTypesAndContributionMap":{"java":{"insertions":21,"deletions":2}}},{"hash":"1dccd0e2f58ad8846f339878d944f86c897c0953","isMergeCommit":false,"messageTitle":"Add name to GUI","messageBody":"","fileTypesAndContributionMap":{"java":{"insertions":1,"deletions":0}}},{"hash":"6eb425a05b8208476e9a22f940aded2b312222cc","isMergeCommit":false,"messageTitle":"Add User Guide and change user picture","messageBody":"","fileTypesAndContributionMap":{"java":{"insertions":23,"deletions":24},"md":{"insertions":139,"deletions":14}}},{"hash":"c6df8b40d7d5da4a3819f045d0e921df030b754c","isMergeCommit":false,"messageTitle":"Change filepath launcher","messageBody":"","fileTypesAndContributionMap":{"java":{"insertions":1,"deletions":1}}},{"hash":"7c264fb747547540c529022968e29c909ab6d689","isMergeCommit":false,"messageTitle":"Remove other Readme","messageBody":"","fileTypesAndContributionMap":{"java":{"insertions":3,"deletions":3},"md":{"insertions":0,"deletions":24}}},{"hash":"ad95f7e1c378710c4008423e81f321f789e26889","isMergeCommit":false,"messageTitle":"Update README.md","messageBody":"","tags":["A-Release"],"fileTypesAndContributionMap":{"md":{"insertions":1,"deletions":1}}}]}]},"authorFileTypeContributionMap":{"justincred":{"java":1382,"md":139,"fxml":36,"sh":0,"bat":2,"gradle":20,"txt":8}},"authorContributionVariance":{"justincred":33622.426},"authorDisplayNameMap":{"justincred":"CS2103T-T13-3 JUST..HWEI"}}
