{"authorDailyContributionsMap":{"0liverkong":[{"date":"2024-01-22","commitResults":[{"hash":"0a61d8dfac4461c78f757c8932ac3a0f8affd7da","isMergeCommit":false,"messageTitle":"Completed Week 2 Level 0","messageBody":"","tags":["Level-0"],"fileTypesAndContributionMap":{"java":{"insertions":12,"deletions":6}}},{"hash":"d7a18ec7d90b8d54bd83415404da2a616510c068","isMergeCommit":false,"messageTitle":"Completed Week 2 Level 1","messageBody":"","tags":["Level-1"],"fileTypesAndContributionMap":{"java":{"insertions":15,"deletions":2}}},{"hash":"f604c26805d9a90534b4d8f55fa1080901961ceb","isMergeCommit":false,"messageTitle":"Completed Week 2 Level 2","messageBody":"","tags":["Level-2"],"fileTypesAndContributionMap":{"java":{"insertions":10,"deletions":2}}},{"hash":"8441cb5c27a9cff4edb1e4a6989cf563efd2b4f2","isMergeCommit":false,"messageTitle":"Completed Week 2 Level 3","messageBody":"","tags":["Level-4","Level-3"],"fileTypesAndContributionMap":{"java":{"insertions":84,"deletions":6}}},{"hash":"107270f85201e5e57d77a987afa14e169c7c3aeb","isMergeCommit":false,"messageTitle":"Completed Week 2 Level 4","messageBody":"","tags":["Level-5","Level-4.1"],"fileTypesAndContributionMap":{"java":{"insertions":76,"deletions":11}}}]},{"date":"2024-01-23","commitResults":[{"hash":"9f020430a7e115b989daaa84476d699d3f8045dd","isMergeCommit":false,"messageTitle":"Completed Week 2 Level 5","messageBody":"","fileTypesAndContributionMap":{"java":{"insertions":143,"deletions":67}}}]},{"date":"2024-01-24","commitResults":[{"hash":"25eb10a4eea0c29d6c3c72e1fbfcbc15a5b7f9cd","isMergeCommit":false,"messageTitle":"completed Week 2 Level 6","messageBody":"","tags":["Level-6","A-Enums"],"fileTypesAndContributionMap":{"java":{"insertions":155,"deletions":56}}}]},{"date":"2024-01-25","commitResults":[{"hash":"a583e3f2ef31127afa56d8661df95d082faed491","isMergeCommit":false,"messageTitle":"Small cleanup","messageBody":"","fileTypesAndContributionMap":{"java":{"insertions":3,"deletions":3}}},{"hash":"17bfac4b13c4240306895f31ed9c80af53a713f3","isMergeCommit":false,"messageTitle":"Fix typo","messageBody":"","fileTypesAndContributionMap":{"java":{"insertions":1,"deletions":2}}},{"hash":"dd3aa3cc53ea363088a043f5b8e43260d2d14ae7","isMergeCommit":false,"messageTitle":"Completed Week 2 TextUITesting","messageBody":"","tags":["A-TextUiTesting"],"fileTypesAndContributionMap":{"txt":{"insertions":20,"deletions":0},"java":{"insertions":6,"deletions":3},"sh":{"insertions":1,"deletions":1}}}]},{"date":"2024-01-30","commitResults":[{"hash":"f4a813de98e28b51ac3ad8140b670ec2f0d672fd","isMergeCommit":false,"messageTitle":"Change indentation to match style convention","messageBody":"","fileTypesAndContributionMap":{"java":{"insertions":24,"deletions":24}}},{"hash":"aee896e7f8a43edda69c5c1eb18f0876fdcfe329","isMergeCommit":false,"messageTitle":"Separate Dook and Ui classes","messageBody":"","fileTypesAndContributionMap":{"java":{"insertions":32,"deletions":19}}},{"hash":"0e31bbfeadcbca3bb5a4440fe11bd1c6e3b80c13","isMergeCommit":false,"messageTitle":"Create Command and Parser classes","messageBody":"","fileTypesAndContributionMap":{"java":{"insertions":12,"deletions":0}}},{"hash":"3e4e1838d997cb4562e5fc2c460aad0f74ab1afb","isMergeCommit":false,"messageTitle":"Add OOP functionality for Command and Parser classes and subclasses","messageBody":"","fileTypesAndContributionMap":{"java":{"insertions":225,"deletions":199}}},{"hash":"0d65bdb8a6be4ffb0c97417ad1ac68f429e4c8ce","isMergeCommit":false,"messageTitle":"Add functionality to save on bye command","messageBody":"","fileTypesAndContributionMap":{"txt":{"insertions":7,"deletions":0},"java":{"insertions":39,"deletions":9}}},{"hash":"d929fd1f3f49da60f6fb11603bc34bfb103cb7e5","isMergeCommit":false,"messageTitle":"Add file reading and writing functionality and more OOP abstraction","messageBody":"","tags":["Level-7"],"fileTypesAndContributionMap":{"txt":{"insertions":11,"deletions":6},"java":{"insertions":175,"deletions":39}}}]},{"date":"2024-01-31","commitResults":[{"hash":"a9d59048af4ebb7545c8a58463d079ee044b072f","isMergeCommit":false,"messageTitle":"Add auto-creation of /data directory if not present","messageBody":"","fileTypesAndContributionMap":{"txt":{"insertions":0,"deletions":6}}},{"hash":"2135afcf5af272429bbfa1a7ecad22e5c25d740b","isMergeCommit":false,"messageTitle":"Add auto-creation of /data directory if not present","messageBody":"","tags":["A-MoreOOP"],"fileTypesAndContributionMap":{"txt":{"insertions":2,"deletions":0},"java":{"insertions":43,"deletions":9}}},{"hash":"c10fe73832ecff5689812c01048c4c13e4bc73d3","isMergeCommit":false,"messageTitle":"Add datetime functionality","messageBody":"","tags":["Level-8"],"fileTypesAndContributionMap":{"txt":{"insertions":2,"deletions":1},"java":{"insertions":33,"deletions":20}}},{"hash":"70ebfc7d0a9ed2b2abe061fc2225d2b8796242bb","isMergeCommit":false,"messageTitle":"Add package for tasks","messageBody":"","fileTypesAndContributionMap":{"java":{"insertions":20,"deletions":9}}},{"hash":"d047d9e14f3015878db74335a5431bd4116ef186","isMergeCommit":false,"messageTitle":"Add package for dook and tasks","messageBody":"","tags":["A-Packages"],"fileTypesAndContributionMap":{"java":{"insertions":40,"deletions":17}}},{"hash":"b73697716b4b98bb1000ab60b1e079e7b462e042","isMergeCommit":false,"messageTitle":"Add package for dook and tasks","messageBody":"","fileTypesAndContributionMap":{"txt":{"insertions":3,"deletions":1},"java":{"insertions":83,"deletions":18}}},{"hash":"d09618a0a8ef802841074b95560a732e7b2ccded","isMergeCommit":true,"messageTitle":"Merge branch \u0027master\u0027 into add-gradle-support","messageBody":"","fileTypesAndContributionMap":{}}]},{"date":"2024-02-01","commitResults":[{"hash":"e695e86c333734313dca6873db8dae92a8f4a994","isMergeCommit":false,"messageTitle":"Add Gradle support","messageBody":"","fileTypesAndContributionMap":{"gradle":{"insertions":1,"deletions":1},"java":{"insertions":1,"deletions":2}}},{"hash":"cc1f49fe970ae280eac926154571a64f82520232","isMergeCommit":true,"messageTitle":"Merge branch \u0027add-gradle-support\u0027","messageBody":"","tags":["A-Gradle"],"fileTypesAndContributionMap":{}},{"hash":"88f2d0d3b15641ef296d4775449a534a7685a4aa","isMergeCommit":false,"messageTitle":"Add JUnit tests","messageBody":"","tags":["A-JUnit"],"fileTypesAndContributionMap":{"txt":{"insertions":1,"deletions":1},"java":{"insertions":45,"deletions":1}}},{"hash":"4040ef69029275d080556b00cd3021717d499746","isMergeCommit":false,"messageTitle":"Add packaging functionality","messageBody":"","tags":["A-Jar"],"fileTypesAndContributionMap":{"gradle":{"insertions":1,"deletions":1}}},{"hash":"61fe775f256e26651132af88b6fa7c04f4f01be0","isMergeCommit":false,"messageTitle":"Add half of the JavaDoc messages","messageBody":"","tags":["A-JavaDoc"],"fileTypesAndContributionMap":{"java":{"insertions":109,"deletions":0}}},{"hash":"7538bdc53b63301e9247fd421c6b5b9e9137e394","isMergeCommit":true,"messageTitle":"Merge branch \u0027branch-A-JavaDoc\u0027","messageBody":"","fileTypesAndContributionMap":{}},{"hash":"88192475d93f85f61455ceb624367685ff9c4526","isMergeCommit":false,"messageTitle":"Tweak code to match Java coding standards","messageBody":"","tags":["A-CodingStandard"],"fileTypesAndContributionMap":{"java":{"insertions":22,"deletions":22}}},{"hash":"074f23d6fd82f147b1c8c0569fd20ce6319b1f38","isMergeCommit":true,"messageTitle":"Merge tag \u0027A-CodingStandard\u0027","messageBody":"","fileTypesAndContributionMap":{}}]},{"date":"2024-02-02","commitResults":[{"hash":"576a1ae1ad2c864bdf9afb994018210e8e70a534","isMergeCommit":false,"messageTitle":"Add functionality to find tasks based on a keyword","messageBody":"","tags":["Level-9"],"fileTypesAndContributionMap":{"java":{"insertions":48,"deletions":1}}},{"hash":"6dd36dfcb612b882becc8c026293275096d8834e","isMergeCommit":false,"messageTitle":"Add meowing","messageBody":"","fileTypesAndContributionMap":{"java":{"insertions":16,"deletions":0}}},{"hash":"6f625318ef108447b03df4f6f856dab4630d47f2","isMergeCommit":false,"messageTitle":"Add dancing","messageBody":"","fileTypesAndContributionMap":{"java":{"insertions":41,"deletions":0}}}]}]},"authorFileTypeContributionMap":{"0liverkong":{"java":976,"md":0,"fxml":0,"sh":1,"bat":0,"gradle":2,"txt":31}},"authorContributionVariance":{"0liverkong":44105.23},"authorDisplayNameMap":{"0liverkong":"CS2103T-W08-1 OLIV.. LOK"}}
