{"authorDailyContributionsMap":{"kwuunnn":[{"date":"2024-01-21","commitResults":[{"hash":"b04fe76f4615d20f6c91b6a4454c248eed9cd22d","isMergeCommit":false,"messageTitle":"feat: Implement skeletal version","messageBody":"Duke Chatbot template with no features\n\nLet\u0027s\n* Rename Chatbot from Duke to KwunBot\n* Implement greeting\n* Implement bye statement\n","tags":["Level-0"],"fileTypesAndContributionMap":{"java":{"insertions":7,"deletions":6}}},{"hash":"c7b7f7f34d9b0f9a63a0f06b4bc31050ec37c854","isMergeCommit":false,"messageTitle":"feat: Implement actions on user input","messageBody":"Skeletal version with simple greeting and bye\n\nLet\u0027s\n* Echo commands entered by user\n* Exit with bye statement when user inputs \u0027bye\u0027\n","tags":["Level-1"],"fileTypesAndContributionMap":{"java":{"insertions":15,"deletions":3}}},{"hash":"51732762494a70185022d118d5824d3d2e0ed4e9","isMergeCommit":false,"messageTitle":"feat: Implement list","messageBody":"Chatbot can echo user inputs\n\nLet\u0027s\n* Add the ability to store tasks in list\n* Implement \u0027list\u0027 command to show current list of tasks stored\n","tags":["Level-2"],"fileTypesAndContributionMap":{"java":{"insertions":19,"deletions":3}}}]},{"date":"2024-01-22","commitResults":[{"hash":"67795d43924d3acda7333dadd8f1800ef4d29955","isMergeCommit":false,"messageTitle":"feat: Implement checklist","messageBody":"Chatbot can store tasks in list\n\nLet\u0027s\n* Add Task class to represent a task in the list\n* Add the ability to mark task as done or undone\n* Allow user to see checklist\n","tags":["Level-3"],"fileTypesAndContributionMap":{"java":{"insertions":44,"deletions":7}}}]},{"date":"2024-01-23","commitResults":[{"hash":"f61df9077bd8131743623137a29893610d226734","isMergeCommit":false,"messageTitle":"feat: Implement 3 specific types of task: ToDos, Deadlines, Events","messageBody":"Chatbot handles all tasks the same way.\n\nProvide specific support for the 3 different types of tasks.\nCreating 3 subclasses for each type of task allows us to use\npolymorphism when dealing with tasks.\n\nLet\u0027s\n* Add \u0027Todo\u0027, \u0027Deadline\u0027, \u0027Event\u0027 classes to represent the respective task\n* Pull up behaviours common to all tasks classes into the parent \u0027Task\u0027 class\n* Make \u0027Task\u0027 class an abstract class\n","tags":["Level-4"],"fileTypesAndContributionMap":{"java":{"insertions":66,"deletions":6}}},{"hash":"8c83b85bc47b3e8114be8fcba1af2d92b5708716","isMergeCommit":false,"messageTitle":"fix: No line found by Scanner","messageBody":"An infinite while loop to scan user inputs\n\nNoSuchElementException: No line found at Scanner.nextLine\n\nLet\u0027s replace while true to while Scanner hasNextLine()\n\nTo check if there is a next line before scanning.\n","fileTypesAndContributionMap":{"java":{"insertions":1,"deletions":1}}},{"hash":"2af0de00d7e6aa450e440466ac228dcd9f77774b","isMergeCommit":false,"messageTitle":"feat: Implement Automated Text UI Testing","messageBody":"Manually testing Chatbot.\n\nUse I/O redirection technique to semi-automate testing.\n\nLet\u0027s\n* Create text-ui-test folder\n* Add runtest.bat (Windows)\n* Add input.txt and EXPECTED.txt for testing\n","tags":["A-TextUiTesting"],"fileTypesAndContributionMap":{"txt":{"insertions":8,"deletions":0}}}]},{"date":"2024-01-25","commitResults":[{"hash":"09c7e8da80b75ba8187a8850af5b1056841e2cdc","isMergeCommit":false,"messageTitle":"feat: Implement error handling","messageBody":"Chatbot did not handle errors and threw exceptions.\n\nCreate Exceptions classes to handle errors.\n\nLet\u0027s\n* Create abstract class DukeException\n* Create subclasses to handle specific errors\n* Handle errors by catching them and outputing appropriate response\n","tags":["Level-5"],"fileTypesAndContributionMap":{"java":{"insertions":155,"deletions":45}}},{"hash":"424e55d800b1fc427054489fb2b25b4a69e50488","isMergeCommit":false,"messageTitle":"feat: Implement delete task","messageBody":"Chatbot not able to delete task.\n\nUse ArrayList to store tasks and allow task deletion.\n\nLet\u0027s\n* Create use ArrayList to store tasks\n* Implement delete command\n* Handle possible errors with delete command\n","tags":["Level-6"],"fileTypesAndContributionMap":{"java":{"insertions":28,"deletions":5}}},{"hash":"33666657fd5eb2b1aafbe6c70151ff42ac93b177","isMergeCommit":false,"messageTitle":"fix: Make commands to lowercase","messageBody":"Uppercase input would produce wrong response.\n\nLet\u0027s use toLowerCase() to make the command lowercased.\n","fileTypesAndContributionMap":{"java":{"insertions":22,"deletions":23}}},{"hash":"c29ae84437b470f5847dddb172f7f2576d575e31","isMergeCommit":false,"messageTitle":"fix: Text UI Testing input.txt and EXPECTED.TXT","messageBody":"Expected result was incorrect due to changes made in Chatbot.\n\nLet\u0027s edit EXPECTED.TXT and change input.txt to incorporate new features.\n","fileTypesAndContributionMap":{"txt":{"insertions":12,"deletions":1}}},{"hash":"226d2aff9dd5fa5eb318d64a7a85c8e6d2b5bbbc","isMergeCommit":false,"messageTitle":"feat: Use Enumerations","messageBody":"Command types are constants so using Enums makes sense.\n\nLet\u0027s create CommandType enum and use switch statement to check for\ncorresponding values.\n","tags":["A-Enums"],"fileTypesAndContributionMap":{"java":{"insertions":103,"deletions":87}}}]},{"date":"2024-01-27","commitResults":[{"hash":"0eebaefdbd671909579cfad972666eb78df043d2","isMergeCommit":false,"messageTitle":"fix: Fix \u0027bye\u0027 command","messageBody":"Chatbot was not exiting upon \u0027bye\u0027 command\n\nLet\u0027s implement a shouldBreak variable and an if statement to break out of while loop.\n","fileTypesAndContributionMap":{"java":{"insertions":94,"deletions":95}}}]},{"date":"2024-01-31","commitResults":[{"hash":"a8ed95db4c6183d02c9d8b7174982f4cfb456266","isMergeCommit":false,"messageTitle":"feat: Implement task saving","messageBody":"Chatbot would lose data upon restart.\n\nCreate tasks file to store data and load data when chatbot starts up.\n\nLet\u0027s\n* Use File access to read file\n* Use File access to write to file\n* Handle errors regarding file access\n","tags":["Level-7"],"fileTypesAndContributionMap":{"java":{"insertions":151,"deletions":13}}},{"hash":"2e2a255e96ee05afcb7d31614a3b348ade74d360","isMergeCommit":true,"messageTitle":"Merge branch \u0027branch-Level-7\u0027","messageBody":"","fileTypesAndContributionMap":{}},{"hash":"6ac4f188c9ca4578caf221dc2e7af39bca39ee3a","isMergeCommit":false,"messageTitle":"feat: Use Date and Time","messageBody":"Chatbot did not understand dates and times.\n\nUse java.time.LocalDateTime.\n\nLet\u0027s\n* Accept datetimes in dd/MM/yyyy HHmm format\n* Print dates in a different format\n* Handle erros pertaining to wrong date format inputted\n","fileTypesAndContributionMap":{"txt":{"insertions":8,"deletions":2},"java":{"insertions":101,"deletions":42}}},{"hash":"8f00c3df6add57596ac14105c0a6522ae7f0a158","isMergeCommit":true,"messageTitle":"Merge branch \u0027branch-Level-8\u0027","messageBody":"","tags":["Level-8"],"fileTypesAndContributionMap":{}}]},{"date":"2024-02-01","commitResults":[{"hash":"e56e0fe8f59516b28b50937ce8173cb48c6e0cb3","isMergeCommit":false,"messageTitle":"feat: Use More OOP","messageBody":"Code was repetitive and mostly in one file.\n\nExtract out closely related code.\n\nLet\u0027s\n* Extract Ui, Storage, Parser, TaskList classes\n* Created abstract Command classes and more *Command classes\n* Handled more exceptions\n","tags":["A-MoreOOP"],"fileTypesAndContributionMap":{"txt":{"insertions":0,"deletions":6},"java":{"insertions":427,"deletions":294}}},{"hash":"dd718473172fcc46c798b3abc1f54437f082dec5","isMergeCommit":false,"messageTitle":"refactor: Organize into packages","messageBody":"Code was messy.\n\nDivide classes into packages.\n\nLet\u0027s create duke duke.task, duke.command, duke.exception packages.\n","tags":["A-Packages"],"fileTypesAndContributionMap":{"java":{"insertions":124,"deletions":0},"md":{"insertions":2,"deletions":2}}},{"hash":"0f0efe1e219163bd6fc5933001f0da5b95083109","isMergeCommit":true,"messageTitle":"Merge branch \u0027add-gradle-support\u0027 of https://github.com/kwuunnn/ip","messageBody":"","fileTypesAndContributionMap":{}},{"hash":"117ea9f023c0ed697a798bbad18ea6cbd4919386","isMergeCommit":false,"messageTitle":"feat: Automate project builds using Gradle","messageBody":"Let\u0027s\n* Merge add-gradle-support branch from origin to master branch\n* Edit build.gradle and set mainClass to \u0027duke.Duke\u0027\n","tags":["A-Gradle"],"fileTypesAndContributionMap":{"gradle":{"insertions":1,"deletions":1}}},{"hash":"a9b723f671f03db1c237119d462d4af72a5037c2","isMergeCommit":false,"messageTitle":"feat: Implement Unit testing","messageBody":"Let\u0027s use JUnit tests to test the behaviour of the code.\n","tags":["A-Jar","A-JUnit","A-CodingStandard"],"fileTypesAndContributionMap":{"java":{"insertions":88,"deletions":0}}}]},{"date":"2024-02-02","commitResults":[{"hash":"d7377f589e8d980bdf35e6db852994cbdb741296","isMergeCommit":false,"messageTitle":"docs: Add JavaDoc comments","messageBody":"Let\u0027s add JavaDoc comments to all non-private classes/methods.\n","tags":["A-JavaDoc"],"fileTypesAndContributionMap":{"java":{"insertions":505,"deletions":4}}},{"hash":"f80003474aed11caa18d8d3ed08ce9a9cacd22da","isMergeCommit":false,"messageTitle":"feat: Implement Find command","messageBody":"Give users a way to find a task by searching for a keyword.\n\nLet\u0027s\n* Create FindCommand class\n* Create Ui method to show find command interface\n* Include Find command in Parser\n","tags":["Level-9"],"fileTypesAndContributionMap":{"java":{"insertions":57,"deletions":1}}},{"hash":"154ee8a7330a477f2900415675ece4b756fe0f60","isMergeCommit":true,"messageTitle":"Merge branch \u0027branch-Level-9\u0027","messageBody":"","fileTypesAndContributionMap":{}},{"hash":"2c561c4e97104fc5c457e966dac7192f37f791b3","isMergeCommit":true,"messageTitle":"Merge branch \u0027master\u0027 into branch-A-JavaDoc","messageBody":"","fileTypesAndContributionMap":{}},{"hash":"ccf71c920be07af1a7d7418b137b3e8cabe2d133","isMergeCommit":false,"messageTitle":"docs: Add JavaDoc comments","messageBody":"Let\u0027s add JavaDoc comments to all non-private classes/methods.\n","fileTypesAndContributionMap":{"java":{"insertions":38,"deletions":0}}},{"hash":"d0b19999c03be47e3608e62f68fce0b010e152f9","isMergeCommit":true,"messageTitle":"Merge branch \u0027branch-A-JavaDoc\u0027","messageBody":"","fileTypesAndContributionMap":{}}]},{"date":"2024-02-03","commitResults":[{"hash":"70ec6dd643e55371837eeefa10f23a37295bab16","isMergeCommit":false,"messageTitle":"docs: Edit JavaDoc comments","messageBody":"","fileTypesAndContributionMap":{"java":{"insertions":1,"deletions":4}}},{"hash":"a5f594f9191585752e3a32e6d16abb67c81be4a8","isMergeCommit":false,"messageTitle":"docs: Edit Javadocs","messageBody":"","fileTypesAndContributionMap":{"java":{"insertions":1,"deletions":4}}},{"hash":"9b6634d87bc457c3f4aa128199dabfa32a80b460","isMergeCommit":true,"messageTitle":"docs: Edit Javadocs","messageBody":"","fileTypesAndContributionMap":{}}]},{"date":"2024-02-05","commitResults":[{"hash":"33c0a9d240ea51a5d8dd0153132fef47fff9209c","isMergeCommit":false,"messageTitle":"perf: Implement checkstyle","messageBody":"Use checkStyle to detect coding style violations.\n","tags":["A-CheckStyle"],"fileTypesAndContributionMap":{"gradle":{"insertions":5,"deletions":0}}},{"hash":"e73a980faec0792d5258a9e8fb6340458ba5adc5","isMergeCommit":true,"messageTitle":"Merge branch \u0027branch-A-CheckStyle\u0027","messageBody":"","fileTypesAndContributionMap":{}}]},{"date":"2024-02-08","commitResults":[{"hash":"3a214255293a377f76f1a4809525bdb390a3b966","isMergeCommit":false,"messageTitle":"feat: Implement GUI","messageBody":"Use JavaFx technology to implement GUI.\n","tags":["Level-10"],"fileTypesAndContributionMap":{"gradle":{"insertions":15,"deletions":0},"fxml":{"insertions":35,"deletions":0},"java":{"insertions":271,"deletions":84}}},{"hash":"199af4d5407fa7ccd1b6d135a1255f8aed5ea700","isMergeCommit":true,"messageTitle":"Merge branch \u0027branch-Level-10\u0027","messageBody":"","fileTypesAndContributionMap":{}},{"hash":"f9c398e72d0f905a8ba325c8d23e6f5c1c3dfb0d","isMergeCommit":false,"messageTitle":"feat: Use Varargs","messageBody":"Use Varargs for TaskLists constructor.\n","tags":["A-Varargs"],"fileTypesAndContributionMap":{"java":{"insertions":12,"deletions":12}}},{"hash":"856ec5a75c8281f0d06c2e941102b87c73114de0","isMergeCommit":false,"messageTitle":"fix: Shorten length of divider line to fit nicely in the main window in GUI.","messageBody":"","fileTypesAndContributionMap":{"java":{"insertions":1,"deletions":1}}},{"hash":"412419bf583ca808608b5b7d8a404742d0b6bcfc","isMergeCommit":true,"messageTitle":"Merge branch \u0027branch-A-Varargs\u0027","messageBody":"","fileTypesAndContributionMap":{}}]},{"date":"2024-02-15","commitResults":[{"hash":"438164d04fe5de1806b219ebcfbdca8208313386","isMergeCommit":false,"messageTitle":"Edit test files","messageBody":"TaskListTest.java file raised exception.\n\nTaskList constructor uses Varargs instead of ArrayList.\n\nLet\u0027s use toArray() to convert ArrayList to Task[].\n","tags":["A-FullCommitMessage"],"fileTypesAndContributionMap":{"java":{"insertions":5,"deletions":5}}},{"hash":"dc1cf4e2c4d07ede04bbd5b8c263ebf9f618821f","isMergeCommit":false,"messageTitle":"Edit build.gradle","messageBody":"Gradle run not running the JavaFx GUI.\n\nMainClass was set to duke.Duke.\n\nLet\u0027s set the mainClass to duke.Launcher.\n\nJavaFx GUI can be launched.\n","fileTypesAndContributionMap":{"gradle":{"insertions":1,"deletions":1}}},{"hash":"d82d96e0c417cd0a13035c31c678c02bd7d5c1e7","isMergeCommit":false,"messageTitle":"Add assertions","messageBody":"Invariants were assumed and possible errors were not handled.\n\nLet\u0027s use assertions to verify assumptions about invariants in some methods and classes.\n","tags":["A-Assertions"],"fileTypesAndContributionMap":{"gradle":{"insertions":1,"deletions":0},"java":{"insertions":9,"deletions":0}}},{"hash":"0345f106e38a7e0227407e2de3a00657e0bad961","isMergeCommit":false,"messageTitle":"Improve code quality","messageBody":"Method and variable names were not explanatory.\n\nLet\u0027s change method names to using verbs.\n","tags":["A-Streams","A-CodeQuality"],"fileTypesAndContributionMap":{"java":{"insertions":19,"deletions":19}}},{"hash":"a4f2e23345d64890cf8b2a44d5a656c0f7cc429a","isMergeCommit":true,"messageTitle":"Merge pull request #1 from kwuunnn/branch-A-Assertions","messageBody":"Add assertions","fileTypesAndContributionMap":{}},{"hash":"06e46a138455ecbb7bb8832fe36343045bddd091","isMergeCommit":true,"messageTitle":"Merge branch \u0027master\u0027 into branch-A-CodeQuality","messageBody":"","fileTypesAndContributionMap":{}},{"hash":"3c14fb8e0b87d828a8c3b0b2b0243775c3999454","isMergeCommit":true,"messageTitle":"Merge pull request #2 from kwuunnn/branch-A-CodeQuality","messageBody":"Improve code quality","fileTypesAndContributionMap":{}},{"hash":"4f4ef5c2ffcfe40cd2efae563e7e76b171d6d266","isMergeCommit":false,"messageTitle":"Implement detection of duplicate tasks","messageBody":"Added task could be a duplicate in the database.\n\nLet\u0027s check for duplicates and raise an error if duplicate task is found.\n","tags":["BCD-Extension"],"fileTypesAndContributionMap":{"java":{"insertions":49,"deletions":5}}},{"hash":"48e7bf0837d24dd57a409e31dc13016a49e06f1f","isMergeCommit":true,"messageTitle":"Merge pull request #3 from kwuunnn/branch-C-DetectDuplicates","messageBody":"Implement detection of duplicate tasks","fileTypesAndContributionMap":{}}]},{"date":"2024-02-21","commitResults":[{"hash":"9ca9776cfe98f6a6bbbc5752fe8392e604b5220b","isMergeCommit":false,"messageTitle":"Refactor Duke Chatbot to KwunTalk","messageBody":"Packages, Classes and Methods were named according to Duke.\nStandard images were used for the chatbot.\n\nLet\u0027s\n* Rename everything from Duke to KwunTalk.\n* Add personalised images to be used in Chatbot.\n","fileTypesAndContributionMap":{"gradle":{"insertions":2,"deletions":2},"fxml":{"insertions":1,"deletions":1},"java":{"insertions":161,"deletions":161},"bat":{"insertions":1,"deletions":1},"sh":{"insertions":1,"deletions":1},"md":{"insertions":4,"deletions":4}}},{"hash":"460368a0579afc9233022719cc9aafc3511eba01","isMergeCommit":false,"messageTitle":"Improve code quality and standard","messageBody":"Let\u0027s fix checkstyle errors.\n","fileTypesAndContributionMap":{"java":{"insertions":74,"deletions":53}}},{"hash":"2571055d8b009e3edfcff23db854117422999775","isMergeCommit":false,"messageTitle":"Edit docs\\README.md","messageBody":"Let\u0027s add a User Guide for KwunTalk\n","fileTypesAndContributionMap":{"md":{"insertions":182,"deletions":14}}},{"hash":"f00cbbc4bdcb2069a17c3ca33e724e560cca44cc","isMergeCommit":false,"messageTitle":"Edit docs\\README.md","messageBody":"Let\u0027s edit  User Guide for KwunTalk\n","fileTypesAndContributionMap":{"md":{"insertions":3,"deletions":1}}},{"hash":"446b002d4b00636764365f3076d1697e1bcdf0da","isMergeCommit":false,"messageTitle":"Edit docs\\README.md","messageBody":"Let\u0027s edit User Guide for KwunTalk\n","tags":["A-UserGuide","A-Release"],"fileTypesAndContributionMap":{"md":{"insertions":22,"deletions":20}}},{"hash":"18cac47dc2365c240107731ebfacf99d6bf6d952","isMergeCommit":false,"messageTitle":"Edit docs\\README.md","messageBody":"Let\u0027s edit User Guide for KwunTalk\n","fileTypesAndContributionMap":{"md":{"insertions":6,"deletions":6}}}]},{"date":"2024-02-22","commitResults":[{"hash":"0fdb5a73f2ade74ea2e119802cc42d81b69fbe79","isMergeCommit":false,"messageTitle":"Edit docs\\README.md","messageBody":"Let\u0027s edit User Guide for KwunTalk\n","fileTypesAndContributionMap":{"md":{"insertions":2,"deletions":2}}},{"hash":"85684be0c442e5721ea7678113ae2cce4256ba6a","isMergeCommit":false,"messageTitle":"Make GUI Window close upon exit of program","messageBody":"The \u0027bye\u0027 command did not close the window.\n\nLet\u0027s\n* Create a boolean variable to check if program should exit.\n* Close the GUI window when bye command executed.\n","fileTypesAndContributionMap":{"java":{"insertions":24,"deletions":1}}}]}]},"authorFileTypeContributionMap":{"kwuunnn":{"java":1699,"md":181,"fxml":35,"sh":1,"bat":1,"gradle":23,"txt":19}},"authorContributionVariance":{"kwuunnn":54102.918},"authorDisplayNameMap":{"kwuunnn":"CS2103T-F13-4 CHIN.. HEI"}}
