{"authorDailyContributionsMap":{"kwuunnn":[{"date":"2024-01-21","commitResults":[{"hash":"b04fe76f4615d20f6c91b6a4454c248eed9cd22d","isMergeCommit":false,"messageTitle":"feat: Implement skeletal version","messageBody":"Duke Chatbot template with no features\n\nLet\u0027s\n* Rename Chatbot from Duke to KwunBot\n* Implement greeting\n* Implement bye statement\n","tags":["Level-0"],"fileTypesAndContributionMap":{"java":{"insertions":7,"deletions":6}}},{"hash":"c7b7f7f34d9b0f9a63a0f06b4bc31050ec37c854","isMergeCommit":false,"messageTitle":"feat: Implement actions on user input","messageBody":"Skeletal version with simple greeting and bye\n\nLet\u0027s\n* Echo commands entered by user\n* Exit with bye statement when user inputs \u0027bye\u0027\n","tags":["Level-1"],"fileTypesAndContributionMap":{"java":{"insertions":15,"deletions":3}}},{"hash":"51732762494a70185022d118d5824d3d2e0ed4e9","isMergeCommit":false,"messageTitle":"feat: Implement list","messageBody":"Chatbot can echo user inputs\n\nLet\u0027s\n* Add the ability to store tasks in list\n* Implement \u0027list\u0027 command to show current list of tasks stored\n","tags":["Level-2"],"fileTypesAndContributionMap":{"java":{"insertions":19,"deletions":3}}}]},{"date":"2024-01-22","commitResults":[{"hash":"67795d43924d3acda7333dadd8f1800ef4d29955","isMergeCommit":false,"messageTitle":"feat: Implement checklist","messageBody":"Chatbot can store tasks in list\n\nLet\u0027s\n* Add Task class to represent a task in the list\n* Add the ability to mark task as done or undone\n* Allow user to see checklist\n","tags":["Level-3"],"fileTypesAndContributionMap":{"java":{"insertions":44,"deletions":7}}}]},{"date":"2024-01-23","commitResults":[{"hash":"f61df9077bd8131743623137a29893610d226734","isMergeCommit":false,"messageTitle":"feat: Implement 3 specific types of task: ToDos, Deadlines, Events","messageBody":"Chatbot handles all tasks the same way.\n\nProvide specific support for the 3 different types of tasks.\nCreating 3 subclasses for each type of task allows us to use\npolymorphism when dealing with tasks.\n\nLet\u0027s\n* Add \u0027Todo\u0027, \u0027Deadline\u0027, \u0027Event\u0027 classes to represent the respective task\n* Pull up behaviours common to all tasks classes into the parent \u0027Task\u0027 class\n* Make \u0027Task\u0027 class an abstract class\n","tags":["Level-4"],"fileTypesAndContributionMap":{"java":{"insertions":66,"deletions":6}}},{"hash":"8c83b85bc47b3e8114be8fcba1af2d92b5708716","isMergeCommit":false,"messageTitle":"fix: No line found by Scanner","messageBody":"An infinite while loop to scan user inputs\n\nNoSuchElementException: No line found at Scanner.nextLine\n\nLet\u0027s replace while true to while Scanner hasNextLine()\n\nTo check if there is a next line before scanning.\n","fileTypesAndContributionMap":{"java":{"insertions":1,"deletions":1}}},{"hash":"2af0de00d7e6aa450e440466ac228dcd9f77774b","isMergeCommit":false,"messageTitle":"feat: Implement Automated Text UI Testing","messageBody":"Manually testing Chatbot.\n\nUse I/O redirection technique to semi-automate testing.\n\nLet\u0027s\n* Create text-ui-test folder\n* Add runtest.bat (Windows)\n* Add input.txt and EXPECTED.txt for testing\n","tags":["A-TextUiTesting"],"fileTypesAndContributionMap":{"txt":{"insertions":8,"deletions":0}}}]},{"date":"2024-01-25","commitResults":[{"hash":"09c7e8da80b75ba8187a8850af5b1056841e2cdc","isMergeCommit":false,"messageTitle":"feat: Implement error handling","messageBody":"Chatbot did not handle errors and threw exceptions.\n\nCreate Exceptions classes to handle errors.\n\nLet\u0027s\n* Create abstract class DukeException\n* Create subclasses to handle specific errors\n* Handle errors by catching them and outputing appropriate response\n","tags":["Level-5"],"fileTypesAndContributionMap":{"java":{"insertions":155,"deletions":45}}},{"hash":"424e55d800b1fc427054489fb2b25b4a69e50488","isMergeCommit":false,"messageTitle":"feat: Implement delete task","messageBody":"Chatbot not able to delete task.\n\nUse ArrayList to store tasks and allow task deletion.\n\nLet\u0027s\n* Create use ArrayList to store tasks\n* Implement delete command\n* Handle possible errors with delete command\n","tags":["Level-6"],"fileTypesAndContributionMap":{"java":{"insertions":28,"deletions":5}}},{"hash":"33666657fd5eb2b1aafbe6c70151ff42ac93b177","isMergeCommit":false,"messageTitle":"fix: Make commands to lowercase","messageBody":"Uppercase input would produce wrong response.\n\nLet\u0027s use toLowerCase() to make the command lowercased.\n","fileTypesAndContributionMap":{"java":{"insertions":22,"deletions":23}}},{"hash":"c29ae84437b470f5847dddb172f7f2576d575e31","isMergeCommit":false,"messageTitle":"fix: Text UI Testing input.txt and EXPECTED.TXT","messageBody":"Expected result was incorrect due to changes made in Chatbot.\n\nLet\u0027s edit EXPECTED.TXT and change input.txt to incorporate new features.\n","fileTypesAndContributionMap":{"txt":{"insertions":12,"deletions":1}}},{"hash":"226d2aff9dd5fa5eb318d64a7a85c8e6d2b5bbbc","isMergeCommit":false,"messageTitle":"feat: Use Enumerations","messageBody":"Command types are constants so using Enums makes sense.\n\nLet\u0027s create CommandType enum and use switch statement to check for\ncorresponding values.\n","tags":["A-Enums"],"fileTypesAndContributionMap":{"java":{"insertions":103,"deletions":87}}}]},{"date":"2024-01-27","commitResults":[{"hash":"0eebaefdbd671909579cfad972666eb78df043d2","isMergeCommit":false,"messageTitle":"fix: Fix \u0027bye\u0027 command","messageBody":"Chatbot was not exiting upon \u0027bye\u0027 command\n\nLet\u0027s implement a shouldBreak variable and an if statement to break out of while loop.\n","fileTypesAndContributionMap":{"java":{"insertions":94,"deletions":95}}}]},{"date":"2024-01-31","commitResults":[{"hash":"a8ed95db4c6183d02c9d8b7174982f4cfb456266","isMergeCommit":false,"messageTitle":"feat: Implement task saving","messageBody":"Chatbot would lose data upon restart.\n\nCreate tasks file to store data and load data when chatbot starts up.\n\nLet\u0027s\n* Use File access to read file\n* Use File access to write to file\n* Handle errors regarding file access\n","tags":["Level-7"],"fileTypesAndContributionMap":{"java":{"insertions":151,"deletions":13}}},{"hash":"2e2a255e96ee05afcb7d31614a3b348ade74d360","isMergeCommit":true,"messageTitle":"Merge branch \u0027branch-Level-7\u0027","messageBody":"","fileTypesAndContributionMap":{}},{"hash":"6ac4f188c9ca4578caf221dc2e7af39bca39ee3a","isMergeCommit":false,"messageTitle":"feat: Use Date and Time","messageBody":"Chatbot did not understand dates and times.\n\nUse java.time.LocalDateTime.\n\nLet\u0027s\n* Accept datetimes in dd/MM/yyyy HHmm format\n* Print dates in a different format\n* Handle erros pertaining to wrong date format inputted\n","fileTypesAndContributionMap":{"txt":{"insertions":8,"deletions":2},"java":{"insertions":101,"deletions":42}}},{"hash":"8f00c3df6add57596ac14105c0a6522ae7f0a158","isMergeCommit":true,"messageTitle":"Merge branch \u0027branch-Level-8\u0027","messageBody":"","tags":["Level-8"],"fileTypesAndContributionMap":{}}]},{"date":"2024-02-01","commitResults":[{"hash":"e56e0fe8f59516b28b50937ce8173cb48c6e0cb3","isMergeCommit":false,"messageTitle":"feat: Use More OOP","messageBody":"Code was repetitive and mostly in one file.\n\nExtract out closely related code.\n\nLet\u0027s\n* Extract Ui, Storage, Parser, TaskList classes\n* Created abstract Command classes and more *Command classes\n* Handled more exceptions\n","tags":["A-MoreOOP"],"fileTypesAndContributionMap":{"txt":{"insertions":0,"deletions":6},"java":{"insertions":427,"deletions":294}}},{"hash":"dd718473172fcc46c798b3abc1f54437f082dec5","isMergeCommit":false,"messageTitle":"refactor: Organize into packages","messageBody":"Code was messy.\n\nDivide classes into packages.\n\nLet\u0027s create duke duke.task, duke.command, duke.exception packages.\n","tags":["A-Packages"],"fileTypesAndContributionMap":{"java":{"insertions":124,"deletions":0},"md":{"insertions":2,"deletions":2}}},{"hash":"0f0efe1e219163bd6fc5933001f0da5b95083109","isMergeCommit":true,"messageTitle":"Merge branch \u0027add-gradle-support\u0027 of https://github.com/kwuunnn/ip","messageBody":"","fileTypesAndContributionMap":{}},{"hash":"117ea9f023c0ed697a798bbad18ea6cbd4919386","isMergeCommit":false,"messageTitle":"feat: Automate project builds using Gradle","messageBody":"Let\u0027s\n* Merge add-gradle-support branch from origin to master branch\n* Edit build.gradle and set mainClass to \u0027duke.Duke\u0027\n","tags":["A-Gradle"],"fileTypesAndContributionMap":{"gradle":{"insertions":1,"deletions":1}}}]}]},"authorFileTypeContributionMap":{"kwuunnn":{"java":734,"md":2,"fxml":0,"sh":0,"bat":0,"gradle":1,"txt":19}},"authorContributionVariance":{"kwuunnn":58557.43},"authorDisplayNameMap":{"kwuunnn":"CS2103T-F13-4 CHIN.. HEI"}}
