[{"path":"src/main/java/Duke.java","fileType":"java","lines":[{"lineNumber":1,"author":{"gitId":"LargeCrowd"},"content":"import java.util.Scanner;","lastModifiedDate":"2024-01-24"},{"lineNumber":2,"author":{"gitId":"LargeCrowd"},"content":"import java.util.ArrayList;","lastModifiedDate":"2024-01-24"},{"lineNumber":3,"author":{"gitId":"LargeCrowd"},"content":"","lastModifiedDate":"2024-01-24"},{"lineNumber":4,"author":{"gitId":"-"},"content":"public class Duke {","lastModifiedDate":"2019-07-29"},{"lineNumber":5,"author":{"gitId":"-"},"content":"    public static void main(String[] args) {","lastModifiedDate":"2019-07-29"},{"lineNumber":6,"author":{"gitId":"LargeCrowd"},"content":"","lastModifiedDate":"2024-01-24"},{"lineNumber":7,"author":{"gitId":"LargeCrowd"},"content":"        String name \u003d \"Big Boy\";","lastModifiedDate":"2024-01-24"},{"lineNumber":8,"author":{"gitId":"LargeCrowd"},"content":"        String greeting \u003d \"Hello! I\u0027m \" + name + \", your new friend!\" + \"\\n\" + \"What can I do for you?\";","lastModifiedDate":"2024-01-24"},{"lineNumber":9,"author":{"gitId":"LargeCrowd"},"content":"        String line \u003d \"____________________________________________________________\";","lastModifiedDate":"2024-01-24"},{"lineNumber":10,"author":{"gitId":"LargeCrowd"},"content":"        String exit \u003d \"Bye. Hope to see you again soon!\";","lastModifiedDate":"2024-01-24"},{"lineNumber":11,"author":{"gitId":"LargeCrowd"},"content":"        ArrayList\u003cString\u003e stringList \u003d new ArrayList\u003c\u003e();","lastModifiedDate":"2024-01-24"},{"lineNumber":12,"author":{"gitId":"LargeCrowd"},"content":"        int itemIndex \u003d 1;","lastModifiedDate":"2024-01-24"},{"lineNumber":13,"author":{"gitId":"LargeCrowd"},"content":"","lastModifiedDate":"2024-01-24"},{"lineNumber":14,"author":{"gitId":"LargeCrowd"},"content":"","lastModifiedDate":"2024-01-24"},{"lineNumber":15,"author":{"gitId":"LargeCrowd"},"content":"        // add input. program repeats user\u0027s input until user types \"bye\"","lastModifiedDate":"2024-01-24"},{"lineNumber":16,"author":{"gitId":"LargeCrowd"},"content":"        System.out.println(line);","lastModifiedDate":"2024-01-24"},{"lineNumber":17,"author":{"gitId":"LargeCrowd"},"content":"        System.out.println(greeting);","lastModifiedDate":"2024-01-24"},{"lineNumber":18,"author":{"gitId":"LargeCrowd"},"content":"        System.out.println(line);","lastModifiedDate":"2024-01-24"},{"lineNumber":19,"author":{"gitId":"LargeCrowd"},"content":"","lastModifiedDate":"2024-01-24"},{"lineNumber":20,"author":{"gitId":"LargeCrowd"},"content":"        Scanner in \u003d new Scanner(System.in);","lastModifiedDate":"2024-01-24"},{"lineNumber":21,"author":{"gitId":"LargeCrowd"},"content":"        String input \u003d in.nextLine();","lastModifiedDate":"2024-01-24"},{"lineNumber":22,"author":{"gitId":"LargeCrowd"},"content":"","lastModifiedDate":"2024-01-24"},{"lineNumber":23,"author":{"gitId":"LargeCrowd"},"content":"        while (!input.equals(\"bye\")) {","lastModifiedDate":"2024-01-24"},{"lineNumber":24,"author":{"gitId":"LargeCrowd"},"content":"            System.out.println(line);","lastModifiedDate":"2024-01-24"},{"lineNumber":25,"author":{"gitId":"LargeCrowd"},"content":"","lastModifiedDate":"2024-01-24"},{"lineNumber":26,"author":{"gitId":"LargeCrowd"},"content":"            if (input.equals(\"list\")) {","lastModifiedDate":"2024-01-24"},{"lineNumber":27,"author":{"gitId":"LargeCrowd"},"content":"                for (String item : stringList) {","lastModifiedDate":"2024-01-24"},{"lineNumber":28,"author":{"gitId":"LargeCrowd"},"content":"                    System.out.println(item);","lastModifiedDate":"2024-01-24"},{"lineNumber":29,"author":{"gitId":"LargeCrowd"},"content":"                }","lastModifiedDate":"2024-01-24"},{"lineNumber":30,"author":{"gitId":"LargeCrowd"},"content":"                System.out.println(line);","lastModifiedDate":"2024-01-24"},{"lineNumber":31,"author":{"gitId":"LargeCrowd"},"content":"                input \u003d in.nextLine();","lastModifiedDate":"2024-01-24"},{"lineNumber":32,"author":{"gitId":"LargeCrowd"},"content":"                continue;","lastModifiedDate":"2024-01-24"},{"lineNumber":33,"author":{"gitId":"LargeCrowd"},"content":"            } else {","lastModifiedDate":"2024-01-24"},{"lineNumber":34,"author":{"gitId":"LargeCrowd"},"content":"                System.out.println(\"added: \" + input);","lastModifiedDate":"2024-01-24"},{"lineNumber":35,"author":{"gitId":"LargeCrowd"},"content":"                stringList.add(itemIndex + \". \" + input);","lastModifiedDate":"2024-01-24"},{"lineNumber":36,"author":{"gitId":"LargeCrowd"},"content":"                itemIndex++;","lastModifiedDate":"2024-01-24"},{"lineNumber":37,"author":{"gitId":"LargeCrowd"},"content":"            }","lastModifiedDate":"2024-01-24"},{"lineNumber":38,"author":{"gitId":"LargeCrowd"},"content":"","lastModifiedDate":"2024-01-24"},{"lineNumber":39,"author":{"gitId":"LargeCrowd"},"content":"            System.out.println(line);","lastModifiedDate":"2024-01-24"},{"lineNumber":40,"author":{"gitId":"LargeCrowd"},"content":"            input \u003d in.nextLine();","lastModifiedDate":"2024-01-24"},{"lineNumber":41,"author":{"gitId":"LargeCrowd"},"content":"        }","lastModifiedDate":"2024-01-24"},{"lineNumber":42,"author":{"gitId":"LargeCrowd"},"content":"","lastModifiedDate":"2024-01-24"},{"lineNumber":43,"author":{"gitId":"LargeCrowd"},"content":"        in.close();","lastModifiedDate":"2024-01-24"},{"lineNumber":44,"author":{"gitId":"LargeCrowd"},"content":"        System.out.println(line);","lastModifiedDate":"2024-01-24"},{"lineNumber":45,"author":{"gitId":"LargeCrowd"},"content":"        System.out.println(exit);","lastModifiedDate":"2024-01-24"},{"lineNumber":46,"author":{"gitId":"LargeCrowd"},"content":"        System.out.println(line);","lastModifiedDate":"2024-01-24"},{"lineNumber":47,"author":{"gitId":"-"},"content":"    }","lastModifiedDate":"2019-07-29"},{"lineNumber":48,"author":{"gitId":"-"},"content":"}","lastModifiedDate":"2019-07-29"}],"authorContributionMap":{"LargeCrowd":44,"-":4}}]
