{"authorDailyContributionsMap":{"DominicFuMJ":[{"date":"2024-01-24","commitResults":[{"hash":"8a2b6ea0e79ab2497b5c1c9107ff6f16c83ddb92","isMergeCommit":false,"messageTitle":"Level 0. Rename, Greet, Exit","messageBody":"","tags":["Level-0"],"fileTypesAndContributionMap":{"java":{"insertions":7,"deletions":0}}}]},{"date":"2024-01-25","commitResults":[{"hash":"a9ba8bca2a91a52f29d325757ba2d125fae1be91","isMergeCommit":false,"messageTitle":"Level 1. Echo","messageBody":"","tags":["Level-1"],"fileTypesAndContributionMap":{"java":{"insertions":20,"deletions":2}}},{"hash":"6d9cacabf6e4ba0b048729823da9a4a3999a35db","isMergeCommit":false,"messageTitle":"Level 2. Add, List","messageBody":"","tags":["Level-2"],"fileTypesAndContributionMap":{"java":{"insertions":10,"deletions":1}}},{"hash":"1de678a29dfd11bd7dd3a290a70d8e71af411a29","isMergeCommit":false,"messageTitle":"Level 3. Mark as Done","messageBody":"","fileTypesAndContributionMap":{"java":{"insertions":23,"deletions":1}}},{"hash":"76c29a8609358510561eb573ab2a3a19e5cbbb74","isMergeCommit":false,"messageTitle":"Adding Task class and started on task 4","messageBody":"","fileTypesAndContributionMap":{"java":{"insertions":46,"deletions":2}}},{"hash":"0787074a98a94b72bbbf38e32df54b4798820098","isMergeCommit":false,"messageTitle":"Task 3. Mark as Done With Task","messageBody":"","tags":["Level-3"],"fileTypesAndContributionMap":{"java":{"insertions":39,"deletions":24}}},{"hash":"ce8865d57fff02c1987f66056a454153f3b1a23a","isMergeCommit":false,"messageTitle":"Level 4. ToDos, Events, Deadlines","messageBody":"","fileTypesAndContributionMap":{"java":{"insertions":13,"deletions":13}}},{"hash":"5395a7eb3275c2972730479c7ccb1f7d5a75ef9f","isMergeCommit":false,"messageTitle":"Level 4. ToDos, Events, Deadlines Using Inheritance","messageBody":"","tags":["Level-4"],"fileTypesAndContributionMap":{"java":{"insertions":64,"deletions":29}}}]},{"date":"2024-01-26","commitResults":[{"hash":"e0c87c9345200ced7ff736d5f8c1c830ee21e606","isMergeCommit":false,"messageTitle":"Tried to do A-TextUiTesting, but need help","messageBody":"","fileTypesAndContributionMap":{"java":{"insertions":8,"deletions":0}}},{"hash":"48a6e20d12ac50f0cac88ce9ee1154e7bed1cd8b","isMergeCommit":false,"messageTitle":"Level 6. Delete","messageBody":"","tags":["Level-6"],"fileTypesAndContributionMap":{"java":{"insertions":11,"deletions":0}}},{"hash":"4b53f443028d1c14783250eec6c3fc05539bd65f","isMergeCommit":false,"messageTitle":"Automated Text UI Testing Completed","messageBody":"","tags":["A-TextUiTesting"],"fileTypesAndContributionMap":{"txt":{"insertions":12,"deletions":0},"java":{"insertions":3,"deletions":2}}}]},{"date":"2024-01-27","commitResults":[{"hash":"e6ea8a3c53493c80c6fe747ed8f865b850a0022d","isMergeCommit":false,"messageTitle":"Level 5. Handle Errors","messageBody":"","tags":["Level-5"],"fileTypesAndContributionMap":{"txt":{"insertions":10,"deletions":0},"java":{"insertions":115,"deletions":49}}}]},{"date":"2024-01-28","commitResults":[{"hash":"2dd502ce4bb5d5042fea0331cba73a33c6408e42","isMergeCommit":false,"messageTitle":"A-Enums","messageBody":"","tags":["A-Enums"],"fileTypesAndContributionMap":{"java":{"insertions":12,"deletions":6}}}]},{"date":"2024-01-31","commitResults":[{"hash":"e8accd8b4bddb7c1c79249c7cc447ca9a43c9d24","isMergeCommit":false,"messageTitle":"Add data folder and task text","messageBody":"","tags":["data_folder"],"fileTypesAndContributionMap":{"txt":{"insertions":0,"deletions":0}}},{"hash":"b53d4842afb61fec2fd961ef8b6238c0964c6331","isMergeCommit":false,"messageTitle":"Allow code to read from victor.txt","messageBody":"","tags":["level-7"],"fileTypesAndContributionMap":{"txt":{"insertions":4,"deletions":0},"java":{"insertions":44,"deletions":12}}},{"hash":"ca25e94471fca0b81b79600c29365262284718c2","isMergeCommit":false,"messageTitle":"Create new victor.txt file is not present","messageBody":"","fileTypesAndContributionMap":{"java":{"insertions":6,"deletions":1}}}]},{"date":"2024-02-01","commitResults":[{"hash":"53a302eebab652edd6198c2c97e2e807c52c105f","isMergeCommit":false,"messageTitle":"Add save function to hard drive file victor.txt","messageBody":"","tags":["level07","Level-7(2)","Level-7"],"fileTypesAndContributionMap":{"txt":{"insertions":3,"deletions":1},"java":{"insertions":43,"deletions":9}}},{"hash":"1fdf4fcbabe7013bc013b058e996543bbd85fa40","isMergeCommit":false,"messageTitle":"Add minimal date recoginization for deadline","messageBody":"","tags":["Level-8"],"fileTypesAndContributionMap":{"txt":{"insertions":3,"deletions":2},"java":{"insertions":23,"deletions":4}}}]},{"date":"2024-02-03","commitResults":[{"hash":"346030e8642b9c0278710344f7372e3d6a26d7b7","isMergeCommit":false,"messageTitle":"Add new packages","messageBody":"","tags":["A-MoreOOP-NotDone"],"fileTypesAndContributionMap":{"java":{"insertions":17,"deletions":0}}},{"hash":"5db5893ab74b2321a97a376833ccf1d46cc09827","isMergeCommit":false,"messageTitle":"Move all files into Victor package","messageBody":"","fileTypesAndContributionMap":{"java":{"insertions":10,"deletions":4}}}]},{"date":"2024-02-04","commitResults":[{"hash":"55b92c82632de05319c81c706e703a64f5c25b6c","isMergeCommit":false,"messageTitle":"Place all task files into TaskType","messageBody":"","fileTypesAndContributionMap":{"txt":{"insertions":1,"deletions":1},"java":{"insertions":16,"deletions":8}}}]},{"date":"2024-02-05","commitResults":[{"hash":"471b92de101bd66d4853a5472cc91263e01e1513","isMergeCommit":false,"messageTitle":"Refactor the code for the UI and the Storage","messageBody":"","fileTypesAndContributionMap":{"java":{"insertions":87,"deletions":52}}},{"hash":"facf0d769398b1c5cabba0cda70024273822146f","isMergeCommit":false,"messageTitle":"Rearrange the code into different java files to make it more OOP","messageBody":"","tags":["A-Packages","A-MoreOOP"],"fileTypesAndContributionMap":{"java":{"insertions":311,"deletions":217}}},{"hash":"feb3a3715213c9e09b4bf63729a58e318f571ebf","isMergeCommit":false,"messageTitle":"Cosmetic changes","messageBody":"","fileTypesAndContributionMap":{"java":{"insertions":4,"deletions":2}}}]},{"date":"2024-02-06","commitResults":[{"hash":"ea1dbd94ced78b62954bf18648b06347efd86bf0","isMergeCommit":false,"messageTitle":"Rearrange some files","messageBody":"","fileTypesAndContributionMap":{"java":{"insertions":14,"deletions":21}}},{"hash":"6ae322858b9e30e420ccdbbbd98d25caeb6b0f31","isMergeCommit":false,"messageTitle":"Divide the classes into packages","messageBody":"","tags":["A-Packages1"],"fileTypesAndContributionMap":{"java":{"insertions":13,"deletions":13}}}]},{"date":"2024-02-07","commitResults":[{"hash":"297525431dabacfadf4bb7dfab73056e42aea283","isMergeCommit":false,"messageTitle":"Exception Handling. Display error message is data file is missing","messageBody":"","fileTypesAndContributionMap":{"java":{"insertions":3,"deletions":8}}},{"hash":"e0c65316cb254f792f74b97fdfa9692e270dc9f4","isMergeCommit":true,"messageTitle":"Merge branch \u0027add-gradle-support\u0027","messageBody":"","fileTypesAndContributionMap":{}},{"hash":"cf62eb19858d93de243fcc7eb93bd65e73b38972","isMergeCommit":false,"messageTitle":"Add JUnit tests and automate project builds using Gradle","messageBody":"","tags":["A_JUnit","A_Gradle"],"fileTypesAndContributionMap":{"gradle":{"insertions":4,"deletions":2},"java":{"insertions":96,"deletions":28}}}]},{"date":"2024-02-08","commitResults":[{"hash":"53b6be0ae238345efa6dfd8a4ebdbdc9c8a5e854","isMergeCommit":false,"messageTitle":"Create and moved JAR file","messageBody":"","tags":["A-Jar"],"fileTypesAndContributionMap":{"gradle":{"insertions":1,"deletions":0}}}]}]},"authorFileTypeContributionMap":{"DominicFuMJ":{"java":560,"md":0,"fxml":0,"sh":0,"bat":0,"gradle":5,"txt":29}},"authorContributionVariance":{"DominicFuMJ":22918.223},"authorDisplayNameMap":{"DominicFuMJ":"CS2103-F15-4 FU M..INIC"}}
