{"authorDailyContributionsMap":{"dhlee03":[{"date":"2024-01-25","commitResults":[{"hash":"9830667435dd03138635a0f16c211d48667386a7","isMergeCommit":false,"messageTitle":"initial skeletal version","messageBody":"","tags":["Level-0"],"fileTypesAndContributionMap":{"java":{"insertions":7,"deletions":6}}},{"hash":"6f03c4ab897b22604eab2ec9c804bff780821ac7","isMergeCommit":false,"messageTitle":"adds echo function","messageBody":"","tags":["Level-1"],"fileTypesAndContributionMap":{"java":{"insertions":33,"deletions":6}}},{"hash":"2f19b9033bed9e34113eacd0fa9ba83d4bf74df5","isMergeCommit":false,"messageTitle":"include adding and showing list features","messageBody":"","tags":["Level-2"],"fileTypesAndContributionMap":{"java":{"insertions":23,"deletions":4}}},{"hash":"0fd655a40fc8e54f4e8a73b4ebfb15b94dd71ca8","isMergeCommit":false,"messageTitle":"include ability to mark/unmark task","messageBody":"","tags":["Level-3"],"fileTypesAndContributionMap":{"java":{"insertions":76,"deletions":11}}},{"hash":"4e0e33080527c09dd2cc6cab0e45163895495438","isMergeCommit":false,"messageTitle":"added three task types: ToDos, Events, Deadlines","messageBody":"","tags":["Level-4"],"fileTypesAndContributionMap":{"java":{"insertions":119,"deletions":11}}},{"hash":"1a740f4d89793002e7304ac4b276ae382d3ac1bf","isMergeCommit":false,"messageTitle":"added Automated Text UI Testing","messageBody":"","tags":["A-TextUiTesting"],"fileTypesAndContributionMap":{"txt":{"insertions":6,"deletions":0}}},{"hash":"7dfb408c7fe6efe22be980f55cd0855752f2e9aa","isMergeCommit":false,"messageTitle":"includes function for error handling","messageBody":"","tags":["Level-5"],"fileTypesAndContributionMap":{"java":{"insertions":86,"deletions":45}}},{"hash":"08376b53b1df3275f8605d08a701cb523ac87b0e","isMergeCommit":false,"messageTitle":"added features to delete task","messageBody":"","tags":["Level-6"],"fileTypesAndContributionMap":{"java":{"insertions":25,"deletions":5}}},{"hash":"1adf952187b2c54e06e74531114dff4e81164796","isMergeCommit":false,"messageTitle":"Use Enums for command types","messageBody":"","tags":["A-Enums"],"fileTypesAndContributionMap":{"java":{"insertions":104,"deletions":94}}}]},{"date":"2024-02-02","commitResults":[{"hash":"c49fb194f6e5e26b59f51cb7d09d588cf6c76850","isMergeCommit":false,"messageTitle":"added features to save and load task data","messageBody":"","fileTypesAndContributionMap":{"java":{"insertions":95,"deletions":19},"bat":{"insertions":1,"deletions":1}}},{"hash":"4d24d6d5a5fe28f259f7417625d3ac278d69f64e","isMergeCommit":false,"messageTitle":"Fixed errors. Added features to make folders if directory is not available.","messageBody":"","fileTypesAndContributionMap":{"java":{"insertions":6,"deletions":5}}},{"hash":"0ffd8062dea0b4630cb84e245b26a1a329062d45","isMergeCommit":true,"messageTitle":"Merge branch \u0027branch-Level-7\u0027","messageBody":"","tags":["Level-7"],"fileTypesAndContributionMap":{}},{"hash":"929b80ffa4f1b56bd59e987b8c310177c4dc3ebd","isMergeCommit":false,"messageTitle":"Support date formats","messageBody":"","fileTypesAndContributionMap":{"java":{"insertions":45,"deletions":13}}}]},{"date":"2024-02-06","commitResults":[{"hash":"bb61170749d33137874917cee77a41f9086992d2","isMergeCommit":true,"messageTitle":"Merge branch \u0027branch-Level-8\u0027","messageBody":"","tags":["Level-8"],"fileTypesAndContributionMap":{}}]},{"date":"2024-02-08","commitResults":[{"hash":"3f74b826be4145eaebc25c66ed550aba7341e84a","isMergeCommit":false,"messageTitle":"Added UI and TaskList","messageBody":"","fileTypesAndContributionMap":{"java":{"insertions":274,"deletions":226}}},{"hash":"19e88456fc161361d70e0999d496c3dc450a9fb4","isMergeCommit":false,"messageTitle":"Added Storage","messageBody":"","fileTypesAndContributionMap":{"java":{"insertions":94,"deletions":74}}}]},{"date":"2024-02-09","commitResults":[{"hash":"4c0d8a213a525cb2909da8c1972c46356d602846","isMergeCommit":false,"messageTitle":"Added Parser","messageBody":"","fileTypesAndContributionMap":{"java":{"insertions":129,"deletions":95}}},{"hash":"e6f4f82b08908ba5558333c57b04980ef8d09a38","isMergeCommit":true,"messageTitle":"Merge branch \u0027branch-A-MoreOOP\u0027","messageBody":"","tags":["A-MoreOOP"],"fileTypesAndContributionMap":{}},{"hash":"68e9404b5c833c9a8fa60edc3145eaac29a2e77a","isMergeCommit":false,"messageTitle":"divided into multiple packages","messageBody":"","tags":["A-Packages"],"fileTypesAndContributionMap":{"java":{"insertions":128,"deletions":90},"bat":{"insertions":1,"deletions":1},"md":{"insertions":2,"deletions":2}}},{"hash":"34ee8e0d25b270dd5ebb1699db1637fbbb698489","isMergeCommit":true,"messageTitle":"Merge branch \u0027add-gradle-support\u0027","messageBody":"","tags":["A-Gradle"],"fileTypesAndContributionMap":{}},{"hash":"058f9023c2674109ce41fe19376d0cc34732120d","isMergeCommit":false,"messageTitle":"Add JUnit tests","messageBody":"","tags":["v0.1","A-Jar","A-JUnit"],"fileTypesAndContributionMap":{"java":{"insertions":83,"deletions":16},"bat":{"insertions":1,"deletions":1},"md":{"insertions":2,"deletions":2}}},{"hash":"35671259180aaa67c7611955ac52d1f42befca6f","isMergeCommit":false,"messageTitle":"Add JavaDoc","messageBody":"","fileTypesAndContributionMap":{"java":{"insertions":296,"deletions":4}}},{"hash":"b9f68c25adb77a101cab07d515e4bf662ded7508","isMergeCommit":true,"messageTitle":"Merge branch \u0027branch-A-JavaDoc\u0027","messageBody":"","tags":["A-JavaDoc"],"fileTypesAndContributionMap":{}},{"hash":"55a445962c67ab8e402d05dc4dff675a581d2553","isMergeCommit":false,"messageTitle":"modify to follow the coding standard","messageBody":"","fileTypesAndContributionMap":{"java":{"insertions":277,"deletions":265},"bat":{"insertions":1,"deletions":1},"md":{"insertions":2,"deletions":2}}},{"hash":"d5693a64dda0bf38a12916f62f16277dea703063","isMergeCommit":false,"messageTitle":"changed package name","messageBody":"","fileTypesAndContributionMap":{"java":{"insertions":25,"deletions":25},"bat":{"insertions":1,"deletions":1},"md":{"insertions":2,"deletions":2}}},{"hash":"2602edc17b81f0849bab316feed5622eb3cc160c","isMergeCommit":true,"messageTitle":"Merge branch \u0027branch-A-CodingStandard\u0027","messageBody":"# Conflicts:\n#\tsrc/main/java/friendlytool/command/Parser.java\n#\tsrc/main/java/friendlytool/process/Date.java\n#\tsrc/main/java/friendlytool/process/Duke.java\n#\tsrc/main/java/friendlytool/process/Storage.java\n#\tsrc/main/java/friendlytool/process/TaskList.java\n#\tsrc/main/java/friendlytool/process/UI.java\n#\tsrc/main/java/friendlytool/task/Deadline.java\n#\tsrc/main/java/friendlytool/task/Event.java\n#\tsrc/main/java/friendlytool/task/Task.java\n#\tsrc/main/java/friendlytool/task/ToDo.java\n","tags":["A-CodingStandard"],"fileTypesAndContributionMap":{}},{"hash":"c95ce752c211d6366f4c5fe39e0084e5483921fa","isMergeCommit":false,"messageTitle":"fix merge error and add javadoc to exception","messageBody":"","fileTypesAndContributionMap":{"java":{"insertions":8,"deletions":7}}},{"hash":"612478512a93c809c4233cfcfa55292d961f6860","isMergeCommit":false,"messageTitle":"Add task find using keyword function","messageBody":"","tags":["Level-9"],"fileTypesAndContributionMap":{"java":{"insertions":159,"deletions":85}}}]},{"date":"2024-02-15","commitResults":[{"hash":"6258a29706c7de425e4b09811a3eeca6b17c11a0","isMergeCommit":false,"messageTitle":"Add checkstyle with gradle","messageBody":"","fileTypesAndContributionMap":{"gradle":{"insertions":5,"deletions":0},"java":{"insertions":68,"deletions":68}}},{"hash":"ccec10426a1dc237feb51e61cf1b4f9e85d73cc6","isMergeCommit":true,"messageTitle":"Merge branch \u0027branch-A-CheckStyle\u0027","messageBody":"","tags":["A-CheckStyle"],"fileTypesAndContributionMap":{}}]},{"date":"2024-02-16","commitResults":[{"hash":"f7b03bae73d28413f4ab4b9e419838a1dae5d41c","isMergeCommit":false,"messageTitle":"Add a GUI to chatbot","messageBody":"","fileTypesAndContributionMap":{"gradle":{"insertions":14,"deletions":0},"fxml":{"insertions":35,"deletions":0},"java":{"insertions":302,"deletions":107}}},{"hash":"4762dae7b72236edaeb8a34fa1358b0df4f3fc22","isMergeCommit":true,"messageTitle":"Merge branch \u0027branch-Level-10\u0027","messageBody":"","tags":["Level-10"],"fileTypesAndContributionMap":{}},{"hash":"447908c1f923e3cef881b3ade9416dc2badc0fee","isMergeCommit":false,"messageTitle":"Update build gradle file","messageBody":"","fileTypesAndContributionMap":{"gradle":{"insertions":1,"deletions":1}}}]},{"date":"2024-02-21","commitResults":[{"hash":"98078e87b27de3546e203e578caddf7074a04e4c","isMergeCommit":false,"messageTitle":"Update javadoc based on new changes","messageBody":"GUI requires some functions to return a string rather than\nprinting those. Hence, there should be some changes to\nthe original functions\u0027 javadoc.\n","tags":["A-FullCommitMessage"],"fileTypesAndContributionMap":{"gradle":{"insertions":1,"deletions":1},"java":{"insertions":26,"deletions":16}}}]},{"date":"2024-02-22","commitResults":[{"hash":"7b0321561bb38c66bd6c7e159422390ac947ae32","isMergeCommit":false,"messageTitle":"Add asserts statements","messageBody":"The code has some important assumtions that some of objects\nare not null.\n\nThe assert statements can help debugging process.\n","fileTypesAndContributionMap":{"gradle":{"insertions":1,"deletions":0},"java":{"insertions":5,"deletions":1}}},{"hash":"2868dde55636e44362ce609268b08783cd86e546","isMergeCommit":true,"messageTitle":"Merge pull request #2 from dhlee03/branch-A-Assertions","messageBody":"Add asserts statements","fileTypesAndContributionMap":{}},{"hash":"55b504a5a2a7e9cc3e18d42b66da55a1367a7fa6","isMergeCommit":true,"messageTitle":"Merge branch \u0027master\u0027 of https://github.com/dhlee03/ip","messageBody":"","tags":["A-Assertions"],"fileTypesAndContributionMap":{}}]},{"date":"2024-02-23","commitResults":[{"hash":"095145e0b58895711de1e3e3b2a2638da9b4ec40","isMergeCommit":false,"messageTitle":"Improve code quality","messageBody":"The happy path should be clear and prominent in the code.\nThe code should not be distracted by alternative paths.\n","fileTypesAndContributionMap":{"java":{"insertions":45,"deletions":31}}},{"hash":"4eacf9f89f8c798ea68b3e59df8f3f9ab0f6854e","isMergeCommit":true,"messageTitle":"Merge pull request #3 from dhlee03/branch-A-CodeQuality","messageBody":"Improve code quality","fileTypesAndContributionMap":{}},{"hash":"9b741c25fe49626cd42f3a669da6f1acf4327d21","isMergeCommit":true,"messageTitle":"Merge branch \u0027master\u0027 of https://github.com/dhlee03/ip","messageBody":"","tags":["A-CodeQuality"],"fileTypesAndContributionMap":{}},{"hash":"0488326c78cf3cc96efae88c5044a7bd84e64957","isMergeCommit":false,"messageTitle":"Add sort commands","messageBody":"Sorting deadlines and events chronogically based on the end date.\nThis helps users to know which task they should do first.\n","fileTypesAndContributionMap":{"java":{"insertions":66,"deletions":1}}},{"hash":"ae003a205cdad40f32b209d7a1eb76252bf4f1e1","isMergeCommit":false,"messageTitle":"Update code to store list after sorting","messageBody":"","fileTypesAndContributionMap":{"java":{"insertions":1,"deletions":0}}},{"hash":"03cf7ad1fb037145a9e7cabf26758491c5b36201","isMergeCommit":true,"messageTitle":"Merge branch \u0027branch-BCD-Extension\u0027","messageBody":"","tags":["BCD-Extension"],"fileTypesAndContributionMap":{}},{"hash":"20ff646a7552aa1193b76547fab3b8926c66c895","isMergeCommit":false,"messageTitle":"Add background color and text box GUI","messageBody":"","tags":["A-BetterGui"],"fileTypesAndContributionMap":{"fxml":{"insertions":7,"deletions":7}}},{"hash":"d5884735fac1d8b240e6783ffc58fb7bd70e1f32","isMergeCommit":false,"messageTitle":"Change class name to FriendlyTool","messageBody":"","fileTypesAndContributionMap":{"java":{"insertions":6,"deletions":6}}}]}]},"authorFileTypeContributionMap":{"dhlee03":{"java":1305,"md":2,"fxml":35,"sh":0,"bat":2,"gradle":21,"txt":6}},"authorContributionVariance":{"dhlee03":101897.69},"authorDisplayNameMap":{"dhlee03":"CS2103T-F12-4 LEE ..HYUN"}}
