{"authorDailyContributionsMap":{"dhlee03":[{"date":"2024-01-25","commitResults":[{"hash":"9830667435dd03138635a0f16c211d48667386a7","isMergeCommit":false,"messageTitle":"initial skeletal version","messageBody":"","tags":["Level-0"],"fileTypesAndContributionMap":{"java":{"insertions":7,"deletions":6}}},{"hash":"6f03c4ab897b22604eab2ec9c804bff780821ac7","isMergeCommit":false,"messageTitle":"adds echo function","messageBody":"","tags":["Level-1"],"fileTypesAndContributionMap":{"java":{"insertions":33,"deletions":6}}}]}]},"authorFileTypeContributionMap":{"dhlee03":{"java":33,"md":0,"fxml":0,"sh":0,"bat":0,"gradle":0,"txt":0}},"authorContributionVariance":{"dhlee03":331.10205},"authorDisplayNameMap":{"dhlee03":"LEE ..HYUN"}}
