{"authorDailyContributionsMap":{"maze508":[{"date":"2024-01-22","commitResults":[{"hash":"2bfcf02945b5870797803b8edf226547377cd00e","isMergeCommit":false,"messageTitle":"level 0","messageBody":"","tags":["Level-0"],"fileTypesAndContributionMap":{"java":{"insertions":6,"deletions":6}}},{"hash":"d4eed463f6b9fefecdfe39dcd620160352d00449","isMergeCommit":false,"messageTitle":"Level-1: Echo","messageBody":"","tags":["Level-1"],"fileTypesAndContributionMap":{"java":{"insertions":13,"deletions":0}}},{"hash":"3c4b46aa767a4c9b68c35b8f04bfd2110c380231","isMergeCommit":false,"messageTitle":"Level-2: Add, List","messageBody":"","tags":["Level-2"],"fileTypesAndContributionMap":{"java":{"insertions":13,"deletions":1}}},{"hash":"ea9adf92e9bd25d03d95ad498e4ff0841adacfc9","isMergeCommit":false,"messageTitle":"Level-3: Mark as Done","messageBody":"","tags":["Level-3"],"fileTypesAndContributionMap":{"java":{"insertions":47,"deletions":3}}},{"hash":"35a7ce28a24230bb688a6090950f2888ae13c4f5","isMergeCommit":false,"messageTitle":"Level-4: ToDos, Events, Deadlines","messageBody":"","tags":["Level-4"],"fileTypesAndContributionMap":{"java":{"insertions":84,"deletions":0}}},{"hash":"c1d7d31446c6ae9845e6a325eb83316477b1bb5b","isMergeCommit":false,"messageTitle":"A-TextUiTesting","messageBody":"","tags":["A-TextUiTesting"],"fileTypesAndContributionMap":{"txt":{"insertions":9,"deletions":0}}},{"hash":"e16347ddf2c4c93f4a3e2e03a305fefde844edc5","isMergeCommit":false,"messageTitle":"Level-5: Handle Errors","messageBody":"","tags":["Level-5"],"fileTypesAndContributionMap":{"java":{"insertions":124,"deletions":70}}},{"hash":"613cbc0b3b5e35a53f8afdb903b0a4aa872729f9","isMergeCommit":false,"messageTitle":"Level-6: Delete","messageBody":"","tags":["Level-6"],"fileTypesAndContributionMap":{"java":{"insertions":20,"deletions":0}}}]},{"date":"2024-01-26","commitResults":[{"hash":"5f3c2b42f41908eb9a91faf6a10629bdb5122433","isMergeCommit":false,"messageTitle":"Added logic for Level-7 Safe","messageBody":"","tags":["Level-7"],"fileTypesAndContributionMap":{"txt":{"insertions":3,"deletions":0},"java":{"insertions":117,"deletions":0}}}]},{"date":"2024-01-27","commitResults":[{"hash":"8e5f25f13847344bc5b7877495f62d2e6c4e9566","isMergeCommit":false,"messageTitle":"Add dates and times logic","messageBody":"","tags":["Level-8"],"fileTypesAndContributionMap":{"txt":{"insertions":0,"deletions":3},"java":{"insertions":43,"deletions":14}}},{"hash":"67f2e992726ff4cf5b0a028faf4bbda135c795c0","isMergeCommit":false,"messageTitle":"Modularise implementation for A-MoreOOP","messageBody":"","fileTypesAndContributionMap":{"java":{"insertions":251,"deletions":177}}},{"hash":"8250eeac5dc15bd78ee9086e6ed32f96a0855c46","isMergeCommit":false,"messageTitle":"Fix file creation upon startup","messageBody":"","tags":["A-MoreOOP"],"fileTypesAndContributionMap":{"txt":{"insertions":1,"deletions":0},"java":{"insertions":13,"deletions":1}}},{"hash":"6e420b3779b7f3c4b59cfded3417b83e728cc8fd","isMergeCommit":false,"messageTitle":"Organise into Packages","messageBody":"","tags":["A-Packages"],"fileTypesAndContributionMap":{"txt":{"insertions":0,"deletions":1},"java":{"insertions":21,"deletions":0}}},{"hash":"cb8ffd8b010bd059ef21105e437981c204cf4f8e","isMergeCommit":true,"messageTitle":"Merge branch \u0027master\u0027 into add-gradle-support","messageBody":"","fileTypesAndContributionMap":{}},{"hash":"61dcda5c29fbbe1a59589dfc0fef77f732021804","isMergeCommit":false,"messageTitle":"Fix application class name","messageBody":"","fileTypesAndContributionMap":{"gradle":{"insertions":1,"deletions":1},"txt":{"insertions":2,"deletions":0}}},{"hash":"883b3bd7661d26ba5ae747b0c26701a1189382ec","isMergeCommit":false,"messageTitle":"Remove storage txt","messageBody":"","tags":["A-Gradle"],"fileTypesAndContributionMap":{"txt":{"insertions":0,"deletions":2}}},{"hash":"4d53a0d40bacff4b1259a8c8f46b08d1b28ec77d","isMergeCommit":false,"messageTitle":"Add Unit Tests for TaskList, Todo, Event \u0026 Deadline","messageBody":"","tags":["A-JUnit"],"fileTypesAndContributionMap":{"java":{"insertions":156,"deletions":0}}},{"hash":"c5c9aa33ffc6bc1f1fb76a19b17bc02637a652ba","isMergeCommit":false,"messageTitle":"Update build.gradle","messageBody":"","tags":["A-Jar"],"fileTypesAndContributionMap":{"gradle":{"insertions":2,"deletions":0}}}]},{"date":"2024-01-28","commitResults":[{"hash":"cf409c8b9edf09232a65ca15bc09a39c629c332c","isMergeCommit":false,"messageTitle":"Add javadocs for all methods","messageBody":"","tags":["A-JavaDoc"],"fileTypesAndContributionMap":{"java":{"insertions":283,"deletions":3}}},{"hash":"4f62e7a595f02564344f77b57434f490293bd5e5","isMergeCommit":false,"messageTitle":"Fix if statement and switch case statements","messageBody":"","tags":["A-CodingStandard"],"fileTypesAndContributionMap":{"java":{"insertions":12,"deletions":4}}},{"hash":"5ec2cde1c6fddaf20ab8ea3c4c7754a65115fd93","isMergeCommit":false,"messageTitle":"Level-9: Find","messageBody":"","tags":["Level-9"],"fileTypesAndContributionMap":{"java":{"insertions":48,"deletions":0}}}]},{"date":"2024-02-02","commitResults":[{"hash":"7c617f832ff40cf5e57adb8e0d0e9404a9670f3c","isMergeCommit":false,"messageTitle":"add config files","messageBody":"","fileTypesAndContributionMap":{"gradle":{"insertions":5,"deletions":0}}},{"hash":"dd7b74536a0ba1a5ef58312223856cc7a2253561","isMergeCommit":false,"messageTitle":"Fix Styling Issues","messageBody":"","fileTypesAndContributionMap":{"java":{"insertions":109,"deletions":63}}},{"hash":"51aeb426c05b7e3c3830af769390734f04a73096","isMergeCommit":false,"messageTitle":"Edit Javadocs","messageBody":"","tags":["A-CheckStyle"],"fileTypesAndContributionMap":{"java":{"insertions":1,"deletions":1}}},{"hash":"f20bf1c91b7bdecce04c801f7b98f264a410eeb4","isMergeCommit":false,"messageTitle":"Complete Tutorial","messageBody":"","fileTypesAndContributionMap":{"gradle":{"insertions":15,"deletions":0},"txt":{"insertions":2,"deletions":0},"java":{"insertions":208,"deletions":10}}},{"hash":"8b1a5982c7ac4677981deca934f76844390f0074","isMergeCommit":false,"messageTitle":"Remove duke.txt","messageBody":"","fileTypesAndContributionMap":{"txt":{"insertions":0,"deletions":2}}},{"hash":"d2d69fbfaddf2f097bd101442446d7d64b2ab437","isMergeCommit":false,"messageTitle":"Update GUI Design","messageBody":"","fileTypesAndContributionMap":{"fxml":{"insertions":35,"deletions":0},"java":{"insertions":20,"deletions":12}}},{"hash":"4a3554812bf7aeb5b1f314a80560bba954e90ada","isMergeCommit":false,"messageTitle":"Implement Dark Mode in FXML","messageBody":"","fileTypesAndContributionMap":{"txt":{"insertions":0,"deletions":0},"fxml":{"insertions":10,"deletions":5},"java":{"insertions":114,"deletions":157}}}]},{"date":"2024-02-05","commitResults":[{"hash":"059910e3f45b5e9f2d3e8ed3d43bd17f5b804d42","isMergeCommit":false,"messageTitle":"Add missing comments","messageBody":"","fileTypesAndContributionMap":{"java":{"insertions":36,"deletions":2}}}]}]},"authorFileTypeContributionMap":{"maze508":{"java":1222,"md":0,"fxml":40,"sh":0,"bat":0,"gradle":23,"txt":9}},"authorContributionVariance":{"maze508":58405.277},"authorDisplayNameMap":{"maze508":"CS2103T-T16-3 MA Z..XUAN"}}
