{"authorDailyContributionsMap":{"garywongkai":[{"date":"2024-01-21","commitResults":[{"hash":"6fc366f64d53fd91de69cf73a4e87b184549d862","isMergeCommit":false,"messageTitle":"Level-0","messageBody":"","tags":["Level-3","Level-2","Level-1","Level-0"],"fileTypesAndContributionMap":{"java":{"insertions":13,"deletions":6}}},{"hash":"39d35337b45b4f2cc5d04e9c6f347bf9d6fc11c8","isMergeCommit":false,"messageTitle":"Refactor","messageBody":"","fileTypesAndContributionMap":{"java":{"insertions":86,"deletions":17}}},{"hash":"558ff264bd057bec07ed7c77325542aa779b1ee4","isMergeCommit":false,"messageTitle":"Checkpoint","messageBody":"","fileTypesAndContributionMap":{"java":{"insertions":48,"deletions":0}}},{"hash":"f7b57501af0f245da8d76735c2c149b021c7b5ea","isMergeCommit":false,"messageTitle":"Checkpoint","messageBody":"","fileTypesAndContributionMap":{"java":{"insertions":8,"deletions":0}}},{"hash":"72fcbd6ebf7c223d18e3f326d92a8a1a99c09ef1","isMergeCommit":false,"messageTitle":"New Checkpoint","messageBody":"","tags":["Level-6","Level-5","Level-4","A-TextUiTesting"],"fileTypesAndContributionMap":{"java":{"insertions":90,"deletions":12}}}]},{"date":"2024-01-29","commitResults":[{"hash":"2cf73dd931679eda792212693abb7a69768d7cde","isMergeCommit":false,"messageTitle":"Checkpoint 2","messageBody":"","tags":["Level-7"],"fileTypesAndContributionMap":{"txt":{"insertions":12,"deletions":0},"java":{"insertions":116,"deletions":93},"bat":{"insertions":2,"deletions":2},"sh":{"insertions":2,"deletions":2}}},{"hash":"5896a51de65d8c14c5e6cec56f2ecf5d3136521b","isMergeCommit":false,"messageTitle":"Level-7","messageBody":"","fileTypesAndContributionMap":{"txt":{"insertions":3,"deletions":0},"java":{"insertions":125,"deletions":6}}},{"hash":"4233eec81b9abbf1b3300dc30d9eb2e30a748ea6","isMergeCommit":false,"messageTitle":"Level-7","messageBody":"","fileTypesAndContributionMap":{"txt":{"insertions":3,"deletions":3},"java":{"insertions":2,"deletions":3}}},{"hash":"7a04ba8bb1736be896e8ddbf24b6e44fc3f2766c","isMergeCommit":false,"messageTitle":"Checkpoint 3","messageBody":"","tags":["Level-8"],"fileTypesAndContributionMap":{"java":{"insertions":0,"deletions":3}}}]},{"date":"2024-01-30","commitResults":[{"hash":"ee6726a12902ca52c8fee4a30687bd0f29afad6d","isMergeCommit":false,"messageTitle":"Checkpoint 3","messageBody":"","tags":["A-jar"],"fileTypesAndContributionMap":{"txt":{"insertions":0,"deletions":3},"java":{"insertions":3,"deletions":3}}}]},{"date":"2024-01-31","commitResults":[{"hash":"60beb3d2293d44423aa1fe2bf63341d5462fc322","isMergeCommit":false,"messageTitle":"LocalDate addition","messageBody":"","fileTypesAndContributionMap":{"txt":{"insertions":1,"deletions":0},"java":{"insertions":27,"deletions":3}}},{"hash":"fae26d0bc340e8c618fb89cc6f432772ce125691","isMergeCommit":false,"messageTitle":"More OOP Checkpoint","messageBody":"","fileTypesAndContributionMap":{"txt":{"insertions":3,"deletions":4},"java":{"insertions":167,"deletions":49}}},{"hash":"211219ced8471a7172175ade306708f3e1f44708","isMergeCommit":true,"messageTitle":"Merge branch \u0027add-gradle-support\u0027","messageBody":"","tags":["A-Gradle"],"fileTypesAndContributionMap":{}},{"hash":"fe68581511a89483769fe0cbdc4119d8cc573171","isMergeCommit":false,"messageTitle":"Gradle Test","messageBody":"","fileTypesAndContributionMap":{"gradle":{"insertions":1,"deletions":1},"txt":{"insertions":1,"deletions":0},"java":{"insertions":26,"deletions":0}}},{"hash":"feeeda6479362c3a6d56963ee47fe9398888b8b9","isMergeCommit":true,"messageTitle":"Checkpoint Gradle Test","messageBody":"","fileTypesAndContributionMap":{}},{"hash":"f64cc353376f37addd479ba6caf990156212ea77","isMergeCommit":false,"messageTitle":"New Commit after Testing","messageBody":"","tags":["Level-9","A-Packages","A-MoreOOP","A-JavaDoc","A-JUnit","A-CodingStandard"],"fileTypesAndContributionMap":{"txt":{"insertions":0,"deletions":3}}}]},{"date":"2024-02-01","commitResults":[{"hash":"6b9155ce1065aa5aa411ab75c960d72a8287548d","isMergeCommit":false,"messageTitle":"Update header comments","messageBody":"","fileTypesAndContributionMap":{"java":{"insertions":100,"deletions":127}}},{"hash":"ca71ef1478d78470afa5782892cadc7b8884e5ff","isMergeCommit":false,"messageTitle":"Update README.md","messageBody":"","fileTypesAndContributionMap":{"md":{"insertions":63,"deletions":14}}},{"hash":"85adfb32566e3463813812f7cd03108f8b5746e4","isMergeCommit":false,"messageTitle":"Update README.md","messageBody":"","fileTypesAndContributionMap":{"md":{"insertions":1,"deletions":0}}},{"hash":"9b56d4f453ae1d12046580529b92e547908dd894","isMergeCommit":false,"messageTitle":"Update README.md","messageBody":"","fileTypesAndContributionMap":{"md":{"insertions":4,"deletions":1}}},{"hash":"c9fa3d6fa4e9ad7b2142b37100a603540aaac320","isMergeCommit":false,"messageTitle":"Add Find function","messageBody":"","fileTypesAndContributionMap":{"java":{"insertions":22,"deletions":0}}},{"hash":"4aa97bf54c32b26c2ad0b10ea13bb25b1711bbfb","isMergeCommit":true,"messageTitle":"Merge branch \u0027branch-A-CodingStandard\u0027","messageBody":"","fileTypesAndContributionMap":{}},{"hash":"8d4b959a172c79866dcb9753bc230ef9e0f1fec8","isMergeCommit":true,"messageTitle":"Merge branch \u0027branch-Level-9\u0027","messageBody":"","fileTypesAndContributionMap":{}},{"hash":"169803f0cf264452d3c7cf091e513ee0df3f0803","isMergeCommit":true,"messageTitle":"Merge branch \u0027branch-A-JavaDoc\u0027","messageBody":"","fileTypesAndContributionMap":{}}]},{"date":"2024-02-02","commitResults":[{"hash":"72bf5c3c480998f9f46185edeae7c1baab61bc43","isMergeCommit":false,"messageTitle":"Update README.md","messageBody":"","tags":["Level-10"],"fileTypesAndContributionMap":{"md":{"insertions":78,"deletions":2}}}]}]},"authorFileTypeContributionMap":{"garywongkai":{"java":521,"md":139,"fxml":0,"sh":2,"bat":2,"gradle":1,"txt":16}},"authorContributionVariance":{"garywongkai":19666.463},"authorDisplayNameMap":{"garywongkai":"CS2103-F15-4 WONG..I LI"}}
