{"authorDailyContributionsMap":{"rickkoh":[{"date":"2024-01-23","commitResults":[{"hash":"1c80eb00123ade2d111a94a77dd65a12c4fd1826","isMergeCommit":false,"messageTitle":"Updated Duke logo (to Morty) and implemented initial skeletal version.","messageBody":"","tags":["Level-1"],"fileTypesAndContributionMap":{"java":{"insertions":11,"deletions":6}}},{"hash":"630a4b2abc48ab48ca2274887f114476255c5838","isMergeCommit":false,"messageTitle":"Add item to list and print list","messageBody":"","tags":["Level-2"],"fileTypesAndContributionMap":{"java":{"insertions":44,"deletions":10}}}]},{"date":"2024-01-25","commitResults":[{"hash":"6965f59752f2d04ec71a559cca4f58312d13e317","isMergeCommit":false,"messageTitle":"Update Item class with status and ID, enhance list and done commands in Duke class","messageBody":"","tags":["Level-3"],"fileTypesAndContributionMap":{"java":{"insertions":30,"deletions":11}}},{"hash":"0c52ee5128d9f47d2744b0f74f48c41e79e7b267","isMergeCommit":false,"messageTitle":"Refactor code: Rename \u0027Item\u0027 class to \u0027Task\u0027 and adjust related variables and methods","messageBody":"","fileTypesAndContributionMap":{"java":{"insertions":10,"deletions":10}}},{"hash":"b9b4e15dbde84da554c5dbfdb85a6cb666680a83","isMergeCommit":false,"messageTitle":"Add support for creating and displaying Todo, Deadline, and Event tasks (implemented with inheritance).","messageBody":"","fileTypesAndContributionMap":{"java":{"insertions":65,"deletions":1}}},{"hash":"cd8462cb45dadb1b88f8e628e97fdeb12f5faa51","isMergeCommit":false,"messageTitle":"Add javadoc and comments to document the code.","messageBody":"","tags":["Level-4"],"fileTypesAndContributionMap":{"java":{"insertions":95,"deletions":0}}},{"hash":"b0cef9122148029e041b33b8b967ef057f6d4942","isMergeCommit":false,"messageTitle":"Refactor user input handling to use Scanner instead of System.console().","messageBody":"","fileTypesAndContributionMap":{"java":{"insertions":5,"deletions":1}}},{"hash":"e8a63791b3b361f052efecb9ca9c12211ade399d","isMergeCommit":false,"messageTitle":"Update file permissions for text-ui-test/runtest.sh","messageBody":"","fileTypesAndContributionMap":{"sh":{"insertions":0,"deletions":0}}},{"hash":"0dd017f9e42be3b59b1fa69246e169f59e0ee404","isMergeCommit":false,"messageTitle":"Refactor Todo, Deadline, and Event classes into each their own file.","messageBody":"","fileTypesAndContributionMap":{"java":{"insertions":142,"deletions":146}}},{"hash":"52eae7b3703cf8c9487e86300db0c96dca8b85b1","isMergeCommit":false,"messageTitle":"Add UI test for adding tasks and displaying task list","messageBody":"","tags":["A-TextUiTesting"],"fileTypesAndContributionMap":{"txt":{"insertions":5,"deletions":0}}},{"hash":"0de895a27cfc9ef42c2693ba3e9b4e19599ab4be","isMergeCommit":false,"messageTitle":"Add DukeException class for handling custom exceptions","messageBody":"","fileTypesAndContributionMap":{"java":{"insertions":5,"deletions":0}}},{"hash":"d04fc9ad47f47a2859a0c1571a382ea3fd644168","isMergeCommit":false,"messageTitle":"Refactor command handling logic and error handling in Duke.java","messageBody":"","tags":["Level-5"],"fileTypesAndContributionMap":{"java":{"insertions":73,"deletions":48}}},{"hash":"e1f1ed4aed77c7c8284adcb679feaba7b50d264d","isMergeCommit":false,"messageTitle":"Add functionality to delete tasks from the task list","messageBody":"","tags":["Level-6"],"fileTypesAndContributionMap":{"java":{"insertions":16,"deletions":0}}}]},{"date":"2024-01-30","commitResults":[{"hash":"f4698ed9f90307689f20715bf4e47521295e4d84","isMergeCommit":false,"messageTitle":"Bug fix: Use correct index for delete","messageBody":"","fileTypesAndContributionMap":{"java":{"insertions":2,"deletions":2}}},{"hash":"757c6bef2b7fe3d2a152421a7950666d45c38c37","isMergeCommit":false,"messageTitle":"Refactor Task class constructors and add serialize method","messageBody":"","fileTypesAndContributionMap":{"java":{"insertions":13,"deletions":8}}},{"hash":"e0630a8ff7f923968f46a1c59195ef3240da69ef","isMergeCommit":false,"messageTitle":"Add new constructor and method for serialization and deserialization","messageBody":"","fileTypesAndContributionMap":{"java":{"insertions":112,"deletions":0}}},{"hash":"c6a5d0d717866a817ad8cf8c615ca7340411e575","isMergeCommit":false,"messageTitle":"Add TaskLoader class to load and save tasks","messageBody":"","fileTypesAndContributionMap":{"java":{"insertions":50,"deletions":0}}},{"hash":"e9de10600cf394b26490755b6f12225cecdcaf33","isMergeCommit":false,"messageTitle":"Refactor code to load and save tasks","messageBody":"","fileTypesAndContributionMap":{"java":{"insertions":2,"deletions":0}}},{"hash":"c5d9c5c8e4c022f0298f6c2cedd4b7a5e0c99ee7","isMergeCommit":true,"messageTitle":"Merge branch \u0027branch-Level-7\u0027","messageBody":"","tags":["Level-7"],"fileTypesAndContributionMap":{}},{"hash":"27c9cd78ae00e9b666764ad7308df1c09783e8bb","isMergeCommit":false,"messageTitle":"Refactor Deadline and Event classes to use LocalDate for date fields","messageBody":"","fileTypesAndContributionMap":{"java":{"insertions":17,"deletions":11}}},{"hash":"18831767c02e6773cca99a4585e814a822472ae6","isMergeCommit":false,"messageTitle":"Add support for date validation in deadline and event tasks","messageBody":"","fileTypesAndContributionMap":{"java":{"insertions":9,"deletions":2}}},{"hash":"02d1d4726854f3b544f3b86712155873312cc2d3","isMergeCommit":true,"messageTitle":"Merge branch \u0027branch-Level-8\u0027","messageBody":"","tags":["Level-8"],"fileTypesAndContributionMap":{}}]},{"date":"2024-01-31","commitResults":[{"hash":"3754cfc7ff58ddba898892b1c697d91af9b09f73","isMergeCommit":false,"messageTitle":"Refactor date parsing code for deadline and event tasks","messageBody":"","fileTypesAndContributionMap":{"java":{"insertions":13,"deletions":6}}},{"hash":"0c10d52576ecc43f65c78fcddcf9f876501f5cdb","isMergeCommit":false,"messageTitle":"Rename TaskLoader.java to Storage.java","messageBody":"","fileTypesAndContributionMap":{"java":{"insertions":1,"deletions":1}}},{"hash":"73057d664043f7f54e2000a236c9dd2993baa2cd","isMergeCommit":false,"messageTitle":"Add support for custom storage path in Storage class","messageBody":"","fileTypesAndContributionMap":{"java":{"insertions":17,"deletions":4}}},{"hash":"9dbcc6aa3910d17e35bfa8a63809562fb722b68c","isMergeCommit":false,"messageTitle":"Add TaskList class","messageBody":"","fileTypesAndContributionMap":{"java":{"insertions":85,"deletions":0}}},{"hash":"31421ecb11fee05656cccae1e83afe24b3019f33","isMergeCommit":false,"messageTitle":"Refactor save method to accept TaskList object","messageBody":"","fileTypesAndContributionMap":{"java":{"insertions":2,"deletions":2}}},{"hash":"ede2bf0e359123153260ba974afe49576a00f88b","isMergeCommit":false,"messageTitle":"Add Command and its subclasses for task management","messageBody":"","fileTypesAndContributionMap":{"java":{"insertions":275,"deletions":0}}},{"hash":"29c7bbceebdf4786f02385ea8940e7a26c134c09","isMergeCommit":false,"messageTitle":"Add javadoc for the constructor and methods","messageBody":"","fileTypesAndContributionMap":{"java":{"insertions":18,"deletions":0}}},{"hash":"4b94567389f4f7a52545176265c6916d61dd91ae","isMergeCommit":false,"messageTitle":"Add Parser class to handle user input and return corresponding command","messageBody":"","fileTypesAndContributionMap":{"java":{"insertions":29,"deletions":0}}},{"hash":"84a0e0ea5f6886080780f9acea39e0652541f078","isMergeCommit":false,"messageTitle":"Add Ui class for user interface","messageBody":"","fileTypesAndContributionMap":{"java":{"insertions":166,"deletions":0}}},{"hash":"24c7594ec04a3ccbcd2bfdc52dd6ac1ade8df47f","isMergeCommit":false,"messageTitle":"Refactor code for better organization and readability","messageBody":"","fileTypesAndContributionMap":{"java":{"insertions":28,"deletions":131}}},{"hash":"ce039e8cff964d9deb483f44f22bf9ef212433b3","isMergeCommit":true,"messageTitle":"Merge branch \u0027branch-A-MoreOOP\u0027","messageBody":"","tags":["A-MoreOOP"],"fileTypesAndContributionMap":{}}]},{"date":"2024-02-02","commitResults":[{"hash":"f8c729ca89a7fdfedff00b2b1a851d022830a52b","isMergeCommit":false,"messageTitle":"Divide classes into packages","messageBody":"","fileTypesAndContributionMap":{"java":{"insertions":153,"deletions":5}}},{"hash":"0ad7af534b1960467adfca580a91a55a03caffe5","isMergeCommit":true,"messageTitle":"Merge remote-tracking branch \u0027origin/add-gradle-support\u0027","messageBody":"","fileTypesAndContributionMap":{}},{"hash":"363281416643c3017ebbac81c2676984827e1594","isMergeCommit":false,"messageTitle":"Rename Duke to Morty","messageBody":"","fileTypesAndContributionMap":{"gradle":{"insertions":1,"deletions":1},"java":{"insertions":74,"deletions":85}}},{"hash":"ee90ab03b6c8329f6e931bc5e8cf6211d87a7136","isMergeCommit":false,"messageTitle":"Refactor class and rename exception class","messageBody":"","tags":["A-Gradle"],"fileTypesAndContributionMap":{"gradle":{"insertions":1,"deletions":1},"java":{"insertions":12,"deletions":12},"bat":{"insertions":1,"deletions":1},"sh":{"insertions":1,"deletions":1}}}]},{"date":"2024-02-04","commitResults":[{"hash":"f74a8a7ceeff2626fb4e193c5f6b216b8ec0b515","isMergeCommit":false,"messageTitle":"Add Mockito test dependencies","messageBody":"","fileTypesAndContributionMap":{"gradle":{"insertions":2,"deletions":0}}}]},{"date":"2024-02-05","commitResults":[{"hash":"30834b3409ff7e6573ae3d224b0a07625901c714","isMergeCommit":false,"messageTitle":"Update dependencies and sourceSets configuration in build.gradle","messageBody":"","fileTypesAndContributionMap":{"gradle":{"insertions":17,"deletions":4}}},{"hash":"4f84f24a755902fc8e67c634b9d3de54c61057e1","isMergeCommit":false,"messageTitle":"Add ListCommandTest and TodoCommandTest","messageBody":"","tags":["A-JUnit"],"fileTypesAndContributionMap":{"java":{"insertions":114,"deletions":0}}},{"hash":"0ab1da13cc0bd8fa32a137dd072148ff336c7122","isMergeCommit":true,"messageTitle":"Merge branch \u0027branch-A-JUnit\u0027","messageBody":"","fileTypesAndContributionMap":{}},{"hash":"1b66679f0200064c1525984c04f568a483148adf","isMergeCommit":false,"messageTitle":"Add Javadoc comments to Parser, Storage, and Ui classes","messageBody":"","tags":["A-JavaDoc"],"fileTypesAndContributionMap":{"java":{"insertions":10,"deletions":0}}},{"hash":"1b07c8f777b29e5f8ce72fd2ebbca0cfc5a9de2a","isMergeCommit":false,"messageTitle":"Fix exception handling in Storage and TaskList constructors","messageBody":"","fileTypesAndContributionMap":{"java":{"insertions":4,"deletions":3}}},{"hash":"bf4cda9e42b9793597b31976cf6e114ce14b698a","isMergeCommit":false,"messageTitle":"Add find() method to TaskList and getTitle() method to Task","messageBody":"","fileTypesAndContributionMap":{"java":{"insertions":28,"deletions":0}}},{"hash":"27a01048e5da00330ea452f898d890379920d69f","isMergeCommit":false,"messageTitle":"Add find command to Parser","messageBody":"","fileTypesAndContributionMap":{"java":{"insertions":3,"deletions":0}}},{"hash":"fd758043b0d74efc3d73d920187a931301759c10","isMergeCommit":false,"messageTitle":"Create FindCommand class to find tasks","messageBody":"","fileTypesAndContributionMap":{"java":{"insertions":39,"deletions":0}}},{"hash":"0bfb7c641b8b50f642f8c34132bd528604532b2b","isMergeCommit":true,"messageTitle":"Merge branch \u0027branch-A-JavaDoc\u0027 into branch-A-CodingStandard","messageBody":"","tags":["A-CodingStandard"],"fileTypesAndContributionMap":{}},{"hash":"2ced6236f2155ed9b004e113be14c10aa9b52eca","isMergeCommit":true,"messageTitle":"Merge branch \u0027branch-A-CodingStandard\u0027 into branch-Level-9","messageBody":"","fileTypesAndContributionMap":{}},{"hash":"691d5406c4070cdfbc492d81ae140e9e4076a147","isMergeCommit":true,"messageTitle":"Merge branch \u0027branch-Level-9\u0027","messageBody":"","fileTypesAndContributionMap":{}},{"hash":"da9de44b84a570a34e4ee266791ab208749c20d2","isMergeCommit":false,"messageTitle":"Show find command usage when no keyword is provided","messageBody":"","tags":["Level-9"],"fileTypesAndContributionMap":{"java":{"insertions":11,"deletions":3}}},{"hash":"e95df2b8c18cc465c62e855ef9154d30f2dfb368","isMergeCommit":true,"messageTitle":"Merge branch \u0027branch-Level-9\u0027","messageBody":"","fileTypesAndContributionMap":{}}]},{"date":"2024-02-13","commitResults":[{"hash":"bbbce91d03d7e5e0dd9ca1062d9b4532015a0c10","isMergeCommit":false,"messageTitle":"Update README with Morty introduction and features","messageBody":"","fileTypesAndContributionMap":{"md":{"insertions":51,"deletions":24}}}]},{"date":"2024-02-14","commitResults":[{"hash":"07d1bf8097649cfee842cc9d12caa21a9338e51a","isMergeCommit":false,"messageTitle":"Add JavaFX dependencies for different platforms","messageBody":"","fileTypesAndContributionMap":{"gradle":{"insertions":15,"deletions":0}}},{"hash":"23c25daa8551db79ecb4bb28e47040d78e3dbc3e","isMergeCommit":false,"messageTitle":"Rename Ui to Response","messageBody":"","fileTypesAndContributionMap":{"java":{"insertions":169,"deletions":182}}},{"hash":"3614a825ecf6c71014405d2be78a570e66b03f65","isMergeCommit":false,"messageTitle":"Add DialogBox class for UI with label and ImageView","messageBody":"","fileTypesAndContributionMap":{"java":{"insertions":72,"deletions":0}}},{"hash":"2523ddba6cfd921fb7af853f0adc56bdbd240208","isMergeCommit":false,"messageTitle":"Update execute return type in Command subclasses","messageBody":"","fileTypesAndContributionMap":{"java":{"insertions":49,"deletions":39}}},{"hash":"3632c67675a8b7e492d439cc177a3d23fc68c5e4","isMergeCommit":false,"messageTitle":"Fix test case for ListCommand and TodoCommand","messageBody":"","fileTypesAndContributionMap":{"java":{"insertions":11,"deletions":10}}},{"hash":"a9915abe27a4f37d6604573ad97d6ac819cfdae8","isMergeCommit":false,"messageTitle":"Implement UI for Morty chatbot application","messageBody":"","fileTypesAndContributionMap":{"java":{"insertions":123,"deletions":20}}},{"hash":"2b5e0e79bb9ae94c821194b45fefaf9dbe17f8c4","isMergeCommit":true,"messageTitle":"Merge branch \u0027branch-Level-10\u0027","messageBody":"","fileTypesAndContributionMap":{}},{"hash":"84d965c5b13428729a5a7c632e9d625a961d06de","isMergeCommit":false,"messageTitle":"Add DialogBox and MainWindow FXML files","messageBody":"","fileTypesAndContributionMap":{"fxml":{"insertions":35,"deletions":0}}},{"hash":"884cd374593b44cec5d3cb4c257655f3b927a441","isMergeCommit":false,"messageTitle":"Refactor DialogBox and MainWindow classes","messageBody":"","fileTypesAndContributionMap":{"java":{"insertions":127,"deletions":43}}},{"hash":"b58c53c496476011c5c30f0c6bb148ef5ca6ce9e","isMergeCommit":false,"messageTitle":"Refactor Morty class to remove unnecessary JavaFX dependencies","messageBody":"","tags":["Level-10"],"fileTypesAndContributionMap":{"java":{"insertions":7,"deletions":98}}},{"hash":"b210e0e309dadf54828bf1dfac45dde1e93cbb2c","isMergeCommit":true,"messageTitle":"Merge branch \u0027branch-Level-10\u0027","messageBody":"","fileTypesAndContributionMap":{}}]},{"date":"2024-02-20","commitResults":[{"hash":"73214c4c0a04cc1edced439ea9c958bea08e2e4b","isMergeCommit":false,"messageTitle":"Add releases section to README.md","messageBody":"","tags":["A-Jar"],"fileTypesAndContributionMap":{"md":{"insertions":6,"deletions":0}}},{"hash":"352bee1b7a0441e5bb54f6a487914d9f28cf403c","isMergeCommit":true,"messageTitle":"Merge branch \u0027branch-A-Jar\u0027","messageBody":"","fileTypesAndContributionMap":{}},{"hash":"849a091a8ef24194c6e4e06c8bc4173270e27f21","isMergeCommit":false,"messageTitle":"Refactor command classes parameter formatting","messageBody":"","fileTypesAndContributionMap":{"java":{"insertions":20,"deletions":20}}},{"hash":"50075a9adebe3c3a63885efe6f54905cbf9c6e43","isMergeCommit":false,"messageTitle":"Remove wildcards imports","messageBody":"","fileTypesAndContributionMap":{"java":{"insertions":8,"deletions":3}}},{"hash":"c84ebe886a98e5a764c3b368334c82576016c2e3","isMergeCommit":false,"messageTitle":"Refactor if else statements to switch case statements","messageBody":"","fileTypesAndContributionMap":{"java":{"insertions":21,"deletions":20}}},{"hash":"3ce9d39ce16ebcff9238a0ea0cc5ed2224d51805","isMergeCommit":false,"messageTitle":"Refactor javadoc to meet coding standards","messageBody":"","fileTypesAndContributionMap":{"java":{"insertions":35,"deletions":6}}},{"hash":"4ff146df59873c894c9f8098d166fa94c3a35e2d","isMergeCommit":false,"messageTitle":"Update task constructors parameter formatting","messageBody":"","fileTypesAndContributionMap":{"java":{"insertions":7,"deletions":7}}},{"hash":"d8f83c6e186afea440bb1e8150432a08a26e207a","isMergeCommit":false,"messageTitle":"Add delay before exiting the program","messageBody":"","fileTypesAndContributionMap":{"java":{"insertions":14,"deletions":0}}},{"hash":"ad48f50e969c0f639248741f2947ed8da79a9260","isMergeCommit":false,"messageTitle":"Refactor methods in Response class for better validation using Asserts","messageBody":"","fileTypesAndContributionMap":{"java":{"insertions":5,"deletions":23}}},{"hash":"fa51c64e37c299e8da15baa554d1b37dfb19f6ba","isMergeCommit":false,"messageTitle":"Add assert statements","messageBody":"","fileTypesAndContributionMap":{"java":{"insertions":14,"deletions":4}}},{"hash":"d5bc042ba6d3ae9b6697173ba2fa3130cfa9c905","isMergeCommit":true,"messageTitle":"Merge branch \u0027master\u0027 into branch-A-Assertions","messageBody":"","tags":["A-Assertions"],"fileTypesAndContributionMap":{}},{"hash":"c9cd1c1164bf7ee59b5f97e2043425c959bb5e0b","isMergeCommit":false,"messageTitle":"Add ArchiveCommand to command parsing logic","messageBody":"","fileTypesAndContributionMap":{"java":{"insertions":3,"deletions":0}}},{"hash":"2f0c3dd25236a1c0ea56bd8c07a88b80ba7636a9","isMergeCommit":false,"messageTitle":"Add ArchiveCommand class for archiving tasks","messageBody":"","fileTypesAndContributionMap":{"java":{"insertions":23,"deletions":0}}},{"hash":"f9e7353a7d826c50c4662a622810ffb06a6d23a1","isMergeCommit":false,"messageTitle":"Add task archived and error messages in Response class","messageBody":"","fileTypesAndContributionMap":{"java":{"insertions":14,"deletions":0}}},{"hash":"1c699970a937dbdfa108397c2ced08904855e630","isMergeCommit":false,"messageTitle":"Add task archiving feature to Storage class","messageBody":"","tags":["C-Archive"],"fileTypesAndContributionMap":{"java":{"insertions":25,"deletions":0}}},{"hash":"571cb148f1756662ae842511a48797faf8b426cc","isMergeCommit":false,"messageTitle":"Remove error archiving task method, add generic error message method","messageBody":"","fileTypesAndContributionMap":{"java":{"insertions":7,"deletions":7}}},{"hash":"9b2e269fcc4c68f1f75394f30d70d47fde71b232","isMergeCommit":false,"messageTitle":"Add exception handling to storage methods","messageBody":"","fileTypesAndContributionMap":{"java":{"insertions":21,"deletions":20}}},{"hash":"7c4d0517ec7476a009ff18f21ab39f58140e20dd","isMergeCommit":false,"messageTitle":"Update javadocs for throws Exception","messageBody":"","fileTypesAndContributionMap":{"java":{"insertions":3,"deletions":0}}},{"hash":"b6201fc5d67ddad3a13fb27d2cadb94fc576485c","isMergeCommit":false,"messageTitle":"Refactor command classes for better organization","messageBody":"","fileTypesAndContributionMap":{"java":{"insertions":13,"deletions":5}}},{"hash":"f72428e72dd3d4883f5b4eee4f601f81235e99ac","isMergeCommit":false,"messageTitle":"Update Morty Chatbot user guide with new features","messageBody":"","tags":["A-UserGuide"],"fileTypesAndContributionMap":{"md":{"insertions":89,"deletions":16}}},{"hash":"0b1d1552d4a2a84edb7d6c88dffdfc245a015261","isMergeCommit":false,"messageTitle":"Update UI image in README to reflect new filename","messageBody":"","fileTypesAndContributionMap":{"md":{"insertions":1,"deletions":1}}}]}]},"authorFileTypeContributionMap":{"rickkoh":{"java":1567,"md":141,"fxml":35,"sh":1,"bat":1,"gradle":34,"txt":5}},"authorContributionVariance":{"rickkoh":61979.375},"authorDisplayNameMap":{"rickkoh":"CS2103-F09-4 KOH ..RICK"}}
