{"authorDailyContributionsMap":{"DingBao-sys":[{"date":"2024-01-22","commitResults":[{"hash":"2e7dc4b115b01d0aa2034e5ff0a9b06c646f6d9c","isMergeCommit":false,"messageTitle":"Finished Level-0","messageBody":"","fileTypesAndContributionMap":{"java":{"insertions":12,"deletions":6}}}]},{"date":"2024-01-23","commitResults":[{"hash":"29273a320de1db49e891a1d54269e0e5e16a85a7","isMergeCommit":false,"messageTitle":"Level-1","messageBody":"","tags":["Level-1"],"fileTypesAndContributionMap":{"java":{"insertions":22,"deletions":3}}},{"hash":"52efefd51fa42926a4e5ada3033b32cb76083b30","isMergeCommit":false,"messageTitle":"Level-2","messageBody":"","tags":["Level-2-Add-List"],"fileTypesAndContributionMap":{"java":{"insertions":40,"deletions":13}}},{"hash":"32f1371f27a9cb17fdafa3c53c35a90309c6ad67","isMergeCommit":false,"messageTitle":"Level-3-Mark-as-Done","messageBody":"","tags":["Level-3-Mark-As-Done"],"fileTypesAndContributionMap":{"java":{"insertions":44,"deletions":7}}}]},{"date":"2024-01-24","commitResults":[{"hash":"a26517def06a2a436b994fe7ffad457111055531","isMergeCommit":false,"messageTitle":"Level-4-ToDo-Events-Deadline","messageBody":"","tags":["level-4-todo-event-deadline"],"fileTypesAndContributionMap":{"java":{"insertions":84,"deletions":12}}}]},{"date":"2024-01-25","commitResults":[{"hash":"fafbe8763629aea4dd07958ecaa9ff58b143bec3","isMergeCommit":false,"messageTitle":"Level-6-Exceptions","messageBody":"","tags":["Level-5-Handle-Errors"],"fileTypesAndContributionMap":{"java":{"insertions":127,"deletions":60}}},{"hash":"908549e2bc0535026c4810aed28b985c104c30d0","isMergeCommit":false,"messageTitle":"Level-6-Delete","messageBody":"","fileTypesAndContributionMap":{"java":{"insertions":18,"deletions":7}}}]},{"date":"2024-01-26","commitResults":[{"hash":"80881420503505f0a4ed3b4ad3a366d3314814a9","isMergeCommit":false,"messageTitle":"Delete src/main/java/Command.java","messageBody":"","fileTypesAndContributionMap":{"java":{"insertions":0,"deletions":2}}}]},{"date":"2024-01-28","commitResults":[{"hash":"64902f938a064c14230027891a180371752b3ec3","isMergeCommit":false,"messageTitle":"level-6","messageBody":"","tags":["Level-6-Delete"],"fileTypesAndContributionMap":{"txt":{"insertions":48,"deletions":0},"java":{"insertions":42,"deletions":12}}}]},{"date":"2024-01-29","commitResults":[{"hash":"be1d45668af67cb240e8b445cb0edecee6ffdc53","isMergeCommit":false,"messageTitle":"A-TextUiTesting","messageBody":"","tags":["A-TextUiTesting"],"fileTypesAndContributionMap":{"txt":{"insertions":7,"deletions":0},"sh":{"insertions":19,"deletions":5}}}]},{"date":"2024-01-30","commitResults":[{"hash":"be110de188297cb79ab492885fd45607fdfc764d","isMergeCommit":false,"messageTitle":"Done Enums","messageBody":"","tags":["A-Enums"],"fileTypesAndContributionMap":{"java":{"insertions":238,"deletions":102}}}]},{"date":"2024-02-02","commitResults":[{"hash":"7139f73e1207ff7d3e9d4fa42802659f768a207a","isMergeCommit":false,"messageTitle":"Complete Level 7, Add Save","messageBody":"","fileTypesAndContributionMap":{"txt":{"insertions":7,"deletions":0},"java":{"insertions":127,"deletions":23}}},{"hash":"05cacf99cd04c307a6da94f8552dbf47f34054a5","isMergeCommit":true,"messageTitle":"Merge branch \u0027branch-Level-7\u0027 Current Duke do not support data persistence","messageBody":"Adding Level-7 Save allows user to save task even after duke reloads\n","tags":["Level-7-Save"],"fileTypesAndContributionMap":{}},{"hash":"d255786cbe72ae7f91418d0ca862e328f068526f","isMergeCommit":false,"messageTitle":"halfway through lvl 8","messageBody":"","fileTypesAndContributionMap":{"java":{"insertions":15,"deletions":4}}},{"hash":"f375f1302606a8850a91195071a6e14b72ffea73","isMergeCommit":false,"messageTitle":"halfway through OOP","messageBody":"","fileTypesAndContributionMap":{"java":{"insertions":141,"deletions":14}}},{"hash":"48646003ff82c82adbe8374f32e3beed326e49dd","isMergeCommit":false,"messageTitle":"Completed branch-level-8","messageBody":"","fileTypesAndContributionMap":{"java":{"insertions":195,"deletions":85}}},{"hash":"57c0c4e32c4762a5a30f0f3463f169bf6080aad6","isMergeCommit":true,"messageTitle":"Merge branch \u0027branch-level-8\u0027 Allow event and deadlines to undrstand dates as proper","messageBody":"","tags":["Level-8-Date-and-Time"],"fileTypesAndContributionMap":{}},{"hash":"3f462c7823f0f134a330484b7bd9ef975b84ff44","isMergeCommit":true,"messageTitle":"Merge branch \u0027branch-Level-8\u0027 into A-MoreOOP to incorporate dates and time level","messageBody":"","fileTypesAndContributionMap":{}}]},{"date":"2024-02-04","commitResults":[{"hash":"f1c533550889ff3f35c4147b9baa089a7fe3f278","isMergeCommit":false,"messageTitle":"Finished A-OOP","messageBody":"","fileTypesAndContributionMap":{"java":{"insertions":339,"deletions":207}}},{"hash":"65e593f10f9579b70ef5a122ead0df410a94a5c7","isMergeCommit":true,"messageTitle":"Merge branch \u0027A-MoreOOP\u0027 \"Made all classes secular\"","messageBody":"","tags":["A-MoreOOP"],"fileTypesAndContributionMap":{}},{"hash":"418c2516e43f1c1d9cc9089fccc7e89435647908","isMergeCommit":false,"messageTitle":"Completed A-Packages","messageBody":"","fileTypesAndContributionMap":{"java":{"insertions":970,"deletions":0}}},{"hash":"8a1a60706230a658fb409a7a9b591cfba23df20b","isMergeCommit":false,"messageTitle":"Delete src/main/java/ByeCommand.java","messageBody":"","fileTypesAndContributionMap":{"java":{"insertions":0,"deletions":10}}},{"hash":"598dcd26571ab4fc2880dcad9e244e1f3308f73c","isMergeCommit":false,"messageTitle":"Delete src/main/java/main/java/Duke/util directory","messageBody":"","fileTypesAndContributionMap":{"java":{"insertions":0,"deletions":57}}},{"hash":"f2ed1989ce990f363f8d4639dbcf3722aa6131f4","isMergeCommit":false,"messageTitle":"Delete src/main/java/Commands.java","messageBody":"","fileTypesAndContributionMap":{"java":{"insertions":0,"deletions":15}}},{"hash":"d0fee7d8a332c423a9f1f4345c449b6309891f11","isMergeCommit":false,"messageTitle":"Complete A-Packages","messageBody":"","fileTypesAndContributionMap":{"java":{"insertions":0,"deletions":876}}},{"hash":"2c3944d7ba8ec621c0ab6ce20df22d5556fcb448","isMergeCommit":true,"messageTitle":"Merge branch \u0027A-Packages\u0027 \"Divided all files into packages\"","messageBody":"","tags":["A-Packages"],"fileTypesAndContributionMap":{}},{"hash":"927a34d7004ad2727a0a0971013a24e5fc03c2a5","isMergeCommit":true,"messageTitle":"pull gradle remote branch","messageBody":"","fileTypesAndContributionMap":{}},{"hash":"c2bf85c149b57a7d3814e340104a3608c158319c","isMergeCommit":false,"messageTitle":"A-Gradle","messageBody":"","fileTypesAndContributionMap":{"gradle":{"insertions":1,"deletions":1},"java":{"insertions":29,"deletions":26}}},{"hash":"d4d322ccad4e2fbae04a1c225674b33c5c3fd03f","isMergeCommit":true,"messageTitle":"Merge branch \u0027A-Gradle\u0027 Incorporated Gradle into Porject","messageBody":"","tags":["A-Gradle"],"fileTypesAndContributionMap":{}},{"hash":"a69bcb4adfed46db34d8a501fbe1756e77337152","isMergeCommit":false,"messageTitle":"Finally Completed Level 9","messageBody":"","fileTypesAndContributionMap":{"gradle":{"insertions":1,"deletions":1},"java":{"insertions":70,"deletions":1}}},{"hash":"98bd96c43ee4cfb74fc2adbacd7283f8364edb16","isMergeCommit":true,"messageTitle":"Merge branch \u0027branch-Level-9\u0027 Add Find Command","messageBody":"","tags":["Level-9-Find"],"fileTypesAndContributionMap":{}},{"hash":"1158c4ee12248fd40b6c54d3ed49350a39a2a21d","isMergeCommit":false,"messageTitle":"Complete A-JUnit","messageBody":"","fileTypesAndContributionMap":{"java":{"insertions":47,"deletions":3}}},{"hash":"13c6ef44cdddbee7f43f894fdcb097ce7b1a63ae","isMergeCommit":true,"messageTitle":"Merge branch \u0027A-JUnit\u0027 \"add test for tasks and commands class\"","messageBody":"","tags":["A-Jar","A-JUnit"],"fileTypesAndContributionMap":{}}]},{"date":"2024-02-09","commitResults":[{"hash":"e7962a0bdc1b6a5fe5b95a9e27cb974adc7ef78c","isMergeCommit":false,"messageTitle":"Include javadoc for all comments","messageBody":"","fileTypesAndContributionMap":{"java":{"insertions":340,"deletions":118}}},{"hash":"15e19bc46bd1e0d3758842f49008723094899a4c","isMergeCommit":true,"messageTitle":"Merge branch \u0027A-JavaDoc\u0027 Included JavaDoc for most methods","messageBody":"","tags":["A-JavaDoc"],"fileTypesAndContributionMap":{}},{"hash":"4e679c98638500a22ba08115ae5103eb2d668da2","isMergeCommit":false,"messageTitle":"Tweak to adhere to javadoc","messageBody":"","fileTypesAndContributionMap":{"gradle":{"insertions":1,"deletions":1},"java":{"insertions":33,"deletions":33}}},{"hash":"3fce6833127db2afcf540bd144f596282397e805","isMergeCommit":true,"messageTitle":"Merge branch \u0027A-CodingStandard\u0027 to be a good responsible coder that codes with standards","messageBody":"","tags":["A-CodingStandard"],"fileTypesAndContributionMap":{}}]},{"date":"2024-02-11","commitResults":[{"hash":"7471b17e9984bc664f401b1ce7044a7239ed8e1c","isMergeCommit":false,"messageTitle":"Adhere to CheckStyle","messageBody":"","fileTypesAndContributionMap":{"gradle":{"insertions":5,"deletions":0},"java":{"insertions":286,"deletions":153}}},{"hash":"bbeee837737aea8d419f8e8fce80daf7308ce19f","isMergeCommit":true,"messageTitle":"merged with A-Checkstyle","messageBody":"","tags":["A-CheckStyle"],"fileTypesAndContributionMap":{}}]}]},"authorFileTypeContributionMap":{"DingBao-sys":{"java":1380,"md":0,"fxml":0,"sh":17,"bat":0,"gradle":7,"txt":62}},"authorContributionVariance":{"DingBao-sys":290724.66},"authorDisplayNameMap":{"DingBao-sys":"CS2103T-T11-1 SIM .. HAO"}}
