{"authorDailyContributionsMap":{"vnnamng":[{"date":"2024-01-20","commitResults":[{"hash":"7889fbfaf51380597adb2bb8284bda9a47756d32","isMergeCommit":false,"messageTitle":"Add Paimon ASCII Art into Duke main()","messageBody":"","fileTypesAndContributionMap":{"java":{"insertions":16,"deletions":6}}},{"hash":"7e260940793b624f8f64ffffc342028e5b6c1109","isMergeCommit":false,"messageTitle":"Add greeting in Duke main, Create boilerplate for ChatBot class","messageBody":"","fileTypesAndContributionMap":{"java":{"insertions":67,"deletions":0}}},{"hash":"68a52e1d9ae5aa006f2da0eb39caf5fe30d6ca41","isMergeCommit":false,"messageTitle":"ChatBot.java: add commands field and methods, add randomized dialoue options","messageBody":"","fileTypesAndContributionMap":{"java":{"insertions":47,"deletions":0}}},{"hash":"3ca960911ce3fb5cfc4dc1b35f5f15ea3f10e235","isMergeCommit":false,"messageTitle":"Duke.java: Refactor Paimon creation method","messageBody":"","tags":["Level-0"],"fileTypesAndContributionMap":{"java":{"insertions":27,"deletions":3}}}]},{"date":"2024-01-21","commitResults":[{"hash":"aa8f82f33a75db2071a8af7b3b79d788a297cf49","isMergeCommit":false,"messageTitle":"Duke,java: add echo effect for Paimon bot in main","messageBody":"","tags":["Level-1"],"fileTypesAndContributionMap":{"java":{"insertions":14,"deletions":2}}},{"hash":"ffb152d7c32284a72994a7de7d2f1027797f7926","isMergeCommit":false,"messageTitle":"Add Task.java: new Task class","messageBody":"","fileTypesAndContributionMap":{"java":{"insertions":18,"deletions":0}}},{"hash":"2d5cd3a565eeeff868fbb662f0edcb1ad7e48cb1","isMergeCommit":false,"messageTitle":"ChatBot.java: Add Tasks field and methods to ChatBot Class","messageBody":"","fileTypesAndContributionMap":{"java":{"insertions":17,"deletions":0}}},{"hash":"af2a53bb7aba62c0f1319421e5dbbe5965db616e","isMergeCommit":false,"messageTitle":"ChatBot.java: Fix ImmutableList into ArrayList for tasks","messageBody":"","fileTypesAndContributionMap":{"java":{"insertions":8,"deletions":3}}},{"hash":"1dec30d357a7abc9652619ce5e1ae618b3f4806d","isMergeCommit":false,"messageTitle":"Duke.java: Add switch-cases for adding tasks and list","messageBody":"","tags":["Level-2"],"fileTypesAndContributionMap":{"java":{"insertions":11,"deletions":7}}},{"hash":"663f61fad0c01f08a456471f78ae84c345bbc6d4","isMergeCommit":false,"messageTitle":"Task.java: add mark methods and new toString","messageBody":"","fileTypesAndContributionMap":{"java":{"insertions":9,"deletions":1}}}]},{"date":"2024-01-22","commitResults":[{"hash":"6efa2e2bda1f3d1a2fd6293c8af3ccf5ea825836","isMergeCommit":false,"messageTitle":"Add Chat Interface for mark command","messageBody":"","fileTypesAndContributionMap":{"java":{"insertions":26,"deletions":3}}},{"hash":"24fbb38bff8f95a7ff253fa206577f315c2e8693","isMergeCommit":false,"messageTitle":"Add mark and unmark functions working implementation","messageBody":"","fileTypesAndContributionMap":{"java":{"insertions":33,"deletions":1}}},{"hash":"cdad8cd03a00b9c98e6518e16f8ae118f93a0fdd","isMergeCommit":false,"messageTitle":"Fix mark function","messageBody":"","tags":["Level-3"],"fileTypesAndContributionMap":{"java":{"insertions":1,"deletions":1}}},{"hash":"39c43c095f1f2dff212076e6c3d6a9086950e799","isMergeCommit":false,"messageTitle":"Add ToDo, Deadline, Event classes","messageBody":"","fileTypesAndContributionMap":{"java":{"insertions":39,"deletions":0}}},{"hash":"332ac750e9505f3036e3581f9f8d69a5e8d1f60d","isMergeCommit":false,"messageTitle":"Create add ToDo functions and implementations","messageBody":"","fileTypesAndContributionMap":{"java":{"insertions":27,"deletions":5}}},{"hash":"52419a8833257f8f10aec27ffc3ce8abf2b5b031","isMergeCommit":false,"messageTitle":"Add some Deadline features","messageBody":"","fileTypesAndContributionMap":{"java":{"insertions":20,"deletions":14}}},{"hash":"ef2f674f0f3dd717ff8857be097a91657f21138f","isMergeCommit":false,"messageTitle":"Add Events methods and fine-tune interface","messageBody":"","tags":["Level-4"],"fileTypesAndContributionMap":{"java":{"insertions":21,"deletions":6}}},{"hash":"a75c79711f5ab07c24bf914c8607d74a2ff19c42","isMergeCommit":false,"messageTitle":"Add test-mode for the Chatbot","messageBody":"","fileTypesAndContributionMap":{"java":{"insertions":15,"deletions":2}}},{"hash":"db8fbb3ff0de3c27aac8a4c89f62ead696f4bef5","isMergeCommit":false,"messageTitle":"Add ui-testing function, with Command Line Args to enter test-mode","messageBody":"","tags":["A-TextUiTesting"],"fileTypesAndContributionMap":{"txt":{"insertions":17,"deletions":0},"java":{"insertions":11,"deletions":16},"bat":{"insertions":1,"deletions":1},"sh":{"insertions":5,"deletions":5}}},{"hash":"29d072d2e17bc629a8cabe3663f870308cc919de","isMergeCommit":false,"messageTitle":"Create and implement parameter exception","messageBody":"","fileTypesAndContributionMap":{"java":{"insertions":4,"deletions":0}}},{"hash":"b63009dc3bd71379a9b5cb299ea5be91141199e7","isMergeCommit":false,"messageTitle":"Actual create and implement parameter exception","messageBody":"","fileTypesAndContributionMap":{"java":{"insertions":47,"deletions":7}}},{"hash":"f1677b37be5278c27e343c252ae3ade176a3faff","isMergeCommit":false,"messageTitle":"Chatbot.java: Fix spelling error","messageBody":"","fileTypesAndContributionMap":{"java":{"insertions":1,"deletions":1}}},{"hash":"3756fd39590e1545820e1eb66fddd4496a1b2598","isMergeCommit":false,"messageTitle":"Fix parameters exception and add command exception","messageBody":"","fileTypesAndContributionMap":{"java":{"insertions":34,"deletions":27}}}]},{"date":"2024-01-23","commitResults":[{"hash":"6e9a876e9f46f906be40d14c8fd1a100c99761ef","isMergeCommit":false,"messageTitle":"Chatbot.java: Add mark and unmark functions exceptions","messageBody":"","tags":["Level-5"],"fileTypesAndContributionMap":{"java":{"insertions":48,"deletions":20}}},{"hash":"f71bc7bdf6e39a7764d327e86b7bfa12d8aced58","isMergeCommit":false,"messageTitle":"Add delete feature","messageBody":"","tags":["Level-6"],"fileTypesAndContributionMap":{"java":{"insertions":28,"deletions":0}}}]},{"date":"2024-01-29","commitResults":[{"hash":"b155c5e6c23836b26381f2c856ef8fa0b785e7f7","isMergeCommit":false,"messageTitle":"Fix Switch case coding style in Duke.java","messageBody":"","fileTypesAndContributionMap":{"java":{"insertions":28,"deletions":28}}},{"hash":"8e9f0cec544c4a02a2c1e20b65f460183b358cf3","isMergeCommit":false,"messageTitle":"Add save feature for ChatBot","messageBody":"","fileTypesAndContributionMap":{"java":{"insertions":38,"deletions":1}}},{"hash":"42db2d9b7c5a61f8d1c10033c157257c17ca34d3","isMergeCommit":false,"messageTitle":"Add Load Tasks from File feature for Chatbot","messageBody":"","fileTypesAndContributionMap":{"java":{"insertions":74,"deletions":15}}},{"hash":"77180863be1d5a7515fbbefbcbc7621c1b0d6d18","isMergeCommit":true,"messageTitle":"Add Save Feature for Chatbot","messageBody":"","fileTypesAndContributionMap":{}},{"hash":"3e96549f8778363bafd986034f5c6639c19ec53c","isMergeCommit":false,"messageTitle":"Add some rough implementation of LocalDateTime in Deadline","messageBody":"","fileTypesAndContributionMap":{"java":{"insertions":21,"deletions":6}}},{"hash":"db461d71a9c9f5270caeb082fe97f3ab898bdb05","isMergeCommit":false,"messageTitle":"fix errors when file does not exist when loading","messageBody":"","tags":["Level-7"],"fileTypesAndContributionMap":{"java":{"insertions":8,"deletions":1}}},{"hash":"5da736bec8e02053848736d81ff169fd936ce72e","isMergeCommit":false,"messageTitle":"Add fully working implementation of DateTime in Deadline","messageBody":"","fileTypesAndContributionMap":{"java":{"insertions":2,"deletions":2}}},{"hash":"7ff918eaba1b625ffbd99a4622157c9e7726c2e5","isMergeCommit":true,"messageTitle":"Add DateTime implementation for Deadline","messageBody":"","tags":["Level-8"],"fileTypesAndContributionMap":{}},{"hash":"349b0ebf5e354f0115d017259dd01808aea2e459","isMergeCommit":false,"messageTitle":"Clean unused methods","messageBody":"","fileTypesAndContributionMap":{"java":{"insertions":1,"deletions":65}}},{"hash":"fd2b3724311707a0b63a8ebc971437b8c36d7ba3","isMergeCommit":false,"messageTitle":"Add new Storage, TaskList, Parser and Command class for more OOP","messageBody":"","fileTypesAndContributionMap":{"java":{"insertions":186,"deletions":0}}},{"hash":"c038b144337a5f7122f09cbc78cc6ad3d2236bba","isMergeCommit":false,"messageTitle":"Adding Working Add/List/Exit commands","messageBody":"","fileTypesAndContributionMap":{"java":{"insertions":280,"deletions":248}}},{"hash":"97aa5e9dabf5f56ee862195bec11396bde8875f4","isMergeCommit":false,"messageTitle":"Add working Mark Command","messageBody":"","fileTypesAndContributionMap":{"java":{"insertions":80,"deletions":43}}},{"hash":"5a1da37e6b769deeaf0f04316ebbfc5a15d9bd4d","isMergeCommit":false,"messageTitle":"Add working unmark Command","messageBody":"","fileTypesAndContributionMap":{"java":{"insertions":42,"deletions":6}}},{"hash":"ce41f67bf45f25844abacd4e33ff03366923babe","isMergeCommit":false,"messageTitle":"Add working Deleted Command","messageBody":"","fileTypesAndContributionMap":{"java":{"insertions":53,"deletions":19}}},{"hash":"bf4eddacf4b1a2755adcd0a526b9dedf7f29202b","isMergeCommit":false,"messageTitle":"Clean up imports and unused classes, Add some customisation potential for greet and bye","messageBody":"","fileTypesAndContributionMap":{"java":{"insertions":32,"deletions":208}}},{"hash":"129d075fa5f849dc0b7f82ee2f69885b5194d2e2","isMergeCommit":false,"messageTitle":"Clean unused constructors and imports","messageBody":"","fileTypesAndContributionMap":{"java":{"insertions":2,"deletions":18}}},{"hash":"f4f4a77312fe9c132e5e6d36150f8af58da28f4d","isMergeCommit":false,"messageTitle":"Add more readable UI replies for the ChatBot","messageBody":"","fileTypesAndContributionMap":{"java":{"insertions":10,"deletions":7}}},{"hash":"85d7f14c8161094605907901050366b816060d0d","isMergeCommit":true,"messageTitle":"Refactor to make the code more OOP","messageBody":"","tags":["A-MoreOOP"],"fileTypesAndContributionMap":{}},{"hash":"790a82036d0ee031e017c528b75f756bd1df079c","isMergeCommit":false,"messageTitle":"Divide classes into command, task, storage, ui, exception, parser packages","messageBody":"","fileTypesAndContributionMap":{"java":{"insertions":104,"deletions":15}}},{"hash":"b298a6781f9a3fb3198d3c9b4dd2dfccbbcaeb28","isMergeCommit":true,"messageTitle":"Divide classes into task, command, parser, ui, storage, exception packages","messageBody":"","fileTypesAndContributionMap":{}}]},{"date":"2024-01-30","commitResults":[{"hash":"8671544c4ecf471b1b315a70390f6aaff33939fb","isMergeCommit":true,"messageTitle":"Merge branch \u0027add-gradle-support\u0027 of https://github.com/vnnamng/ip","messageBody":"","fileTypesAndContributionMap":{}},{"hash":"22cb5b10ad0cdf9a2e18692990b6a928d0aa135a","isMergeCommit":false,"messageTitle":"Fix package problem with Duke Class not in duke folder","messageBody":"","tags":["A-Packages"],"fileTypesAndContributionMap":{"java":{"insertions":2,"deletions":0}}},{"hash":"7f1a9625137429f8ef80cbd1501649db759bb543","isMergeCommit":false,"messageTitle":"Changing to correct main class for gradle","messageBody":"","fileTypesAndContributionMap":{"gradle":{"insertions":1,"deletions":1}}},{"hash":"8ddd17cb95975caac7642094db7e9cdd9d0070e8","isMergeCommit":false,"messageTitle":"Add dummy tests to check for gradle test","messageBody":"","tags":["A-Gradle"],"fileTypesAndContributionMap":{"java":{"insertions":17,"deletions":0}}},{"hash":"4e30f96bb074420e1feb36c1bfea1cbcb29db045","isMergeCommit":false,"messageTitle":"Add some Unit Test for Parser, Storage and TaskList","messageBody":"","tags":["A-JUnit"],"fileTypesAndContributionMap":{"java":{"insertions":155,"deletions":21}}},{"hash":"3946d4f8739e734a294a6dfc0d081efe464cce47","isMergeCommit":false,"messageTitle":"Add archieve version for gradle build","messageBody":"","tags":["A-Jar"],"fileTypesAndContributionMap":{"gradle":{"insertions":1,"deletions":0}}},{"hash":"b45a4423f146a36bc4c7ef9f3e36bdb4e0aad455","isMergeCommit":false,"messageTitle":"Clean unused import in .command and fix execute in AddCommand","messageBody":"","fileTypesAndContributionMap":{"java":{"insertions":5,"deletions":13}}},{"hash":"f5cca43d684fcc25691c13a2e050d92c3c10451f","isMergeCommit":false,"messageTitle":"Change error handler towards Main Class for loading data to follow CodingStandard","messageBody":"","fileTypesAndContributionMap":{"java":{"insertions":38,"deletions":30}}},{"hash":"62eb99df19fd009d87b5843bab4a253cada59138","isMergeCommit":false,"messageTitle":"Add JavaDoc for Parser.java","messageBody":"","fileTypesAndContributionMap":{"java":{"insertions":42,"deletions":0}}},{"hash":"0f6e3dc0a669680e0b923589f07604b76975de65","isMergeCommit":false,"messageTitle":"Add JavaDoc for Storage.java","messageBody":"","fileTypesAndContributionMap":{"java":{"insertions":17,"deletions":1}}},{"hash":"f06f8d7036a89f86887569031b48f7789d641814","isMergeCommit":false,"messageTitle":"Add JavaDoc for Ui","messageBody":"","fileTypesAndContributionMap":{"java":{"insertions":42,"deletions":3}}},{"hash":"0e0917fb7d7c0510c78092a4164335100a9cf365","isMergeCommit":false,"messageTitle":"Add JavaDoc to duke.task.Task and duke.task.TaskList","messageBody":"","fileTypesAndContributionMap":{"java":{"insertions":70,"deletions":4}}},{"hash":"d2ca13224ccb99caf238e6ab9eb47ed9e59ad52b","isMergeCommit":false,"messageTitle":"Add full-stop to all JavaDoc in Parser, Storage and Ui","messageBody":"","fileTypesAndContributionMap":{"java":{"insertions":54,"deletions":54}}},{"hash":"b246c0086c20fa5eb00b42ac93deed65431dd205","isMergeCommit":false,"messageTitle":"Add JavaDoc to duke.command.* classes","messageBody":"","fileTypesAndContributionMap":{"java":{"insertions":12,"deletions":33}}},{"hash":"c32e54efb08bdf5ef72e771da968a6daa88768fb","isMergeCommit":false,"messageTitle":"Add Working Find Command into the ChatBot","messageBody":"","fileTypesAndContributionMap":{"java":{"insertions":64,"deletions":0}}},{"hash":"5cc60c4ed57389c1f375db9af9d52d06db78836f","isMergeCommit":true,"messageTitle":"Add Find Feature into ChatBot for Level-9","messageBody":"","tags":["Level-9"],"fileTypesAndContributionMap":{}},{"hash":"81066f16cd4c405f14b89880063add10bc6294f7","isMergeCommit":true,"messageTitle":"Add JavaDoc to most classes in the package","messageBody":"","tags":["A-JavaDoc"],"fileTypesAndContributionMap":{}},{"hash":"4c0bc67da0cd0efa8cbbf68e14d896b260b64a36","isMergeCommit":true,"messageTitle":"Fix some lines to adhere to Java Coding Standard","messageBody":"","tags":["A-CodingStandard"],"fileTypesAndContributionMap":{}}]},{"date":"2024-02-12","commitResults":[{"hash":"7bd98d210a2478433f14881dab59552bcf02c74f","isMergeCommit":false,"messageTitle":"Change all Ui related command to return String from void","messageBody":"","fileTypesAndContributionMap":{"java":{"insertions":72,"deletions":63}}},{"hash":"dc403f0ad03e38b4d81e9183eca62c1db9544c58","isMergeCommit":false,"messageTitle":"Add build setting for JavaFX","messageBody":"","fileTypesAndContributionMap":{"gradle":{"insertions":19,"deletions":0}}},{"hash":"2944a1801cb40415bfb5d18a5c181657a0598b9a","isMergeCommit":false,"messageTitle":"Add GUI for the ChatBot","messageBody":"","fileTypesAndContributionMap":{"gradle":{"insertions":2,"deletions":2},"fxml":{"insertions":35,"deletions":0},"java":{"insertions":199,"deletions":8}}},{"hash":"968fcd103a30b6c9a47b40e7f2bd38d23c9f5f2b","isMergeCommit":false,"messageTitle":"Customize ChatBot GUI with new PFP and fonts","messageBody":"","fileTypesAndContributionMap":{"fxml":{"insertions":10,"deletions":2},"java":{"insertions":2,"deletions":2}}},{"hash":"3e0db50a38eec5accb928fbdab44e7eab2b17e5a","isMergeCommit":true,"messageTitle":"Add GUI for the ChatBot","messageBody":"","tags":["Level-10"],"fileTypesAndContributionMap":{}}]},{"date":"2024-02-18","commitResults":[{"hash":"eaa0195d9014ed19a1663000287a788c2456b41a","isMergeCommit":false,"messageTitle":"Add Assertions inside TaskList and Parser","messageBody":"Assert is a good way to check for logical error inside your code, besides unit testing\n\nAdd Assert after methods call from another class\n\nin case there are changes in another classes that cause regression\n\nAssertions are unfun and I deem it might not be neccessary\n","fileTypesAndContributionMap":{"gradle":{"insertions":1,"deletions":0},"java":{"insertions":9,"deletions":0}}},{"hash":"b56edd87d8ba104e89d3e496d2f4bdb37237e2fb","isMergeCommit":false,"messageTitle":"Ensure Code Quality throughout the code base","messageBody":"The code written has some code quality issues: lack of comments\nand redundent codes\n\nSuch code quality is not good for our project\n\nhence, more comments has been added to further explain, and method has\nbeen extracted to avoid code duplication\n\nThis is standard way of doing things\n\nP/S I do not like doing this~\n","fileTypesAndContributionMap":{"java":{"insertions":27,"deletions":16}}},{"hash":"2cab2c32443ae3851c836c2b536495151b421333","isMergeCommit":true,"messageTitle":"Merge pull request #3 from vnnamng/branch-A-CodeQuality","messageBody":"Ensure Code Quality throughout the code base","tags":["A-CodeQuality"],"fileTypesAndContributionMap":{}},{"hash":"9bebc6a2901bb6df1e991300a26b8b3afb6c912d","isMergeCommit":true,"messageTitle":"Resolve merge conflict from master to branch-A-Assertions","messageBody":"","fileTypesAndContributionMap":{}},{"hash":"9431da236f37926e793cd2ec092dde395f1056d5","isMergeCommit":true,"messageTitle":"Merge pull request #2 from vnnamng/branch-A-Assertions","messageBody":"Add Assertions inside TaskList and Parser","tags":["A-Assertions"],"fileTypesAndContributionMap":{}},{"hash":"3a41e87c71a34049703691968549b8b0d9c43f9a","isMergeCommit":false,"messageTitle":"Fix dialog box not fully displayed","messageBody":"","fileTypesAndContributionMap":{"fxml":{"insertions":5,"deletions":6},"java":{"insertions":4,"deletions":1}}},{"hash":"519df32150fe41be572929943dede74a8fd1129a","isMergeCommit":false,"messageTitle":"Fix dialog box not fully displayed","messageBody":"Currently the dialog box when displaying a long list cannot show all the list item\n\nThis causes annoyances and missing information for the users\n\nChange the label into text, and use super(spacing) for Vbox to replace the padding originally use in label\n\nThis is due to Text is better than Label in handling such long list\n\nNo further relevant information.\n","tags":["A-FullCommitMessage"],"fileTypesAndContributionMap":{"fxml":{"insertions":5,"deletions":6},"java":{"insertions":4,"deletions":1}}},{"hash":"1d64bd73dd19ae3d82e549532359a0a9449629c3","isMergeCommit":false,"messageTitle":"Add not-yet-working Load and Archive Command","messageBody":"","fileTypesAndContributionMap":{"java":{"insertions":69,"deletions":0}}},{"hash":"eb847810cf7767424ec23158fa7ee9df98511644","isMergeCommit":false,"messageTitle":"Add archive functionality into the bot","messageBody":"","fileTypesAndContributionMap":{"java":{"insertions":25,"deletions":3}}},{"hash":"cf4076daca794a2a16041816b62cdbfd78bd236d","isMergeCommit":false,"messageTitle":"Add Load functionality for the ChatBot","messageBody":"","fileTypesAndContributionMap":{"java":{"insertions":123,"deletions":13}}},{"hash":"85a39553bff06f2d6a73451e5c854ddee64cd4af","isMergeCommit":true,"messageTitle":"Add Archive-related Commands into the ChatBot","messageBody":"The bot does not have archive-related command\n\nI add archive, load and archive_list command using nio.Files package mostly\n\nThe design is Java-friendly without 3rd party library\n\nNo further info.\n","tags":["BCD-Extension"],"fileTypesAndContributionMap":{}}]},{"date":"2024-02-20","commitResults":[{"hash":"c44a05e49bf4cdb165e5f88f40e0a9a35512184b","isMergeCommit":false,"messageTitle":"Refactor code to change all Duke reference to Paimon","messageBody":"","fileTypesAndContributionMap":{"gradle":{"insertions":3,"deletions":3},"fxml":{"insertions":1,"deletions":1},"java":{"insertions":111,"deletions":120}}},{"hash":"426066529a525ce8ce74cf7cf6354962b75795c9","isMergeCommit":false,"messageTitle":"Fix some formatting errors with JavaDocs","messageBody":"","fileTypesAndContributionMap":{"fxml":{"insertions":0,"deletions":1},"java":{"insertions":44,"deletions":64}}},{"hash":"c663686e146b4bfc5e4414bd9d58d19e2d6ba897","isMergeCommit":false,"messageTitle":"Add GUI Window Title","messageBody":"","fileTypesAndContributionMap":{"java":{"insertions":1,"deletions":0}}},{"hash":"1d02d36d58966c0e3792c9fead74dedf2e678b1b","isMergeCommit":false,"messageTitle":"Add customised Greeting for Chatbot GUI","messageBody":"","fileTypesAndContributionMap":{"fxml":{"insertions":1,"deletions":1},"java":{"insertions":19,"deletions":3}}},{"hash":"62b475ba216b6dbb2d2205b47e87e1383f82d54a","isMergeCommit":false,"messageTitle":"Add TextFlow to GUI to fix textwrapping issue","messageBody":"","fileTypesAndContributionMap":{"fxml":{"insertions":5,"deletions":2}}},{"hash":"8b6f66550319f792ca15f12c289c119ee4a71e8a","isMergeCommit":false,"messageTitle":"Improve on GUI Chat Dialog","messageBody":"","fileTypesAndContributionMap":{"fxml":{"insertions":1,"deletions":1},"java":{"insertions":8,"deletions":3}}},{"hash":"df7365c66f4f152b0bce2cc45ddf247000dda5d9","isMergeCommit":false,"messageTitle":"Add randomized Greetings and Farewells","messageBody":"","fileTypesAndContributionMap":{"java":{"insertions":8,"deletions":2}}},{"hash":"4c731ac3483f533fe37d414eb05c7a7e04aef391","isMergeCommit":false,"messageTitle":"Add README as user guide for the current chatbot","messageBody":"","fileTypesAndContributionMap":{"md":{"insertions":194,"deletions":16}}},{"hash":"79569d858e0915c89680ef7d2ffdb37b52510ff3","isMergeCommit":false,"messageTitle":"Fix some formatting issue in README user guide","messageBody":"","fileTypesAndContributionMap":{"md":{"insertions":37,"deletions":37}}},{"hash":"cd3e0576b9ac38b17a290c23d4f0933a4e0cbc9f","isMergeCommit":false,"messageTitle":"Fix some additional formatting inside README user guide","messageBody":"","fileTypesAndContributionMap":{"md":{"insertions":1,"deletions":0}}},{"hash":"22355ef7467ad1715e55491d117690fd938d13d7","isMergeCommit":false,"messageTitle":"Change markdown alert into tables due to GHPage not supporting.","messageBody":"","fileTypesAndContributionMap":{"md":{"insertions":11,"deletions":9}}},{"hash":"01683c270880307647f3bb7f20895c4de98e0684","isMergeCommit":false,"messageTitle":"Add a new line to fix format issue of README","messageBody":"","fileTypesAndContributionMap":{"md":{"insertions":1,"deletions":0}}},{"hash":"57df15b3d228267579d1094bfda74591cfc9cb27","isMergeCommit":false,"messageTitle":"Fix emoji issue with README","messageBody":"","fileTypesAndContributionMap":{"md":{"insertions":1,"deletions":1}}},{"hash":"03c909547815b5f7afc2683ebe5e2bde8d13a9d6","isMergeCommit":false,"messageTitle":"Add new line attempt to fix format issue on GHP","messageBody":"","fileTypesAndContributionMap":{"md":{"insertions":3,"deletions":0}}},{"hash":"fb086e5380397cd10df96841627dfee326bf980b","isMergeCommit":false,"messageTitle":"Revert back to normal alert for README","messageBody":"","fileTypesAndContributionMap":{"md":{"insertions":7,"deletions":13}}},{"hash":"e0ce4d2d90449c5437504242d00ccad8d1972ec5","isMergeCommit":false,"messageTitle":"Change order of warning and example in README","messageBody":"","tags":["A-UserGuide"],"fileTypesAndContributionMap":{"md":{"insertions":5,"deletions":3}}},{"hash":"37e0e9ba2794cd4bff9f5582807208d62e16cf69","isMergeCommit":false,"messageTitle":"Hotfix some left over duke code","messageBody":"","fileTypesAndContributionMap":{"java":{"insertions":10,"deletions":10}}},{"hash":"3a729c67d2df8676e77b897bd2f27785fcc917a8","isMergeCommit":false,"messageTitle":"Hotfix event command wrong order flag","messageBody":"","fileTypesAndContributionMap":{"java":{"insertions":8,"deletions":0}}}]}]},"authorFileTypeContributionMap":{"vnnamng":{"java":1543,"md":196,"fxml":44,"sh":5,"bat":1,"gradle":23,"txt":17}},"authorContributionVariance":{"vnnamng":108903.19},"authorDisplayNameMap":{"vnnamng":"CS2103-F08-2 NGUY.. NAM"}}
