{"authorDailyContributionsMap":{"maiyasaliha":[{"date":"2024-01-24","commitResults":[{"hash":"4125ca6600d3052feff38b7b7dab43700713f9b0","isMergeCommit":false,"messageTitle":"Level 0: Added Hi and Bye","messageBody":"","tags":["Level-0"],"fileTypesAndContributionMap":{"java":{"insertions":10,"deletions":10}}},{"hash":"59f2d6f3541438726323fc319fe11d8b3ce281fe","isMergeCommit":false,"messageTitle":"Level 1: Echoing complete","messageBody":"","tags":["Level-1"],"fileTypesAndContributionMap":{"java":{"insertions":20,"deletions":0}}},{"hash":"624a85f8599980715f0e314b63b1346c38e7cf91","isMergeCommit":false,"messageTitle":"Level 2: Add, List Completed","messageBody":"","tags":["Level-2"],"fileTypesAndContributionMap":{"java":{"insertions":40,"deletions":1}}},{"hash":"a554755f67fcf6ba322ee5d758c5cf219c0757ee","isMergeCommit":false,"messageTitle":"Task Class Created","messageBody":"","fileTypesAndContributionMap":{"java":{"insertions":23,"deletions":0}}},{"hash":"cc80195879e5ec7912fb37be7b8ea2a615906d4b","isMergeCommit":false,"messageTitle":"Level 3: Mark as Done","messageBody":"","tags":["Level-3"],"fileTypesAndContributionMap":{"java":{"insertions":31,"deletions":5}}},{"hash":"5f2361e47eaa268201e7b6f75700ea57a670a23e","isMergeCommit":false,"messageTitle":"Todo Class Created","messageBody":"","fileTypesAndContributionMap":{"java":{"insertions":10,"deletions":0}}},{"hash":"d2e73d0ce284617fc0b935698cc0a2925e3c8b93","isMergeCommit":false,"messageTitle":"Event Class Created","messageBody":"","fileTypesAndContributionMap":{"java":{"insertions":18,"deletions":0}}},{"hash":"84eb27d6dd8f8d5b30e59dcafc323a3b2f870dc9","isMergeCommit":false,"messageTitle":"Deadline Class Created","messageBody":"","fileTypesAndContributionMap":{"java":{"insertions":14,"deletions":0}}},{"hash":"e521ec4552af6d24b0d0111c417042429ddd43af","isMergeCommit":false,"messageTitle":"Todo Edited","messageBody":"","fileTypesAndContributionMap":{"java":{"insertions":1,"deletions":1}}},{"hash":"bd0eb4c0026b3ba453fd68d7ca947a7133e033f2","isMergeCommit":false,"messageTitle":"Level 4: ToDo, Event, Deadline Completed","messageBody":"","tags":["Level-4"],"fileTypesAndContributionMap":{"java":{"insertions":57,"deletions":9}}},{"hash":"8dbac8d2572ba0e088a20ea329c49118c9549320","isMergeCommit":false,"messageTitle":"KenException Created","messageBody":"","fileTypesAndContributionMap":{"java":{"insertions":5,"deletions":0}}},{"hash":"b42a5762e045bedc786884618278f1461c853d2d","isMergeCommit":false,"messageTitle":"Level 5: Handle Errors Completed","messageBody":"","tags":["Level-5"],"fileTypesAndContributionMap":{"java":{"insertions":19,"deletions":11}}},{"hash":"b0a35b090e21d94ba7fbec151d0911fef1b8d177","isMergeCommit":false,"messageTitle":"Level 6: Delete Completed","messageBody":"","tags":["Level-6"],"fileTypesAndContributionMap":{"java":{"insertions":30,"deletions":14}}},{"hash":"9b17aeeac5af6e93a66954cd264a9f3989aeb971","isMergeCommit":false,"messageTitle":"Automated Text UI Testing Complete","messageBody":"","tags":["A-TextUiTesting"],"fileTypesAndContributionMap":{"txt":{"insertions":5,"deletions":0},"bat":{"insertions":1,"deletions":1}}},{"hash":"73e7469d4d45c47a1fb35eb599c47ffc16572d5a","isMergeCommit":false,"messageTitle":"Bugs in bye Fixed","messageBody":"","fileTypesAndContributionMap":{"java":{"insertions":2,"deletions":1}}}]},{"date":"2024-01-30","commitResults":[{"hash":"1b3a7e0c5923588c33c782b888cb6f856691e5ca","isMergeCommit":false,"messageTitle":"Update Error message in Ken.java","messageBody":"","fileTypesAndContributionMap":{"java":{"insertions":1,"deletions":1}}}]},{"date":"2024-02-02","commitResults":[{"hash":"7cd5c4899b04cc59fab60c4762314b592236d636","isMergeCommit":false,"messageTitle":"Update Deadline, Event, Task, Todo to accomodate standardised writing and reading of task Update Ken to Store in and Read Tasks from data/ken Create data/ken.txt for storage","messageBody":"","fileTypesAndContributionMap":{"txt":{"insertions":3,"deletions":0},"java":{"insertions":90,"deletions":5}}},{"hash":"98e7fe89e2c1fcede7f89ccbb00b65febe1b2bdc","isMergeCommit":false,"messageTitle":"Update Ken to not throw error when data/ken.txt does not exist, create directory and work nicely","messageBody":"","fileTypesAndContributionMap":{"txt":{"insertions":0,"deletions":3},"java":{"insertions":35,"deletions":9}}},{"hash":"31ae8a260287f2b982ee930cb1b5fda198f82ece","isMergeCommit":true,"messageTitle":"Merge branch \u0027branch-Level-7\u0027","messageBody":"","tags":["Level-7"],"fileTypesAndContributionMap":{}},{"hash":"fe74cb1c55db7b08063e55e7ead4848d5f143d4d","isMergeCommit":false,"messageTitle":"Level 8: Update Deadline and Event to store Time in Time Format","messageBody":"","fileTypesAndContributionMap":{"txt":{"insertions":2,"deletions":0},"java":{"insertions":16,"deletions":10}}}]},{"date":"2024-02-03","commitResults":[{"hash":"61af9bdaf4785249755fb84ce373d5101447cf3c","isMergeCommit":true,"messageTitle":"Merge branch \u0027branch-Level-8\u0027","messageBody":"","tags":["Level-8"],"fileTypesAndContributionMap":{}},{"hash":"f7b8536b0ca2590ff237b5265a21b0151728ba14","isMergeCommit":false,"messageTitle":"Create Ui Class with user interacting messages","messageBody":"","fileTypesAndContributionMap":{"java":{"insertions":11,"deletions":0}}},{"hash":"278bb13013e1f5c1b7f18e5078421e81b90c6e72","isMergeCommit":false,"messageTitle":"Create TaskList Class to store tasks in list","messageBody":"","fileTypesAndContributionMap":{"java":{"insertions":125,"deletions":0}}},{"hash":"7125bfe88b519981333f38a41ae0c204424995c9","isMergeCommit":false,"messageTitle":"Create Storage Class to store and load tasks to and from harddrive","messageBody":"","fileTypesAndContributionMap":{"java":{"insertions":68,"deletions":0}}},{"hash":"faf468aa26d86b54b0aa4cf3e12c16b1459e85ff","isMergeCommit":false,"messageTitle":"Create Parser class to make sense of commands and get further info if needed","messageBody":"","fileTypesAndContributionMap":{"java":{"insertions":58,"deletions":0}}},{"hash":"238e8b72efec6e351b7275652673b9ae10878b6d","isMergeCommit":false,"messageTitle":"AMoreOOP: Separate all code in Ken to respective classes and integrate them back","messageBody":"","fileTypesAndContributionMap":{"java":{"insertions":22,"deletions":211}}},{"hash":"59cf57ce211222ceb1ed6d5a4a12ec0647753eb7","isMergeCommit":true,"messageTitle":"Merge branch \u0027branch-AMoreOOP\u0027","messageBody":"","tags":["A-MoreOOP"],"fileTypesAndContributionMap":{}},{"hash":"c9486c45990900c8764775ba52ff70561d3f14ac","isMergeCommit":false,"messageTitle":"A-Packages: Create packages Ken, task, ui, parser, storage","messageBody":"","fileTypesAndContributionMap":{"java":{"insertions":0,"deletions":0}}},{"hash":"56ca0f35c1cc3474546126f57f4a24f9a8784c5f","isMergeCommit":false,"messageTitle":"Update classes to accomodate packaging","messageBody":"","fileTypesAndContributionMap":{"txt":{"insertions":0,"deletions":2},"java":{"insertions":39,"deletions":11}}},{"hash":"ea659ad028fcae8c8c4a3d25ea127fc55b2eb908","isMergeCommit":true,"messageTitle":"Merge branch \u0027branch-A-Packages\u0027","messageBody":"","tags":["A-Packages"],"fileTypesAndContributionMap":{}},{"hash":"6514f16bf9f411d7cca33eea6fa4124e427a70b8","isMergeCommit":true,"messageTitle":"Merge branch \u0027add-gradle-support\u0027","messageBody":"","fileTypesAndContributionMap":{}},{"hash":"b32a12082da1fb944d32d4c3b8830e8fec1e89ab","isMergeCommit":false,"messageTitle":"A-Gradle: Gradle build","messageBody":"","tags":["A-Gradle"],"fileTypesAndContributionMap":{"gradle":{"insertions":1,"deletions":1}}},{"hash":"7ff9a2efb190ea7faa97f85df7def31bdd0ac9ef","isMergeCommit":false,"messageTitle":"Refactor package","messageBody":"","fileTypesAndContributionMap":{"java":{"insertions":0,"deletions":0}}},{"hash":"9cd3d946693c102b198e140d9fe58b4ed3498951","isMergeCommit":false,"messageTitle":"respective changes made in files due to package refactoring","messageBody":"","fileTypesAndContributionMap":{"txt":{"insertions":1,"deletions":0},"java":{"insertions":22,"deletions":24}}},{"hash":"4d277f7fec4bbd7cf3d65bfef48ed39acd46081e","isMergeCommit":false,"messageTitle":"created working jar","messageBody":"","fileTypesAndContributionMap":{"gradle":{"insertions":1,"deletions":1}}},{"hash":"b31b95e4617fda6c6e02a5663f30db9c8c7b107f","isMergeCommit":true,"messageTitle":"Merge branch \u0027branch-A-Jar\u0027","messageBody":"","tags":["A-Jar"],"fileTypesAndContributionMap":{}},{"hash":"1fbbdf05833b26f67ab200986bd0b4a0c33f6856","isMergeCommit":false,"messageTitle":"Add JavaDocs for all classes","messageBody":"JavaDocs has been added for all classes and all methods\n","fileTypesAndContributionMap":{"java":{"insertions":276,"deletions":5}}},{"hash":"fd097cfee849f3ae83ef3214ca976b3fe9c162e3","isMergeCommit":false,"messageTitle":"Add Finding feature Ken is now able to seek out tasks with keywords specified by user and displays them","messageBody":"","fileTypesAndContributionMap":{"java":{"insertions":43,"deletions":0}}},{"hash":"413ad62735c499853322f8e973ff7523eecbddab","isMergeCommit":false,"messageTitle":"Modify classes to comply with coding standard","messageBody":"Modify Storage, Task and TaskList to comply with coding standard. Everthing else is already according to coding standard.\n","fileTypesAndContributionMap":{"java":{"insertions":4,"deletions":3}}},{"hash":"6380c66a43a49af5e45685251947291ffdfa431f","isMergeCommit":true,"messageTitle":"Merge branch \u0027branch-Level-9\u0027","messageBody":"","tags":["Level-9"],"fileTypesAndContributionMap":{}},{"hash":"fbd589ce72e99c416904f7f86454317dd81ac85a","isMergeCommit":true,"messageTitle":"Merge branch \u0027branch-A-JavaDoc\u0027","messageBody":"# Conflicts:\n#\tsrc/main/java/Ken/task/Task.java\n#\tsrc/main/java/Ken/task/TaskList.java\n\nMerge conflict has been resolved to include changes from both branches.\n","tags":["A-JavaDoc"],"fileTypesAndContributionMap":{}},{"hash":"f3a3a4b6b83b72537a6c9035db4a16663ef77d44","isMergeCommit":true,"messageTitle":"Merge branch \u0027branch-A-CodingStandard\u0027","messageBody":"","tags":["A-CodingStandard"],"fileTypesAndContributionMap":{}}]},{"date":"2024-02-04","commitResults":[{"hash":"17311fac2cab7056440b9dfbb4d6f790f471c1d7","isMergeCommit":false,"messageTitle":"Create Test Classes","messageBody":"Test classes created to test methods in Ui and TaskList classes.\n\nThere are still some issues persisting:\nAlthough expected output and actual output is exactly the same, assert equals is failing for some cases.\nHave tried to overcome it by trimming white space, but have to take a look at it again.\n","tags":["A-JUnit"],"fileTypesAndContributionMap":{"java":{"insertions":82,"deletions":0}}}]},{"date":"2024-02-14","commitResults":[{"hash":"bc8264c8a0fa6d301717b25c912f59df40b2dd41","isMergeCommit":false,"messageTitle":"Add GUI GUI has been successfully added Still facing some issues with last part of Level-10 fxml and separating ken class into its constituents, will come back to that later","messageBody":"","tags":["Level-10"],"fileTypesAndContributionMap":{"gradle":{"insertions":15,"deletions":0},"txt":{"insertions":2,"deletions":1},"java":{"insertions":604,"deletions":130}}}]},{"date":"2024-02-16","commitResults":[{"hash":"4d9b09ce35d0d6bba3b38b25f1a85923aaeccecf","isMergeCommit":false,"messageTitle":"Update code to comply with Code Quality","messageBody":"There are several methods that print task for deadline and event that have date formatting in the method.\nExtracting out date formatting in printing methods and putting them in a separate method improves code quality.\n\nDeleting dead code also improves code quality.\n\nAs a step towards such improvement of code quality, let\u0027s extract all such methods into separate methods in their respective classes.\n\nDoing so will improve readability.\n","tags":["A-FullCommitMessage","A-CodeQuality"],"fileTypesAndContributionMap":{"gradle":{"insertions":2,"deletions":1},"txt":{"insertions":2,"deletions":0},"java":{"insertions":63,"deletions":16}}},{"hash":"2bcb2c7f9716119f3f0a6037720326c47cc08cb4","isMergeCommit":false,"messageTitle":"Add assertions","messageBody":"Using assert feature to document important assumptions that should hold at various points in the code.\nSuch as the by for deadline, from and to for event not being null.\n","tags":["A-Assertions"],"fileTypesAndContributionMap":{"java":{"insertions":3,"deletions":0}}},{"hash":"33cbca7153953952f9b87f07b5c1fdd2d406a8aa","isMergeCommit":true,"messageTitle":"Merge pull request #1 from maiyasaliha/branch-A-Assertions","messageBody":"Add assertions\r\n\r\nUsing assert feature to document important assumptions that should hold at various points in the code. Such as the by for deadline, from and to for event not being null.","fileTypesAndContributionMap":{}},{"hash":"72ba53bc34b0741df2e876e8f08d671b90035f01","isMergeCommit":true,"messageTitle":"Merge branch \u0027master\u0027 of https://github.com/maiyasaliha/ip","messageBody":"","fileTypesAndContributionMap":{}},{"hash":"1c389f3f8a1ebeecc627c43662b852c6730f291e","isMergeCommit":true,"messageTitle":"Merge branch \u0027branch-A-CodeQuality\u0027","messageBody":"","fileTypesAndContributionMap":{}},{"hash":"5e51b9427a4fbebf9fe00a764d22589b72afbde4","isMergeCommit":false,"messageTitle":"Delete Deadcode","messageBody":"Updated codebase to delete deadcode\n","fileTypesAndContributionMap":{"java":{"insertions":1,"deletions":22}}},{"hash":"311a9c51dbdc7bc50e7cc344dd1aba0c15ff2877","isMergeCommit":false,"messageTitle":"Add Help Feature","messageBody":"Added help command so that when users are unsure of what to do or how to use ken, they now have a command to use to get all details of possible commands available that they can give ken.\n","tags":["BCD-Extension"],"fileTypesAndContributionMap":{"java":{"insertions":40,"deletions":1}}},{"hash":"3aa9d098ca72954278537cdcfa07dba93642696c","isMergeCommit":true,"messageTitle":"Merge branch \u0027branch-A-BCDExtensions\u0027","messageBody":"","fileTypesAndContributionMap":{}},{"hash":"2f1d64fbae154dfb3d24d9b350a4054084e8d25c","isMergeCommit":false,"messageTitle":"Delete Deadcode","messageBody":"More deadcode deleted to imporve code quality\n","fileTypesAndContributionMap":{"java":{"insertions":3,"deletions":84}}},{"hash":"88f5b5382fd02ff85d60c00ee8f1c26414939f12","isMergeCommit":true,"messageTitle":"Merge branch \u0027branch-A-CodeQuality\u0027","messageBody":"# Conflicts:\n#\tsrc/main/java/Ken/ui/Ui.java\n","fileTypesAndContributionMap":{}}]},{"date":"2024-02-20","commitResults":[{"hash":"c00cd8bbcc297415391febf79af17ddfe53753e7","isMergeCommit":false,"messageTitle":"Update to include fxml files.","messageBody":"Ken was running solely on Ken.java.\nNow has been abstracted out to run on Main, MainWindow, DialogBox.\n\nAdd view and fxml files to contain design instead on java files.\n","fileTypesAndContributionMap":{"gradle":{"insertions":1,"deletions":1},"txt":{"insertions":4,"deletions":3},"fxml":{"insertions":50,"deletions":0},"java":{"insertions":78,"deletions":180}}},{"hash":"b93c7e147bf900bb7750e9a529ced2069da988c4","isMergeCommit":true,"messageTitle":"Merge branch \u0027branch-fxml\u0027","messageBody":"","tags":["A-Personality","A-BetterGui"],"fileTypesAndContributionMap":{}},{"hash":"8d9e1ae0cc782ed82296053eaf4cd14e0011bbd6","isMergeCommit":false,"messageTitle":"Remove unnecessary import statement.","messageBody":"","fileTypesAndContributionMap":{"fxml":{"insertions":0,"deletions":1}}},{"hash":"1f4fd41b2895b5e0dae4ce1c9de7f2e441996f73","isMergeCommit":false,"messageTitle":"Add Ui.png","messageBody":"Screenshot of Ui has been added.\n","fileTypesAndContributionMap":{"txt":{"insertions":0,"deletions":1}}}]},{"date":"2024-02-22","commitResults":[{"hash":"32dfee89a2458d2b7de30d500687e55578b8efcf","isMergeCommit":false,"messageTitle":"Update README.md","messageBody":"Update README.md to have more detail about Ken","fileTypesAndContributionMap":{"md":{"insertions":2,"deletions":2}}},{"hash":"3511d8240fa6f95a924e35da2c68405d92aa874c","isMergeCommit":false,"messageTitle":"Update User Guide","messageBody":"User Guide has been updated.\nNow includes all features of Ken and how to use Ken.\n","tags":["A-UserGuide"],"fileTypesAndContributionMap":{"txt":{"insertions":5,"deletions":2},"java":{"insertions":7,"deletions":7},"md":{"insertions":130,"deletions":13}}},{"hash":"8f7d75a451ccdcdfeff2a1b439e2ce0c1e5258f4","isMergeCommit":true,"messageTitle":"Merge branch \u0027master\u0027 of https://github.com/maiyasaliha/ip","messageBody":"# Conflicts:\n#\tdocs/README.md\n","fileTypesAndContributionMap":{}},{"hash":"cd63667f9a35bcb080c14ea12ebf042c8cba1b42","isMergeCommit":false,"messageTitle":"Update User Guide","messageBody":"User Guide has been updated.\nNow includes all commands to given ken.\nAnd outputs from ken.\n\nFull user guide with picture available.\n","fileTypesAndContributionMap":{"md":{"insertions":130,"deletions":13}}}]},{"date":"2024-02-23","commitResults":[{"hash":"c6349212e8be85e8a766ee263cba9180a38536a5","isMergeCommit":false,"messageTitle":"Update README","messageBody":"Updated README to have Leaving app fetaure as last.\nbuild.gradle modified to be able to get fat jar.\n\nTaskList modified to display additional error message.\nNow asks if help is required.\n","fileTypesAndContributionMap":{"gradle":{"insertions":1,"deletions":4},"txt":{"insertions":2,"deletions":4},"java":{"insertions":4,"deletions":4},"md":{"insertions":11,"deletions":11}}},{"hash":"b8ec7b4681b7237c5b4e8abdcd80d6092a22c301","isMergeCommit":false,"messageTitle":"Update Parser","messageBody":"Updated parser such that program now exits with a 1 second delay.\nNot as immeditae as it used to be now, easier to read bye message.\n","tags":["Ken-v0.2","A-Release"],"fileTypesAndContributionMap":{"java":{"insertions":21,"deletions":4}}}]},{"date":"2024-02-29","commitResults":[{"hash":"88584100d01093d74eb63e0bd2287c7e9070b332","isMergeCommit":false,"messageTitle":"Update code to follow coding standard.","messageBody":"Deleted some deadcode.\nAdded javadocs to more methods.\nUpdated J Unit test cases.\n","fileTypesAndContributionMap":{"txt":{"insertions":3,"deletions":2},"java":{"insertions":140,"deletions":67}}},{"hash":"cdba8fb2710fbb89ae8f2fd48d17da412282ba95","isMergeCommit":true,"messageTitle":"Merge branch \u0027branch-A-finalChanges\u0027","messageBody":"","fileTypesAndContributionMap":{}},{"hash":"f10588016ce21f406b11ea93f7bfd36638602c6d","isMergeCommit":false,"messageTitle":"Update DialogBox and README","messageBody":"Fixed bug in text wrapping, now user input nicely formats to next line.\nDoes not keep going in a straight line.\n\n Updated README to include fun features.\n","fileTypesAndContributionMap":{"txt":{"insertions":0,"deletions":1},"fxml":{"insertions":1,"deletions":4},"java":{"insertions":6,"deletions":4},"md":{"insertions":49,"deletions":0}}},{"hash":"60f0d5f39e660196d6202df5499a796b7cf28e3f","isMergeCommit":false,"messageTitle":"Finalise features","messageBody":"Updated mark and unmark to not be be able to double mark or unmark.\nNow they both only do it once.\nAnd have a different message when double marked or double unmarked.\n","fileTypesAndContributionMap":{"txt":{"insertions":1,"deletions":1},"java":{"insertions":24,"deletions":3}}},{"hash":"b6dfff5d52c5fece049dc7e667df448863590190","isMergeCommit":false,"messageTitle":"Update Ui.java","messageBody":"Updated seek to have different response where there are no mathing items in list.\nNow getDisplayMatchingTasksMessages gives different message where no tasks match.\n","fileTypesAndContributionMap":{"java":{"insertions":6,"deletions":2}}}]},{"date":"2024-03-01","commitResults":[{"hash":"588cfd4eeb33b753c76f6c109b3688061207ed08","isMergeCommit":false,"messageTitle":"Modify data/ken.txt","messageBody":"Git commits are violating the standard.\n\nMaking trivial changes to get latest 5 commits to follow standard.\n\nCommit 1.\n","fileTypesAndContributionMap":{"txt":{"insertions":0,"deletions":1}}},{"hash":"f141c238106667e42d610f2311eff5a3ab5f559b","isMergeCommit":false,"messageTitle":"Modify data/ken.txt","messageBody":"Git commits are violating the standard.\n\nMaking trivial changes to get latest 5 commits to follow standard.\n\nCommit 2.\n","fileTypesAndContributionMap":{"txt":{"insertions":1,"deletions":1}}},{"hash":"c8efe8f837da27b9672a6a902c947345ef43221c","isMergeCommit":false,"messageTitle":"Modify data/ken.txt","messageBody":"Git commits are violating the standard.\n\nMaking trivial changes to get latest 5 commits to follow standard.\n\nCommit 3.\n","fileTypesAndContributionMap":{"txt":{"insertions":1,"deletions":1}}},{"hash":"672e75d6d20efc491332f3333312eb1e3cd08763","isMergeCommit":false,"messageTitle":"Modify data/ken.txt","messageBody":"Git commits are violating the standard.\n\nMaking trivial changes to get latest 5 commits to follow standard.\n\nCommit 4.\n","fileTypesAndContributionMap":{"txt":{"insertions":1,"deletions":0}}},{"hash":"0000dddb9c6a5434c9490c9b2d31cd8c90db78f7","isMergeCommit":false,"messageTitle":"Modify data/ken.txt","messageBody":"Git commits are violating the standard.\n\nMaking trivial changes to get latest 5 commits to follow standard.\n\nCommit 5.\n","fileTypesAndContributionMap":{"txt":{"insertions":0,"deletions":1}}}]}]},"authorFileTypeContributionMap":{"maiyasaliha":{"java":1328,"md":168,"fxml":46,"sh":0,"bat":1,"gradle":17,"txt":6}},"authorContributionVariance":{"maiyasaliha":38328.668},"authorDisplayNameMap":{"maiyasaliha":"CS2103T-T12-1 P M ..LIHA"}}
