{"authorDailyContributionsMap":{"maiyasaliha":[{"date":"2024-01-24","commitResults":[{"hash":"4125ca6600d3052feff38b7b7dab43700713f9b0","isMergeCommit":false,"messageTitle":"Level 0: Added Hi and Bye","messageBody":"","tags":["Level-0"],"fileTypesAndContributionMap":{"java":{"insertions":10,"deletions":10}}},{"hash":"59f2d6f3541438726323fc319fe11d8b3ce281fe","isMergeCommit":false,"messageTitle":"Level 1: Echoing complete","messageBody":"","tags":["Level-1"],"fileTypesAndContributionMap":{"java":{"insertions":20,"deletions":0}}},{"hash":"624a85f8599980715f0e314b63b1346c38e7cf91","isMergeCommit":false,"messageTitle":"Level 2: Add, List Completed","messageBody":"","tags":["Level-2"],"fileTypesAndContributionMap":{"java":{"insertions":40,"deletions":1}}},{"hash":"a554755f67fcf6ba322ee5d758c5cf219c0757ee","isMergeCommit":false,"messageTitle":"Task Class Created","messageBody":"","fileTypesAndContributionMap":{"java":{"insertions":23,"deletions":0}}},{"hash":"cc80195879e5ec7912fb37be7b8ea2a615906d4b","isMergeCommit":false,"messageTitle":"Level 3: Mark as Done","messageBody":"","tags":["Level-3"],"fileTypesAndContributionMap":{"java":{"insertions":31,"deletions":5}}},{"hash":"5f2361e47eaa268201e7b6f75700ea57a670a23e","isMergeCommit":false,"messageTitle":"Todo Class Created","messageBody":"","fileTypesAndContributionMap":{"java":{"insertions":10,"deletions":0}}},{"hash":"d2e73d0ce284617fc0b935698cc0a2925e3c8b93","isMergeCommit":false,"messageTitle":"Event Class Created","messageBody":"","fileTypesAndContributionMap":{"java":{"insertions":18,"deletions":0}}},{"hash":"84eb27d6dd8f8d5b30e59dcafc323a3b2f870dc9","isMergeCommit":false,"messageTitle":"Deadline Class Created","messageBody":"","fileTypesAndContributionMap":{"java":{"insertions":14,"deletions":0}}},{"hash":"e521ec4552af6d24b0d0111c417042429ddd43af","isMergeCommit":false,"messageTitle":"Todo Edited","messageBody":"","fileTypesAndContributionMap":{"java":{"insertions":1,"deletions":1}}},{"hash":"bd0eb4c0026b3ba453fd68d7ca947a7133e033f2","isMergeCommit":false,"messageTitle":"Level 4: ToDo, Event, Deadline Completed","messageBody":"","tags":["Level-4"],"fileTypesAndContributionMap":{"java":{"insertions":57,"deletions":9}}},{"hash":"8dbac8d2572ba0e088a20ea329c49118c9549320","isMergeCommit":false,"messageTitle":"KenException Created","messageBody":"","fileTypesAndContributionMap":{"java":{"insertions":5,"deletions":0}}},{"hash":"b42a5762e045bedc786884618278f1461c853d2d","isMergeCommit":false,"messageTitle":"Level 5: Handle Errors Completed","messageBody":"","tags":["Level-5"],"fileTypesAndContributionMap":{"java":{"insertions":19,"deletions":11}}},{"hash":"b0a35b090e21d94ba7fbec151d0911fef1b8d177","isMergeCommit":false,"messageTitle":"Level 6: Delete Completed","messageBody":"","tags":["Level-6"],"fileTypesAndContributionMap":{"java":{"insertions":30,"deletions":14}}}]}]},"authorFileTypeContributionMap":{"maiyasaliha":{"java":237,"md":0,"fxml":0,"sh":0,"bat":0,"gradle":0,"txt":0}},"authorContributionVariance":{"maiyasaliha":15033.472},"authorDisplayNameMap":{"maiyasaliha":"P M ..LIHA"}}
