{"authorDailyContributionsMap":{"darryl-chan":[{"date":"2024-01-20","commitResults":[{"hash":"de298e871ba90627c52192be28a8436bdfe866b3","isMergeCommit":false,"messageTitle":"Testing git","messageBody":"","fileTypesAndContributionMap":{"java":{"insertions":6,"deletions":0}}}]},{"date":"2024-01-21","commitResults":[{"hash":"e795097a97d877663b4f819fa9db929917e47570","isMergeCommit":false,"messageTitle":"Level 0","messageBody":"","fileTypesAndContributionMap":{"java":{"insertions":4,"deletions":6}}},{"hash":"39dce874c5f851c0265732123d2a7c92b6a52ff7","isMergeCommit":false,"messageTitle":"Added greet and goodbye","messageBody":"","fileTypesAndContributionMap":{"java":{"insertions":25,"deletions":0}}},{"hash":"f66c3460363381f3eb2a745b29850baa022d004f","isMergeCommit":false,"messageTitle":"Added background program for chatbot","messageBody":"","tags":["Level-0"],"fileTypesAndContributionMap":{"java":{"insertions":25,"deletions":0}}},{"hash":"c72db1e402d09bb8c321d2fa686b1fc93595b05f","isMergeCommit":false,"messageTitle":"Added echoing","messageBody":"","tags":["Level-1"],"fileTypesAndContributionMap":{"java":{"insertions":32,"deletions":5}}},{"hash":"eacab1763ce769cd1f967658c45f8ee04f2b19b2","isMergeCommit":false,"messageTitle":"Added List and its functions","messageBody":"","tags":["Level-2"],"fileTypesAndContributionMap":{"java":{"insertions":78,"deletions":10}}},{"hash":"26d57bbd4acced734dd4eb2f2eabb8155f77c0d8","isMergeCommit":false,"messageTitle":"Added tasks and task markers","messageBody":"","tags":["Level-3"],"fileTypesAndContributionMap":{"java":{"insertions":58,"deletions":4}}}]},{"date":"2024-01-22","commitResults":[{"hash":"dd5c42938b9b06f96d8337b499ba7299c68bb063","isMergeCommit":false,"messageTitle":"Added Todo, event, deadline","messageBody":"","fileTypesAndContributionMap":{"java":{"insertions":81,"deletions":6}}},{"hash":"cb74a9b52bf04bf4e70341f114f0cf517aa27ab6","isMergeCommit":false,"messageTitle":"Fixed display bugs for tasks","messageBody":"","tags":["Level-4"],"fileTypesAndContributionMap":{"java":{"insertions":9,"deletions":11}}},{"hash":"61ba503d6c77369bf98c25480c9025bc50c9b532","isMergeCommit":false,"messageTitle":"Added I/O testing","messageBody":"","tags":["A-TextUiTesting"],"fileTypesAndContributionMap":{"txt":{"insertions":6,"deletions":0},"bat":{"insertions":21,"deletions":0}}},{"hash":"e865f363b74afa641985fc0600b9f278a0e9fe96","isMergeCommit":false,"messageTitle":"Added some exception handling","messageBody":"","tags":["Level-5"],"fileTypesAndContributionMap":{"java":{"insertions":87,"deletions":30}}},{"hash":"4be75490af2aaa2083e44bd6cbf0de2678fe0b81","isMergeCommit":false,"messageTitle":"Added a delete function","messageBody":"","tags":["Level-6"],"fileTypesAndContributionMap":{"java":{"insertions":16,"deletions":4}}}]},{"date":"2024-01-25","commitResults":[{"hash":"3ac916c414a98a6ac001faffa5e13fd3eed3d76e","isMergeCommit":false,"messageTitle":"Updated Linus logo","messageBody":"","fileTypesAndContributionMap":{"java":{"insertions":7,"deletions":5}}},{"hash":"195bb8f81e07ccaf98f265974de81e0705b88514","isMergeCommit":false,"messageTitle":"Added switch cases and refined error messeges","messageBody":"","fileTypesAndContributionMap":{"java":{"insertions":51,"deletions":42}}},{"hash":"6869dcafc3058bd4dbc291f367ac56a5ba53ecf8","isMergeCommit":false,"messageTitle":"Updated I/O","messageBody":"","fileTypesAndContributionMap":{"txt":{"insertions":4,"deletions":1}}},{"hash":"badd85553e6b65996274830f2f9d8ea743c8e9bf","isMergeCommit":false,"messageTitle":"combined mark and delete functions and cleaned code","messageBody":"","fileTypesAndContributionMap":{"java":{"insertions":22,"deletions":25}}},{"hash":"aeab9107c78ffe0344ae7376bccf391418e5ebe5","isMergeCommit":false,"messageTitle":"Added switch cases for event creation","messageBody":"","fileTypesAndContributionMap":{"java":{"insertions":57,"deletions":37}}},{"hash":"e06eb9901396af60372b7153e1ec52e259cb36c1","isMergeCommit":true,"messageTitle":"Merge pull request #1 from darryl-chan/better-user-input-function","messageBody":"Added switch cases and better exception handling","fileTypesAndContributionMap":{}}]},{"date":"2024-01-30","commitResults":[{"hash":"4eb14da504dd4416a7292f1a408012186e52f158","isMergeCommit":false,"messageTitle":"Added saving file function","messageBody":"","fileTypesAndContributionMap":{"txt":{"insertions":3,"deletions":0},"java":{"insertions":52,"deletions":2}}},{"hash":"4aeb47d118a547e59f8c347fcea012b701ec32cc","isMergeCommit":false,"messageTitle":"Added string split","messageBody":"","fileTypesAndContributionMap":{"java":{"insertions":74,"deletions":4}}},{"hash":"4e314cffeca4e3433bee167857f6915caad34e29","isMergeCommit":false,"messageTitle":"Added load file function and dealing with corrupted file","messageBody":"","fileTypesAndContributionMap":{"txt":{"insertions":3,"deletions":3},"java":{"insertions":19,"deletions":22}}},{"hash":"740dc5a1a3f8c8e42f344c1fda6699c39b74e578","isMergeCommit":true,"messageTitle":"Merge branch \u0027branch-Level-7\u0027","messageBody":"","tags":["Level-7"],"fileTypesAndContributionMap":{}},{"hash":"72b0ce977ee4a5ac1fd3455cfe637e275763f7ab","isMergeCommit":false,"messageTitle":"Added date time functions","messageBody":"","fileTypesAndContributionMap":{"txt":{"insertions":0,"deletions":3},"java":{"insertions":44,"deletions":15}}},{"hash":"f641ec2f7f1d0d6b6c9f511a969338fd2052316e","isMergeCommit":false,"messageTitle":"added save format","messageBody":"","fileTypesAndContributionMap":{"java":{"insertions":22,"deletions":2}}},{"hash":"ec67f7f423e8aa0986e775fca05d8178c9a068c9","isMergeCommit":false,"messageTitle":"Created save file format in tasks","messageBody":"","fileTypesAndContributionMap":{"java":{"insertions":7,"deletions":4}}},{"hash":"eace114416d77b1afb8f4ef2ef5325b10ace771f","isMergeCommit":false,"messageTitle":"Edited saving file format","messageBody":"","fileTypesAndContributionMap":{"txt":{"insertions":6,"deletions":0},"java":{"insertions":27,"deletions":26}}},{"hash":"1c9c2efb8e1a3d8837587296357ff2799114bc3e","isMergeCommit":false,"messageTitle":"Moved duplicated codes in deadline and event to datetask","messageBody":"","fileTypesAndContributionMap":{"txt":{"insertions":2,"deletions":0},"java":{"insertions":13,"deletions":20}}},{"hash":"3d26ac16f0b501e49ff22a86cb7edcc1bb8b33ca","isMergeCommit":false,"messageTitle":"Changed the format of how the dates printed","messageBody":"","fileTypesAndContributionMap":{"java":{"insertions":2,"deletions":2}}},{"hash":"7c9b05be01b8380fa76b9a48d7f07365fa6e164d","isMergeCommit":false,"messageTitle":"edited linus.txt","messageBody":"","fileTypesAndContributionMap":{"txt":{"insertions":5,"deletions":3}}},{"hash":"f4ad884ddc96eb664632f16964dc558becf993cc","isMergeCommit":true,"messageTitle":"Merge branch \u0027branch-level-8\u0027","messageBody":"","tags":["Level-8"],"fileTypesAndContributionMap":{}},{"hash":"dd2b88298caf4fd0b38c66ee50f7930e00e2ba28","isMergeCommit":false,"messageTitle":"Changed PrintList to Ui","messageBody":"","fileTypesAndContributionMap":{"txt":{"insertions":2,"deletions":0},"java":{"insertions":60,"deletions":58}}},{"hash":"04b69621ab932354c31ba1eb0c2ebe584583f8f9","isMergeCommit":false,"messageTitle":"Moved some prints to UI","messageBody":"","fileTypesAndContributionMap":{"txt":{"insertions":1,"deletions":1},"java":{"insertions":18,"deletions":17}}},{"hash":"73105fe0f76eb831a125337480a47c2bf4801f3f","isMergeCommit":false,"messageTitle":"cleaned code","messageBody":"","fileTypesAndContributionMap":{"txt":{"insertions":2,"deletions":0},"java":{"insertions":8,"deletions":13}}}]},{"date":"2024-01-31","commitResults":[{"hash":"7af837a05ebd5f7113ba846abd2335aa07947620","isMergeCommit":false,"messageTitle":"Moved programs to duke and tasks","messageBody":"","tags":["A-Packages"],"fileTypesAndContributionMap":{"java":{"insertions":24,"deletions":0}}},{"hash":"f33b31b9e240cd0d8938a188d488698eb3a9d716","isMergeCommit":false,"messageTitle":"Added to packages","messageBody":"","fileTypesAndContributionMap":{"txt":{"insertions":1,"deletions":0},"java":{"insertions":12,"deletions":15}}},{"hash":"690da62bae996413f1c71d18ecdbf97ba9244cea","isMergeCommit":true,"messageTitle":"Merge branch \u0027add-gradle-support\u0027","messageBody":"","fileTypesAndContributionMap":{}},{"hash":"424e4050d7a9f13c38e97203bc4db8f2fcfb7620","isMergeCommit":false,"messageTitle":"Merged gradle support","messageBody":"","tags":["A-Gradle"],"fileTypesAndContributionMap":{"gradle":{"insertions":1,"deletions":1},"txt":{"insertions":0,"deletions":1}}},{"hash":"00b07c5f8153e463e4c821e1ea3bc052be0c986e","isMergeCommit":false,"messageTitle":"Added storage class","messageBody":"","fileTypesAndContributionMap":{"java":{"insertions":47,"deletions":0}}}]},{"date":"2024-02-01","commitResults":[{"hash":"af8b98d9ae25c6b91ea939981d37870460ecf126","isMergeCommit":false,"messageTitle":"Moved storage functions in program to storage","messageBody":"","fileTypesAndContributionMap":{"txt":{"insertions":0,"deletions":9},"java":{"insertions":138,"deletions":105}}},{"hash":"d9042fcedd5557da40915f5f75bec76f42a24b2d","isMergeCommit":false,"messageTitle":"Added commands for {BYE, LIST, MARK, UNMARK, DELETE}","messageBody":"","fileTypesAndContributionMap":{"txt":{"insertions":4,"deletions":0},"java":{"insertions":257,"deletions":83}}},{"hash":"fec677c1254af18db207b3b6c00585d0f75f61e7","isMergeCommit":false,"messageTitle":"Added Command classes","messageBody":"","fileTypesAndContributionMap":{"txt":{"insertions":0,"deletions":1},"java":{"insertions":157,"deletions":16}}},{"hash":"d37074d538cd90f3f7b21dbe6c20c4611dc67b3f","isMergeCommit":false,"messageTitle":"Moved tasklist methods to storage","messageBody":"","fileTypesAndContributionMap":{"txt":{"insertions":4,"deletions":1},"java":{"insertions":64,"deletions":229}}},{"hash":"5ee359fb20e61ad31a37e820583f7b037b5695af","isMergeCommit":false,"messageTitle":"Created package for Commands","messageBody":"","fileTypesAndContributionMap":{"txt":{"insertions":1,"deletions":0},"java":{"insertions":47,"deletions":12}}},{"hash":"a91ac7f4ce88554147a2622fb105aac7e26c086d","isMergeCommit":false,"messageTitle":"Added more exceptions and moved them to packages","messageBody":"","fileTypesAndContributionMap":{"txt":{"insertions":0,"deletions":3},"java":{"insertions":58,"deletions":33}}},{"hash":"5577354e4372a8df9b9727da4a7e9d049ebe5cce","isMergeCommit":true,"messageTitle":"Merge branch \u0027make-oop\u0027","messageBody":"","tags":["A-MoreOOP"],"fileTypesAndContributionMap":{}},{"hash":"eeae487f7bcfcb99583318f8b2a19532305af8d9","isMergeCommit":false,"messageTitle":"Moved TaskList to tasks","messageBody":"","fileTypesAndContributionMap":{"java":{"insertions":14,"deletions":14}}},{"hash":"aee6a42945d9278da87477b619e65e0b70a925b2","isMergeCommit":false,"messageTitle":"Renamed command folder to commands","messageBody":"","fileTypesAndContributionMap":{"java":{"insertions":19,"deletions":18}}}]},{"date":"2024-02-02","commitResults":[{"hash":"7f9b771cbc3cd56b289896bf2dc8e8117ba562e0","isMergeCommit":false,"messageTitle":"Added unit tests for TaskList, Task and DateTask and add toString method for TaskList","messageBody":"","tags":["A-Jar","A-JUnit"],"fileTypesAndContributionMap":{"txt":{"insertions":2,"deletions":0},"java":{"insertions":146,"deletions":0}}},{"hash":"bfe5f48e7dc735caf3bf60a5f20ca3dca6c74b7d","isMergeCommit":false,"messageTitle":"Added CommandFind","messageBody":"","fileTypesAndContributionMap":{"txt":{"insertions":1,"deletions":0},"java":{"insertions":41,"deletions":2}}},{"hash":"3f47bb37c2b573b951450f838d38abca15a012a3","isMergeCommit":false,"messageTitle":"Added javaDoc to commands","messageBody":"","fileTypesAndContributionMap":{"java":{"insertions":94,"deletions":2}}},{"hash":"af25dcd25ab984b2997dcc828dae773d507e295c","isMergeCommit":false,"messageTitle":"Added JavaDoc for exceptions","messageBody":"","fileTypesAndContributionMap":{"java":{"insertions":16,"deletions":0}}},{"hash":"7d41e4a733399aa03e7dcf689869e6e9f8e49a3d","isMergeCommit":false,"messageTitle":"Added JavaDoc for Tasks","messageBody":"","fileTypesAndContributionMap":{"java":{"insertions":126,"deletions":6}}},{"hash":"3212b0aa8bc6675368116cfad479a39672aa1297","isMergeCommit":false,"messageTitle":"Added JavaDocs to Duke, Parser, Storage, Ui","messageBody":"","fileTypesAndContributionMap":{"java":{"insertions":94,"deletions":15}}},{"hash":"68d86e95387ad1500e44aab6b07b03dcfa3040d5","isMergeCommit":false,"messageTitle":"Enforced checkstyle","messageBody":"","fileTypesAndContributionMap":{"java":{"insertions":3,"deletions":3}}},{"hash":"3d8c0d4b031fc277bec051ae47925c57e6aba72a","isMergeCommit":true,"messageTitle":"Merge branch \u0027branch-A-CodingStandard\u0027","messageBody":"","tags":["A-CodingStandard"],"fileTypesAndContributionMap":{}},{"hash":"21433c0a317598eb71cb9520ad0f29b7965bce9d","isMergeCommit":true,"messageTitle":"Merge branch \u0027branch-A-JavaDoc\u0027","messageBody":"","tags":["A-JavaDoc"],"fileTypesAndContributionMap":{}},{"hash":"4eae7bfb558aef45f7965c3af7cc6811e93a570f","isMergeCommit":false,"messageTitle":"Merged some conflicts","messageBody":"","fileTypesAndContributionMap":{"java":{"insertions":3,"deletions":3}}},{"hash":"b3a62fd06b45c1d8e3f9d05f2170ed19296c99a8","isMergeCommit":true,"messageTitle":"Merged conflicts","messageBody":"","tags":["Level-9"],"fileTypesAndContributionMap":{}}]},{"date":"2024-02-05","commitResults":[{"hash":"cf43630168ef169a916d7de4005bedd5f92b22a9","isMergeCommit":false,"messageTitle":"Updated gradle build to accomodate java.FX","messageBody":"","fileTypesAndContributionMap":{"gradle":{"insertions":13,"deletions":0}}},{"hash":"e6724c4323216b474a4f3f38b5fc71990aa99a44","isMergeCommit":false,"messageTitle":"Added base for GUI","messageBody":"","fileTypesAndContributionMap":{"fxml":{"insertions":35,"deletions":0},"java":{"insertions":294,"deletions":3}}},{"hash":"9ca038987c1078d80b9999295547954d3bf3fbd6","isMergeCommit":false,"messageTitle":"Fixed GUI bugs","messageBody":"","fileTypesAndContributionMap":{"gradle":{"insertions":1,"deletions":1},"fxml":{"insertions":1,"deletions":1},"java":{"insertions":97,"deletions":95}}},{"hash":"626d3b17f33c5f8538a87ea1d43a57322bc40af7","isMergeCommit":false,"messageTitle":"Added basic GUI response from Duke","messageBody":"","fileTypesAndContributionMap":{"java":{"insertions":44,"deletions":185}}}]},{"date":"2024-02-06","commitResults":[{"hash":"e73666ad9be70cf744d858d45c53a5f4445ed85d","isMergeCommit":false,"messageTitle":"Adjusted main window to be bigger and changed label to text area","messageBody":"","fileTypesAndContributionMap":{"fxml":{"insertions":13,"deletions":8},"java":{"insertions":4,"deletions":2}}},{"hash":"6ed6a42c58e1858608ba3755d9680c06ced5c499","isMergeCommit":false,"messageTitle":"Readded the option to load and save","messageBody":"","fileTypesAndContributionMap":{"txt":{"insertions":0,"deletions":1},"java":{"insertions":17,"deletions":54}}},{"hash":"6c3d7eb99ad3a958b0917a9b61372e94bc658b69","isMergeCommit":true,"messageTitle":"Merge branch \u0027Level-10\u0027","messageBody":"","tags":["Level-10"],"fileTypesAndContributionMap":{}}]},{"date":"2024-02-13","commitResults":[{"hash":"c8473c6620bc5ecf9b011984e0e1400478e3f379","isMergeCommit":false,"messageTitle":"Added assertions, to Parser.java and Storage.java to ensure there is a user input and ensure that directory exists","messageBody":"","fileTypesAndContributionMap":{"java":{"insertions":6,"deletions":0}}},{"hash":"1e55aa2f5f9ddef59ecc91a83e8129a22ee8b717","isMergeCommit":false,"messageTitle":"Improved code quality by refactoring many ui phrases in Commands and Tasks","messageBody":"","tags":["A-CodeQuality"],"fileTypesAndContributionMap":{"txt":{"insertions":2,"deletions":1},"java":{"insertions":175,"deletions":55}}},{"hash":"7b1e3f69f175d6dd0948a0aa6f86adc19d8207d8","isMergeCommit":true,"messageTitle":"Merge pull request #2 from darryl-chan/branch-A-Assertions","messageBody":"Add assertions to Parser.java and Storage.java ","fileTypesAndContributionMap":{}},{"hash":"b6a0afe091e02166641b77c71753b482e512fb77","isMergeCommit":true,"messageTitle":"Merge pull request #3 from darryl-chan/branch-A-CodeQuality","messageBody":"Improve code quality by refactoring methods many ui phrases in Commands and …","tags":["A-Assertions"],"fileTypesAndContributionMap":{}}]},{"date":"2024-02-14","commitResults":[{"hash":"4ef2bd6353738c3d67878bfd39e4d4c54946d136","isMergeCommit":false,"messageTitle":"Add sort for tasks by description, tasktypes, mark and dates","messageBody":"","tags":["BCD-Extension"],"fileTypesAndContributionMap":{"java":{"insertions":188,"deletions":4}}},{"hash":"19307fbf20e819ef2932a9757c6daf8da05cd910","isMergeCommit":true,"messageTitle":"Merge branch \u0027branch-C-Sort\u0027","messageBody":"","fileTypesAndContributionMap":{}},{"hash":"d5f30c108fb0a5ef9f5c2e1402ab0968cc95ec9a","isMergeCommit":false,"messageTitle":"Remove enums as the default case is not reached","messageBody":"","fileTypesAndContributionMap":{"java":{"insertions":13,"deletions":18}}},{"hash":"43eadca1720a18d93b1c27597a7c2c2ca7d43aa2","isMergeCommit":false,"messageTitle":"Remove enums as the default case is not reached","messageBody":"Parser: default case can never be reached because there is try catch\nblock that catches unknown inputs and making the code non-functional\n\nNow the enums commands have been removed and it relies on string inputs\nonly\n","fileTypesAndContributionMap":{"java":{"insertions":13,"deletions":18}}},{"hash":"b79818fe529e05aa3d0b58ec3b7706576136545c","isMergeCommit":false,"messageTitle":"Add new exceptions so that it is thrown instead of DukeCeption","messageBody":"Previously, unknown commands had no exception of their own and such DukeCeption was thrown instead which was not specific\n\nI have created a class to deal with unknown commands so that the method will throw UnknownCommandException instead\n","tags":["A-FullCommitMessage"],"fileTypesAndContributionMap":{"java":{"insertions":16,"deletions":3}}}]},{"date":"2024-02-18","commitResults":[{"hash":"23639180797439bf1d1a998233f97198c9aaf3f5","isMergeCommit":false,"messageTitle":"Add new images for Linus and User, cleaned the code abit and added new dialogue box at the start of the app","messageBody":"","fileTypesAndContributionMap":{"txt":{"insertions":1,"deletions":5},"java":{"insertions":129,"deletions":106}}},{"hash":"ebeeec5d071b8918f0270dcd150680ced88c3cc8","isMergeCommit":true,"messageTitle":"Merge branch \u0027A-Personality\u0027","messageBody":"","tags":["A-Personality"],"fileTypesAndContributionMap":{}},{"hash":"65c26d0932d734c5d68f2ba72abc23ebbdf4e18f","isMergeCommit":false,"messageTitle":"Rename Duke as Linus for all files","messageBody":"","fileTypesAndContributionMap":{"gradle":{"insertions":2,"deletions":2},"fxml":{"insertions":1,"deletions":1},"java":{"insertions":165,"deletions":170}}},{"hash":"a6ae0cc8d56ba0111cd081ee1d0b6517473de606","isMergeCommit":false,"messageTitle":"Remove unused imports in J-unit tests","messageBody":"","fileTypesAndContributionMap":{"java":{"insertions":0,"deletions":9}}}]},{"date":"2024-02-20","commitResults":[{"hash":"597cc7517fdd4cfbe6f1c572c7b58a18e6b9ae18","isMergeCommit":false,"messageTitle":"Revert text area to label as it wraps text better","messageBody":"","fileTypesAndContributionMap":{"fxml":{"insertions":18,"deletions":7},"java":{"insertions":17,"deletions":5}}},{"hash":"13fc962687c1bf182d4334d6a348c175fc656716","isMergeCommit":false,"messageTitle":"Remove redundant files","messageBody":"","fileTypesAndContributionMap":{"fxml":{"insertions":0,"deletions":16}}},{"hash":"4d6b46d96cfbb7221c7afa1835823e09568bdff5","isMergeCommit":false,"messageTitle":"Update README.md","messageBody":"","fileTypesAndContributionMap":{"md":{"insertions":8,"deletions":3}}},{"hash":"65bbf4906f3d12bd0f59834e6d88e65f2259efa3","isMergeCommit":false,"messageTitle":"Update README.md","messageBody":"","fileTypesAndContributionMap":{"md":{"insertions":84,"deletions":18}}},{"hash":"808e97a4676ac8c7788881fb06f1e3edffbd09a2","isMergeCommit":true,"messageTitle":"Merge pull request #5 from darryl-chan/darryl-chan-patch-1","messageBody":"Darryl chan patch 1","fileTypesAndContributionMap":{}},{"hash":"5cce6d95735dee48b39ba60fb825100565c0de02","isMergeCommit":false,"messageTitle":"Update code to follow coding standard","messageBody":"","fileTypesAndContributionMap":{"java":{"insertions":47,"deletions":47}}},{"hash":"0d485f393c14e9d3d5dcc34032db8734133942e4","isMergeCommit":false,"messageTitle":"Update gradle build","messageBody":"","fileTypesAndContributionMap":{"gradle":{"insertions":1,"deletions":1}}},{"hash":"202049a8b5c9efe93e7e495bef4fe3652f97ef81","isMergeCommit":false,"messageTitle":"Update readme file","messageBody":"","tags":["A-UserGuide"],"fileTypesAndContributionMap":{"md":{"insertions":84,"deletions":16}}},{"hash":"21a910263d33d30189ee8ad1ddeb2dff5ca76d09","isMergeCommit":false,"messageTitle":"Remove dead codes","messageBody":"","fileTypesAndContributionMap":{"java":{"insertions":1,"deletions":9}}}]},{"date":"2024-02-22","commitResults":[{"hash":"d8b45a0a9fe47ab3ebf4f08cc97642db489008a3","isMergeCommit":false,"messageTitle":"Fix ui bugs, create smaller window for smaller screens","messageBody":"","fileTypesAndContributionMap":{"txt":{"insertions":3,"deletions":3},"fxml":{"insertions":5,"deletions":5},"java":{"insertions":1,"deletions":1}}},{"hash":"d91ea24957534f49c1dd800ae6df775ceb6f2e73","isMergeCommit":true,"messageTitle":"Merge remote-tracking branch \u0027refs/remotes/origin/master\u0027","messageBody":"","fileTypesAndContributionMap":{}}]},{"date":"2024-02-23","commitResults":[{"hash":"315b0bb4dd54881b334bbce1f0ba56a50e321674","isMergeCommit":false,"messageTitle":"Fix printing out loading file when exit","messageBody":"","tags":["A-Release"],"fileTypesAndContributionMap":{"java":{"insertions":9,"deletions":2}}}]}]},"authorFileTypeContributionMap":{"darryl-chan":{"java":1782,"md":176,"fxml":35,"sh":0,"bat":21,"gradle":15,"txt":15}},"authorContributionVariance":{"darryl-chan":78639.586},"authorDisplayNameMap":{"darryl-chan":"CS2103-T14-1 DARR..CHAN"}}
