[{"path":"src/main/java/Deadlines.java","fileType":"java","lines":[{"lineNumber":1,"author":{"gitId":"Jaspertzx"},"content":"import java.io.EOFException;","lastModifiedDate":"2024-01-25"},{"lineNumber":2,"author":{"gitId":"Jaspertzx"},"content":"","lastModifiedDate":"2024-01-25"},{"lineNumber":3,"author":{"gitId":"Jaspertzx"},"content":"/**","lastModifiedDate":"2024-01-25"},{"lineNumber":4,"author":{"gitId":"Jaspertzx"},"content":" * Represents a Deadlines Task.","lastModifiedDate":"2024-01-25"},{"lineNumber":5,"author":{"gitId":"Jaspertzx"},"content":" * \u003cp\u003e","lastModifiedDate":"2024-01-25"},{"lineNumber":6,"author":{"gitId":"Jaspertzx"},"content":" * This class is the representation of a Deadlines task.","lastModifiedDate":"2024-01-25"},{"lineNumber":7,"author":{"gitId":"Jaspertzx"},"content":" * It extends from its parent class the Task class.","lastModifiedDate":"2024-01-25"},{"lineNumber":8,"author":{"gitId":"Jaspertzx"},"content":" */","lastModifiedDate":"2024-01-25"},{"lineNumber":9,"author":{"gitId":"Jaspertzx"},"content":"public class Deadlines extends Task {","lastModifiedDate":"2024-01-25"},{"lineNumber":10,"author":{"gitId":"Jaspertzx"},"content":"    private String end;","lastModifiedDate":"2024-01-25"},{"lineNumber":11,"author":{"gitId":"Jaspertzx"},"content":"","lastModifiedDate":"2024-01-25"},{"lineNumber":12,"author":{"gitId":"Jaspertzx"},"content":"    /**","lastModifiedDate":"2024-01-25"},{"lineNumber":13,"author":{"gitId":"Jaspertzx"},"content":"     * Creates a Deadlines object.","lastModifiedDate":"2024-01-25"},{"lineNumber":14,"author":{"gitId":"Jaspertzx"},"content":"     * Will call the super constructor with the task name variable.","lastModifiedDate":"2024-01-25"},{"lineNumber":15,"author":{"gitId":"Jaspertzx"},"content":"     *","lastModifiedDate":"2024-01-25"},{"lineNumber":16,"author":{"gitId":"Jaspertzx"},"content":"     * @param c The name of the task.","lastModifiedDate":"2024-01-25"},{"lineNumber":17,"author":{"gitId":"Jaspertzx"},"content":"     * @param end The end of the event.","lastModifiedDate":"2024-01-25"},{"lineNumber":18,"author":{"gitId":"Jaspertzx"},"content":"     */","lastModifiedDate":"2024-01-25"},{"lineNumber":19,"author":{"gitId":"Jaspertzx"},"content":"    public Deadlines(String c, String end) {","lastModifiedDate":"2024-01-25"},{"lineNumber":20,"author":{"gitId":"Jaspertzx"},"content":"        super(c);","lastModifiedDate":"2024-01-25"},{"lineNumber":21,"author":{"gitId":"Jaspertzx"},"content":"        this.end \u003d end.split(\"by \")[1];","lastModifiedDate":"2024-01-25"},{"lineNumber":22,"author":{"gitId":"Jaspertzx"},"content":"    }","lastModifiedDate":"2024-01-25"},{"lineNumber":23,"author":{"gitId":"Jaspertzx"},"content":"","lastModifiedDate":"2024-01-25"},{"lineNumber":24,"author":{"gitId":"Jaspertzx"},"content":"    /**","lastModifiedDate":"2024-01-25"},{"lineNumber":25,"author":{"gitId":"Jaspertzx"},"content":"     * Returns a string representation of this Deadlines.","lastModifiedDate":"2024-01-25"},{"lineNumber":26,"author":{"gitId":"Jaspertzx"},"content":"     * This includes an indicator that this is a Deadlines object.","lastModifiedDate":"2024-01-25"},{"lineNumber":27,"author":{"gitId":"Jaspertzx"},"content":"     * ","lastModifiedDate":"2024-01-25"},{"lineNumber":28,"author":{"gitId":"Jaspertzx"},"content":"     * @return a string representation of this Deadlines object.","lastModifiedDate":"2024-01-25"},{"lineNumber":29,"author":{"gitId":"Jaspertzx"},"content":"     */","lastModifiedDate":"2024-01-25"},{"lineNumber":30,"author":{"gitId":"Jaspertzx"},"content":"    @Override","lastModifiedDate":"2024-01-25"},{"lineNumber":31,"author":{"gitId":"Jaspertzx"},"content":"    public String toString() {","lastModifiedDate":"2024-01-25"},{"lineNumber":32,"author":{"gitId":"Jaspertzx"},"content":"        String s \u003d \"[D]\" + super.toString() +\"(by: \"+this.end+\")\";","lastModifiedDate":"2024-01-25"},{"lineNumber":33,"author":{"gitId":"Jaspertzx"},"content":"        return s;","lastModifiedDate":"2024-01-25"},{"lineNumber":34,"author":{"gitId":"Jaspertzx"},"content":"    }","lastModifiedDate":"2024-01-25"},{"lineNumber":35,"author":{"gitId":"Jaspertzx"},"content":"}","lastModifiedDate":"2024-01-25"}],"authorContributionMap":{"Jaspertzx":35}},{"path":"src/main/java/Duke.java","fileType":"java","lines":[{"lineNumber":1,"author":{"gitId":"Jaspertzx"},"content":"/**","lastModifiedDate":"2024-01-25"},{"lineNumber":2,"author":{"gitId":"Jaspertzx"},"content":" * The main user interface for the \"ChatBot\", promptly named BobBot.","lastModifiedDate":"2024-01-25"},{"lineNumber":3,"author":{"gitId":"Jaspertzx"},"content":" * \u003cp\u003e","lastModifiedDate":"2024-01-25"},{"lineNumber":4,"author":{"gitId":"Jaspertzx"},"content":" * This class is a front to manage user input, displaying the corresponding output, ","lastModifiedDate":"2024-01-25"},{"lineNumber":5,"author":{"gitId":"Jaspertzx"},"content":" * and managed the conditional statements for the prompting.","lastModifiedDate":"2024-01-25"},{"lineNumber":6,"author":{"gitId":"Jaspertzx"},"content":" */","lastModifiedDate":"2024-01-25"},{"lineNumber":7,"author":{"gitId":"Jaspertzx"},"content":"import java.util.Scanner;","lastModifiedDate":"2024-01-25"},{"lineNumber":8,"author":{"gitId":"Jaspertzx"},"content":"","lastModifiedDate":"2024-01-25"},{"lineNumber":9,"author":{"gitId":"-"},"content":"public class Duke {","lastModifiedDate":"2019-07-29"},{"lineNumber":10,"author":{"gitId":"Jaspertzx"},"content":"    public static void main(String[] args) throws DukeException {","lastModifiedDate":"2024-01-25"},{"lineNumber":11,"author":{"gitId":"Jaspertzx"},"content":"        Scanner reader \u003d new Scanner(System.in);","lastModifiedDate":"2024-01-25"},{"lineNumber":12,"author":{"gitId":"Jaspertzx"},"content":"        TaskStorage ts \u003d new TaskStorage();","lastModifiedDate":"2024-01-25"},{"lineNumber":13,"author":{"gitId":"Jaspertzx"},"content":"        Duke.intro();","lastModifiedDate":"2024-01-25"},{"lineNumber":14,"author":{"gitId":"Jaspertzx"},"content":"        ","lastModifiedDate":"2024-01-25"},{"lineNumber":15,"author":{"gitId":"Jaspertzx"},"content":"        String command \u003d reader.nextLine();","lastModifiedDate":"2024-01-25"},{"lineNumber":16,"author":{"gitId":"Jaspertzx"},"content":"        while (!command.equals(\"bye\")) {","lastModifiedDate":"2024-01-25"},{"lineNumber":17,"author":{"gitId":"Jaspertzx"},"content":"            if (command.equals(\"list\")) {","lastModifiedDate":"2024-01-25"},{"lineNumber":18,"author":{"gitId":"Jaspertzx"},"content":"                System.out.println(ts);","lastModifiedDate":"2024-01-25"},{"lineNumber":19,"author":{"gitId":"Jaspertzx"},"content":"            }","lastModifiedDate":"2024-01-25"},{"lineNumber":20,"author":{"gitId":"Jaspertzx"},"content":"            else {","lastModifiedDate":"2024-01-25"},{"lineNumber":21,"author":{"gitId":"Jaspertzx"},"content":"                String[] commandSplit \u003d command.split(\" \");","lastModifiedDate":"2024-01-25"},{"lineNumber":22,"author":{"gitId":"Jaspertzx"},"content":"                String commandType \u003d commandSplit[0];","lastModifiedDate":"2024-01-25"},{"lineNumber":23,"author":{"gitId":"Jaspertzx"},"content":"","lastModifiedDate":"2024-01-25"},{"lineNumber":24,"author":{"gitId":"Jaspertzx"},"content":"                try {","lastModifiedDate":"2024-01-25"},{"lineNumber":25,"author":{"gitId":"Jaspertzx"},"content":"                    if (commandType.equals(\"mark\")) {","lastModifiedDate":"2024-01-25"},{"lineNumber":26,"author":{"gitId":"Jaspertzx"},"content":"                        try {","lastModifiedDate":"2024-01-25"},{"lineNumber":27,"author":{"gitId":"Jaspertzx"},"content":"                            if (commandSplit.length !\u003d 2) {","lastModifiedDate":"2024-01-25"},{"lineNumber":28,"author":{"gitId":"Jaspertzx"},"content":"                                throw new DukeExceptionInvalidParameters(command);","lastModifiedDate":"2024-01-25"},{"lineNumber":29,"author":{"gitId":"Jaspertzx"},"content":"                            }","lastModifiedDate":"2024-01-25"},{"lineNumber":30,"author":{"gitId":"Jaspertzx"},"content":"                            int commandId \u003d Integer.parseInt(commandSplit[1]);","lastModifiedDate":"2024-01-25"},{"lineNumber":31,"author":{"gitId":"Jaspertzx"},"content":"                            if (commandId \u003e ts.size() || ts.size() \u003d\u003d 0) {","lastModifiedDate":"2024-01-25"},{"lineNumber":32,"author":{"gitId":"Jaspertzx"},"content":"                                throw new DukeExceptionInvalidNumbering(command, commandId);","lastModifiedDate":"2024-01-25"},{"lineNumber":33,"author":{"gitId":"Jaspertzx"},"content":"                            }","lastModifiedDate":"2024-01-25"},{"lineNumber":34,"author":{"gitId":"Jaspertzx"},"content":"                            System.out.println(\"Nicely done! I\u0027ve marked this task as done: \");","lastModifiedDate":"2024-01-25"},{"lineNumber":35,"author":{"gitId":"Jaspertzx"},"content":"                            System.out.println(ts.markTask(commandId, true));","lastModifiedDate":"2024-01-25"},{"lineNumber":36,"author":{"gitId":"Jaspertzx"},"content":"                            System.out.println(\"______________________________________\");","lastModifiedDate":"2024-01-25"},{"lineNumber":37,"author":{"gitId":"Jaspertzx"},"content":"                        } catch (NumberFormatException e) {","lastModifiedDate":"2024-01-25"},{"lineNumber":38,"author":{"gitId":"Jaspertzx"},"content":"                            System.out.println(\"Hey, stop that! Please enter a number for the Task ID.\");","lastModifiedDate":"2024-01-25"},{"lineNumber":39,"author":{"gitId":"Jaspertzx"},"content":"                            System.out.println(\"______________________________________\");","lastModifiedDate":"2024-01-25"},{"lineNumber":40,"author":{"gitId":"Jaspertzx"},"content":"                        }","lastModifiedDate":"2024-01-25"},{"lineNumber":41,"author":{"gitId":"Jaspertzx"},"content":"                         catch (Exception e) {","lastModifiedDate":"2024-01-25"},{"lineNumber":42,"author":{"gitId":"Jaspertzx"},"content":"                            System.out.println(e);","lastModifiedDate":"2024-01-25"},{"lineNumber":43,"author":{"gitId":"Jaspertzx"},"content":"                        }","lastModifiedDate":"2024-01-25"},{"lineNumber":44,"author":{"gitId":"Jaspertzx"},"content":"                    }","lastModifiedDate":"2024-01-25"},{"lineNumber":45,"author":{"gitId":"Jaspertzx"},"content":"                    else if (commandType.equals(\"unmark\")) {","lastModifiedDate":"2024-01-25"},{"lineNumber":46,"author":{"gitId":"Jaspertzx"},"content":"                        try {","lastModifiedDate":"2024-01-25"},{"lineNumber":47,"author":{"gitId":"Jaspertzx"},"content":"                            if (commandSplit.length !\u003d 2) {","lastModifiedDate":"2024-01-25"},{"lineNumber":48,"author":{"gitId":"Jaspertzx"},"content":"                                throw new DukeExceptionInvalidParameters(command);","lastModifiedDate":"2024-01-25"},{"lineNumber":49,"author":{"gitId":"Jaspertzx"},"content":"                            }","lastModifiedDate":"2024-01-25"},{"lineNumber":50,"author":{"gitId":"Jaspertzx"},"content":"                            int commandId \u003d Integer.parseInt(commandSplit[1]);","lastModifiedDate":"2024-01-25"},{"lineNumber":51,"author":{"gitId":"Jaspertzx"},"content":"                            if (commandId \u003e ts.size() || ts.size() \u003d\u003d 0) {","lastModifiedDate":"2024-01-25"},{"lineNumber":52,"author":{"gitId":"Jaspertzx"},"content":"                                throw new DukeExceptionInvalidNumbering(command, commandId);","lastModifiedDate":"2024-01-25"},{"lineNumber":53,"author":{"gitId":"Jaspertzx"},"content":"                            }","lastModifiedDate":"2024-01-25"},{"lineNumber":54,"author":{"gitId":"Jaspertzx"},"content":"                            System.out.println(\"Hey you! I\u0027ve marked this task as not done, yet: \");","lastModifiedDate":"2024-01-25"},{"lineNumber":55,"author":{"gitId":"Jaspertzx"},"content":"                            System.out.println(ts.markTask(commandId, false));","lastModifiedDate":"2024-01-25"},{"lineNumber":56,"author":{"gitId":"Jaspertzx"},"content":"                            System.out.println(\"______________________________________\");","lastModifiedDate":"2024-01-25"},{"lineNumber":57,"author":{"gitId":"Jaspertzx"},"content":"                        } catch (NumberFormatException e) {","lastModifiedDate":"2024-01-25"},{"lineNumber":58,"author":{"gitId":"Jaspertzx"},"content":"                            System.out.println(\"Hey, stop that! Please enter a number for the Task ID.\");","lastModifiedDate":"2024-01-25"},{"lineNumber":59,"author":{"gitId":"Jaspertzx"},"content":"                            System.out.println(\"______________________________________\");","lastModifiedDate":"2024-01-25"},{"lineNumber":60,"author":{"gitId":"Jaspertzx"},"content":"                        } catch (Exception e) {","lastModifiedDate":"2024-01-25"},{"lineNumber":61,"author":{"gitId":"Jaspertzx"},"content":"                            System.out.println(e);","lastModifiedDate":"2024-01-25"},{"lineNumber":62,"author":{"gitId":"Jaspertzx"},"content":"                        }","lastModifiedDate":"2024-01-25"},{"lineNumber":63,"author":{"gitId":"Jaspertzx"},"content":"                    }","lastModifiedDate":"2024-01-25"},{"lineNumber":64,"author":{"gitId":"Jaspertzx"},"content":"                    else if (commandType.equals(\"delete\")) {","lastModifiedDate":"2024-01-25"},{"lineNumber":65,"author":{"gitId":"Jaspertzx"},"content":"                        try {","lastModifiedDate":"2024-01-25"},{"lineNumber":66,"author":{"gitId":"Jaspertzx"},"content":"                            if (commandSplit.length !\u003d 2) {","lastModifiedDate":"2024-01-25"},{"lineNumber":67,"author":{"gitId":"Jaspertzx"},"content":"                                throw new DukeExceptionInvalidParameters(command);","lastModifiedDate":"2024-01-25"},{"lineNumber":68,"author":{"gitId":"Jaspertzx"},"content":"                            }","lastModifiedDate":"2024-01-25"},{"lineNumber":69,"author":{"gitId":"Jaspertzx"},"content":"                            int commandId \u003d Integer.parseInt(commandSplit[1]);","lastModifiedDate":"2024-01-25"},{"lineNumber":70,"author":{"gitId":"Jaspertzx"},"content":"                            if (commandId \u003e ts.size() || ts.size() \u003d\u003d 0) {","lastModifiedDate":"2024-01-25"},{"lineNumber":71,"author":{"gitId":"Jaspertzx"},"content":"                                throw new DukeExceptionInvalidNumbering(command, commandId);","lastModifiedDate":"2024-01-25"},{"lineNumber":72,"author":{"gitId":"-"},"content":"                            }","lastModifiedDate":"2019-07-29"},{"lineNumber":73,"author":{"gitId":"Jaspertzx"},"content":"                            System.out.println(\"Alright-o, I have deleted the following task:\");","lastModifiedDate":"2024-01-25"},{"lineNumber":74,"author":{"gitId":"Jaspertzx"},"content":"                            System.out.println(ts.removeTask(commandId));","lastModifiedDate":"2024-01-25"},{"lineNumber":75,"author":{"gitId":"Jaspertzx"},"content":"                            System.out.println(\"______________________________________\");","lastModifiedDate":"2024-01-25"},{"lineNumber":76,"author":{"gitId":"Jaspertzx"},"content":"                        } catch (NumberFormatException e) {","lastModifiedDate":"2024-01-25"},{"lineNumber":77,"author":{"gitId":"Jaspertzx"},"content":"                            System.out.println(\"Hey, stop that! Please enter a number for the Task ID.\");","lastModifiedDate":"2024-01-25"},{"lineNumber":78,"author":{"gitId":"Jaspertzx"},"content":"                            System.out.println(\"______________________________________\");","lastModifiedDate":"2024-01-25"},{"lineNumber":79,"author":{"gitId":"Jaspertzx"},"content":"                        } catch (Exception e) {","lastModifiedDate":"2024-01-25"},{"lineNumber":80,"author":{"gitId":"Jaspertzx"},"content":"                            System.out.println(e);","lastModifiedDate":"2024-01-25"},{"lineNumber":81,"author":{"gitId":"Jaspertzx"},"content":"                        }","lastModifiedDate":"2024-01-25"},{"lineNumber":82,"author":{"gitId":"Jaspertzx"},"content":"                    }","lastModifiedDate":"2024-01-25"},{"lineNumber":83,"author":{"gitId":"Jaspertzx"},"content":"                    else if (commandType.equals(\"deadline\")) {","lastModifiedDate":"2024-01-25"},{"lineNumber":84,"author":{"gitId":"Jaspertzx"},"content":"                        String[] newCommandSplit \u003d command.split(\"/\");","lastModifiedDate":"2024-01-25"},{"lineNumber":85,"author":{"gitId":"Jaspertzx"},"content":"                        String[] taskName \u003d newCommandSplit[0].split(\"deadline \");","lastModifiedDate":"2024-01-25"},{"lineNumber":86,"author":{"gitId":"Jaspertzx"},"content":"                        try {","lastModifiedDate":"2024-01-25"},{"lineNumber":87,"author":{"gitId":"Jaspertzx"},"content":"                            if (newCommandSplit.length !\u003d 2 || (newCommandSplit[1].split(\"by \").length !\u003d 2)) {","lastModifiedDate":"2024-01-25"},{"lineNumber":88,"author":{"gitId":"Jaspertzx"},"content":"                                throw new DukeExceptionInvalidParameters(command);","lastModifiedDate":"2024-01-25"},{"lineNumber":89,"author":{"gitId":"Jaspertzx"},"content":"                            }","lastModifiedDate":"2024-01-25"},{"lineNumber":90,"author":{"gitId":"Jaspertzx"},"content":"                            Task t \u003d new Deadlines(taskName[1], newCommandSplit[1]);","lastModifiedDate":"2024-01-25"},{"lineNumber":91,"author":{"gitId":"Jaspertzx"},"content":"                            ts.addTask(t);","lastModifiedDate":"2024-01-25"},{"lineNumber":92,"author":{"gitId":"Jaspertzx"},"content":"                            System.out.println(\"Gotchu! I\u0027ve added this deadline for you: \");","lastModifiedDate":"2024-01-25"},{"lineNumber":93,"author":{"gitId":"Jaspertzx"},"content":"                            System.out.println(t);","lastModifiedDate":"2024-01-25"},{"lineNumber":94,"author":{"gitId":"Jaspertzx"},"content":"                            System.out.println(\"You now have \" + ts.size() + \" tasks in the list.\");","lastModifiedDate":"2024-01-25"},{"lineNumber":95,"author":{"gitId":"Jaspertzx"},"content":"                            System.out.println(\"______________________________________\");","lastModifiedDate":"2024-01-25"},{"lineNumber":96,"author":{"gitId":"Jaspertzx"},"content":"                        } catch (ArrayIndexOutOfBoundsException e) {","lastModifiedDate":"2024-01-25"},{"lineNumber":97,"author":{"gitId":"Jaspertzx"},"content":"                        } catch (Exception e) {","lastModifiedDate":"2024-01-25"},{"lineNumber":98,"author":{"gitId":"Jaspertzx"},"content":"                            System.out.println(e);","lastModifiedDate":"2024-01-25"},{"lineNumber":99,"author":{"gitId":"Jaspertzx"},"content":"                        }","lastModifiedDate":"2024-01-25"},{"lineNumber":100,"author":{"gitId":"Jaspertzx"},"content":"                    }","lastModifiedDate":"2024-01-25"},{"lineNumber":101,"author":{"gitId":"Jaspertzx"},"content":"                    else if (commandType.equals(\"event\")) {","lastModifiedDate":"2024-01-25"},{"lineNumber":102,"author":{"gitId":"Jaspertzx"},"content":"                        String[] newCommandSplit \u003d command.split(\"/\");","lastModifiedDate":"2024-01-25"},{"lineNumber":103,"author":{"gitId":"Jaspertzx"},"content":"                        String[] taskName \u003d newCommandSplit[0].split(\"event \");","lastModifiedDate":"2024-01-25"},{"lineNumber":104,"author":{"gitId":"Jaspertzx"},"content":"                        try {","lastModifiedDate":"2024-01-25"},{"lineNumber":105,"author":{"gitId":"Jaspertzx"},"content":"                            int fromLength \u003d newCommandSplit[1].split(\"from \").length;","lastModifiedDate":"2024-01-25"},{"lineNumber":106,"author":{"gitId":"Jaspertzx"},"content":"                            int toLength \u003d newCommandSplit[2].split(\"to \").length;","lastModifiedDate":"2024-01-25"},{"lineNumber":107,"author":{"gitId":"Jaspertzx"},"content":"                            if (newCommandSplit.length !\u003d 3 || fromLength !\u003d 2 || toLength !\u003d 2) {","lastModifiedDate":"2024-01-25"},{"lineNumber":108,"author":{"gitId":"Jaspertzx"},"content":"                                throw new DukeExceptionInvalidParameters(command);","lastModifiedDate":"2024-01-25"},{"lineNumber":109,"author":{"gitId":"Jaspertzx"},"content":"                            }","lastModifiedDate":"2024-01-25"},{"lineNumber":110,"author":{"gitId":"Jaspertzx"},"content":"                            Task t \u003d new Events(taskName[1], newCommandSplit[1], newCommandSplit[2]);","lastModifiedDate":"2024-01-25"},{"lineNumber":111,"author":{"gitId":"Jaspertzx"},"content":"                            ts.addTask(t);","lastModifiedDate":"2024-01-25"},{"lineNumber":112,"author":{"gitId":"Jaspertzx"},"content":"                            System.out.println(\"Fun! I\u0027ve added this event for you: \");","lastModifiedDate":"2024-01-25"},{"lineNumber":113,"author":{"gitId":"Jaspertzx"},"content":"                            System.out.println(t);","lastModifiedDate":"2024-01-25"},{"lineNumber":114,"author":{"gitId":"Jaspertzx"},"content":"                            System.out.println(\"You now have \" + ts.size() + \" tasks in the list.\");","lastModifiedDate":"2024-01-25"},{"lineNumber":115,"author":{"gitId":"Jaspertzx"},"content":"                            System.out.println(\"______________________________________\");","lastModifiedDate":"2024-01-25"},{"lineNumber":116,"author":{"gitId":"Jaspertzx"},"content":"                        } catch (ArrayIndexOutOfBoundsException e) {","lastModifiedDate":"2024-01-25"},{"lineNumber":117,"author":{"gitId":"Jaspertzx"},"content":"                        } catch (Exception e) {","lastModifiedDate":"2024-01-25"},{"lineNumber":118,"author":{"gitId":"Jaspertzx"},"content":"                            System.out.println(e);","lastModifiedDate":"2024-01-25"},{"lineNumber":119,"author":{"gitId":"Jaspertzx"},"content":"                        }","lastModifiedDate":"2024-01-25"},{"lineNumber":120,"author":{"gitId":"Jaspertzx"},"content":"                    }","lastModifiedDate":"2024-01-25"},{"lineNumber":121,"author":{"gitId":"Jaspertzx"},"content":"                    else if (commandType.equals(\"todo\")) {","lastModifiedDate":"2024-01-25"},{"lineNumber":122,"author":{"gitId":"Jaspertzx"},"content":"                        String[] taskName \u003d command.split(\"todo \");","lastModifiedDate":"2024-01-25"},{"lineNumber":123,"author":{"gitId":"Jaspertzx"},"content":"                        try {","lastModifiedDate":"2024-01-25"},{"lineNumber":124,"author":{"gitId":"Jaspertzx"},"content":"                            if (taskName.length !\u003d 2) {","lastModifiedDate":"2024-01-25"},{"lineNumber":125,"author":{"gitId":"Jaspertzx"},"content":"                                throw new DukeExceptionInvalidParameters(command);","lastModifiedDate":"2024-01-25"},{"lineNumber":126,"author":{"gitId":"Jaspertzx"},"content":"                            }","lastModifiedDate":"2024-01-25"},{"lineNumber":127,"author":{"gitId":"Jaspertzx"},"content":"                            Task t \u003d new ToDo(taskName[1]);","lastModifiedDate":"2024-01-25"},{"lineNumber":128,"author":{"gitId":"Jaspertzx"},"content":"                            ts.addTask(t);","lastModifiedDate":"2024-01-25"},{"lineNumber":129,"author":{"gitId":"Jaspertzx"},"content":"                            System.out.println(\"Gotchu! I\u0027ve added this task: \");","lastModifiedDate":"2024-01-25"},{"lineNumber":130,"author":{"gitId":"Jaspertzx"},"content":"                            System.out.println(t);","lastModifiedDate":"2024-01-25"},{"lineNumber":131,"author":{"gitId":"Jaspertzx"},"content":"                            System.out.println(\"You now have \" + ts.size() + \" tasks in the list.\");","lastModifiedDate":"2024-01-25"},{"lineNumber":132,"author":{"gitId":"Jaspertzx"},"content":"                            System.out.println(\"______________________________________\");","lastModifiedDate":"2024-01-25"},{"lineNumber":133,"author":{"gitId":"Jaspertzx"},"content":"                        } catch (ArrayIndexOutOfBoundsException e) {","lastModifiedDate":"2024-01-25"},{"lineNumber":134,"author":{"gitId":"Jaspertzx"},"content":"                        } catch (Exception e) {","lastModifiedDate":"2024-01-25"},{"lineNumber":135,"author":{"gitId":"Jaspertzx"},"content":"                            System.out.println(e);","lastModifiedDate":"2024-01-25"},{"lineNumber":136,"author":{"gitId":"Jaspertzx"},"content":"                        }","lastModifiedDate":"2024-01-25"},{"lineNumber":137,"author":{"gitId":"Jaspertzx"},"content":"                    }","lastModifiedDate":"2024-01-25"},{"lineNumber":138,"author":{"gitId":"Jaspertzx"},"content":"                    else {","lastModifiedDate":"2024-01-25"},{"lineNumber":139,"author":{"gitId":"Jaspertzx"},"content":"                        throw new DukeExceptionInvalidCommand(command);","lastModifiedDate":"2024-01-25"},{"lineNumber":140,"author":{"gitId":"Jaspertzx"},"content":"                    }","lastModifiedDate":"2024-01-25"},{"lineNumber":141,"author":{"gitId":"Jaspertzx"},"content":"                } catch (ArrayIndexOutOfBoundsException e) {","lastModifiedDate":"2024-01-25"},{"lineNumber":142,"author":{"gitId":"Jaspertzx"},"content":"                } catch (Exception e) {","lastModifiedDate":"2024-01-25"},{"lineNumber":143,"author":{"gitId":"Jaspertzx"},"content":"                    System.out.println(e);","lastModifiedDate":"2024-01-25"},{"lineNumber":144,"author":{"gitId":"Jaspertzx"},"content":"                }","lastModifiedDate":"2024-01-25"},{"lineNumber":145,"author":{"gitId":"Jaspertzx"},"content":"            }","lastModifiedDate":"2024-01-25"},{"lineNumber":146,"author":{"gitId":"Jaspertzx"},"content":"            command \u003d reader.nextLine();","lastModifiedDate":"2024-01-25"},{"lineNumber":147,"author":{"gitId":"Jaspertzx"},"content":"        }","lastModifiedDate":"2024-01-25"},{"lineNumber":148,"author":{"gitId":"Jaspertzx"},"content":"        System.out.println(\"Bye. Hope to see you again soon!\");","lastModifiedDate":"2024-01-25"},{"lineNumber":149,"author":{"gitId":"Jaspertzx"},"content":"        reader.close();","lastModifiedDate":"2024-01-25"},{"lineNumber":150,"author":{"gitId":"-"},"content":"    }","lastModifiedDate":"2024-01-25"},{"lineNumber":151,"author":{"gitId":"Jaspertzx"},"content":"","lastModifiedDate":"2024-01-25"},{"lineNumber":152,"author":{"gitId":"Jaspertzx"},"content":"    /**","lastModifiedDate":"2024-01-25"},{"lineNumber":153,"author":{"gitId":"Jaspertzx"},"content":"     * Manages the startup script for the ChatBot. ","lastModifiedDate":"2024-01-25"},{"lineNumber":154,"author":{"gitId":"Jaspertzx"},"content":"     */","lastModifiedDate":"2024-01-25"},{"lineNumber":155,"author":{"gitId":"Jaspertzx"},"content":"    public static void intro() {","lastModifiedDate":"2024-01-25"},{"lineNumber":156,"author":{"gitId":"Jaspertzx"},"content":"        String logo \u003d \"  ____        _     ____        _   \\n\"","lastModifiedDate":"2024-01-25"},{"lineNumber":157,"author":{"gitId":"Jaspertzx"},"content":"            + \" |  _ \\\\      | |   |  _ \\\\      | |  \\n\"","lastModifiedDate":"2024-01-25"},{"lineNumber":158,"author":{"gitId":"Jaspertzx"},"content":"            + \" | |_) | ___ | |__ | |_) | ___ | |_ \\n\"","lastModifiedDate":"2024-01-25"},{"lineNumber":159,"author":{"gitId":"Jaspertzx"},"content":"            + \" |  _ \u003c / _ \\\\| \u0027_ \\\\|  _ \u003c / _ \\\\| __|\\n\"","lastModifiedDate":"2024-01-25"},{"lineNumber":160,"author":{"gitId":"Jaspertzx"},"content":"            + \" | |_) | (_) | |_) | |_) | (_) | |_ \\n\"","lastModifiedDate":"2024-01-25"},{"lineNumber":161,"author":{"gitId":"Jaspertzx"},"content":"            + \" |____/ \\\\___/|_.__/|____/ \\\\___/ \\\\__|\\n\";","lastModifiedDate":"2024-01-25"},{"lineNumber":162,"author":{"gitId":"Jaspertzx"},"content":"        System.out.println(\"Hellooo! I\u0027m \\n\" + logo);","lastModifiedDate":"2024-01-25"},{"lineNumber":163,"author":{"gitId":"Jaspertzx"},"content":"        System.out.println(\"As I am a Chatbot, I therefore have no arms.\");","lastModifiedDate":"2024-01-25"},{"lineNumber":164,"author":{"gitId":"Jaspertzx"},"content":"        System.out.println(\"Knock knock, who\u0027s there? Definitely not BobBot!\");","lastModifiedDate":"2024-01-25"},{"lineNumber":165,"author":{"gitId":"Jaspertzx"},"content":"        System.out.println(\"Jokes aside, what can I do for you?\");","lastModifiedDate":"2024-01-25"},{"lineNumber":166,"author":{"gitId":"Jaspertzx"},"content":"        System.out.println(\"______________________________________\");","lastModifiedDate":"2024-01-25"},{"lineNumber":167,"author":{"gitId":"Jaspertzx"},"content":"    }","lastModifiedDate":"2024-01-25"},{"lineNumber":168,"author":{"gitId":"Jaspertzx"},"content":"","lastModifiedDate":"2024-01-25"},{"lineNumber":169,"author":{"gitId":"-"},"content":"}","lastModifiedDate":"2019-07-29"}],"authorContributionMap":{"Jaspertzx":165,"-":4}},{"path":"src/main/java/DukeException.java","fileType":"java","lines":[{"lineNumber":1,"author":{"gitId":"Jaspertzx"},"content":"/**","lastModifiedDate":"2024-01-25"},{"lineNumber":2,"author":{"gitId":"Jaspertzx"},"content":" * Represents a generic exception for our Duke bot.","lastModifiedDate":"2024-01-25"},{"lineNumber":3,"author":{"gitId":"Jaspertzx"},"content":" * \u003cp\u003e","lastModifiedDate":"2024-01-25"},{"lineNumber":4,"author":{"gitId":"Jaspertzx"},"content":" * This class acts as a base for all specific Exception types.","lastModifiedDate":"2024-01-25"},{"lineNumber":5,"author":{"gitId":"Jaspertzx"},"content":" * It can be extended to create the corresponding Exception.","lastModifiedDate":"2024-01-25"},{"lineNumber":6,"author":{"gitId":"Jaspertzx"},"content":" */","lastModifiedDate":"2024-01-25"},{"lineNumber":7,"author":{"gitId":"Jaspertzx"},"content":"public class DukeException extends Exception {","lastModifiedDate":"2024-01-25"},{"lineNumber":8,"author":{"gitId":"Jaspertzx"},"content":"","lastModifiedDate":"2024-01-25"},{"lineNumber":9,"author":{"gitId":"Jaspertzx"},"content":"    /**","lastModifiedDate":"2024-01-25"},{"lineNumber":10,"author":{"gitId":"Jaspertzx"},"content":"     * Creates a Exception object.","lastModifiedDate":"2024-01-25"},{"lineNumber":11,"author":{"gitId":"Jaspertzx"},"content":"     * Will call the super constructor from the Java Exception object.","lastModifiedDate":"2024-01-25"},{"lineNumber":12,"author":{"gitId":"Jaspertzx"},"content":"     *","lastModifiedDate":"2024-01-25"},{"lineNumber":13,"author":{"gitId":"Jaspertzx"},"content":"     * @param message The error message of the Exception.","lastModifiedDate":"2024-01-25"},{"lineNumber":14,"author":{"gitId":"Jaspertzx"},"content":"     */","lastModifiedDate":"2024-01-25"},{"lineNumber":15,"author":{"gitId":"Jaspertzx"},"content":"    public DukeException(String message) {","lastModifiedDate":"2024-01-25"},{"lineNumber":16,"author":{"gitId":"Jaspertzx"},"content":"        super(message);","lastModifiedDate":"2024-01-25"},{"lineNumber":17,"author":{"gitId":"Jaspertzx"},"content":"    }","lastModifiedDate":"2024-01-25"},{"lineNumber":18,"author":{"gitId":"Jaspertzx"},"content":"","lastModifiedDate":"2024-01-25"},{"lineNumber":19,"author":{"gitId":"Jaspertzx"},"content":"    @Override","lastModifiedDate":"2024-01-25"},{"lineNumber":20,"author":{"gitId":"Jaspertzx"},"content":"    public String toString() {","lastModifiedDate":"2024-01-25"},{"lineNumber":21,"author":{"gitId":"Jaspertzx"},"content":"        return \"\\n______________________________________\";","lastModifiedDate":"2024-01-25"},{"lineNumber":22,"author":{"gitId":"Jaspertzx"},"content":"    }","lastModifiedDate":"2024-01-25"},{"lineNumber":23,"author":{"gitId":"Jaspertzx"},"content":"}","lastModifiedDate":"2024-01-25"}],"authorContributionMap":{"Jaspertzx":23}},{"path":"src/main/java/DukeExceptionInvalidCommand.java","fileType":"java","lines":[{"lineNumber":1,"author":{"gitId":"Jaspertzx"},"content":"/**","lastModifiedDate":"2024-01-25"},{"lineNumber":2,"author":{"gitId":"Jaspertzx"},"content":" * Represents a Invalid Command Exception for our Duke bot.","lastModifiedDate":"2024-01-25"},{"lineNumber":3,"author":{"gitId":"Jaspertzx"},"content":" * \u003cp\u003e","lastModifiedDate":"2024-01-25"},{"lineNumber":4,"author":{"gitId":"Jaspertzx"},"content":" * This exception should be thrown when we are unable to recognise our user\u0027s input, such as an unknown command etc.","lastModifiedDate":"2024-01-25"},{"lineNumber":5,"author":{"gitId":"Jaspertzx"},"content":" */","lastModifiedDate":"2024-01-25"},{"lineNumber":6,"author":{"gitId":"Jaspertzx"},"content":"public class DukeExceptionInvalidCommand extends DukeException {","lastModifiedDate":"2024-01-25"},{"lineNumber":7,"author":{"gitId":"Jaspertzx"},"content":"    ","lastModifiedDate":"2024-01-25"},{"lineNumber":8,"author":{"gitId":"Jaspertzx"},"content":"    /**","lastModifiedDate":"2024-01-25"},{"lineNumber":9,"author":{"gitId":"Jaspertzx"},"content":"     * Creates a DukeExceptionInvalidCommand object.","lastModifiedDate":"2024-01-25"},{"lineNumber":10,"author":{"gitId":"Jaspertzx"},"content":"     * Will call the super constructor from the DukeException object.","lastModifiedDate":"2024-01-25"},{"lineNumber":11,"author":{"gitId":"Jaspertzx"},"content":"     *","lastModifiedDate":"2024-01-25"},{"lineNumber":12,"author":{"gitId":"Jaspertzx"},"content":"     * @param m The error message of the Exception.","lastModifiedDate":"2024-01-25"},{"lineNumber":13,"author":{"gitId":"Jaspertzx"},"content":"     */","lastModifiedDate":"2024-01-25"},{"lineNumber":14,"author":{"gitId":"Jaspertzx"},"content":"    public DukeExceptionInvalidCommand(String m) {","lastModifiedDate":"2024-01-25"},{"lineNumber":15,"author":{"gitId":"Jaspertzx"},"content":"        super(m);","lastModifiedDate":"2024-01-25"},{"lineNumber":16,"author":{"gitId":"Jaspertzx"},"content":"    }","lastModifiedDate":"2024-01-25"},{"lineNumber":17,"author":{"gitId":"Jaspertzx"},"content":"","lastModifiedDate":"2024-01-25"},{"lineNumber":18,"author":{"gitId":"Jaspertzx"},"content":"    /**","lastModifiedDate":"2024-01-25"},{"lineNumber":19,"author":{"gitId":"Jaspertzx"},"content":"     * Returns a string representation of this DukeExceptionInvalidCommand.","lastModifiedDate":"2024-01-25"},{"lineNumber":20,"author":{"gitId":"Jaspertzx"},"content":"     * Includes a mini-help guide to tell the user the available commands.","lastModifiedDate":"2024-01-25"},{"lineNumber":21,"author":{"gitId":"Jaspertzx"},"content":"     * ","lastModifiedDate":"2024-01-25"},{"lineNumber":22,"author":{"gitId":"Jaspertzx"},"content":"     * @return a string representation of DukeExceptionInvalidCommand.","lastModifiedDate":"2024-01-25"},{"lineNumber":23,"author":{"gitId":"Jaspertzx"},"content":"     */","lastModifiedDate":"2024-01-25"},{"lineNumber":24,"author":{"gitId":"Jaspertzx"},"content":"    @Override","lastModifiedDate":"2024-01-25"},{"lineNumber":25,"author":{"gitId":"Jaspertzx"},"content":"    public String toString() {","lastModifiedDate":"2024-01-25"},{"lineNumber":26,"author":{"gitId":"Jaspertzx"},"content":"        return \"Hey! I don\u0027t know that command yet, I only recognize the following commands: \\n\" +","lastModifiedDate":"2024-01-25"},{"lineNumber":27,"author":{"gitId":"Jaspertzx"},"content":"        \"1. list \\n\" +","lastModifiedDate":"2024-01-25"},{"lineNumber":28,"author":{"gitId":"Jaspertzx"},"content":"        \"2. mark \u003cID number of task in list\u003e \\n\" +","lastModifiedDate":"2024-01-25"},{"lineNumber":29,"author":{"gitId":"Jaspertzx"},"content":"        \"3. unmark \u003cID number of task in list\u003e \\n\" +","lastModifiedDate":"2024-01-25"},{"lineNumber":30,"author":{"gitId":"Jaspertzx"},"content":"        \"4. delete \u003cID number of task in list\u003e \\n\" +","lastModifiedDate":"2024-01-25"},{"lineNumber":31,"author":{"gitId":"Jaspertzx"},"content":"        \"5. todo \u003cevent name\u003e \\n\" +","lastModifiedDate":"2024-01-25"},{"lineNumber":32,"author":{"gitId":"Jaspertzx"},"content":"        \"6. event \u003cevent name\u003e /from \u003cevent from date\u003e /to \u003cevent to date\u003e \\n\" +","lastModifiedDate":"2024-01-25"},{"lineNumber":33,"author":{"gitId":"Jaspertzx"},"content":"        \"7. deadline \u003cdeadline name\u003e /by \u003cdeadline date\u003e \\n\" +","lastModifiedDate":"2024-01-25"},{"lineNumber":34,"author":{"gitId":"Jaspertzx"},"content":"        \"8. bye\" + super.toString();","lastModifiedDate":"2024-01-25"},{"lineNumber":35,"author":{"gitId":"Jaspertzx"},"content":"    }","lastModifiedDate":"2024-01-25"},{"lineNumber":36,"author":{"gitId":"Jaspertzx"},"content":"}","lastModifiedDate":"2024-01-25"}],"authorContributionMap":{"Jaspertzx":36}},{"path":"src/main/java/DukeExceptionInvalidNumbering.java","fileType":"java","lines":[{"lineNumber":1,"author":{"gitId":"Jaspertzx"},"content":"/**","lastModifiedDate":"2024-01-25"},{"lineNumber":2,"author":{"gitId":"Jaspertzx"},"content":" * Represents a Invalid Numbering Exception for our Duke bot.","lastModifiedDate":"2024-01-25"},{"lineNumber":3,"author":{"gitId":"Jaspertzx"},"content":" * \u003cp\u003e","lastModifiedDate":"2024-01-25"},{"lineNumber":4,"author":{"gitId":"Jaspertzx"},"content":" * This exception should be thrown specifically for the commands: mark, unmark and delete.","lastModifiedDate":"2024-01-25"},{"lineNumber":5,"author":{"gitId":"Jaspertzx"},"content":" * It occurs when the number provided does not exist in storage, or if the storage is empty.","lastModifiedDate":"2024-01-25"},{"lineNumber":6,"author":{"gitId":"Jaspertzx"},"content":" */","lastModifiedDate":"2024-01-25"},{"lineNumber":7,"author":{"gitId":"Jaspertzx"},"content":"public class DukeExceptionInvalidNumbering extends DukeException {","lastModifiedDate":"2024-01-25"},{"lineNumber":8,"author":{"gitId":"Jaspertzx"},"content":"    private int id;","lastModifiedDate":"2024-01-25"},{"lineNumber":9,"author":{"gitId":"Jaspertzx"},"content":"    ","lastModifiedDate":"2024-01-25"},{"lineNumber":10,"author":{"gitId":"Jaspertzx"},"content":"    /**","lastModifiedDate":"2024-01-25"},{"lineNumber":11,"author":{"gitId":"Jaspertzx"},"content":"     * Creates a DukeExceptionInvalidNumbering object.","lastModifiedDate":"2024-01-25"},{"lineNumber":12,"author":{"gitId":"Jaspertzx"},"content":"     * Will call the super constructor from the DukeException object.","lastModifiedDate":"2024-01-25"},{"lineNumber":13,"author":{"gitId":"Jaspertzx"},"content":"     *","lastModifiedDate":"2024-01-25"},{"lineNumber":14,"author":{"gitId":"Jaspertzx"},"content":"     * @param m The error message of the Exception.","lastModifiedDate":"2024-01-25"},{"lineNumber":15,"author":{"gitId":"Jaspertzx"},"content":"     * @param id The attempted ID number provided for the object.","lastModifiedDate":"2024-01-25"},{"lineNumber":16,"author":{"gitId":"Jaspertzx"},"content":"     */","lastModifiedDate":"2024-01-25"},{"lineNumber":17,"author":{"gitId":"Jaspertzx"},"content":"    public DukeExceptionInvalidNumbering(String m, int id) {","lastModifiedDate":"2024-01-25"},{"lineNumber":18,"author":{"gitId":"Jaspertzx"},"content":"        super(m);","lastModifiedDate":"2024-01-25"},{"lineNumber":19,"author":{"gitId":"Jaspertzx"},"content":"        this.id \u003d id;","lastModifiedDate":"2024-01-25"},{"lineNumber":20,"author":{"gitId":"Jaspertzx"},"content":"    }","lastModifiedDate":"2024-01-25"},{"lineNumber":21,"author":{"gitId":"Jaspertzx"},"content":"","lastModifiedDate":"2024-01-25"},{"lineNumber":22,"author":{"gitId":"Jaspertzx"},"content":"    /**","lastModifiedDate":"2024-01-25"},{"lineNumber":23,"author":{"gitId":"Jaspertzx"},"content":"     * Returns a string representation of this DukeExceptionInvalidNumbering.","lastModifiedDate":"2024-01-25"},{"lineNumber":24,"author":{"gitId":"Jaspertzx"},"content":"     * ","lastModifiedDate":"2024-01-25"},{"lineNumber":25,"author":{"gitId":"Jaspertzx"},"content":"     * @return a string representation of DukeExceptionInvalidNumbering.","lastModifiedDate":"2024-01-25"},{"lineNumber":26,"author":{"gitId":"Jaspertzx"},"content":"     */","lastModifiedDate":"2024-01-25"},{"lineNumber":27,"author":{"gitId":"Jaspertzx"},"content":"    @Override","lastModifiedDate":"2024-01-25"},{"lineNumber":28,"author":{"gitId":"Jaspertzx"},"content":"    public String toString() {","lastModifiedDate":"2024-01-25"},{"lineNumber":29,"author":{"gitId":"Jaspertzx"},"content":"        if (this.id !\u003d 0) {","lastModifiedDate":"2024-01-25"},{"lineNumber":30,"author":{"gitId":"Jaspertzx"},"content":"            return \"Check the list! The task id of \" + this.id + \" you are referring doesn\u0027t exist!\" + super.toString();","lastModifiedDate":"2024-01-25"},{"lineNumber":31,"author":{"gitId":"Jaspertzx"},"content":"        }","lastModifiedDate":"2024-01-25"},{"lineNumber":32,"author":{"gitId":"Jaspertzx"},"content":"        return \"The list is empty! You have yet to enter any task!\" + super.toString();","lastModifiedDate":"2024-01-25"},{"lineNumber":33,"author":{"gitId":"Jaspertzx"},"content":"    }","lastModifiedDate":"2024-01-25"},{"lineNumber":34,"author":{"gitId":"Jaspertzx"},"content":"}","lastModifiedDate":"2024-01-25"}],"authorContributionMap":{"Jaspertzx":34}},{"path":"src/main/java/DukeExceptionInvalidParameters.java","fileType":"java","lines":[{"lineNumber":1,"author":{"gitId":"Jaspertzx"},"content":"/**","lastModifiedDate":"2024-01-25"},{"lineNumber":2,"author":{"gitId":"Jaspertzx"},"content":" * Represents a Invalid Parameters Exception for our Duke bot.","lastModifiedDate":"2024-01-25"},{"lineNumber":3,"author":{"gitId":"Jaspertzx"},"content":" * \u003cp\u003e","lastModifiedDate":"2024-01-25"},{"lineNumber":4,"author":{"gitId":"Jaspertzx"},"content":" * This exception should be thrown specifically for the commands: todo, events and deadlines.","lastModifiedDate":"2024-01-25"},{"lineNumber":5,"author":{"gitId":"Jaspertzx"},"content":" * It occurs when the parameters provided do not fit the requirement of the command.","lastModifiedDate":"2024-01-25"},{"lineNumber":6,"author":{"gitId":"Jaspertzx"},"content":" */","lastModifiedDate":"2024-01-25"},{"lineNumber":7,"author":{"gitId":"Jaspertzx"},"content":"public class DukeExceptionInvalidParameters extends DukeException {","lastModifiedDate":"2024-01-25"},{"lineNumber":8,"author":{"gitId":"Jaspertzx"},"content":"    ","lastModifiedDate":"2024-01-25"},{"lineNumber":9,"author":{"gitId":"Jaspertzx"},"content":"    /**","lastModifiedDate":"2024-01-25"},{"lineNumber":10,"author":{"gitId":"Jaspertzx"},"content":"     * Creates a DukeExceptionInvalidParameters object.","lastModifiedDate":"2024-01-25"},{"lineNumber":11,"author":{"gitId":"Jaspertzx"},"content":"     * Will call the super constructor from the DukeException object.","lastModifiedDate":"2024-01-25"},{"lineNumber":12,"author":{"gitId":"Jaspertzx"},"content":"     *","lastModifiedDate":"2024-01-25"},{"lineNumber":13,"author":{"gitId":"Jaspertzx"},"content":"     * @param m The error message of the Exception.","lastModifiedDate":"2024-01-25"},{"lineNumber":14,"author":{"gitId":"Jaspertzx"},"content":"     */","lastModifiedDate":"2024-01-25"},{"lineNumber":15,"author":{"gitId":"Jaspertzx"},"content":"    public DukeExceptionInvalidParameters(String m) {","lastModifiedDate":"2024-01-25"},{"lineNumber":16,"author":{"gitId":"Jaspertzx"},"content":"        super(m);","lastModifiedDate":"2024-01-25"},{"lineNumber":17,"author":{"gitId":"Jaspertzx"},"content":"    }","lastModifiedDate":"2024-01-25"},{"lineNumber":18,"author":{"gitId":"Jaspertzx"},"content":"","lastModifiedDate":"2024-01-25"},{"lineNumber":19,"author":{"gitId":"Jaspertzx"},"content":"    /**","lastModifiedDate":"2024-01-25"},{"lineNumber":20,"author":{"gitId":"Jaspertzx"},"content":"     * Returns a string representation of this DukeExceptionInvalidParameters.","lastModifiedDate":"2024-01-25"},{"lineNumber":21,"author":{"gitId":"Jaspertzx"},"content":"     * Includes a mini-help guide to tell the user the parameters.","lastModifiedDate":"2024-01-25"},{"lineNumber":22,"author":{"gitId":"Jaspertzx"},"content":"     * ","lastModifiedDate":"2024-01-25"},{"lineNumber":23,"author":{"gitId":"Jaspertzx"},"content":"     * @return a string representation of DukeExceptionInvalidParameters.","lastModifiedDate":"2024-01-25"},{"lineNumber":24,"author":{"gitId":"Jaspertzx"},"content":"     */","lastModifiedDate":"2024-01-25"},{"lineNumber":25,"author":{"gitId":"Jaspertzx"},"content":"    @Override","lastModifiedDate":"2024-01-25"},{"lineNumber":26,"author":{"gitId":"Jaspertzx"},"content":"    public String toString() {","lastModifiedDate":"2024-01-25"},{"lineNumber":27,"author":{"gitId":"Jaspertzx"},"content":"        return \"Wait a second, your command has invalid parameters! \\n\" +","lastModifiedDate":"2024-01-25"},{"lineNumber":28,"author":{"gitId":"Jaspertzx"},"content":"        \"Please follow the following format for the commands: \\n\" +","lastModifiedDate":"2024-01-25"},{"lineNumber":29,"author":{"gitId":"Jaspertzx"},"content":"        \"1. list \\n\" +","lastModifiedDate":"2024-01-25"},{"lineNumber":30,"author":{"gitId":"Jaspertzx"},"content":"        \"2. mark \u003cID number of task in list\u003e \\n\" +","lastModifiedDate":"2024-01-25"},{"lineNumber":31,"author":{"gitId":"Jaspertzx"},"content":"        \"3. unmark \u003cID number of task in list\u003e \\n\" +","lastModifiedDate":"2024-01-25"},{"lineNumber":32,"author":{"gitId":"Jaspertzx"},"content":"        \"4. delete \u003cID number of task in list\u003e \\n\" +","lastModifiedDate":"2024-01-25"},{"lineNumber":33,"author":{"gitId":"Jaspertzx"},"content":"        \"5. todo \u003cevent name\u003e \\n\" +","lastModifiedDate":"2024-01-25"},{"lineNumber":34,"author":{"gitId":"Jaspertzx"},"content":"        \"6. event \u003cevent name\u003e /from \u003cevent from date\u003e /to \u003cevent to date\u003e \\n\" +","lastModifiedDate":"2024-01-25"},{"lineNumber":35,"author":{"gitId":"Jaspertzx"},"content":"        \"7. deadline \u003cdeadline name\u003e /by \u003cdeadline date\u003e \\n\" +","lastModifiedDate":"2024-01-25"},{"lineNumber":36,"author":{"gitId":"Jaspertzx"},"content":"        \"8. bye\" + super.toString();","lastModifiedDate":"2024-01-25"},{"lineNumber":37,"author":{"gitId":"Jaspertzx"},"content":"    }","lastModifiedDate":"2024-01-25"},{"lineNumber":38,"author":{"gitId":"Jaspertzx"},"content":"}","lastModifiedDate":"2024-01-25"}],"authorContributionMap":{"Jaspertzx":38}},{"path":"src/main/java/Events.java","fileType":"java","lines":[{"lineNumber":1,"author":{"gitId":"Jaspertzx"},"content":"/**","lastModifiedDate":"2024-01-25"},{"lineNumber":2,"author":{"gitId":"Jaspertzx"},"content":" * Represents a Events Task.","lastModifiedDate":"2024-01-25"},{"lineNumber":3,"author":{"gitId":"Jaspertzx"},"content":" * \u003cp\u003e","lastModifiedDate":"2024-01-25"},{"lineNumber":4,"author":{"gitId":"Jaspertzx"},"content":" * This class is the representation of a Events task.","lastModifiedDate":"2024-01-25"},{"lineNumber":5,"author":{"gitId":"Jaspertzx"},"content":" * It extends from its parent class the Task class.","lastModifiedDate":"2024-01-25"},{"lineNumber":6,"author":{"gitId":"Jaspertzx"},"content":" */","lastModifiedDate":"2024-01-25"},{"lineNumber":7,"author":{"gitId":"Jaspertzx"},"content":"public class Events extends Task {","lastModifiedDate":"2024-01-25"},{"lineNumber":8,"author":{"gitId":"Jaspertzx"},"content":"    private String from;","lastModifiedDate":"2024-01-25"},{"lineNumber":9,"author":{"gitId":"Jaspertzx"},"content":"    private String to;","lastModifiedDate":"2024-01-25"},{"lineNumber":10,"author":{"gitId":"Jaspertzx"},"content":"","lastModifiedDate":"2024-01-25"},{"lineNumber":11,"author":{"gitId":"Jaspertzx"},"content":"    /**","lastModifiedDate":"2024-01-25"},{"lineNumber":12,"author":{"gitId":"Jaspertzx"},"content":"     * Creates a Events object.","lastModifiedDate":"2024-01-25"},{"lineNumber":13,"author":{"gitId":"Jaspertzx"},"content":"     * Will call the super constructor with the task name variable.","lastModifiedDate":"2024-01-25"},{"lineNumber":14,"author":{"gitId":"Jaspertzx"},"content":"     *","lastModifiedDate":"2024-01-25"},{"lineNumber":15,"author":{"gitId":"Jaspertzx"},"content":"     * @param c The name of the task.","lastModifiedDate":"2024-01-25"},{"lineNumber":16,"author":{"gitId":"Jaspertzx"},"content":"     * @param from The start of the event.","lastModifiedDate":"2024-01-25"},{"lineNumber":17,"author":{"gitId":"Jaspertzx"},"content":"     * @param to The end of the event.","lastModifiedDate":"2024-01-25"},{"lineNumber":18,"author":{"gitId":"Jaspertzx"},"content":"     */","lastModifiedDate":"2024-01-25"},{"lineNumber":19,"author":{"gitId":"Jaspertzx"},"content":"    public Events(String c, String from, String to) {","lastModifiedDate":"2024-01-25"},{"lineNumber":20,"author":{"gitId":"Jaspertzx"},"content":"        super(c);","lastModifiedDate":"2024-01-25"},{"lineNumber":21,"author":{"gitId":"Jaspertzx"},"content":"        this.from \u003d from.split(\"from \")[1];","lastModifiedDate":"2024-01-25"},{"lineNumber":22,"author":{"gitId":"Jaspertzx"},"content":"        this.to \u003d to.split(\"to \")[1];","lastModifiedDate":"2024-01-25"},{"lineNumber":23,"author":{"gitId":"Jaspertzx"},"content":"    }","lastModifiedDate":"2024-01-25"},{"lineNumber":24,"author":{"gitId":"Jaspertzx"},"content":"","lastModifiedDate":"2024-01-25"},{"lineNumber":25,"author":{"gitId":"Jaspertzx"},"content":"    /**","lastModifiedDate":"2024-01-25"},{"lineNumber":26,"author":{"gitId":"Jaspertzx"},"content":"     * Returns a string representation of this Events.","lastModifiedDate":"2024-01-25"},{"lineNumber":27,"author":{"gitId":"Jaspertzx"},"content":"     * This includes an indicator that this is a Events object.","lastModifiedDate":"2024-01-25"},{"lineNumber":28,"author":{"gitId":"Jaspertzx"},"content":"     * ","lastModifiedDate":"2024-01-25"},{"lineNumber":29,"author":{"gitId":"Jaspertzx"},"content":"     * @return a string representation of this Events object.","lastModifiedDate":"2024-01-25"},{"lineNumber":30,"author":{"gitId":"Jaspertzx"},"content":"     */","lastModifiedDate":"2024-01-25"},{"lineNumber":31,"author":{"gitId":"Jaspertzx"},"content":"    @Override","lastModifiedDate":"2024-01-25"},{"lineNumber":32,"author":{"gitId":"Jaspertzx"},"content":"    public String toString() {","lastModifiedDate":"2024-01-25"},{"lineNumber":33,"author":{"gitId":"Jaspertzx"},"content":"        String s \u003d \"[E]\" + super.toString() + \"(from: \" + this.from + \"to: \" + this.to + \")\";","lastModifiedDate":"2024-01-25"},{"lineNumber":34,"author":{"gitId":"Jaspertzx"},"content":"        return s;","lastModifiedDate":"2024-01-25"},{"lineNumber":35,"author":{"gitId":"Jaspertzx"},"content":"    }","lastModifiedDate":"2024-01-25"},{"lineNumber":36,"author":{"gitId":"Jaspertzx"},"content":"}","lastModifiedDate":"2024-01-25"}],"authorContributionMap":{"Jaspertzx":36}},{"path":"src/main/java/Task.java","fileType":"java","lines":[{"lineNumber":1,"author":{"gitId":"Jaspertzx"},"content":"/**","lastModifiedDate":"2024-01-25"},{"lineNumber":2,"author":{"gitId":"Jaspertzx"},"content":" * Represents a generic Task.","lastModifiedDate":"2024-01-25"},{"lineNumber":3,"author":{"gitId":"Jaspertzx"},"content":" * \u003cp\u003e","lastModifiedDate":"2024-01-25"},{"lineNumber":4,"author":{"gitId":"Jaspertzx"},"content":" * This class acts as a base for all specific Task types (e.g., Event, Todo, Deadline).","lastModifiedDate":"2024-01-25"},{"lineNumber":5,"author":{"gitId":"Jaspertzx"},"content":" * It can be extended to create the corresponding Task.","lastModifiedDate":"2024-01-25"},{"lineNumber":6,"author":{"gitId":"Jaspertzx"},"content":" */","lastModifiedDate":"2024-01-25"},{"lineNumber":7,"author":{"gitId":"Jaspertzx"},"content":"public class Task {","lastModifiedDate":"2024-01-25"},{"lineNumber":8,"author":{"gitId":"Jaspertzx"},"content":"    private String command;","lastModifiedDate":"2024-01-25"},{"lineNumber":9,"author":{"gitId":"Jaspertzx"},"content":"    private boolean completed;","lastModifiedDate":"2024-01-25"},{"lineNumber":10,"author":{"gitId":"Jaspertzx"},"content":"","lastModifiedDate":"2024-01-25"},{"lineNumber":11,"author":{"gitId":"Jaspertzx"},"content":"    /**","lastModifiedDate":"2024-01-25"},{"lineNumber":12,"author":{"gitId":"Jaspertzx"},"content":"     * Creates a Task object with the task name.","lastModifiedDate":"2024-01-25"},{"lineNumber":13,"author":{"gitId":"Jaspertzx"},"content":"     * Sets the completed to a default value of false.","lastModifiedDate":"2024-01-25"},{"lineNumber":14,"author":{"gitId":"Jaspertzx"},"content":"     *","lastModifiedDate":"2024-01-25"},{"lineNumber":15,"author":{"gitId":"Jaspertzx"},"content":"     * @param command The name of the task.","lastModifiedDate":"2024-01-25"},{"lineNumber":16,"author":{"gitId":"Jaspertzx"},"content":"     */","lastModifiedDate":"2024-01-25"},{"lineNumber":17,"author":{"gitId":"Jaspertzx"},"content":"    public Task(String command) {","lastModifiedDate":"2024-01-25"},{"lineNumber":18,"author":{"gitId":"Jaspertzx"},"content":"        this.command \u003d command;","lastModifiedDate":"2024-01-25"},{"lineNumber":19,"author":{"gitId":"Jaspertzx"},"content":"        this.completed \u003d false;","lastModifiedDate":"2024-01-25"},{"lineNumber":20,"author":{"gitId":"Jaspertzx"},"content":"    }","lastModifiedDate":"2024-01-25"},{"lineNumber":21,"author":{"gitId":"Jaspertzx"},"content":"","lastModifiedDate":"2024-01-25"},{"lineNumber":22,"author":{"gitId":"Jaspertzx"},"content":"    /**","lastModifiedDate":"2024-01-25"},{"lineNumber":23,"author":{"gitId":"Jaspertzx"},"content":"     * Changes the Task\u0027s completedness to marked.","lastModifiedDate":"2024-01-25"},{"lineNumber":24,"author":{"gitId":"Jaspertzx"},"content":"     * \u003cp\u003e","lastModifiedDate":"2024-01-25"},{"lineNumber":25,"author":{"gitId":"Jaspertzx"},"content":"     * Changes the completedness to true.","lastModifiedDate":"2024-01-25"},{"lineNumber":26,"author":{"gitId":"Jaspertzx"},"content":"     * ","lastModifiedDate":"2024-01-25"},{"lineNumber":27,"author":{"gitId":"Jaspertzx"},"content":"     */","lastModifiedDate":"2024-01-25"},{"lineNumber":28,"author":{"gitId":"Jaspertzx"},"content":"    public void mark() {","lastModifiedDate":"2024-01-25"},{"lineNumber":29,"author":{"gitId":"Jaspertzx"},"content":"        this.completed \u003d true;","lastModifiedDate":"2024-01-25"},{"lineNumber":30,"author":{"gitId":"Jaspertzx"},"content":"    }","lastModifiedDate":"2024-01-25"},{"lineNumber":31,"author":{"gitId":"Jaspertzx"},"content":"","lastModifiedDate":"2024-01-25"},{"lineNumber":32,"author":{"gitId":"Jaspertzx"},"content":"    /**","lastModifiedDate":"2024-01-25"},{"lineNumber":33,"author":{"gitId":"Jaspertzx"},"content":"     * Changes the Task\u0027s completedness to unmarked.","lastModifiedDate":"2024-01-25"},{"lineNumber":34,"author":{"gitId":"Jaspertzx"},"content":"     * \u003cp\u003e","lastModifiedDate":"2024-01-25"},{"lineNumber":35,"author":{"gitId":"Jaspertzx"},"content":"     * Sets the completedness of the object to false.","lastModifiedDate":"2024-01-25"},{"lineNumber":36,"author":{"gitId":"Jaspertzx"},"content":"     * ","lastModifiedDate":"2024-01-25"},{"lineNumber":37,"author":{"gitId":"Jaspertzx"},"content":"     */","lastModifiedDate":"2024-01-25"},{"lineNumber":38,"author":{"gitId":"Jaspertzx"},"content":"    public void unmark() {","lastModifiedDate":"2024-01-25"},{"lineNumber":39,"author":{"gitId":"Jaspertzx"},"content":"        this.completed \u003d false;","lastModifiedDate":"2024-01-25"},{"lineNumber":40,"author":{"gitId":"Jaspertzx"},"content":"    }","lastModifiedDate":"2024-01-25"},{"lineNumber":41,"author":{"gitId":"Jaspertzx"},"content":"","lastModifiedDate":"2024-01-25"},{"lineNumber":42,"author":{"gitId":"Jaspertzx"},"content":"    /**","lastModifiedDate":"2024-01-25"},{"lineNumber":43,"author":{"gitId":"Jaspertzx"},"content":"     * Returns a string representation of this Task.","lastModifiedDate":"2024-01-25"},{"lineNumber":44,"author":{"gitId":"Jaspertzx"},"content":"     * This includes the completedness indicator and the Task name.","lastModifiedDate":"2024-01-25"},{"lineNumber":45,"author":{"gitId":"Jaspertzx"},"content":"     * ","lastModifiedDate":"2024-01-25"},{"lineNumber":46,"author":{"gitId":"Jaspertzx"},"content":"     * @return a string representation of this Task.","lastModifiedDate":"2024-01-25"},{"lineNumber":47,"author":{"gitId":"Jaspertzx"},"content":"     */","lastModifiedDate":"2024-01-25"},{"lineNumber":48,"author":{"gitId":"Jaspertzx"},"content":"    @Override","lastModifiedDate":"2024-01-25"},{"lineNumber":49,"author":{"gitId":"Jaspertzx"},"content":"    public String toString() {","lastModifiedDate":"2024-01-25"},{"lineNumber":50,"author":{"gitId":"Jaspertzx"},"content":"        String checkIfCompleted \u003d \"X\";","lastModifiedDate":"2024-01-25"},{"lineNumber":51,"author":{"gitId":"Jaspertzx"},"content":"        if (!this.completed) {","lastModifiedDate":"2024-01-25"},{"lineNumber":52,"author":{"gitId":"Jaspertzx"},"content":"            checkIfCompleted \u003d \" \";","lastModifiedDate":"2024-01-25"},{"lineNumber":53,"author":{"gitId":"Jaspertzx"},"content":"        }","lastModifiedDate":"2024-01-25"},{"lineNumber":54,"author":{"gitId":"Jaspertzx"},"content":"        String s \u003d \"[\"+ checkIfCompleted +\"] \" + this.command;","lastModifiedDate":"2024-01-25"},{"lineNumber":55,"author":{"gitId":"Jaspertzx"},"content":"        return s;","lastModifiedDate":"2024-01-25"},{"lineNumber":56,"author":{"gitId":"Jaspertzx"},"content":"    }","lastModifiedDate":"2024-01-25"},{"lineNumber":57,"author":{"gitId":"Jaspertzx"},"content":"}","lastModifiedDate":"2024-01-25"}],"authorContributionMap":{"Jaspertzx":57}},{"path":"src/main/java/TaskStorage.java","fileType":"java","lines":[{"lineNumber":1,"author":{"gitId":"Jaspertzx"},"content":"/**","lastModifiedDate":"2024-01-25"},{"lineNumber":2,"author":{"gitId":"Jaspertzx"},"content":" * This Object stores all Task objects created in the main interface.","lastModifiedDate":"2024-01-25"},{"lineNumber":3,"author":{"gitId":"Jaspertzx"},"content":" * Uses the ArrayList data structure to store the Task, and allows for manipulation,","lastModifiedDate":"2024-01-25"},{"lineNumber":4,"author":{"gitId":"Jaspertzx"},"content":" * such as addition, deletion, and editing Tasks.","lastModifiedDate":"2024-01-25"},{"lineNumber":5,"author":{"gitId":"Jaspertzx"},"content":" */","lastModifiedDate":"2024-01-25"},{"lineNumber":6,"author":{"gitId":"Jaspertzx"},"content":"","lastModifiedDate":"2024-01-25"},{"lineNumber":7,"author":{"gitId":"Jaspertzx"},"content":"import java.util.ArrayList;","lastModifiedDate":"2024-01-25"},{"lineNumber":8,"author":{"gitId":"Jaspertzx"},"content":"","lastModifiedDate":"2024-01-25"},{"lineNumber":9,"author":{"gitId":"Jaspertzx"},"content":"public class TaskStorage {","lastModifiedDate":"2024-01-25"},{"lineNumber":10,"author":{"gitId":"Jaspertzx"},"content":"    private ArrayList\u003cTask\u003e sl;","lastModifiedDate":"2024-01-25"},{"lineNumber":11,"author":{"gitId":"Jaspertzx"},"content":"","lastModifiedDate":"2024-01-25"},{"lineNumber":12,"author":{"gitId":"Jaspertzx"},"content":"    /**","lastModifiedDate":"2024-01-25"},{"lineNumber":13,"author":{"gitId":"Jaspertzx"},"content":"     * Constructs an empty ArrayList to store Task objects.","lastModifiedDate":"2024-01-25"},{"lineNumber":14,"author":{"gitId":"Jaspertzx"},"content":"     */","lastModifiedDate":"2024-01-25"},{"lineNumber":15,"author":{"gitId":"Jaspertzx"},"content":"    public TaskStorage() {","lastModifiedDate":"2024-01-25"},{"lineNumber":16,"author":{"gitId":"Jaspertzx"},"content":"        this.sl \u003d new ArrayList\u003c\u003e();","lastModifiedDate":"2024-01-25"},{"lineNumber":17,"author":{"gitId":"Jaspertzx"},"content":"    }","lastModifiedDate":"2024-01-25"},{"lineNumber":18,"author":{"gitId":"Jaspertzx"},"content":"","lastModifiedDate":"2024-01-25"},{"lineNumber":19,"author":{"gitId":"Jaspertzx"},"content":"    /**","lastModifiedDate":"2024-01-25"},{"lineNumber":20,"author":{"gitId":"Jaspertzx"},"content":"     * Adds an Task object to the end of the ArrayList.","lastModifiedDate":"2024-01-25"},{"lineNumber":21,"author":{"gitId":"Jaspertzx"},"content":"     *","lastModifiedDate":"2024-01-25"},{"lineNumber":22,"author":{"gitId":"Jaspertzx"},"content":"     * @param t The Task object to be added to the ArrayList.","lastModifiedDate":"2024-01-25"},{"lineNumber":23,"author":{"gitId":"Jaspertzx"},"content":"     */","lastModifiedDate":"2024-01-25"},{"lineNumber":24,"author":{"gitId":"Jaspertzx"},"content":"    public void addTask(Task t) {","lastModifiedDate":"2024-01-25"},{"lineNumber":25,"author":{"gitId":"Jaspertzx"},"content":"        this.sl.add(t);","lastModifiedDate":"2024-01-25"},{"lineNumber":26,"author":{"gitId":"Jaspertzx"},"content":"    }","lastModifiedDate":"2024-01-25"},{"lineNumber":27,"author":{"gitId":"Jaspertzx"},"content":"","lastModifiedDate":"2024-01-25"},{"lineNumber":28,"author":{"gitId":"Jaspertzx"},"content":"    /**","lastModifiedDate":"2024-01-25"},{"lineNumber":29,"author":{"gitId":"Jaspertzx"},"content":"     * Removes an Task object from the ArrayList.","lastModifiedDate":"2024-01-25"},{"lineNumber":30,"author":{"gitId":"Jaspertzx"},"content":"     *","lastModifiedDate":"2024-01-25"},{"lineNumber":31,"author":{"gitId":"Jaspertzx"},"content":"     * @param id The id number of element to be removed from the ArrayList.","lastModifiedDate":"2024-01-25"},{"lineNumber":32,"author":{"gitId":"Jaspertzx"},"content":"     */","lastModifiedDate":"2024-01-25"},{"lineNumber":33,"author":{"gitId":"Jaspertzx"},"content":"    public String removeTask(int id) {","lastModifiedDate":"2024-01-25"},{"lineNumber":34,"author":{"gitId":"Jaspertzx"},"content":"        Task t \u003d this.sl.get(id - 1);","lastModifiedDate":"2024-01-25"},{"lineNumber":35,"author":{"gitId":"Jaspertzx"},"content":"        this.sl.remove(id - 1);","lastModifiedDate":"2024-01-25"},{"lineNumber":36,"author":{"gitId":"Jaspertzx"},"content":"        return t.toString();","lastModifiedDate":"2024-01-25"},{"lineNumber":37,"author":{"gitId":"Jaspertzx"},"content":"    }","lastModifiedDate":"2024-01-25"},{"lineNumber":38,"author":{"gitId":"Jaspertzx"},"content":"","lastModifiedDate":"2024-01-25"},{"lineNumber":39,"author":{"gitId":"Jaspertzx"},"content":"    /**","lastModifiedDate":"2024-01-25"},{"lineNumber":40,"author":{"gitId":"Jaspertzx"},"content":"     * Edits the specified Task to change its completedness.","lastModifiedDate":"2024-01-25"},{"lineNumber":41,"author":{"gitId":"Jaspertzx"},"content":"     *","lastModifiedDate":"2024-01-25"},{"lineNumber":42,"author":{"gitId":"Jaspertzx"},"content":"     * @param id The id number of element to be edited.","lastModifiedDate":"2024-01-25"},{"lineNumber":43,"author":{"gitId":"Jaspertzx"},"content":"     * @param mark To mark as complete or to unmark.","lastModifiedDate":"2024-01-25"},{"lineNumber":44,"author":{"gitId":"Jaspertzx"},"content":"     */","lastModifiedDate":"2024-01-25"},{"lineNumber":45,"author":{"gitId":"Jaspertzx"},"content":"    public String markTask(int id, boolean mark) {","lastModifiedDate":"2024-01-25"},{"lineNumber":46,"author":{"gitId":"Jaspertzx"},"content":"        Task t \u003d this.sl.get(id - 1);","lastModifiedDate":"2024-01-25"},{"lineNumber":47,"author":{"gitId":"Jaspertzx"},"content":"        if (mark) {","lastModifiedDate":"2024-01-25"},{"lineNumber":48,"author":{"gitId":"Jaspertzx"},"content":"            t.mark();","lastModifiedDate":"2024-01-25"},{"lineNumber":49,"author":{"gitId":"Jaspertzx"},"content":"        }","lastModifiedDate":"2024-01-25"},{"lineNumber":50,"author":{"gitId":"Jaspertzx"},"content":"        else {","lastModifiedDate":"2024-01-25"},{"lineNumber":51,"author":{"gitId":"Jaspertzx"},"content":"            t.unmark();","lastModifiedDate":"2024-01-25"},{"lineNumber":52,"author":{"gitId":"Jaspertzx"},"content":"        }","lastModifiedDate":"2024-01-25"},{"lineNumber":53,"author":{"gitId":"Jaspertzx"},"content":"        return t.toString();","lastModifiedDate":"2024-01-25"},{"lineNumber":54,"author":{"gitId":"Jaspertzx"},"content":"    }","lastModifiedDate":"2024-01-25"},{"lineNumber":55,"author":{"gitId":"Jaspertzx"},"content":"    /**","lastModifiedDate":"2024-01-25"},{"lineNumber":56,"author":{"gitId":"Jaspertzx"},"content":"     * Returns the size of the ArrayList.","lastModifiedDate":"2024-01-25"},{"lineNumber":57,"author":{"gitId":"Jaspertzx"},"content":"     */","lastModifiedDate":"2024-01-25"},{"lineNumber":58,"author":{"gitId":"Jaspertzx"},"content":"    public int size() {","lastModifiedDate":"2024-01-25"},{"lineNumber":59,"author":{"gitId":"Jaspertzx"},"content":"        return this.sl.size();","lastModifiedDate":"2024-01-25"},{"lineNumber":60,"author":{"gitId":"Jaspertzx"},"content":"    }","lastModifiedDate":"2024-01-25"},{"lineNumber":61,"author":{"gitId":"Jaspertzx"},"content":"","lastModifiedDate":"2024-01-25"},{"lineNumber":62,"author":{"gitId":"Jaspertzx"},"content":"    /**","lastModifiedDate":"2024-01-25"},{"lineNumber":63,"author":{"gitId":"Jaspertzx"},"content":"     * Returns a string representation of this TaskStorage.","lastModifiedDate":"2024-01-25"},{"lineNumber":64,"author":{"gitId":"Jaspertzx"},"content":"     * This includes all the Task name, and conditions of each task.","lastModifiedDate":"2024-01-25"},{"lineNumber":65,"author":{"gitId":"Jaspertzx"},"content":"     * ","lastModifiedDate":"2024-01-25"},{"lineNumber":66,"author":{"gitId":"Jaspertzx"},"content":"     * @return a string representation of this TaskStorage.","lastModifiedDate":"2024-01-25"},{"lineNumber":67,"author":{"gitId":"Jaspertzx"},"content":"     */","lastModifiedDate":"2024-01-25"},{"lineNumber":68,"author":{"gitId":"Jaspertzx"},"content":"    @Override","lastModifiedDate":"2024-01-25"},{"lineNumber":69,"author":{"gitId":"Jaspertzx"},"content":"    public String toString() {","lastModifiedDate":"2024-01-25"},{"lineNumber":70,"author":{"gitId":"Jaspertzx"},"content":"        String totalAns \u003d \"\";","lastModifiedDate":"2024-01-25"},{"lineNumber":71,"author":{"gitId":"Jaspertzx"},"content":"        for (int i \u003d 0; i \u003c sl.size(); i ++) {","lastModifiedDate":"2024-01-25"},{"lineNumber":72,"author":{"gitId":"Jaspertzx"},"content":"            totalAns +\u003d (i + 1) + \".\" + sl.get(i);","lastModifiedDate":"2024-01-25"},{"lineNumber":73,"author":{"gitId":"Jaspertzx"},"content":"            totalAns +\u003d \"\\n\";","lastModifiedDate":"2024-01-25"},{"lineNumber":74,"author":{"gitId":"Jaspertzx"},"content":"        }","lastModifiedDate":"2024-01-25"},{"lineNumber":75,"author":{"gitId":"Jaspertzx"},"content":"        totalAns +\u003d \"______________________________________\";","lastModifiedDate":"2024-01-25"},{"lineNumber":76,"author":{"gitId":"Jaspertzx"},"content":"        return totalAns;","lastModifiedDate":"2024-01-25"},{"lineNumber":77,"author":{"gitId":"Jaspertzx"},"content":"    }","lastModifiedDate":"2024-01-25"},{"lineNumber":78,"author":{"gitId":"Jaspertzx"},"content":"}","lastModifiedDate":"2024-01-25"}],"authorContributionMap":{"Jaspertzx":78}},{"path":"src/main/java/ToDo.java","fileType":"java","lines":[{"lineNumber":1,"author":{"gitId":"Jaspertzx"},"content":"/**","lastModifiedDate":"2024-01-25"},{"lineNumber":2,"author":{"gitId":"Jaspertzx"},"content":" * Represents a ToDo Task.","lastModifiedDate":"2024-01-25"},{"lineNumber":3,"author":{"gitId":"Jaspertzx"},"content":" * \u003cp\u003e","lastModifiedDate":"2024-01-25"},{"lineNumber":4,"author":{"gitId":"Jaspertzx"},"content":" * This class is the representation of a Todo task.","lastModifiedDate":"2024-01-25"},{"lineNumber":5,"author":{"gitId":"Jaspertzx"},"content":" * It extends from its parent class the Task class.","lastModifiedDate":"2024-01-25"},{"lineNumber":6,"author":{"gitId":"Jaspertzx"},"content":" */","lastModifiedDate":"2024-01-25"},{"lineNumber":7,"author":{"gitId":"Jaspertzx"},"content":"public class ToDo extends Task {","lastModifiedDate":"2024-01-25"},{"lineNumber":8,"author":{"gitId":"Jaspertzx"},"content":"","lastModifiedDate":"2024-01-25"},{"lineNumber":9,"author":{"gitId":"Jaspertzx"},"content":"    /**","lastModifiedDate":"2024-01-25"},{"lineNumber":10,"author":{"gitId":"Jaspertzx"},"content":"     * Creates a ToDo object.","lastModifiedDate":"2024-01-25"},{"lineNumber":11,"author":{"gitId":"Jaspertzx"},"content":"     * Will call the super constructor with the task name variable.","lastModifiedDate":"2024-01-25"},{"lineNumber":12,"author":{"gitId":"Jaspertzx"},"content":"     *","lastModifiedDate":"2024-01-25"},{"lineNumber":13,"author":{"gitId":"Jaspertzx"},"content":"     * @param c The name of the task.","lastModifiedDate":"2024-01-25"},{"lineNumber":14,"author":{"gitId":"Jaspertzx"},"content":"     */","lastModifiedDate":"2024-01-25"},{"lineNumber":15,"author":{"gitId":"Jaspertzx"},"content":"    public ToDo(String c) {","lastModifiedDate":"2024-01-25"},{"lineNumber":16,"author":{"gitId":"Jaspertzx"},"content":"        super(c);","lastModifiedDate":"2024-01-25"},{"lineNumber":17,"author":{"gitId":"Jaspertzx"},"content":"    }","lastModifiedDate":"2024-01-25"},{"lineNumber":18,"author":{"gitId":"Jaspertzx"},"content":"","lastModifiedDate":"2024-01-25"},{"lineNumber":19,"author":{"gitId":"Jaspertzx"},"content":"    /**","lastModifiedDate":"2024-01-25"},{"lineNumber":20,"author":{"gitId":"Jaspertzx"},"content":"     * Returns a string representation of this ToDo.","lastModifiedDate":"2024-01-25"},{"lineNumber":21,"author":{"gitId":"Jaspertzx"},"content":"     * This includes an indicator that this is a ToDo object.","lastModifiedDate":"2024-01-25"},{"lineNumber":22,"author":{"gitId":"Jaspertzx"},"content":"     * ","lastModifiedDate":"2024-01-25"},{"lineNumber":23,"author":{"gitId":"Jaspertzx"},"content":"     * @return a string representation of this ToDo object.","lastModifiedDate":"2024-01-25"},{"lineNumber":24,"author":{"gitId":"Jaspertzx"},"content":"     */","lastModifiedDate":"2024-01-25"},{"lineNumber":25,"author":{"gitId":"Jaspertzx"},"content":"    @Override","lastModifiedDate":"2024-01-25"},{"lineNumber":26,"author":{"gitId":"Jaspertzx"},"content":"    public String toString() {","lastModifiedDate":"2024-01-25"},{"lineNumber":27,"author":{"gitId":"Jaspertzx"},"content":"        String s \u003d \"[T]\" + super.toString();","lastModifiedDate":"2024-01-25"},{"lineNumber":28,"author":{"gitId":"Jaspertzx"},"content":"        return s;","lastModifiedDate":"2024-01-25"},{"lineNumber":29,"author":{"gitId":"Jaspertzx"},"content":"    }","lastModifiedDate":"2024-01-25"},{"lineNumber":30,"author":{"gitId":"Jaspertzx"},"content":"}","lastModifiedDate":"2024-01-25"}],"authorContributionMap":{"Jaspertzx":30}},{"path":"text-ui-test/input.txt","fileType":"txt","lines":[{"lineNumber":1,"author":{"gitId":"Jaspertzx"},"content":"deadline cs2103 /by today","lastModifiedDate":"2024-01-25"},{"lineNumber":2,"author":{"gitId":"Jaspertzx"},"content":"event concert /from today /to tomorrow","lastModifiedDate":"2024-01-25"},{"lineNumber":3,"author":{"gitId":"Jaspertzx"},"content":"todo homework","lastModifiedDate":"2024-01-25"},{"lineNumber":4,"author":{"gitId":"Jaspertzx"},"content":"list","lastModifiedDate":"2024-01-25"},{"lineNumber":5,"author":{"gitId":"Jaspertzx"},"content":"mark 3","lastModifiedDate":"2024-01-25"},{"lineNumber":6,"author":{"gitId":"Jaspertzx"},"content":"delete 2","lastModifiedDate":"2024-01-25"},{"lineNumber":7,"author":{"gitId":"Jaspertzx"},"content":"list","lastModifiedDate":"2024-01-25"},{"lineNumber":8,"author":{"gitId":"Jaspertzx"},"content":"unmark 2","lastModifiedDate":"2024-01-25"},{"lineNumber":9,"author":{"gitId":"Jaspertzx"},"content":"bye","lastModifiedDate":"2024-01-25"}],"authorContributionMap":{"Jaspertzx":9}}]
