{"authorDailyContributionsMap":{"nichee":[{"date":"2024-01-21","commitResults":[{"hash":"3c905d9dd262579888ae4007bcda6dcd1f566dcd","isMergeCommit":false,"messageTitle":"Add Shirmin.java","messageBody":"","tags":["Level-0"],"fileTypesAndContributionMap":{"java":{"insertions":13,"deletions":0}}},{"hash":"16a07f8dfced2d934b97623f8e7056e708888214","isMergeCommit":false,"messageTitle":"add echo function, refactor chatbot skeleton","messageBody":"","tags":["Level-1"],"fileTypesAndContributionMap":{"java":{"insertions":21,"deletions":2}}},{"hash":"c292e65fedf6c5d91130e5613bec4b6a4f312758","isMergeCommit":false,"messageTitle":"implement add and list functions, fix indentations","messageBody":"","tags":["Level-2"],"fileTypesAndContributionMap":{"java":{"insertions":36,"deletions":11}}},{"hash":"a1b9b5ba42330945172a4772a77206ece22b3bc9","isMergeCommit":false,"messageTitle":"add mark, unmark, created Task.java","messageBody":"","tags":["Level-3"],"fileTypesAndContributionMap":{"java":{"insertions":79,"deletions":12}}}]},{"date":"2024-01-22","commitResults":[{"hash":"8753b76e97b1c932534a5f241c22e3ca58449a02","isMergeCommit":false,"messageTitle":"add todo.java","messageBody":"","fileTypesAndContributionMap":{"java":{"insertions":35,"deletions":4}}},{"hash":"364796e797f10fd71563520dd21bcdc9e456cdd5","isMergeCommit":false,"messageTitle":"add Event.java, Deadline.java","messageBody":"","tags":["Level-4"],"fileTypesAndContributionMap":{"java":{"insertions":49,"deletions":4}}},{"hash":"aa9d3584bc89e9281f54fb04617ca55e1b619547","isMergeCommit":false,"messageTitle":"setup ui test file, fix line display bug","messageBody":"","tags":["A-TextUiTesting"],"fileTypesAndContributionMap":{"txt":{"insertions":7,"deletions":0},"java":{"insertions":3,"deletions":3},"bat":{"insertions":6,"deletions":2}}},{"hash":"4265ce71065f83df919b5c8b3f4e507095cef253","isMergeCommit":false,"messageTitle":"add exception handling","messageBody":"","tags":["Level-5"],"fileTypesAndContributionMap":{"java":{"insertions":45,"deletions":28}}},{"hash":"8b0785b35e0f2318ee38c34c8f3052cfc4f2ce72","isMergeCommit":false,"messageTitle":"change array implementation to ArrayList","messageBody":"","fileTypesAndContributionMap":{"java":{"insertions":29,"deletions":15}}},{"hash":"b8a3e6df24b0c771a8e195b14720342f381ca0a2","isMergeCommit":false,"messageTitle":"create delete function","messageBody":"","tags":["Level-6"],"fileTypesAndContributionMap":{"java":{"insertions":18,"deletions":1}}},{"hash":"fe1df82b91472de7619baff1a380bd5f080ba4d5","isMergeCommit":false,"messageTitle":"refactor to use enums","messageBody":"","tags":["A-Enums"],"fileTypesAndContributionMap":{"java":{"insertions":99,"deletions":93}}}]},{"date":"2024-01-26","commitResults":[{"hash":"db558ea3638ce60c2ca0dcff675019aca89b28ec","isMergeCommit":false,"messageTitle":"Fix switch case indent convention","messageBody":"","fileTypesAndContributionMap":{"java":{"insertions":99,"deletions":98}}}]},{"date":"2024-01-28","commitResults":[{"hash":"8fca0f15503afd7956ad152e4cf6eec3bdc59d0f","isMergeCommit":false,"messageTitle":"Rename Shirmin.java to Duke.java and update runtest.bat accordingly","messageBody":"","fileTypesAndContributionMap":{"java":{"insertions":183,"deletions":193},"bat":{"insertions":2,"deletions":2}}}]},{"date":"2024-01-29","commitResults":[{"hash":"b705926995d35c918508a0cb6182895cbef47b8f","isMergeCommit":false,"messageTitle":"Add helper functions to event classes","messageBody":"","fileTypesAndContributionMap":{"java":{"insertions":14,"deletions":1}}},{"hash":"95d7c8557b248499fecf0ac2f5a15c5809e95c25","isMergeCommit":false,"messageTitle":"Add save to hard disk functionality","messageBody":"","fileTypesAndContributionMap":{"java":{"insertions":184,"deletions":106}}},{"hash":"4053d353779cb311d25adbd7fd4cefce20d45122","isMergeCommit":false,"messageTitle":"Add load data from file functionality","messageBody":"","fileTypesAndContributionMap":{"java":{"insertions":59,"deletions":5}}},{"hash":"c04f3188c35390437fc9f7c823c5a2559f08ae5a","isMergeCommit":false,"messageTitle":"Fix save to file functionality for mark, unmark, delete","messageBody":"","fileTypesAndContributionMap":{"java":{"insertions":21,"deletions":1}}},{"hash":"ce3850b1ce041ac14c4934a09f1a029bfda28c5a","isMergeCommit":true,"messageTitle":"Merge branch \u0027branch-Level-7\u0027","messageBody":"","tags":["Level-7"],"fileTypesAndContributionMap":{}}]}]},"authorFileTypeContributionMap":{"nichee":{"java":416,"md":0,"fxml":0,"sh":0,"bat":6,"gradle":0,"txt":7}},"authorContributionVariance":{"nichee":30276.264},"authorDisplayNameMap":{"nichee":"CS2103T-T13-1 NICH.. YAO"}}
