[{"path":"src/main/java/Deadline.java","fileType":"java","lines":[{"lineNumber":1,"author":{"gitId":"reetmitra"},"content":"public class Deadline extends Task {","lastModifiedDate":"2024-01-29"},{"lineNumber":2,"author":{"gitId":"reetmitra"},"content":"    protected String by;","lastModifiedDate":"2024-01-29"},{"lineNumber":3,"author":{"gitId":"reetmitra"},"content":"","lastModifiedDate":"2024-01-29"},{"lineNumber":4,"author":{"gitId":"reetmitra"},"content":"    public Deadline(String description, String by) {","lastModifiedDate":"2024-01-29"},{"lineNumber":5,"author":{"gitId":"reetmitra"},"content":"        super(description);","lastModifiedDate":"2024-01-29"},{"lineNumber":6,"author":{"gitId":"reetmitra"},"content":"        this.by \u003d by;","lastModifiedDate":"2024-01-29"},{"lineNumber":7,"author":{"gitId":"reetmitra"},"content":"    }","lastModifiedDate":"2024-01-29"},{"lineNumber":8,"author":{"gitId":"reetmitra"},"content":"","lastModifiedDate":"2024-01-29"},{"lineNumber":9,"author":{"gitId":"reetmitra"},"content":"    @Override","lastModifiedDate":"2024-01-29"},{"lineNumber":10,"author":{"gitId":"reetmitra"},"content":"    public String toString() {","lastModifiedDate":"2024-01-29"},{"lineNumber":11,"author":{"gitId":"reetmitra"},"content":"        return \"[D]\" + super.toString() + \" (by: \" + by + \")\";","lastModifiedDate":"2024-01-29"},{"lineNumber":12,"author":{"gitId":"reetmitra"},"content":"    }","lastModifiedDate":"2024-01-29"},{"lineNumber":13,"author":{"gitId":"reetmitra"},"content":"}","lastModifiedDate":"2024-01-29"}],"authorContributionMap":{"reetmitra":13}},{"path":"src/main/java/Duke.java","fileType":"java","lines":[{"lineNumber":1,"author":{"gitId":"reetmitra"},"content":"import java.util.Scanner;","lastModifiedDate":"2024-01-28"},{"lineNumber":2,"author":{"gitId":"reetmitra"},"content":"","lastModifiedDate":"2024-01-28"},{"lineNumber":3,"author":{"gitId":"-"},"content":"public class Duke {","lastModifiedDate":"2019-07-29"},{"lineNumber":4,"author":{"gitId":"reetmitra"},"content":"    private static final int MAX_NO_OF_TASKS \u003d 100;","lastModifiedDate":"2024-01-28"},{"lineNumber":5,"author":{"gitId":"reetmitra"},"content":"    private static Task[] tasks \u003d new Task[MAX_NO_OF_TASKS];","lastModifiedDate":"2024-01-29"},{"lineNumber":6,"author":{"gitId":"reetmitra"},"content":"    private static int taskCount \u003d 0;","lastModifiedDate":"2024-01-28"},{"lineNumber":7,"author":{"gitId":"reetmitra"},"content":"","lastModifiedDate":"2024-01-29"},{"lineNumber":8,"author":{"gitId":"-"},"content":"    public static void main(String[] args) {","lastModifiedDate":"2019-07-29"},{"lineNumber":9,"author":{"gitId":"reetmitra"},"content":"        Scanner scanner \u003d new Scanner(System.in);","lastModifiedDate":"2024-01-28"},{"lineNumber":10,"author":{"gitId":"reetmitra"},"content":"","lastModifiedDate":"2024-01-28"},{"lineNumber":11,"author":{"gitId":"reetmitra"},"content":"        System.out.println(\"____________________________________________________________\");","lastModifiedDate":"2024-01-28"},{"lineNumber":12,"author":{"gitId":"reetmitra"},"content":"        System.out.println(\"Hello! I\u0027m EchoPilot.\");","lastModifiedDate":"2024-01-29"},{"lineNumber":13,"author":{"gitId":"reetmitra"},"content":"        System.out.println(\"What can I do for you?\");","lastModifiedDate":"2024-01-28"},{"lineNumber":14,"author":{"gitId":"reetmitra"},"content":"        System.out.println(\"____________________________________________________________\");","lastModifiedDate":"2024-01-28"},{"lineNumber":15,"author":{"gitId":"reetmitra"},"content":"","lastModifiedDate":"2024-01-28"},{"lineNumber":16,"author":{"gitId":"reetmitra"},"content":"        while (true) {","lastModifiedDate":"2024-01-28"},{"lineNumber":17,"author":{"gitId":"reetmitra"},"content":"            String userInput \u003d scanner.nextLine().trim();","lastModifiedDate":"2024-01-29"},{"lineNumber":18,"author":{"gitId":"reetmitra"},"content":"            String[] parts \u003d userInput.split(\" \", 2);","lastModifiedDate":"2024-01-29"},{"lineNumber":19,"author":{"gitId":"reetmitra"},"content":"            String command \u003d parts[0];","lastModifiedDate":"2024-01-29"},{"lineNumber":20,"author":{"gitId":"reetmitra"},"content":"","lastModifiedDate":"2024-01-28"},{"lineNumber":21,"author":{"gitId":"reetmitra"},"content":"            if (command.equalsIgnoreCase(\"bye\")) {","lastModifiedDate":"2024-01-29"},{"lineNumber":22,"author":{"gitId":"reetmitra"},"content":"                break;","lastModifiedDate":"2024-01-28"},{"lineNumber":23,"author":{"gitId":"reetmitra"},"content":"            } else if (command.equalsIgnoreCase(\"list\")) {","lastModifiedDate":"2024-01-29"},{"lineNumber":24,"author":{"gitId":"reetmitra"},"content":"                System.out.println(\"____________________________________________________________\");","lastModifiedDate":"2024-01-28"},{"lineNumber":25,"author":{"gitId":"reetmitra"},"content":"                System.out.println(\"Here are the tasks in your list:\");","lastModifiedDate":"2024-01-29"},{"lineNumber":26,"author":{"gitId":"reetmitra"},"content":"                for (int i \u003d 0; i \u003c taskCount; i++) {","lastModifiedDate":"2024-01-28"},{"lineNumber":27,"author":{"gitId":"reetmitra"},"content":"                    System.out.println((i + 1) + \".\" + tasks[i]);","lastModifiedDate":"2024-01-29"},{"lineNumber":28,"author":{"gitId":"reetmitra"},"content":"                }","lastModifiedDate":"2024-01-28"},{"lineNumber":29,"author":{"gitId":"reetmitra"},"content":"                System.out.println(\"____________________________________________________________\");","lastModifiedDate":"2024-01-28"},{"lineNumber":30,"author":{"gitId":"reetmitra"},"content":"            } else if (command.equalsIgnoreCase(\"mark\") || command.equalsIgnoreCase(\"unmark\")) {","lastModifiedDate":"2024-01-29"},{"lineNumber":31,"author":{"gitId":"reetmitra"},"content":"                markAsDone(command, parts[1]);","lastModifiedDate":"2024-01-29"},{"lineNumber":32,"author":{"gitId":"reetmitra"},"content":"            } else {","lastModifiedDate":"2024-01-28"},{"lineNumber":33,"author":{"gitId":"reetmitra"},"content":"                createNewTask(parts);","lastModifiedDate":"2024-01-29"},{"lineNumber":34,"author":{"gitId":"reetmitra"},"content":"            }","lastModifiedDate":"2024-01-28"},{"lineNumber":35,"author":{"gitId":"reetmitra"},"content":"        }","lastModifiedDate":"2024-01-28"},{"lineNumber":36,"author":{"gitId":"reetmitra"},"content":"","lastModifiedDate":"2024-01-28"},{"lineNumber":37,"author":{"gitId":"reetmitra"},"content":"        System.out.println(\"Bye. Hope to see you again soon!\");","lastModifiedDate":"2024-01-28"},{"lineNumber":38,"author":{"gitId":"reetmitra"},"content":"        System.out.println(\"____________________________________________________________\");","lastModifiedDate":"2024-01-28"},{"lineNumber":39,"author":{"gitId":"reetmitra"},"content":"","lastModifiedDate":"2024-01-28"},{"lineNumber":40,"author":{"gitId":"reetmitra"},"content":"        scanner.close();","lastModifiedDate":"2024-01-28"},{"lineNumber":41,"author":{"gitId":"-"},"content":"    }","lastModifiedDate":"2019-07-29"},{"lineNumber":42,"author":{"gitId":"reetmitra"},"content":"","lastModifiedDate":"2024-01-29"},{"lineNumber":43,"author":{"gitId":"reetmitra"},"content":"    private static void markAsDone(String command, String taskNumberStr) {","lastModifiedDate":"2024-01-29"},{"lineNumber":44,"author":{"gitId":"reetmitra"},"content":"        int taskNumber \u003d Integer.parseInt(taskNumberStr) - 1;","lastModifiedDate":"2024-01-29"},{"lineNumber":45,"author":{"gitId":"reetmitra"},"content":"        if (taskNumber \u003e\u003d 0 \u0026\u0026 taskNumber \u003c taskCount) {","lastModifiedDate":"2024-01-29"},{"lineNumber":46,"author":{"gitId":"reetmitra"},"content":"            if (command.equalsIgnoreCase(\"mark\")) {","lastModifiedDate":"2024-01-29"},{"lineNumber":47,"author":{"gitId":"reetmitra"},"content":"                tasks[taskNumber].markAsDone();","lastModifiedDate":"2024-01-29"},{"lineNumber":48,"author":{"gitId":"reetmitra"},"content":"                System.out.println(\"____________________________________________________________\");","lastModifiedDate":"2024-01-29"},{"lineNumber":49,"author":{"gitId":"reetmitra"},"content":"                System.out.println(\"Nice! I\u0027ve marked this task as done:\\n  \" + tasks[taskNumber]);","lastModifiedDate":"2024-01-29"},{"lineNumber":50,"author":{"gitId":"reetmitra"},"content":"            } else if (command.equalsIgnoreCase(\"unmark\")) {","lastModifiedDate":"2024-01-29"},{"lineNumber":51,"author":{"gitId":"reetmitra"},"content":"                tasks[taskNumber].unmarkAsDone();","lastModifiedDate":"2024-01-29"},{"lineNumber":52,"author":{"gitId":"reetmitra"},"content":"                System.out.println(\"____________________________________________________________\");","lastModifiedDate":"2024-01-29"},{"lineNumber":53,"author":{"gitId":"reetmitra"},"content":"                System.out.println(\"OK, I\u0027ve marked this task as not done yet:\\n  \" + tasks[taskNumber]);","lastModifiedDate":"2024-01-29"},{"lineNumber":54,"author":{"gitId":"reetmitra"},"content":"            }","lastModifiedDate":"2024-01-29"},{"lineNumber":55,"author":{"gitId":"reetmitra"},"content":"            System.out.println(\"____________________________________________________________\");","lastModifiedDate":"2024-01-29"},{"lineNumber":56,"author":{"gitId":"reetmitra"},"content":"        }","lastModifiedDate":"2024-01-29"},{"lineNumber":57,"author":{"gitId":"reetmitra"},"content":"    }","lastModifiedDate":"2024-01-29"},{"lineNumber":58,"author":{"gitId":"reetmitra"},"content":"","lastModifiedDate":"2024-01-29"},{"lineNumber":59,"author":{"gitId":"reetmitra"},"content":"    private static void createNewTask(String[] parts) {","lastModifiedDate":"2024-01-29"},{"lineNumber":60,"author":{"gitId":"reetmitra"},"content":"        Task newTask \u003d null;","lastModifiedDate":"2024-01-29"},{"lineNumber":61,"author":{"gitId":"reetmitra"},"content":"        switch (parts[0].toLowerCase()) {","lastModifiedDate":"2024-01-29"},{"lineNumber":62,"author":{"gitId":"reetmitra"},"content":"            case \"todo\":","lastModifiedDate":"2024-01-29"},{"lineNumber":63,"author":{"gitId":"reetmitra"},"content":"                newTask \u003d new Todo(parts[1]);","lastModifiedDate":"2024-01-29"},{"lineNumber":64,"author":{"gitId":"reetmitra"},"content":"                break;","lastModifiedDate":"2024-01-29"},{"lineNumber":65,"author":{"gitId":"reetmitra"},"content":"            case \"deadline\":","lastModifiedDate":"2024-01-29"},{"lineNumber":66,"author":{"gitId":"reetmitra"},"content":"                String[] deadlineParts \u003d parts[1].split(\" /by \", 2);","lastModifiedDate":"2024-01-29"},{"lineNumber":67,"author":{"gitId":"reetmitra"},"content":"                newTask \u003d new Deadline(deadlineParts[0], deadlineParts[1]);","lastModifiedDate":"2024-01-29"},{"lineNumber":68,"author":{"gitId":"reetmitra"},"content":"                break;","lastModifiedDate":"2024-01-29"},{"lineNumber":69,"author":{"gitId":"reetmitra"},"content":"            case \"event\":","lastModifiedDate":"2024-01-29"},{"lineNumber":70,"author":{"gitId":"reetmitra"},"content":"                String[] eventParts \u003d parts[1].split(\" /from \", 2);","lastModifiedDate":"2024-01-29"},{"lineNumber":71,"author":{"gitId":"reetmitra"},"content":"                String[] timeParts \u003d eventParts[1].split(\" /to \", 2);","lastModifiedDate":"2024-01-29"},{"lineNumber":72,"author":{"gitId":"reetmitra"},"content":"                newTask \u003d new Event(eventParts[0], timeParts[0], timeParts[1]);","lastModifiedDate":"2024-01-29"},{"lineNumber":73,"author":{"gitId":"reetmitra"},"content":"                break;","lastModifiedDate":"2024-01-29"},{"lineNumber":74,"author":{"gitId":"reetmitra"},"content":"        }","lastModifiedDate":"2024-01-29"},{"lineNumber":75,"author":{"gitId":"reetmitra"},"content":"","lastModifiedDate":"2024-01-29"},{"lineNumber":76,"author":{"gitId":"reetmitra"},"content":"        if (newTask !\u003d null) {","lastModifiedDate":"2024-01-29"},{"lineNumber":77,"author":{"gitId":"reetmitra"},"content":"            tasks[taskCount++] \u003d newTask;","lastModifiedDate":"2024-01-29"},{"lineNumber":78,"author":{"gitId":"reetmitra"},"content":"            System.out.println(\"____________________________________________________________\");","lastModifiedDate":"2024-01-29"},{"lineNumber":79,"author":{"gitId":"reetmitra"},"content":"            System.out.println(\"Got it. I\u0027ve added this task:\\n  \" + newTask);","lastModifiedDate":"2024-01-29"},{"lineNumber":80,"author":{"gitId":"reetmitra"},"content":"            System.out.println(\"Now you have \" + taskCount + \" tasks in the list.\");","lastModifiedDate":"2024-01-29"},{"lineNumber":81,"author":{"gitId":"reetmitra"},"content":"            System.out.println(\"____________________________________________________________\");","lastModifiedDate":"2024-01-29"},{"lineNumber":82,"author":{"gitId":"reetmitra"},"content":"        }","lastModifiedDate":"2024-01-29"},{"lineNumber":83,"author":{"gitId":"-"},"content":"    }","lastModifiedDate":"2024-01-29"},{"lineNumber":84,"author":{"gitId":"-"},"content":"}","lastModifiedDate":"2019-07-29"}],"authorContributionMap":{"reetmitra":79,"-":5}},{"path":"src/main/java/Event.java","fileType":"java","lines":[{"lineNumber":1,"author":{"gitId":"reetmitra"},"content":"public class Event extends Task {","lastModifiedDate":"2024-01-29"},{"lineNumber":2,"author":{"gitId":"reetmitra"},"content":"    protected String from;","lastModifiedDate":"2024-01-29"},{"lineNumber":3,"author":{"gitId":"reetmitra"},"content":"    protected String to;","lastModifiedDate":"2024-01-29"},{"lineNumber":4,"author":{"gitId":"reetmitra"},"content":"","lastModifiedDate":"2024-01-29"},{"lineNumber":5,"author":{"gitId":"reetmitra"},"content":"    public Event(String description, String from, String to) {","lastModifiedDate":"2024-01-29"},{"lineNumber":6,"author":{"gitId":"reetmitra"},"content":"        super(description);","lastModifiedDate":"2024-01-29"},{"lineNumber":7,"author":{"gitId":"reetmitra"},"content":"        this.from \u003d from;","lastModifiedDate":"2024-01-29"},{"lineNumber":8,"author":{"gitId":"reetmitra"},"content":"        this.to \u003d to;","lastModifiedDate":"2024-01-29"},{"lineNumber":9,"author":{"gitId":"reetmitra"},"content":"    }","lastModifiedDate":"2024-01-29"},{"lineNumber":10,"author":{"gitId":"reetmitra"},"content":"","lastModifiedDate":"2024-01-29"},{"lineNumber":11,"author":{"gitId":"reetmitra"},"content":"    @Override","lastModifiedDate":"2024-01-29"},{"lineNumber":12,"author":{"gitId":"reetmitra"},"content":"    public String toString() {","lastModifiedDate":"2024-01-29"},{"lineNumber":13,"author":{"gitId":"reetmitra"},"content":"        return \"[E]\" + super.toString() + \" (from: \" + from + \" to: \" + to + \")\";","lastModifiedDate":"2024-01-29"},{"lineNumber":14,"author":{"gitId":"reetmitra"},"content":"    }","lastModifiedDate":"2024-01-29"},{"lineNumber":15,"author":{"gitId":"reetmitra"},"content":"}","lastModifiedDate":"2024-01-29"}],"authorContributionMap":{"reetmitra":15}},{"path":"src/main/java/Task.java","fileType":"java","lines":[{"lineNumber":1,"author":{"gitId":"reetmitra"},"content":"public class Task {","lastModifiedDate":"2024-01-29"},{"lineNumber":2,"author":{"gitId":"reetmitra"},"content":"    protected String description;","lastModifiedDate":"2024-01-29"},{"lineNumber":3,"author":{"gitId":"reetmitra"},"content":"    protected boolean isComplete;","lastModifiedDate":"2024-01-29"},{"lineNumber":4,"author":{"gitId":"reetmitra"},"content":"","lastModifiedDate":"2024-01-29"},{"lineNumber":5,"author":{"gitId":"reetmitra"},"content":"    public Task(String description) {","lastModifiedDate":"2024-01-29"},{"lineNumber":6,"author":{"gitId":"reetmitra"},"content":"        this.description \u003d description;","lastModifiedDate":"2024-01-29"},{"lineNumber":7,"author":{"gitId":"reetmitra"},"content":"        this.isComplete \u003d false;","lastModifiedDate":"2024-01-29"},{"lineNumber":8,"author":{"gitId":"reetmitra"},"content":"    }","lastModifiedDate":"2024-01-29"},{"lineNumber":9,"author":{"gitId":"reetmitra"},"content":"","lastModifiedDate":"2024-01-29"},{"lineNumber":10,"author":{"gitId":"reetmitra"},"content":"    public void markAsDone() {","lastModifiedDate":"2024-01-29"},{"lineNumber":11,"author":{"gitId":"reetmitra"},"content":"        isComplete \u003d true;","lastModifiedDate":"2024-01-29"},{"lineNumber":12,"author":{"gitId":"reetmitra"},"content":"    }","lastModifiedDate":"2024-01-29"},{"lineNumber":13,"author":{"gitId":"reetmitra"},"content":"","lastModifiedDate":"2024-01-29"},{"lineNumber":14,"author":{"gitId":"reetmitra"},"content":"    public void unmarkAsDone() {","lastModifiedDate":"2024-01-29"},{"lineNumber":15,"author":{"gitId":"reetmitra"},"content":"        isComplete \u003d false;","lastModifiedDate":"2024-01-29"},{"lineNumber":16,"author":{"gitId":"reetmitra"},"content":"    }","lastModifiedDate":"2024-01-29"},{"lineNumber":17,"author":{"gitId":"reetmitra"},"content":"","lastModifiedDate":"2024-01-29"},{"lineNumber":18,"author":{"gitId":"reetmitra"},"content":"    public String getStatusIcon() {","lastModifiedDate":"2024-01-29"},{"lineNumber":19,"author":{"gitId":"reetmitra"},"content":"        return (isComplete ? \"X\" : \" \");","lastModifiedDate":"2024-01-29"},{"lineNumber":20,"author":{"gitId":"reetmitra"},"content":"    }","lastModifiedDate":"2024-01-29"},{"lineNumber":21,"author":{"gitId":"reetmitra"},"content":"","lastModifiedDate":"2024-01-29"},{"lineNumber":22,"author":{"gitId":"reetmitra"},"content":"    @Override","lastModifiedDate":"2024-01-29"},{"lineNumber":23,"author":{"gitId":"reetmitra"},"content":"    public String toString() {","lastModifiedDate":"2024-01-29"},{"lineNumber":24,"author":{"gitId":"reetmitra"},"content":"        return \"[\" + getStatusIcon() + \"] \" + description;","lastModifiedDate":"2024-01-29"},{"lineNumber":25,"author":{"gitId":"reetmitra"},"content":"    }","lastModifiedDate":"2024-01-29"},{"lineNumber":26,"author":{"gitId":"reetmitra"},"content":"}","lastModifiedDate":"2024-01-29"}],"authorContributionMap":{"reetmitra":26}},{"path":"src/main/java/Todo.java","fileType":"java","lines":[{"lineNumber":1,"author":{"gitId":"reetmitra"},"content":"public class Todo extends Task {","lastModifiedDate":"2024-01-29"},{"lineNumber":2,"author":{"gitId":"reetmitra"},"content":"    public Todo(String description) {","lastModifiedDate":"2024-01-29"},{"lineNumber":3,"author":{"gitId":"reetmitra"},"content":"        super(description);","lastModifiedDate":"2024-01-29"},{"lineNumber":4,"author":{"gitId":"reetmitra"},"content":"    }","lastModifiedDate":"2024-01-29"},{"lineNumber":5,"author":{"gitId":"reetmitra"},"content":"","lastModifiedDate":"2024-01-29"},{"lineNumber":6,"author":{"gitId":"reetmitra"},"content":"    @Override","lastModifiedDate":"2024-01-29"},{"lineNumber":7,"author":{"gitId":"reetmitra"},"content":"    public String toString() {","lastModifiedDate":"2024-01-29"},{"lineNumber":8,"author":{"gitId":"reetmitra"},"content":"        return \"[T]\" + super.toString();","lastModifiedDate":"2024-01-29"},{"lineNumber":9,"author":{"gitId":"reetmitra"},"content":"    }","lastModifiedDate":"2024-01-29"},{"lineNumber":10,"author":{"gitId":"reetmitra"},"content":"}","lastModifiedDate":"2024-01-29"}],"authorContributionMap":{"reetmitra":10}},{"path":"text-ui-test/input.txt","fileType":"txt","lines":[{"lineNumber":1,"author":{"gitId":"reetmitra"},"content":"todo read a book","lastModifiedDate":"2024-01-29"},{"lineNumber":2,"author":{"gitId":"reetmitra"},"content":"deadline return library books /by Friday","lastModifiedDate":"2024-01-29"},{"lineNumber":3,"author":{"gitId":"reetmitra"},"content":"event project meeting /from Mon 2pm /to 4pm","lastModifiedDate":"2024-01-29"},{"lineNumber":4,"author":{"gitId":"reetmitra"},"content":"list","lastModifiedDate":"2024-01-29"},{"lineNumber":5,"author":{"gitId":"reetmitra"},"content":"mark 1","lastModifiedDate":"2024-01-29"},{"lineNumber":6,"author":{"gitId":"reetmitra"},"content":"list","lastModifiedDate":"2024-01-29"},{"lineNumber":7,"author":{"gitId":"reetmitra"},"content":"unmark 1","lastModifiedDate":"2024-01-29"},{"lineNumber":8,"author":{"gitId":"reetmitra"},"content":"list","lastModifiedDate":"2024-01-29"},{"lineNumber":9,"author":{"gitId":"reetmitra"},"content":"bye","lastModifiedDate":"2024-01-29"}],"authorContributionMap":{"reetmitra":9}},{"path":"text-ui-test/runtest.sh","fileType":"sh","lines":[{"lineNumber":1,"author":{"gitId":"-"},"content":"#!/usr/bin/env bash","lastModifiedDate":"2020-05-25"},{"lineNumber":2,"author":{"gitId":"-"},"content":"","lastModifiedDate":"2020-05-25"},{"lineNumber":3,"author":{"gitId":"-"},"content":"# create bin directory if it doesn\u0027t exist","lastModifiedDate":"2020-05-25"},{"lineNumber":4,"author":{"gitId":"-"},"content":"if [ ! -d \"../bin\" ]","lastModifiedDate":"2020-05-25"},{"lineNumber":5,"author":{"gitId":"-"},"content":"then","lastModifiedDate":"2020-05-25"},{"lineNumber":6,"author":{"gitId":"-"},"content":"    mkdir ../bin","lastModifiedDate":"2020-05-25"},{"lineNumber":7,"author":{"gitId":"-"},"content":"fi","lastModifiedDate":"2020-05-25"},{"lineNumber":8,"author":{"gitId":"-"},"content":"","lastModifiedDate":"2020-05-25"},{"lineNumber":9,"author":{"gitId":"-"},"content":"# delete output from previous run","lastModifiedDate":"2020-05-25"},{"lineNumber":10,"author":{"gitId":"-"},"content":"if [ -e \"./ACTUAL.TXT\" ]","lastModifiedDate":"2020-05-25"},{"lineNumber":11,"author":{"gitId":"-"},"content":"then","lastModifiedDate":"2020-05-25"},{"lineNumber":12,"author":{"gitId":"-"},"content":"    rm ACTUAL.TXT","lastModifiedDate":"2020-05-25"},{"lineNumber":13,"author":{"gitId":"-"},"content":"fi","lastModifiedDate":"2020-05-25"},{"lineNumber":14,"author":{"gitId":"-"},"content":"","lastModifiedDate":"2020-05-25"},{"lineNumber":15,"author":{"gitId":"-"},"content":"# compile the code into the bin folder, terminates if error occurred","lastModifiedDate":"2020-05-25"},{"lineNumber":16,"author":{"gitId":"-"},"content":"if ! javac -cp ../src/main/java -Xlint:none -d ../bin ../src/main/java/*.java","lastModifiedDate":"2020-08-25"},{"lineNumber":17,"author":{"gitId":"-"},"content":"then","lastModifiedDate":"2020-05-25"},{"lineNumber":18,"author":{"gitId":"-"},"content":"    echo \"********** BUILD FAILURE **********\"","lastModifiedDate":"2020-05-25"},{"lineNumber":19,"author":{"gitId":"-"},"content":"    exit 1","lastModifiedDate":"2020-05-25"},{"lineNumber":20,"author":{"gitId":"-"},"content":"fi","lastModifiedDate":"2020-05-25"},{"lineNumber":21,"author":{"gitId":"-"},"content":"","lastModifiedDate":"2020-05-25"},{"lineNumber":22,"author":{"gitId":"-"},"content":"# run the program, feed commands from input.txt file and redirect the output to the ACTUAL.TXT","lastModifiedDate":"2020-05-25"},{"lineNumber":23,"author":{"gitId":"-"},"content":"java -classpath ../bin Duke \u003c input.txt \u003e ACTUAL.TXT","lastModifiedDate":"2020-05-25"},{"lineNumber":24,"author":{"gitId":"-"},"content":"","lastModifiedDate":"2020-05-25"},{"lineNumber":25,"author":{"gitId":"-"},"content":"# compare the output to the expected output","lastModifiedDate":"2020-05-25"},{"lineNumber":26,"author":{"gitId":"reetmitra"},"content":"diff ACTUAL.TXT EXPECTED.TXT","lastModifiedDate":"2024-01-29"},{"lineNumber":27,"author":{"gitId":"-"},"content":"if [ $? -eq 0 ]","lastModifiedDate":"2020-05-25"},{"lineNumber":28,"author":{"gitId":"-"},"content":"then","lastModifiedDate":"2020-05-25"},{"lineNumber":29,"author":{"gitId":"-"},"content":"    echo \"Test result: PASSED\"","lastModifiedDate":"2020-05-25"},{"lineNumber":30,"author":{"gitId":"-"},"content":"    exit 0","lastModifiedDate":"2020-05-25"},{"lineNumber":31,"author":{"gitId":"-"},"content":"else","lastModifiedDate":"2020-05-25"},{"lineNumber":32,"author":{"gitId":"-"},"content":"    echo \"Test result: FAILED\"","lastModifiedDate":"2020-05-25"},{"lineNumber":33,"author":{"gitId":"-"},"content":"    exit 1","lastModifiedDate":"2020-05-25"},{"lineNumber":34,"author":{"gitId":"-"},"content":"fi","lastModifiedDate":"2020-05-25"}],"authorContributionMap":{"reetmitra":1,"-":33}}]
