{"authorDailyContributionsMap":{"reetmitra":[{"date":"2024-01-28","commitResults":[{"hash":"564da4ebe24dce2b6ea4953efe18d069bc373b82","isMergeCommit":false,"messageTitle":"Rename, Greet, Exit","messageBody":"","tags":["Level-0"],"fileTypesAndContributionMap":{"java":{"insertions":9,"deletions":6}}},{"hash":"07dd8439a936e32e3531956d5956f0fdc7d66e1e","isMergeCommit":false,"messageTitle":"Echo","messageBody":"","tags":["Level-1"],"fileTypesAndContributionMap":{"java":{"insertions":14,"deletions":0}}},{"hash":"8d24cfe6287c305ea81146a7b87b60c436b943d6","isMergeCommit":false,"messageTitle":"Add, List","messageBody":"","tags":["Level-2"],"fileTypesAndContributionMap":{"java":{"insertions":27,"deletions":4}}}]},{"date":"2024-01-29","commitResults":[{"hash":"1da0dc261a46c9bea5c4fc4258d37154ff0b2cbf","isMergeCommit":false,"messageTitle":"Mark as Done","messageBody":"","tags":["Level-3"],"fileTypesAndContributionMap":{"java":{"insertions":55,"deletions":22}}},{"hash":"2b70cec1152f17715266dc1269b834cee7932863","isMergeCommit":false,"messageTitle":"ToDos, Events, Deadlines","messageBody":"","tags":["Level-4"],"fileTypesAndContributionMap":{"java":{"insertions":85,"deletions":20}}},{"hash":"58b174737a2b886959e9afe4cb9d2a6a34366b85","isMergeCommit":false,"messageTitle":"Automated Text UI Testing","messageBody":"","tags":["A-TextUiTesting"],"fileTypesAndContributionMap":{"txt":{"insertions":9,"deletions":0},"sh":{"insertions":1,"deletions":5}}}]},{"date":"2024-01-30","commitResults":[{"hash":"5c6af8ead1c8574ca73fca92be34440492acdd60","isMergeCommit":false,"messageTitle":"Handle Errors","messageBody":"","tags":["Level-5"],"fileTypesAndContributionMap":{"java":{"insertions":73,"deletions":28}}},{"hash":"896eecfe8d8645ed2a42c512aba70a47f35e6960","isMergeCommit":false,"messageTitle":"Delete","messageBody":"","tags":["Level-6"],"fileTypesAndContributionMap":{"java":{"insertions":31,"deletions":13}}}]},{"date":"2024-01-31","commitResults":[{"hash":"f89a33bbdd3cf2890225781b83c255380d3a19db","isMergeCommit":false,"messageTitle":"Level 7 Saving implemented","messageBody":"","tags":["Level-7"],"fileTypesAndContributionMap":{"java":{"insertions":101,"deletions":13}}},{"hash":"e5ac14b6977c8d8e6d91c97435bac28588c94f04","isMergeCommit":false,"messageTitle":"data file","messageBody":"","fileTypesAndContributionMap":{"txt":{"insertions":5,"deletions":0}}}]},{"date":"2024-02-02","commitResults":[{"hash":"b4a8efe387bfd8a28483d33844d60c06e19c06da","isMergeCommit":false,"messageTitle":"Edit some parts to match expected outputs","messageBody":"","tags":["Level-8"],"fileTypesAndContributionMap":{"txt":{"insertions":0,"deletions":4},"java":{"insertions":9,"deletions":7}}}]},{"date":"2024-02-06","commitResults":[{"hash":"14cc30737e041fd1b2ab5843e30aa79e88a63634","isMergeCommit":false,"messageTitle":"Dates and Times","messageBody":"","tags":["A-MoreOOP"],"fileTypesAndContributionMap":{"txt":{"insertions":1,"deletions":0},"java":{"insertions":22,"deletions":7}}},{"hash":"7a02fd1a145c6775c33bf885b5f92d7e3aa111e3","isMergeCommit":false,"messageTitle":"Refactor code to match A-MoreOOP properties","messageBody":"","tags":["A-Packages"],"fileTypesAndContributionMap":{"txt":{"insertions":1,"deletions":0},"java":{"insertions":258,"deletions":200}}},{"hash":"eb93ed3282c6716c277a82e2a2aa91bfec264b1f","isMergeCommit":false,"messageTitle":"Organize the classes into suitable packages","messageBody":"","fileTypesAndContributionMap":{"java":{"insertions":46,"deletions":6},"bat":{"insertions":1,"deletions":1},"md":{"insertions":2,"deletions":2}}}]}]},"authorFileTypeContributionMap":{"reetmitra":{"java":412,"md":2,"fxml":0,"sh":1,"bat":1,"gradle":0,"txt":12}},"authorContributionVariance":{"reetmitra":16573.773},"authorDisplayNameMap":{"reetmitra":"CS2103T-T11-2 MITR..REET"}}
