[{"path":"src/main/java/Deadline.java","fileType":"java","lines":[{"lineNumber":1,"author":{"gitId":"triciiaaa"},"content":"import Task.Task;","lastModifiedDate":"2024-01-24"},{"lineNumber":2,"author":{"gitId":"triciiaaa"},"content":"","lastModifiedDate":"2024-01-24"},{"lineNumber":3,"author":{"gitId":"triciiaaa"},"content":"public class Deadline extends Task {","lastModifiedDate":"2024-01-24"},{"lineNumber":4,"author":{"gitId":"triciiaaa"},"content":"","lastModifiedDate":"2024-01-24"},{"lineNumber":5,"author":{"gitId":"triciiaaa"},"content":"    protected String by;","lastModifiedDate":"2024-01-24"},{"lineNumber":6,"author":{"gitId":"triciiaaa"},"content":"","lastModifiedDate":"2024-01-24"},{"lineNumber":7,"author":{"gitId":"triciiaaa"},"content":"    public Deadline(String description, String by) {","lastModifiedDate":"2024-01-24"},{"lineNumber":8,"author":{"gitId":"triciiaaa"},"content":"        super(description);","lastModifiedDate":"2024-01-24"},{"lineNumber":9,"author":{"gitId":"triciiaaa"},"content":"        this.by \u003d by;","lastModifiedDate":"2024-01-24"},{"lineNumber":10,"author":{"gitId":"triciiaaa"},"content":"    }","lastModifiedDate":"2024-01-24"},{"lineNumber":11,"author":{"gitId":"triciiaaa"},"content":"","lastModifiedDate":"2024-01-24"},{"lineNumber":12,"author":{"gitId":"triciiaaa"},"content":"    @Override","lastModifiedDate":"2024-01-24"},{"lineNumber":13,"author":{"gitId":"triciiaaa"},"content":"    public String toString() {","lastModifiedDate":"2024-01-24"},{"lineNumber":14,"author":{"gitId":"triciiaaa"},"content":"        return \"[D]\" + super.toString() + \" (by: \" + by + \")\";","lastModifiedDate":"2024-01-24"},{"lineNumber":15,"author":{"gitId":"triciiaaa"},"content":"    }","lastModifiedDate":"2024-01-24"},{"lineNumber":16,"author":{"gitId":"triciiaaa"},"content":"}","lastModifiedDate":"2024-01-24"}],"authorContributionMap":{"triciiaaa":16}},{"path":"src/main/java/Duke.java","fileType":"java","lines":[{"lineNumber":1,"author":{"gitId":"triciiaaa"},"content":"import java.util.*;","lastModifiedDate":"2024-01-24"},{"lineNumber":2,"author":{"gitId":"triciiaaa"},"content":"import Task.Task;","lastModifiedDate":"2024-01-24"},{"lineNumber":3,"author":{"gitId":"triciiaaa"},"content":"","lastModifiedDate":"2024-01-24"},{"lineNumber":4,"author":{"gitId":"-"},"content":"public class Duke {","lastModifiedDate":"2019-07-29"},{"lineNumber":5,"author":{"gitId":"-"},"content":"    public static void main(String[] args) {","lastModifiedDate":"2019-07-29"},{"lineNumber":6,"author":{"gitId":"triciiaaa"},"content":"        String divider \u003d \"        ------------------------------------------------------------\";","lastModifiedDate":"2024-01-24"},{"lineNumber":7,"author":{"gitId":"triciiaaa"},"content":"        String possibleCommands \u003d \"        TODO     --- todo [task name]\\n\" +","lastModifiedDate":"2024-01-25"},{"lineNumber":8,"author":{"gitId":"triciiaaa"},"content":"                                  \"        DEADLINE --- deadline [task name] /by [due date]\\n\" +","lastModifiedDate":"2024-01-25"},{"lineNumber":9,"author":{"gitId":"triciiaaa"},"content":"                                  \"        EVENT    --- event [task name] /from [date] /to [date]\" ;","lastModifiedDate":"2024-01-25"},{"lineNumber":10,"author":{"gitId":"triciiaaa"},"content":"        System.out.println(divider);","lastModifiedDate":"2024-01-24"},{"lineNumber":11,"author":{"gitId":"triciiaaa"},"content":"        System.out.println(\"        Hello! I\u0027m Chronos.\");","lastModifiedDate":"2024-01-24"},{"lineNumber":12,"author":{"gitId":"triciiaaa"},"content":"        System.out.println(\"        What can I do for you?\");","lastModifiedDate":"2024-01-24"},{"lineNumber":13,"author":{"gitId":"triciiaaa"},"content":"        System.out.println(divider);","lastModifiedDate":"2024-01-24"},{"lineNumber":14,"author":{"gitId":"triciiaaa"},"content":"","lastModifiedDate":"2024-01-24"},{"lineNumber":15,"author":{"gitId":"triciiaaa"},"content":"        Scanner sc \u003d new Scanner(System.in);","lastModifiedDate":"2024-01-24"},{"lineNumber":16,"author":{"gitId":"triciiaaa"},"content":"        ArrayList\u003cTask\u003e tasks \u003d new ArrayList\u003cTask\u003e();","lastModifiedDate":"2024-01-24"},{"lineNumber":17,"author":{"gitId":"triciiaaa"},"content":"        int noOfTasks \u003d 0;","lastModifiedDate":"2024-01-24"},{"lineNumber":18,"author":{"gitId":"triciiaaa"},"content":"","lastModifiedDate":"2024-01-24"},{"lineNumber":19,"author":{"gitId":"triciiaaa"},"content":"        while (sc.hasNextLine()) {","lastModifiedDate":"2024-01-25"},{"lineNumber":20,"author":{"gitId":"triciiaaa"},"content":"            String command \u003d sc.nextLine();","lastModifiedDate":"2024-01-24"},{"lineNumber":21,"author":{"gitId":"triciiaaa"},"content":"            String[] token \u003d command.split(\" \", 2);","lastModifiedDate":"2024-01-24"},{"lineNumber":22,"author":{"gitId":"triciiaaa"},"content":"","lastModifiedDate":"2024-01-24"},{"lineNumber":23,"author":{"gitId":"triciiaaa"},"content":"            if (token[0].equals(\"bye\")) {","lastModifiedDate":"2024-01-24"},{"lineNumber":24,"author":{"gitId":"triciiaaa"},"content":"                System.out.println(divider);","lastModifiedDate":"2024-01-24"},{"lineNumber":25,"author":{"gitId":"triciiaaa"},"content":"                System.out.println(\"        Bye. Hope to see you again soon!\");","lastModifiedDate":"2024-01-24"},{"lineNumber":26,"author":{"gitId":"triciiaaa"},"content":"                System.out.println(divider);","lastModifiedDate":"2024-01-24"},{"lineNumber":27,"author":{"gitId":"triciiaaa"},"content":"                break;","lastModifiedDate":"2024-01-24"},{"lineNumber":28,"author":{"gitId":"triciiaaa"},"content":"            } else {","lastModifiedDate":"2024-01-24"},{"lineNumber":29,"author":{"gitId":"triciiaaa"},"content":"                switch(token[0]) {","lastModifiedDate":"2024-01-24"},{"lineNumber":30,"author":{"gitId":"triciiaaa"},"content":"                    case \"list\":","lastModifiedDate":"2024-01-24"},{"lineNumber":31,"author":{"gitId":"triciiaaa"},"content":"                        if (token.length !\u003d 1) {","lastModifiedDate":"2024-01-25"},{"lineNumber":32,"author":{"gitId":"triciiaaa"},"content":"                            System.out.println(divider);","lastModifiedDate":"2024-01-25"},{"lineNumber":33,"author":{"gitId":"triciiaaa"},"content":"                            System.out.println(\"        Invalid command. To print the list of tasks, please use list only.\");","lastModifiedDate":"2024-01-25"},{"lineNumber":34,"author":{"gitId":"triciiaaa"},"content":"                            System.out.println(divider);","lastModifiedDate":"2024-01-25"},{"lineNumber":35,"author":{"gitId":"triciiaaa"},"content":"                        } else if (tasks.isEmpty()) {","lastModifiedDate":"2024-01-25"},{"lineNumber":36,"author":{"gitId":"triciiaaa"},"content":"                            System.out.println(divider);","lastModifiedDate":"2024-01-25"},{"lineNumber":37,"author":{"gitId":"triciiaaa"},"content":"                            System.out.println(\"        There are no outstanding tasks in your list.\\n\");","lastModifiedDate":"2024-01-25"},{"lineNumber":38,"author":{"gitId":"triciiaaa"},"content":"                            System.out.println(\"        You may add various tasks with the commands below:\\n\" + possibleCommands);","lastModifiedDate":"2024-01-25"},{"lineNumber":39,"author":{"gitId":"triciiaaa"},"content":"                            System.out.println(divider);","lastModifiedDate":"2024-01-25"},{"lineNumber":40,"author":{"gitId":"triciiaaa"},"content":"                        } else {","lastModifiedDate":"2024-01-25"},{"lineNumber":41,"author":{"gitId":"triciiaaa"},"content":"                            System.out.println(divider);","lastModifiedDate":"2024-01-24"},{"lineNumber":42,"author":{"gitId":"triciiaaa"},"content":"                            System.out.println(\"        Here are the tasks in your list:\");","lastModifiedDate":"2024-01-24"},{"lineNumber":43,"author":{"gitId":"triciiaaa"},"content":"                            for (int i \u003d 1; i \u003c noOfTasks + 1; i++) {","lastModifiedDate":"2024-01-24"},{"lineNumber":44,"author":{"gitId":"triciiaaa"},"content":"                                Task currentTask \u003d tasks.get(i - 1);","lastModifiedDate":"2024-01-24"},{"lineNumber":45,"author":{"gitId":"triciiaaa"},"content":"                                System.out.println(\"        \" + i + \". \" + currentTask.toString());","lastModifiedDate":"2024-01-24"},{"lineNumber":46,"author":{"gitId":"triciiaaa"},"content":"                            }","lastModifiedDate":"2024-01-24"},{"lineNumber":47,"author":{"gitId":"triciiaaa"},"content":"                            System.out.println(divider);","lastModifiedDate":"2024-01-24"},{"lineNumber":48,"author":{"gitId":"triciiaaa"},"content":"                        }","lastModifiedDate":"2024-01-25"},{"lineNumber":49,"author":{"gitId":"triciiaaa"},"content":"                        break;","lastModifiedDate":"2024-01-24"},{"lineNumber":50,"author":{"gitId":"triciiaaa"},"content":"                    case \"mark\":","lastModifiedDate":"2024-01-24"},{"lineNumber":51,"author":{"gitId":"triciiaaa"},"content":"                        if (token.length !\u003d 2 || token[1].trim().isEmpty()) {","lastModifiedDate":"2024-01-25"},{"lineNumber":52,"author":{"gitId":"triciiaaa"},"content":"                            System.out.println(divider);","lastModifiedDate":"2024-01-25"},{"lineNumber":53,"author":{"gitId":"triciiaaa"},"content":"                            System.out.println(\"        Missing task number. Please include the task number to be marked.\");","lastModifiedDate":"2024-01-25"},{"lineNumber":54,"author":{"gitId":"triciiaaa"},"content":"                            System.out.println(divider);","lastModifiedDate":"2024-01-25"},{"lineNumber":55,"author":{"gitId":"triciiaaa"},"content":"                        } else {","lastModifiedDate":"2024-01-25"},{"lineNumber":56,"author":{"gitId":"triciiaaa"},"content":"                            try {","lastModifiedDate":"2024-01-25"},{"lineNumber":57,"author":{"gitId":"triciiaaa"},"content":"                                int i \u003d Integer.parseInt(token[1]);","lastModifiedDate":"2024-01-25"},{"lineNumber":58,"author":{"gitId":"triciiaaa"},"content":"                                if (i \u003e\u003d 0 \u0026\u0026 i \u003c\u003d tasks.size() - 1) {","lastModifiedDate":"2024-01-25"},{"lineNumber":59,"author":{"gitId":"triciiaaa"},"content":"                                    int selectedTaskNumberToBeMarked \u003d Integer.parseInt(token[1]);","lastModifiedDate":"2024-01-24"},{"lineNumber":60,"author":{"gitId":"triciiaaa"},"content":"                                    Task selectedTaskToBeMarked \u003d tasks.get(selectedTaskNumberToBeMarked - 1);","lastModifiedDate":"2024-01-24"},{"lineNumber":61,"author":{"gitId":"triciiaaa"},"content":"                                    selectedTaskToBeMarked.setMarked();","lastModifiedDate":"2024-01-24"},{"lineNumber":62,"author":{"gitId":"triciiaaa"},"content":"                                    tasks.set(selectedTaskNumberToBeMarked - 1, selectedTaskToBeMarked);","lastModifiedDate":"2024-01-24"},{"lineNumber":63,"author":{"gitId":"triciiaaa"},"content":"                                    System.out.println(divider);","lastModifiedDate":"2024-01-24"},{"lineNumber":64,"author":{"gitId":"triciiaaa"},"content":"                                    System.out.println(\"        Nice! I\u0027ve marked this task as done:\");","lastModifiedDate":"2024-01-24"},{"lineNumber":65,"author":{"gitId":"triciiaaa"},"content":"                                    System.out.println(\"          \" + selectedTaskToBeMarked);","lastModifiedDate":"2024-01-24"},{"lineNumber":66,"author":{"gitId":"triciiaaa"},"content":"                                    System.out.println(divider);","lastModifiedDate":"2024-01-24"},{"lineNumber":67,"author":{"gitId":"triciiaaa"},"content":"                                } else {","lastModifiedDate":"2024-01-25"},{"lineNumber":68,"author":{"gitId":"triciiaaa"},"content":"                                    System.out.println(divider);","lastModifiedDate":"2024-01-25"},{"lineNumber":69,"author":{"gitId":"triciiaaa"},"content":"                                    System.out.println(\"        Task number out of range. Please include a valid task number.\");","lastModifiedDate":"2024-01-25"},{"lineNumber":70,"author":{"gitId":"triciiaaa"},"content":"                                    System.out.println(divider);","lastModifiedDate":"2024-01-25"},{"lineNumber":71,"author":{"gitId":"triciiaaa"},"content":"                                }","lastModifiedDate":"2024-01-25"},{"lineNumber":72,"author":{"gitId":"triciiaaa"},"content":"                            } catch (NumberFormatException nfe) {","lastModifiedDate":"2024-01-25"},{"lineNumber":73,"author":{"gitId":"triciiaaa"},"content":"                                System.out.println(divider);","lastModifiedDate":"2024-01-25"},{"lineNumber":74,"author":{"gitId":"triciiaaa"},"content":"                                System.out.println(\"        Task number is not an integer. Please include a valid task number.\");","lastModifiedDate":"2024-01-25"},{"lineNumber":75,"author":{"gitId":"triciiaaa"},"content":"                                System.out.println(divider);","lastModifiedDate":"2024-01-25"},{"lineNumber":76,"author":{"gitId":"triciiaaa"},"content":"                            }","lastModifiedDate":"2024-01-25"},{"lineNumber":77,"author":{"gitId":"triciiaaa"},"content":"                        }","lastModifiedDate":"2024-01-25"},{"lineNumber":78,"author":{"gitId":"triciiaaa"},"content":"                        break;","lastModifiedDate":"2024-01-24"},{"lineNumber":79,"author":{"gitId":"triciiaaa"},"content":"                    case \"unmark\":","lastModifiedDate":"2024-01-24"},{"lineNumber":80,"author":{"gitId":"triciiaaa"},"content":"                        if (token.length !\u003d 2 || token[1].trim().isEmpty()) {","lastModifiedDate":"2024-01-25"},{"lineNumber":81,"author":{"gitId":"triciiaaa"},"content":"                            System.out.println(divider);","lastModifiedDate":"2024-01-25"},{"lineNumber":82,"author":{"gitId":"triciiaaa"},"content":"                            System.out.println(\"        Missing task number. Please include the task number to be unmarked.\");","lastModifiedDate":"2024-01-25"},{"lineNumber":83,"author":{"gitId":"triciiaaa"},"content":"                            System.out.println(divider);","lastModifiedDate":"2024-01-25"},{"lineNumber":84,"author":{"gitId":"triciiaaa"},"content":"                        } else {","lastModifiedDate":"2024-01-25"},{"lineNumber":85,"author":{"gitId":"triciiaaa"},"content":"                            try {","lastModifiedDate":"2024-01-25"},{"lineNumber":86,"author":{"gitId":"triciiaaa"},"content":"                                int i \u003d Integer.parseInt(token[1]);","lastModifiedDate":"2024-01-25"},{"lineNumber":87,"author":{"gitId":"triciiaaa"},"content":"                                if (i \u003e\u003d 0 \u0026\u0026 i \u003c\u003d tasks.size() - 1) {","lastModifiedDate":"2024-01-25"},{"lineNumber":88,"author":{"gitId":"triciiaaa"},"content":"                                    int selectedTaskNumberToBeUnmarked \u003d Integer.parseInt(token[1]);","lastModifiedDate":"2024-01-24"},{"lineNumber":89,"author":{"gitId":"triciiaaa"},"content":"                                    Task selectedTaskToBeUnmarked \u003d tasks.get(selectedTaskNumberToBeUnmarked - 1);","lastModifiedDate":"2024-01-24"},{"lineNumber":90,"author":{"gitId":"triciiaaa"},"content":"                                    selectedTaskToBeUnmarked.setUnmarked();","lastModifiedDate":"2024-01-24"},{"lineNumber":91,"author":{"gitId":"triciiaaa"},"content":"                                    tasks.set(selectedTaskNumberToBeUnmarked - 1, selectedTaskToBeUnmarked);","lastModifiedDate":"2024-01-24"},{"lineNumber":92,"author":{"gitId":"triciiaaa"},"content":"                                    System.out.println(divider);","lastModifiedDate":"2024-01-24"},{"lineNumber":93,"author":{"gitId":"triciiaaa"},"content":"                                    System.out.println(\"        OK, I\u0027ve marked this task as not done yet:\");","lastModifiedDate":"2024-01-24"},{"lineNumber":94,"author":{"gitId":"triciiaaa"},"content":"                                    System.out.println(\"          \" + selectedTaskToBeUnmarked);","lastModifiedDate":"2024-01-24"},{"lineNumber":95,"author":{"gitId":"triciiaaa"},"content":"                                    System.out.println(divider);","lastModifiedDate":"2024-01-24"},{"lineNumber":96,"author":{"gitId":"triciiaaa"},"content":"                                } else {","lastModifiedDate":"2024-01-25"},{"lineNumber":97,"author":{"gitId":"triciiaaa"},"content":"                                    System.out.println(divider);","lastModifiedDate":"2024-01-25"},{"lineNumber":98,"author":{"gitId":"triciiaaa"},"content":"                                    System.out.println(\"        Task number out of range. Please include a valid task number.\");","lastModifiedDate":"2024-01-25"},{"lineNumber":99,"author":{"gitId":"triciiaaa"},"content":"                                    System.out.println(divider);","lastModifiedDate":"2024-01-25"},{"lineNumber":100,"author":{"gitId":"triciiaaa"},"content":"                                }","lastModifiedDate":"2024-01-25"},{"lineNumber":101,"author":{"gitId":"triciiaaa"},"content":"                            } catch (NumberFormatException nfe) {","lastModifiedDate":"2024-01-25"},{"lineNumber":102,"author":{"gitId":"triciiaaa"},"content":"                                System.out.println(divider);","lastModifiedDate":"2024-01-25"},{"lineNumber":103,"author":{"gitId":"triciiaaa"},"content":"                                System.out.println(\"        Task number is not an integer. Please include a valid task number.\");","lastModifiedDate":"2024-01-25"},{"lineNumber":104,"author":{"gitId":"triciiaaa"},"content":"                                System.out.println(divider);","lastModifiedDate":"2024-01-25"},{"lineNumber":105,"author":{"gitId":"triciiaaa"},"content":"                            }","lastModifiedDate":"2024-01-25"},{"lineNumber":106,"author":{"gitId":"triciiaaa"},"content":"                        }","lastModifiedDate":"2024-01-25"},{"lineNumber":107,"author":{"gitId":"triciiaaa"},"content":"                        break;","lastModifiedDate":"2024-01-24"},{"lineNumber":108,"author":{"gitId":"triciiaaa"},"content":"                    case \"todo\":","lastModifiedDate":"2024-01-24"},{"lineNumber":109,"author":{"gitId":"triciiaaa"},"content":"                        if (token.length !\u003d 2 || token[1].trim().isEmpty()) {","lastModifiedDate":"2024-01-25"},{"lineNumber":110,"author":{"gitId":"triciiaaa"},"content":"                            System.out.println(divider);","lastModifiedDate":"2024-01-25"},{"lineNumber":111,"author":{"gitId":"triciiaaa"},"content":"                            System.out.println(\"        Missing description. Please include a description of your todo.\");","lastModifiedDate":"2024-01-25"},{"lineNumber":112,"author":{"gitId":"triciiaaa"},"content":"                            System.out.println(divider);","lastModifiedDate":"2024-01-25"},{"lineNumber":113,"author":{"gitId":"triciiaaa"},"content":"                        } else {","lastModifiedDate":"2024-01-25"},{"lineNumber":114,"author":{"gitId":"triciiaaa"},"content":"                            Todo todo \u003d new Todo(token[1]);","lastModifiedDate":"2024-01-24"},{"lineNumber":115,"author":{"gitId":"triciiaaa"},"content":"                            tasks.add(todo);","lastModifiedDate":"2024-01-24"},{"lineNumber":116,"author":{"gitId":"triciiaaa"},"content":"                            noOfTasks++;","lastModifiedDate":"2024-01-24"},{"lineNumber":117,"author":{"gitId":"triciiaaa"},"content":"","lastModifiedDate":"2024-01-24"},{"lineNumber":118,"author":{"gitId":"triciiaaa"},"content":"                            System.out.println(divider);","lastModifiedDate":"2024-01-24"},{"lineNumber":119,"author":{"gitId":"triciiaaa"},"content":"                            System.out.println(\"        Got it. I\u0027ve added this task:\");","lastModifiedDate":"2024-01-24"},{"lineNumber":120,"author":{"gitId":"triciiaaa"},"content":"                            System.out.println(\"          \" + todo);","lastModifiedDate":"2024-01-24"},{"lineNumber":121,"author":{"gitId":"triciiaaa"},"content":"                            System.out.println(\"        Now you have \" + tasks.size() + \" tasks in the list.\");","lastModifiedDate":"2024-01-24"},{"lineNumber":122,"author":{"gitId":"triciiaaa"},"content":"                            System.out.println(divider);","lastModifiedDate":"2024-01-24"},{"lineNumber":123,"author":{"gitId":"triciiaaa"},"content":"                        }","lastModifiedDate":"2024-01-25"},{"lineNumber":124,"author":{"gitId":"triciiaaa"},"content":"                        break;","lastModifiedDate":"2024-01-24"},{"lineNumber":125,"author":{"gitId":"triciiaaa"},"content":"                    case \"deadline\":","lastModifiedDate":"2024-01-24"},{"lineNumber":126,"author":{"gitId":"triciiaaa"},"content":"                        try {","lastModifiedDate":"2024-01-25"},{"lineNumber":127,"author":{"gitId":"triciiaaa"},"content":"                            String[] descriptionAndBy \u003d token[1].split(\"/\");","lastModifiedDate":"2024-01-24"},{"lineNumber":128,"author":{"gitId":"triciiaaa"},"content":"                            String[] dueDate \u003d descriptionAndBy[1].split(\" \", 2);","lastModifiedDate":"2024-01-24"},{"lineNumber":129,"author":{"gitId":"triciiaaa"},"content":"","lastModifiedDate":"2024-01-25"},{"lineNumber":130,"author":{"gitId":"triciiaaa"},"content":"                            Deadline deadline \u003d new Deadline(descriptionAndBy[0].trim(), dueDate[1]);","lastModifiedDate":"2024-01-24"},{"lineNumber":131,"author":{"gitId":"triciiaaa"},"content":"                            tasks.add(deadline);","lastModifiedDate":"2024-01-24"},{"lineNumber":132,"author":{"gitId":"triciiaaa"},"content":"                            noOfTasks++;","lastModifiedDate":"2024-01-24"},{"lineNumber":133,"author":{"gitId":"triciiaaa"},"content":"","lastModifiedDate":"2024-01-24"},{"lineNumber":134,"author":{"gitId":"triciiaaa"},"content":"                            System.out.println(divider);","lastModifiedDate":"2024-01-24"},{"lineNumber":135,"author":{"gitId":"triciiaaa"},"content":"                            System.out.println(\"        Got it. I\u0027ve added this task:\");","lastModifiedDate":"2024-01-24"},{"lineNumber":136,"author":{"gitId":"triciiaaa"},"content":"                            System.out.println(\"          \" + deadline);","lastModifiedDate":"2024-01-24"},{"lineNumber":137,"author":{"gitId":"triciiaaa"},"content":"                            System.out.println(\"        Now you have \" + tasks.size() + \" tasks in the list.\");","lastModifiedDate":"2024-01-24"},{"lineNumber":138,"author":{"gitId":"triciiaaa"},"content":"                            System.out.println(divider);","lastModifiedDate":"2024-01-24"},{"lineNumber":139,"author":{"gitId":"triciiaaa"},"content":"                        } catch (Exception e) {","lastModifiedDate":"2024-01-25"},{"lineNumber":140,"author":{"gitId":"triciiaaa"},"content":"                            System.out.println(divider);","lastModifiedDate":"2024-01-25"},{"lineNumber":141,"author":{"gitId":"triciiaaa"},"content":"                            System.out.println(\"        Invalid command. Please include a task name and a valid due date following the syntax of the example below:\");","lastModifiedDate":"2024-01-25"},{"lineNumber":142,"author":{"gitId":"triciiaaa"},"content":"                            System.out.println(\"        e.g. deadline return library book /by 6th March\");","lastModifiedDate":"2024-01-25"},{"lineNumber":143,"author":{"gitId":"triciiaaa"},"content":"                        }","lastModifiedDate":"2024-01-25"},{"lineNumber":144,"author":{"gitId":"triciiaaa"},"content":"                        break;","lastModifiedDate":"2024-01-24"},{"lineNumber":145,"author":{"gitId":"triciiaaa"},"content":"                    case \"event\":","lastModifiedDate":"2024-01-24"},{"lineNumber":146,"author":{"gitId":"triciiaaa"},"content":"                        try {","lastModifiedDate":"2024-01-25"},{"lineNumber":147,"author":{"gitId":"triciiaaa"},"content":"                            String[] descriptionAndFromAndTo \u003d token[1].split(\"/\");","lastModifiedDate":"2024-01-24"},{"lineNumber":148,"author":{"gitId":"triciiaaa"},"content":"                            String task \u003d descriptionAndFromAndTo[0];","lastModifiedDate":"2024-01-24"},{"lineNumber":149,"author":{"gitId":"triciiaaa"},"content":"                            String from \u003d descriptionAndFromAndTo[1].split(\" \", 2)[1];","lastModifiedDate":"2024-01-24"},{"lineNumber":150,"author":{"gitId":"triciiaaa"},"content":"                            String to \u003d descriptionAndFromAndTo[2].split(\" \", 2)[1];","lastModifiedDate":"2024-01-24"},{"lineNumber":151,"author":{"gitId":"triciiaaa"},"content":"                            Event event \u003d new Event(task.trim(), from.trim(), to.trim());","lastModifiedDate":"2024-01-24"},{"lineNumber":152,"author":{"gitId":"triciiaaa"},"content":"                            tasks.add(event);","lastModifiedDate":"2024-01-24"},{"lineNumber":153,"author":{"gitId":"triciiaaa"},"content":"                            noOfTasks++;","lastModifiedDate":"2024-01-24"},{"lineNumber":154,"author":{"gitId":"triciiaaa"},"content":"","lastModifiedDate":"2024-01-24"},{"lineNumber":155,"author":{"gitId":"triciiaaa"},"content":"                            System.out.println(divider);","lastModifiedDate":"2024-01-24"},{"lineNumber":156,"author":{"gitId":"triciiaaa"},"content":"                            System.out.println(\"        Got it. I\u0027ve added this task:\");","lastModifiedDate":"2024-01-24"},{"lineNumber":157,"author":{"gitId":"triciiaaa"},"content":"                            System.out.println(\"          \" + event);","lastModifiedDate":"2024-01-24"},{"lineNumber":158,"author":{"gitId":"triciiaaa"},"content":"                            System.out.println(\"        Now you have \" + tasks.size() + \" tasks in the list.\");","lastModifiedDate":"2024-01-24"},{"lineNumber":159,"author":{"gitId":"triciiaaa"},"content":"                            System.out.println(divider);","lastModifiedDate":"2024-01-24"},{"lineNumber":160,"author":{"gitId":"triciiaaa"},"content":"                        } catch (Exception e) {","lastModifiedDate":"2024-01-25"},{"lineNumber":161,"author":{"gitId":"triciiaaa"},"content":"                            System.out.println(divider);","lastModifiedDate":"2024-01-25"},{"lineNumber":162,"author":{"gitId":"triciiaaa"},"content":"                            System.out.println(\"        Invalid command. Please include a task name and a valid due date following the syntax of the example below:\");","lastModifiedDate":"2024-01-25"},{"lineNumber":163,"author":{"gitId":"triciiaaa"},"content":"                            System.out.println(\"        e.g. event project meeting /from 2 Feb 2pm /to 2 Feb 4pm\");","lastModifiedDate":"2024-01-25"},{"lineNumber":164,"author":{"gitId":"triciiaaa"},"content":"                            System.out.println(divider);","lastModifiedDate":"2024-01-25"},{"lineNumber":165,"author":{"gitId":"triciiaaa"},"content":"                        }","lastModifiedDate":"2024-01-25"},{"lineNumber":166,"author":{"gitId":"triciiaaa"},"content":"                        break;","lastModifiedDate":"2024-01-25"},{"lineNumber":167,"author":{"gitId":"triciiaaa"},"content":"                    default:","lastModifiedDate":"2024-01-25"},{"lineNumber":168,"author":{"gitId":"triciiaaa"},"content":"                        System.out.println(divider);","lastModifiedDate":"2024-01-25"},{"lineNumber":169,"author":{"gitId":"triciiaaa"},"content":"                        System.out.println(\"        Invalid command. Please try again.\");","lastModifiedDate":"2024-01-25"},{"lineNumber":170,"author":{"gitId":"triciiaaa"},"content":"                        System.out.println(divider);","lastModifiedDate":"2024-01-25"},{"lineNumber":171,"author":{"gitId":"triciiaaa"},"content":"                        break;","lastModifiedDate":"2024-01-24"},{"lineNumber":172,"author":{"gitId":"triciiaaa"},"content":"                }","lastModifiedDate":"2024-01-24"},{"lineNumber":173,"author":{"gitId":"triciiaaa"},"content":"            }","lastModifiedDate":"2024-01-24"},{"lineNumber":174,"author":{"gitId":"triciiaaa"},"content":"        }","lastModifiedDate":"2024-01-24"},{"lineNumber":175,"author":{"gitId":"triciiaaa"},"content":"","lastModifiedDate":"2024-01-25"},{"lineNumber":176,"author":{"gitId":"triciiaaa"},"content":"        sc.close();","lastModifiedDate":"2024-01-25"},{"lineNumber":177,"author":{"gitId":"-"},"content":"    }","lastModifiedDate":"2019-07-29"},{"lineNumber":178,"author":{"gitId":"-"},"content":"}","lastModifiedDate":"2019-07-29"}],"authorContributionMap":{"triciiaaa":174,"-":4}},{"path":"src/main/java/Event.java","fileType":"java","lines":[{"lineNumber":1,"author":{"gitId":"triciiaaa"},"content":"import Task.Task;","lastModifiedDate":"2024-01-24"},{"lineNumber":2,"author":{"gitId":"triciiaaa"},"content":"","lastModifiedDate":"2024-01-24"},{"lineNumber":3,"author":{"gitId":"triciiaaa"},"content":"public class Event extends Task {","lastModifiedDate":"2024-01-24"},{"lineNumber":4,"author":{"gitId":"triciiaaa"},"content":"","lastModifiedDate":"2024-01-24"},{"lineNumber":5,"author":{"gitId":"triciiaaa"},"content":"    protected String from;","lastModifiedDate":"2024-01-24"},{"lineNumber":6,"author":{"gitId":"triciiaaa"},"content":"    protected String to;","lastModifiedDate":"2024-01-24"},{"lineNumber":7,"author":{"gitId":"triciiaaa"},"content":"","lastModifiedDate":"2024-01-24"},{"lineNumber":8,"author":{"gitId":"triciiaaa"},"content":"    public Event(String description, String from, String to) {","lastModifiedDate":"2024-01-24"},{"lineNumber":9,"author":{"gitId":"triciiaaa"},"content":"        super(description);","lastModifiedDate":"2024-01-24"},{"lineNumber":10,"author":{"gitId":"triciiaaa"},"content":"        this.from \u003d from;","lastModifiedDate":"2024-01-24"},{"lineNumber":11,"author":{"gitId":"triciiaaa"},"content":"        this.to \u003d to;","lastModifiedDate":"2024-01-24"},{"lineNumber":12,"author":{"gitId":"triciiaaa"},"content":"    }","lastModifiedDate":"2024-01-24"},{"lineNumber":13,"author":{"gitId":"triciiaaa"},"content":"","lastModifiedDate":"2024-01-24"},{"lineNumber":14,"author":{"gitId":"triciiaaa"},"content":"    @Override","lastModifiedDate":"2024-01-24"},{"lineNumber":15,"author":{"gitId":"triciiaaa"},"content":"    public String toString() {","lastModifiedDate":"2024-01-24"},{"lineNumber":16,"author":{"gitId":"triciiaaa"},"content":"        return \"[E]\" + super.toString() + \" (from: \" + from + \" to: \" + to + \")\";","lastModifiedDate":"2024-01-24"},{"lineNumber":17,"author":{"gitId":"triciiaaa"},"content":"    }","lastModifiedDate":"2024-01-24"},{"lineNumber":18,"author":{"gitId":"triciiaaa"},"content":"}","lastModifiedDate":"2024-01-24"}],"authorContributionMap":{"triciiaaa":18}},{"path":"src/main/java/Task.java","fileType":"java","lines":[{"lineNumber":1,"author":{"gitId":"triciiaaa"},"content":"package Task;","lastModifiedDate":"2024-01-24"},{"lineNumber":2,"author":{"gitId":"triciiaaa"},"content":"","lastModifiedDate":"2024-01-24"},{"lineNumber":3,"author":{"gitId":"triciiaaa"},"content":"public class Task {","lastModifiedDate":"2024-01-24"},{"lineNumber":4,"author":{"gitId":"triciiaaa"},"content":"    protected String description;","lastModifiedDate":"2024-01-24"},{"lineNumber":5,"author":{"gitId":"triciiaaa"},"content":"    protected boolean isDone;","lastModifiedDate":"2024-01-24"},{"lineNumber":6,"author":{"gitId":"triciiaaa"},"content":"","lastModifiedDate":"2024-01-24"},{"lineNumber":7,"author":{"gitId":"triciiaaa"},"content":"    public Task(String description) {","lastModifiedDate":"2024-01-24"},{"lineNumber":8,"author":{"gitId":"triciiaaa"},"content":"        this.description \u003d description;","lastModifiedDate":"2024-01-24"},{"lineNumber":9,"author":{"gitId":"triciiaaa"},"content":"        this.isDone \u003d false;","lastModifiedDate":"2024-01-24"},{"lineNumber":10,"author":{"gitId":"triciiaaa"},"content":"    }","lastModifiedDate":"2024-01-24"},{"lineNumber":11,"author":{"gitId":"triciiaaa"},"content":"","lastModifiedDate":"2024-01-24"},{"lineNumber":12,"author":{"gitId":"triciiaaa"},"content":"    public String getStatusIcon() {","lastModifiedDate":"2024-01-24"},{"lineNumber":13,"author":{"gitId":"triciiaaa"},"content":"        return (isDone ? \"X\" : \" \"); // mark done task with X","lastModifiedDate":"2024-01-24"},{"lineNumber":14,"author":{"gitId":"triciiaaa"},"content":"    }","lastModifiedDate":"2024-01-24"},{"lineNumber":15,"author":{"gitId":"triciiaaa"},"content":"","lastModifiedDate":"2024-01-24"},{"lineNumber":16,"author":{"gitId":"triciiaaa"},"content":"    public void setMarked() {","lastModifiedDate":"2024-01-24"},{"lineNumber":17,"author":{"gitId":"triciiaaa"},"content":"        this.isDone \u003d true;","lastModifiedDate":"2024-01-24"},{"lineNumber":18,"author":{"gitId":"triciiaaa"},"content":"    }","lastModifiedDate":"2024-01-24"},{"lineNumber":19,"author":{"gitId":"triciiaaa"},"content":"","lastModifiedDate":"2024-01-24"},{"lineNumber":20,"author":{"gitId":"triciiaaa"},"content":"    public void setUnmarked() {","lastModifiedDate":"2024-01-24"},{"lineNumber":21,"author":{"gitId":"triciiaaa"},"content":"        this.isDone \u003d false;","lastModifiedDate":"2024-01-24"},{"lineNumber":22,"author":{"gitId":"triciiaaa"},"content":"    }","lastModifiedDate":"2024-01-24"},{"lineNumber":23,"author":{"gitId":"triciiaaa"},"content":"","lastModifiedDate":"2024-01-24"},{"lineNumber":24,"author":{"gitId":"triciiaaa"},"content":"    public String toString() {","lastModifiedDate":"2024-01-24"},{"lineNumber":25,"author":{"gitId":"triciiaaa"},"content":"        return \"[\" + getStatusIcon() + \"] \" + this.description;","lastModifiedDate":"2024-01-24"},{"lineNumber":26,"author":{"gitId":"triciiaaa"},"content":"    }","lastModifiedDate":"2024-01-24"},{"lineNumber":27,"author":{"gitId":"triciiaaa"},"content":"}","lastModifiedDate":"2024-01-24"}],"authorContributionMap":{"triciiaaa":27}},{"path":"src/main/java/Todo.java","fileType":"java","lines":[{"lineNumber":1,"author":{"gitId":"triciiaaa"},"content":"import Task.Task;","lastModifiedDate":"2024-01-24"},{"lineNumber":2,"author":{"gitId":"triciiaaa"},"content":"","lastModifiedDate":"2024-01-24"},{"lineNumber":3,"author":{"gitId":"triciiaaa"},"content":"public class Todo extends Task {","lastModifiedDate":"2024-01-24"},{"lineNumber":4,"author":{"gitId":"triciiaaa"},"content":"","lastModifiedDate":"2024-01-24"},{"lineNumber":5,"author":{"gitId":"triciiaaa"},"content":"    protected String by;","lastModifiedDate":"2024-01-24"},{"lineNumber":6,"author":{"gitId":"triciiaaa"},"content":"","lastModifiedDate":"2024-01-24"},{"lineNumber":7,"author":{"gitId":"triciiaaa"},"content":"    public Todo(String description) {","lastModifiedDate":"2024-01-24"},{"lineNumber":8,"author":{"gitId":"triciiaaa"},"content":"        super(description);","lastModifiedDate":"2024-01-24"},{"lineNumber":9,"author":{"gitId":"triciiaaa"},"content":"    }","lastModifiedDate":"2024-01-24"},{"lineNumber":10,"author":{"gitId":"triciiaaa"},"content":"","lastModifiedDate":"2024-01-24"},{"lineNumber":11,"author":{"gitId":"triciiaaa"},"content":"    @Override","lastModifiedDate":"2024-01-24"},{"lineNumber":12,"author":{"gitId":"triciiaaa"},"content":"    public String toString() {","lastModifiedDate":"2024-01-24"},{"lineNumber":13,"author":{"gitId":"triciiaaa"},"content":"        return \"[T]\" + super.toString();","lastModifiedDate":"2024-01-24"},{"lineNumber":14,"author":{"gitId":"triciiaaa"},"content":"    }","lastModifiedDate":"2024-01-24"},{"lineNumber":15,"author":{"gitId":"triciiaaa"},"content":"}","lastModifiedDate":"2024-01-24"}],"authorContributionMap":{"triciiaaa":15}},{"path":"text-ui-test/input.txt","fileType":"txt","lines":[{"lineNumber":1,"author":{"gitId":"triciiaaa"},"content":"todo borrow book","lastModifiedDate":"2024-01-25"},{"lineNumber":2,"author":{"gitId":"triciiaaa"},"content":"list","lastModifiedDate":"2024-01-25"},{"lineNumber":3,"author":{"gitId":"triciiaaa"},"content":"deadline return book /by 1st Mar","lastModifiedDate":"2024-01-25"},{"lineNumber":4,"author":{"gitId":"triciiaaa"},"content":"list","lastModifiedDate":"2024-01-25"},{"lineNumber":5,"author":{"gitId":"triciiaaa"},"content":"event project meeting /from 29th Mar 8pm /to 29th Mar 10pm","lastModifiedDate":"2024-01-25"},{"lineNumber":6,"author":{"gitId":"triciiaaa"},"content":"list","lastModifiedDate":"2024-01-25"},{"lineNumber":7,"author":{"gitId":"triciiaaa"},"content":"mark 1","lastModifiedDate":"2024-01-25"},{"lineNumber":8,"author":{"gitId":"triciiaaa"},"content":"list","lastModifiedDate":"2024-01-25"},{"lineNumber":9,"author":{"gitId":"triciiaaa"},"content":"mark 2","lastModifiedDate":"2024-01-25"},{"lineNumber":10,"author":{"gitId":"triciiaaa"},"content":"list","lastModifiedDate":"2024-01-25"},{"lineNumber":11,"author":{"gitId":"triciiaaa"},"content":"unmark 1","lastModifiedDate":"2024-01-25"},{"lineNumber":12,"author":{"gitId":"triciiaaa"},"content":"list","lastModifiedDate":"2024-01-25"}],"authorContributionMap":{"triciiaaa":12}}]
