{"authorDailyContributionsMap":{"triciiaaa":[{"date":"2024-01-24","commitResults":[{"hash":"2c85edea3efffd23dd8ae2a647ecde4a36ca4080","isMergeCommit":false,"messageTitle":"Level-0 Increment","messageBody":"","tags":["Level-0"],"fileTypesAndContributionMap":{"java":{"insertions":10,"deletions":6}}},{"hash":"a2d1008c39fffc04dd134665d797ccbecbe7a0f0","isMergeCommit":false,"messageTitle":"Level-1 Increment + Added styling with lines and indentation","messageBody":"","tags":["Level-1"],"fileTypesAndContributionMap":{"java":{"insertions":24,"deletions":3}}},{"hash":"666a6dd104ca48fd74f973e684662007d845fcf1","isMergeCommit":false,"messageTitle":"Level-2 Increment","messageBody":"","tags":["Level-2"],"fileTypesAndContributionMap":{"java":{"insertions":11,"deletions":1}}},{"hash":"ceec1c0777eb2ab2166a2a933e8a94418d0ed34c","isMergeCommit":false,"messageTitle":"Level-3 Increment","messageBody":"","tags":["Level-3"],"fileTypesAndContributionMap":{"java":{"insertions":66,"deletions":15}}},{"hash":"af66c8f3a80c711dbb2432983490cdce2b05e378","isMergeCommit":false,"messageTitle":"Level-4 Increment + Inheritance of Task","messageBody":"","fileTypesAndContributionMap":{"java":{"insertions":6,"deletions":0}}},{"hash":"549c4cdebbca370f3d995c81e79bdd0000f7e2fc","isMergeCommit":false,"messageTitle":"Level-4 Increment + Inheritance of Task","messageBody":"","tags":["Level-4"],"fileTypesAndContributionMap":{"java":{"insertions":121,"deletions":47}}}]},{"date":"2024-01-25","commitResults":[{"hash":"9fd81cacfda71b3b2c9409e10afc89d1a5d8f7bf","isMergeCommit":false,"messageTitle":"A-TextUiTesting Increment + Resolved Bugs","messageBody":"","tags":["A-TextUiTesting"],"fileTypesAndContributionMap":{"txt":{"insertions":12,"deletions":0},"java":{"insertions":3,"deletions":1}}},{"hash":"5b4d8bb58dda0b25e9dc44d67c14a42237645f8f","isMergeCommit":false,"messageTitle":"Level-5 Increment + Error Handling for Existing Features","messageBody":"","tags":["Level-5"],"fileTypesAndContributionMap":{"java":{"insertions":127,"deletions":51}}},{"hash":"6929d2cb39b05d4d9b744195bed9bfb73cfd4a0c","isMergeCommit":false,"messageTitle":"Level-6 Increment","messageBody":"","tags":["Level-6"],"fileTypesAndContributionMap":{"java":{"insertions":33,"deletions":2}}}]},{"date":"2024-02-03","commitResults":[{"hash":"73882d3ef35dadcc6131b9dda9799801367a2d16","isMergeCommit":false,"messageTitle":"Level 7 Increment","messageBody":"","fileTypesAndContributionMap":{"txt":{"insertions":5,"deletions":0},"java":{"insertions":74,"deletions":3}}},{"hash":"1fb21a190edef8b1002087d899411ac31a8aa672","isMergeCommit":false,"messageTitle":"Amend code structure and format","messageBody":"","fileTypesAndContributionMap":{"txt":{"insertions":3,"deletions":3},"java":{"insertions":288,"deletions":285},"bat":{"insertions":1,"deletions":1}}},{"hash":"4dc0f5933b173156b735c34d34cb1180d3dea45f","isMergeCommit":false,"messageTitle":"Add Java documentation for existing code","messageBody":"","fileTypesAndContributionMap":{"txt":{"insertions":4,"deletions":3},"java":{"insertions":137,"deletions":18}}},{"hash":"71a5f24a7f82c08e57036f2fc340dcfbcaab4b7a","isMergeCommit":true,"messageTitle":"Merge branch \u0027branch-Level-7\u0027","messageBody":"","tags":["Level-7"],"fileTypesAndContributionMap":{}},{"hash":"408c1b2cd32c007f00fd15dc1bdc1a6272f4259e","isMergeCommit":false,"messageTitle":"Amend code structure and format","messageBody":"","fileTypesAndContributionMap":{"txt":{"insertions":1,"deletions":3},"java":{"insertions":18,"deletions":9}}},{"hash":"9c8c676050b99eec9e09b4869500538db8089f59","isMergeCommit":false,"messageTitle":"Amend date validation for Deadline objects","messageBody":"","fileTypesAndContributionMap":{"txt":{"insertions":1,"deletions":2},"java":{"insertions":6,"deletions":5}}},{"hash":"a09b0249d60017cbcbebe896295e75364626700f","isMergeCommit":false,"messageTitle":"Amend date and time validation for Deadline and Event objects","messageBody":"","fileTypesAndContributionMap":{"txt":{"insertions":1,"deletions":1},"java":{"insertions":27,"deletions":14}}},{"hash":"0ca6cd9bd96c4e17890ee8d704e16634686ff627","isMergeCommit":false,"messageTitle":"Amend Java documentation for existing code","messageBody":"","fileTypesAndContributionMap":{"java":{"insertions":26,"deletions":26}}},{"hash":"8db0e2468ccae5755c5c97562e1c63c6949f059a","isMergeCommit":true,"messageTitle":"Merge branch \u0027branch-Level-8\u0027","messageBody":"","tags":["Level-8"],"fileTypesAndContributionMap":{}},{"hash":"4ba5d7562a62da8937abe9547ad31f86a481ac2d","isMergeCommit":false,"messageTitle":"Create custom Chronos Exception class and sub-classes","messageBody":"","fileTypesAndContributionMap":{"txt":{"insertions":1,"deletions":3},"java":{"insertions":191,"deletions":71}}}]},{"date":"2024-02-07","commitResults":[{"hash":"adf054d2091eef5d60ab88635ee74a8f142bd5a9","isMergeCommit":false,"messageTitle":"Refactor code to additional classes (Ui, Storage, Parser and TaskList)","messageBody":"","fileTypesAndContributionMap":{"txt":{"insertions":4,"deletions":1},"java":{"insertions":480,"deletions":356}}},{"hash":"744c1544e80d50558b4f476cac189549c2ddd16a","isMergeCommit":false,"messageTitle":"Fix load tasks from file feature","messageBody":"","fileTypesAndContributionMap":{"txt":{"insertions":3,"deletions":4},"java":{"insertions":211,"deletions":150}}},{"hash":"c8f6b2e2ae0b065122fe51addde5fece879e7619","isMergeCommit":false,"messageTitle":"Add Java documentation for Exception classes","messageBody":"","fileTypesAndContributionMap":{"java":{"insertions":111,"deletions":18}}},{"hash":"4206ea1ffdfe992f31d1e76c38d04b36ec170bf5","isMergeCommit":false,"messageTitle":"Add Java documentation for Task classes","messageBody":"","fileTypesAndContributionMap":{"java":{"insertions":32,"deletions":5}}},{"hash":"d30ad1b6aedfc957eeaf9ddaaaa185d8646ba354","isMergeCommit":false,"messageTitle":"Add Java documentation for Parser, Storage, TaskList and Ui classes","messageBody":"","fileTypesAndContributionMap":{"java":{"insertions":217,"deletions":138}}}]},{"date":"2024-02-08","commitResults":[{"hash":"3f490ade31fa95afed5681d988deffceee3d0031","isMergeCommit":false,"messageTitle":"Refactor code in Ui and TaskList classes","messageBody":"","fileTypesAndContributionMap":{"txt":{"insertions":2,"deletions":3},"java":{"insertions":140,"deletions":41}}},{"hash":"bc3077e8b7825885a96ae529b65a6ecb63178ba2","isMergeCommit":true,"messageTitle":"Merge branch \u0027A-MoreOOP\u0027","messageBody":"","tags":["A-MoreOOP"],"fileTypesAndContributionMap":{}}]}]},"authorFileTypeContributionMap":{"triciiaaa":{"java":1104,"md":0,"fxml":0,"sh":0,"bat":1,"gradle":0,"txt":14}},"authorContributionVariance":{"triciiaaa":192591.3},"authorDisplayNameMap":{"triciiaaa":"CS2103T-T15-3 TRIC..N EE"}}
