[{"path":"src/main/java/Deadline.java","fileType":"java","lines":[{"lineNumber":1,"author":{"gitId":"Murugan-Maniish"},"content":"public class Deadline extends Task {","lastModifiedDate":"2024-01-25"},{"lineNumber":2,"author":{"gitId":"Murugan-Maniish"},"content":"","lastModifiedDate":"2024-01-25"},{"lineNumber":3,"author":{"gitId":"Murugan-Maniish"},"content":"    protected String by;","lastModifiedDate":"2024-01-25"},{"lineNumber":4,"author":{"gitId":"Murugan-Maniish"},"content":"","lastModifiedDate":"2024-01-25"},{"lineNumber":5,"author":{"gitId":"Murugan-Maniish"},"content":"    public Deadline(String description, String by) {","lastModifiedDate":"2024-01-25"},{"lineNumber":6,"author":{"gitId":"Murugan-Maniish"},"content":"        super(description);","lastModifiedDate":"2024-01-25"},{"lineNumber":7,"author":{"gitId":"Murugan-Maniish"},"content":"        this.by \u003d by;","lastModifiedDate":"2024-01-25"},{"lineNumber":8,"author":{"gitId":"Murugan-Maniish"},"content":"    }","lastModifiedDate":"2024-01-25"},{"lineNumber":9,"author":{"gitId":"Murugan-Maniish"},"content":"","lastModifiedDate":"2024-01-25"},{"lineNumber":10,"author":{"gitId":"Murugan-Maniish"},"content":"    @Override","lastModifiedDate":"2024-01-25"},{"lineNumber":11,"author":{"gitId":"Murugan-Maniish"},"content":"    public String toString() {","lastModifiedDate":"2024-01-25"},{"lineNumber":12,"author":{"gitId":"Murugan-Maniish"},"content":"        return \"[D]\" + super.toString() + \"(by:\" + by + \")\";","lastModifiedDate":"2024-01-25"},{"lineNumber":13,"author":{"gitId":"Murugan-Maniish"},"content":"    }","lastModifiedDate":"2024-01-25"},{"lineNumber":14,"author":{"gitId":"Murugan-Maniish"},"content":"}","lastModifiedDate":"2024-01-25"},{"lineNumber":15,"author":{"gitId":"Murugan-Maniish"},"content":"","lastModifiedDate":"2024-01-25"}],"authorContributionMap":{"Murugan-Maniish":15}},{"path":"src/main/java/Duke.java","fileType":"java","lines":[{"lineNumber":1,"author":{"gitId":"Murugan-Maniish"},"content":"import java.util.*;","lastModifiedDate":"2024-01-25"},{"lineNumber":2,"author":{"gitId":"-"},"content":"public class Duke {","lastModifiedDate":"2019-07-29"},{"lineNumber":3,"author":{"gitId":"-"},"content":"    public static void main(String[] args) {","lastModifiedDate":"2019-07-29"},{"lineNumber":4,"author":{"gitId":"Murugan-Maniish"},"content":"        String horizontalLine \u003d \"____________________________________________________________\\n\";","lastModifiedDate":"2024-01-25"},{"lineNumber":5,"author":{"gitId":"Murugan-Maniish"},"content":"        String greet \u003d horizontalLine","lastModifiedDate":"2024-01-25"},{"lineNumber":6,"author":{"gitId":"Murugan-Maniish"},"content":"                + \"Greetings, mortal! I am Alastor, the Radio Demon at your service.\\n\"","lastModifiedDate":"2024-01-25"},{"lineNumber":7,"author":{"gitId":"Murugan-Maniish"},"content":"                + \"What desires or inquiries do you bring to my infernal realm?\\n\";","lastModifiedDate":"2024-01-25"},{"lineNumber":8,"author":{"gitId":"Murugan-Maniish"},"content":"        String exit \u003d horizontalLine","lastModifiedDate":"2024-01-25"},{"lineNumber":9,"author":{"gitId":"Murugan-Maniish"},"content":"                + \"Farewell, fleeting soul! \u0027Til our paths entwine once more.\\n\"","lastModifiedDate":"2024-01-25"},{"lineNumber":10,"author":{"gitId":"Murugan-Maniish"},"content":"                + horizontalLine;","lastModifiedDate":"2024-01-25"},{"lineNumber":11,"author":{"gitId":"Murugan-Maniish"},"content":"        Scanner sc \u003d new Scanner(System.in);","lastModifiedDate":"2024-01-25"},{"lineNumber":12,"author":{"gitId":"Murugan-Maniish"},"content":"        ArrayList\u003cTask\u003e list \u003d new ArrayList\u003cTask\u003e(100);","lastModifiedDate":"2024-01-25"},{"lineNumber":13,"author":{"gitId":"Murugan-Maniish"},"content":"","lastModifiedDate":"2024-01-25"},{"lineNumber":14,"author":{"gitId":"Murugan-Maniish"},"content":"        System.out.println(greet);","lastModifiedDate":"2024-01-25"},{"lineNumber":15,"author":{"gitId":"Murugan-Maniish"},"content":"        while (true) {","lastModifiedDate":"2024-01-25"},{"lineNumber":16,"author":{"gitId":"Murugan-Maniish"},"content":"            String input \u003d sc.nextLine();","lastModifiedDate":"2024-01-25"},{"lineNumber":17,"author":{"gitId":"Murugan-Maniish"},"content":"            if (input.equals(\"bye\")) {","lastModifiedDate":"2024-01-25"},{"lineNumber":18,"author":{"gitId":"Murugan-Maniish"},"content":"                break;","lastModifiedDate":"2024-01-25"},{"lineNumber":19,"author":{"gitId":"Murugan-Maniish"},"content":"            }","lastModifiedDate":"2024-01-25"},{"lineNumber":20,"author":{"gitId":"Murugan-Maniish"},"content":"            if (input.equals(\"list\")) {","lastModifiedDate":"2024-01-25"},{"lineNumber":21,"author":{"gitId":"Murugan-Maniish"},"content":"                System.out.print(horizontalLine);","lastModifiedDate":"2024-01-25"},{"lineNumber":22,"author":{"gitId":"Murugan-Maniish"},"content":"                System.out.println(\"Behold, my dear! Here unfurls the tasks in your list.\");","lastModifiedDate":"2024-01-25"},{"lineNumber":23,"author":{"gitId":"Murugan-Maniish"},"content":"                for (Task task:list)","lastModifiedDate":"2024-01-25"},{"lineNumber":24,"author":{"gitId":"Murugan-Maniish"},"content":"                    System.out.println(list.indexOf(task) + \".\" + task.toString());","lastModifiedDate":"2024-01-25"},{"lineNumber":25,"author":{"gitId":"Murugan-Maniish"},"content":"                System.out.print(horizontalLine);","lastModifiedDate":"2024-01-25"},{"lineNumber":26,"author":{"gitId":"Murugan-Maniish"},"content":"                continue;","lastModifiedDate":"2024-01-25"},{"lineNumber":27,"author":{"gitId":"Murugan-Maniish"},"content":"            }","lastModifiedDate":"2024-01-25"},{"lineNumber":28,"author":{"gitId":"Murugan-Maniish"},"content":"","lastModifiedDate":"2024-01-25"},{"lineNumber":29,"author":{"gitId":"Murugan-Maniish"},"content":"            if (input.startsWith(\"mark\")) {","lastModifiedDate":"2024-01-25"},{"lineNumber":30,"author":{"gitId":"Murugan-Maniish"},"content":"                int index \u003d Integer.parseInt(input.split(\" \", 2)[1]) - 1;","lastModifiedDate":"2024-01-25"},{"lineNumber":31,"author":{"gitId":"Murugan-Maniish"},"content":"                list.get(index).mark();","lastModifiedDate":"2024-01-25"},{"lineNumber":32,"author":{"gitId":"Murugan-Maniish"},"content":"                System.out.print(horizontalLine","lastModifiedDate":"2024-01-25"},{"lineNumber":33,"author":{"gitId":"Murugan-Maniish"},"content":"                        + \"Well, isn\u0027t this delightful! I\u0027ve marked this task as done, my dear.\\n\"","lastModifiedDate":"2024-01-25"},{"lineNumber":34,"author":{"gitId":"Murugan-Maniish"},"content":"                        + \"  \" + list.get(index).toString() + \"\\n\"","lastModifiedDate":"2024-01-25"},{"lineNumber":35,"author":{"gitId":"Murugan-Maniish"},"content":"                        + horizontalLine);","lastModifiedDate":"2024-01-25"},{"lineNumber":36,"author":{"gitId":"Murugan-Maniish"},"content":"                continue;","lastModifiedDate":"2024-01-25"},{"lineNumber":37,"author":{"gitId":"Murugan-Maniish"},"content":"            }","lastModifiedDate":"2024-01-25"},{"lineNumber":38,"author":{"gitId":"Murugan-Maniish"},"content":"            if (input.startsWith(\"unmark\")) {","lastModifiedDate":"2024-01-25"},{"lineNumber":39,"author":{"gitId":"Murugan-Maniish"},"content":"                int index \u003d Integer.parseInt(input.split(\" \", 2)[1]) - 1;","lastModifiedDate":"2024-01-25"},{"lineNumber":40,"author":{"gitId":"Murugan-Maniish"},"content":"                list.get(index).unmark();","lastModifiedDate":"2024-01-25"},{"lineNumber":41,"author":{"gitId":"Murugan-Maniish"},"content":"                System.out.print(horizontalLine","lastModifiedDate":"2024-01-25"},{"lineNumber":42,"author":{"gitId":"Murugan-Maniish"},"content":"                        + \"Very well, my dear! I\u0027ve noted this task as yet untouched.\\n\"","lastModifiedDate":"2024-01-25"},{"lineNumber":43,"author":{"gitId":"Murugan-Maniish"},"content":"                        + \"  \" + list.get(index).toString() + \"\\n\"","lastModifiedDate":"2024-01-25"},{"lineNumber":44,"author":{"gitId":"Murugan-Maniish"},"content":"                        + horizontalLine);","lastModifiedDate":"2024-01-25"},{"lineNumber":45,"author":{"gitId":"Murugan-Maniish"},"content":"                continue;","lastModifiedDate":"2024-01-25"},{"lineNumber":46,"author":{"gitId":"Murugan-Maniish"},"content":"            }","lastModifiedDate":"2024-01-25"},{"lineNumber":47,"author":{"gitId":"Murugan-Maniish"},"content":"","lastModifiedDate":"2024-01-25"},{"lineNumber":48,"author":{"gitId":"Murugan-Maniish"},"content":"            if (input.startsWith(\"todo\") || input.startsWith(\"deadline\") || input.startsWith(\"event\")) {","lastModifiedDate":"2024-01-25"},{"lineNumber":49,"author":{"gitId":"Murugan-Maniish"},"content":"                Task temp \u003d null;","lastModifiedDate":"2024-01-25"},{"lineNumber":50,"author":{"gitId":"Murugan-Maniish"},"content":"                if (input.startsWith(\"todo\")) {","lastModifiedDate":"2024-01-25"},{"lineNumber":51,"author":{"gitId":"Murugan-Maniish"},"content":"                    String todo \u003d input.split(\" \", 2)[1];","lastModifiedDate":"2024-01-25"},{"lineNumber":52,"author":{"gitId":"Murugan-Maniish"},"content":"                    temp \u003d new ToDo(todo);","lastModifiedDate":"2024-01-25"},{"lineNumber":53,"author":{"gitId":"Murugan-Maniish"},"content":"                }","lastModifiedDate":"2024-01-25"},{"lineNumber":54,"author":{"gitId":"Murugan-Maniish"},"content":"                if (input.startsWith(\"deadline\")) {","lastModifiedDate":"2024-01-25"},{"lineNumber":55,"author":{"gitId":"Murugan-Maniish"},"content":"                    String[] deadline \u003d input.split(\" \", 2)[1].split(\"/by\", 2);","lastModifiedDate":"2024-01-25"},{"lineNumber":56,"author":{"gitId":"Murugan-Maniish"},"content":"                    temp \u003d new Deadline(deadline[0], deadline[1]);","lastModifiedDate":"2024-01-25"},{"lineNumber":57,"author":{"gitId":"Murugan-Maniish"},"content":"                }","lastModifiedDate":"2024-01-25"},{"lineNumber":58,"author":{"gitId":"Murugan-Maniish"},"content":"                if (input.startsWith(\"event\")) {","lastModifiedDate":"2024-01-25"},{"lineNumber":59,"author":{"gitId":"Murugan-Maniish"},"content":"                    String[] event \u003d input.split(\" \", 2)[1].split(\"/from\", 2);","lastModifiedDate":"2024-01-25"},{"lineNumber":60,"author":{"gitId":"Murugan-Maniish"},"content":"                    temp \u003d new Event(event[0], event[1].split(\"/to\")[0], event[1].split(\"/to\")[1]);","lastModifiedDate":"2024-01-25"},{"lineNumber":61,"author":{"gitId":"Murugan-Maniish"},"content":"                }","lastModifiedDate":"2024-01-25"},{"lineNumber":62,"author":{"gitId":"Murugan-Maniish"},"content":"                list.add(temp);","lastModifiedDate":"2024-01-25"},{"lineNumber":63,"author":{"gitId":"Murugan-Maniish"},"content":"                System.out.println(horizontalLine","lastModifiedDate":"2024-01-25"},{"lineNumber":64,"author":{"gitId":"Murugan-Maniish"},"content":"                        + \"Marvelous! Another task graces our repertoire:\\n\"","lastModifiedDate":"2024-01-25"},{"lineNumber":65,"author":{"gitId":"Murugan-Maniish"},"content":"                        + \"  \" + temp.toString() +\"\\n\"","lastModifiedDate":"2024-01-25"},{"lineNumber":66,"author":{"gitId":"Murugan-Maniish"},"content":"                        + \"And with this latest addition, our list of tasks swells to a delightful \"","lastModifiedDate":"2024-01-25"},{"lineNumber":67,"author":{"gitId":"Murugan-Maniish"},"content":"                        + list.size() + \".\\n\"","lastModifiedDate":"2024-01-25"},{"lineNumber":68,"author":{"gitId":"Murugan-Maniish"},"content":"                        + horizontalLine);","lastModifiedDate":"2024-01-25"},{"lineNumber":69,"author":{"gitId":"Murugan-Maniish"},"content":"","lastModifiedDate":"2024-01-25"},{"lineNumber":70,"author":{"gitId":"Murugan-Maniish"},"content":"                continue;","lastModifiedDate":"2024-01-25"},{"lineNumber":71,"author":{"gitId":"Murugan-Maniish"},"content":"            }","lastModifiedDate":"2024-01-25"},{"lineNumber":72,"author":{"gitId":"Murugan-Maniish"},"content":"","lastModifiedDate":"2024-01-25"},{"lineNumber":73,"author":{"gitId":"Murugan-Maniish"},"content":"            list.add(new Task(input));","lastModifiedDate":"2024-01-25"},{"lineNumber":74,"author":{"gitId":"Murugan-Maniish"},"content":"            System.out.println(horizontalLine + \"added: \" + input + \"\\n\" + horizontalLine);","lastModifiedDate":"2024-01-25"},{"lineNumber":75,"author":{"gitId":"Murugan-Maniish"},"content":"        }","lastModifiedDate":"2024-01-25"},{"lineNumber":76,"author":{"gitId":"Murugan-Maniish"},"content":"        System.out.println(exit);","lastModifiedDate":"2024-01-25"},{"lineNumber":77,"author":{"gitId":"-"},"content":"    }","lastModifiedDate":"2019-07-29"},{"lineNumber":78,"author":{"gitId":"-"},"content":"}","lastModifiedDate":"2019-07-29"}],"authorContributionMap":{"Murugan-Maniish":74,"-":4}},{"path":"src/main/java/Event.java","fileType":"java","lines":[{"lineNumber":1,"author":{"gitId":"Murugan-Maniish"},"content":"public class Event extends Task {","lastModifiedDate":"2024-01-25"},{"lineNumber":2,"author":{"gitId":"Murugan-Maniish"},"content":"","lastModifiedDate":"2024-01-25"},{"lineNumber":3,"author":{"gitId":"Murugan-Maniish"},"content":"    protected String from;","lastModifiedDate":"2024-01-25"},{"lineNumber":4,"author":{"gitId":"Murugan-Maniish"},"content":"    protected String to;","lastModifiedDate":"2024-01-25"},{"lineNumber":5,"author":{"gitId":"Murugan-Maniish"},"content":"    public Event(String description, String from, String to) {","lastModifiedDate":"2024-01-25"},{"lineNumber":6,"author":{"gitId":"Murugan-Maniish"},"content":"        super(description);","lastModifiedDate":"2024-01-25"},{"lineNumber":7,"author":{"gitId":"Murugan-Maniish"},"content":"        this.from \u003d to;","lastModifiedDate":"2024-01-25"},{"lineNumber":8,"author":{"gitId":"Murugan-Maniish"},"content":"        this.to \u003d to;","lastModifiedDate":"2024-01-25"},{"lineNumber":9,"author":{"gitId":"Murugan-Maniish"},"content":"    }","lastModifiedDate":"2024-01-25"},{"lineNumber":10,"author":{"gitId":"Murugan-Maniish"},"content":"","lastModifiedDate":"2024-01-25"},{"lineNumber":11,"author":{"gitId":"Murugan-Maniish"},"content":"    @Override","lastModifiedDate":"2024-01-25"},{"lineNumber":12,"author":{"gitId":"Murugan-Maniish"},"content":"    public String toString() {","lastModifiedDate":"2024-01-25"},{"lineNumber":13,"author":{"gitId":"Murugan-Maniish"},"content":"        return \"[E]\" + super.toString() + \"(from:\" + from + \" to:\" + to + \")\";","lastModifiedDate":"2024-01-25"},{"lineNumber":14,"author":{"gitId":"Murugan-Maniish"},"content":"    }","lastModifiedDate":"2024-01-25"},{"lineNumber":15,"author":{"gitId":"Murugan-Maniish"},"content":"}","lastModifiedDate":"2024-01-25"}],"authorContributionMap":{"Murugan-Maniish":15}},{"path":"src/main/java/Task.java","fileType":"java","lines":[{"lineNumber":1,"author":{"gitId":"Murugan-Maniish"},"content":"public class Task {","lastModifiedDate":"2024-01-25"},{"lineNumber":2,"author":{"gitId":"Murugan-Maniish"},"content":"    protected String description;","lastModifiedDate":"2024-01-25"},{"lineNumber":3,"author":{"gitId":"Murugan-Maniish"},"content":"    protected boolean isDone;","lastModifiedDate":"2024-01-25"},{"lineNumber":4,"author":{"gitId":"Murugan-Maniish"},"content":"","lastModifiedDate":"2024-01-25"},{"lineNumber":5,"author":{"gitId":"Murugan-Maniish"},"content":"    public Task(String description) {","lastModifiedDate":"2024-01-25"},{"lineNumber":6,"author":{"gitId":"Murugan-Maniish"},"content":"        this.description \u003d description;","lastModifiedDate":"2024-01-25"},{"lineNumber":7,"author":{"gitId":"Murugan-Maniish"},"content":"        this.isDone \u003d false;","lastModifiedDate":"2024-01-25"},{"lineNumber":8,"author":{"gitId":"Murugan-Maniish"},"content":"    }","lastModifiedDate":"2024-01-25"},{"lineNumber":9,"author":{"gitId":"Murugan-Maniish"},"content":"","lastModifiedDate":"2024-01-25"},{"lineNumber":10,"author":{"gitId":"Murugan-Maniish"},"content":"    public String getStatusIcon() {","lastModifiedDate":"2024-01-25"},{"lineNumber":11,"author":{"gitId":"Murugan-Maniish"},"content":"        return (isDone ? \"[X]\" : \"[ ]\"); // mark done task with X","lastModifiedDate":"2024-01-25"},{"lineNumber":12,"author":{"gitId":"Murugan-Maniish"},"content":"    }","lastModifiedDate":"2024-01-25"},{"lineNumber":13,"author":{"gitId":"Murugan-Maniish"},"content":"","lastModifiedDate":"2024-01-25"},{"lineNumber":14,"author":{"gitId":"Murugan-Maniish"},"content":"    @Override","lastModifiedDate":"2024-01-25"},{"lineNumber":15,"author":{"gitId":"Murugan-Maniish"},"content":"    public String toString() {","lastModifiedDate":"2024-01-25"},{"lineNumber":16,"author":{"gitId":"Murugan-Maniish"},"content":"        return getStatusIcon() + \" \" + description;","lastModifiedDate":"2024-01-25"},{"lineNumber":17,"author":{"gitId":"Murugan-Maniish"},"content":"    }","lastModifiedDate":"2024-01-25"},{"lineNumber":18,"author":{"gitId":"Murugan-Maniish"},"content":"","lastModifiedDate":"2024-01-25"},{"lineNumber":19,"author":{"gitId":"Murugan-Maniish"},"content":"    public void mark() {","lastModifiedDate":"2024-01-25"},{"lineNumber":20,"author":{"gitId":"Murugan-Maniish"},"content":"        this.isDone \u003d true;","lastModifiedDate":"2024-01-25"},{"lineNumber":21,"author":{"gitId":"Murugan-Maniish"},"content":"    }","lastModifiedDate":"2024-01-25"},{"lineNumber":22,"author":{"gitId":"Murugan-Maniish"},"content":"","lastModifiedDate":"2024-01-25"},{"lineNumber":23,"author":{"gitId":"Murugan-Maniish"},"content":"    public void unmark() {","lastModifiedDate":"2024-01-25"},{"lineNumber":24,"author":{"gitId":"Murugan-Maniish"},"content":"        this.isDone \u003d false;","lastModifiedDate":"2024-01-25"},{"lineNumber":25,"author":{"gitId":"Murugan-Maniish"},"content":"    }","lastModifiedDate":"2024-01-25"},{"lineNumber":26,"author":{"gitId":"Murugan-Maniish"},"content":"}","lastModifiedDate":"2024-01-25"},{"lineNumber":27,"author":{"gitId":"Murugan-Maniish"},"content":"","lastModifiedDate":"2024-01-25"}],"authorContributionMap":{"Murugan-Maniish":27}},{"path":"src/main/java/ToDo.java","fileType":"java","lines":[{"lineNumber":1,"author":{"gitId":"Murugan-Maniish"},"content":"public class ToDo extends Task {","lastModifiedDate":"2024-01-25"},{"lineNumber":2,"author":{"gitId":"Murugan-Maniish"},"content":"","lastModifiedDate":"2024-01-25"},{"lineNumber":3,"author":{"gitId":"Murugan-Maniish"},"content":"    public ToDo(String description) {","lastModifiedDate":"2024-01-25"},{"lineNumber":4,"author":{"gitId":"Murugan-Maniish"},"content":"        super(description);","lastModifiedDate":"2024-01-25"},{"lineNumber":5,"author":{"gitId":"Murugan-Maniish"},"content":"    }","lastModifiedDate":"2024-01-25"},{"lineNumber":6,"author":{"gitId":"Murugan-Maniish"},"content":"","lastModifiedDate":"2024-01-25"},{"lineNumber":7,"author":{"gitId":"Murugan-Maniish"},"content":"    @Override","lastModifiedDate":"2024-01-25"},{"lineNumber":8,"author":{"gitId":"Murugan-Maniish"},"content":"    public String toString() {","lastModifiedDate":"2024-01-25"},{"lineNumber":9,"author":{"gitId":"Murugan-Maniish"},"content":"        return \"[T]\" + super.toString();","lastModifiedDate":"2024-01-25"},{"lineNumber":10,"author":{"gitId":"Murugan-Maniish"},"content":"    }","lastModifiedDate":"2024-01-25"},{"lineNumber":11,"author":{"gitId":"Murugan-Maniish"},"content":"}","lastModifiedDate":"2024-01-25"}],"authorContributionMap":{"Murugan-Maniish":11}}]
