{"authorDailyContributionsMap":{"Murugan-Maniish":[{"date":"2024-01-25","commitResults":[{"hash":"f8ac20393181febfb050643ca3a4227563cb89d4","isMergeCommit":false,"messageTitle":"Level 0. Rename, Greet, Exit","messageBody":"","tags":["Level-0"],"fileTypesAndContributionMap":{"java":{"insertions":7,"deletions":1}}},{"hash":"506669edadfece6c96c5b386762842d98b63bbcf","isMergeCommit":false,"messageTitle":"Level 1. Echo","messageBody":"","tags":["Level-1"],"fileTypesAndContributionMap":{"java":{"insertions":15,"deletions":4}}},{"hash":"5b353ab6ecd9fa543987c0c99f409ed54cd58ca7","isMergeCommit":false,"messageTitle":"Level 2. Add, List","messageBody":"","tags":["Level-2"],"fileTypesAndContributionMap":{"java":{"insertions":12,"deletions":2}}},{"hash":"6385362cb43ac7e38a795fd8d5d18d612711b0aa","isMergeCommit":false,"messageTitle":"add Task.java","messageBody":"","fileTypesAndContributionMap":{"java":{"insertions":27,"deletions":0}}},{"hash":"2d0e78103f6e6d5c18ad728a9cec0cd09c7358d6","isMergeCommit":false,"messageTitle":"Level 3. Mark as Done","messageBody":"","fileTypesAndContributionMap":{"java":{"insertions":24,"deletions":9}}},{"hash":"16a0ae6f6f0113a2d57fb8061c735f6e3193f400","isMergeCommit":false,"messageTitle":"Level 3. Mark as Done (fixed - string split)","messageBody":"","tags":["Level-3"],"fileTypesAndContributionMap":{"java":{"insertions":2,"deletions":2}}},{"hash":"901ea606e043a7792ed268dfcc240611e2e72d69","isMergeCommit":false,"messageTitle":"add ToDo.java, Deadline.java, Event.java","messageBody":"","fileTypesAndContributionMap":{"java":{"insertions":41,"deletions":0}}},{"hash":"023dddb02ae720a95ccbc9d81e1cd0ee645c0d1e","isMergeCommit":false,"messageTitle":"Level 4. ToDos, Events, Deadlines","messageBody":"","tags":["Level-4"],"fileTypesAndContributionMap":{"java":{"insertions":27,"deletions":1}}}]},{"date":"2024-01-27","commitResults":[{"hash":"666f5c8c3307478a68f2b877e8516d1764609410","isMergeCommit":false,"messageTitle":"A-TextUiTesting: Automated Text UI Testing","messageBody":"","tags":["A-TextUiTesting"],"fileTypesAndContributionMap":{"txt":{"insertions":8,"deletions":0},"sh":{"insertions":0,"deletions":0}}}]}]},"authorFileTypeContributionMap":{"Murugan-Maniish":{"java":142,"md":0,"fxml":0,"sh":0,"bat":0,"gradle":0,"txt":8}},"authorContributionVariance":{"Murugan-Maniish":2962.1726},"authorDisplayNameMap":{"Murugan-Maniish":"CS2103T-F12-2 MURU..IISH"}}
