{"authorDailyContributionsMap":{"marclamp":[{"date":"2024-01-26","commitResults":[{"hash":"7bd3a326d3f2bef216bfee457aeb4f44a805e5ca","isMergeCommit":false,"messageTitle":"Rename, Greet, Exit","messageBody":"","tags":["Level-0"],"fileTypesAndContributionMap":{"java":{"insertions":20,"deletions":10},"bat":{"insertions":1,"deletions":1},"md":{"insertions":2,"deletions":2}}},{"hash":"fe1305569eddb86e237d218cca277c56cce4b88a","isMergeCommit":false,"messageTitle":"Added Echo Functionality","messageBody":"","tags":["Level-1"],"fileTypesAndContributionMap":{"java":{"insertions":28,"deletions":4}}},{"hash":"55e7596c277f67ee3f45f233508526541ced2bf3","isMergeCommit":false,"messageTitle":"Added Add and List Functionality","messageBody":"","tags":["Level-2"],"fileTypesAndContributionMap":{"java":{"insertions":23,"deletions":4}}},{"hash":"43aca63ea24b0613bf0d8e888f007ae7a76a0362","isMergeCommit":false,"messageTitle":"Added Mark as Done Functionality","messageBody":"","tags":["Level-3"],"fileTypesAndContributionMap":{"java":{"insertions":69,"deletions":23}}},{"hash":"c3b84953a5f333559bc44422693a963a0d83f529","isMergeCommit":false,"messageTitle":"Added ToDos, Events, and Deadlines Functionality","messageBody":"","tags":["Level-4"],"fileTypesAndContributionMap":{"java":{"insertions":73,"deletions":3}}},{"hash":"5bc7adc6ef259ec3823551005a0dc25778bd4aae","isMergeCommit":false,"messageTitle":"Added Minimial Error Handling Functionality","messageBody":"","fileTypesAndContributionMap":{"txt":{"insertions":7,"deletions":0},"java":{"insertions":44,"deletions":20}}},{"hash":"0023d0ae7feed44f4ba55ded755f89b11950d8a2","isMergeCommit":false,"messageTitle":"Added Minimial Error Handling Functionality","messageBody":"","tags":["Level-5"],"fileTypesAndContributionMap":{"txt":{"insertions":7,"deletions":0},"java":{"insertions":44,"deletions":20}}},{"hash":"c9387e4e8b2ffc706a9f4c5efc9b4342676980aa","isMergeCommit":false,"messageTitle":"Added Delete Functionality","messageBody":"","tags":["Level-6","A-Exceptions"],"fileTypesAndContributionMap":{"txt":{"insertions":4,"deletions":0},"java":{"insertions":20,"deletions":0}}}]},{"date":"2024-01-30","commitResults":[{"hash":"c57486e5cb1a2c5d665dd3ae24a8714e8337776a","isMergeCommit":false,"messageTitle":"Refactored names to fit conventions","messageBody":"","fileTypesAndContributionMap":{"java":{"insertions":216,"deletions":116}}}]},{"date":"2024-02-02","commitResults":[{"hash":"bff57d8bd3c9d6c53872ff9c3a2cdac5e0a03798","isMergeCommit":false,"messageTitle":"Added saving and loading functionality","messageBody":"","fileTypesAndContributionMap":{"txt":{"insertions":4,"deletions":0},"java":{"insertions":198,"deletions":32}}},{"hash":"b8bba679ab069e39ab744f2c0b12055820d9ea7a","isMergeCommit":false,"messageTitle":"Added JavaDoc Headers","messageBody":"","fileTypesAndContributionMap":{"java":{"insertions":133,"deletions":38}}}]},{"date":"2024-02-06","commitResults":[{"hash":"6cb5d04f9a4506307b12c913f19f798119d2c5ef","isMergeCommit":false,"messageTitle":"Added DateTime class for date and time storage","messageBody":"","fileTypesAndContributionMap":{"java":{"insertions":167,"deletions":19}}},{"hash":"ff376ebe47a333c200a406277316169de289e700","isMergeCommit":false,"messageTitle":"Added listing by date functionality","messageBody":"","fileTypesAndContributionMap":{"txt":{"insertions":9,"deletions":4},"java":{"insertions":89,"deletions":37}}},{"hash":"84d42cf08a5b194f7005d874ba82d561c70c9bf5","isMergeCommit":false,"messageTitle":"Refactored to fit naming conventions","messageBody":"","fileTypesAndContributionMap":{"java":{"insertions":35,"deletions":35}}},{"hash":"96e0daa38f666041f03a56a4997a04aaeb6bd9ab","isMergeCommit":true,"messageTitle":"Resolved merge conflicts between branch-Level-7 and master","messageBody":"","tags":["Level-7"],"fileTypesAndContributionMap":{}},{"hash":"ed6ba42e218e3ed7c6d345df764ab0cf02e96ea0","isMergeCommit":true,"messageTitle":"Resolved merge conflicts between branch-Level-8 and master","messageBody":"","tags":["Level-8"],"fileTypesAndContributionMap":{}},{"hash":"209e558ce650883b6d67b9ef0b194199fc8035bc","isMergeCommit":false,"messageTitle":"Cleaned up the formatting","messageBody":"","fileTypesAndContributionMap":{"java":{"insertions":37,"deletions":10}}}]},{"date":"2024-02-07","commitResults":[{"hash":"5586b1ba56bbf2f84b749a03e19929203f9643bd","isMergeCommit":false,"messageTitle":"Added Storage and TaskList, but TaskList is not used yet","messageBody":"","fileTypesAndContributionMap":{"txt":{"insertions":12,"deletions":0},"java":{"insertions":155,"deletions":92}}},{"hash":"1a0905bf9e6bffe3356004e7049dfde8714c4ae7","isMergeCommit":false,"messageTitle":"Modified to include Command classes, Parser, and Ui, following More OOP standards","messageBody":"","fileTypesAndContributionMap":{"txt":{"insertions":1,"deletions":25},"java":{"insertions":312,"deletions":229}}},{"hash":"60244b63cc6b59013a21bc22e34e08c2413582cc","isMergeCommit":false,"messageTitle":"Added ChaterpillarException for Exception Handling","messageBody":"","tags":["A-MoreOOP"],"fileTypesAndContributionMap":{"java":{"insertions":29,"deletions":12}}},{"hash":"99e844101ec7622bc285ebe97fb9ee26b17d1ac0","isMergeCommit":false,"messageTitle":"Organised existing files into packages, A-Packages.","messageBody":"","fileTypesAndContributionMap":{"java":{"insertions":3,"deletions":1}}},{"hash":"e3147e8a634b0061ad269351bf32a58e33d2aa6b","isMergeCommit":false,"messageTitle":"Organised existing files into packages, A-Packages.","messageBody":"","tags":["A-Packages"],"fileTypesAndContributionMap":{"java":{"insertions":119,"deletions":26}}},{"hash":"b611852ff8413d502dcf0b561da5f2ed5349ff3a","isMergeCommit":false,"messageTitle":"Cleaned up exception handling","messageBody":"","fileTypesAndContributionMap":{"java":{"insertions":86,"deletions":48}}}]},{"date":"2024-02-09","commitResults":[{"hash":"ca41cd087af23249ebe376a9e0ace8679473ef91","isMergeCommit":true,"messageTitle":"Merge branch \u0027add-gradle-support\u0027","messageBody":"","fileTypesAndContributionMap":{}},{"hash":"0069ccc13b2ad294fa11b24e201dc75cd333590d","isMergeCommit":false,"messageTitle":"Added gradle support","messageBody":"","tags":["A-Gradle"],"fileTypesAndContributionMap":{"gradle":{"insertions":2,"deletions":2},"txt":{"insertions":2,"deletions":0},"java":{"insertions":91,"deletions":88}}},{"hash":"61d68e7afb8b071026a6898b72d3b98268d15c0f","isMergeCommit":false,"messageTitle":"Added gradle support","messageBody":"","fileTypesAndContributionMap":{"gradle":{"insertions":2,"deletions":2},"txt":{"insertions":2,"deletions":0},"java":{"insertions":94,"deletions":91}}},{"hash":"0a196ea6620d510e2561580c86fd351681ec35ba","isMergeCommit":true,"messageTitle":"Merge branch \u0027master\u0027 of https://github.com/marclamp/ip","messageBody":"","fileTypesAndContributionMap":{}},{"hash":"f4116ae0d13cc1c4dbadbded9fbc8b9350134c03","isMergeCommit":false,"messageTitle":"Added SOME JUnit Tests","messageBody":"","fileTypesAndContributionMap":{"java":{"insertions":50,"deletions":0}}},{"hash":"46672e0bc947c1154eea7f9cc95312e7499c07f1","isMergeCommit":false,"messageTitle":"Added SOME JUnit Tests","messageBody":"","fileTypesAndContributionMap":{"java":{"insertions":57,"deletions":0}}},{"hash":"884b147edb220202a6274b838ed24f56f60f5295","isMergeCommit":false,"messageTitle":"Added JavaDoc Headers to all non-trivial methods.","messageBody":"","tags":["A-JavaDoc"],"fileTypesAndContributionMap":{"java":{"insertions":373,"deletions":75}}},{"hash":"c8a6e6bdbd1cbecaec329d67bfd7add6df27e3e4","isMergeCommit":false,"messageTitle":"Modified files to fit coding standards.","messageBody":"","fileTypesAndContributionMap":{"java":{"insertions":133,"deletions":122}}},{"hash":"eb3e2da6dc525f6656934c719a91a08501a77611","isMergeCommit":false,"messageTitle":"Added Find Functionality","messageBody":"","fileTypesAndContributionMap":{"txt":{"insertions":2,"deletions":0},"java":{"insertions":57,"deletions":1}}}]},{"date":"2024-02-10","commitResults":[{"hash":"29f3108770a996a060c1eed4e9549647eef3c059","isMergeCommit":true,"messageTitle":"Merged branch-A-CodingStandard into master","messageBody":"","tags":["A-CodingStandard"],"fileTypesAndContributionMap":{}},{"hash":"476b35072e1070269451e5a333930f4963668de7","isMergeCommit":true,"messageTitle":"Merged branch-Level-9 into master","messageBody":"","tags":["Level-9"],"fileTypesAndContributionMap":{}},{"hash":"a88e62d9feaf7fde3c7676d38a3bb35a428c63ce","isMergeCommit":true,"messageTitle":"Merged branch-A-JUnit into master","messageBody":"","tags":["A-JUnit"],"fileTypesAndContributionMap":{}}]},{"date":"2024-02-14","commitResults":[{"hash":"b77b3fc0fb33a3f95638fe2cafaedf2a1b940849","isMergeCommit":false,"messageTitle":"Added jar file creation","messageBody":"","tags":["A-Jar"],"fileTypesAndContributionMap":{"txt":{"insertions":1,"deletions":0},"java":{"insertions":9,"deletions":2}}},{"hash":"2f535a7be04f4705e1868fb90346edaa1b151af4","isMergeCommit":false,"messageTitle":"WIP - Added GUI, editing UI class to work with GUI","messageBody":"","fileTypesAndContributionMap":{"fxml":{"insertions":33,"deletions":0},"java":{"insertions":8,"deletions":0}}},{"hash":"53d22e9ae5b5159e3a3b6b4299f328fb2dbba255","isMergeCommit":false,"messageTitle":"WIP - Added GUI functionality. ToDo: Fix compressing of dialog box when chat gets long","messageBody":"","fileTypesAndContributionMap":{"gradle":{"insertions":16,"deletions":1},"fxml":{"insertions":24,"deletions":18},"java":{"insertions":347,"deletions":96}}},{"hash":"277c7dcc6daf20905d9efc939969d9aba38dd1eb","isMergeCommit":false,"messageTitle":"Finished basic GUI functionality","messageBody":"","tags":["Level-10"],"fileTypesAndContributionMap":{"txt":{"insertions":2,"deletions":1},"fxml":{"insertions":8,"deletions":8}}},{"hash":"034202da9819ad7658dbeebaa8f13ba3de2cbce4","isMergeCommit":false,"messageTitle":"Added Checkstyle support, and fixed accordingly","messageBody":"","tags":["A-CheckStyle"],"fileTypesAndContributionMap":{"gradle":{"insertions":6,"deletions":1},"java":{"insertions":233,"deletions":115}}}]},{"date":"2024-02-15","commitResults":[{"hash":"9b6a88c1806441f3ed964544d1f91d5244e8273f","isMergeCommit":false,"messageTitle":"Modified files to adhere to CodeQuality","messageBody":"Many classes were developed with functionality first, resulting in long methods, arrowhead code, complicated expressions and a few methods not adhering to SLAP.\n\nShorter methods, simplifying expressions, and methods adhering to SLAP, improves code readability.\n\nLets,\n* Extract parts of a method and define it as its own method\n* Assign parts of a complicated expression to its respective variable (i.e. boolean)\n\nExtracting parts adheres to SLAP, and results in shorter methods, hence improving readability.\n","fileTypesAndContributionMap":{"java":{"insertions":195,"deletions":175}}}]},{"date":"2024-02-16","commitResults":[{"hash":"aea69f27ee78205d7bea61fc1cac7abcbf46f42e","isMergeCommit":false,"messageTitle":"Modified files to adhere to CodeQuality","messageBody":"Many classes were developed with functionality first, resulting in long methods, arrowhead code, complicated expressions and a few methods not adhering to SLAP.\n\nShorter methods, simplifying expressions, and methods adhering to SLAP, improves code readability.\n\nLets,\n* Extract parts of a method and define it as its own method\n* Assign parts of a complicated expression to its respective variable (i.e. boolean)\n\nExtracting parts adheres to SLAP, and results in shorter methods, hence improving readability.\n","tags":["A-FullCommitMessage"],"fileTypesAndContributionMap":{"java":{"insertions":195,"deletions":175}}},{"hash":"df7be031d10eba96ef157bb0713c80855f8e6e22","isMergeCommit":true,"messageTitle":"Merge branch \u0027branch-A-CodeQuality\u0027 of https://github.com/marclamp/ip into branch-A-CodeQuality","messageBody":"","fileTypesAndContributionMap":{}}]},{"date":"2024-02-17","commitResults":[{"hash":"9fcdcefb8a3b919ff06ba67273923c6855881f67","isMergeCommit":false,"messageTitle":"Add assertions","messageBody":"No assertions used.\n\nAssertions are used to define assumptions about the program state.\n\nLet\u0027s include assertions to check for assumptions on internal invariants, control-flow invariants, and preconditions.\n","fileTypesAndContributionMap":{"txt":{"insertions":1,"deletions":0},"java":{"insertions":4,"deletions":0}}},{"hash":"7bb1316bf5ba02fd60a7c5f5402f184350c9bcc5","isMergeCommit":true,"messageTitle":"Merge pull request #1 from marclamp/branch-A-Assertions","messageBody":"Add assertions","tags":["A-Assertions"],"fileTypesAndContributionMap":{}},{"hash":"f66a5d8fd5f16ebaedad29abfd6d68b58def33d6","isMergeCommit":true,"messageTitle":"Merge pull request #2 from marclamp/branch-A-CodeQuality","messageBody":"Branch a code quality","tags":["A-CodeQuality"],"fileTypesAndContributionMap":{}},{"hash":"2e8885a952e6bb0c0bcc7cd5db81cdee70c7d4c4","isMergeCommit":false,"messageTitle":"Add Update functionality, missing support for DD/MM/YYY formats","messageBody":"","fileTypesAndContributionMap":{"txt":{"insertions":3,"deletions":3},"java":{"insertions":165,"deletions":6}}}]},{"date":"2024-02-18","commitResults":[{"hash":"c878ae85fa444f9cbcea5fe238b183811d0587ae","isMergeCommit":false,"messageTitle":"Fix update command to work with DD/MM/YYYY date formats","messageBody":"Parsing update command would not work with date time formats containing \u0027/\u0027.\n\nDates containing \u0027/\u0027 are common and expected of the user to use. Hence, the parser should be able to handle such inputs.\n\nLet\u0027s improve the parser to not split the input string containing the date.\n","fileTypesAndContributionMap":{"txt":{"insertions":2,"deletions":2},"java":{"insertions":2,"deletions":3}}},{"hash":"8a6ae6ba0582416afbf03f2e9372ae6db554101b","isMergeCommit":true,"messageTitle":"Merge pull request #4 from marclamp/branch-C-Update","messageBody":"Branch C Update","tags":["BCD-Extension"],"fileTypesAndContributionMap":{}},{"hash":"0f42a976b41d86a1e318d8b6227451c1ab181816","isMergeCommit":false,"messageTitle":"Fix some checkstyle issues and JavaDoc header comments","messageBody":"","fileTypesAndContributionMap":{"java":{"insertions":66,"deletions":9}}},{"hash":"c1571be7b81acf8f646c58db47211cf9742ac65f","isMergeCommit":false,"messageTitle":"Add Continuous Integration","messageBody":"","fileTypesAndContributionMap":{"java":{"insertions":2,"deletions":1}}},{"hash":"d42e13f54ac858ceb62ac3a46b3945b6fb4c59eb","isMergeCommit":true,"messageTitle":"Merge branch \u0027master\u0027 of https://github.com/marclamp/ip","messageBody":"","fileTypesAndContributionMap":{}}]},{"date":"2024-02-20","commitResults":[{"hash":"b35dc0eab4249e27af749078623e644c994cf7f1","isMergeCommit":false,"messageTitle":"Add colours and frame dialog boxes in chat bubble style","messageBody":"","fileTypesAndContributionMap":{"txt":{"insertions":2,"deletions":2},"fxml":{"insertions":38,"deletions":13},"java":{"insertions":24,"deletions":8}}},{"hash":"dead5af86557bd52b047a6abea0396cc74251179","isMergeCommit":true,"messageTitle":"Merge pull request #5 from marclamp/branch-A-BetterGui","messageBody":"Branch a better gui","tags":["A-BetterGui"],"fileTypesAndContributionMap":{}},{"hash":"901620a0554fcb485af61b887913d5959196b99e","isMergeCommit":false,"messageTitle":"Modify some output strings","messageBody":"","fileTypesAndContributionMap":{"txt":{"insertions":6,"deletions":2},"java":{"insertions":18,"deletions":10},"sh":{"insertions":1,"deletions":1}}},{"hash":"2aa3048e1be570527481778eaf4778969e3d9559","isMergeCommit":false,"messageTitle":"Modified docs/README.md as a User Guide","messageBody":"","tags":["A-UserGuide"],"fileTypesAndContributionMap":{"java":{"insertions":0,"deletions":1},"md":{"insertions":162,"deletions":14}}},{"hash":"f4bc010b8e582eeaa97b52e2821dfe318598a66c","isMergeCommit":false,"messageTitle":"Modify README.md","messageBody":"","fileTypesAndContributionMap":{"md":{"insertions":24,"deletions":17}}},{"hash":"3be07025524c497c86d03e7320e1b2fb5a64c999","isMergeCommit":false,"messageTitle":"Fix JDK version and code to be JDK11 compatible","messageBody":"","tags":["A-Release"],"fileTypesAndContributionMap":{"gradle":{"insertions":1,"deletions":1},"java":{"insertions":66,"deletions":82}}},{"hash":"3baf04a802eef7a93517ff054a5f5c2fe5bd9838","isMergeCommit":false,"messageTitle":"Add attributions","messageBody":"","tags":["A-Release-1.01"],"fileTypesAndContributionMap":{"java":{"insertions":55,"deletions":0}}}]},{"date":"2024-03-05","commitResults":[{"hash":"fdff69dff2418164dbfe42aca1d54f80d9793c23","isMergeCommit":false,"messageTitle":"Update Parser to include index checking of 1 and above.","messageBody":"Parser: Does not accept index of 1 and below.\n\nIt should accept index 1 as well.\n\nLet\u0027s edit the parser checking to include index 1, and exclude 0 and\nbelow.\n","tags":["A-Release-1.02"],"fileTypesAndContributionMap":{"java":{"insertions":1,"deletions":1}}},{"hash":"eda358760d6a432a6ad7b23c9d3d76fc5c92095d","isMergeCommit":false,"messageTitle":"Edit JavaDoc Header comments to include spacing.","messageBody":"Some headers have no proper spacing.\n\nProper spacing follows the Git Conventions.\n\nLet\u0027s add the spacing inside the headers.\n","fileTypesAndContributionMap":{"java":{"insertions":2,"deletions":0}}}]}]},"authorFileTypeContributionMap":{"marclamp":{"java":2107,"md":184,"fxml":64,"sh":1,"bat":1,"gradle":22,"txt":33}},"authorContributionVariance":{"marclamp":87430.77},"authorDisplayNameMap":{"marclamp":"CS2103-T14-1 LAM ..RCUS"}}
