{"authorDailyContributionsMap":{"kokerinks":[{"date":"2024-01-22","commitResults":[{"hash":"5d5891f090c624bba21f26616b4af48fbc24f327","isMergeCommit":false,"messageTitle":"Level 0. Rename, Greet, Exit","messageBody":"","tags":["Level-0"],"fileTypesAndContributionMap":{"java":{"insertions":24,"deletions":6}}},{"hash":"33e3c7707c5891862a845af3a38298bcf3cc2954","isMergeCommit":false,"messageTitle":"Level 1. Echo","messageBody":"","tags":["Level-1"],"fileTypesAndContributionMap":{"java":{"insertions":19,"deletions":0}}},{"hash":"fac72188d4bf296aa987d01c055a42e84492a847","isMergeCommit":false,"messageTitle":"Level 2. Add, List","messageBody":"","tags":["Level-2"],"fileTypesAndContributionMap":{"java":{"insertions":21,"deletions":3}}},{"hash":"ead8cf9c2af50b20cac218e113351d2b0791f0e0","isMergeCommit":false,"messageTitle":"Level 3. Mark as Done","messageBody":"","tags":["Level-3"],"fileTypesAndContributionMap":{"java":{"insertions":63,"deletions":9}}},{"hash":"2c897896bf658e2fcc57f69a47a7811ae09040fd","isMergeCommit":false,"messageTitle":"Level 4. ToDos, Events, Deadlines","messageBody":"","tags":["Level-4"],"fileTypesAndContributionMap":{"java":{"insertions":126,"deletions":8}}},{"hash":"19043b6be8360e3e509ddca78c0c7293ec31e1b4","isMergeCommit":false,"messageTitle":"A-TextUiTesting: Automated Text UI Testing","messageBody":"","tags":["A-TextUiTesting"],"fileTypesAndContributionMap":{"txt":{"insertions":8,"deletions":0}}}]},{"date":"2024-01-23","commitResults":[{"hash":"3bdb634187c542ce3fcf42cdfeb2d53e493bcec3","isMergeCommit":false,"messageTitle":"Level 5. Handle Errors","messageBody":"","fileTypesAndContributionMap":{"java":{"insertions":2,"deletions":0}}}]},{"date":"2024-01-24","commitResults":[{"hash":"cf370210c7579a2890554c4fae43391476420174","isMergeCommit":false,"messageTitle":"Level 5 \u0026 Level 6","messageBody":"","tags":["Level-6","Level-5"],"fileTypesAndContributionMap":{"txt":{"insertions":3,"deletions":0},"java":{"insertions":114,"deletions":54}}}]},{"date":"2024-01-28","commitResults":[{"hash":"de4c565ef058dd8c9fa3e2424706960db7996314","isMergeCommit":false,"messageTitle":"Level 7. Save","messageBody":"","tags":["status","Level-7"],"fileTypesAndContributionMap":{"java":{"insertions":100,"deletions":25},"md":{"insertions":9,"deletions":0}}},{"hash":"01d0e6993254c512c7f96a2069b723a9138e7295","isMergeCommit":false,"messageTitle":"Level 8. Dates and Times","messageBody":"","tags":["Level-8"],"fileTypesAndContributionMap":{"java":{"insertions":121,"deletions":17},"md":{"insertions":6,"deletions":3}}}]},{"date":"2024-01-30","commitResults":[{"hash":"9ba7824a3564e0a441679f5e0007cd133a581249","isMergeCommit":false,"messageTitle":"Add classes Ui, Command, Parser, Storage, Tasklist","messageBody":"","tags":["A-Enums"],"fileTypesAndContributionMap":{"java":{"insertions":331,"deletions":0}}},{"hash":"56464122299e0602b54203606ae82278e8d3a9dd","isMergeCommit":false,"messageTitle":"Refactor Duke to use new classes","messageBody":"","tags":["A-MoreOOP"],"fileTypesAndContributionMap":{"java":{"insertions":107,"deletions":225}}},{"hash":"c4e0e328b46b1b1c2dd2adac0256bc2c2056c171","isMergeCommit":false,"messageTitle":"Move classes into packages duke and duke.task","messageBody":"","tags":["A-Packages"],"fileTypesAndContributionMap":{"java":{"insertions":41,"deletions":15},"bat":{"insertions":1,"deletions":1},"md":{"insertions":4,"deletions":4}}},{"hash":"f8b810639848c4c76a587359dfa477095a7391b4","isMergeCommit":true,"messageTitle":"Merge remote-tracking branch \u0027origin/add-gradle-support\u0027","messageBody":"","fileTypesAndContributionMap":{}},{"hash":"9dc66a464e7e33ac8f7480fc79f2a09e6e83544d","isMergeCommit":false,"messageTitle":"Change code to be Java 11 compatible","messageBody":"","tags":["A-Gradle"],"fileTypesAndContributionMap":{"java":{"insertions":66,"deletions":102}}},{"hash":"60e78ba0b68488a5786269048b66d48ea2cda5fa","isMergeCommit":false,"messageTitle":"Add new valid dates into datetime formats","messageBody":"","fileTypesAndContributionMap":{"java":{"insertions":6,"deletions":0}}},{"hash":"2ca1db28e88b045a4abd669c00f355dc240e4353","isMergeCommit":false,"messageTitle":"Add JUnits test classes for Todo and Deadline","messageBody":"","tags":["A-JUnit"],"fileTypesAndContributionMap":{"java":{"insertions":38,"deletions":2}}},{"hash":"8c4b41237c3935caa9b7cf32aadfd5a42652f3ae","isMergeCommit":false,"messageTitle":"Alter settings for build.gradle","messageBody":"","tags":["A-Jar"],"fileTypesAndContributionMap":{"gradle":{"insertions":2,"deletions":4}}}]},{"date":"2024-01-31","commitResults":[{"hash":"6270ac61b6798b16fb5e7a1026700b80c146c64b","isMergeCommit":false,"messageTitle":"Add JavaDocs for all classes","messageBody":"","tags":["A-JavaDoc"],"fileTypesAndContributionMap":{"java":{"insertions":354,"deletions":16},"md":{"insertions":2,"deletions":1}}},{"hash":"73da89546ef1670c41f1ce489f2d6df94654673d","isMergeCommit":false,"messageTitle":"Add find feature for Level-9","messageBody":"","fileTypesAndContributionMap":{"java":{"insertions":33,"deletions":2}}},{"hash":"ccd0f095156e41fc6f8369551982ba12ed4c77e5","isMergeCommit":true,"messageTitle":"Merge branch \u0027branch-Level-9\u0027","messageBody":"","tags":["Level-9"],"fileTypesAndContributionMap":{}},{"hash":"17ecc80c0d2358c22df6a96c50da443070bf859a","isMergeCommit":false,"messageTitle":"Change code to follow Java coding standard","messageBody":"","fileTypesAndContributionMap":{"java":{"insertions":28,"deletions":20}}},{"hash":"b5b6fb8d356de484843b51b89c354669678ec190","isMergeCommit":true,"messageTitle":"Merge branch \u0027branch-A-CodingStandard\u0027","messageBody":"","tags":["A-CodingStandard"],"fileTypesAndContributionMap":{}}]},{"date":"2024-02-05","commitResults":[{"hash":"24142f0738b5052ef38e652f4df1b42a515c5bdf","isMergeCommit":false,"messageTitle":"Add introductory javafx functionality","messageBody":"","fileTypesAndContributionMap":{"gradle":{"insertions":15,"deletions":0},"java":{"insertions":42,"deletions":1}}},{"hash":"d51c3c06a966215706b1d9a754d2d2ba69356004","isMergeCommit":false,"messageTitle":"Add rudimentary GUI functionality using javaFX","messageBody":"","fileTypesAndContributionMap":{"fxml":{"insertions":55,"deletions":0},"java":{"insertions":417,"deletions":122}}},{"hash":"8fe3c57c883ffe84c55eb79fd6960d139a9c0c22","isMergeCommit":false,"messageTitle":"Fix bugs with GUI functionality","messageBody":"","fileTypesAndContributionMap":{"fxml":{"insertions":3,"deletions":3},"java":{"insertions":13,"deletions":1}}},{"hash":"e070a8e3631342a9d2c3439141c2f770e9b59ec8","isMergeCommit":false,"messageTitle":"Fix saving of file after every command","messageBody":"","tags":["Level-10"],"fileTypesAndContributionMap":{"java":{"insertions":9,"deletions":61}}}]},{"date":"2024-02-10","commitResults":[{"hash":"88501893c73fd4650f516937feaedb651200430a","isMergeCommit":false,"messageTitle":"Add build.gradle settings for fat JAR generation","messageBody":"","fileTypesAndContributionMap":{"gradle":{"insertions":1,"deletions":1}}}]}]},"authorFileTypeContributionMap":{"kokerinks":{"java":1416,"md":15,"fxml":55,"sh":0,"bat":1,"gradle":17,"txt":11}},"authorContributionVariance":{"kokerinks":64632.414},"authorDisplayNameMap":{"kokerinks":"CS2103T-T13-4 LIM ..IANG"}}
