{"authorDailyContributionsMap":{"lynnetteeee":[{"date":"2024-01-24","commitResults":[{"hash":"1d7ec41942c497b47802188a92d7e33e13930937","isMergeCommit":false,"messageTitle":"finish level 0","messageBody":"","tags":["Level-0"],"fileTypesAndContributionMap":{"java":{"insertions":7,"deletions":6}}},{"hash":"643d9b2e56fb912edd38a583be50fd13a5ab09a5","isMergeCommit":false,"messageTitle":"finish level-1","messageBody":"","tags":["Level-1"],"fileTypesAndContributionMap":{"java":{"insertions":14,"deletions":0}}},{"hash":"78e1ed08695188c2f21904d0512514960f79f9cf","isMergeCommit":false,"messageTitle":"finish level 2","messageBody":"","tags":["Level-2"],"fileTypesAndContributionMap":{"java":{"insertions":18,"deletions":5}}},{"hash":"ff5b035ccac581f2b70b7583f5e335d774d67b40","isMergeCommit":false,"messageTitle":"finish level 3, added new class Task.java","messageBody":"","tags":["Level-3"],"fileTypesAndContributionMap":{"java":{"insertions":61,"deletions":17}}},{"hash":"51adf3b6ed219a49e71cdf4eb1e94d84203c6837","isMergeCommit":false,"messageTitle":"finish level 4, added classes ToDos, Deadline, Event","messageBody":"","tags":["Level-4"],"fileTypesAndContributionMap":{"java":{"insertions":76,"deletions":0}}}]},{"date":"2024-01-25","commitResults":[{"hash":"42de9c31c4b3e0a7336e47f84ff443d0aa0b4c13","isMergeCommit":false,"messageTitle":"added testing","messageBody":"","tags":["A-TextUiTesting"],"fileTypesAndContributionMap":{"txt":{"insertions":7,"deletions":0},"java":{"insertions":3,"deletions":0}}},{"hash":"4f479ee72f70e77a10c02efd7d25810644e90a79","isMergeCommit":false,"messageTitle":"basic exceptions for invalid format (not including empty fields yet)","messageBody":"","tags":["Level-5"],"fileTypesAndContributionMap":{"java":{"insertions":40,"deletions":3}}},{"hash":"b9f2710d2df05cc8f672a49aedd59dce20601434","isMergeCommit":false,"messageTitle":"added delete feature","messageBody":"","tags":["Level-6"],"fileTypesAndContributionMap":{"java":{"insertions":14,"deletions":0}}},{"hash":"88f22ca7da10cea64e29516afaaef0ef6afe6496","isMergeCommit":false,"messageTitle":"added another checked exception","messageBody":"","tags":["Level-5-Updated"],"fileTypesAndContributionMap":{"java":{"insertions":20,"deletions":21}}}]},{"date":"2024-02-05","commitResults":[{"hash":"1652c73295fecf08edd66851c1ff22298c92fd2d","isMergeCommit":false,"messageTitle":"save feature","messageBody":"","fileTypesAndContributionMap":{"txt":{"insertions":4,"deletions":0},"java":{"insertions":120,"deletions":3}}},{"hash":"fabb21de78cc604144856047222a26ff12960d2e","isMergeCommit":true,"messageTitle":"Merge branch \u0027branch-Level-7\u0027","messageBody":"* branch-Level-7:\n  save feature\n","tags":["Level-7"],"fileTypesAndContributionMap":{}}]},{"date":"2024-02-06","commitResults":[{"hash":"948cad26e29994246b570c40a79e2c9c5ddbb5ad","isMergeCommit":false,"messageTitle":"level 8 date done","messageBody":"","fileTypesAndContributionMap":{"txt":{"insertions":5,"deletions":4},"java":{"insertions":48,"deletions":14}}},{"hash":"cb99ed2289bcd75919d9e961ebaac986853a4b04","isMergeCommit":true,"messageTitle":"Merge branch \u0027branch-Level-8\u0027","messageBody":"* branch-Level-8:\n  level 8 date done\n","tags":["Level-8"],"fileTypesAndContributionMap":{}}]},{"date":"2024-02-07","commitResults":[{"hash":"8a31ef93451e155871e385cc6caaf7c8782f515f","isMergeCommit":false,"messageTitle":"extract ui class [A-MoreOOP]","messageBody":"","fileTypesAndContributionMap":{"txt":{"insertions":0,"deletions":1},"java":{"insertions":100,"deletions":53}}}]},{"date":"2024-02-17","commitResults":[{"hash":"d79c57c3f3063bf6fa222a1e104d066e82a2006c","isMergeCommit":false,"messageTitle":"fixed TaskList.java, Ui.java, Storage.java for MoreOOP","messageBody":"","tags":["A-MoreOOP"],"fileTypesAndContributionMap":{"txt":{"insertions":2,"deletions":1},"java":{"insertions":287,"deletions":201}}},{"hash":"bac02ca4e9d443a985bf8bd2eb964fad0a7312d3","isMergeCommit":true,"messageTitle":"Merge branch \u0027branch-increments-MoreOOP\u0027","messageBody":"* branch-increments-MoreOOP:\n  fixed TaskList.java, Ui.java, Storage.java for MoreOOP\n  extract ui class [A-MoreOOP]\n","fileTypesAndContributionMap":{}},{"hash":"050b411a141a895f34cc346f28bc87aeb3a445e2","isMergeCommit":false,"messageTitle":"changed all \"Duke\" to \"Floofy\"","messageBody":"","fileTypesAndContributionMap":{"java":{"insertions":24,"deletions":24}}},{"hash":"1263ad60d7725367f39416887753fafdbb43abfb","isMergeCommit":false,"messageTitle":"packaged into floofy, further packaged tasks into floofy.task","messageBody":"","fileTypesAndContributionMap":{"txt":{"insertions":1,"deletions":0},"java":{"insertions":35,"deletions":1}}},{"hash":"34b78e84be072aec10831764ba5aa56ab183a5ac","isMergeCommit":true,"messageTitle":"Merge branch \u0027branch-increments-Packages\u0027","messageBody":"* branch-increments-Packages:\n  packaged into floofy, further packaged tasks into floofy.task\n  changed all \"Duke\" to \"Floofy\"\n","tags":["A-Packages"],"fileTypesAndContributionMap":{}},{"hash":"c93ada5f974eb8ead99298f2d558a9f9995d0019","isMergeCommit":true,"messageTitle":"Merge branch \u0027add-gradle-support\u0027","messageBody":"* add-gradle-support:\n  Bump gradle and lib version\n  Add Gradle support\n  docs/README.md: Tweak document template\n","fileTypesAndContributionMap":{}},{"hash":"9d3c97024373a99c88badc2681b060be23f10908","isMergeCommit":false,"messageTitle":"updated gradle plugins, able to run main class","messageBody":"","tags":["A-Gradle"],"fileTypesAndContributionMap":{"gradle":{"insertions":2,"deletions":2}}},{"hash":"4f5021659317dd1d863fd3a1b26d2084dae3d9ca","isMergeCommit":false,"messageTitle":"created 2 test files, changed ToDos to ToDo","messageBody":"","fileTypesAndContributionMap":{"gradle":{"insertions":1,"deletions":0},"txt":{"insertions":2,"deletions":1},"java":{"insertions":45,"deletions":6}}},{"hash":"2cf251ff3ce0982117db631c788de233b4f44701","isMergeCommit":true,"messageTitle":"Merge branch \u0027branch-increments-JUnit\u0027","messageBody":"* branch-increments-JUnit:\n  created 2 test files, changed ToDos to ToDo\n","tags":["A-JUnit"],"fileTypesAndContributionMap":{}}]},{"date":"2024-02-18","commitResults":[{"hash":"3d1951e6ab1a1bf813da50c8b9c550183d7a6c52","isMergeCommit":false,"messageTitle":"no changes to code, only renamed archiveBaseName in shadowJar of build.gradle","messageBody":"","fileTypesAndContributionMap":{"gradle":{"insertions":1,"deletions":1},"txt":{"insertions":1,"deletions":1}}},{"hash":"29faef77304654beafcc5e14e0ffe540586dae77","isMergeCommit":true,"messageTitle":"Merge branch \u0027branch-increments-Jar\u0027","messageBody":"* branch-increments-Jar:\n  no changes to code, only renamed archiveBaseName in shadowJar of build.gradle\n","tags":["A-Jar"],"fileTypesAndContributionMap":{}}]},{"date":"2024-02-20","commitResults":[{"hash":"b468659c92d410a3c8fc9d7eaf858b38616ff915","isMergeCommit":false,"messageTitle":"added javadocs for 7/10 classes","messageBody":"","fileTypesAndContributionMap":{"java":{"insertions":141,"deletions":5}}},{"hash":"d6c2e7054c0f4ec3a6123d35a3a45f414d043691","isMergeCommit":true,"messageTitle":"Merge branch \u0027branch-A-JavaDoc\u0027","messageBody":"* branch-A-JavaDoc:\n  added javadocs for 7/10 classes\n","tags":["A-JavaDoc"],"fileTypesAndContributionMap":{}},{"hash":"6bcd713154202b0b98102b7655108a7aef4d84ad","isMergeCommit":false,"messageTitle":"Change size() method in TaskList to getSize()","messageBody":"","fileTypesAndContributionMap":{"java":{"insertions":6,"deletions":6}}},{"hash":"7d4357ac77064035189b2f141b567c17a71d0eec","isMergeCommit":false,"messageTitle":"Add find feature","messageBody":"","fileTypesAndContributionMap":{"txt":{"insertions":1,"deletions":1},"java":{"insertions":38,"deletions":0}}},{"hash":"d31fc903ae4e26a5e00ffe01f970608025b7ee08","isMergeCommit":true,"messageTitle":"Merge branch \u0027branch-A-CodingStandard\u0027","messageBody":"* branch-A-CodingStandard:\n  Change size() method in TaskList to getSize()\n","tags":["A-CodingStandard"],"fileTypesAndContributionMap":{}},{"hash":"e6269f7dd902d6d84fd8c322c9ace76e6631199b","isMergeCommit":true,"messageTitle":"Merge branch \u0027branch-Level-9\u0027","messageBody":"* branch-Level-9:\n  Add find feature\n","tags":["Level-9"],"fileTypesAndContributionMap":{}}]},{"date":"2024-02-23","commitResults":[{"hash":"5f0416df5e7b451ac814c412d200cd3e6884b732","isMergeCommit":false,"messageTitle":"Add JavaFx Tutorial Part 1","messageBody":"","fileTypesAndContributionMap":{"gradle":{"insertions":15,"deletions":0},"java":{"insertions":44,"deletions":2}}},{"hash":"dceed8bcdd6f068ddd4a9155c83f20749bf534d2","isMergeCommit":false,"messageTitle":"Add JavaFx Tutorial Parts 2 and 3","messageBody":"","fileTypesAndContributionMap":{"java":{"insertions":157,"deletions":5}}},{"hash":"b0f808c66aa6e2e398719b3c34620b59b54db817","isMergeCommit":false,"messageTitle":"Add JavaFx Tutorial Part 4","messageBody":"","fileTypesAndContributionMap":{"fxml":{"insertions":35,"deletions":0},"java":{"insertions":125,"deletions":28}}},{"hash":"632ae3693c3d968c22fdebbc8fa14424f321add8","isMergeCommit":false,"messageTitle":"Remove JavaFx Tutorial Parts 1-3 Code From Floofy.java","messageBody":"","fileTypesAndContributionMap":{"java":{"insertions":0,"deletions":86}}},{"hash":"3c2c82d10d634160f94ed467d1bec0e5af457446","isMergeCommit":false,"messageTitle":"Change all Ui methods to return String","messageBody":"","fileTypesAndContributionMap":{"java":{"insertions":41,"deletions":44}}},{"hash":"42266ca885265f15af9cd7f22171753fd90131f1","isMergeCommit":false,"messageTitle":"Integrate chatbot features with GUI","messageBody":"","fileTypesAndContributionMap":{"txt":{"insertions":0,"deletions":1},"fxml":{"insertions":1,"deletions":1},"java":{"insertions":80,"deletions":73}}},{"hash":"e336d66744340f9920cc116f1426dba7fc67369a","isMergeCommit":false,"messageTitle":"Clean up code","messageBody":"","fileTypesAndContributionMap":{"txt":{"insertions":0,"deletions":1},"java":{"insertions":30,"deletions":46}}},{"hash":"742749cafee0b868f486f5e587f0af05283d3d61","isMergeCommit":true,"messageTitle":"Merge branch \u0027branch-Level-10\u0027","messageBody":"* branch-Level-10:\n  Clean up code\n  Integrate chatbot features with GUI\n  Change all Ui methods to return String\n  Remove JavaFx Tutorial Parts 1-3 Code From Floofy.java\n  Add JavaFx Tutorial Part 4\n  Add JavaFx Tutorial Parts 2 and 3\n  Add JavaFx Tutorial Part 1\n","tags":["Level-10"],"fileTypesAndContributionMap":{}}]},{"date":"2024-02-24","commitResults":[{"hash":"812490265e5d9083f5ac3a431a6a7527ec5aae25","isMergeCommit":false,"messageTitle":"Rename data/duke.txt to data/floofy.txt","messageBody":"","fileTypesAndContributionMap":{"txt":{"insertions":1,"deletions":1},"java":{"insertions":1,"deletions":1}}},{"hash":"ff6c5c52b11c14c0fca897176a2e3fceb92c8593","isMergeCommit":false,"messageTitle":"Update Floofy Naming","messageBody":"","fileTypesAndContributionMap":{"txt":{"insertions":2,"deletions":5},"java":{"insertions":2,"deletions":2}}}]}]},"authorFileTypeContributionMap":{"lynnetteeee":{"java":934,"md":0,"fxml":35,"sh":0,"bat":0,"gradle":18,"txt":9}},"authorContributionVariance":{"lynnetteeee":28600.217},"authorDisplayNameMap":{"lynnetteeee":"CS2103T-T12-2 ONG ..ETTE"}}
