{"authorDailyContributionsMap":{"bgopi23":[{"date":"2024-01-22","commitResults":[{"hash":"d251f090ec092d0fe4aa8353b02c8a10bd2ccbb4","isMergeCommit":false,"messageTitle":"Update gops.java","messageBody":"","tags":["Level-0"],"fileTypesAndContributionMap":{"java":{"insertions":7,"deletions":10}}},{"hash":"4c7b22467f0f471b565d736d89875ee14071ac7d","isMergeCommit":false,"messageTitle":"Update gops.java","messageBody":"","tags":["Level-1"],"fileTypesAndContributionMap":{"java":{"insertions":10,"deletions":1}}},{"hash":"451c154e15163e5245befff6e27f2049dad70eef","isMergeCommit":false,"messageTitle":"Update gops.java","messageBody":"","tags":["Level-2"],"fileTypesAndContributionMap":{"java":{"insertions":17,"deletions":3}}}]},{"date":"2024-01-23","commitResults":[{"hash":"644654445353991e73f07aa35e070be6429714c5","isMergeCommit":false,"messageTitle":"Update gops.java","messageBody":"","tags":["Level-3"],"fileTypesAndContributionMap":{"java":{"insertions":38,"deletions":4}}},{"hash":"ed097c1aab108c8f1e686d7f88bac6d8435f9497","isMergeCommit":false,"messageTitle":"Update gops.java","messageBody":"","tags":["Level-4"],"fileTypesAndContributionMap":{"java":{"insertions":90,"deletions":11}}}]},{"date":"2024-01-24","commitResults":[{"hash":"ea8bf5dbe45f39096f6d7008d3a621139742ae7e","isMergeCommit":false,"messageTitle":"Automated Text UI Testing","messageBody":"","tags":["A-TextUiTesting"],"fileTypesAndContributionMap":{"txt":{"insertions":2,"deletions":0},"java":{"insertions":1,"deletions":1},"sh":{"insertions":1,"deletions":1}}},{"hash":"489b955753a294100337fdf66ae56b48abc5f3b7","isMergeCommit":false,"messageTitle":"Handle Errors","messageBody":"","tags":["Level-5"],"fileTypesAndContributionMap":{"java":{"insertions":81,"deletions":40}}},{"hash":"9262b55788682f342a16b0741a214ef0eb074747","isMergeCommit":false,"messageTitle":"Update gops.java","messageBody":"","tags":["Level-6"],"fileTypesAndContributionMap":{"java":{"insertions":27,"deletions":3}}}]},{"date":"2024-02-02","commitResults":[{"hash":"c70616d18a0aa8ba394ff3ce3b9840aedf3e0e5f","isMergeCommit":false,"messageTitle":"Add support to save task list to hard disk","messageBody":"Added support to read task list from txt file\n\nAdded support to write task list to txt file\n\nIncludes feature to create new folder and file if data/gops.txt does not exist\n","tags":["Level-7"],"fileTypesAndContributionMap":{"txt":{"insertions":4,"deletions":0},"java":{"insertions":110,"deletions":16}}}]}]},"authorFileTypeContributionMap":{"bgopi23":{"java":302,"md":0,"fxml":0,"sh":1,"bat":0,"gradle":0,"txt":6}},"authorContributionVariance":{"bgopi23":3271.3157},"authorDisplayNameMap":{"bgopi23":"CS2103T-T17-3 BASK..NATH"}}
