[{"path":"src/main/java/Duke.java","fileType":"java","lines":[{"lineNumber":1,"author":{"gitId":"jamessinmaojun"},"content":"import java.util.ArrayList;","lastModifiedDate":"2024-01-24"},{"lineNumber":2,"author":{"gitId":"jamessinmaojun"},"content":"import java.util.Scanner;","lastModifiedDate":"2024-01-24"},{"lineNumber":3,"author":{"gitId":"jamessinmaojun"},"content":"","lastModifiedDate":"2024-01-24"},{"lineNumber":4,"author":{"gitId":"-"},"content":"public class Duke {","lastModifiedDate":"2019-07-29"},{"lineNumber":5,"author":{"gitId":"jamessinmaojun"},"content":"    String divider \u003d \"--------------------------------------------------\";","lastModifiedDate":"2024-01-24"},{"lineNumber":6,"author":{"gitId":"jamessinmaojun"},"content":"    ArrayList\u003cTask\u003e taskList \u003d new ArrayList\u003cTask\u003e();","lastModifiedDate":"2024-01-24"},{"lineNumber":7,"author":{"gitId":"jamessinmaojun"},"content":"","lastModifiedDate":"2024-01-24"},{"lineNumber":8,"author":{"gitId":"jamessinmaojun"},"content":"    public String[] splitCommand(String command) {","lastModifiedDate":"2024-01-24"},{"lineNumber":9,"author":{"gitId":"jamessinmaojun"},"content":"        return command.split(\"\\\\s+\");","lastModifiedDate":"2024-01-24"},{"lineNumber":10,"author":{"gitId":"jamessinmaojun"},"content":"    }","lastModifiedDate":"2024-01-24"},{"lineNumber":11,"author":{"gitId":"jamessinmaojun"},"content":"","lastModifiedDate":"2024-01-24"},{"lineNumber":12,"author":{"gitId":"jamessinmaojun"},"content":"    public boolean parseCommand() {","lastModifiedDate":"2024-01-24"},{"lineNumber":13,"author":{"gitId":"jamessinmaojun"},"content":"        Scanner scanner \u003d new Scanner(System.in);","lastModifiedDate":"2024-01-24"},{"lineNumber":14,"author":{"gitId":"jamessinmaojun"},"content":"        String command \u003d scanner.nextLine();","lastModifiedDate":"2024-01-24"},{"lineNumber":15,"author":{"gitId":"jamessinmaojun"},"content":"","lastModifiedDate":"2024-01-24"},{"lineNumber":16,"author":{"gitId":"jamessinmaojun"},"content":"        System.out.println(this.divider);","lastModifiedDate":"2024-01-24"},{"lineNumber":17,"author":{"gitId":"jamessinmaojun"},"content":"","lastModifiedDate":"2024-01-24"},{"lineNumber":18,"author":{"gitId":"jamessinmaojun"},"content":"        switch (splitCommand(command)[0]) {","lastModifiedDate":"2024-01-24"},{"lineNumber":19,"author":{"gitId":"jamessinmaojun"},"content":"            case \"bye\":","lastModifiedDate":"2024-01-24"},{"lineNumber":20,"author":{"gitId":"jamessinmaojun"},"content":"                System.out.println(\"Bye. Hope to see you again soon!\");","lastModifiedDate":"2024-01-24"},{"lineNumber":21,"author":{"gitId":"jamessinmaojun"},"content":"                return false;","lastModifiedDate":"2024-01-24"},{"lineNumber":22,"author":{"gitId":"jamessinmaojun"},"content":"            case \"list\":","lastModifiedDate":"2024-01-24"},{"lineNumber":23,"author":{"gitId":"jamessinmaojun"},"content":"                System.out.println(\"Here are the tasks in your list:\");","lastModifiedDate":"2024-01-24"},{"lineNumber":24,"author":{"gitId":"jamessinmaojun"},"content":"                for (int i \u003d 0; i \u003c this.taskList.size(); i++) {","lastModifiedDate":"2024-01-24"},{"lineNumber":25,"author":{"gitId":"jamessinmaojun"},"content":"                    Task currentTask \u003d this.taskList.get(i);","lastModifiedDate":"2024-01-24"},{"lineNumber":26,"author":{"gitId":"jamessinmaojun"},"content":"                    System.out.println(i + 1 + \".\" + currentTask.display + \" \" + currentTask.description);","lastModifiedDate":"2024-01-24"},{"lineNumber":27,"author":{"gitId":"jamessinmaojun"},"content":"                }","lastModifiedDate":"2024-01-24"},{"lineNumber":28,"author":{"gitId":"jamessinmaojun"},"content":"                System.out.println(this.divider);","lastModifiedDate":"2024-01-24"},{"lineNumber":29,"author":{"gitId":"jamessinmaojun"},"content":"                break;","lastModifiedDate":"2024-01-24"},{"lineNumber":30,"author":{"gitId":"jamessinmaojun"},"content":"            case \"mark\":","lastModifiedDate":"2024-01-24"},{"lineNumber":31,"author":{"gitId":"jamessinmaojun"},"content":"                String markMessage \u003d \"Nice! I\u0027ve marked this task as done:\\n  \";","lastModifiedDate":"2024-01-24"},{"lineNumber":32,"author":{"gitId":"jamessinmaojun"},"content":"                int index \u003d Integer.parseInt(splitCommand(command)[1]);","lastModifiedDate":"2024-01-24"},{"lineNumber":33,"author":{"gitId":"jamessinmaojun"},"content":"                Task currentTask \u003d this.taskList.get(index - 1);","lastModifiedDate":"2024-01-24"},{"lineNumber":34,"author":{"gitId":"jamessinmaojun"},"content":"                currentTask.changeDone();","lastModifiedDate":"2024-01-24"},{"lineNumber":35,"author":{"gitId":"jamessinmaojun"},"content":"                System.out.println(markMessage + currentTask.display + \" \" + currentTask.description);","lastModifiedDate":"2024-01-24"},{"lineNumber":36,"author":{"gitId":"jamessinmaojun"},"content":"                System.out.println(this.divider);","lastModifiedDate":"2024-01-24"},{"lineNumber":37,"author":{"gitId":"jamessinmaojun"},"content":"                break;","lastModifiedDate":"2024-01-24"},{"lineNumber":38,"author":{"gitId":"jamessinmaojun"},"content":"            case \"unmark\":","lastModifiedDate":"2024-01-24"},{"lineNumber":39,"author":{"gitId":"jamessinmaojun"},"content":"                markMessage \u003d \"Ok, I\u0027ve marked this task as not done yet:\\n  \";","lastModifiedDate":"2024-01-24"},{"lineNumber":40,"author":{"gitId":"jamessinmaojun"},"content":"                index \u003d Integer.parseInt(splitCommand(command)[1]);","lastModifiedDate":"2024-01-24"},{"lineNumber":41,"author":{"gitId":"jamessinmaojun"},"content":"                currentTask \u003d this.taskList.get(index - 1);","lastModifiedDate":"2024-01-24"},{"lineNumber":42,"author":{"gitId":"jamessinmaojun"},"content":"                currentTask.changeDone();","lastModifiedDate":"2024-01-24"},{"lineNumber":43,"author":{"gitId":"jamessinmaojun"},"content":"                System.out.println(markMessage + currentTask.display + \" \" + currentTask.description);","lastModifiedDate":"2024-01-24"},{"lineNumber":44,"author":{"gitId":"jamessinmaojun"},"content":"                System.out.println(this.divider);","lastModifiedDate":"2024-01-24"},{"lineNumber":45,"author":{"gitId":"jamessinmaojun"},"content":"                break;","lastModifiedDate":"2024-01-24"},{"lineNumber":46,"author":{"gitId":"jamessinmaojun"},"content":"            default:","lastModifiedDate":"2024-01-24"},{"lineNumber":47,"author":{"gitId":"jamessinmaojun"},"content":"                this.taskList.add(new Task(command));","lastModifiedDate":"2024-01-24"},{"lineNumber":48,"author":{"gitId":"jamessinmaojun"},"content":"                System.out.println(\"added: \" + command);","lastModifiedDate":"2024-01-24"},{"lineNumber":49,"author":{"gitId":"jamessinmaojun"},"content":"                System.out.println(this.divider);","lastModifiedDate":"2024-01-24"},{"lineNumber":50,"author":{"gitId":"jamessinmaojun"},"content":"        }","lastModifiedDate":"2024-01-24"},{"lineNumber":51,"author":{"gitId":"jamessinmaojun"},"content":"","lastModifiedDate":"2024-01-24"},{"lineNumber":52,"author":{"gitId":"jamessinmaojun"},"content":"        return true;","lastModifiedDate":"2024-01-24"},{"lineNumber":53,"author":{"gitId":"jamessinmaojun"},"content":"    }","lastModifiedDate":"2024-01-24"},{"lineNumber":54,"author":{"gitId":"jamessinmaojun"},"content":"","lastModifiedDate":"2024-01-24"},{"lineNumber":55,"author":{"gitId":"jamessinmaojun"},"content":"","lastModifiedDate":"2024-01-24"},{"lineNumber":56,"author":{"gitId":"-"},"content":"    public static void main(String[] args) {","lastModifiedDate":"2024-01-24"},{"lineNumber":57,"author":{"gitId":"jamessinmaojun"},"content":"        Duke theGiantPeach \u003d new Duke();","lastModifiedDate":"2024-01-24"},{"lineNumber":58,"author":{"gitId":"jamessinmaojun"},"content":"","lastModifiedDate":"2024-01-24"},{"lineNumber":59,"author":{"gitId":"jamessinmaojun"},"content":"        System.out.println(theGiantPeach.divider);","lastModifiedDate":"2024-01-24"},{"lineNumber":60,"author":{"gitId":"jamessinmaojun"},"content":"        System.out.println(\"Hello! I\u0027m TheGiantPeach\\nWhat can I do for you?\");","lastModifiedDate":"2024-01-24"},{"lineNumber":61,"author":{"gitId":"jamessinmaojun"},"content":"        System.out.println(theGiantPeach.divider);","lastModifiedDate":"2024-01-24"},{"lineNumber":62,"author":{"gitId":"jamessinmaojun"},"content":"","lastModifiedDate":"2024-01-24"},{"lineNumber":63,"author":{"gitId":"jamessinmaojun"},"content":"        while (true) {","lastModifiedDate":"2024-01-24"},{"lineNumber":64,"author":{"gitId":"jamessinmaojun"},"content":"            if (!theGiantPeach.parseCommand()) {","lastModifiedDate":"2024-01-24"},{"lineNumber":65,"author":{"gitId":"jamessinmaojun"},"content":"                break;","lastModifiedDate":"2024-01-24"},{"lineNumber":66,"author":{"gitId":"jamessinmaojun"},"content":"            }","lastModifiedDate":"2024-01-24"},{"lineNumber":67,"author":{"gitId":"jamessinmaojun"},"content":"        }","lastModifiedDate":"2024-01-24"},{"lineNumber":68,"author":{"gitId":"jamessinmaojun"},"content":"","lastModifiedDate":"2024-01-24"},{"lineNumber":69,"author":{"gitId":"jamessinmaojun"},"content":"        System.out.println(theGiantPeach.divider);","lastModifiedDate":"2024-01-24"},{"lineNumber":70,"author":{"gitId":"-"},"content":"    }","lastModifiedDate":"2019-07-29"},{"lineNumber":71,"author":{"gitId":"-"},"content":"}","lastModifiedDate":"2019-07-29"}],"authorContributionMap":{"jamessinmaojun":67,"-":4}},{"path":"src/main/java/Task.java","fileType":"java","lines":[{"lineNumber":1,"author":{"gitId":"jamessinmaojun"},"content":"public class Task {","lastModifiedDate":"2024-01-24"},{"lineNumber":2,"author":{"gitId":"jamessinmaojun"},"content":"    String description;","lastModifiedDate":"2024-01-24"},{"lineNumber":3,"author":{"gitId":"jamessinmaojun"},"content":"    boolean done;","lastModifiedDate":"2024-01-24"},{"lineNumber":4,"author":{"gitId":"jamessinmaojun"},"content":"    String display;","lastModifiedDate":"2024-01-24"},{"lineNumber":5,"author":{"gitId":"jamessinmaojun"},"content":"","lastModifiedDate":"2024-01-24"},{"lineNumber":6,"author":{"gitId":"jamessinmaojun"},"content":"    public Task(String description) {","lastModifiedDate":"2024-01-24"},{"lineNumber":7,"author":{"gitId":"jamessinmaojun"},"content":"        this.description \u003d description;","lastModifiedDate":"2024-01-24"},{"lineNumber":8,"author":{"gitId":"jamessinmaojun"},"content":"        this.done \u003d false;","lastModifiedDate":"2024-01-24"},{"lineNumber":9,"author":{"gitId":"jamessinmaojun"},"content":"        this.display \u003d \"[ ]\";","lastModifiedDate":"2024-01-24"},{"lineNumber":10,"author":{"gitId":"jamessinmaojun"},"content":"    }","lastModifiedDate":"2024-01-24"},{"lineNumber":11,"author":{"gitId":"jamessinmaojun"},"content":"","lastModifiedDate":"2024-01-24"},{"lineNumber":12,"author":{"gitId":"jamessinmaojun"},"content":"    public void changeDone() {","lastModifiedDate":"2024-01-24"},{"lineNumber":13,"author":{"gitId":"jamessinmaojun"},"content":"        this.done \u003d !this.done;","lastModifiedDate":"2024-01-24"},{"lineNumber":14,"author":{"gitId":"jamessinmaojun"},"content":"        if (this.done) {","lastModifiedDate":"2024-01-24"},{"lineNumber":15,"author":{"gitId":"jamessinmaojun"},"content":"            this.display \u003d \"[X]\";","lastModifiedDate":"2024-01-24"},{"lineNumber":16,"author":{"gitId":"jamessinmaojun"},"content":"        } else {","lastModifiedDate":"2024-01-24"},{"lineNumber":17,"author":{"gitId":"jamessinmaojun"},"content":"            this.display \u003d \"[ ]\";","lastModifiedDate":"2024-01-24"},{"lineNumber":18,"author":{"gitId":"jamessinmaojun"},"content":"        }","lastModifiedDate":"2024-01-24"},{"lineNumber":19,"author":{"gitId":"jamessinmaojun"},"content":"    }","lastModifiedDate":"2024-01-24"},{"lineNumber":20,"author":{"gitId":"jamessinmaojun"},"content":"}","lastModifiedDate":"2024-01-24"}],"authorContributionMap":{"jamessinmaojun":20}}]
