{"authorDailyContributionsMap":{"Teee728":[{"date":"2024-01-19","commitResults":[{"hash":"bc6032b1f956c86057c5ac5ed1b79ebaaf4998c0","isMergeCommit":false,"messageTitle":"created a task class, removed indentation","messageBody":"","tags":["Level_3_Mark_As_Done","Level-3"],"fileTypesAndContributionMap":{"java":{"insertions":65,"deletions":22}}}]},{"date":"2024-01-20","commitResults":[{"hash":"6d4cc335ace65c8fdfc6e5bc00ff3d45506f021f","isMergeCommit":false,"messageTitle":"added classes for different types of tasks","messageBody":"","tags":["Level-4"],"fileTypesAndContributionMap":{"java":{"insertions":129,"deletions":14}}},{"hash":"b80fea3624dfec2c91b5724210aaa170c8a69b95","isMergeCommit":false,"messageTitle":"added input and expected output files","messageBody":"","tags":["A-TextUiTesting"],"fileTypesAndContributionMap":{"bat":{"insertions":1,"deletions":1},"sh":{"insertions":1,"deletions":1}}},{"hash":"d2072db8d2011dd4a2dd5be3a6eaba28e700a216","isMergeCommit":false,"messageTitle":"removed original input file, replaced with \"in\"","messageBody":"","fileTypesAndContributionMap":{"txt":{"insertions":0,"deletions":0}}}]},{"date":"2024-01-22","commitResults":[{"hash":"c9bfbc6dc5c9b44b917377872eb7843578d79578","isMergeCommit":false,"messageTitle":"Added exception handling","messageBody":"","tags":["Level_5_Handle_Errors","Level-5"],"fileTypesAndContributionMap":{"java":{"insertions":140,"deletions":71}}},{"hash":"1c5468ed2a6320b5e24868fb45b7a30fa1c0b496","isMergeCommit":false,"messageTitle":"Added \"delete\" command, fixed how Event reads duration from input","messageBody":"","tags":["Level_6_Delete","Level-6"],"fileTypesAndContributionMap":{"java":{"insertions":33,"deletions":3}}},{"hash":"5a3a00d29c935d5cf20d43be8a78242cb418c0a9","isMergeCommit":false,"messageTitle":"Added enums for event types","messageBody":"","tags":["A_Enums","A-Enums"],"fileTypesAndContributionMap":{"java":{"insertions":14,"deletions":11}}}]},{"date":"2024-01-28","commitResults":[{"hash":"fdec4f52bd24667c4a457e8ff08f994971019e1a","isMergeCommit":false,"messageTitle":"added methods to load and save tasks automatically","messageBody":"","tags":["Level-7"],"fileTypesAndContributionMap":{"java":{"insertions":110,"deletions":16}}}]},{"date":"2024-01-29","commitResults":[{"hash":"6363d72224fc34068996640b6c2eb58e76e4680a","isMergeCommit":false,"messageTitle":"Added method to identify dates and times with backward string compatibility, modified Deadline class","messageBody":"","tags":["Level-8"],"fileTypesAndContributionMap":{"java":{"insertions":116,"deletions":60}}}]},{"date":"2024-01-31","commitResults":[{"hash":"78a95e77c3364a601c83f39a5bec9600d3738017","isMergeCommit":false,"messageTitle":"Added new classes to make it more OOP.","messageBody":"","tags":["A-MoreOOP"],"fileTypesAndContributionMap":{"java":{"insertions":316,"deletions":190}}},{"hash":"da3d73f3a9419741cbe1f2637de8ac6a6c8f1f75","isMergeCommit":false,"messageTitle":"Organize project into packages","messageBody":"- Move classes into separate packages:\n  - `duke.command`\n  - `duke.exception`\n  - `duke.task`\n  - `duke.ui`\n  - `duke.storage`\n\n- Update import statements in affected classes\n","tags":["A-Packages"],"fileTypesAndContributionMap":{"java":{"insertions":658,"deletions":579}}},{"hash":"41223fa90908a469bf0adedcfdaa096926a0e0d8","isMergeCommit":true,"messageTitle":"Merge remote-tracking branch \u0027origin/add-gradle-support\u0027","messageBody":"","tags":["A-Gradle"],"fileTypesAndContributionMap":{}},{"hash":"6e6c3437ff10203caf854bdb1b3adcf4071b7ecb","isMergeCommit":false,"messageTitle":"Add JUnit tests for Parser, Storage, ToDo and TaskList","messageBody":"","tags":["A-JUnit"],"fileTypesAndContributionMap":{"gradle":{"insertions":1,"deletions":0},"java":{"insertions":213,"deletions":5}}}]},{"date":"2024-02-01","commitResults":[{"hash":"f3a9be06d324635f91b59f55d0bd66586779e3e7","isMergeCommit":false,"messageTitle":"Add JUnit tests and JavaDoc comments","messageBody":"","tags":["A-JavaDoc"],"fileTypesAndContributionMap":{"java":{"insertions":771,"deletions":344}}},{"hash":"34e14e49ae0216f499d789ed4540c9590ee4eeb3","isMergeCommit":false,"messageTitle":"Fix coding standard","messageBody":"","fileTypesAndContributionMap":{"java":{"insertions":163,"deletions":3}}},{"hash":"2fd1d61171c3ab01fbca9fff3510ca9ae0b1e6ff","isMergeCommit":false,"messageTitle":"Fix UI class","messageBody":"","fileTypesAndContributionMap":{"java":{"insertions":63,"deletions":62}}},{"hash":"6b75a11cc941f1ff3d0b7e5fbe64235f970fd97d","isMergeCommit":false,"messageTitle":"Fix coding standard","messageBody":"","tags":["A-CodingStandard"],"fileTypesAndContributionMap":{"java":{"insertions":600,"deletions":326}}},{"hash":"ef08c57d73106e6ad6bdf0970fc4857e2d36bc3c","isMergeCommit":false,"messageTitle":"Add find method, fix backward string compatibility for Deadline and Event","messageBody":"","tags":["Level-9"],"fileTypesAndContributionMap":{"java":{"insertions":71,"deletions":33}}},{"hash":"0295d120864a4173a871ab328536a23416130ec6","isMergeCommit":true,"messageTitle":"Merge branch \u0027branch-A-CodingStandard\u0027","messageBody":"# Conflicts:\n#\tsrc/main/java/duke/command/Parser.java\n#\tsrc/main/java/duke/task/Task.java\n#\tsrc/main/java/duke/task/TaskType.java\n","fileTypesAndContributionMap":{}},{"hash":"929231048d454b936a21d2baa7cfb5239a495985","isMergeCommit":true,"messageTitle":"Merge branch \u0027branch-Level-9\u0027","messageBody":"# Conflicts:\n#\tsrc/main/java/duke/command/Parser.java\n#\tsrc/main/java/duke/storage/Storage.java\n#\tsrc/main/java/duke/task/Deadline.java\n#\tsrc/main/java/duke/task/TaskList.java\n#\tsrc/main/java/duke/ui/Ui.java\n","fileTypesAndContributionMap":{}}]},{"date":"2024-02-06","commitResults":[{"hash":"1d039ebe9cea0deaa422bc6df05d054f6b24d8c4","isMergeCommit":false,"messageTitle":"Add CheckStyle, fix JDK version","messageBody":"","tags":["A-CheckStyle"],"fileTypesAndContributionMap":{"gradle":{"insertions":11,"deletions":0}}}]},{"date":"2024-02-07","commitResults":[{"hash":"5320973ce4c930770ca210933fd3c68c29548f1e","isMergeCommit":false,"messageTitle":"Add GUI to the chatbot","messageBody":"","fileTypesAndContributionMap":{"gradle":{"insertions":14,"deletions":0},"txt":{"insertions":7,"deletions":0},"fxml":{"insertions":43,"deletions":0},"java":{"insertions":318,"deletions":83}}}]},{"date":"2024-02-08","commitResults":[{"hash":"4023458d4de53acbd53c490433781e2ef6a03bb4","isMergeCommit":false,"messageTitle":"Fix UI","messageBody":"","tags":["Level-10"],"fileTypesAndContributionMap":{"txt":{"insertions":3,"deletions":0},"fxml":{"insertions":27,"deletions":9},"java":{"insertions":3,"deletions":1}}},{"hash":"e71086ab2d33f285962279771affdad1830728ba","isMergeCommit":false,"messageTitle":"Revert back to original UI","messageBody":"","fileTypesAndContributionMap":{"txt":{"insertions":2,"deletions":5},"fxml":{"insertions":7,"deletions":33}}}]},{"date":"2024-02-13","commitResults":[{"hash":"3dc563683b4a47a1a72a76cba4445fe30b0a379c","isMergeCommit":false,"messageTitle":"Fix UI","messageBody":"","fileTypesAndContributionMap":{"gradle":{"insertions":4,"deletions":2},"txt":{"insertions":1,"deletions":0},"fxml":{"insertions":25,"deletions":5},"java":{"insertions":2,"deletions":0}}},{"hash":"46a8b3a9605433131ea6c097660443c7a162a5e7","isMergeCommit":false,"messageTitle":"Delete duke.txt","messageBody":"","fileTypesAndContributionMap":{"txt":{"insertions":0,"deletions":8}}}]},{"date":"2024-02-14","commitResults":[{"hash":"b52cff34ceebebcb13e8b0de1507ae84ec5a681e","isMergeCommit":false,"messageTitle":"Add Java assertions","messageBody":"Java assertions are added to help identify and catch bugs early in the\ndevelopment process.\n\n* Task class: Ensure that task type is not null and necessary fields are\n  initialized correctly.\n\n* Deadline class: Ensure either LocalDateTime or byString is non-null in\n  Deadline creation and handle missing task description.\n\n* Event class: Ensure both start and end times are correctly parsed and\n  handle missing task description.\n\n* TaskList class: Ensure correct handling of task addition, deletion,\n  and marking status.\n\n* ToDo class: Ensure proper initialization and message generation for\n  ToDo tasks.\n\n* Ui class: Ensure appropriate error messages and responses are handled\n  in the Ui class.\n\n* Duke class: Ensure correct initialization of storage and task list\n  in Duke class.\n\n* Parser class: Ensure response is not null and running status is a\n  boolean.\n","tags":["A-FullCommitMessage","A-Assertions"],"fileTypesAndContributionMap":{"gradle":{"insertions":1,"deletions":0},"java":{"insertions":93,"deletions":18}}}]},{"date":"2024-02-15","commitResults":[{"hash":"c6e0944c6ccd29302a14942a3f9aac0b20caea96","isMergeCommit":false,"messageTitle":"Enhancing Code Quality for Improved Readability and Maintainability","messageBody":"The code exhibits certain aspects that compromise its readability and\nmaintainability, and it deviates from Checkstyle guidelines.\n\nTo enhance the overall quality of the codebase, improve readability,\nand make it align with Checkstyle guidelines for better consistency\nand compliance.\n\n* Helper functions are being extracted to condense lengthy methods,\n  contributing to improved code organization and readability.\n* Magic numbers are being replaced with named constants to enhance code\n  clarity and facilitate easier maintenance.\n* Guard clauses are being implemented at method entry points to create\n  a cleaner and more understandable happy path.\n* An enumeration for task status is being introduced to enhance code\n  organization and ensure consistent handling of task statuses.\n\nThese changes aim to create a codebase that is not only more readable\nand maintainable but also aligned with industry best practices and\ncoding standards.\n","tags":["A-CodeQuality"],"fileTypesAndContributionMap":{"java":{"insertions":814,"deletions":538}}},{"hash":"7abc76df84e0ee2a331589e6ef0582a05fae7516","isMergeCommit":false,"messageTitle":"Enhance Code Quality for Improved Readability and Maintainability","messageBody":"The code exhibits certain aspects that compromise its readability and\nmaintainability, and it deviates from Checkstyle guidelines.\n\nTo enhance the overall quality of the codebase, improve readability,\nand make it align with Checkstyle guidelines for better consistency\nand compliance.\n\n* Helper functions are being extracted to condense lengthy methods,\n  contributing to improved code organization and readability.\n* Magic numbers are being replaced with named constants to enhance code\n  clarity and facilitate easier maintenance.\n* Guard clauses are being implemented at method entry points to create\n  a cleaner and more understandable happy path.\n* An enumeration for task status is being introduced to enhance code\n  organization and ensure consistent handling of task statuses.\n\nThese changes aim to create a codebase that is not only more readable\nand maintainable but also aligned with industry best practices and\ncoding standards.\n","fileTypesAndContributionMap":{"java":{"insertions":814,"deletions":538}}},{"hash":"11f1e14e1c522264a154af69663b6a35222a903f","isMergeCommit":true,"messageTitle":"Merge pull request #1 from Teee728/branch-A-Assertions","messageBody":"Add Java assertions","fileTypesAndContributionMap":{}},{"hash":"902cd6be507c59f4af97851065116fb9e622bb4c","isMergeCommit":true,"messageTitle":"Merge pull request #2 from Teee728/branch-A-CodeQuality","messageBody":"Branch a code quality","fileTypesAndContributionMap":{}},{"hash":"0a55d400b91df28075363a431ec85708f6431ea2","isMergeCommit":false,"messageTitle":"Add Prioritization feature","messageBody":"The task management system lacks a prioritization feature,\nlimiting users\u0027 ability to distinguish and prioritize tasks effectively.\n\nPrioritizing tasks is essential for effective time management and\nensuring that critical tasks are addressed promptly. This feature will\nenhance the overall usability of the system.\n\nIntroduce a priority tagging system using the \"/p\" tag, allowing users\nto assign low, medium, or high priority to tasks. This empowers users to\norganize and manage their tasks based on priority levels.\n\nThe \"/p\" tag provides a clear and intuitive method for users to indicate\nthe priority of their tasks. This approach is simple, consistent, and\naligns with user expectations.\n\nAdditionally, code refactoring has been performed to enhance readability\nand comply with checkstyle guidelines. This ensures that the codebase\nremains maintainable and follows best practices.\n","tags":["BCD-Extension"],"fileTypesAndContributionMap":{"txt":{"insertions":6,"deletions":0},"java":{"insertions":296,"deletions":49}}},{"hash":"b36bbefcca3fbe17f2603915056012269dc454c0","isMergeCommit":false,"messageTitle":"Fix checkstyle errors for import statements","messageBody":"","fileTypesAndContributionMap":{"java":{"insertions":91,"deletions":83}}},{"hash":"fd47665407ad592a72d39adc0115d48b4c4b0f04","isMergeCommit":true,"messageTitle":"Merge branch \u0027master\u0027 of https://github.com/Teee728/ip","messageBody":"","fileTypesAndContributionMap":{}},{"hash":"caa3de5946aabf2e196dd70f30a30c0476c9a90b","isMergeCommit":false,"messageTitle":"Fix Javadocs","messageBody":"","fileTypesAndContributionMap":{"java":{"insertions":15,"deletions":4}}}]}]},"authorFileTypeContributionMap":{"Teee728":{"java":2208,"md":0,"fxml":55,"sh":1,"bat":1,"gradle":31,"txt":6}},"authorContributionVariance":{"Teee728":632613.7},"authorDisplayNameMap":{"Teee728":"CS2103T-T12-1 THOM.. ANN"}}
