{"authorDailyContributionsMap":{"ValenciaLim":[{"date":"2024-02-14","commitResults":[{"hash":"b9ebb3795fcc14f180c56499e3087be93d000310","isMergeCommit":false,"messageTitle":"Complete Level-0","messageBody":"","tags":["Level-1"],"fileTypesAndContributionMap":{"java":{"insertions":12,"deletions":2}}}]},{"date":"2024-02-20","commitResults":[{"hash":"73022a23c80277f2fff5813cc9ee2d97c65177b8","isMergeCommit":false,"messageTitle":"Complete Level-1","messageBody":"","tags":["Level-2"],"fileTypesAndContributionMap":{"java":{"insertions":47,"deletions":20}}},{"hash":"7dd87568240840096811676bc715edf70fce855a","isMergeCommit":false,"messageTitle":"Complete Level-2","messageBody":"","tags":["Level-3"],"fileTypesAndContributionMap":{"java":{"insertions":29,"deletions":10}}},{"hash":"31715d666e46f523a6bd0ed4644c75197af92526","isMergeCommit":false,"messageTitle":"Complete Level-3","messageBody":"","tags":["Level-4"],"fileTypesAndContributionMap":{"java":{"insertions":82,"deletions":8}}},{"hash":"d8c7bf629992e47482d83ff9eab571f23b96addc","isMergeCommit":false,"messageTitle":"Complete Level-4","messageBody":"","tags":["A-TextUiTesting"],"fileTypesAndContributionMap":{"java":{"insertions":125,"deletions":53}}},{"hash":"498a2783240248f82f4f67d5a943ff4878afa192","isMergeCommit":false,"messageTitle":"Complete A-TextUiTesting","messageBody":"","tags":["Level-5"],"fileTypesAndContributionMap":{"txt":{"insertions":15,"deletions":0},"java":{"insertions":47,"deletions":41},"sh":{"insertions":2,"deletions":2}}},{"hash":"4c031709f569ea23b6bf248ea4226bbc281aaa5b","isMergeCommit":false,"messageTitle":"Complete Level-5","messageBody":"","tags":["Level-6"],"fileTypesAndContributionMap":{"java":{"insertions":58,"deletions":9}}},{"hash":"cd5ce396c3a55f57908381575470619b510a7354","isMergeCommit":false,"messageTitle":"Complete Level-6","messageBody":"","fileTypesAndContributionMap":{"java":{"insertions":26,"deletions":22}}},{"hash":"fbaa545856b44702db12b98c3bcd997cb7a4c766","isMergeCommit":false,"messageTitle":"Complete Level-7","messageBody":"","fileTypesAndContributionMap":{"java":{"insertions":34,"deletions":7}}}]},{"date":"2024-02-21","commitResults":[{"hash":"06e997220ab71ff70401952fe8ef8107e86b20fd","isMergeCommit":false,"messageTitle":"Implemented Level 7 features","messageBody":"","fileTypesAndContributionMap":{"java":{"insertions":130,"deletions":0}}},{"hash":"e9a1edaabd374010f92ddbd9d6e6275815ade2d9","isMergeCommit":true,"messageTitle":"Merge branch-Level-7 for Level 7","messageBody":"","tags":["Level-7"],"fileTypesAndContributionMap":{}},{"hash":"bcca38a7fdf5a9e082e97498eb0537615a7685f2","isMergeCommit":false,"messageTitle":"Modified tasks to be able to store Dates and Times","messageBody":"","fileTypesAndContributionMap":{"java":{"insertions":30,"deletions":20}}},{"hash":"22b5e4c639e9791150bbc22aa216524294f91486","isMergeCommit":true,"messageTitle":"Merge branch-Level-8 for Level 8","messageBody":"","tags":["Level-8"],"fileTypesAndContributionMap":{}}]},{"date":"2024-02-23","commitResults":[{"hash":"698616ddeb7e23d129685a20a76e72cf9c69e4ea","isMergeCommit":false,"messageTitle":"Complete A-MoreOOP","messageBody":"","fileTypesAndContributionMap":{"java":{"insertions":41,"deletions":198}}},{"hash":"15d1067b2ed4dd28274b5812c960993a2d74601c","isMergeCommit":false,"messageTitle":"Complete A-MoreOOP","messageBody":"","tags":["A-Packages","A-MoreOOP"],"fileTypesAndContributionMap":{"java":{"insertions":367,"deletions":0}}},{"hash":"c900a6369473c568ff565ea94c788a9cf2ea4b5b","isMergeCommit":false,"messageTitle":"Complete A-Packages","messageBody":"","fileTypesAndContributionMap":{"java":{"insertions":3,"deletions":180}}},{"hash":"4a568845d5e9a5725c973fcc563276e4ca8f329c","isMergeCommit":false,"messageTitle":"Complete A-Packages","messageBody":"","fileTypesAndContributionMap":{"java":{"insertions":177,"deletions":0}}},{"hash":"9e4f0e67e1a02d45c6681ab66f18fb4df3097486","isMergeCommit":true,"messageTitle":"Merge remote-tracking branch \u0027origin/add-gradle-support\u0027","messageBody":"","tags":["A-Gradle"],"fileTypesAndContributionMap":{}},{"hash":"bbe045220f17d86267c4d711b60f9d4dd2360cbb","isMergeCommit":false,"messageTitle":"Complete A-Gradle","messageBody":"","tags":["A-JUnit"],"fileTypesAndContributionMap":{"gradle":{"insertions":2,"deletions":2}}},{"hash":"075030b4359ab4e395eb66967be7230887521154","isMergeCommit":false,"messageTitle":"Complete A-JUnit","messageBody":"","tags":["A-Checkstyle"],"fileTypesAndContributionMap":{"java":{"insertions":178,"deletions":26}}},{"hash":"7daaa9565155ea74e4c00e971dfba0b28daf2f54","isMergeCommit":false,"messageTitle":"Complete A-Checkstyle","messageBody":"","tags":["A-Jar"],"fileTypesAndContributionMap":{"gradle":{"insertions":6,"deletions":0},"java":{"insertions":2,"deletions":2}}},{"hash":"b1e284dc61f5d5d67154aa254cfe5fa86d23f22f","isMergeCommit":false,"messageTitle":"Complete A-Jar","messageBody":"","fileTypesAndContributionMap":{"gradle":{"insertions":1,"deletions":0},"java":{"insertions":0,"deletions":1}}}]},{"date":"2024-02-24","commitResults":[{"hash":"45c7389dc995e9103b2604bbfff178b4edb31aab","isMergeCommit":false,"messageTitle":"Complete A-JavaDoc","messageBody":"","fileTypesAndContributionMap":{"java":{"insertions":384,"deletions":58}}},{"hash":"a63e3413f1d7d020a168986c8cda6f90f7108c4d","isMergeCommit":false,"messageTitle":"Add FindCommad","messageBody":"","fileTypesAndContributionMap":{"java":{"insertions":55,"deletions":8}}},{"hash":"8fbcad6c1f1bf24f17548afe0f42b9d1a60b89eb","isMergeCommit":false,"messageTitle":"Remove comment in TaskSerializer","messageBody":"","fileTypesAndContributionMap":{"java":{"insertions":0,"deletions":1}}},{"hash":"12a3ce64b0733c1333f5222474e27f7e75c7a652","isMergeCommit":false,"messageTitle":"Complete Level-9","messageBody":"","fileTypesAndContributionMap":{"java":{"insertions":35,"deletions":43}}},{"hash":"7f5af5927a820871c51e03133b94f20aa2c3301a","isMergeCommit":true,"messageTitle":"Merge branch-A-JavaDoc","messageBody":"","tags":["A-JavaDoc"],"fileTypesAndContributionMap":{}},{"hash":"1fff43fb6e7c16fd26d83a11066e4ba8c675be0c","isMergeCommit":true,"messageTitle":"Fix merge conflict for merging branch-Level-9","messageBody":"","tags":["Level-9"],"fileTypesAndContributionMap":{}},{"hash":"efb2268cffffc40a48a47b246cfb5f0872f4eef4","isMergeCommit":false,"messageTitle":"Modify StorageManagerTest and TaskSerializer test","messageBody":"","fileTypesAndContributionMap":{"java":{"insertions":10,"deletions":10}}},{"hash":"aa88dcaf5b321dcb09c54e0d26b6453f4deb3303","isMergeCommit":true,"messageTitle":"Merge branch-Level-9","messageBody":"","fileTypesAndContributionMap":{}},{"hash":"6c50d2af72eaf387e4d7380fa8e37fcd48fd7fa5","isMergeCommit":false,"messageTitle":"Add find() method in TaskList","messageBody":"","tags":["A-Streams"],"fileTypesAndContributionMap":{"java":{"insertions":13,"deletions":0}}},{"hash":"41f353d59f94f39740a7ce6436532644abd5b337","isMergeCommit":false,"messageTitle":"Add JavaDoc for Level-9","messageBody":"","fileTypesAndContributionMap":{"java":{"insertions":22,"deletions":1}}},{"hash":"b4655db7aebb93361f1071cf1ef61600ccaf91e7","isMergeCommit":false,"messageTitle":"Check for coding standard violations using Checkstyle","messageBody":"","tags":["A-CodingStandard"],"fileTypesAndContributionMap":{"java":{"insertions":170,"deletions":177}}}]},{"date":"2024-02-25","commitResults":[{"hash":"9c076864a6908e9755f81ff05710ac03b0cd1a71","isMergeCommit":false,"messageTitle":"Complete Level-10","messageBody":"","fileTypesAndContributionMap":{"gradle":{"insertions":15,"deletions":1},"fxml":{"insertions":59,"deletions":0},"java":{"insertions":229,"deletions":35}}},{"hash":"b72e1ee2a5a63f8de110b1405a6eacd50c04782b","isMergeCommit":true,"messageTitle":"Merge branch-Level-10 for GUI implementation","messageBody":"","tags":["Level-10"],"fileTypesAndContributionMap":{}},{"hash":"564f6684595b421ffc3be79229c87a4b707c7f43","isMergeCommit":false,"messageTitle":"Adding assertions to StorageManager and TaskSerialiser","messageBody":"TaskSerialiser lacks assertions to ensure that task exist\nin order to serialise task into string and parse string back into\ntask.\n\nStorageManager lacks assertions to ensure that save path exists before\nattempting to save to directory and load from directory.\n\nAssert statements are added to the TaskSerializer class to check for\nnull inputs, as well as StorageManager class to check for empty save\npath.\n\nAdding assertions allows us to catch potential issues early in the\ndevelopment process, reducing the likelihood of introducing bugs into\nthe codebase.\n","tags":["A-Assertions"],"fileTypesAndContributionMap":{"java":{"insertions":6,"deletions":1}}},{"hash":"5a50c67deefa98b6ab99772fb38ff5b105512fe9","isMergeCommit":true,"messageTitle":"Merge pull request #2 from ValenciaLim/branch-A-Assertions","messageBody":"Compare branch-A-Assertions and master","fileTypesAndContributionMap":{}},{"hash":"46c22556c6549f9919259b8c0866ee3fd58d5d17","isMergeCommit":false,"messageTitle":"Complete A-CodeQuality","messageBody":"Parser class: create functions to check for null task number and blank\nfields.\n\nNull task number and blank fields are handled in multiple switch cases, causing code\nduplication.\n\nExtracting the common error handling into its corresponding function\nallow us to reuse the code more efficiently. This also reduces the\nnumber of lines the parseCommand method have.\n\nError handling for null task number is written in the checkNullTaskNum\nfunction. Error handling for blank fields i.e. descriptions, due date,\nstart date, end date, keyword are written in the checkBlankField\nfunction.\n","tags":["A-FullCommitMessage","A-CodeQuality"],"fileTypesAndContributionMap":{"java":{"insertions":36,"deletions":63}}},{"hash":"4f97817e2d8db293b3ddeb0e6f8edfec056501bd","isMergeCommit":true,"messageTitle":"Merge pull request #3 from ValenciaLim/branch-A-CodeQuality","messageBody":"Complete A-CodeQuality","fileTypesAndContributionMap":{}}]}]},"authorFileTypeContributionMap":{"ValenciaLim":{"java":1363,"md":0,"fxml":59,"sh":2,"bat":0,"gradle":21,"txt":15}},"authorContributionVariance":{"ValenciaLim":71160.86},"authorDisplayNameMap":{"ValenciaLim":"CS2103T-T16-1 LIM ..NCIA"}}
