{"authorDailyContributionsMap":{"yyccbb":[{"date":"2024-02-01","commitResults":[{"hash":"57f578c9ba9b529d3aacf03f2fdc0aaf6fc96f32","isMergeCommit":false,"messageTitle":"Rename to Nihao. Create App and PrintHandler classes.","messageBody":"","tags":["Level-0"],"fileTypesAndContributionMap":{"java":{"insertions":50,"deletions":10},"bat":{"insertions":1,"deletions":1},"md":{"insertions":2,"deletions":2}}},{"hash":"35557ddf0af25ad86bc7c3d75bf6dd94d607aa7a","isMergeCommit":false,"messageTitle":"Add echo functionality. Change personality.","messageBody":"","tags":["Level-1"],"fileTypesAndContributionMap":{"java":{"insertions":15,"deletions":3}}},{"hash":"99d83a55a7e90ca18268406001a0f561dec64b83","isMergeCommit":false,"messageTitle":"Add DataHandler class. Add temporary storage functionality.","messageBody":"","tags":["Level-2"],"fileTypesAndContributionMap":{"java":{"insertions":40,"deletions":9}}},{"hash":"7c6e3e5a5243f79b5167f4aaa4481f81181fc174","isMergeCommit":false,"messageTitle":"Create action, exception and handler packages. Refactor action firing logic.","messageBody":"","fileTypesAndContributionMap":{"java":{"insertions":121,"deletions":6}}},{"hash":"c9a8cd5be37be9e1fada6cb44967dbdc28fc1620","isMergeCommit":false,"messageTitle":"Add error handling. Add printed message for mark, unmark and list Actions.","messageBody":"","tags":["Level-3"],"fileTypesAndContributionMap":{"java":{"insertions":65,"deletions":14}}},{"hash":"61523256ad807ad667ded3cc45fcf7096a27732c","isMergeCommit":false,"messageTitle":"Add support for todo deadline and event. Refactor TaskAction.","messageBody":"","tags":["Level-4"],"fileTypesAndContributionMap":{"java":{"insertions":149,"deletions":21}}}]},{"date":"2024-02-02","commitResults":[{"hash":"135582a508ba4017a9d1eedd814677a3c7d12e5f","isMergeCommit":false,"messageTitle":"Configure batch automated text UI testing","messageBody":"","tags":["A-TextUiTesting"],"fileTypesAndContributionMap":{"txt":{"insertions":9,"deletions":0},"bat":{"insertions":1,"deletions":1}}}]}]},"authorFileTypeContributionMap":{"yyccbb":{"java":387,"md":2,"fxml":0,"sh":0,"bat":1,"gradle":0,"txt":9}},"authorContributionVariance":{"yyccbb":16078.356},"authorDisplayNameMap":{"yyccbb":"CS2103T-T11-4 YU C..ENBO"}}
