{"authorDailyContributionsMap":{"Colex2000":[{"date":"2024-01-24","commitResults":[{"hash":"551625e5d739ab288ca76b6ea87fae490a415651","isMergeCommit":false,"messageTitle":"Changed chatbot name from \"Duke\" to \"Demon\". Added new lines to greet and exit.","messageBody":"","tags":["Level-0"],"fileTypesAndContributionMap":{"java":{"insertions":4,"deletions":6}}},{"hash":"8974a3c4ef3edd9b3a0ffa113baf2366b9d32440","isMergeCommit":false,"messageTitle":"Changed file name to \u0027Demon\u0027. Added echo from the Demon and exit.","messageBody":"","tags":["Level-1"],"fileTypesAndContributionMap":{"java":{"insertions":20,"deletions":0}}},{"hash":"e28cff7ceacdecfe94fcce21139da578d1086b08","isMergeCommit":false,"messageTitle":"Added function to add to-do to list. Added function to display to-do list.","messageBody":"","tags":["Level-2"],"fileTypesAndContributionMap":{"java":{"insertions":20,"deletions":2}}},{"hash":"b285a9059251e4cd968bb867574544e6bba26ba6","isMergeCommit":false,"messageTitle":"Added Task.java file. Added the ability to mark tasks as done and undone.","messageBody":"","tags":["Level-3"],"fileTypesAndContributionMap":{"java":{"insertions":53,"deletions":3}}},{"hash":"4714a4fa65d1e237a090ce08a271e31e1060c2ff","isMergeCommit":false,"messageTitle":"Added ToDo, Deadline, Event class file. Modified Deadline class.","messageBody":"","tags":["Level-4"],"fileTypesAndContributionMap":{"java":{"insertions":87,"deletions":9}}},{"hash":"2532bdd6c0c018675e012f9e6777c622ecf494a8","isMergeCommit":false,"messageTitle":"Added EmptyDescriptionException and NoTimingException exception class file. Handled exceptions across all commands.","messageBody":"","tags":["Level-5"],"fileTypesAndContributionMap":{"java":{"insertions":98,"deletions":43}}},{"hash":"6ec369779c63c8b278249ec95b46037fcb6db77d","isMergeCommit":false,"messageTitle":"Added delete command.","messageBody":"","tags":["Level-6"],"fileTypesAndContributionMap":{"java":{"insertions":19,"deletions":0}}}]},{"date":"2024-01-25","commitResults":[{"hash":"3ee67e23851ba57e0c7ddd29be5bf037f71e388b","isMergeCommit":false,"messageTitle":"Edited runtest.bat file","messageBody":"","fileTypesAndContributionMap":{"bat":{"insertions":0,"deletions":21}}}]},{"date":"2024-01-26","commitResults":[{"hash":"414d10e98e7dd578b45a0297892a9fcb7c8b2ba9","isMergeCommit":false,"messageTitle":"Revert \"Edited runtest.bat file\"","messageBody":"This reverts commit 3ee67e23851ba57e0c7ddd29be5bf037f71e388b.\n","fileTypesAndContributionMap":{"bat":{"insertions":21,"deletions":0}}},{"hash":"3f29728b720caf8d25c184b7703878fbf76b6e32","isMergeCommit":false,"messageTitle":"Edited runtest.bat file","messageBody":"","fileTypesAndContributionMap":{"bat":{"insertions":21,"deletions":0}}},{"hash":"99e152ce2eb9bb149fb70a16dde9cf781f8b91c4","isMergeCommit":false,"messageTitle":"Edited runtest.bat file.","messageBody":"","tags":["A-TextUiTesting"],"fileTypesAndContributionMap":{"txt":{"insertions":3,"deletions":0},"bat":{"insertions":1,"deletions":1}}},{"hash":"d6e1816f31365720b043815c37e72c1c20212b45","isMergeCommit":true,"messageTitle":"Merge remote-tracking branch \u0027origin/master\u0027","messageBody":"","fileTypesAndContributionMap":{}},{"hash":"edbd482b43b571771d040e94a8437ca8ae8d9405","isMergeCommit":false,"messageTitle":"Delete ip/text-ui-test directory","messageBody":"","fileTypesAndContributionMap":{"bat":{"insertions":0,"deletions":21}}}]}]},"authorFileTypeContributionMap":{"Colex2000":{"java":244,"md":0,"fxml":0,"sh":0,"bat":1,"gradle":0,"txt":3}},"authorContributionVariance":{"Colex2000":13988.734},"authorDisplayNameMap":{"Colex2000":"CS2103T-F13-2 TION.. YAO"}}
