{"authorDailyContributionsMap":{"azumieflare":[{"date":"2024-01-20","commitResults":[{"hash":"4ecf7c2b148e1d42cafe3e314e83efb36f3d6009","isMergeCommit":false,"messageTitle":"Level-0","messageBody":"","tags":["Level-1"],"fileTypesAndContributionMap":{"java":{"insertions":24,"deletions":0}}},{"hash":"54c9ed69c20e7ca3e3b4d15b85a78e9c6328c968","isMergeCommit":false,"messageTitle":"Level-1","messageBody":"","tags":["Level-2"],"fileTypesAndContributionMap":{"java":{"insertions":30,"deletions":7}}},{"hash":"a0801d1dfc9101ba9a1a9b9ae0e349c228c059c5","isMergeCommit":false,"messageTitle":"Level-2","messageBody":"","fileTypesAndContributionMap":{"java":{"insertions":17,"deletions":1}}},{"hash":"171f2d075dee6b0b7d59be940a40712e1db9363e","isMergeCommit":false,"messageTitle":"Level-3","messageBody":"","fileTypesAndContributionMap":{"java":{"insertions":61,"deletions":5}}},{"hash":"98021f59f7548302909b2e5506aebd95e2d704d3","isMergeCommit":false,"messageTitle":"Level-4","messageBody":"","tags":["Level-4"],"fileTypesAndContributionMap":{"java":{"insertions":82,"deletions":6}}},{"hash":"cd1549003be5887c794832f469770d5e30950f59","isMergeCommit":false,"messageTitle":"Level-4","messageBody":"","tags":["Level-5"],"fileTypesAndContributionMap":{"java":{"insertions":1,"deletions":0}}},{"hash":"952a9db45979d88d9aec345f6ef41b7e48ad3c35","isMergeCommit":false,"messageTitle":"Level-5","messageBody":"","fileTypesAndContributionMap":{"java":{"insertions":99,"deletions":41}}},{"hash":"169b1f109ffe1068109fe8c6d6d02f2167dd4c5c","isMergeCommit":false,"messageTitle":"Level-6","messageBody":"","tags":["Enums"],"fileTypesAndContributionMap":{"java":{"insertions":16,"deletions":1}}},{"hash":"63253ecb30acc1137a2783e79e83eca3da0220e7","isMergeCommit":false,"messageTitle":"Changed to enum","messageBody":"","tags":["Level-6"],"fileTypesAndContributionMap":{"java":{"insertions":95,"deletions":59}}},{"hash":"932ad3cbe549a3092d4d73a6c79903e37af497c6","isMergeCommit":false,"messageTitle":"Changed to enum","messageBody":"","tags":["Level-3","A-TextUiTesting","A-Enums"],"fileTypesAndContributionMap":{"java":{"insertions":0,"deletions":1}}}]},{"date":"2024-01-23","commitResults":[{"hash":"b4fa47af5f1b05725eda10aca489ed61530c2733","isMergeCommit":false,"messageTitle":"Added missing tags","messageBody":"","fileTypesAndContributionMap":{"txt":{"insertions":10,"deletions":0}}}]}]},"authorFileTypeContributionMap":{"azumieflare":{"java":303,"md":0,"fxml":0,"sh":0,"bat":0,"gradle":0,"txt":10}},"authorContributionVariance":{"azumieflare":47277.758},"authorDisplayNameMap":{"azumieflare":"CHAN..JOHN"}}
