[{"path":"src/main/java/Duke.java","fileType":"java","lines":[{"lineNumber":1,"author":{"gitId":"whitesnowx"},"content":"import java.io.InputStreamReader;","lastModifiedDate":"2024-01-25"},{"lineNumber":2,"author":{"gitId":"whitesnowx"},"content":"import java.io.BufferedReader;","lastModifiedDate":"2024-01-25"},{"lineNumber":3,"author":{"gitId":"whitesnowx"},"content":"import java.io.StringReader;","lastModifiedDate":"2024-01-25"},{"lineNumber":4,"author":{"gitId":"whitesnowx"},"content":"","lastModifiedDate":"2024-01-25"},{"lineNumber":5,"author":{"gitId":"-"},"content":"public class Duke {","lastModifiedDate":"2019-07-29"},{"lineNumber":6,"author":{"gitId":"whitesnowx"},"content":"","lastModifiedDate":"2024-01-25"},{"lineNumber":7,"author":{"gitId":"whitesnowx"},"content":"    public static void main(String[] args) throws Exception{","lastModifiedDate":"2024-01-25"},{"lineNumber":8,"author":{"gitId":"whitesnowx"},"content":"","lastModifiedDate":"2024-01-25"},{"lineNumber":9,"author":{"gitId":"whitesnowx"},"content":"        String NAME \u003d \"pipi\"; // TENTATIVE","lastModifiedDate":"2024-01-25"},{"lineNumber":10,"author":{"gitId":"whitesnowx"},"content":"","lastModifiedDate":"2024-01-25"},{"lineNumber":11,"author":{"gitId":"whitesnowx"},"content":"//        Scanner sc \u003d new Scanner(System.in);","lastModifiedDate":"2024-01-25"},{"lineNumber":12,"author":{"gitId":"whitesnowx"},"content":"        BufferedReader br \u003d new BufferedReader(new InputStreamReader(System.in));","lastModifiedDate":"2024-01-25"},{"lineNumber":13,"author":{"gitId":"whitesnowx"},"content":"//        String ln \u003d sc.nextLine();","lastModifiedDate":"2024-01-25"},{"lineNumber":14,"author":{"gitId":"whitesnowx"},"content":"","lastModifiedDate":"2024-01-25"},{"lineNumber":15,"author":{"gitId":"whitesnowx"},"content":"        bot_functions.shifted_print(bot_functions.greetingString(NAME));","lastModifiedDate":"2024-01-25"},{"lineNumber":16,"author":{"gitId":"whitesnowx"},"content":"","lastModifiedDate":"2024-01-25"},{"lineNumber":17,"author":{"gitId":"whitesnowx"},"content":"        boolean exitFlag \u003d false;","lastModifiedDate":"2024-01-25"},{"lineNumber":18,"author":{"gitId":"whitesnowx"},"content":"","lastModifiedDate":"2024-01-25"},{"lineNumber":19,"author":{"gitId":"whitesnowx"},"content":"        while (!exitFlag) {","lastModifiedDate":"2024-01-25"},{"lineNumber":20,"author":{"gitId":"whitesnowx"},"content":"            String input_command \u003d br.readLine();","lastModifiedDate":"2024-01-25"},{"lineNumber":21,"author":{"gitId":"whitesnowx"},"content":"","lastModifiedDate":"2024-01-25"},{"lineNumber":22,"author":{"gitId":"whitesnowx"},"content":"            if (input_command.equalsIgnoreCase(\"exit\")) {","lastModifiedDate":"2024-01-25"},{"lineNumber":23,"author":{"gitId":"whitesnowx"},"content":"                bot_functions.shifted_print(bot_functions.signoffString());","lastModifiedDate":"2024-01-25"},{"lineNumber":24,"author":{"gitId":"whitesnowx"},"content":"                exitFlag \u003d true;","lastModifiedDate":"2024-01-25"},{"lineNumber":25,"author":{"gitId":"whitesnowx"},"content":"","lastModifiedDate":"2024-01-25"},{"lineNumber":26,"author":{"gitId":"whitesnowx"},"content":"","lastModifiedDate":"2024-01-25"},{"lineNumber":27,"author":{"gitId":"whitesnowx"},"content":"            } else {","lastModifiedDate":"2024-01-25"},{"lineNumber":28,"author":{"gitId":"whitesnowx"},"content":"                bot_functions.shifted_print(bot_functions.echoString(input_command));","lastModifiedDate":"2024-01-25"},{"lineNumber":29,"author":{"gitId":"whitesnowx"},"content":"            }","lastModifiedDate":"2024-01-25"},{"lineNumber":30,"author":{"gitId":"-"},"content":"        }","lastModifiedDate":"2019-07-29"},{"lineNumber":31,"author":{"gitId":"whitesnowx"},"content":"","lastModifiedDate":"2024-01-25"},{"lineNumber":32,"author":{"gitId":"whitesnowx"},"content":"        System.exit(0);","lastModifiedDate":"2024-01-25"},{"lineNumber":33,"author":{"gitId":"whitesnowx"},"content":"","lastModifiedDate":"2024-01-25"},{"lineNumber":34,"author":{"gitId":"whitesnowx"},"content":"    }","lastModifiedDate":"2024-01-25"},{"lineNumber":35,"author":{"gitId":"whitesnowx"},"content":"","lastModifiedDate":"2024-01-25"},{"lineNumber":36,"author":{"gitId":"whitesnowx"},"content":"    public static class bot_functions {","lastModifiedDate":"2024-01-25"},{"lineNumber":37,"author":{"gitId":"whitesnowx"},"content":"        public static final String HORIZONTAL_LINE \u003d \"____________________________________________________________\\n\";","lastModifiedDate":"2024-01-25"},{"lineNumber":38,"author":{"gitId":"whitesnowx"},"content":"","lastModifiedDate":"2024-01-25"},{"lineNumber":39,"author":{"gitId":"whitesnowx"},"content":"        public static String greetingString(String name){","lastModifiedDate":"2024-01-25"},{"lineNumber":40,"author":{"gitId":"whitesnowx"},"content":"            String msg \u003d \"\";","lastModifiedDate":"2024-01-25"},{"lineNumber":41,"author":{"gitId":"whitesnowx"},"content":"            msg +\u003d String.format(\"%35s\", \"૮ ˶ᵔ ᵕ ᵔ˶ ა\\n\");","lastModifiedDate":"2024-01-25"},{"lineNumber":42,"author":{"gitId":"whitesnowx"},"content":"            msg +\u003d \"heyo! my name is \" + name + \"\\n\";","lastModifiedDate":"2024-01-25"},{"lineNumber":43,"author":{"gitId":"whitesnowx"},"content":"            msg +\u003d \"What would you like for me to do?\\n\";","lastModifiedDate":"2024-01-25"},{"lineNumber":44,"author":{"gitId":"whitesnowx"},"content":"            return msg;","lastModifiedDate":"2024-01-25"},{"lineNumber":45,"author":{"gitId":"-"},"content":"        }","lastModifiedDate":"2019-07-29"},{"lineNumber":46,"author":{"gitId":"whitesnowx"},"content":"","lastModifiedDate":"2024-01-25"},{"lineNumber":47,"author":{"gitId":"whitesnowx"},"content":"        public static String sadcat() {","lastModifiedDate":"2024-01-25"},{"lineNumber":48,"author":{"gitId":"whitesnowx"},"content":"            return","lastModifiedDate":"2024-01-25"},{"lineNumber":49,"author":{"gitId":"whitesnowx"},"content":"                    \"⠀               /\u003e    フ\\n\" +","lastModifiedDate":"2024-01-25"},{"lineNumber":50,"author":{"gitId":"whitesnowx"},"content":"                            \"               | 　_  _|\\n\" +","lastModifiedDate":"2024-01-25"},{"lineNumber":51,"author":{"gitId":"whitesnowx"},"content":"                            \"             ／` ミ＿_xノ\\n\" +","lastModifiedDate":"2024-01-25"},{"lineNumber":52,"author":{"gitId":"whitesnowx"},"content":"                            \"          /　　　     |\\n\" +","lastModifiedDate":"2024-01-25"},{"lineNumber":53,"author":{"gitId":"whitesnowx"},"content":"                            \"         /　 ヽ　     ﾉ\\n\" +","lastModifiedDate":"2024-01-25"},{"lineNumber":54,"author":{"gitId":"whitesnowx"},"content":"                            \"        │　    |　|　|\\n\" +","lastModifiedDate":"2024-01-25"},{"lineNumber":55,"author":{"gitId":"whitesnowx"},"content":"                            \"    ／￣|　    |　|　|\\n\" +","lastModifiedDate":"2024-01-25"},{"lineNumber":56,"author":{"gitId":"whitesnowx"},"content":"                            \"    | (￣ ヽ＿ヽ_)__)\\n\" +","lastModifiedDate":"2024-01-25"},{"lineNumber":57,"author":{"gitId":"whitesnowx"},"content":"                            \"    ＼二つ⠀⠀\\n\";","lastModifiedDate":"2024-01-25"},{"lineNumber":58,"author":{"gitId":"whitesnowx"},"content":"        }","lastModifiedDate":"2024-01-25"},{"lineNumber":59,"author":{"gitId":"whitesnowx"},"content":"        public static String signoffString(){","lastModifiedDate":"2024-01-25"},{"lineNumber":60,"author":{"gitId":"whitesnowx"},"content":"            String msg \u003d \"\";","lastModifiedDate":"2024-01-25"},{"lineNumber":61,"author":{"gitId":"whitesnowx"},"content":"            msg +\u003d \"okay then, bye\\n\";","lastModifiedDate":"2024-01-25"},{"lineNumber":62,"author":{"gitId":"whitesnowx"},"content":"//            msg +\u003d String.format(\"%40s\", \"( •̯́ ^ •̯̀)]\\n\");","lastModifiedDate":"2024-01-25"},{"lineNumber":63,"author":{"gitId":"whitesnowx"},"content":"            msg +\u003d sadcat();","lastModifiedDate":"2024-01-25"},{"lineNumber":64,"author":{"gitId":"whitesnowx"},"content":"","lastModifiedDate":"2024-01-25"},{"lineNumber":65,"author":{"gitId":"whitesnowx"},"content":"            return msg;","lastModifiedDate":"2024-01-25"},{"lineNumber":66,"author":{"gitId":"whitesnowx"},"content":"        }","lastModifiedDate":"2024-01-25"},{"lineNumber":67,"author":{"gitId":"whitesnowx"},"content":"","lastModifiedDate":"2024-01-25"},{"lineNumber":68,"author":{"gitId":"whitesnowx"},"content":"        public  static String echoString(String text) {","lastModifiedDate":"2024-01-25"},{"lineNumber":69,"author":{"gitId":"whitesnowx"},"content":"            return text;","lastModifiedDate":"2024-01-25"},{"lineNumber":70,"author":{"gitId":"whitesnowx"},"content":"        }","lastModifiedDate":"2024-01-25"},{"lineNumber":71,"author":{"gitId":"whitesnowx"},"content":"","lastModifiedDate":"2024-01-25"},{"lineNumber":72,"author":{"gitId":"whitesnowx"},"content":"        public static void shifted_print(String text) throws Exception{","lastModifiedDate":"2024-01-25"},{"lineNumber":73,"author":{"gitId":"whitesnowx"},"content":"            BufferedReader br \u003d new BufferedReader(new StringReader(text));","lastModifiedDate":"2024-01-25"},{"lineNumber":74,"author":{"gitId":"whitesnowx"},"content":"            String readText \u003d br.readLine();","lastModifiedDate":"2024-01-25"},{"lineNumber":75,"author":{"gitId":"whitesnowx"},"content":"            String output \u003d \"\";","lastModifiedDate":"2024-01-25"},{"lineNumber":76,"author":{"gitId":"whitesnowx"},"content":"            output +\u003d \"      \" + HORIZONTAL_LINE;","lastModifiedDate":"2024-01-25"},{"lineNumber":77,"author":{"gitId":"whitesnowx"},"content":"            while (readText !\u003d null) {","lastModifiedDate":"2024-01-25"},{"lineNumber":78,"author":{"gitId":"whitesnowx"},"content":"                output \u003d output + \"      \" + readText + \"\\n\";","lastModifiedDate":"2024-01-25"},{"lineNumber":79,"author":{"gitId":"whitesnowx"},"content":"                readText \u003d br.readLine();","lastModifiedDate":"2024-01-25"},{"lineNumber":80,"author":{"gitId":"whitesnowx"},"content":"            }","lastModifiedDate":"2024-01-25"},{"lineNumber":81,"author":{"gitId":"whitesnowx"},"content":"            output +\u003d \"      \" + HORIZONTAL_LINE;","lastModifiedDate":"2024-01-25"},{"lineNumber":82,"author":{"gitId":"whitesnowx"},"content":"            System.out.print(output);","lastModifiedDate":"2024-01-25"},{"lineNumber":83,"author":{"gitId":"whitesnowx"},"content":"        }","lastModifiedDate":"2024-01-25"},{"lineNumber":84,"author":{"gitId":"whitesnowx"},"content":"","lastModifiedDate":"2024-01-25"},{"lineNumber":85,"author":{"gitId":"-"},"content":"    }","lastModifiedDate":"2024-01-25"},{"lineNumber":86,"author":{"gitId":"-"},"content":"}","lastModifiedDate":"2024-01-25"},{"lineNumber":87,"author":{"gitId":"whitesnowx"},"content":"","lastModifiedDate":"2024-01-25"}],"authorContributionMap":{"whitesnowx":82,"-":5}}]
