[{"path":"src/main/Fredricksen/Commands/Command.java","fileType":"java","lines":[{"lineNumber":1,"author":{"gitId":"Zack-Tay"},"content":"package Commands;","lastModifiedDate":"2024-01-31"},{"lineNumber":2,"author":{"gitId":"Zack-Tay"},"content":"","lastModifiedDate":"2024-01-31"},{"lineNumber":3,"author":{"gitId":"Zack-Tay"},"content":"import Tasks.TaskList;","lastModifiedDate":"2024-01-31"},{"lineNumber":4,"author":{"gitId":"Zack-Tay"},"content":"import Tasks.Task;","lastModifiedDate":"2024-01-31"},{"lineNumber":5,"author":{"gitId":"Zack-Tay"},"content":"import Ui.Ui;","lastModifiedDate":"2024-01-31"},{"lineNumber":6,"author":{"gitId":"Zack-Tay"},"content":"import Storages.Storage;","lastModifiedDate":"2024-01-31"},{"lineNumber":7,"author":{"gitId":"Zack-Tay"},"content":"","lastModifiedDate":"2024-01-31"},{"lineNumber":8,"author":{"gitId":"Zack-Tay"},"content":"import java.time.LocalDateTime;","lastModifiedDate":"2024-01-31"},{"lineNumber":9,"author":{"gitId":"Zack-Tay"},"content":"import java.time.format.DateTimeFormatter;","lastModifiedDate":"2024-01-31"},{"lineNumber":10,"author":{"gitId":"Zack-Tay"},"content":"import java.time.format.DateTimeParseException;","lastModifiedDate":"2024-01-31"},{"lineNumber":11,"author":{"gitId":"Zack-Tay"},"content":"","lastModifiedDate":"2024-01-31"},{"lineNumber":12,"author":{"gitId":"Zack-Tay"},"content":"public class Command {","lastModifiedDate":"2024-01-31"},{"lineNumber":13,"author":{"gitId":"Zack-Tay"},"content":"    private String command;","lastModifiedDate":"2024-01-31"},{"lineNumber":14,"author":{"gitId":"Zack-Tay"},"content":"","lastModifiedDate":"2024-01-31"},{"lineNumber":15,"author":{"gitId":"Zack-Tay"},"content":"    public Command(String command) {","lastModifiedDate":"2024-01-31"},{"lineNumber":16,"author":{"gitId":"Zack-Tay"},"content":"        this.command \u003d command;","lastModifiedDate":"2024-01-31"},{"lineNumber":17,"author":{"gitId":"Zack-Tay"},"content":"    }","lastModifiedDate":"2024-01-31"},{"lineNumber":18,"author":{"gitId":"Zack-Tay"},"content":"","lastModifiedDate":"2024-01-31"},{"lineNumber":19,"author":{"gitId":"Zack-Tay"},"content":"    public String[] keyWords(String fullCommand) {","lastModifiedDate":"2024-01-31"},{"lineNumber":20,"author":{"gitId":"Zack-Tay"},"content":"        return fullCommand.split(\" \");","lastModifiedDate":"2024-01-31"},{"lineNumber":21,"author":{"gitId":"Zack-Tay"},"content":"    }","lastModifiedDate":"2024-01-31"},{"lineNumber":22,"author":{"gitId":"Zack-Tay"},"content":"","lastModifiedDate":"2024-01-31"},{"lineNumber":23,"author":{"gitId":"Zack-Tay"},"content":"    public String getTaskSymbol(String command) {","lastModifiedDate":"2024-01-31"},{"lineNumber":24,"author":{"gitId":"Zack-Tay"},"content":"        String res \u003d \"\";","lastModifiedDate":"2024-01-31"},{"lineNumber":25,"author":{"gitId":"Zack-Tay"},"content":"        switch (command) {","lastModifiedDate":"2024-01-31"},{"lineNumber":26,"author":{"gitId":"Zack-Tay"},"content":"            case \"todo\":","lastModifiedDate":"2024-01-31"},{"lineNumber":27,"author":{"gitId":"Zack-Tay"},"content":"                res \u003d \"T\";","lastModifiedDate":"2024-01-31"},{"lineNumber":28,"author":{"gitId":"Zack-Tay"},"content":"                break;","lastModifiedDate":"2024-01-31"},{"lineNumber":29,"author":{"gitId":"Zack-Tay"},"content":"            case \"event\":","lastModifiedDate":"2024-01-31"},{"lineNumber":30,"author":{"gitId":"Zack-Tay"},"content":"                res \u003d \"E\";","lastModifiedDate":"2024-01-31"},{"lineNumber":31,"author":{"gitId":"Zack-Tay"},"content":"                break;","lastModifiedDate":"2024-01-31"},{"lineNumber":32,"author":{"gitId":"Zack-Tay"},"content":"            case \"deadline\":","lastModifiedDate":"2024-01-31"},{"lineNumber":33,"author":{"gitId":"Zack-Tay"},"content":"                res \u003d \"D\";","lastModifiedDate":"2024-01-31"},{"lineNumber":34,"author":{"gitId":"Zack-Tay"},"content":"        }","lastModifiedDate":"2024-01-31"},{"lineNumber":35,"author":{"gitId":"Zack-Tay"},"content":"        return res;","lastModifiedDate":"2024-01-31"},{"lineNumber":36,"author":{"gitId":"Zack-Tay"},"content":"    }","lastModifiedDate":"2024-01-31"},{"lineNumber":37,"author":{"gitId":"Zack-Tay"},"content":"","lastModifiedDate":"2024-01-31"},{"lineNumber":38,"author":{"gitId":"Zack-Tay"},"content":"    public DateTimeFormatter[] formatDateTime() {","lastModifiedDate":"2024-01-31"},{"lineNumber":39,"author":{"gitId":"Zack-Tay"},"content":"        return new DateTimeFormatter[]{","lastModifiedDate":"2024-01-31"},{"lineNumber":40,"author":{"gitId":"Zack-Tay"},"content":"                DateTimeFormatter.ofPattern(\"d/M/yyyy HHmm\"),","lastModifiedDate":"2024-01-31"},{"lineNumber":41,"author":{"gitId":"Zack-Tay"},"content":"                DateTimeFormatter.ofPattern(\"d/M/yyyy\"),","lastModifiedDate":"2024-01-31"},{"lineNumber":42,"author":{"gitId":"Zack-Tay"},"content":"                DateTimeFormatter.ofPattern(\"d-M-yyyy\")","lastModifiedDate":"2024-01-31"},{"lineNumber":43,"author":{"gitId":"Zack-Tay"},"content":"        };","lastModifiedDate":"2024-01-31"},{"lineNumber":44,"author":{"gitId":"Zack-Tay"},"content":"    }","lastModifiedDate":"2024-01-31"},{"lineNumber":45,"author":{"gitId":"Zack-Tay"},"content":"","lastModifiedDate":"2024-01-31"},{"lineNumber":46,"author":{"gitId":"Zack-Tay"},"content":"    public void fromCommand(String fullCommand, int fromStartIndex, String symbol, TaskList tasks) {","lastModifiedDate":"2024-01-31"},{"lineNumber":47,"author":{"gitId":"Zack-Tay"},"content":"        int toStartIndex \u003d fullCommand.indexOf(\"/to\");","lastModifiedDate":"2024-01-31"},{"lineNumber":48,"author":{"gitId":"Zack-Tay"},"content":"        String to \u003d fullCommand.substring(toStartIndex + 4);","lastModifiedDate":"2024-01-31"},{"lineNumber":49,"author":{"gitId":"Zack-Tay"},"content":"        String from \u003d fullCommand.substring(fromStartIndex + 6, toStartIndex - 1);","lastModifiedDate":"2024-01-31"},{"lineNumber":50,"author":{"gitId":"Zack-Tay"},"content":"        LocalDateTime duefrom \u003d null;","lastModifiedDate":"2024-01-31"},{"lineNumber":51,"author":{"gitId":"Zack-Tay"},"content":"        LocalDateTime dueto \u003d null;","lastModifiedDate":"2024-01-31"},{"lineNumber":52,"author":{"gitId":"Zack-Tay"},"content":"        DateTimeFormatter[] formats \u003d this.formatDateTime();","lastModifiedDate":"2024-01-31"},{"lineNumber":53,"author":{"gitId":"Zack-Tay"},"content":"","lastModifiedDate":"2024-01-31"},{"lineNumber":54,"author":{"gitId":"Zack-Tay"},"content":"        for (DateTimeFormatter format : formats) {","lastModifiedDate":"2024-01-31"},{"lineNumber":55,"author":{"gitId":"Zack-Tay"},"content":"            try {","lastModifiedDate":"2024-01-31"},{"lineNumber":56,"author":{"gitId":"Zack-Tay"},"content":"                duefrom \u003d LocalDateTime.parse(from, format);","lastModifiedDate":"2024-01-31"},{"lineNumber":57,"author":{"gitId":"Zack-Tay"},"content":"                dueto \u003d LocalDateTime.parse(to, format);","lastModifiedDate":"2024-01-31"},{"lineNumber":58,"author":{"gitId":"Zack-Tay"},"content":"                String task \u003d fullCommand.substring(0, fromStartIndex - 1);","lastModifiedDate":"2024-01-31"},{"lineNumber":59,"author":{"gitId":"Zack-Tay"},"content":"                String dueEvent \u003d task + \"(from: \" + duefrom.format(DateTimeFormatter.ofPattern(\"MMM d yyyy, hh:mm a\")) + \" to: \" + dueto.format(DateTimeFormatter.ofPattern(\"MMM d yyyy, hh:mm a\")) + \")\";","lastModifiedDate":"2024-01-31"},{"lineNumber":60,"author":{"gitId":"Zack-Tay"},"content":"                Task newTask \u003d new Task(dueEvent, symbol, false, duefrom, dueto);","lastModifiedDate":"2024-01-31"},{"lineNumber":61,"author":{"gitId":"Zack-Tay"},"content":"                tasks.addTask(newTask);","lastModifiedDate":"2024-01-31"},{"lineNumber":62,"author":{"gitId":"Zack-Tay"},"content":"                break;","lastModifiedDate":"2024-01-31"},{"lineNumber":63,"author":{"gitId":"Zack-Tay"},"content":"            } catch (DateTimeParseException var16) {","lastModifiedDate":"2024-01-31"},{"lineNumber":64,"author":{"gitId":"Zack-Tay"},"content":"                System.out.println(\"Please pass date in dd/MM/yyyy HHmm format\");","lastModifiedDate":"2024-01-31"},{"lineNumber":65,"author":{"gitId":"Zack-Tay"},"content":"            }","lastModifiedDate":"2024-01-31"},{"lineNumber":66,"author":{"gitId":"Zack-Tay"},"content":"        }","lastModifiedDate":"2024-01-31"},{"lineNumber":67,"author":{"gitId":"Zack-Tay"},"content":"","lastModifiedDate":"2024-01-31"},{"lineNumber":68,"author":{"gitId":"Zack-Tay"},"content":"    }","lastModifiedDate":"2024-01-31"},{"lineNumber":69,"author":{"gitId":"Zack-Tay"},"content":"","lastModifiedDate":"2024-01-31"},{"lineNumber":70,"author":{"gitId":"Zack-Tay"},"content":"    public void byCommand(String fullCommand, int byStartIndex, String symbol, TaskList tasks) {","lastModifiedDate":"2024-01-31"},{"lineNumber":71,"author":{"gitId":"Zack-Tay"},"content":"        String timecommand \u003d fullCommand.substring(byStartIndex + 4);","lastModifiedDate":"2024-01-31"},{"lineNumber":72,"author":{"gitId":"Zack-Tay"},"content":"        LocalDateTime time \u003d null;","lastModifiedDate":"2024-01-31"},{"lineNumber":73,"author":{"gitId":"Zack-Tay"},"content":"        DateTimeFormatter[] formats \u003d this.formatDateTime();","lastModifiedDate":"2024-01-31"},{"lineNumber":74,"author":{"gitId":"Zack-Tay"},"content":"        for (DateTimeFormatter format : formats) {","lastModifiedDate":"2024-01-31"},{"lineNumber":75,"author":{"gitId":"Zack-Tay"},"content":"            try {","lastModifiedDate":"2024-01-31"},{"lineNumber":76,"author":{"gitId":"Zack-Tay"},"content":"                time \u003d LocalDateTime.parse(timecommand, format);","lastModifiedDate":"2024-01-31"},{"lineNumber":77,"author":{"gitId":"Zack-Tay"},"content":"                String task \u003d fullCommand.substring(9, byStartIndex - 1);","lastModifiedDate":"2024-01-31"},{"lineNumber":78,"author":{"gitId":"Zack-Tay"},"content":"                String deadline \u003d task + \"(by: \" + time.format(DateTimeFormatter.ofPattern(\"MMM d yyyy, hh:mm a\")) + \")\";","lastModifiedDate":"2024-01-31"},{"lineNumber":79,"author":{"gitId":"Zack-Tay"},"content":"                Task newTask \u003d new Task(deadline, symbol, false, time);","lastModifiedDate":"2024-01-31"},{"lineNumber":80,"author":{"gitId":"Zack-Tay"},"content":"                tasks.addTask(newTask);","lastModifiedDate":"2024-01-31"},{"lineNumber":81,"author":{"gitId":"Zack-Tay"},"content":"                break;","lastModifiedDate":"2024-01-31"},{"lineNumber":82,"author":{"gitId":"Zack-Tay"},"content":"            } catch (DateTimeParseException var13) {","lastModifiedDate":"2024-01-31"},{"lineNumber":83,"author":{"gitId":"Zack-Tay"},"content":"                System.out.println(\"Please pass date in dd/MM/yyyy HHmm format\");","lastModifiedDate":"2024-01-31"},{"lineNumber":84,"author":{"gitId":"Zack-Tay"},"content":"            }","lastModifiedDate":"2024-01-31"},{"lineNumber":85,"author":{"gitId":"Zack-Tay"},"content":"        }","lastModifiedDate":"2024-01-31"},{"lineNumber":86,"author":{"gitId":"Zack-Tay"},"content":"","lastModifiedDate":"2024-01-31"},{"lineNumber":87,"author":{"gitId":"Zack-Tay"},"content":"    }","lastModifiedDate":"2024-01-31"},{"lineNumber":88,"author":{"gitId":"Zack-Tay"},"content":"","lastModifiedDate":"2024-01-31"},{"lineNumber":89,"author":{"gitId":"Zack-Tay"},"content":"    public String mark(TaskList tasks, String fullCommand) {","lastModifiedDate":"2024-01-31"},{"lineNumber":90,"author":{"gitId":"Zack-Tay"},"content":"        String[] command \u003d fullCommand.split(\" \");","lastModifiedDate":"2024-01-31"},{"lineNumber":91,"author":{"gitId":"Zack-Tay"},"content":"        try {","lastModifiedDate":"2024-01-31"},{"lineNumber":92,"author":{"gitId":"Zack-Tay"},"content":"            Task currTask \u003d tasks.getTask(Integer.parseInt(command[1]) - 1);","lastModifiedDate":"2024-01-31"},{"lineNumber":93,"author":{"gitId":"Zack-Tay"},"content":"            System.out.println(\"Nice! I\u0027ve marked this task as done:\");","lastModifiedDate":"2024-01-31"},{"lineNumber":94,"author":{"gitId":"Zack-Tay"},"content":"            currTask.setDone();","lastModifiedDate":"2024-01-31"},{"lineNumber":95,"author":{"gitId":"Zack-Tay"},"content":"            return \"    \" + currTask.printTask(currTask.getType(), currTask.getDone(), currTask.getTask());","lastModifiedDate":"2024-01-31"},{"lineNumber":96,"author":{"gitId":"Zack-Tay"},"content":"        } catch (IndexOutOfBoundsException err) {","lastModifiedDate":"2024-01-31"},{"lineNumber":97,"author":{"gitId":"Zack-Tay"},"content":"            String single \u003d tasks.size() \u003c\u003d 1 ? \"task\" : \"tasks\";","lastModifiedDate":"2024-01-31"},{"lineNumber":98,"author":{"gitId":"Zack-Tay"},"content":"            int num \u003d tasks.size();","lastModifiedDate":"2024-01-31"},{"lineNumber":99,"author":{"gitId":"Zack-Tay"},"content":"            return \"You only have \" + num + \" \" + single + \" currently. Type \\\"list\\\" to view all your current \" + single;","lastModifiedDate":"2024-01-31"},{"lineNumber":100,"author":{"gitId":"Zack-Tay"},"content":"        }","lastModifiedDate":"2024-01-31"},{"lineNumber":101,"author":{"gitId":"Zack-Tay"},"content":"    }","lastModifiedDate":"2024-01-31"},{"lineNumber":102,"author":{"gitId":"Zack-Tay"},"content":"","lastModifiedDate":"2024-01-31"},{"lineNumber":103,"author":{"gitId":"Zack-Tay"},"content":"    public String unmark(TaskList tasks, String fullCommand) {","lastModifiedDate":"2024-01-31"},{"lineNumber":104,"author":{"gitId":"Zack-Tay"},"content":"        String[] command \u003d fullCommand.split(\" \");","lastModifiedDate":"2024-01-31"},{"lineNumber":105,"author":{"gitId":"Zack-Tay"},"content":"        try {","lastModifiedDate":"2024-01-31"},{"lineNumber":106,"author":{"gitId":"Zack-Tay"},"content":"            Task currTask \u003d tasks.getTask(Integer.parseInt(command[1]) - 1);","lastModifiedDate":"2024-01-31"},{"lineNumber":107,"author":{"gitId":"Zack-Tay"},"content":"            System.out.println(\"OK, I\u0027ve marked this task as not done yet:\");","lastModifiedDate":"2024-01-31"},{"lineNumber":108,"author":{"gitId":"Zack-Tay"},"content":"            currTask.setUndone();","lastModifiedDate":"2024-01-31"},{"lineNumber":109,"author":{"gitId":"Zack-Tay"},"content":"            return \"    \" + currTask.printTask(currTask.getType(), currTask.getDone(), currTask.getTask());","lastModifiedDate":"2024-01-31"},{"lineNumber":110,"author":{"gitId":"Zack-Tay"},"content":"        } catch (IndexOutOfBoundsException var6) {","lastModifiedDate":"2024-01-31"},{"lineNumber":111,"author":{"gitId":"Zack-Tay"},"content":"            String single \u003d tasks.size() \u003c\u003d 1 ? \"task\" : \"tasks\";","lastModifiedDate":"2024-01-31"},{"lineNumber":112,"author":{"gitId":"Zack-Tay"},"content":"            int num \u003d tasks.size();","lastModifiedDate":"2024-01-31"},{"lineNumber":113,"author":{"gitId":"Zack-Tay"},"content":"            return \"You only have \" + num + \" \" + single + \" currently. Type \\\"list\\\" to view all your current \" + single;","lastModifiedDate":"2024-01-31"},{"lineNumber":114,"author":{"gitId":"Zack-Tay"},"content":"        }","lastModifiedDate":"2024-01-31"},{"lineNumber":115,"author":{"gitId":"Zack-Tay"},"content":"    }","lastModifiedDate":"2024-01-31"},{"lineNumber":116,"author":{"gitId":"Zack-Tay"},"content":"","lastModifiedDate":"2024-01-31"},{"lineNumber":117,"author":{"gitId":"Zack-Tay"},"content":"    public void delete(TaskList tasks, String fullCommand) {","lastModifiedDate":"2024-01-31"},{"lineNumber":118,"author":{"gitId":"Zack-Tay"},"content":"        String[] command \u003d fullCommand.split(\" \");","lastModifiedDate":"2024-01-31"},{"lineNumber":119,"author":{"gitId":"Zack-Tay"},"content":"        String single \u003d tasks.size() \u003c\u003d 1 ? \"task\" : \"tasks\";","lastModifiedDate":"2024-01-31"},{"lineNumber":120,"author":{"gitId":"Zack-Tay"},"content":"        try {","lastModifiedDate":"2024-01-31"},{"lineNumber":121,"author":{"gitId":"Zack-Tay"},"content":"            Task currTask \u003d tasks.getTask(Integer.parseInt(command[1]) - 1);","lastModifiedDate":"2024-01-31"},{"lineNumber":122,"author":{"gitId":"Zack-Tay"},"content":"            System.out.println(\"Noted. I\u0027ve removed this task:\");","lastModifiedDate":"2024-01-31"},{"lineNumber":123,"author":{"gitId":"Zack-Tay"},"content":"            tasks.deleteTask(Integer.parseInt(command[1]) - 1);","lastModifiedDate":"2024-01-31"},{"lineNumber":124,"author":{"gitId":"Zack-Tay"},"content":"            System.out.println(\"    \" + currTask.printTask(currTask.getType(), currTask.getDone(), currTask.getTask()));","lastModifiedDate":"2024-01-31"},{"lineNumber":125,"author":{"gitId":"Zack-Tay"},"content":"        } catch (IndexOutOfBoundsException var6) {","lastModifiedDate":"2024-01-31"},{"lineNumber":126,"author":{"gitId":"Zack-Tay"},"content":"            System.out.println(\"You only have \" + tasks.size() + \" \" + single + \" currently. Type \\\"tasks\\\" to view all your current \" + single);","lastModifiedDate":"2024-01-31"},{"lineNumber":127,"author":{"gitId":"Zack-Tay"},"content":"        }","lastModifiedDate":"2024-01-31"},{"lineNumber":128,"author":{"gitId":"Zack-Tay"},"content":"        System.out.println(\"Now you have \" + tasks.size() + \" \" + single + \" in the tasks.\");","lastModifiedDate":"2024-01-31"},{"lineNumber":129,"author":{"gitId":"Zack-Tay"},"content":"    }","lastModifiedDate":"2024-01-31"},{"lineNumber":130,"author":{"gitId":"Zack-Tay"},"content":"","lastModifiedDate":"2024-01-31"},{"lineNumber":131,"author":{"gitId":"Zack-Tay"},"content":"    public boolean bye() {","lastModifiedDate":"2024-01-31"},{"lineNumber":132,"author":{"gitId":"Zack-Tay"},"content":"        return false;","lastModifiedDate":"2024-01-31"},{"lineNumber":133,"author":{"gitId":"Zack-Tay"},"content":"    }","lastModifiedDate":"2024-01-31"},{"lineNumber":134,"author":{"gitId":"Zack-Tay"},"content":"","lastModifiedDate":"2024-01-31"},{"lineNumber":135,"author":{"gitId":"Zack-Tay"},"content":"    public void execute(String fullCommand, TaskList tasks, Ui ui, Storage store) {","lastModifiedDate":"2024-01-31"},{"lineNumber":136,"author":{"gitId":"Zack-Tay"},"content":"        String[] command \u003d this.keyWords(fullCommand);","lastModifiedDate":"2024-01-31"},{"lineNumber":137,"author":{"gitId":"Zack-Tay"},"content":"        if (command.length \u003c\u003d 1) {","lastModifiedDate":"2024-01-31"},{"lineNumber":138,"author":{"gitId":"Zack-Tay"},"content":"            ui.listOfCommands();","lastModifiedDate":"2024-01-31"},{"lineNumber":139,"author":{"gitId":"Zack-Tay"},"content":"        } else {","lastModifiedDate":"2024-01-31"},{"lineNumber":140,"author":{"gitId":"Zack-Tay"},"content":"            switch (command[0]) {","lastModifiedDate":"2024-01-31"},{"lineNumber":141,"author":{"gitId":"Zack-Tay"},"content":"                case \"list\":","lastModifiedDate":"2024-01-31"},{"lineNumber":142,"author":{"gitId":"Zack-Tay"},"content":"                    ui.output(tasks.getList().toString());","lastModifiedDate":"2024-01-31"},{"lineNumber":143,"author":{"gitId":"Zack-Tay"},"content":"                    break;","lastModifiedDate":"2024-01-31"},{"lineNumber":144,"author":{"gitId":"Zack-Tay"},"content":"                case \"todo\":","lastModifiedDate":"2024-01-31"},{"lineNumber":145,"author":{"gitId":"Zack-Tay"},"content":"                case \"event\":","lastModifiedDate":"2024-01-31"},{"lineNumber":146,"author":{"gitId":"Zack-Tay"},"content":"                case \"deadline\":","lastModifiedDate":"2024-01-31"},{"lineNumber":147,"author":{"gitId":"Zack-Tay"},"content":"                    ui.showLine();","lastModifiedDate":"2024-01-31"},{"lineNumber":148,"author":{"gitId":"Zack-Tay"},"content":"                    System.out.println(\"Got it. I\u0027ve added this task: \");","lastModifiedDate":"2024-01-31"},{"lineNumber":149,"author":{"gitId":"Zack-Tay"},"content":"                    String symbol \u003d this.getTaskSymbol(command[0]);","lastModifiedDate":"2024-01-31"},{"lineNumber":150,"author":{"gitId":"Zack-Tay"},"content":"                    int byStartIndex \u003d fullCommand.indexOf(\"/by\");","lastModifiedDate":"2024-01-31"},{"lineNumber":151,"author":{"gitId":"Zack-Tay"},"content":"                    int fromStartIndex \u003d fullCommand.indexOf(\"/from\");","lastModifiedDate":"2024-01-31"},{"lineNumber":152,"author":{"gitId":"Zack-Tay"},"content":"                    if (byStartIndex \u003d\u003d -1 \u0026\u0026 fromStartIndex \u003d\u003d -1) {","lastModifiedDate":"2024-01-31"},{"lineNumber":153,"author":{"gitId":"Zack-Tay"},"content":"                        String des \u003d fullCommand.substring(command[0].length() + 1);","lastModifiedDate":"2024-01-31"},{"lineNumber":154,"author":{"gitId":"Zack-Tay"},"content":"                        Task newTask \u003d new Task(des, symbol, false);","lastModifiedDate":"2024-01-31"},{"lineNumber":155,"author":{"gitId":"Zack-Tay"},"content":"                        tasks.addTask(newTask);","lastModifiedDate":"2024-01-31"},{"lineNumber":156,"author":{"gitId":"Zack-Tay"},"content":"                    } else if (fromStartIndex \u003d\u003d -1) {","lastModifiedDate":"2024-01-31"},{"lineNumber":157,"author":{"gitId":"Zack-Tay"},"content":"                        byCommand(fullCommand, byStartIndex, symbol, tasks);","lastModifiedDate":"2024-01-31"},{"lineNumber":158,"author":{"gitId":"Zack-Tay"},"content":"                    } else {","lastModifiedDate":"2024-01-31"},{"lineNumber":159,"author":{"gitId":"Zack-Tay"},"content":"                        fromCommand(fullCommand, fromStartIndex, symbol, tasks);","lastModifiedDate":"2024-01-31"},{"lineNumber":160,"author":{"gitId":"Zack-Tay"},"content":"                    }","lastModifiedDate":"2024-01-31"},{"lineNumber":161,"author":{"gitId":"Zack-Tay"},"content":"","lastModifiedDate":"2024-01-31"},{"lineNumber":162,"author":{"gitId":"Zack-Tay"},"content":"                    Task latestTask \u003d tasks.getTask(tasks.size() - 1);","lastModifiedDate":"2024-01-31"},{"lineNumber":163,"author":{"gitId":"Zack-Tay"},"content":"                    String task \u003d latestTask.printTask(latestTask.getType(), latestTask.getDone(), latestTask.getTask());","lastModifiedDate":"2024-01-31"},{"lineNumber":164,"author":{"gitId":"Zack-Tay"},"content":"                    System.out.println(\"    \" + task);","lastModifiedDate":"2024-01-31"},{"lineNumber":165,"author":{"gitId":"Zack-Tay"},"content":"                    String singular \u003d tasks.size() \u003d\u003d 1 ? \"task\" : \"tasks\";","lastModifiedDate":"2024-01-31"},{"lineNumber":166,"author":{"gitId":"Zack-Tay"},"content":"                    int num \u003d tasks.size();","lastModifiedDate":"2024-01-31"},{"lineNumber":167,"author":{"gitId":"Zack-Tay"},"content":"                    System.out.println(\"Now you have \" + num + \" \" + singular + \" in the list.\");","lastModifiedDate":"2024-01-31"},{"lineNumber":168,"author":{"gitId":"Zack-Tay"},"content":"                    ui.showLine();","lastModifiedDate":"2024-01-31"},{"lineNumber":169,"author":{"gitId":"Zack-Tay"},"content":"                    break;","lastModifiedDate":"2024-01-31"},{"lineNumber":170,"author":{"gitId":"Zack-Tay"},"content":"                case \"mark\":","lastModifiedDate":"2024-01-31"},{"lineNumber":171,"author":{"gitId":"Zack-Tay"},"content":"                    ui.output(mark(tasks, fullCommand));","lastModifiedDate":"2024-01-31"},{"lineNumber":172,"author":{"gitId":"Zack-Tay"},"content":"                    break;","lastModifiedDate":"2024-01-31"},{"lineNumber":173,"author":{"gitId":"Zack-Tay"},"content":"                case \"unmark\":","lastModifiedDate":"2024-01-31"},{"lineNumber":174,"author":{"gitId":"Zack-Tay"},"content":"                    ui.output(unmark(tasks, fullCommand));","lastModifiedDate":"2024-01-31"},{"lineNumber":175,"author":{"gitId":"Zack-Tay"},"content":"                    break;","lastModifiedDate":"2024-01-31"},{"lineNumber":176,"author":{"gitId":"Zack-Tay"},"content":"                case \"delete\":","lastModifiedDate":"2024-01-31"},{"lineNumber":177,"author":{"gitId":"Zack-Tay"},"content":"                    ui.showLine();","lastModifiedDate":"2024-01-31"},{"lineNumber":178,"author":{"gitId":"Zack-Tay"},"content":"                    delete(tasks, fullCommand);","lastModifiedDate":"2024-01-31"},{"lineNumber":179,"author":{"gitId":"Zack-Tay"},"content":"                    ui.showLine();","lastModifiedDate":"2024-01-31"},{"lineNumber":180,"author":{"gitId":"Zack-Tay"},"content":"                default:","lastModifiedDate":"2024-01-31"},{"lineNumber":181,"author":{"gitId":"Zack-Tay"},"content":"                    ui.listOfCommands();","lastModifiedDate":"2024-01-31"},{"lineNumber":182,"author":{"gitId":"Zack-Tay"},"content":"            }","lastModifiedDate":"2024-01-31"},{"lineNumber":183,"author":{"gitId":"Zack-Tay"},"content":"","lastModifiedDate":"2024-01-31"},{"lineNumber":184,"author":{"gitId":"Zack-Tay"},"content":"        }","lastModifiedDate":"2024-01-31"},{"lineNumber":185,"author":{"gitId":"Zack-Tay"},"content":"    }","lastModifiedDate":"2024-01-31"},{"lineNumber":186,"author":{"gitId":"Zack-Tay"},"content":"}","lastModifiedDate":"2024-01-31"}],"authorContributionMap":{"Zack-Tay":186}},{"path":"src/main/Fredricksen/Fredricksen.java","fileType":"java","lines":[{"lineNumber":1,"author":{"gitId":"Zack-Tay"},"content":"import Commands.Command;","lastModifiedDate":"2024-01-31"},{"lineNumber":2,"author":{"gitId":"Zack-Tay"},"content":"import Storages.Storage;","lastModifiedDate":"2024-01-31"},{"lineNumber":3,"author":{"gitId":"Zack-Tay"},"content":"import Tasks.TaskList;","lastModifiedDate":"2024-01-31"},{"lineNumber":4,"author":{"gitId":"Zack-Tay"},"content":"import Ui.Ui;","lastModifiedDate":"2024-01-31"},{"lineNumber":5,"author":{"gitId":"Zack-Tay"},"content":"","lastModifiedDate":"2024-01-31"},{"lineNumber":6,"author":{"gitId":"Zack-Tay"},"content":"import java.io.IOException;","lastModifiedDate":"2024-01-31"},{"lineNumber":7,"author":{"gitId":"Zack-Tay"},"content":"","lastModifiedDate":"2024-01-31"},{"lineNumber":8,"author":{"gitId":"Zack-Tay"},"content":"public class Fredricksen {","lastModifiedDate":"2024-01-31"},{"lineNumber":9,"author":{"gitId":"Zack-Tay"},"content":"    private Ui ui \u003d new Ui();","lastModifiedDate":"2024-01-31"},{"lineNumber":10,"author":{"gitId":"Zack-Tay"},"content":"    private Storage store \u003d new Storage(\"data/Fredricksen.txt\");","lastModifiedDate":"2024-01-31"},{"lineNumber":11,"author":{"gitId":"Zack-Tay"},"content":"    TaskList list;","lastModifiedDate":"2024-01-31"},{"lineNumber":12,"author":{"gitId":"Zack-Tay"},"content":"","lastModifiedDate":"2024-01-31"},{"lineNumber":13,"author":{"gitId":"Zack-Tay"},"content":"    public Fredricksen() {","lastModifiedDate":"2024-01-31"},{"lineNumber":14,"author":{"gitId":"Zack-Tay"},"content":"        try {","lastModifiedDate":"2024-01-31"},{"lineNumber":15,"author":{"gitId":"Zack-Tay"},"content":"            list \u003d new TaskList(store.loadFile());","lastModifiedDate":"2024-01-31"},{"lineNumber":16,"author":{"gitId":"Zack-Tay"},"content":"        } catch (IOException error) {","lastModifiedDate":"2024-01-31"},{"lineNumber":17,"author":{"gitId":"Zack-Tay"},"content":"            ui.showError(error);","lastModifiedDate":"2024-01-31"},{"lineNumber":18,"author":{"gitId":"Zack-Tay"},"content":"            list \u003d new TaskList();","lastModifiedDate":"2024-01-31"},{"lineNumber":19,"author":{"gitId":"Zack-Tay"},"content":"        }","lastModifiedDate":"2024-01-31"},{"lineNumber":20,"author":{"gitId":"Zack-Tay"},"content":"","lastModifiedDate":"2024-01-31"},{"lineNumber":21,"author":{"gitId":"Zack-Tay"},"content":"    }","lastModifiedDate":"2024-01-31"},{"lineNumber":22,"author":{"gitId":"Zack-Tay"},"content":"","lastModifiedDate":"2024-01-31"},{"lineNumber":23,"author":{"gitId":"Zack-Tay"},"content":"    public void run() {","lastModifiedDate":"2024-01-31"},{"lineNumber":24,"author":{"gitId":"Zack-Tay"},"content":"        ui.showWelcome();","lastModifiedDate":"2024-01-31"},{"lineNumber":25,"author":{"gitId":"Zack-Tay"},"content":"        ui.listOfCommands();","lastModifiedDate":"2024-01-31"},{"lineNumber":26,"author":{"gitId":"Zack-Tay"},"content":"        System.out.println(\"\");","lastModifiedDate":"2024-01-31"},{"lineNumber":27,"author":{"gitId":"Zack-Tay"},"content":"        boolean loop \u003d true;","lastModifiedDate":"2024-01-31"},{"lineNumber":28,"author":{"gitId":"Zack-Tay"},"content":"","lastModifiedDate":"2024-01-31"},{"lineNumber":29,"author":{"gitId":"Zack-Tay"},"content":"        while(loop) {","lastModifiedDate":"2024-01-31"},{"lineNumber":30,"author":{"gitId":"Zack-Tay"},"content":"            String task \u003d ui.readCommand();","lastModifiedDate":"2024-01-31"},{"lineNumber":31,"author":{"gitId":"Zack-Tay"},"content":"            String[] splitTask \u003d task.split(\" \");","lastModifiedDate":"2024-01-31"},{"lineNumber":32,"author":{"gitId":"Zack-Tay"},"content":"            if (splitTask[0].equals(\"bye\")) {","lastModifiedDate":"2024-01-31"},{"lineNumber":33,"author":{"gitId":"Zack-Tay"},"content":"                loop \u003d false;","lastModifiedDate":"2024-01-31"},{"lineNumber":34,"author":{"gitId":"Zack-Tay"},"content":"            } else {","lastModifiedDate":"2024-01-31"},{"lineNumber":35,"author":{"gitId":"Zack-Tay"},"content":"                Command command \u003d new Command(task);","lastModifiedDate":"2024-01-31"},{"lineNumber":36,"author":{"gitId":"Zack-Tay"},"content":"                command.execute(task, list, ui, store);","lastModifiedDate":"2024-01-31"},{"lineNumber":37,"author":{"gitId":"Zack-Tay"},"content":"                store.updateFile(list);","lastModifiedDate":"2024-01-31"},{"lineNumber":38,"author":{"gitId":"Zack-Tay"},"content":"            }","lastModifiedDate":"2024-01-31"},{"lineNumber":39,"author":{"gitId":"Zack-Tay"},"content":"        }","lastModifiedDate":"2024-01-31"},{"lineNumber":40,"author":{"gitId":"Zack-Tay"},"content":"        ui.closeScanner();","lastModifiedDate":"2024-01-31"},{"lineNumber":41,"author":{"gitId":"Zack-Tay"},"content":"    }","lastModifiedDate":"2024-01-31"},{"lineNumber":42,"author":{"gitId":"Zack-Tay"},"content":"","lastModifiedDate":"2024-01-31"},{"lineNumber":43,"author":{"gitId":"Zack-Tay"},"content":"    public static void main(String[] args) {","lastModifiedDate":"2024-01-31"},{"lineNumber":44,"author":{"gitId":"Zack-Tay"},"content":"        new Fredricksen().run();","lastModifiedDate":"2024-01-31"},{"lineNumber":45,"author":{"gitId":"Zack-Tay"},"content":"    }","lastModifiedDate":"2024-01-31"},{"lineNumber":46,"author":{"gitId":"Zack-Tay"},"content":"}","lastModifiedDate":"2024-01-31"}],"authorContributionMap":{"Zack-Tay":46}},{"path":"src/main/Fredricksen/Storages/Storage.java","fileType":"java","lines":[{"lineNumber":1,"author":{"gitId":"Zack-Tay"},"content":"package Storages;","lastModifiedDate":"2024-01-31"},{"lineNumber":2,"author":{"gitId":"Zack-Tay"},"content":"","lastModifiedDate":"2024-01-31"},{"lineNumber":3,"author":{"gitId":"Zack-Tay"},"content":"import Tasks.Task;","lastModifiedDate":"2024-01-31"},{"lineNumber":4,"author":{"gitId":"Zack-Tay"},"content":"import Tasks.TaskList;","lastModifiedDate":"2024-01-31"},{"lineNumber":5,"author":{"gitId":"Zack-Tay"},"content":"","lastModifiedDate":"2024-01-31"},{"lineNumber":6,"author":{"gitId":"Zack-Tay"},"content":"import java.io.BufferedReader;","lastModifiedDate":"2024-01-31"},{"lineNumber":7,"author":{"gitId":"Zack-Tay"},"content":"import java.io.BufferedWriter;","lastModifiedDate":"2024-01-31"},{"lineNumber":8,"author":{"gitId":"Zack-Tay"},"content":"import java.io.File;","lastModifiedDate":"2024-01-31"},{"lineNumber":9,"author":{"gitId":"Zack-Tay"},"content":"import java.io.FileNotFoundException;","lastModifiedDate":"2024-01-31"},{"lineNumber":10,"author":{"gitId":"Zack-Tay"},"content":"import java.io.FileReader;","lastModifiedDate":"2024-01-31"},{"lineNumber":11,"author":{"gitId":"Zack-Tay"},"content":"import java.io.FileWriter;","lastModifiedDate":"2024-01-31"},{"lineNumber":12,"author":{"gitId":"Zack-Tay"},"content":"import java.io.IOException;","lastModifiedDate":"2024-01-31"},{"lineNumber":13,"author":{"gitId":"Zack-Tay"},"content":"import java.util.ArrayList;","lastModifiedDate":"2024-01-31"},{"lineNumber":14,"author":{"gitId":"Zack-Tay"},"content":"","lastModifiedDate":"2024-01-31"},{"lineNumber":15,"author":{"gitId":"Zack-Tay"},"content":"public class Storage {","lastModifiedDate":"2024-01-31"},{"lineNumber":16,"author":{"gitId":"Zack-Tay"},"content":"    private File file;","lastModifiedDate":"2024-01-31"},{"lineNumber":17,"author":{"gitId":"Zack-Tay"},"content":"","lastModifiedDate":"2024-01-31"},{"lineNumber":18,"author":{"gitId":"Zack-Tay"},"content":"    public Storage(String filename) {","lastModifiedDate":"2024-01-31"},{"lineNumber":19,"author":{"gitId":"Zack-Tay"},"content":"        this.file \u003d new File(filename);","lastModifiedDate":"2024-01-31"},{"lineNumber":20,"author":{"gitId":"Zack-Tay"},"content":"    }","lastModifiedDate":"2024-01-31"},{"lineNumber":21,"author":{"gitId":"Zack-Tay"},"content":"","lastModifiedDate":"2024-01-31"},{"lineNumber":22,"author":{"gitId":"Zack-Tay"},"content":"    public ArrayList\u003cTask\u003e loadFile() throws FileNotFoundException, IOException {","lastModifiedDate":"2024-01-31"},{"lineNumber":23,"author":{"gitId":"Zack-Tay"},"content":"        ArrayList\u003cTask\u003e list \u003d new ArrayList();","lastModifiedDate":"2024-01-31"},{"lineNumber":24,"author":{"gitId":"Zack-Tay"},"content":"        BufferedReader br \u003d new BufferedReader(new FileReader(this.file));","lastModifiedDate":"2024-01-31"},{"lineNumber":25,"author":{"gitId":"Zack-Tay"},"content":"","lastModifiedDate":"2024-01-31"},{"lineNumber":26,"author":{"gitId":"Zack-Tay"},"content":"        String next;","lastModifiedDate":"2024-01-31"},{"lineNumber":27,"author":{"gitId":"Zack-Tay"},"content":"        while((next \u003d br.readLine()) !\u003d null) {","lastModifiedDate":"2024-01-31"},{"lineNumber":28,"author":{"gitId":"Zack-Tay"},"content":"            int type \u003d next.indexOf(\"type: \");","lastModifiedDate":"2024-01-31"},{"lineNumber":29,"author":{"gitId":"Zack-Tay"},"content":"            int isDone \u003d next.indexOf(\"isDone: \");","lastModifiedDate":"2024-01-31"},{"lineNumber":30,"author":{"gitId":"Zack-Tay"},"content":"            int content \u003d next.indexOf(\"content: \");","lastModifiedDate":"2024-01-31"},{"lineNumber":31,"author":{"gitId":"Zack-Tay"},"content":"            String done \u003d next.substring(isDone + 8, isDone + 9);","lastModifiedDate":"2024-01-31"},{"lineNumber":32,"author":{"gitId":"Zack-Tay"},"content":"            Task newTask \u003d new Task(next.substring(content + 9), next.substring(type + 6, type + 7), done.equals(\"t\"));","lastModifiedDate":"2024-01-31"},{"lineNumber":33,"author":{"gitId":"Zack-Tay"},"content":"            list.add(newTask);","lastModifiedDate":"2024-01-31"},{"lineNumber":34,"author":{"gitId":"Zack-Tay"},"content":"        }","lastModifiedDate":"2024-01-31"},{"lineNumber":35,"author":{"gitId":"Zack-Tay"},"content":"        return list;","lastModifiedDate":"2024-01-31"},{"lineNumber":36,"author":{"gitId":"Zack-Tay"},"content":"    }","lastModifiedDate":"2024-01-31"},{"lineNumber":37,"author":{"gitId":"Zack-Tay"},"content":"","lastModifiedDate":"2024-01-31"},{"lineNumber":38,"author":{"gitId":"Zack-Tay"},"content":"    public void updateFile(TaskList list) {","lastModifiedDate":"2024-01-31"},{"lineNumber":39,"author":{"gitId":"Zack-Tay"},"content":"        String filename \u003d \"data/Fredricksen.txt\";","lastModifiedDate":"2024-01-31"},{"lineNumber":40,"author":{"gitId":"Zack-Tay"},"content":"        File file \u003d new File(filename);","lastModifiedDate":"2024-01-31"},{"lineNumber":41,"author":{"gitId":"Zack-Tay"},"content":"","lastModifiedDate":"2024-01-31"},{"lineNumber":42,"author":{"gitId":"Zack-Tay"},"content":"        try (BufferedWriter bw \u003d new BufferedWriter(new FileWriter(filename))) {","lastModifiedDate":"2024-01-31"},{"lineNumber":43,"author":{"gitId":"Zack-Tay"},"content":"            for (int i \u003d 0; i \u003c list.size(); i++) {","lastModifiedDate":"2024-01-31"},{"lineNumber":44,"author":{"gitId":"Zack-Tay"},"content":"                Task task \u003d list.getTask(i);","lastModifiedDate":"2024-01-31"},{"lineNumber":45,"author":{"gitId":"Zack-Tay"},"content":"                String type \u003d task.getType();","lastModifiedDate":"2024-01-31"},{"lineNumber":46,"author":{"gitId":"Zack-Tay"},"content":"                String content \u003d task.getTask();","lastModifiedDate":"2024-01-31"},{"lineNumber":47,"author":{"gitId":"Zack-Tay"},"content":"                /* String dateTime \u003d task.getDateTime() !\u003d null","lastModifiedDate":"2024-01-31"},{"lineNumber":48,"author":{"gitId":"Zack-Tay"},"content":"                        ? task.getDateTime().format(DateTimeFormatter.ofPattern(\"MMM d yyyy, hh:mm a\"))","lastModifiedDate":"2024-01-31"},{"lineNumber":49,"author":{"gitId":"Zack-Tay"},"content":"                        : \"\";","lastModifiedDate":"2024-01-31"},{"lineNumber":50,"author":{"gitId":"Zack-Tay"},"content":"                String toDateTime \u003d task.getToDateTime() !\u003d null","lastModifiedDate":"2024-01-31"},{"lineNumber":51,"author":{"gitId":"Zack-Tay"},"content":"                        ? task.getToDateTime().format(DateTimeFormatter.ofPattern(\"MMM d yyyy, hh:mm a\"))","lastModifiedDate":"2024-01-31"},{"lineNumber":52,"author":{"gitId":"Zack-Tay"},"content":"                        : \"\";","lastModifiedDate":"2024-01-31"},{"lineNumber":53,"author":{"gitId":"Zack-Tay"},"content":"                String fromDateTime \u003d task.getFromDateTime() !\u003d null","lastModifiedDate":"2024-01-31"},{"lineNumber":54,"author":{"gitId":"Zack-Tay"},"content":"                        ? task.getFromDateTime().format(DateTimeFormatter.ofPattern(\"MMM d yyyy, hh:mm a\"))","lastModifiedDate":"2024-01-31"},{"lineNumber":55,"author":{"gitId":"Zack-Tay"},"content":"                        : \"\";","lastModifiedDate":"2024-01-31"},{"lineNumber":56,"author":{"gitId":"Zack-Tay"},"content":"                 */","lastModifiedDate":"2024-01-31"},{"lineNumber":57,"author":{"gitId":"Zack-Tay"},"content":"                boolean isDone \u003d task.getDone();","lastModifiedDate":"2024-01-31"},{"lineNumber":58,"author":{"gitId":"Zack-Tay"},"content":"                bw.write(\"type: \" + type + \" isDone: \" + isDone + \" content: \" + content);","lastModifiedDate":"2024-01-31"},{"lineNumber":59,"author":{"gitId":"Zack-Tay"},"content":"                bw.newLine();","lastModifiedDate":"2024-01-31"},{"lineNumber":60,"author":{"gitId":"Zack-Tay"},"content":"            }","lastModifiedDate":"2024-01-31"},{"lineNumber":61,"author":{"gitId":"Zack-Tay"},"content":"        } catch (IOException err) {","lastModifiedDate":"2024-01-31"},{"lineNumber":62,"author":{"gitId":"Zack-Tay"},"content":"            System.out.println(err.getMessage());","lastModifiedDate":"2024-01-31"},{"lineNumber":63,"author":{"gitId":"Zack-Tay"},"content":"        }","lastModifiedDate":"2024-01-31"},{"lineNumber":64,"author":{"gitId":"Zack-Tay"},"content":"    }","lastModifiedDate":"2024-01-31"},{"lineNumber":65,"author":{"gitId":"Zack-Tay"},"content":"}","lastModifiedDate":"2024-01-31"}],"authorContributionMap":{"Zack-Tay":65}},{"path":"src/main/Fredricksen/Tasks/Task.java","fileType":"java","lines":[{"lineNumber":1,"author":{"gitId":"Zack-Tay"},"content":"package Tasks;","lastModifiedDate":"2024-01-31"},{"lineNumber":2,"author":{"gitId":"Zack-Tay"},"content":"","lastModifiedDate":"2024-01-31"},{"lineNumber":3,"author":{"gitId":"Zack-Tay"},"content":"import java.time.LocalDateTime;","lastModifiedDate":"2024-01-30"},{"lineNumber":4,"author":{"gitId":"Zack-Tay"},"content":"","lastModifiedDate":"2024-01-31"},{"lineNumber":5,"author":{"gitId":"Zack-Tay"},"content":"public class Task {","lastModifiedDate":"2024-01-25"},{"lineNumber":6,"author":{"gitId":"Zack-Tay"},"content":"    private String task;","lastModifiedDate":"2024-01-31"},{"lineNumber":7,"author":{"gitId":"Zack-Tay"},"content":"    private String type;","lastModifiedDate":"2024-01-31"},{"lineNumber":8,"author":{"gitId":"Zack-Tay"},"content":"    private boolean isDone;","lastModifiedDate":"2024-01-25"},{"lineNumber":9,"author":{"gitId":"Zack-Tay"},"content":"    private LocalDateTime from;","lastModifiedDate":"2024-01-31"},{"lineNumber":10,"author":{"gitId":"Zack-Tay"},"content":"    private LocalDateTime to;","lastModifiedDate":"2024-01-31"},{"lineNumber":11,"author":{"gitId":"Zack-Tay"},"content":"    private LocalDateTime deadline2;","lastModifiedDate":"2024-01-30"},{"lineNumber":12,"author":{"gitId":"Zack-Tay"},"content":"","lastModifiedDate":"2024-01-30"},{"lineNumber":13,"author":{"gitId":"Zack-Tay"},"content":"    public Task(String task, String type, boolean isDone) {","lastModifiedDate":"2024-01-25"},{"lineNumber":14,"author":{"gitId":"Zack-Tay"},"content":"        this.task \u003d task;","lastModifiedDate":"2024-01-25"},{"lineNumber":15,"author":{"gitId":"Zack-Tay"},"content":"        this.type \u003d type;","lastModifiedDate":"2024-01-25"},{"lineNumber":16,"author":{"gitId":"Zack-Tay"},"content":"        this.isDone \u003d isDone;","lastModifiedDate":"2024-01-25"},{"lineNumber":17,"author":{"gitId":"Zack-Tay"},"content":"        this.from \u003d null;","lastModifiedDate":"2024-01-31"},{"lineNumber":18,"author":{"gitId":"Zack-Tay"},"content":"        this.to \u003d null;","lastModifiedDate":"2024-01-31"},{"lineNumber":19,"author":{"gitId":"Zack-Tay"},"content":"        this.deadline2 \u003d null;","lastModifiedDate":"2024-01-31"},{"lineNumber":20,"author":{"gitId":"Zack-Tay"},"content":"    }","lastModifiedDate":"2024-01-25"},{"lineNumber":21,"author":{"gitId":"Zack-Tay"},"content":"","lastModifiedDate":"2024-01-30"},{"lineNumber":22,"author":{"gitId":"Zack-Tay"},"content":"    public Task(String task, String type, boolean isDone, LocalDateTime from, LocalDateTime to) {","lastModifiedDate":"2024-01-31"},{"lineNumber":23,"author":{"gitId":"Zack-Tay"},"content":"        this.task \u003d task;","lastModifiedDate":"2024-01-30"},{"lineNumber":24,"author":{"gitId":"Zack-Tay"},"content":"        this.type \u003d type;","lastModifiedDate":"2024-01-30"},{"lineNumber":25,"author":{"gitId":"Zack-Tay"},"content":"        this.isDone \u003d isDone;","lastModifiedDate":"2024-01-30"},{"lineNumber":26,"author":{"gitId":"Zack-Tay"},"content":"        this.from \u003d from;","lastModifiedDate":"2024-01-31"},{"lineNumber":27,"author":{"gitId":"Zack-Tay"},"content":"        this.to \u003d to;","lastModifiedDate":"2024-01-30"},{"lineNumber":28,"author":{"gitId":"Zack-Tay"},"content":"        this.deadline2 \u003d null;","lastModifiedDate":"2024-01-31"},{"lineNumber":29,"author":{"gitId":"Zack-Tay"},"content":"    }","lastModifiedDate":"2024-01-30"},{"lineNumber":30,"author":{"gitId":"Zack-Tay"},"content":"","lastModifiedDate":"2024-01-31"},{"lineNumber":31,"author":{"gitId":"Zack-Tay"},"content":"    public Task(String task, String type, boolean isDone, LocalDateTime deadline2) {","lastModifiedDate":"2024-01-30"},{"lineNumber":32,"author":{"gitId":"Zack-Tay"},"content":"        this.task \u003d task;","lastModifiedDate":"2024-01-30"},{"lineNumber":33,"author":{"gitId":"Zack-Tay"},"content":"        this.type \u003d type;","lastModifiedDate":"2024-01-30"},{"lineNumber":34,"author":{"gitId":"Zack-Tay"},"content":"        this.isDone \u003d isDone;","lastModifiedDate":"2024-01-30"},{"lineNumber":35,"author":{"gitId":"Zack-Tay"},"content":"        this.deadline2 \u003d deadline2;","lastModifiedDate":"2024-01-30"},{"lineNumber":36,"author":{"gitId":"Zack-Tay"},"content":"        this.to \u003d null;","lastModifiedDate":"2024-01-31"},{"lineNumber":37,"author":{"gitId":"Zack-Tay"},"content":"        this.from \u003d null;","lastModifiedDate":"2024-01-31"},{"lineNumber":38,"author":{"gitId":"Zack-Tay"},"content":"    }","lastModifiedDate":"2024-01-30"},{"lineNumber":39,"author":{"gitId":"Zack-Tay"},"content":"","lastModifiedDate":"2024-01-31"},{"lineNumber":40,"author":{"gitId":"Zack-Tay"},"content":"    public void setDone() {","lastModifiedDate":"2024-01-25"},{"lineNumber":41,"author":{"gitId":"Zack-Tay"},"content":"        this.isDone \u003d true;","lastModifiedDate":"2024-01-25"},{"lineNumber":42,"author":{"gitId":"Zack-Tay"},"content":"    }","lastModifiedDate":"2024-01-25"},{"lineNumber":43,"author":{"gitId":"Zack-Tay"},"content":"","lastModifiedDate":"2024-01-31"},{"lineNumber":44,"author":{"gitId":"Zack-Tay"},"content":"    public void setUndone() {","lastModifiedDate":"2024-01-25"},{"lineNumber":45,"author":{"gitId":"Zack-Tay"},"content":"        this.isDone \u003d false;","lastModifiedDate":"2024-01-25"},{"lineNumber":46,"author":{"gitId":"Zack-Tay"},"content":"    }","lastModifiedDate":"2024-01-25"},{"lineNumber":47,"author":{"gitId":"Zack-Tay"},"content":"","lastModifiedDate":"2024-01-31"},{"lineNumber":48,"author":{"gitId":"Zack-Tay"},"content":"    public boolean getDone() {","lastModifiedDate":"2024-01-25"},{"lineNumber":49,"author":{"gitId":"Zack-Tay"},"content":"        return this.isDone;","lastModifiedDate":"2024-01-25"},{"lineNumber":50,"author":{"gitId":"Zack-Tay"},"content":"    }","lastModifiedDate":"2024-01-25"},{"lineNumber":51,"author":{"gitId":"Zack-Tay"},"content":"","lastModifiedDate":"2024-01-31"},{"lineNumber":52,"author":{"gitId":"Zack-Tay"},"content":"    public String getType() {","lastModifiedDate":"2024-01-25"},{"lineNumber":53,"author":{"gitId":"Zack-Tay"},"content":"        return this.type;","lastModifiedDate":"2024-01-25"},{"lineNumber":54,"author":{"gitId":"Zack-Tay"},"content":"    }","lastModifiedDate":"2024-01-25"},{"lineNumber":55,"author":{"gitId":"Zack-Tay"},"content":"","lastModifiedDate":"2024-01-31"},{"lineNumber":56,"author":{"gitId":"Zack-Tay"},"content":"    public String getTask() {","lastModifiedDate":"2024-01-25"},{"lineNumber":57,"author":{"gitId":"Zack-Tay"},"content":"        return this.task;","lastModifiedDate":"2024-01-25"},{"lineNumber":58,"author":{"gitId":"Zack-Tay"},"content":"    }","lastModifiedDate":"2024-01-25"},{"lineNumber":59,"author":{"gitId":"Zack-Tay"},"content":"","lastModifiedDate":"2024-01-31"},{"lineNumber":60,"author":{"gitId":"Zack-Tay"},"content":"    public LocalDateTime getDateTime() {","lastModifiedDate":"2024-01-31"},{"lineNumber":61,"author":{"gitId":"Zack-Tay"},"content":"        return this.deadline2;","lastModifiedDate":"2024-01-31"},{"lineNumber":62,"author":{"gitId":"Zack-Tay"},"content":"    }","lastModifiedDate":"2024-01-25"},{"lineNumber":63,"author":{"gitId":"Zack-Tay"},"content":"","lastModifiedDate":"2024-01-31"},{"lineNumber":64,"author":{"gitId":"Zack-Tay"},"content":"    public LocalDateTime getToDateTime() {","lastModifiedDate":"2024-01-31"},{"lineNumber":65,"author":{"gitId":"Zack-Tay"},"content":"        return this.to;","lastModifiedDate":"2024-01-31"},{"lineNumber":66,"author":{"gitId":"Zack-Tay"},"content":"    }","lastModifiedDate":"2024-01-25"},{"lineNumber":67,"author":{"gitId":"Zack-Tay"},"content":"","lastModifiedDate":"2024-01-31"},{"lineNumber":68,"author":{"gitId":"Zack-Tay"},"content":"    public LocalDateTime getFromDateTime() {","lastModifiedDate":"2024-01-31"},{"lineNumber":69,"author":{"gitId":"Zack-Tay"},"content":"        return this.from;","lastModifiedDate":"2024-01-31"},{"lineNumber":70,"author":{"gitId":"Zack-Tay"},"content":"    }","lastModifiedDate":"2024-01-25"},{"lineNumber":71,"author":{"gitId":"Zack-Tay"},"content":"","lastModifiedDate":"2024-01-25"},{"lineNumber":72,"author":{"gitId":"Zack-Tay"},"content":"    public String printTask(String type, boolean isDone, String task) {","lastModifiedDate":"2024-01-31"},{"lineNumber":73,"author":{"gitId":"Zack-Tay"},"content":"        return \"[\" + type + \"][\" + (isDone ? \"X\" : \"\") + \"] \" + task;","lastModifiedDate":"2024-01-31"},{"lineNumber":74,"author":{"gitId":"Zack-Tay"},"content":"    }","lastModifiedDate":"2024-01-25"},{"lineNumber":75,"author":{"gitId":"Zack-Tay"},"content":"}","lastModifiedDate":"2024-01-25"}],"authorContributionMap":{"Zack-Tay":75}},{"path":"src/main/Fredricksen/Tasks/TaskList.java","fileType":"java","lines":[{"lineNumber":1,"author":{"gitId":"Zack-Tay"},"content":"package Tasks;","lastModifiedDate":"2024-01-31"},{"lineNumber":2,"author":{"gitId":"Zack-Tay"},"content":"","lastModifiedDate":"2024-01-31"},{"lineNumber":3,"author":{"gitId":"Zack-Tay"},"content":"import java.util.ArrayList;","lastModifiedDate":"2024-01-31"},{"lineNumber":4,"author":{"gitId":"Zack-Tay"},"content":"","lastModifiedDate":"2024-01-31"},{"lineNumber":5,"author":{"gitId":"Zack-Tay"},"content":"public class TaskList {","lastModifiedDate":"2024-01-31"},{"lineNumber":6,"author":{"gitId":"Zack-Tay"},"content":"    private ArrayList\u003cTask\u003e list;","lastModifiedDate":"2024-01-31"},{"lineNumber":7,"author":{"gitId":"Zack-Tay"},"content":"","lastModifiedDate":"2024-01-31"},{"lineNumber":8,"author":{"gitId":"Zack-Tay"},"content":"    public TaskList() {","lastModifiedDate":"2024-01-31"},{"lineNumber":9,"author":{"gitId":"Zack-Tay"},"content":"        this.list \u003d new ArrayList\u003c\u003e();","lastModifiedDate":"2024-01-31"},{"lineNumber":10,"author":{"gitId":"Zack-Tay"},"content":"    }","lastModifiedDate":"2024-01-31"},{"lineNumber":11,"author":{"gitId":"Zack-Tay"},"content":"","lastModifiedDate":"2024-01-31"},{"lineNumber":12,"author":{"gitId":"Zack-Tay"},"content":"    public TaskList(ArrayList\u003cTask\u003e list) {","lastModifiedDate":"2024-01-31"},{"lineNumber":13,"author":{"gitId":"Zack-Tay"},"content":"        this.list \u003d list;","lastModifiedDate":"2024-01-31"},{"lineNumber":14,"author":{"gitId":"Zack-Tay"},"content":"    }","lastModifiedDate":"2024-01-31"},{"lineNumber":15,"author":{"gitId":"Zack-Tay"},"content":"","lastModifiedDate":"2024-01-31"},{"lineNumber":16,"author":{"gitId":"Zack-Tay"},"content":"    public void addTask(Task task) {","lastModifiedDate":"2024-01-31"},{"lineNumber":17,"author":{"gitId":"Zack-Tay"},"content":"        this.list.add(task);","lastModifiedDate":"2024-01-31"},{"lineNumber":18,"author":{"gitId":"Zack-Tay"},"content":"    }","lastModifiedDate":"2024-01-31"},{"lineNumber":19,"author":{"gitId":"Zack-Tay"},"content":"","lastModifiedDate":"2024-01-31"},{"lineNumber":20,"author":{"gitId":"Zack-Tay"},"content":"    public void deleteTask(int task) {","lastModifiedDate":"2024-01-31"},{"lineNumber":21,"author":{"gitId":"Zack-Tay"},"content":"        this.list.remove(task);","lastModifiedDate":"2024-01-31"},{"lineNumber":22,"author":{"gitId":"Zack-Tay"},"content":"    }","lastModifiedDate":"2024-01-31"},{"lineNumber":23,"author":{"gitId":"Zack-Tay"},"content":"","lastModifiedDate":"2024-01-31"},{"lineNumber":24,"author":{"gitId":"Zack-Tay"},"content":"    public void deleteTask(Task task) {","lastModifiedDate":"2024-01-31"},{"lineNumber":25,"author":{"gitId":"Zack-Tay"},"content":"        this.list.remove(task);","lastModifiedDate":"2024-01-31"},{"lineNumber":26,"author":{"gitId":"Zack-Tay"},"content":"    }","lastModifiedDate":"2024-01-31"},{"lineNumber":27,"author":{"gitId":"Zack-Tay"},"content":"","lastModifiedDate":"2024-01-31"},{"lineNumber":28,"author":{"gitId":"Zack-Tay"},"content":"    public Task getTask(int index) {","lastModifiedDate":"2024-01-31"},{"lineNumber":29,"author":{"gitId":"Zack-Tay"},"content":"        return this.list.get(index);","lastModifiedDate":"2024-01-31"},{"lineNumber":30,"author":{"gitId":"Zack-Tay"},"content":"    }","lastModifiedDate":"2024-01-31"},{"lineNumber":31,"author":{"gitId":"Zack-Tay"},"content":"","lastModifiedDate":"2024-01-31"},{"lineNumber":32,"author":{"gitId":"Zack-Tay"},"content":"    public ArrayList\u003cTask\u003e getList() {","lastModifiedDate":"2024-01-31"},{"lineNumber":33,"author":{"gitId":"Zack-Tay"},"content":"        return this.list;","lastModifiedDate":"2024-01-31"},{"lineNumber":34,"author":{"gitId":"Zack-Tay"},"content":"    }","lastModifiedDate":"2024-01-31"},{"lineNumber":35,"author":{"gitId":"Zack-Tay"},"content":"","lastModifiedDate":"2024-01-31"},{"lineNumber":36,"author":{"gitId":"Zack-Tay"},"content":"    public int size() {","lastModifiedDate":"2024-01-31"},{"lineNumber":37,"author":{"gitId":"Zack-Tay"},"content":"        return this.list.size();","lastModifiedDate":"2024-01-31"},{"lineNumber":38,"author":{"gitId":"Zack-Tay"},"content":"    }","lastModifiedDate":"2024-01-31"},{"lineNumber":39,"author":{"gitId":"Zack-Tay"},"content":"}","lastModifiedDate":"2024-01-31"}],"authorContributionMap":{"Zack-Tay":39}},{"path":"src/main/Fredricksen/Ui/Ui.java","fileType":"java","lines":[{"lineNumber":1,"author":{"gitId":"Zack-Tay"},"content":"package Ui;","lastModifiedDate":"2024-01-31"},{"lineNumber":2,"author":{"gitId":"Zack-Tay"},"content":"","lastModifiedDate":"2024-01-31"},{"lineNumber":3,"author":{"gitId":"Zack-Tay"},"content":"import java.util.Scanner;","lastModifiedDate":"2024-01-31"},{"lineNumber":4,"author":{"gitId":"Zack-Tay"},"content":"","lastModifiedDate":"2024-01-31"},{"lineNumber":5,"author":{"gitId":"Zack-Tay"},"content":"public class Ui {","lastModifiedDate":"2024-01-31"},{"lineNumber":6,"author":{"gitId":"Zack-Tay"},"content":"    private Scanner in;","lastModifiedDate":"2024-01-31"},{"lineNumber":7,"author":{"gitId":"Zack-Tay"},"content":"    private final String line \u003d \"____________________________________________________________\";","lastModifiedDate":"2024-01-31"},{"lineNumber":8,"author":{"gitId":"Zack-Tay"},"content":"","lastModifiedDate":"2024-01-31"},{"lineNumber":9,"author":{"gitId":"Zack-Tay"},"content":"    public Ui() {","lastModifiedDate":"2024-01-31"},{"lineNumber":10,"author":{"gitId":"Zack-Tay"},"content":"        this.in \u003d new Scanner(System.in);","lastModifiedDate":"2024-01-31"},{"lineNumber":11,"author":{"gitId":"Zack-Tay"},"content":"    }","lastModifiedDate":"2024-01-31"},{"lineNumber":12,"author":{"gitId":"Zack-Tay"},"content":"","lastModifiedDate":"2024-01-31"},{"lineNumber":13,"author":{"gitId":"Zack-Tay"},"content":"    public void closeScanner() {","lastModifiedDate":"2024-01-31"},{"lineNumber":14,"author":{"gitId":"Zack-Tay"},"content":"        this.in.close();","lastModifiedDate":"2024-01-31"},{"lineNumber":15,"author":{"gitId":"Zack-Tay"},"content":"    }","lastModifiedDate":"2024-01-31"},{"lineNumber":16,"author":{"gitId":"Zack-Tay"},"content":"","lastModifiedDate":"2024-01-31"},{"lineNumber":17,"author":{"gitId":"Zack-Tay"},"content":"    public void showWelcome() {","lastModifiedDate":"2024-01-31"},{"lineNumber":18,"author":{"gitId":"Zack-Tay"},"content":"        System.out.println(line);","lastModifiedDate":"2024-01-31"},{"lineNumber":19,"author":{"gitId":"Zack-Tay"},"content":"        System.out.println(\"Hello! I\u0027m Fredricksen\");","lastModifiedDate":"2024-01-31"},{"lineNumber":20,"author":{"gitId":"Zack-Tay"},"content":"        System.out.println(\"What can I do for you?\");","lastModifiedDate":"2024-01-31"},{"lineNumber":21,"author":{"gitId":"Zack-Tay"},"content":"        System.out.println(line);","lastModifiedDate":"2024-01-31"},{"lineNumber":22,"author":{"gitId":"Zack-Tay"},"content":"    }","lastModifiedDate":"2024-01-31"},{"lineNumber":23,"author":{"gitId":"Zack-Tay"},"content":"","lastModifiedDate":"2024-01-31"},{"lineNumber":24,"author":{"gitId":"Zack-Tay"},"content":"    public void showLine() {","lastModifiedDate":"2024-01-31"},{"lineNumber":25,"author":{"gitId":"Zack-Tay"},"content":"        System.out.println(line);","lastModifiedDate":"2024-01-31"},{"lineNumber":26,"author":{"gitId":"Zack-Tay"},"content":"    }","lastModifiedDate":"2024-01-31"},{"lineNumber":27,"author":{"gitId":"Zack-Tay"},"content":"","lastModifiedDate":"2024-01-31"},{"lineNumber":28,"author":{"gitId":"Zack-Tay"},"content":"    public void output(String content) {","lastModifiedDate":"2024-01-31"},{"lineNumber":29,"author":{"gitId":"Zack-Tay"},"content":"        System.out.println(line);","lastModifiedDate":"2024-01-31"},{"lineNumber":30,"author":{"gitId":"Zack-Tay"},"content":"        System.out.println(content);","lastModifiedDate":"2024-01-31"},{"lineNumber":31,"author":{"gitId":"Zack-Tay"},"content":"        System.out.println(line);","lastModifiedDate":"2024-01-31"},{"lineNumber":32,"author":{"gitId":"Zack-Tay"},"content":"    }","lastModifiedDate":"2024-01-31"},{"lineNumber":33,"author":{"gitId":"Zack-Tay"},"content":"","lastModifiedDate":"2024-01-31"},{"lineNumber":34,"author":{"gitId":"Zack-Tay"},"content":"    public void showError(Exception e) {","lastModifiedDate":"2024-01-31"},{"lineNumber":35,"author":{"gitId":"Zack-Tay"},"content":"        System.out.println(e.getMessage());","lastModifiedDate":"2024-01-31"},{"lineNumber":36,"author":{"gitId":"Zack-Tay"},"content":"    }","lastModifiedDate":"2024-01-31"},{"lineNumber":37,"author":{"gitId":"Zack-Tay"},"content":"","lastModifiedDate":"2024-01-31"},{"lineNumber":38,"author":{"gitId":"Zack-Tay"},"content":"    public String readCommand() {","lastModifiedDate":"2024-01-31"},{"lineNumber":39,"author":{"gitId":"Zack-Tay"},"content":"        return this.in.nextLine();","lastModifiedDate":"2024-01-31"},{"lineNumber":40,"author":{"gitId":"Zack-Tay"},"content":"    }","lastModifiedDate":"2024-01-31"},{"lineNumber":41,"author":{"gitId":"Zack-Tay"},"content":"","lastModifiedDate":"2024-01-31"},{"lineNumber":42,"author":{"gitId":"Zack-Tay"},"content":"    public void listOfCommands() {","lastModifiedDate":"2024-01-31"},{"lineNumber":43,"author":{"gitId":"Zack-Tay"},"content":"        System.out.println(\"Below are the available commands and formats to follow!\");","lastModifiedDate":"2024-01-31"},{"lineNumber":44,"author":{"gitId":"Zack-Tay"},"content":"        System.out.println(\"1. To view all your current task: list\");","lastModifiedDate":"2024-01-31"},{"lineNumber":45,"author":{"gitId":"Zack-Tay"},"content":"        System.out.println(\"2. To add new task:\");","lastModifiedDate":"2024-01-31"},{"lineNumber":46,"author":{"gitId":"Zack-Tay"},"content":"        System.out.println(\"    a. todos: todo \u003ctask\u003e\");","lastModifiedDate":"2024-01-31"},{"lineNumber":47,"author":{"gitId":"Zack-Tay"},"content":"        System.out.println(\"    b. deadlines: deadline \u003ctask\u003e /by \u003cdeadline\u003e\");","lastModifiedDate":"2024-01-31"},{"lineNumber":48,"author":{"gitId":"Zack-Tay"},"content":"        System.out.println(\"    c. event: Event \u003cevent\u003e /from \u003cstartdate, starttiming\u003e /to \u003cenddate, endtiming\u003e\");","lastModifiedDate":"2024-01-31"},{"lineNumber":49,"author":{"gitId":"Zack-Tay"},"content":"        System.out.println(\"3. To delete a task: delete \u003ctask number\u003e\");","lastModifiedDate":"2024-01-31"},{"lineNumber":50,"author":{"gitId":"Zack-Tay"},"content":"        System.out.println(\"4. To mark task as completed: mark \u003ctask number\u003e\");","lastModifiedDate":"2024-01-31"},{"lineNumber":51,"author":{"gitId":"Zack-Tay"},"content":"        System.out.println(\"5. To unmark completed task: unmark \u003ctask number\u003e\");","lastModifiedDate":"2024-01-31"},{"lineNumber":52,"author":{"gitId":"Zack-Tay"},"content":"        System.out.println(\"6. To exit program: bye\");","lastModifiedDate":"2024-01-31"},{"lineNumber":53,"author":{"gitId":"Zack-Tay"},"content":"    }","lastModifiedDate":"2024-01-31"},{"lineNumber":54,"author":{"gitId":"Zack-Tay"},"content":"}","lastModifiedDate":"2024-01-31"}],"authorContributionMap":{"Zack-Tay":54}},{"path":"text-ui-test/input.txt","fileType":"txt","lines":[{"lineNumber":1,"author":{"gitId":"Zack-Tay"},"content":"event project meeting /from Mon 2pm /to 4pm","lastModifiedDate":"2024-01-25"},{"lineNumber":2,"author":{"gitId":"Zack-Tay"},"content":"event Badminton /from Tues 8pm /to 9pm","lastModifiedDate":"2024-01-25"},{"lineNumber":3,"author":{"gitId":"Zack-Tay"},"content":"todo Laundry","lastModifiedDate":"2024-01-25"},{"lineNumber":4,"author":{"gitId":"Zack-Tay"},"content":"deadline Homework /by Sunday","lastModifiedDate":"2024-01-25"},{"lineNumber":5,"author":{"gitId":"Zack-Tay"},"content":"","lastModifiedDate":"2024-01-25"},{"lineNumber":6,"author":{"gitId":"Zack-Tay"},"content":"deadline Homework /by Sunday","lastModifiedDate":"2024-01-25"},{"lineNumber":7,"author":{"gitId":"Zack-Tay"},"content":"deadline Essay /by Sunday","lastModifiedDate":"2024-01-25"},{"lineNumber":8,"author":{"gitId":"Zack-Tay"},"content":"list","lastModifiedDate":"2024-01-25"},{"lineNumber":9,"author":{"gitId":"Zack-Tay"},"content":"mark 1","lastModifiedDate":"2024-01-25"},{"lineNumber":10,"author":{"gitId":"Zack-Tay"},"content":"mark 3","lastModifiedDate":"2024-01-25"},{"lineNumber":11,"author":{"gitId":"Zack-Tay"},"content":"list","lastModifiedDate":"2024-01-25"},{"lineNumber":12,"author":{"gitId":"Zack-Tay"},"content":"unmark 1","lastModifiedDate":"2024-01-25"},{"lineNumber":13,"author":{"gitId":"Zack-Tay"},"content":"list","lastModifiedDate":"2024-01-25"}],"authorContributionMap":{"Zack-Tay":13}},{"path":"text-ui-test/runtest.bat","fileType":"bat","lines":[{"lineNumber":1,"author":{"gitId":"-"},"content":"@ECHO OFF","lastModifiedDate":"2020-05-25"},{"lineNumber":2,"author":{"gitId":"-"},"content":"","lastModifiedDate":"2020-05-25"},{"lineNumber":3,"author":{"gitId":"-"},"content":"REM create bin directory if it doesn\u0027t exist","lastModifiedDate":"2020-05-25"},{"lineNumber":4,"author":{"gitId":"-"},"content":"if not exist ..\\bin mkdir ..\\bin","lastModifiedDate":"2020-05-25"},{"lineNumber":5,"author":{"gitId":"-"},"content":"","lastModifiedDate":"2020-05-25"},{"lineNumber":6,"author":{"gitId":"-"},"content":"REM delete output from previous run","lastModifiedDate":"2020-05-25"},{"lineNumber":7,"author":{"gitId":"-"},"content":"if exist ACTUAL.TXT del ACTUAL.TXT","lastModifiedDate":"2020-08-25"},{"lineNumber":8,"author":{"gitId":"-"},"content":"","lastModifiedDate":"2020-05-25"},{"lineNumber":9,"author":{"gitId":"-"},"content":"REM compile the code into the bin folder","lastModifiedDate":"2020-05-25"},{"lineNumber":10,"author":{"gitId":"-"},"content":"javac  -cp ..\\src\\main\\java -Xlint:none -d ..\\bin ..\\src\\main\\java\\*.java","lastModifiedDate":"2020-08-25"},{"lineNumber":11,"author":{"gitId":"-"},"content":"IF ERRORLEVEL 1 (","lastModifiedDate":"2020-05-25"},{"lineNumber":12,"author":{"gitId":"-"},"content":"    echo ********** BUILD FAILURE **********","lastModifiedDate":"2020-05-25"},{"lineNumber":13,"author":{"gitId":"-"},"content":"    exit /b 1","lastModifiedDate":"2020-05-25"},{"lineNumber":14,"author":{"gitId":"-"},"content":")","lastModifiedDate":"2020-05-25"},{"lineNumber":15,"author":{"gitId":"-"},"content":"REM no error here, errorlevel \u003d\u003d 0","lastModifiedDate":"2020-05-25"},{"lineNumber":16,"author":{"gitId":"-"},"content":"","lastModifiedDate":"2020-05-25"},{"lineNumber":17,"author":{"gitId":"-"},"content":"REM run the program, feed commands from input.txt file and redirect the output to the ACTUAL.TXT","lastModifiedDate":"2020-05-25"},{"lineNumber":18,"author":{"gitId":"Zack-Tay"},"content":"java -classpath ..\\bin Fredricksen \u003c input.txt \u003e ACTUAL.TXT","lastModifiedDate":"2024-01-25"},{"lineNumber":19,"author":{"gitId":"-"},"content":"","lastModifiedDate":"2020-05-25"},{"lineNumber":20,"author":{"gitId":"-"},"content":"REM compare the output to the expected output","lastModifiedDate":"2020-05-25"},{"lineNumber":21,"author":{"gitId":"-"},"content":"FC ACTUAL.TXT EXPECTED.TXT","lastModifiedDate":"2020-05-25"}],"authorContributionMap":{"Zack-Tay":1,"-":20}}]
