[{"path":"src/main/java/Fredricksen.java","fileType":"java","lines":[{"lineNumber":1,"author":{"gitId":"Zack-Tay"},"content":"import java.io.*;","lastModifiedDate":"2024-01-28"},{"lineNumber":2,"author":{"gitId":"Zack-Tay"},"content":"import java.time.LocalDateTime;","lastModifiedDate":"2024-01-30"},{"lineNumber":3,"author":{"gitId":"Zack-Tay"},"content":"import java.time.format.DateTimeParseException;","lastModifiedDate":"2024-01-30"},{"lineNumber":4,"author":{"gitId":"Zack-Tay"},"content":"import java.util.ArrayList;","lastModifiedDate":"2024-01-25"},{"lineNumber":5,"author":{"gitId":"Zack-Tay"},"content":"import java.util.Date;","lastModifiedDate":"2024-01-30"},{"lineNumber":6,"author":{"gitId":"Zack-Tay"},"content":"import java.util.Scanner;","lastModifiedDate":"2024-01-25"},{"lineNumber":7,"author":{"gitId":"Zack-Tay"},"content":"import java.time.LocalDate;","lastModifiedDate":"2024-01-30"},{"lineNumber":8,"author":{"gitId":"Zack-Tay"},"content":"import java.time.format.DateTimeFormatter;","lastModifiedDate":"2024-01-30"},{"lineNumber":9,"author":{"gitId":"Zack-Tay"},"content":"import java.time.temporal.ChronoUnit;","lastModifiedDate":"2024-01-30"},{"lineNumber":10,"author":{"gitId":"Zack-Tay"},"content":"","lastModifiedDate":"2024-01-30"},{"lineNumber":11,"author":{"gitId":"Zack-Tay"},"content":"public class Fredricksen {","lastModifiedDate":"2024-01-24"},{"lineNumber":12,"author":{"gitId":"Zack-Tay"},"content":"    public static void greeting(String line) {","lastModifiedDate":"2024-01-25"},{"lineNumber":13,"author":{"gitId":"Zack-Tay"},"content":"        System.out.println(line);","lastModifiedDate":"2024-01-25"},{"lineNumber":14,"author":{"gitId":"Zack-Tay"},"content":"        System.out.println(\"Hello! I\u0027m Fredricksen\");","lastModifiedDate":"2024-01-24"},{"lineNumber":15,"author":{"gitId":"Zack-Tay"},"content":"        System.out.println(\"What can I do for you?\");","lastModifiedDate":"2024-01-24"},{"lineNumber":16,"author":{"gitId":"Zack-Tay"},"content":"        System.out.println(line);","lastModifiedDate":"2024-01-25"},{"lineNumber":17,"author":{"gitId":"Zack-Tay"},"content":"    }","lastModifiedDate":"2024-01-25"},{"lineNumber":18,"author":{"gitId":"Zack-Tay"},"content":"","lastModifiedDate":"2024-01-28"},{"lineNumber":19,"author":{"gitId":"Zack-Tay"},"content":"    public static void updateFile(ArrayList\u003cTask\u003e list) {","lastModifiedDate":"2024-01-28"},{"lineNumber":20,"author":{"gitId":"Zack-Tay"},"content":"        String filename \u003d \"./data/Fredricksen.txt\";","lastModifiedDate":"2024-01-28"},{"lineNumber":21,"author":{"gitId":"Zack-Tay"},"content":"        File file \u003d new File(filename);","lastModifiedDate":"2024-01-28"},{"lineNumber":22,"author":{"gitId":"Zack-Tay"},"content":"        try (BufferedWriter bw \u003d new BufferedWriter(new FileWriter(filename))) {","lastModifiedDate":"2024-01-28"},{"lineNumber":23,"author":{"gitId":"Zack-Tay"},"content":"            if (list.size() \u003d\u003d 0) {","lastModifiedDate":"2024-01-28"},{"lineNumber":24,"author":{"gitId":"Zack-Tay"},"content":"                file.delete();","lastModifiedDate":"2024-01-28"},{"lineNumber":25,"author":{"gitId":"Zack-Tay"},"content":"                return;","lastModifiedDate":"2024-01-28"},{"lineNumber":26,"author":{"gitId":"Zack-Tay"},"content":"            }","lastModifiedDate":"2024-01-28"},{"lineNumber":27,"author":{"gitId":"Zack-Tay"},"content":"            for (int i \u003d 0; i \u003c list.size(); i++) {","lastModifiedDate":"2024-01-28"},{"lineNumber":28,"author":{"gitId":"Zack-Tay"},"content":"                Task task \u003d list.get(i);","lastModifiedDate":"2024-01-28"},{"lineNumber":29,"author":{"gitId":"Zack-Tay"},"content":"                String type \u003d task.getType();","lastModifiedDate":"2024-01-28"},{"lineNumber":30,"author":{"gitId":"Zack-Tay"},"content":"                String content \u003d task.getTask();","lastModifiedDate":"2024-01-28"},{"lineNumber":31,"author":{"gitId":"Zack-Tay"},"content":"                boolean isDone \u003d task.getDone();","lastModifiedDate":"2024-01-28"},{"lineNumber":32,"author":{"gitId":"Zack-Tay"},"content":"                bw.write(\"type: \" + type + \" isDone: \" + isDone + \" content: \" + content);","lastModifiedDate":"2024-01-28"},{"lineNumber":33,"author":{"gitId":"Zack-Tay"},"content":"                bw.newLine();","lastModifiedDate":"2024-01-28"},{"lineNumber":34,"author":{"gitId":"Zack-Tay"},"content":"            }","lastModifiedDate":"2024-01-28"},{"lineNumber":35,"author":{"gitId":"Zack-Tay"},"content":"        } catch (IOException e) {","lastModifiedDate":"2024-01-28"},{"lineNumber":36,"author":{"gitId":"Zack-Tay"},"content":"            System.out.println(e.getMessage());","lastModifiedDate":"2024-01-28"},{"lineNumber":37,"author":{"gitId":"Zack-Tay"},"content":"        }","lastModifiedDate":"2024-01-28"},{"lineNumber":38,"author":{"gitId":"Zack-Tay"},"content":"    }","lastModifiedDate":"2024-01-28"},{"lineNumber":39,"author":{"gitId":"Zack-Tay"},"content":"","lastModifiedDate":"2024-01-28"},{"lineNumber":40,"author":{"gitId":"Zack-Tay"},"content":"    public static ArrayList\u003cTask\u003e loadList() {","lastModifiedDate":"2024-01-28"},{"lineNumber":41,"author":{"gitId":"Zack-Tay"},"content":"        ArrayList\u003cTask\u003e list \u003d new ArrayList\u003c\u003e();","lastModifiedDate":"2024-01-28"},{"lineNumber":42,"author":{"gitId":"Zack-Tay"},"content":"        String filename \u003d \"./data/Fredricksen.txt\";","lastModifiedDate":"2024-01-28"},{"lineNumber":43,"author":{"gitId":"Zack-Tay"},"content":"        File file \u003d new File(filename);","lastModifiedDate":"2024-01-28"},{"lineNumber":44,"author":{"gitId":"Zack-Tay"},"content":"        try (BufferedReader br \u003d new BufferedReader(new FileReader(filename))) {","lastModifiedDate":"2024-01-28"},{"lineNumber":45,"author":{"gitId":"Zack-Tay"},"content":"            String next;","lastModifiedDate":"2024-01-28"},{"lineNumber":46,"author":{"gitId":"Zack-Tay"},"content":"            while ((next \u003d br.readLine()) !\u003d null) {","lastModifiedDate":"2024-01-28"},{"lineNumber":47,"author":{"gitId":"Zack-Tay"},"content":"                int type \u003d next.indexOf(\"type: \");","lastModifiedDate":"2024-01-28"},{"lineNumber":48,"author":{"gitId":"Zack-Tay"},"content":"                int isDone \u003d next.indexOf(\"isDone: \");","lastModifiedDate":"2024-01-28"},{"lineNumber":49,"author":{"gitId":"Zack-Tay"},"content":"                int content \u003d next.indexOf(\"content: \");","lastModifiedDate":"2024-01-28"},{"lineNumber":50,"author":{"gitId":"Zack-Tay"},"content":"                String done \u003d next.substring(isDone + 8, isDone + 9);","lastModifiedDate":"2024-01-28"},{"lineNumber":51,"author":{"gitId":"Zack-Tay"},"content":"                Task newTask \u003d new Task(next.substring(content + 9), next.substring(type + 6, type + 7), done.equals(\"t\"));","lastModifiedDate":"2024-01-28"},{"lineNumber":52,"author":{"gitId":"Zack-Tay"},"content":"                list.add(newTask);","lastModifiedDate":"2024-01-28"},{"lineNumber":53,"author":{"gitId":"Zack-Tay"},"content":"            }","lastModifiedDate":"2024-01-28"},{"lineNumber":54,"author":{"gitId":"Zack-Tay"},"content":"        } catch (IOException e) {","lastModifiedDate":"2024-01-28"},{"lineNumber":55,"author":{"gitId":"Zack-Tay"},"content":"            System.out.println(e.getMessage());","lastModifiedDate":"2024-01-28"},{"lineNumber":56,"author":{"gitId":"Zack-Tay"},"content":"        }","lastModifiedDate":"2024-01-28"},{"lineNumber":57,"author":{"gitId":"Zack-Tay"},"content":"        // read file, if have content, add to list, else leave list as empty.","lastModifiedDate":"2024-01-28"},{"lineNumber":58,"author":{"gitId":"Zack-Tay"},"content":"        return list;","lastModifiedDate":"2024-01-28"},{"lineNumber":59,"author":{"gitId":"Zack-Tay"},"content":"    }","lastModifiedDate":"2024-01-28"},{"lineNumber":60,"author":{"gitId":"Zack-Tay"},"content":"","lastModifiedDate":"2024-01-28"},{"lineNumber":61,"author":{"gitId":"Zack-Tay"},"content":"    public static void listOfCommands() {","lastModifiedDate":"2024-01-25"},{"lineNumber":62,"author":{"gitId":"Zack-Tay"},"content":"        System.out.println(\"You might have entered an invalid command!\");","lastModifiedDate":"2024-01-25"},{"lineNumber":63,"author":{"gitId":"Zack-Tay"},"content":"        System.out.println(\"Below are the available commands and formats to follow!\");","lastModifiedDate":"2024-01-25"},{"lineNumber":64,"author":{"gitId":"Zack-Tay"},"content":"        System.out.println(\"1. To view all your current task: list\");","lastModifiedDate":"2024-01-25"},{"lineNumber":65,"author":{"gitId":"Zack-Tay"},"content":"        System.out.println(\"2. To add new task:\");","lastModifiedDate":"2024-01-25"},{"lineNumber":66,"author":{"gitId":"Zack-Tay"},"content":"        System.out.println(\"    a. todos: todo \u003ctask\u003e\");","lastModifiedDate":"2024-01-25"},{"lineNumber":67,"author":{"gitId":"Zack-Tay"},"content":"        System.out.println(\"    b. deadlines: deadline \u003ctask\u003e /by \u003cdeadline\u003e\");","lastModifiedDate":"2024-01-25"},{"lineNumber":68,"author":{"gitId":"Zack-Tay"},"content":"        System.out.println(\"    c. event: Event \u003cevent\u003e /from \u003cstartdate, starttiming\u003e /to \u003cenddate, endtiming\u003e\");","lastModifiedDate":"2024-01-30"},{"lineNumber":69,"author":{"gitId":"Zack-Tay"},"content":"        System.out.println(\"3. To delete a task: delete \u003ctask number\u003e\");","lastModifiedDate":"2024-01-25"},{"lineNumber":70,"author":{"gitId":"Zack-Tay"},"content":"        System.out.println(\"4. To mark task as completed: mark \u003ctask number\u003e\");","lastModifiedDate":"2024-01-25"},{"lineNumber":71,"author":{"gitId":"Zack-Tay"},"content":"        System.out.println(\"5. To unmark completed task: unmark \u003ctask number\u003e\");","lastModifiedDate":"2024-01-25"},{"lineNumber":72,"author":{"gitId":"Zack-Tay"},"content":"        System.out.println(\"6. To exit program: bye\");","lastModifiedDate":"2024-01-25"},{"lineNumber":73,"author":{"gitId":"Zack-Tay"},"content":"    }","lastModifiedDate":"2024-01-25"},{"lineNumber":74,"author":{"gitId":"Zack-Tay"},"content":"    public enum commands {","lastModifiedDate":"2024-01-25"},{"lineNumber":75,"author":{"gitId":"Zack-Tay"},"content":"        list, todo, deadline, event, mark, unmark, delete, bye","lastModifiedDate":"2024-01-25"},{"lineNumber":76,"author":{"gitId":"Zack-Tay"},"content":"    }","lastModifiedDate":"2024-01-25"},{"lineNumber":77,"author":{"gitId":"Zack-Tay"},"content":"    public static void main(String[] args) {","lastModifiedDate":"2024-01-25"},{"lineNumber":78,"author":{"gitId":"Zack-Tay"},"content":"        ArrayList\u003cTask\u003e list \u003d loadList();","lastModifiedDate":"2024-01-28"},{"lineNumber":79,"author":{"gitId":"Zack-Tay"},"content":"        Scanner in \u003d new Scanner(System.in);","lastModifiedDate":"2024-01-25"},{"lineNumber":80,"author":{"gitId":"Zack-Tay"},"content":"        // ArrayList\u003cTask\u003e list \u003d new ArrayList\u003c\u003e();","lastModifiedDate":"2024-01-28"},{"lineNumber":81,"author":{"gitId":"Zack-Tay"},"content":"        String line \u003d \"____________________________________________________________\";","lastModifiedDate":"2024-01-25"},{"lineNumber":82,"author":{"gitId":"Zack-Tay"},"content":"        greeting(line);","lastModifiedDate":"2024-01-25"},{"lineNumber":83,"author":{"gitId":"Zack-Tay"},"content":"        boolean loop \u003d true;","lastModifiedDate":"2024-01-25"},{"lineNumber":84,"author":{"gitId":"Zack-Tay"},"content":"        while (loop) {","lastModifiedDate":"2024-01-25"},{"lineNumber":85,"author":{"gitId":"Zack-Tay"},"content":"            System.out.println(\"\");","lastModifiedDate":"2024-01-25"},{"lineNumber":86,"author":{"gitId":"Zack-Tay"},"content":"            String s \u003d in.nextLine();","lastModifiedDate":"2024-01-25"},{"lineNumber":87,"author":{"gitId":"Zack-Tay"},"content":"            String[] split \u003d s.split(\" \");","lastModifiedDate":"2024-01-25"},{"lineNumber":88,"author":{"gitId":"Zack-Tay"},"content":"            String first \u003d split[0].toLowerCase();","lastModifiedDate":"2024-01-25"},{"lineNumber":89,"author":{"gitId":"Zack-Tay"},"content":"            switch (first) {","lastModifiedDate":"2024-01-25"},{"lineNumber":90,"author":{"gitId":"Zack-Tay"},"content":"                case \"mark\":","lastModifiedDate":"2024-01-25"},{"lineNumber":91,"author":{"gitId":"Zack-Tay"},"content":"                    System.out.println(line);","lastModifiedDate":"2024-01-25"},{"lineNumber":92,"author":{"gitId":"Zack-Tay"},"content":"                    if (split.length \u003c\u003d 1) {","lastModifiedDate":"2024-01-25"},{"lineNumber":93,"author":{"gitId":"Zack-Tay"},"content":"                        listOfCommands();","lastModifiedDate":"2024-01-25"},{"lineNumber":94,"author":{"gitId":"Zack-Tay"},"content":"                        break;","lastModifiedDate":"2024-01-25"},{"lineNumber":95,"author":{"gitId":"Zack-Tay"},"content":"                    }","lastModifiedDate":"2024-01-25"},{"lineNumber":96,"author":{"gitId":"Zack-Tay"},"content":"                    try {","lastModifiedDate":"2024-01-25"},{"lineNumber":97,"author":{"gitId":"Zack-Tay"},"content":"                        Task t1 \u003d list.get(Integer.parseInt(split[1]) - 1);","lastModifiedDate":"2024-01-25"},{"lineNumber":98,"author":{"gitId":"Zack-Tay"},"content":"                        System.out.println(\"Nice! I\u0027ve marked this task as done:\");","lastModifiedDate":"2024-01-25"},{"lineNumber":99,"author":{"gitId":"Zack-Tay"},"content":"                        t1.setDone();","lastModifiedDate":"2024-01-25"},{"lineNumber":100,"author":{"gitId":"Zack-Tay"},"content":"                        System.out.println(\"    \" + t1.printTask(t1.getType(), t1.getDone(), t1.getTask()));","lastModifiedDate":"2024-01-25"},{"lineNumber":101,"author":{"gitId":"Zack-Tay"},"content":"                    } catch (IndexOutOfBoundsException e) {","lastModifiedDate":"2024-01-25"},{"lineNumber":102,"author":{"gitId":"Zack-Tay"},"content":"                        String single \u003d list.size() \u003c\u003d 1 ? \"task\" : \"tasks\";","lastModifiedDate":"2024-01-25"},{"lineNumber":103,"author":{"gitId":"Zack-Tay"},"content":"                        System.out.println(\"You only have \" + list.size() + \" \" + single + \" currently. Type \\\"list\\\" to view all your current \" + single);","lastModifiedDate":"2024-01-25"},{"lineNumber":104,"author":{"gitId":"Zack-Tay"},"content":"                    }","lastModifiedDate":"2024-01-25"},{"lineNumber":105,"author":{"gitId":"Zack-Tay"},"content":"                    System.out.println(line);","lastModifiedDate":"2024-01-25"},{"lineNumber":106,"author":{"gitId":"Zack-Tay"},"content":"                    break;","lastModifiedDate":"2024-01-25"},{"lineNumber":107,"author":{"gitId":"Zack-Tay"},"content":"                case \"unmark\":","lastModifiedDate":"2024-01-25"},{"lineNumber":108,"author":{"gitId":"Zack-Tay"},"content":"                    System.out.println(line);","lastModifiedDate":"2024-01-25"},{"lineNumber":109,"author":{"gitId":"Zack-Tay"},"content":"                    if (split.length \u003c\u003d 1) {","lastModifiedDate":"2024-01-25"},{"lineNumber":110,"author":{"gitId":"Zack-Tay"},"content":"                        listOfCommands();","lastModifiedDate":"2024-01-25"},{"lineNumber":111,"author":{"gitId":"Zack-Tay"},"content":"                        break;","lastModifiedDate":"2024-01-25"},{"lineNumber":112,"author":{"gitId":"Zack-Tay"},"content":"                    }","lastModifiedDate":"2024-01-25"},{"lineNumber":113,"author":{"gitId":"Zack-Tay"},"content":"                    try {","lastModifiedDate":"2024-01-25"},{"lineNumber":114,"author":{"gitId":"Zack-Tay"},"content":"                        Task t2 \u003d list.get(Integer.parseInt(split[1]) - 1);","lastModifiedDate":"2024-01-25"},{"lineNumber":115,"author":{"gitId":"Zack-Tay"},"content":"                        System.out.println(\"OK, I\u0027ve marked this task as not done yet:\");","lastModifiedDate":"2024-01-25"},{"lineNumber":116,"author":{"gitId":"Zack-Tay"},"content":"                        t2.setUndone();","lastModifiedDate":"2024-01-25"},{"lineNumber":117,"author":{"gitId":"Zack-Tay"},"content":"                        System.out.println(\"    \" + t2.printTask(t2.getType(), t2.getDone(), t2.getTask()));","lastModifiedDate":"2024-01-25"},{"lineNumber":118,"author":{"gitId":"Zack-Tay"},"content":"                    } catch (IndexOutOfBoundsException e) {","lastModifiedDate":"2024-01-25"},{"lineNumber":119,"author":{"gitId":"Zack-Tay"},"content":"                        String single \u003d list.size() \u003c\u003d 1 ? \"task\" : \"tasks\";","lastModifiedDate":"2024-01-25"},{"lineNumber":120,"author":{"gitId":"Zack-Tay"},"content":"                        System.out.println(\"You only have \" + list.size() + \" \" + single + \" currently. Type \\\"list\\\" to view all your current \" + single);","lastModifiedDate":"2024-01-25"},{"lineNumber":121,"author":{"gitId":"Zack-Tay"},"content":"                    }","lastModifiedDate":"2024-01-25"},{"lineNumber":122,"author":{"gitId":"Zack-Tay"},"content":"                    System.out.println(line);","lastModifiedDate":"2024-01-25"},{"lineNumber":123,"author":{"gitId":"Zack-Tay"},"content":"                    break;","lastModifiedDate":"2024-01-25"},{"lineNumber":124,"author":{"gitId":"Zack-Tay"},"content":"                case \"delete\":","lastModifiedDate":"2024-01-25"},{"lineNumber":125,"author":{"gitId":"Zack-Tay"},"content":"                    if (split.length \u003c\u003d 1) {","lastModifiedDate":"2024-01-25"},{"lineNumber":126,"author":{"gitId":"Zack-Tay"},"content":"                        listOfCommands();","lastModifiedDate":"2024-01-25"},{"lineNumber":127,"author":{"gitId":"Zack-Tay"},"content":"                        break;","lastModifiedDate":"2024-01-25"},{"lineNumber":128,"author":{"gitId":"Zack-Tay"},"content":"                    }","lastModifiedDate":"2024-01-25"},{"lineNumber":129,"author":{"gitId":"Zack-Tay"},"content":"                    String single \u003d list.size() \u003c\u003d 1 ? \"task\" : \"tasks\";","lastModifiedDate":"2024-01-25"},{"lineNumber":130,"author":{"gitId":"Zack-Tay"},"content":"                    System.out.println(line);","lastModifiedDate":"2024-01-25"},{"lineNumber":131,"author":{"gitId":"Zack-Tay"},"content":"                    try {","lastModifiedDate":"2024-01-25"},{"lineNumber":132,"author":{"gitId":"Zack-Tay"},"content":"                        Task t2 \u003d list.get(Integer.parseInt(split[1]) - 1);","lastModifiedDate":"2024-01-25"},{"lineNumber":133,"author":{"gitId":"Zack-Tay"},"content":"                        System.out.println(\"Noted. I\u0027ve removed this task:\");","lastModifiedDate":"2024-01-25"},{"lineNumber":134,"author":{"gitId":"Zack-Tay"},"content":"                        list.remove(Integer.parseInt(split[1]) - 1);","lastModifiedDate":"2024-01-25"},{"lineNumber":135,"author":{"gitId":"Zack-Tay"},"content":"                        System.out.println(\"    \" + t2.printTask(t2.getType(), t2.getDone(), t2.getTask()));","lastModifiedDate":"2024-01-25"},{"lineNumber":136,"author":{"gitId":"Zack-Tay"},"content":"                    } catch (IndexOutOfBoundsException e) {","lastModifiedDate":"2024-01-25"},{"lineNumber":137,"author":{"gitId":"Zack-Tay"},"content":"                        System.out.println(\"You only have \" + list.size() + \" \" + single + \" currently. Type \\\"list\\\" to view all your current \" + single);","lastModifiedDate":"2024-01-25"},{"lineNumber":138,"author":{"gitId":"Zack-Tay"},"content":"                    }","lastModifiedDate":"2024-01-25"},{"lineNumber":139,"author":{"gitId":"Zack-Tay"},"content":"                    System.out.println(\"Now you have \" + list.size() + \" \" + single + \" in the list.\");","lastModifiedDate":"2024-01-25"},{"lineNumber":140,"author":{"gitId":"Zack-Tay"},"content":"                    System.out.println(line);","lastModifiedDate":"2024-01-25"},{"lineNumber":141,"author":{"gitId":"Zack-Tay"},"content":"                    break;","lastModifiedDate":"2024-01-25"},{"lineNumber":142,"author":{"gitId":"Zack-Tay"},"content":"                case \"bye\":","lastModifiedDate":"2024-01-25"},{"lineNumber":143,"author":{"gitId":"Zack-Tay"},"content":"                    System.out.println(line);","lastModifiedDate":"2024-01-25"},{"lineNumber":144,"author":{"gitId":"Zack-Tay"},"content":"                    System.out.println(\"Bye. Hope to see you again soon!\");","lastModifiedDate":"2024-01-24"},{"lineNumber":145,"author":{"gitId":"Zack-Tay"},"content":"                    System.out.println(line);","lastModifiedDate":"2024-01-25"},{"lineNumber":146,"author":{"gitId":"Zack-Tay"},"content":"                    loop \u003d false;","lastModifiedDate":"2024-01-25"},{"lineNumber":147,"author":{"gitId":"Zack-Tay"},"content":"                    break;","lastModifiedDate":"2024-01-25"},{"lineNumber":148,"author":{"gitId":"Zack-Tay"},"content":"                case \"\":","lastModifiedDate":"2024-01-25"},{"lineNumber":149,"author":{"gitId":"Zack-Tay"},"content":"                    System.out.println(line);","lastModifiedDate":"2024-01-25"},{"lineNumber":150,"author":{"gitId":"Zack-Tay"},"content":"                    listOfCommands();","lastModifiedDate":"2024-01-25"},{"lineNumber":151,"author":{"gitId":"Zack-Tay"},"content":"                    System.out.println(line);","lastModifiedDate":"2024-01-25"},{"lineNumber":152,"author":{"gitId":"Zack-Tay"},"content":"                    break;","lastModifiedDate":"2024-01-25"},{"lineNumber":153,"author":{"gitId":"Zack-Tay"},"content":"                case \"list\":","lastModifiedDate":"2024-01-25"},{"lineNumber":154,"author":{"gitId":"Zack-Tay"},"content":"                    System.out.println(line);","lastModifiedDate":"2024-01-25"},{"lineNumber":155,"author":{"gitId":"Zack-Tay"},"content":"                    System.out.println(\"Here are the tasks in your list:\");","lastModifiedDate":"2024-01-25"},{"lineNumber":156,"author":{"gitId":"Zack-Tay"},"content":"                    if (list.size() \u003e 0) {","lastModifiedDate":"2024-01-25"},{"lineNumber":157,"author":{"gitId":"Zack-Tay"},"content":"                        Task.printList(list);","lastModifiedDate":"2024-01-25"},{"lineNumber":158,"author":{"gitId":"Zack-Tay"},"content":"                    }","lastModifiedDate":"2024-01-25"},{"lineNumber":159,"author":{"gitId":"Zack-Tay"},"content":"                    System.out.println(line);","lastModifiedDate":"2024-01-25"},{"lineNumber":160,"author":{"gitId":"Zack-Tay"},"content":"                    break;","lastModifiedDate":"2024-01-25"},{"lineNumber":161,"author":{"gitId":"Zack-Tay"},"content":"                case \"todo\":","lastModifiedDate":"2024-01-25"},{"lineNumber":162,"author":{"gitId":"Zack-Tay"},"content":"                case \"event\":","lastModifiedDate":"2024-01-25"},{"lineNumber":163,"author":{"gitId":"Zack-Tay"},"content":"                case \"deadline\":","lastModifiedDate":"2024-01-25"},{"lineNumber":164,"author":{"gitId":"Zack-Tay"},"content":"                    if (split.length \u003c\u003d 1) {","lastModifiedDate":"2024-01-25"},{"lineNumber":165,"author":{"gitId":"Zack-Tay"},"content":"                        listOfCommands();","lastModifiedDate":"2024-01-25"},{"lineNumber":166,"author":{"gitId":"Zack-Tay"},"content":"                        break;","lastModifiedDate":"2024-01-25"},{"lineNumber":167,"author":{"gitId":"Zack-Tay"},"content":"                    }","lastModifiedDate":"2024-01-25"},{"lineNumber":168,"author":{"gitId":"Zack-Tay"},"content":"                    System.out.println(line);","lastModifiedDate":"2024-01-25"},{"lineNumber":169,"author":{"gitId":"Zack-Tay"},"content":"                    System.out.println(\"Got it. I\u0027ve added this task: \");","lastModifiedDate":"2024-01-25"},{"lineNumber":170,"author":{"gitId":"Zack-Tay"},"content":"                    String res \u003d \"\";","lastModifiedDate":"2024-01-25"},{"lineNumber":171,"author":{"gitId":"Zack-Tay"},"content":"                    switch (first) {","lastModifiedDate":"2024-01-25"},{"lineNumber":172,"author":{"gitId":"Zack-Tay"},"content":"                        case \"todo\":","lastModifiedDate":"2024-01-25"},{"lineNumber":173,"author":{"gitId":"Zack-Tay"},"content":"                            res \u003d \"T\";","lastModifiedDate":"2024-01-25"},{"lineNumber":174,"author":{"gitId":"Zack-Tay"},"content":"                            break;","lastModifiedDate":"2024-01-25"},{"lineNumber":175,"author":{"gitId":"Zack-Tay"},"content":"                        case \"event\":","lastModifiedDate":"2024-01-25"},{"lineNumber":176,"author":{"gitId":"Zack-Tay"},"content":"                            res \u003d \"E\";","lastModifiedDate":"2024-01-25"},{"lineNumber":177,"author":{"gitId":"Zack-Tay"},"content":"                            break;","lastModifiedDate":"2024-01-25"},{"lineNumber":178,"author":{"gitId":"Zack-Tay"},"content":"                        case \"deadline\":","lastModifiedDate":"2024-01-25"},{"lineNumber":179,"author":{"gitId":"Zack-Tay"},"content":"                            res \u003d \"D\";","lastModifiedDate":"2024-01-25"},{"lineNumber":180,"author":{"gitId":"Zack-Tay"},"content":"                            break;","lastModifiedDate":"2024-01-25"},{"lineNumber":181,"author":{"gitId":"Zack-Tay"},"content":"                    }","lastModifiedDate":"2024-01-25"},{"lineNumber":182,"author":{"gitId":"Zack-Tay"},"content":"                    int startInd1 \u003d s.indexOf(\"/by\");","lastModifiedDate":"2024-01-25"},{"lineNumber":183,"author":{"gitId":"Zack-Tay"},"content":"                    int startInd2 \u003d s.indexOf(\"/from\");","lastModifiedDate":"2024-01-25"},{"lineNumber":184,"author":{"gitId":"Zack-Tay"},"content":"                    Task newTask \u003d null;","lastModifiedDate":"2024-01-25"},{"lineNumber":185,"author":{"gitId":"Zack-Tay"},"content":"                    String ss \u003d s.substring(first.length() + 1);","lastModifiedDate":"2024-01-25"},{"lineNumber":186,"author":{"gitId":"Zack-Tay"},"content":"                    if (startInd2 \u003d\u003d -1 \u0026\u0026 startInd1 \u003d\u003d -1) {","lastModifiedDate":"2024-01-25"},{"lineNumber":187,"author":{"gitId":"Zack-Tay"},"content":"                        newTask \u003d new Task(ss, res, false);","lastModifiedDate":"2024-01-25"},{"lineNumber":188,"author":{"gitId":"Zack-Tay"},"content":"                    } else {","lastModifiedDate":"2024-01-25"},{"lineNumber":189,"author":{"gitId":"Zack-Tay"},"content":"                        DateTimeFormatter[] formats \u003d new DateTimeFormatter[] {","lastModifiedDate":"2024-01-30"},{"lineNumber":190,"author":{"gitId":"Zack-Tay"},"content":"                                DateTimeFormatter.ofPattern(\"d/M/yyyy HHmm\"),","lastModifiedDate":"2024-01-30"},{"lineNumber":191,"author":{"gitId":"Zack-Tay"},"content":"                                DateTimeFormatter.ofPattern(\"d/M/yyyy\"),","lastModifiedDate":"2024-01-30"},{"lineNumber":192,"author":{"gitId":"Zack-Tay"},"content":"                                DateTimeFormatter.ofPattern(\"d-M-yyyy\"),","lastModifiedDate":"2024-01-30"},{"lineNumber":193,"author":{"gitId":"Zack-Tay"},"content":"                        };","lastModifiedDate":"2024-01-30"},{"lineNumber":194,"author":{"gitId":"Zack-Tay"},"content":"                        if (startInd1 !\u003d -1) {","lastModifiedDate":"2024-01-25"},{"lineNumber":195,"author":{"gitId":"Zack-Tay"},"content":"                            // dl \u003d deadline","lastModifiedDate":"2024-01-25"},{"lineNumber":196,"author":{"gitId":"Zack-Tay"},"content":"                            String spl1 \u003d s.substring(startInd1 + 4);","lastModifiedDate":"2024-01-30"},{"lineNumber":197,"author":{"gitId":"Zack-Tay"},"content":"                            LocalDateTime deadline \u003d null;","lastModifiedDate":"2024-01-30"},{"lineNumber":198,"author":{"gitId":"Zack-Tay"},"content":"                            for (DateTimeFormatter format : formats) {","lastModifiedDate":"2024-01-30"},{"lineNumber":199,"author":{"gitId":"Zack-Tay"},"content":"                                try {","lastModifiedDate":"2024-01-30"},{"lineNumber":200,"author":{"gitId":"Zack-Tay"},"content":"                                    deadline \u003d LocalDateTime.parse(spl1, format);","lastModifiedDate":"2024-01-30"},{"lineNumber":201,"author":{"gitId":"Zack-Tay"},"content":"                                    break;","lastModifiedDate":"2024-01-30"},{"lineNumber":202,"author":{"gitId":"Zack-Tay"},"content":"                                } catch (DateTimeParseException e) {","lastModifiedDate":"2024-01-30"},{"lineNumber":203,"author":{"gitId":"Zack-Tay"},"content":"                                }","lastModifiedDate":"2024-01-30"},{"lineNumber":204,"author":{"gitId":"Zack-Tay"},"content":"                            }","lastModifiedDate":"2024-01-30"},{"lineNumber":205,"author":{"gitId":"Zack-Tay"},"content":"","lastModifiedDate":"2024-01-30"},{"lineNumber":206,"author":{"gitId":"Zack-Tay"},"content":"                            /** if (deadline !\u003d null) {","lastModifiedDate":"2024-01-30"},{"lineNumber":207,"author":{"gitId":"Zack-Tay"},"content":"                                System.out.println(deadline.format(DateTimeFormatter.ofPattern(\"MMM d yyyy, hh:mm a\")));","lastModifiedDate":"2024-01-30"},{"lineNumber":208,"author":{"gitId":"Zack-Tay"},"content":"                            } else {","lastModifiedDate":"2024-01-30"},{"lineNumber":209,"author":{"gitId":"Zack-Tay"},"content":"                                System.out.println(\"Failed to parse date\");","lastModifiedDate":"2024-01-30"},{"lineNumber":210,"author":{"gitId":"Zack-Tay"},"content":"                            } **/","lastModifiedDate":"2024-01-30"},{"lineNumber":211,"author":{"gitId":"Zack-Tay"},"content":"","lastModifiedDate":"2024-01-30"},{"lineNumber":212,"author":{"gitId":"Zack-Tay"},"content":"                            String dl \u003d s.substring(first.length() + 1, startInd1) + \"(\" + s.substring(startInd1 + 1, startInd1 + 3) + \": \" + deadline.format(DateTimeFormatter.ofPattern(\"MMM d yyyy, hh:mm a\")) + \")\";","lastModifiedDate":"2024-01-30"},{"lineNumber":213,"author":{"gitId":"Zack-Tay"},"content":"                            newTask \u003d new Task(dl, res, false, deadline);","lastModifiedDate":"2024-01-30"},{"lineNumber":214,"author":{"gitId":"Zack-Tay"},"content":"                        } else {","lastModifiedDate":"2024-01-25"},{"lineNumber":215,"author":{"gitId":"Zack-Tay"},"content":"                            // e \u003d event","lastModifiedDate":"2024-01-25"},{"lineNumber":216,"author":{"gitId":"Zack-Tay"},"content":"                            int startTo \u003d s.indexOf(\"/to\");","lastModifiedDate":"2024-01-25"},{"lineNumber":217,"author":{"gitId":"Zack-Tay"},"content":"                            String from \u003d s.substring(startInd2 + 6, startTo - 1);","lastModifiedDate":"2024-01-30"},{"lineNumber":218,"author":{"gitId":"Zack-Tay"},"content":"                            String to \u003d s.substring(startTo + 4);","lastModifiedDate":"2024-01-30"},{"lineNumber":219,"author":{"gitId":"Zack-Tay"},"content":"                            LocalDateTime duefrom \u003d null;","lastModifiedDate":"2024-01-30"},{"lineNumber":220,"author":{"gitId":"Zack-Tay"},"content":"                            LocalDateTime dueto \u003d null;","lastModifiedDate":"2024-01-30"},{"lineNumber":221,"author":{"gitId":"Zack-Tay"},"content":"                            for (DateTimeFormatter format : formats) {","lastModifiedDate":"2024-01-30"},{"lineNumber":222,"author":{"gitId":"Zack-Tay"},"content":"                                try {","lastModifiedDate":"2024-01-30"},{"lineNumber":223,"author":{"gitId":"Zack-Tay"},"content":"                                    duefrom \u003d LocalDateTime.parse(from, format);","lastModifiedDate":"2024-01-30"},{"lineNumber":224,"author":{"gitId":"Zack-Tay"},"content":"                                } catch (DateTimeParseException e) {","lastModifiedDate":"2024-01-30"},{"lineNumber":225,"author":{"gitId":"Zack-Tay"},"content":"                                }","lastModifiedDate":"2024-01-30"},{"lineNumber":226,"author":{"gitId":"Zack-Tay"},"content":"","lastModifiedDate":"2024-01-30"},{"lineNumber":227,"author":{"gitId":"Zack-Tay"},"content":"                                try {","lastModifiedDate":"2024-01-30"},{"lineNumber":228,"author":{"gitId":"Zack-Tay"},"content":"                                    dueto \u003d LocalDateTime.parse(to, format);","lastModifiedDate":"2024-01-30"},{"lineNumber":229,"author":{"gitId":"Zack-Tay"},"content":"                                } catch (DateTimeParseException e) {","lastModifiedDate":"2024-01-30"},{"lineNumber":230,"author":{"gitId":"Zack-Tay"},"content":"                                }","lastModifiedDate":"2024-01-30"},{"lineNumber":231,"author":{"gitId":"Zack-Tay"},"content":"","lastModifiedDate":"2024-01-30"},{"lineNumber":232,"author":{"gitId":"Zack-Tay"},"content":"                            }","lastModifiedDate":"2024-01-30"},{"lineNumber":233,"author":{"gitId":"Zack-Tay"},"content":"                            String e \u003d \"\";","lastModifiedDate":"2024-01-30"},{"lineNumber":234,"author":{"gitId":"Zack-Tay"},"content":"                            if (dueto !\u003d null \u0026\u0026 duefrom !\u003d null) {","lastModifiedDate":"2024-01-30"},{"lineNumber":235,"author":{"gitId":"Zack-Tay"},"content":"                                e \u003d s.substring(first.length() + 1, startInd2) +","lastModifiedDate":"2024-01-30"},{"lineNumber":236,"author":{"gitId":"Zack-Tay"},"content":"                                    \"(\" + s.substring(startInd2 + 1, startInd2 + 5) + \": \" + duefrom.format(DateTimeFormatter.ofPattern(\"MMM d yyyy, hh:mm a\")) + \" \" + s.substring(startTo + 1, startTo + 3) +","lastModifiedDate":"2024-01-30"},{"lineNumber":237,"author":{"gitId":"Zack-Tay"},"content":"                                    \": \" + dueto.format(DateTimeFormatter.ofPattern(\"MMM d yyyy, hh:mm a\")) + \")\";","lastModifiedDate":"2024-01-30"},{"lineNumber":238,"author":{"gitId":"Zack-Tay"},"content":"                            }","lastModifiedDate":"2024-01-30"},{"lineNumber":239,"author":{"gitId":"Zack-Tay"},"content":"","lastModifiedDate":"2024-01-25"},{"lineNumber":240,"author":{"gitId":"Zack-Tay"},"content":"                            newTask \u003d new Task(e, res, false, duefrom, dueto);","lastModifiedDate":"2024-01-30"},{"lineNumber":241,"author":{"gitId":"Zack-Tay"},"content":"                        }","lastModifiedDate":"2024-01-25"},{"lineNumber":242,"author":{"gitId":"Zack-Tay"},"content":"                    }","lastModifiedDate":"2024-01-25"},{"lineNumber":243,"author":{"gitId":"Zack-Tay"},"content":"                    list.add(newTask);","lastModifiedDate":"2024-01-25"},{"lineNumber":244,"author":{"gitId":"Zack-Tay"},"content":"                    String t \u003d newTask.printTask(res, false, newTask.getTask());","lastModifiedDate":"2024-01-25"},{"lineNumber":245,"author":{"gitId":"Zack-Tay"},"content":"                    // String task \u003d \"  [\" + res + \"]\" + \"[] \" + s.substring(first.length() + 1, s.length());","lastModifiedDate":"2024-01-25"},{"lineNumber":246,"author":{"gitId":"Zack-Tay"},"content":"                    System.out.println(\"    \" + t);","lastModifiedDate":"2024-01-25"},{"lineNumber":247,"author":{"gitId":"Zack-Tay"},"content":"                    String single1 \u003d list.size() \u003d\u003d 1 ? \"task\" : \"tasks\";","lastModifiedDate":"2024-01-25"},{"lineNumber":248,"author":{"gitId":"Zack-Tay"},"content":"                    System.out.println(\"Now you have \" + list.size() + \" \" + single1 + \" in the list.\");","lastModifiedDate":"2024-01-25"},{"lineNumber":249,"author":{"gitId":"Zack-Tay"},"content":"                    System.out.println(line);","lastModifiedDate":"2024-01-25"},{"lineNumber":250,"author":{"gitId":"Zack-Tay"},"content":"                    break;","lastModifiedDate":"2024-01-25"},{"lineNumber":251,"author":{"gitId":"Zack-Tay"},"content":"                default:","lastModifiedDate":"2024-01-25"},{"lineNumber":252,"author":{"gitId":"Zack-Tay"},"content":"                    listOfCommands();","lastModifiedDate":"2024-01-25"},{"lineNumber":253,"author":{"gitId":"Zack-Tay"},"content":"                    break;","lastModifiedDate":"2024-01-25"},{"lineNumber":254,"author":{"gitId":"Zack-Tay"},"content":"            }","lastModifiedDate":"2024-01-25"},{"lineNumber":255,"author":{"gitId":"Zack-Tay"},"content":"            // TODO","lastModifiedDate":"2024-01-28"},{"lineNumber":256,"author":{"gitId":"Zack-Tay"},"content":"            updateFile(list);","lastModifiedDate":"2024-01-28"},{"lineNumber":257,"author":{"gitId":"Zack-Tay"},"content":"        }","lastModifiedDate":"2024-01-25"},{"lineNumber":258,"author":{"gitId":"Zack-Tay"},"content":"        in.close();","lastModifiedDate":"2024-01-25"},{"lineNumber":259,"author":{"gitId":"Zack-Tay"},"content":"    }","lastModifiedDate":"2024-01-24"},{"lineNumber":260,"author":{"gitId":"Zack-Tay"},"content":"}","lastModifiedDate":"2024-01-24"}],"authorContributionMap":{"Zack-Tay":260}},{"path":"src/main/java/Task.java","fileType":"java","lines":[{"lineNumber":1,"author":{"gitId":"Zack-Tay"},"content":"import java.time.LocalDate;","lastModifiedDate":"2024-01-30"},{"lineNumber":2,"author":{"gitId":"Zack-Tay"},"content":"import java.time.LocalDateTime;","lastModifiedDate":"2024-01-30"},{"lineNumber":3,"author":{"gitId":"Zack-Tay"},"content":"import java.util.ArrayList;","lastModifiedDate":"2024-01-25"},{"lineNumber":4,"author":{"gitId":"Zack-Tay"},"content":"public class Task {","lastModifiedDate":"2024-01-25"},{"lineNumber":5,"author":{"gitId":"Zack-Tay"},"content":"    private String task, type;","lastModifiedDate":"2024-01-25"},{"lineNumber":6,"author":{"gitId":"Zack-Tay"},"content":"    private boolean isDone;","lastModifiedDate":"2024-01-25"},{"lineNumber":7,"author":{"gitId":"Zack-Tay"},"content":"    private LocalDateTime deadline, to;","lastModifiedDate":"2024-01-30"},{"lineNumber":8,"author":{"gitId":"Zack-Tay"},"content":"    private LocalDateTime deadline2;","lastModifiedDate":"2024-01-30"},{"lineNumber":9,"author":{"gitId":"Zack-Tay"},"content":"","lastModifiedDate":"2024-01-30"},{"lineNumber":10,"author":{"gitId":"Zack-Tay"},"content":"    public Task(String task, String type, boolean isDone) {","lastModifiedDate":"2024-01-25"},{"lineNumber":11,"author":{"gitId":"Zack-Tay"},"content":"        this.task \u003d task;","lastModifiedDate":"2024-01-25"},{"lineNumber":12,"author":{"gitId":"Zack-Tay"},"content":"        this.type \u003d type;","lastModifiedDate":"2024-01-25"},{"lineNumber":13,"author":{"gitId":"Zack-Tay"},"content":"        this.isDone \u003d isDone;","lastModifiedDate":"2024-01-25"},{"lineNumber":14,"author":{"gitId":"Zack-Tay"},"content":"    }","lastModifiedDate":"2024-01-25"},{"lineNumber":15,"author":{"gitId":"Zack-Tay"},"content":"","lastModifiedDate":"2024-01-30"},{"lineNumber":16,"author":{"gitId":"Zack-Tay"},"content":"    public Task(String task, String type, boolean isDone, LocalDateTime deadline, LocalDateTime to) {","lastModifiedDate":"2024-01-30"},{"lineNumber":17,"author":{"gitId":"Zack-Tay"},"content":"        this.task \u003d task;","lastModifiedDate":"2024-01-30"},{"lineNumber":18,"author":{"gitId":"Zack-Tay"},"content":"        this.type \u003d type;","lastModifiedDate":"2024-01-30"},{"lineNumber":19,"author":{"gitId":"Zack-Tay"},"content":"        this.isDone \u003d isDone;","lastModifiedDate":"2024-01-30"},{"lineNumber":20,"author":{"gitId":"Zack-Tay"},"content":"        this.deadline \u003d deadline;","lastModifiedDate":"2024-01-30"},{"lineNumber":21,"author":{"gitId":"Zack-Tay"},"content":"        this.to \u003d to;","lastModifiedDate":"2024-01-30"},{"lineNumber":22,"author":{"gitId":"Zack-Tay"},"content":"    }","lastModifiedDate":"2024-01-30"},{"lineNumber":23,"author":{"gitId":"Zack-Tay"},"content":"    public Task(String task, String type, boolean isDone, LocalDateTime deadline2) {","lastModifiedDate":"2024-01-30"},{"lineNumber":24,"author":{"gitId":"Zack-Tay"},"content":"        this.task \u003d task;","lastModifiedDate":"2024-01-30"},{"lineNumber":25,"author":{"gitId":"Zack-Tay"},"content":"        this.type \u003d type;","lastModifiedDate":"2024-01-30"},{"lineNumber":26,"author":{"gitId":"Zack-Tay"},"content":"        this.isDone \u003d isDone;","lastModifiedDate":"2024-01-30"},{"lineNumber":27,"author":{"gitId":"Zack-Tay"},"content":"        this.deadline2 \u003d deadline2;","lastModifiedDate":"2024-01-30"},{"lineNumber":28,"author":{"gitId":"Zack-Tay"},"content":"    }","lastModifiedDate":"2024-01-30"},{"lineNumber":29,"author":{"gitId":"Zack-Tay"},"content":"    public void setDone() {","lastModifiedDate":"2024-01-25"},{"lineNumber":30,"author":{"gitId":"Zack-Tay"},"content":"        this.isDone \u003d true;","lastModifiedDate":"2024-01-25"},{"lineNumber":31,"author":{"gitId":"Zack-Tay"},"content":"    }","lastModifiedDate":"2024-01-25"},{"lineNumber":32,"author":{"gitId":"Zack-Tay"},"content":"    public void setUndone() {","lastModifiedDate":"2024-01-25"},{"lineNumber":33,"author":{"gitId":"Zack-Tay"},"content":"        this.isDone \u003d false;","lastModifiedDate":"2024-01-25"},{"lineNumber":34,"author":{"gitId":"Zack-Tay"},"content":"    }","lastModifiedDate":"2024-01-25"},{"lineNumber":35,"author":{"gitId":"Zack-Tay"},"content":"    public boolean getDone() {","lastModifiedDate":"2024-01-25"},{"lineNumber":36,"author":{"gitId":"Zack-Tay"},"content":"        return this.isDone;","lastModifiedDate":"2024-01-25"},{"lineNumber":37,"author":{"gitId":"Zack-Tay"},"content":"    }","lastModifiedDate":"2024-01-25"},{"lineNumber":38,"author":{"gitId":"Zack-Tay"},"content":"    public String getType() {","lastModifiedDate":"2024-01-25"},{"lineNumber":39,"author":{"gitId":"Zack-Tay"},"content":"        return this.type;","lastModifiedDate":"2024-01-25"},{"lineNumber":40,"author":{"gitId":"Zack-Tay"},"content":"    }","lastModifiedDate":"2024-01-25"},{"lineNumber":41,"author":{"gitId":"Zack-Tay"},"content":"    public String getTask() {","lastModifiedDate":"2024-01-25"},{"lineNumber":42,"author":{"gitId":"Zack-Tay"},"content":"        return this.task;","lastModifiedDate":"2024-01-25"},{"lineNumber":43,"author":{"gitId":"Zack-Tay"},"content":"    }","lastModifiedDate":"2024-01-25"},{"lineNumber":44,"author":{"gitId":"Zack-Tay"},"content":"    public static void printList(ArrayList\u003cTask\u003e list) {","lastModifiedDate":"2024-01-25"},{"lineNumber":45,"author":{"gitId":"Zack-Tay"},"content":"        for (int i \u003d 1; i \u003c\u003d list.size(); i++) {","lastModifiedDate":"2024-01-25"},{"lineNumber":46,"author":{"gitId":"Zack-Tay"},"content":"            Task currtask \u003d list.get(i-1);","lastModifiedDate":"2024-01-25"},{"lineNumber":47,"author":{"gitId":"Zack-Tay"},"content":"            String s \u003d i + \". \" + \"[\" + currtask.type + \"][\" + (currtask.isDone ? \"X\" : \"\") + \"]\" + \" \" + currtask.task;","lastModifiedDate":"2024-01-25"},{"lineNumber":48,"author":{"gitId":"Zack-Tay"},"content":"            System.out.println(\"    \" + s);","lastModifiedDate":"2024-01-25"},{"lineNumber":49,"author":{"gitId":"Zack-Tay"},"content":"        }","lastModifiedDate":"2024-01-25"},{"lineNumber":50,"author":{"gitId":"Zack-Tay"},"content":"    }","lastModifiedDate":"2024-01-25"},{"lineNumber":51,"author":{"gitId":"Zack-Tay"},"content":"    public String printTask(String type, boolean isDone, String task) {","lastModifiedDate":"2024-01-25"},{"lineNumber":52,"author":{"gitId":"Zack-Tay"},"content":"        return \"[\" + type + \"][\" + (isDone ? \"X\" : \"\") + \"]\" + \" \" + task;","lastModifiedDate":"2024-01-25"},{"lineNumber":53,"author":{"gitId":"Zack-Tay"},"content":"    }","lastModifiedDate":"2024-01-25"},{"lineNumber":54,"author":{"gitId":"Zack-Tay"},"content":"","lastModifiedDate":"2024-01-25"},{"lineNumber":55,"author":{"gitId":"Zack-Tay"},"content":"    public void deleteTask(int index, ArrayList\u003cTask\u003e list) {","lastModifiedDate":"2024-01-25"},{"lineNumber":56,"author":{"gitId":"Zack-Tay"},"content":"        Task task \u003d list.get(index-1);","lastModifiedDate":"2024-01-25"},{"lineNumber":57,"author":{"gitId":"Zack-Tay"},"content":"        list.remove(task);","lastModifiedDate":"2024-01-25"},{"lineNumber":58,"author":{"gitId":"Zack-Tay"},"content":"    }","lastModifiedDate":"2024-01-25"},{"lineNumber":59,"author":{"gitId":"Zack-Tay"},"content":"}","lastModifiedDate":"2024-01-25"}],"authorContributionMap":{"Zack-Tay":59}},{"path":"text-ui-test/input.txt","fileType":"txt","lines":[{"lineNumber":1,"author":{"gitId":"Zack-Tay"},"content":"event project meeting /from Mon 2pm /to 4pm","lastModifiedDate":"2024-01-25"},{"lineNumber":2,"author":{"gitId":"Zack-Tay"},"content":"event Badminton /from Tues 8pm /to 9pm","lastModifiedDate":"2024-01-25"},{"lineNumber":3,"author":{"gitId":"Zack-Tay"},"content":"todo Laundry","lastModifiedDate":"2024-01-25"},{"lineNumber":4,"author":{"gitId":"Zack-Tay"},"content":"deadline Homework /by Sunday","lastModifiedDate":"2024-01-25"},{"lineNumber":5,"author":{"gitId":"Zack-Tay"},"content":"","lastModifiedDate":"2024-01-25"},{"lineNumber":6,"author":{"gitId":"Zack-Tay"},"content":"deadline Homework /by Sunday","lastModifiedDate":"2024-01-25"},{"lineNumber":7,"author":{"gitId":"Zack-Tay"},"content":"deadline Essay /by Sunday","lastModifiedDate":"2024-01-25"},{"lineNumber":8,"author":{"gitId":"Zack-Tay"},"content":"list","lastModifiedDate":"2024-01-25"},{"lineNumber":9,"author":{"gitId":"Zack-Tay"},"content":"mark 1","lastModifiedDate":"2024-01-25"},{"lineNumber":10,"author":{"gitId":"Zack-Tay"},"content":"mark 3","lastModifiedDate":"2024-01-25"},{"lineNumber":11,"author":{"gitId":"Zack-Tay"},"content":"list","lastModifiedDate":"2024-01-25"},{"lineNumber":12,"author":{"gitId":"Zack-Tay"},"content":"unmark 1","lastModifiedDate":"2024-01-25"},{"lineNumber":13,"author":{"gitId":"Zack-Tay"},"content":"list","lastModifiedDate":"2024-01-25"}],"authorContributionMap":{"Zack-Tay":13}},{"path":"text-ui-test/runtest.bat","fileType":"bat","lines":[{"lineNumber":1,"author":{"gitId":"-"},"content":"@ECHO OFF","lastModifiedDate":"2020-05-25"},{"lineNumber":2,"author":{"gitId":"-"},"content":"","lastModifiedDate":"2020-05-25"},{"lineNumber":3,"author":{"gitId":"-"},"content":"REM create bin directory if it doesn\u0027t exist","lastModifiedDate":"2020-05-25"},{"lineNumber":4,"author":{"gitId":"-"},"content":"if not exist ..\\bin mkdir ..\\bin","lastModifiedDate":"2020-05-25"},{"lineNumber":5,"author":{"gitId":"-"},"content":"","lastModifiedDate":"2020-05-25"},{"lineNumber":6,"author":{"gitId":"-"},"content":"REM delete output from previous run","lastModifiedDate":"2020-05-25"},{"lineNumber":7,"author":{"gitId":"-"},"content":"if exist ACTUAL.TXT del ACTUAL.TXT","lastModifiedDate":"2020-08-25"},{"lineNumber":8,"author":{"gitId":"-"},"content":"","lastModifiedDate":"2020-05-25"},{"lineNumber":9,"author":{"gitId":"-"},"content":"REM compile the code into the bin folder","lastModifiedDate":"2020-05-25"},{"lineNumber":10,"author":{"gitId":"-"},"content":"javac  -cp ..\\src\\main\\java -Xlint:none -d ..\\bin ..\\src\\main\\java\\*.java","lastModifiedDate":"2020-08-25"},{"lineNumber":11,"author":{"gitId":"-"},"content":"IF ERRORLEVEL 1 (","lastModifiedDate":"2020-05-25"},{"lineNumber":12,"author":{"gitId":"-"},"content":"    echo ********** BUILD FAILURE **********","lastModifiedDate":"2020-05-25"},{"lineNumber":13,"author":{"gitId":"-"},"content":"    exit /b 1","lastModifiedDate":"2020-05-25"},{"lineNumber":14,"author":{"gitId":"-"},"content":")","lastModifiedDate":"2020-05-25"},{"lineNumber":15,"author":{"gitId":"-"},"content":"REM no error here, errorlevel \u003d\u003d 0","lastModifiedDate":"2020-05-25"},{"lineNumber":16,"author":{"gitId":"-"},"content":"","lastModifiedDate":"2020-05-25"},{"lineNumber":17,"author":{"gitId":"-"},"content":"REM run the program, feed commands from input.txt file and redirect the output to the ACTUAL.TXT","lastModifiedDate":"2020-05-25"},{"lineNumber":18,"author":{"gitId":"Zack-Tay"},"content":"java -classpath ..\\bin Fredricksen \u003c input.txt \u003e ACTUAL.TXT","lastModifiedDate":"2024-01-25"},{"lineNumber":19,"author":{"gitId":"-"},"content":"","lastModifiedDate":"2020-05-25"},{"lineNumber":20,"author":{"gitId":"-"},"content":"REM compare the output to the expected output","lastModifiedDate":"2020-05-25"},{"lineNumber":21,"author":{"gitId":"-"},"content":"FC ACTUAL.TXT EXPECTED.TXT","lastModifiedDate":"2020-05-25"}],"authorContributionMap":{"Zack-Tay":1,"-":20}}]
