{"authorDailyContributionsMap":{"Zack-Tay":[{"date":"2024-01-24","commitResults":[{"hash":"f2f92fb071d4a1086d55aa95ebb90c1b32d04313","isMergeCommit":false,"messageTitle":"Add Fredricksen.java and completed level-0","messageBody":"","tags":["Level-0"],"fileTypesAndContributionMap":{"java":{"insertions":10,"deletions":10}}}]},{"date":"2024-01-25","commitResults":[{"hash":"7606a0b556e10f587755aa4e510f5efb26d2a6e2","isMergeCommit":false,"messageTitle":"Add echo and bye commands to Fredricksen.java and completed Level-1","messageBody":"","tags":["Level-1"],"fileTypesAndContributionMap":{"java":{"insertions":15,"deletions":2}}},{"hash":"188ab8896ce04d0d41868302e08864aadd159c2f","isMergeCommit":false,"messageTitle":"add add task to list feature to Fredricksen.java","messageBody":"","tags":["Level-2"],"fileTypesAndContributionMap":{"java":{"insertions":30,"deletions":10}}},{"hash":"c2ce2e7dea168475c6047854dfbac07c238a407f","isMergeCommit":false,"messageTitle":"add mark as done for task in Fredicksen.java Level-3","messageBody":"","tags":["Level-3"],"fileTypesAndContributionMap":{"java":{"insertions":23,"deletions":4}}},{"hash":"6b0252807ec955ea626c4d963bde1ecbae90b303","isMergeCommit":false,"messageTitle":"created new Task.java to encapsulate each Task and completed Level-4","messageBody":"","tags":["Level-4"],"fileTypesAndContributionMap":{"java":{"insertions":113,"deletions":33}}},{"hash":"242d024e9944ae85d553b171a9ac107b708f023b","isMergeCommit":false,"messageTitle":"add testcases for Fredricksen.java and completed A-TextUiTesting","messageBody":"","tags":["A-TextUiTesting"],"fileTypesAndContributionMap":{"txt":{"insertions":13,"deletions":0},"java":{"insertions":1,"deletions":0},"bat":{"insertions":1,"deletions":1}}},{"hash":"3cf667372c423356ebdb9f6ab9fbad48fcf48278","isMergeCommit":false,"messageTitle":"add error message for some invalid inputs to Fredricksen.java and completed Level-5","messageBody":"","tags":["Level-5"],"fileTypesAndContributionMap":{"java":{"insertions":48,"deletions":10}}},{"hash":"7043f833a694e1f095844248fa6396a84f94863a","isMergeCommit":false,"messageTitle":"add delete task feature to Fredricksen.java and completed Leve;-6","messageBody":"","tags":["Level-6"],"fileTypesAndContributionMap":{"java":{"insertions":29,"deletions":5}}},{"hash":"b44f793de433812b93cbbc35e3983fb4962f8c55","isMergeCommit":false,"messageTitle":"add enum for list of commands for Fredricksen.java and Completed A-enums","messageBody":"","tags":["A-Enums"],"fileTypesAndContributionMap":{"java":{"insertions":3,"deletions":1}}}]},{"date":"2024-01-28","commitResults":[{"hash":"80c5eceba7a775584fe7958ff4ba176a10ec4674","isMergeCommit":false,"messageTitle":"Add loadlist and updateList and completed Level-7","messageBody":"","fileTypesAndContributionMap":{"java":{"insertions":48,"deletions":2}}},{"hash":"6fdf442c10d3a478735f1e125a401e661e917390","isMergeCommit":true,"messageTitle":"Merge branch \u0027branch-Level-7\u0027","messageBody":"","tags":["Level-7"],"fileTypesAndContributionMap":{}}]},{"date":"2024-01-30","commitResults":[{"hash":"e109dd679c34e672dcd62620f3eb6dc44472edca","isMergeCommit":false,"messageTitle":"Add DateTime feature and Completed Level-8","messageBody":"","tags":["Level-8"],"fileTypesAndContributionMap":{"txt":{"insertions":0,"deletions":0},"java":{"insertions":73,"deletions":7}}},{"hash":"09100332d06b432f11f0a406c065c77364722439","isMergeCommit":true,"messageTitle":"Merge branch \u0027branch-Level-8\u0027","messageBody":"","fileTypesAndContributionMap":{}}]},{"date":"2024-01-31","commitResults":[{"hash":"7eb1ae99bad664e1d1b4ff710bbf671da5a3cb41","isMergeCommit":false,"messageTitle":"Add OOP abstractions and Completed A-MoreOOP","messageBody":"","tags":["A-MoreOOP"],"fileTypesAndContributionMap":{"java":{"insertions":398,"deletions":277}}},{"hash":"a60d1b286addf1bdf33f36722cc097f0367bb7ab","isMergeCommit":true,"messageTitle":"Merge branch \u0027branch-A-MoreOOP\u0027","messageBody":"","fileTypesAndContributionMap":{}},{"hash":"03719a235b2241b38268d293fd5a02acb9e3dc93","isMergeCommit":false,"messageTitle":"Add packages and Completed A-Packages","messageBody":"","tags":["A-Packages"],"fileTypesAndContributionMap":{"java":{"insertions":29,"deletions":4}}},{"hash":"defdbca5592dbcb2cb3cd201740df15d843e4af2","isMergeCommit":true,"messageTitle":"Merge branch \u0027branch-A-Packages\u0027","messageBody":"","fileTypesAndContributionMap":{}},{"hash":"49c6bcfc2fe9a29adb445d6f728072a9d00c09b3","isMergeCommit":true,"messageTitle":"Merge branch \u0027add-gradle-support\u0027 of https://github.com/Zack-Tay/ip","messageBody":"* \u0027add-gradle-support\u0027 of https://github.com/Zack-Tay/ip:\n  Bump gradle and lib version\n  Add Gradle support\n  docs/README.md: Tweak document template\n","tags":["A-Gradle"],"fileTypesAndContributionMap":{}}]},{"date":"2024-02-02","commitResults":[{"hash":"8d33fffec09fca79f3ce3e37d76adf9bb9afd333","isMergeCommit":false,"messageTitle":"Add JUnit UiTest and TaskTest","messageBody":"","fileTypesAndContributionMap":{"gradle":{"insertions":6,"deletions":1},"txt":{"insertions":1,"deletions":0},"java":{"insertions":526,"deletions":0},"bat":{"insertions":2,"deletions":2}}},{"hash":"682e8fce4f232e457c8cd6851e8d7ebd25f2e108","isMergeCommit":true,"messageTitle":"Merge pull request #1 from Zack-Tay/branch-A-JUnit","messageBody":"Add JUnit UiTest and TaskTest","fileTypesAndContributionMap":{}},{"hash":"add2b6a33d32a53d34f6ae96733695678bd400f1","isMergeCommit":false,"messageTitle":"Add Junit UiTest and TaskTest","messageBody":"","tags":["A-JUnit"],"fileTypesAndContributionMap":{"java":{"insertions":1,"deletions":466}}},{"hash":"8337fa128bcc47c48c03f9b4b786d4585318bd02","isMergeCommit":true,"messageTitle":"Merge branch \u0027branch-A-JUnit\u0027","messageBody":"","tags":["A-tag","A-Jar"],"fileTypesAndContributionMap":{}},{"hash":"f13afb2f6c7a460a65bff6406f19cbb4bb07d797","isMergeCommit":false,"messageTitle":"Add Javadocs to public methods and classes","messageBody":"","tags":["A-JavaDoc"],"fileTypesAndContributionMap":{"gradle":{"insertions":1,"deletions":1},"java":{"insertions":113,"deletions":22}}},{"hash":"7c9d3a05d4f7af3c6f7241e8d8065092366fb854","isMergeCommit":false,"messageTitle":"Add Coding standards and checkstyle","messageBody":"","tags":["A-CodingStandard"],"fileTypesAndContributionMap":{"java":{"insertions":39,"deletions":31}}},{"hash":"bbe9fabc9cbd91cf0a838b78035061b9797b85ae","isMergeCommit":false,"messageTitle":"Add find command for keywords of tasks","messageBody":"","tags":["Level-9","Find"],"fileTypesAndContributionMap":{"txt":{"insertions":0,"deletions":1},"java":{"insertions":77,"deletions":44}}},{"hash":"2a5046bdefda1a3b8a879533bba24014f7f038ba","isMergeCommit":true,"messageTitle":"Merge branch \u0027branch-A-JavaDoc\u0027","messageBody":"","fileTypesAndContributionMap":{}},{"hash":"ff7c5ff6856f42bcced7e5dbb0fc0b7e05997281","isMergeCommit":true,"messageTitle":"Merge branch \u0027branch-A-CodingStandard\u0027","messageBody":"","fileTypesAndContributionMap":{}},{"hash":"0254ef1e7eb01d6f00094b0436ef9db055eb5350","isMergeCommit":true,"messageTitle":"Merge branch \u0027branch-Level-9\u0027","messageBody":"","fileTypesAndContributionMap":{}}]},{"date":"2024-02-06","commitResults":[{"hash":"c0aabaf1a31d5640975a204036f3ee7dd397ffa6","isMergeCommit":false,"messageTitle":"Add TaskType package","messageBody":"","fileTypesAndContributionMap":{"gradle":{"insertions":15,"deletions":0},"txt":{"insertions":1,"deletions":0},"java":{"insertions":317,"deletions":221}}},{"hash":"c54d41018c551d6f773a6d05828bffe5d7984284","isMergeCommit":false,"messageTitle":"Add TaskType package","messageBody":"","fileTypesAndContributionMap":{"txt":{"insertions":8,"deletions":0},"java":{"insertions":21,"deletions":11}}},{"hash":"94e52a3b40c3219e87249a052deff267a58b7624","isMergeCommit":true,"messageTitle":"Merge branch \u0027branch-refactor\u0027","messageBody":"","fileTypesAndContributionMap":{}},{"hash":"3caaab419220dbe38154dd9f31be6c1f9fdd66eb","isMergeCommit":false,"messageTitle":"Add checkstyle for class methods","messageBody":"","tags":["A-CheckStyle"],"fileTypesAndContributionMap":{"java":{"insertions":5,"deletions":1}}},{"hash":"74c87798791a5ecad5b8f2cce8df7dabb6b92e4f","isMergeCommit":true,"messageTitle":"Merge branch \u0027branch-CheckStyle\u0027","messageBody":"","fileTypesAndContributionMap":{}}]}]},"authorFileTypeContributionMap":{"Zack-Tay":{"java":768,"md":0,"fxml":0,"sh":0,"bat":0,"gradle":20,"txt":22}},"authorContributionVariance":{"Zack-Tay":118428.37},"authorDisplayNameMap":{"Zack-Tay":"CS2103T-T09-4 TAY .. KAI"}}
