{"authorDailyContributionsMap":{"CaptainKeqing":[{"date":"2024-01-24","commitResults":[{"hash":"d53f6771c41b57d5668d18a9e797f1dbfa4d63f9","isMergeCommit":false,"messageTitle":"Renamed Duke.java to Lindi.java, implemented simple greet and exit","messageBody":"","tags":["Level-0"],"fileTypesAndContributionMap":{"java":{"insertions":21,"deletions":10}}},{"hash":"88004561d0c249a7ca098f015958a93fa0be025b","isMergeCommit":false,"messageTitle":"Refactored good bye message to a function call goodByeAndExit(), which also terminates the program. Removed junk comments","messageBody":"","fileTypesAndContributionMap":{"java":{"insertions":7,"deletions":9}}},{"hash":"ecb439b0d4407c69887b9bc522e98567d83c1447","isMergeCommit":false,"messageTitle":"Refactored greeting messages into a function call greeting().","messageBody":"","fileTypesAndContributionMap":{"java":{"insertions":8,"deletions":5}}},{"hash":"2c30711304b61fbd8b729cd3082230bb0bf979c9","isMergeCommit":false,"messageTitle":"Added chatLoop that echoes what the user types, and exists when user types \u0027bye\u0027","messageBody":"","tags":["Level-1"],"fileTypesAndContributionMap":{"java":{"insertions":17,"deletions":0}}}]},{"date":"2024-01-25","commitResults":[{"hash":"c7c75a5f7f9cff18fd997325ad7eaa94e2e73d78","isMergeCommit":false,"messageTitle":"Created function parseInputAndExecute and condensed all such parsing userInput functionality into that. Added add, list capabilities for tasks","messageBody":"","fileTypesAndContributionMap":{"java":{"insertions":53,"deletions":14}}},{"hash":"e27bafe2373bc2211084a60d1332b4aaa691fdff","isMergeCommit":false,"messageTitle":"Improved UI by improving feedback when task added","messageBody":"","tags":["Level-2"],"fileTypesAndContributionMap":{"java":{"insertions":1,"deletions":1}}},{"hash":"5451a626043902ed8145366e754d394c6bb5ab3b","isMergeCommit":false,"messageTitle":"Created Task.java class and modified Lindi.java to handle the changed representation of tasks as Task not String","messageBody":"","fileTypesAndContributionMap":{"java":{"insertions":27,"deletions":5}}},{"hash":"c461f9ee24f47a9a5b176c0f70ddf8ab10d0372d","isMergeCommit":false,"messageTitle":"Added function to mark tasks as done and undone","messageBody":"","tags":["Level-3"],"fileTypesAndContributionMap":{"java":{"insertions":74,"deletions":2}}},{"hash":"a9d1283cd1374f517967cd75ec7b9b49c8e2c47e","isMergeCommit":false,"messageTitle":"Created classes Deadline, Event and ToDo","messageBody":"","fileTypesAndContributionMap":{"java":{"insertions":36,"deletions":0}}},{"hash":"c2a1521d1d3d16c8398b8176c332a58d7ea23ec2","isMergeCommit":false,"messageTitle":"Removed complicated logic check for mark and unmark. Will handle them in future with error handling","messageBody":"","fileTypesAndContributionMap":{"java":{"insertions":5,"deletions":26}}},{"hash":"4738791ff53843dc4c874106e8f34929efe5fdc4","isMergeCommit":false,"messageTitle":"Made Task abstract and factory method for the 3 subclasses","messageBody":"","fileTypesAndContributionMap":{"java":{"insertions":28,"deletions":8}}},{"hash":"8cfc29ff1e57a0308416aba7721593dd9197c71e","isMergeCommit":false,"messageTitle":"Added supported for tracking ToDos, Deadlines and Events","messageBody":"","tags":["Level-4"],"fileTypesAndContributionMap":{"java":{"insertions":17,"deletions":9}}},{"hash":"4b6940cb8cd3abda2a5a465eaff2e786186971a3","isMergeCommit":false,"messageTitle":"Improved text UI response","messageBody":"","fileTypesAndContributionMap":{"java":{"insertions":2,"deletions":1}}}]},{"date":"2024-01-26","commitResults":[{"hash":"dbf49244a1576212afbaec795096e6026c68a143","isMergeCommit":false,"messageTitle":"Tested using I/O redirection for automated testing. Changed method to receive input to use the Scanner object, as it can take in file input as well","messageBody":"","tags":["A-TextUiTesting"],"fileTypesAndContributionMap":{"txt":{"insertions":10,"deletions":0},"java":{"insertions":4,"deletions":5},"sh":{"insertions":2,"deletions":2}}}]}]},"authorFileTypeContributionMap":{"CaptainKeqing":{"java":215,"md":0,"fxml":0,"sh":2,"bat":0,"gradle":0,"txt":10}},"authorContributionVariance":{"CaptainKeqing":10128.609},"authorDisplayNameMap":{"CaptainKeqing":"LOH ..OVAN"}}
