{"authorDailyContributionsMap":{"Austintjh19":[{"date":"2024-01-23","commitResults":[{"hash":"e76a88b897270a0ee9c5e63a25a0ac76047a3209","isMergeCommit":false,"messageTitle":"Commit Level 0. Rename, Greet, Exit.","messageBody":"","fileTypesAndContributionMap":{"java":{"insertions":30,"deletions":10}}},{"hash":"4c494bc5289e41bce4755c4c5a0c829da6459305","isMergeCommit":false,"messageTitle":"Adding Level-0 Tag.","messageBody":"","fileTypesAndContributionMap":{"java":{"insertions":1,"deletions":0}}},{"hash":"b8d62d546ed5af28df3c4126acdf9e5664f92a58","isMergeCommit":false,"messageTitle":"Commit Level 0. Rename, Greet, Exit.","messageBody":"","fileTypesAndContributionMap":{"java":{"insertions":0,"deletions":1}}},{"hash":"5b502386b3778f1fdac680d8141ed9a244b79634","isMergeCommit":false,"messageTitle":"Commit Level 0. Rename, Greet, Exit.","messageBody":"","tags":["Level-0"],"fileTypesAndContributionMap":{"java":{"insertions":1,"deletions":0}}},{"hash":"b71ed3dbc6649b2c79478f96b5c351e5125afdf2","isMergeCommit":false,"messageTitle":"Level 1. Echo. { Added New Class ChatInterface. }","messageBody":"","fileTypesAndContributionMap":{"java":{"insertions":41,"deletions":12}}},{"hash":"ea8589a13ff75fdb96e6dec8962f036b5303ed0f","isMergeCommit":false,"messageTitle":"Level 1. Echo. { Removed chat interface class }","messageBody":"","fileTypesAndContributionMap":{"java":{"insertions":40,"deletions":41}}},{"hash":"b6ca1ae9469b2f0252ec1ee148260c4699f537fd","isMergeCommit":false,"messageTitle":"Commit Level 0. Rename, Greet, Exit.","messageBody":"","fileTypesAndContributionMap":{"java":{"insertions":1,"deletions":0}}},{"hash":"2976462740c3a4b0968307cbd77713cab99b743f","isMergeCommit":false,"messageTitle":"Commit Level 0. Rename, Greet, Exit.","messageBody":"","fileTypesAndContributionMap":{"java":{"insertions":0,"deletions":1}}},{"hash":"2fd924605ab7bbf0f0c710d858c2c69abb23034b","isMergeCommit":false,"messageTitle":"Commit Level 0. Rename, Greet, Exit.","messageBody":"","fileTypesAndContributionMap":{"java":{"insertions":1,"deletions":0}}},{"hash":"f564c76903a7879e1eb17d46ce40be306d4a15e5","isMergeCommit":false,"messageTitle":"Level 1. Echo. { Added New Class ChatInterface. }","messageBody":"","fileTypesAndContributionMap":{"java":{"insertions":41,"deletions":12}}},{"hash":"ace8087275b7fc5f25fa7c063826ed4fdb81da9a","isMergeCommit":false,"messageTitle":"Level 1. Echo. { Removed chat interface class }","messageBody":"","fileTypesAndContributionMap":{"java":{"insertions":40,"deletions":41}}},{"hash":"026fb1d72aab62d0bbda73897b3ea9735e89eab6","isMergeCommit":false,"messageTitle":"Level 1. Echo. { Removed chat interface class }","messageBody":"","tags":["Level-1"],"fileTypesAndContributionMap":{"java":{"insertions":1,"deletions":0}}},{"hash":"7796dd888bcf2ba2411dcf3f8e2743964c33d66b","isMergeCommit":false,"messageTitle":"Level 2. Add, List. { UserInputs Class added. }","messageBody":"","tags":["Level-2"],"fileTypesAndContributionMap":{"java":{"insertions":38,"deletions":3}}},{"hash":"bc66663b1ddb2a8cbfefda86e6a2cb56a0ef6f00","isMergeCommit":false,"messageTitle":"Level 3. Mark as Done. { Refractor UserInputs class to TaskManager }","messageBody":"","fileTypesAndContributionMap":{"java":{"insertions":21,"deletions":21}}},{"hash":"6f87771f1210c5640cbedc9f229e99e9d2d4e637","isMergeCommit":false,"messageTitle":"Level 3. Mark as Done. { Create new class Task }","messageBody":"","fileTypesAndContributionMap":{"java":{"insertions":26,"deletions":6}}},{"hash":"2b67132833f272da8ad15435de52525eb66c2d41","isMergeCommit":false,"messageTitle":"Level 3. Mark as Done. { Completed }","messageBody":"","tags":["Level-3"],"fileTypesAndContributionMap":{"java":{"insertions":38,"deletions":1}}},{"hash":"9d25cefd30a90b74cc612227e0a81220844bb01d","isMergeCommit":false,"messageTitle":"Level 4. ToDos, Events, Deadlines. { Added DeadlineTask, ToDoTask \u0026 Event Task class. Modified Osiris to use case statements. Modified Osiris to handle String to Integer Exceptions }","messageBody":"","fileTypesAndContributionMap":{"java":{"insertions":80,"deletions":17}}}]},{"date":"2024-01-24","commitResults":[{"hash":"a2c8a7e1aa55c71d874a3f17601fa6b0a437031c","isMergeCommit":false,"messageTitle":"Level 4. ToDos, Events, Deadlines. { Completed }","messageBody":"","tags":["Level-4"],"fileTypesAndContributionMap":{"java":{"insertions":81,"deletions":4}}},{"hash":"ca89d57073a36f420a5a593ffd06636f590067d7","isMergeCommit":false,"messageTitle":"A-TextUiTesting. Level-4. { Passed }","messageBody":"","tags":["A-TextUiTesting"],"fileTypesAndContributionMap":{"txt":{"insertions":15,"deletions":0},"java":{"insertions":1,"deletions":1},"sh":{"insertions":1,"deletions":1}}},{"hash":"15b79e479ac2fbf77ef16fc9aaf993d472f4e976","isMergeCommit":false,"messageTitle":"Level 5. Handle Errors. { Validation Check and Exception Handling for Mark \u0026 Unmark Task }","messageBody":"","fileTypesAndContributionMap":{"java":{"insertions":80,"deletions":33}}},{"hash":"57d54fa54432bfbc04712651dc136305ff5e2556","isMergeCommit":false,"messageTitle":"Level 5. Handle Errors. { Completed. Incorporated validation checks for user inputs. Felt that it was more appropriate than Exceptions. However, did create a InvalidTaskException for future modifications. }","messageBody":"","tags":["Level-5"],"fileTypesAndContributionMap":{"java":{"insertions":49,"deletions":20}}},{"hash":"b18c82f10cb0c6e641977f29505cfb19e63ac89f","isMergeCommit":false,"messageTitle":"Level 6. Delete. { Completed.  Validation checks and Exception Handling were incorporated. }","messageBody":"","tags":["Level-6"],"fileTypesAndContributionMap":{"java":{"insertions":45,"deletions":4}}}]},{"date":"2024-01-28","commitResults":[{"hash":"bfcdab6101b36fa9a0984ea85cbb6c024f018e47","isMergeCommit":false,"messageTitle":"Chatbot Introductions Modification.","messageBody":"","fileTypesAndContributionMap":{"java":{"insertions":19,"deletions":0}}},{"hash":"1d54461876c7456a28395382a77e7f1a7ece6c60","isMergeCommit":false,"messageTitle":"Level 7. Save. { Check Branch }","messageBody":"","fileTypesAndContributionMap":{"java":{"insertions":1,"deletions":0}}},{"hash":"431ed2e214f4bd783e5c09d9530fa9792d0c1ced","isMergeCommit":false,"messageTitle":"Level 7. Save. { Branch Testing }","messageBody":"","fileTypesAndContributionMap":{"java":{"insertions":1,"deletions":1}}},{"hash":"8ac5ae6ac5481bed7d6f29a5414f88466a9e326b","isMergeCommit":false,"messageTitle":"Level 7. Save. { Branch Check }","messageBody":"","fileTypesAndContributionMap":{"java":{"insertions":1,"deletions":0}}},{"hash":"d42e571d235f23f303ed269d6e4c967d933da254","isMergeCommit":false,"messageTitle":"Level 7. Save. { Branch Testing Done. }","messageBody":"","fileTypesAndContributionMap":{"java":{"insertions":1,"deletions":1}}},{"hash":"2e10ab221a37b6ab7e427579e31dd1ba78b18ecf","isMergeCommit":false,"messageTitle":"Level 7. Save. { New Storage \u0026 TxtFileStorage Classes }.","messageBody":"","fileTypesAndContributionMap":{"java":{"insertions":106,"deletions":0}}}]},{"date":"2024-01-29","commitResults":[{"hash":"c4dc3be605ddf382b1f67e18988fa6f86f19cb82","isMergeCommit":false,"messageTitle":"Level 7. Save. { Completed File Storing of Task }","messageBody":"","fileTypesAndContributionMap":{"txt":{"insertions":4,"deletions":0},"java":{"insertions":97,"deletions":45}}},{"hash":"51639e00c0cb8955acf28baef84c8d11d79c2630","isMergeCommit":false,"messageTitle":"Level 7. Save. { Complete }","messageBody":"","fileTypesAndContributionMap":{"txt":{"insertions":5,"deletions":4},"java":{"insertions":66,"deletions":41}}},{"hash":"f3e6ac55929e71e587f74588fe550d716cba1bc8","isMergeCommit":true,"messageTitle":"Merge branch \u0027branch-Level-7\u0027","messageBody":"","tags":["Level-7"],"fileTypesAndContributionMap":{}},{"hash":"e37b382f8e3859bc9e8b6ee7901bacc5dc322bc9","isMergeCommit":false,"messageTitle":"Level 8. Dates and Times. { Branch Test }","messageBody":"","fileTypesAndContributionMap":{"java":{"insertions":1,"deletions":1}}},{"hash":"82373516dc19a54b84ee0ff355dcc522f256fc8b","isMergeCommit":false,"messageTitle":"Level 8. Dates and Times. { Branch Test }","messageBody":"","fileTypesAndContributionMap":{"java":{"insertions":1,"deletions":1}}},{"hash":"ed156855017cfddd1da440b88c44ca15a205b2bf","isMergeCommit":false,"messageTitle":"Level 8. Dates \u0026 Times. { Created Ui Class }","messageBody":"","fileTypesAndContributionMap":{"java":{"insertions":169,"deletions":1}}},{"hash":"d998bf4d6e775cd327d3f69f5cafdd7d79974b76","isMergeCommit":false,"messageTitle":"Level 8. Dates \u0026 Times { Ui class Integrated. }","messageBody":"","fileTypesAndContributionMap":{"txt":{"insertions":2,"deletions":2},"java":{"insertions":45,"deletions":87}}},{"hash":"4dca25d484ebb32da9ab8aefb34dd3392f880b75","isMergeCommit":false,"messageTitle":"Level 8. Dates and Times. { Refractor classes, created new classes InputInterpreter and Command. }","messageBody":"","fileTypesAndContributionMap":{"txt":{"insertions":2,"deletions":2},"java":{"insertions":343,"deletions":6}}}]},{"date":"2024-01-30","commitResults":[{"hash":"5f2fcec7c80cbaaa22ffcd263f4368b12b3ebcc9","isMergeCommit":false,"messageTitle":"Level 8. Dates and Times. { Added InputsValidator Class }","messageBody":"","fileTypesAndContributionMap":{"java":{"insertions":198,"deletions":64}}},{"hash":"1aaa6f2005d1a115716d240f530b4e2c8e506c0e","isMergeCommit":false,"messageTitle":"Level 8. Dates and Times. { Integration of InputInterpreter, Command, \u0026 Validation Class }","messageBody":"","fileTypesAndContributionMap":{"txt":{"insertions":5,"deletions":1},"java":{"insertions":27,"deletions":216}}},{"hash":"983779a20b5371ab2ba6f51f8faa265ebca3974c","isMergeCommit":false,"messageTitle":"Level 8. Date and Times. { Task now stores LocalDate and LocalDateTime. Integrated it with TaskManager and UI. }","messageBody":"","fileTypesAndContributionMap":{"txt":{"insertions":7,"deletions":8},"java":{"insertions":171,"deletions":75}}},{"hash":"a15166d16850ea0e7a5d184edf62f16049ab37b0","isMergeCommit":false,"messageTitle":"Level 8. Dates and Times. { Added Validation for Date Time inputs. }","messageBody":"","fileTypesAndContributionMap":{"txt":{"insertions":1,"deletions":0},"java":{"insertions":79,"deletions":5}}},{"hash":"18d4ca8fe533ee13e5b11adbed6b85c413fc4999","isMergeCommit":true,"messageTitle":"Merge branch \u0027branch-Level-8\u0027","messageBody":"","tags":["Level-8","A-MoreOOP"],"fileTypesAndContributionMap":{}},{"hash":"c1b14d3f2a48494502cda5f9b2f3e26b824a8db1","isMergeCommit":false,"messageTitle":"A-Packages. { Completed }","messageBody":"","tags":["A-Packages"],"fileTypesAndContributionMap":{"txt":{"insertions":0,"deletions":0},"java":{"insertions":70,"deletions":66}}}]}]},"authorFileTypeContributionMap":{"Austintjh19":{"java":1194,"md":0,"fxml":0,"sh":1,"bat":0,"gradle":0,"txt":24}},"authorContributionVariance":{"Austintjh19":130517.305},"authorDisplayNameMap":{"Austintjh19":"CS2103T-T16-1 TAN ..HENG"}}
