{"authorDailyContributionsMap":{"gavin331":[{"date":"2024-01-22","commitResults":[{"hash":"1602eccd7dbd3377c9faa5dd2ae9b8899f6c4464","isMergeCommit":false,"messageTitle":"Implemented Level-0","messageBody":"","fileTypesAndContributionMap":{"java":{"insertions":8,"deletions":6}}},{"hash":"3d91fd6948e6a7bae2f2b479f5f03b11be49f9c5","isMergeCommit":false,"messageTitle":"Added BartenderBob class","messageBody":"","tags":["Level-1"],"fileTypesAndContributionMap":{"java":{"insertions":29,"deletions":8}}},{"hash":"c82796684190511d79ebecee7349da4b9ee0755f","isMergeCommit":false,"messageTitle":"Added storage and its functions","messageBody":"","tags":["Level-2"],"fileTypesAndContributionMap":{"java":{"insertions":19,"deletions":2}}},{"hash":"b1c132d83fdc2756f1ca480971d09eaa706b2cc7","isMergeCommit":false,"messageTitle":"Added InputHandler and Task classes","messageBody":"","tags":["Level-3"],"fileTypesAndContributionMap":{"java":{"insertions":87,"deletions":22}}}]},{"date":"2024-01-23","commitResults":[{"hash":"b9aa39393708054e941fa8d5dcc24b981cc2d2aa","isMergeCommit":false,"messageTitle":"Added Deadline and Event classes","messageBody":"","tags":["Level-4"],"fileTypesAndContributionMap":{"java":{"insertions":71,"deletions":19}}}]},{"date":"2024-01-24","commitResults":[{"hash":"330030c402e45f284cf8c5ea8bff0240f29b80c4","isMergeCommit":false,"messageTitle":"Filled in test cases in expected.txt and input.txt","messageBody":"","tags":["A-TextUiTesting"],"fileTypesAndContributionMap":{"txt":{"insertions":11,"deletions":0},"java":{"insertions":1,"deletions":1}}},{"hash":"0768a7d9d6b35d320ff4bf38af20c07036b62ca0","isMergeCommit":false,"messageTitle":"Created BartenderBobException to handle exceptions","messageBody":"","tags":["Level-5"],"fileTypesAndContributionMap":{"java":{"insertions":62,"deletions":27}}},{"hash":"813d6e00d677d6ffeb382e341c8484647c78004c","isMergeCommit":false,"messageTitle":"Implemented delete, updated tests and exceptions","messageBody":"","tags":["Level-6"],"fileTypesAndContributionMap":{"txt":{"insertions":9,"deletions":0},"java":{"insertions":54,"deletions":17}}}]}]},"authorFileTypeContributionMap":{"gavin331":{"java":235,"md":0,"fxml":0,"sh":0,"bat":0,"gradle":0,"txt":20}},"authorContributionVariance":{"gavin331":6630.5835},"authorDisplayNameMap":{"gavin331":"GAVI.. WEI"}}
