{"authorDailyContributionsMap":{"Wongqingyee":[{"date":"2024-01-25","commitResults":[{"hash":"e1b6d3d7e6a956692f364330f868d55873bf2b52","isMergeCommit":false,"messageTitle":"Level-0: Rename, Greet, Exit","messageBody":"","tags":["Level-0"],"fileTypesAndContributionMap":{"java":{"insertions":5,"deletions":0}}},{"hash":"d46be91875cb5a6421501ee0f06ec97368535c25","isMergeCommit":false,"messageTitle":"Level 1: Echo","messageBody":"","tags":["Level-1"],"fileTypesAndContributionMap":{"java":{"insertions":34,"deletions":9}}},{"hash":"18ba89a22f464776f46e48f669a8f5a14c5ffed2","isMergeCommit":false,"messageTitle":"Level 2: Add, List","messageBody":"","tags":["Level-2"],"fileTypesAndContributionMap":{"java":{"insertions":32,"deletions":6}}},{"hash":"206787403cf696499898f25e87a5cc6a93695c28","isMergeCommit":false,"messageTitle":"Level 3: Mark as Done","messageBody":"","tags":["Level-3"],"fileTypesAndContributionMap":{"java":{"insertions":55,"deletions":8}}},{"hash":"005b793b327c576627a05c676c35ee45811b2f4d","isMergeCommit":false,"messageTitle":"Level 4: ToDos, Events, Deadlines","messageBody":"","tags":["Level-4"],"fileTypesAndContributionMap":{"java":{"insertions":76,"deletions":6}}},{"hash":"ddb7f088ef2d993eefea8ec128221fc804f280fa","isMergeCommit":false,"messageTitle":"A-TextUiTesting: Automated Text UI Testing","messageBody":"","tags":["A-TextUiTesting"],"fileTypesAndContributionMap":{"txt":{"insertions":5,"deletions":0},"java":{"insertions":45,"deletions":1}}},{"hash":"cd9202d282f7682fc00022ddaabeadc83811262f","isMergeCommit":false,"messageTitle":"Level 5:Handle Errors","messageBody":"","tags":["Level-5"],"fileTypesAndContributionMap":{"txt":{"insertions":5,"deletions":1},"java":{"insertions":78,"deletions":33}}},{"hash":"17643497a23460d6d5d808c96623c02d1e9fa4b5","isMergeCommit":false,"messageTitle":"Level 6: Delete","messageBody":"","tags":["Level-6"],"fileTypesAndContributionMap":{"txt":{"insertions":1,"deletions":0},"java":{"insertions":29,"deletions":14}}},{"hash":"390adc76882c9796fecc81401b73fed0931badaa","isMergeCommit":false,"messageTitle":"A-Enums: Use Enums","messageBody":"","tags":["A-Enums"],"fileTypesAndContributionMap":{"java":{"insertions":37,"deletions":25}}}]},{"date":"2024-02-02","commitResults":[{"hash":"b2d4b44e7031f0e56247bc54cf67cdb2f7d8c524","isMergeCommit":false,"messageTitle":"Level 7: Save","messageBody":"","fileTypesAndContributionMap":{"txt":{"insertions":1,"deletions":0},"java":{"insertions":116,"deletions":8}}},{"hash":"1ed3babc61f158a4d1865f1e9db4645321b1051c","isMergeCommit":true,"messageTitle":"Merge branch \u0027branch-Level-7\u0027","messageBody":"","tags":["Level-7"],"fileTypesAndContributionMap":{}}]},{"date":"2024-02-03","commitResults":[{"hash":"e8d0a5c4fad477f919d56db254ee9cf87ab95e8c","isMergeCommit":false,"messageTitle":"Level-8: Dates and Time","messageBody":"","fileTypesAndContributionMap":{"txt":{"insertions":0,"deletions":1},"java":{"insertions":67,"deletions":11}}},{"hash":"ccabedb38f21a18d078fd66e73b1eb6ef7dd9e85","isMergeCommit":false,"messageTitle":"Level-8: Dates and Time","messageBody":"","fileTypesAndContributionMap":{"txt":{"insertions":2,"deletions":0}}},{"hash":"1d662b5dc4f76c6dc52429bf172b9ec5bf2194e2","isMergeCommit":true,"messageTitle":"Merge branch \u0027branch-Level-8\u0027","messageBody":"","tags":["Level-8"],"fileTypesAndContributionMap":{}}]},{"date":"2024-02-04","commitResults":[{"hash":"78f4964c0803d2b2fdc738eecf1a3efcdcc3d039","isMergeCommit":false,"messageTitle":"A-MoreOOP: Use more OOP","messageBody":"","fileTypesAndContributionMap":{"txt":{"insertions":3,"deletions":2},"java":{"insertions":487,"deletions":287}}},{"hash":"d82dc3d08d78aa08064881acba6b8c1b2de9dd15","isMergeCommit":true,"messageTitle":"Merge branch \u0027branch-A-MoreOOP\u0027","messageBody":"","tags":["A-MoreOOP"],"fileTypesAndContributionMap":{}},{"hash":"e3274d1206a2bc1dcbe0b730b64b34a305ad1f4b","isMergeCommit":false,"messageTitle":"A-Packages: Organize into packages","messageBody":"","fileTypesAndContributionMap":{"java":{"insertions":125,"deletions":10},"bat":{"insertions":1,"deletions":1},"md":{"insertions":2,"deletions":2}}},{"hash":"d020bc85059c0e23b01da9a8868e6d49cb6cc895","isMergeCommit":true,"messageTitle":"Merge branch \u0027branch-A-Packages\u0027","messageBody":"","tags":["A-Packages"],"fileTypesAndContributionMap":{}},{"hash":"49b54ac05fbc4088033f15dd856cba59783f490a","isMergeCommit":true,"messageTitle":"Merge remote-tracking branch \u0027origin/add-gradle-support\u0027","messageBody":"","fileTypesAndContributionMap":{}},{"hash":"94dea558c5eb9b74f10ccbf47de1a333955135ef","isMergeCommit":false,"messageTitle":"A-Gradle: Use Gradle to checkstyle","messageBody":"","fileTypesAndContributionMap":{"gradle":{"insertions":5,"deletions":0},"java":{"insertions":13,"deletions":1}}},{"hash":"171d0c3f875f3bea4302a154eab39ced8a6f5294","isMergeCommit":true,"messageTitle":"Merge branch \u0027branch-A-Gradle\u0027","messageBody":"","tags":["A-Gradle"],"fileTypesAndContributionMap":{}},{"hash":"6af0c70bbecb57ac2d696ae9a5828e75aa0f981c","isMergeCommit":false,"messageTitle":"A-JUnit: Add JUnit tests for mark, unmark and delete","messageBody":"","fileTypesAndContributionMap":{"gradle":{"insertions":1,"deletions":1},"txt":{"insertions":3,"deletions":3},"java":{"insertions":233,"deletions":40}}},{"hash":"e5e4748b2057cb03e591f3e7f231d9f04b1f2801","isMergeCommit":true,"messageTitle":"Merge branch \u0027branch-A-JUnit\u0027","messageBody":"","tags":["A-JUnit"],"fileTypesAndContributionMap":{}},{"hash":"7d2896c57d58d7f23b8abfc56ac48ba125eee8b2","isMergeCommit":false,"messageTitle":"A-Jar: Create a JAR file","messageBody":"","fileTypesAndContributionMap":{"gradle":{"insertions":1,"deletions":3},"txt":{"insertions":0,"deletions":2}}},{"hash":"f36284f8ea26e9736759abfaa3cc30e938d0eca4","isMergeCommit":true,"messageTitle":"Merge branch \u0027branch-A-Jar\u0027","messageBody":"","tags":["A-Jar"],"fileTypesAndContributionMap":{}}]}]},"authorFileTypeContributionMap":{"Wongqingyee":{"java":982,"md":2,"fxml":0,"sh":0,"bat":1,"gradle":5,"txt":11}},"authorContributionVariance":{"Wongqingyee":91740.18},"authorDisplayNameMap":{"Wongqingyee":"CS2103T-T09-1 WONG.. YEE"}}
