[{"path":"src/main/java/Duke.java","fileType":"java","lines":[{"lineNumber":1,"author":{"gitId":"-"},"content":"public class Duke {","lastModifiedDate":"2019-07-29"},{"lineNumber":2,"author":{"gitId":"-"},"content":"    public static void main(String[] args) {","lastModifiedDate":"2019-07-29"},{"lineNumber":3,"author":{"gitId":"gingerbreaf"},"content":"        String message \u003d \"Hello! I\u0027m Jerry.\\n\" + \"Anything I can do for you? \\n\" + \"Bye!\";","lastModifiedDate":"2024-01-24"},{"lineNumber":4,"author":{"gitId":"gingerbreaf"},"content":"        System.out.println(message);","lastModifiedDate":"2024-01-24"},{"lineNumber":5,"author":{"gitId":"-"},"content":"    }","lastModifiedDate":"2019-07-29"},{"lineNumber":6,"author":{"gitId":"-"},"content":"}","lastModifiedDate":"2019-07-29"}],"authorContributionMap":{"-":4,"gingerbreaf":2}}]
