{"authorDailyContributionsMap":{"ChrisHo1341":[{"date":"2024-01-25","commitResults":[{"hash":"3a70965d4ba567336f402c4e8211a93327391e3c","isMergeCommit":false,"messageTitle":"Level-0","messageBody":"Level-0 thing\n","tags":["Level-0"],"fileTypesAndContributionMap":{"java":{"insertions":13,"deletions":6}}},{"hash":"1f0da0bd6d8625f00c3fbb5ad7e7b689a42cce32","isMergeCommit":false,"messageTitle":"Level 1","messageBody":"","tags":["Level-1"],"fileTypesAndContributionMap":{"java":{"insertions":24,"deletions":4}}}]},{"date":"2024-02-01","commitResults":[{"hash":"f38e85a78fd2e8b948eaad61d68209bda7f1fe7b","isMergeCommit":false,"messageTitle":"Update Duke.java and add TaskList","messageBody":"Add new feature to Duke.\nStore all inputs into a list and output the full list when \"list\" is input\n","tags":["Level-2"],"fileTypesAndContributionMap":{"java":{"insertions":35,"deletions":4}}}]},{"date":"2024-02-04","commitResults":[{"hash":"56fbc4f7c1861b60b73b808a406c3765ab77f6d6","isMergeCommit":false,"messageTitle":"Update Duke.java and add Task class","messageBody":"Add marking feature for tasks\n","tags":["Level-3"],"fileTypesAndContributionMap":{"java":{"insertions":67,"deletions":8}}}]},{"date":"2024-02-05","commitResults":[{"hash":"9b2a3351d8ae9b28b51d2e07e39b74521ff5b573","isMergeCommit":false,"messageTitle":"Update Duke.java and add different types of tasks","messageBody":"Add new types of tasks such as todo, event and deadline. Create chatbot class.\n","tags":["Level-4"],"fileTypesAndContributionMap":{"java":{"insertions":80,"deletions":37}}}]},{"date":"2024-02-08","commitResults":[{"hash":"79377043e25d8ce0d7736b131aa77aebfdb9a84e","isMergeCommit":false,"messageTitle":"Update ChatBot.java","messageBody":"Add exception handling for invalid inputs\n","tags":["Level-5"],"fileTypesAndContributionMap":{"java":{"insertions":37,"deletions":6}}},{"hash":"69415bc9972d1b44c7e7c486b373b386ed932be3","isMergeCommit":false,"messageTitle":"Update TaskList.java and ChatBot.java","messageBody":"Add feature to delete tasks from task list\n","tags":["Level-6"],"fileTypesAndContributionMap":{"java":{"insertions":11,"deletions":1}}}]}]},"authorFileTypeContributionMap":{"ChrisHo1341":{"java":207,"md":0,"fxml":0,"sh":0,"bat":0,"gradle":0,"txt":0}},"authorContributionVariance":{"ChrisHo1341":989.932},"authorDisplayNameMap":{"ChrisHo1341":"CS2103-F15-3 HO W..PHER"}}
