{"authorDailyContributionsMap":{"xuwen-ho":[{"date":"2024-01-23","commitResults":[{"hash":"a94449fbebd53dbc01add5c8da386bbffacff568","isMergeCommit":false,"messageTitle":"Made chatbot recite its name, greet the user, before saying goodbye","messageBody":"","tags":["Level-0"],"fileTypesAndContributionMap":{"java":{"insertions":23,"deletions":0}}},{"hash":"ba3c4b34e9986f7b3b96f9be37a7c4809b79f78d","isMergeCommit":false,"messageTitle":"Implemented Echo functionality Implemented Exit functionality upon using \u0027bye\u0027 command","messageBody":"","tags":["Level-1"],"fileTypesAndContributionMap":{"java":{"insertions":24,"deletions":2}}},{"hash":"eb26cd9ece40ed818e7229333c3fe56fa6622111","isMergeCommit":false,"messageTitle":"Added Storage class Added feature to add tasks as well as to display tasks","messageBody":"","tags":["Level-2"],"fileTypesAndContributionMap":{"java":{"insertions":33,"deletions":5}}}]},{"date":"2024-01-29","commitResults":[{"hash":"8850ddfe3847f95263087383a5ea6acc24c46eb7","isMergeCommit":false,"messageTitle":"Added feature to mark tasks as done or undone","messageBody":"Currently, tasks are only listed with descriptions\n\nThis means that we cannot tell if they are done or not, which defeats the purpose of a todoList\n\nThis commit will implement such a feature\n","tags":["Level-3"],"fileTypesAndContributionMap":{"java":{"insertions":58,"deletions":4}}},{"hash":"31e11b3901272b086a43d261fbe590033a8e1c70","isMergeCommit":false,"messageTitle":"Implmented ToDos, Events, Deadlines to replace generic Tasks","messageBody":"Currently, every task is seen as the same, and one is unable to specify deadlines\n\nThis lack of customisability means that it is difficult to see when tasks start and end, or to differentiate tasks\n\nAdding these features makes it clearer which category a task belongs to\n","tags":["Level-4"],"fileTypesAndContributionMap":{"java":{"insertions":114,"deletions":21}}}]}]},"authorFileTypeContributionMap":{"xuwen-ho":{"java":220,"md":0,"fxml":0,"sh":0,"bat":0,"gradle":0,"txt":0}},"authorContributionVariance":{"xuwen-ho":3549.6033},"authorDisplayNameMap":{"xuwen-ho":"CS2103T-F10-4 HO X.. WEN"}}
