{"authorDailyContributionsMap":{"irwynliong":[{"date":"2024-01-25","commitResults":[{"hash":"fb2d401cc5cb1f4649b979a1d35b916529f86de4","isMergeCommit":false,"messageTitle":"Level 0. Rename, Greet, Exit","messageBody":"","tags":["Level-0"],"fileTypesAndContributionMap":{"java":{"insertions":16,"deletions":0}}},{"hash":"45ebb4c5e3a13ad9683fa6bf5488f711da002d85","isMergeCommit":false,"messageTitle":"Level 1. Echo","messageBody":"","tags":["Level-1"],"fileTypesAndContributionMap":{"java":{"insertions":20,"deletions":4}}},{"hash":"c547c1a901f66757b66a22d5143c2cffd03a4965","isMergeCommit":false,"messageTitle":"Level 2. Add, List","messageBody":"","tags":["Level-2"],"fileTypesAndContributionMap":{"java":{"insertions":16,"deletions":8}}},{"hash":"6971bf606881f4333683fcb2c49fcb3c9c730a7a","isMergeCommit":false,"messageTitle":"Level 3. Mark as Done","messageBody":"","tags":["Level-3"],"fileTypesAndContributionMap":{"java":{"insertions":37,"deletions":5}}},{"hash":"8b59bf92f338abe7a4b9fd7349b8ff2137352811","isMergeCommit":false,"messageTitle":"Level 4. ToDos, Events, Deadlines","messageBody":"","tags":["Level-4"],"fileTypesAndContributionMap":{"java":{"insertions":71,"deletions":0}}},{"hash":"e6b16b8e510f70842142f18e03bef72fefad3fa9","isMergeCommit":false,"messageTitle":"A-TextUiTesting","messageBody":"","tags":["A-TextUiTesting"],"fileTypesAndContributionMap":{"txt":{"insertions":12,"deletions":0},"bat":{"insertions":2,"deletions":2}}}]},{"date":"2024-01-26","commitResults":[{"hash":"7d590b742089b40b2d5f3cb6d4f475fe1399c157","isMergeCommit":false,"messageTitle":"Level 5. Handle Errors","messageBody":"","tags":["Level-5"],"fileTypesAndContributionMap":{"java":{"insertions":93,"deletions":54}}},{"hash":"92f7734f56fc90c645c58f015f787faa7ac775cf","isMergeCommit":false,"messageTitle":"Level 6. Delete","messageBody":"","tags":["Level-6"],"fileTypesAndContributionMap":{"java":{"insertions":8,"deletions":0}}},{"hash":"4e3e288f3f0c0e7480eac329fee89aef63c5fba8","isMergeCommit":false,"messageTitle":"Level 6. Delete","messageBody":"","fileTypesAndContributionMap":{"java":{"insertions":0,"deletions":10}}},{"hash":"e72874297301170d70ed678883f298f05bc2ffbe","isMergeCommit":false,"messageTitle":"Revert \"Level 6. Delete\"","messageBody":"This reverts commit 4e3e288f3f0c0e7480eac329fee89aef63c5fba8.\n","fileTypesAndContributionMap":{"java":{"insertions":10,"deletions":0}}},{"hash":"6ab6167bb2b4f2c2e53e4fe1bbee543a90d0f751","isMergeCommit":false,"messageTitle":"Revert \"Revert \"Level 6. Delete\"\"","messageBody":"This reverts commit e72874297301170d70ed678883f298f05bc2ffbe.\n","fileTypesAndContributionMap":{"java":{"insertions":0,"deletions":10}}}]},{"date":"2024-01-30","commitResults":[{"hash":"d77a077f40d85f3c2d51907c20c315164337d8ac","isMergeCommit":false,"messageTitle":"Divide classes into packages","messageBody":"","fileTypesAndContributionMap":{"java":{"insertions":33,"deletions":3}}},{"hash":"76f4380c2ba488ad3922139f2d775644653e5a5e","isMergeCommit":true,"messageTitle":"Merge pull request #1 from irwynliong/heads/A-Packages","messageBody":"Divide classes into packages","fileTypesAndContributionMap":{}},{"hash":"ea7591f73d38b07828b942797b4d1a08ada18b19","isMergeCommit":true,"messageTitle":"Merge pull request #2 from irwynliong/add-gradle-support","messageBody":"Add gradle support","fileTypesAndContributionMap":{}},{"hash":"736ccce6813453c3badef9a79a5cc4afd1e9e73f","isMergeCommit":false,"messageTitle":"Add gradle","messageBody":"","tags":["A-Gradle"],"fileTypesAndContributionMap":{"gradle":{"insertions":2,"deletions":2}}}]},{"date":"2024-01-31","commitResults":[{"hash":"28929cc293a726ae71278dad098f89a9b7899a43","isMergeCommit":false,"messageTitle":"Add a saving feature","messageBody":"","tags":["Level-7"],"fileTypesAndContributionMap":{"txt":{"insertions":6,"deletions":0},"java":{"insertions":88,"deletions":3}}},{"hash":"07b44e44c87ad3fa1985214217d153405f8a4790","isMergeCommit":true,"messageTitle":"Merge branch \u0027master\u0027 into branch-Level-7","messageBody":"","fileTypesAndContributionMap":{}},{"hash":"09775b106c5cbf9559f397f0912008a65fc6aec9","isMergeCommit":true,"messageTitle":"Merge pull request #3 from irwynliong/branch-Level-7","messageBody":"Add a saving feature","fileTypesAndContributionMap":{}},{"hash":"364160219652453d3699ece215517596c259a4d4","isMergeCommit":false,"messageTitle":"Level-7","messageBody":"edit error","fileTypesAndContributionMap":{"java":{"insertions":0,"deletions":7}}}]}]},"authorFileTypeContributionMap":{"irwynliong":{"java":298,"md":0,"fxml":0,"sh":0,"bat":2,"gradle":2,"txt":18}},"authorContributionVariance":{"irwynliong":4840.746},"authorDisplayNameMap":{"irwynliong":"CS2103T-W09-4 LION..RWYN"}}
