[{"path":"src/main/java/Thames/Parser.java","fileType":"java","lines":[{"lineNumber":1,"author":{"gitId":"ondretann"},"content":"package Thames;","lastModifiedDate":"2024-02-01"},{"lineNumber":2,"author":{"gitId":"ondretann"},"content":"","lastModifiedDate":"2024-02-01"},{"lineNumber":3,"author":{"gitId":"ondretann"},"content":"import Thames.command.*;","lastModifiedDate":"2024-02-01"},{"lineNumber":4,"author":{"gitId":"ondretann"},"content":"import Thames.task.ToDo;","lastModifiedDate":"2024-02-01"},{"lineNumber":5,"author":{"gitId":"ondretann"},"content":"import Thames.task.Deadline;","lastModifiedDate":"2024-02-01"},{"lineNumber":6,"author":{"gitId":"ondretann"},"content":"import Thames.task.Event;","lastModifiedDate":"2024-02-01"},{"lineNumber":7,"author":{"gitId":"ondretann"},"content":"","lastModifiedDate":"2024-02-01"},{"lineNumber":8,"author":{"gitId":"ondretann"},"content":"public class Parser {","lastModifiedDate":"2024-02-01"},{"lineNumber":9,"author":{"gitId":"ondretann"},"content":"    static Command parse(String fullCommand) throws ThamesException {","lastModifiedDate":"2024-02-01"},{"lineNumber":10,"author":{"gitId":"ondretann"},"content":"        String[] split \u003d fullCommand.trim().split(\" \", 2);","lastModifiedDate":"2024-02-01"},{"lineNumber":11,"author":{"gitId":"ondretann"},"content":"        String input \u003d split[0];","lastModifiedDate":"2024-02-01"},{"lineNumber":12,"author":{"gitId":"ondretann"},"content":"        switch(input.toLowerCase()) {","lastModifiedDate":"2024-02-01"},{"lineNumber":13,"author":{"gitId":"ondretann"},"content":"        case \"todo\":","lastModifiedDate":"2024-02-01"},{"lineNumber":14,"author":{"gitId":"ondretann"},"content":"            if (split.length !\u003d 2) {","lastModifiedDate":"2024-02-01"},{"lineNumber":15,"author":{"gitId":"ondretann"},"content":"                throw new ThamesException(\"Please provide your Todo task in the following format: \\n\" +","lastModifiedDate":"2024-02-01"},{"lineNumber":16,"author":{"gitId":"ondretann"},"content":"                        \"Todo \u003ctask name\u003e\\n\");","lastModifiedDate":"2024-02-01"},{"lineNumber":17,"author":{"gitId":"ondretann"},"content":"            }","lastModifiedDate":"2024-02-01"},{"lineNumber":18,"author":{"gitId":"ondretann"},"content":"            return new AddCommand(new ToDo(split[1].trim()));","lastModifiedDate":"2024-02-01"},{"lineNumber":19,"author":{"gitId":"ondretann"},"content":"        case \"deadline\":","lastModifiedDate":"2024-02-01"},{"lineNumber":20,"author":{"gitId":"ondretann"},"content":"            if (split.length !\u003d 2) {","lastModifiedDate":"2024-02-01"},{"lineNumber":21,"author":{"gitId":"ondretann"},"content":"                throw new ThamesException(\"Please provide your Deadline task in the following format: \\n\" +","lastModifiedDate":"2024-02-01"},{"lineNumber":22,"author":{"gitId":"ondretann"},"content":"                        \"Deadline \u003ctask name\u003e /by \u003cyyyy-mm-dd\u003e\\n\");","lastModifiedDate":"2024-02-01"},{"lineNumber":23,"author":{"gitId":"ondretann"},"content":"            }","lastModifiedDate":"2024-02-01"},{"lineNumber":24,"author":{"gitId":"ondretann"},"content":"            String[] split1 \u003d split[1].split(\"/by\");","lastModifiedDate":"2024-02-01"},{"lineNumber":25,"author":{"gitId":"ondretann"},"content":"            if (split1.length !\u003d 2) {","lastModifiedDate":"2024-02-01"},{"lineNumber":26,"author":{"gitId":"ondretann"},"content":"                throw new ThamesException(\"Please provide your Deadline task in the following format: \\n\" +","lastModifiedDate":"2024-02-01"},{"lineNumber":27,"author":{"gitId":"ondretann"},"content":"                        \"Deadline \u003ctask name\u003e /by \u003cyyyy-mm-dd\u003e\\n\");","lastModifiedDate":"2024-02-01"},{"lineNumber":28,"author":{"gitId":"ondretann"},"content":"            }","lastModifiedDate":"2024-02-01"},{"lineNumber":29,"author":{"gitId":"ondretann"},"content":"            String desc \u003d split1[0].trim();","lastModifiedDate":"2024-02-01"},{"lineNumber":30,"author":{"gitId":"ondretann"},"content":"            String by \u003d split1[1].trim();","lastModifiedDate":"2024-02-01"},{"lineNumber":31,"author":{"gitId":"ondretann"},"content":"            if (desc.length() \u003d\u003d 0 || by.length() \u003d\u003d 0) {","lastModifiedDate":"2024-02-01"},{"lineNumber":32,"author":{"gitId":"ondretann"},"content":"                throw new ThamesException(\"Please provide your Deadline task in the following format: \\n\" +","lastModifiedDate":"2024-02-01"},{"lineNumber":33,"author":{"gitId":"ondretann"},"content":"                        \"Deadline \u003ctask name\u003e /by \u003cyyyy-mm-dd\u003e\\n\");","lastModifiedDate":"2024-02-01"},{"lineNumber":34,"author":{"gitId":"ondretann"},"content":"            }","lastModifiedDate":"2024-02-01"},{"lineNumber":35,"author":{"gitId":"ondretann"},"content":"            return new AddCommand(new Deadline(desc, by));","lastModifiedDate":"2024-02-01"},{"lineNumber":36,"author":{"gitId":"ondretann"},"content":"        case \"event\":","lastModifiedDate":"2024-02-01"},{"lineNumber":37,"author":{"gitId":"ondretann"},"content":"            String[] split2 \u003d split[1].split(\"/from\");","lastModifiedDate":"2024-02-01"},{"lineNumber":38,"author":{"gitId":"ondretann"},"content":"            if (split2.length !\u003d 2) {","lastModifiedDate":"2024-02-01"},{"lineNumber":39,"author":{"gitId":"ondretann"},"content":"                throw new ThamesException(\"Please provide your Event task in the following format: \\n\" +","lastModifiedDate":"2024-02-01"},{"lineNumber":40,"author":{"gitId":"ondretann"},"content":"                        \"Event \u003ctask name\u003e /by \u003cyyyy-mm-dd\u003e\\n\");","lastModifiedDate":"2024-02-01"},{"lineNumber":41,"author":{"gitId":"ondretann"},"content":"            }","lastModifiedDate":"2024-02-01"},{"lineNumber":42,"author":{"gitId":"ondretann"},"content":"            String[] split3 \u003d split2[1].split(\"/to\");","lastModifiedDate":"2024-02-01"},{"lineNumber":43,"author":{"gitId":"ondretann"},"content":"            if (split3.length !\u003d 2) {","lastModifiedDate":"2024-02-01"},{"lineNumber":44,"author":{"gitId":"ondretann"},"content":"                throw new ThamesException(\"Please provide your Event task in the following format: \\n\" +","lastModifiedDate":"2024-02-01"},{"lineNumber":45,"author":{"gitId":"ondretann"},"content":"                        \"Event \u003ctask name\u003e /by \u003cyyyy-mm-dd\u003e\\n\");","lastModifiedDate":"2024-02-01"},{"lineNumber":46,"author":{"gitId":"ondretann"},"content":"            }","lastModifiedDate":"2024-02-01"},{"lineNumber":47,"author":{"gitId":"ondretann"},"content":"            desc \u003d split2[0].trim();","lastModifiedDate":"2024-02-01"},{"lineNumber":48,"author":{"gitId":"ondretann"},"content":"            String from \u003d split3[0].trim();","lastModifiedDate":"2024-02-01"},{"lineNumber":49,"author":{"gitId":"ondretann"},"content":"            String to \u003d split3[1].trim();","lastModifiedDate":"2024-02-01"},{"lineNumber":50,"author":{"gitId":"ondretann"},"content":"            if (desc.length() \u003d\u003d 0 || from.length() \u003d\u003d 0 || to.length() \u003d\u003d 0) {","lastModifiedDate":"2024-02-01"},{"lineNumber":51,"author":{"gitId":"ondretann"},"content":"                throw new ThamesException(\"Please provide your Event task in the following format: \\n\" +","lastModifiedDate":"2024-02-01"},{"lineNumber":52,"author":{"gitId":"ondretann"},"content":"                        \"Event \u003ctask name\u003e /by \u003cyyyy-mm-dd\u003e\\n\");","lastModifiedDate":"2024-02-01"},{"lineNumber":53,"author":{"gitId":"ondretann"},"content":"            }","lastModifiedDate":"2024-02-01"},{"lineNumber":54,"author":{"gitId":"ondretann"},"content":"            return new AddCommand(new Event(desc, from, to));","lastModifiedDate":"2024-02-01"},{"lineNumber":55,"author":{"gitId":"ondretann"},"content":"        case \"mark\":","lastModifiedDate":"2024-02-01"},{"lineNumber":56,"author":{"gitId":"ondretann"},"content":"            return new EditCommand(true, Integer.parseInt(split[1].trim()) - 1);","lastModifiedDate":"2024-02-01"},{"lineNumber":57,"author":{"gitId":"ondretann"},"content":"        case \"unmark\":","lastModifiedDate":"2024-02-01"},{"lineNumber":58,"author":{"gitId":"ondretann"},"content":"            return new EditCommand(false, Integer.parseInt(split[1].trim()) - 1);","lastModifiedDate":"2024-02-01"},{"lineNumber":59,"author":{"gitId":"ondretann"},"content":"        case \"delete\":","lastModifiedDate":"2024-02-01"},{"lineNumber":60,"author":{"gitId":"ondretann"},"content":"            return new DeleteCommand(Integer.parseInt(split[1].trim()) - 1);","lastModifiedDate":"2024-02-01"},{"lineNumber":61,"author":{"gitId":"ondretann"},"content":"        case \"list\":","lastModifiedDate":"2024-02-01"},{"lineNumber":62,"author":{"gitId":"ondretann"},"content":"            return new ListCommand();","lastModifiedDate":"2024-02-01"},{"lineNumber":63,"author":{"gitId":"ondretann"},"content":"        case \"bye\":","lastModifiedDate":"2024-02-01"},{"lineNumber":64,"author":{"gitId":"ondretann"},"content":"            return new ExitCommand();","lastModifiedDate":"2024-02-01"},{"lineNumber":65,"author":{"gitId":"ondretann"},"content":"","lastModifiedDate":"2024-02-01"},{"lineNumber":66,"author":{"gitId":"ondretann"},"content":"        }","lastModifiedDate":"2024-02-01"},{"lineNumber":67,"author":{"gitId":"ondretann"},"content":"        throw new ThamesException(\"Sorry, I do not understand what that means.\");","lastModifiedDate":"2024-02-01"},{"lineNumber":68,"author":{"gitId":"ondretann"},"content":"    }","lastModifiedDate":"2024-02-01"},{"lineNumber":69,"author":{"gitId":"ondretann"},"content":"}","lastModifiedDate":"2024-02-01"}],"authorContributionMap":{"ondretann":69}},{"path":"src/main/java/Thames/Storage.java","fileType":"java","lines":[{"lineNumber":1,"author":{"gitId":"ondretann"},"content":"package Thames;","lastModifiedDate":"2024-02-01"},{"lineNumber":2,"author":{"gitId":"ondretann"},"content":"","lastModifiedDate":"2024-02-01"},{"lineNumber":3,"author":{"gitId":"ondretann"},"content":"import java.io.File;","lastModifiedDate":"2024-02-01"},{"lineNumber":4,"author":{"gitId":"ondretann"},"content":"import java.io.FileNotFoundException;","lastModifiedDate":"2024-02-01"},{"lineNumber":5,"author":{"gitId":"ondretann"},"content":"import java.io.FileWriter;","lastModifiedDate":"2024-02-01"},{"lineNumber":6,"author":{"gitId":"ondretann"},"content":"import java.io.IOException;","lastModifiedDate":"2024-02-01"},{"lineNumber":7,"author":{"gitId":"ondretann"},"content":"import java.util.Scanner;","lastModifiedDate":"2024-02-01"},{"lineNumber":8,"author":{"gitId":"ondretann"},"content":"import Thames.task.Deadline;","lastModifiedDate":"2024-02-01"},{"lineNumber":9,"author":{"gitId":"ondretann"},"content":"import Thames.task.Event;","lastModifiedDate":"2024-02-01"},{"lineNumber":10,"author":{"gitId":"ondretann"},"content":"import Thames.task.Task;","lastModifiedDate":"2024-02-01"},{"lineNumber":11,"author":{"gitId":"ondretann"},"content":"","lastModifiedDate":"2024-02-01"},{"lineNumber":12,"author":{"gitId":"ondretann"},"content":"public class Storage {","lastModifiedDate":"2024-02-01"},{"lineNumber":13,"author":{"gitId":"ondretann"},"content":"    protected String filePath;","lastModifiedDate":"2024-02-01"},{"lineNumber":14,"author":{"gitId":"ondretann"},"content":"","lastModifiedDate":"2024-02-01"},{"lineNumber":15,"author":{"gitId":"ondretann"},"content":"    public Storage(String filePath) {","lastModifiedDate":"2024-02-01"},{"lineNumber":16,"author":{"gitId":"ondretann"},"content":"        this.filePath \u003d filePath;","lastModifiedDate":"2024-02-01"},{"lineNumber":17,"author":{"gitId":"ondretann"},"content":"    }","lastModifiedDate":"2024-02-01"},{"lineNumber":18,"author":{"gitId":"ondretann"},"content":"","lastModifiedDate":"2024-02-01"},{"lineNumber":19,"author":{"gitId":"ondretann"},"content":"    public Scanner load() throws FileNotFoundException {","lastModifiedDate":"2024-02-01"},{"lineNumber":20,"author":{"gitId":"ondretann"},"content":"        File f \u003d new File(this.filePath);","lastModifiedDate":"2024-02-01"},{"lineNumber":21,"author":{"gitId":"ondretann"},"content":"        return new Scanner(f);","lastModifiedDate":"2024-02-01"},{"lineNumber":22,"author":{"gitId":"ondretann"},"content":"    }","lastModifiedDate":"2024-02-01"},{"lineNumber":23,"author":{"gitId":"ondretann"},"content":"","lastModifiedDate":"2024-02-01"},{"lineNumber":24,"author":{"gitId":"ondretann"},"content":"    public void save(TaskList taskList) throws IOException {","lastModifiedDate":"2024-02-01"},{"lineNumber":25,"author":{"gitId":"ondretann"},"content":"        FileWriter fw \u003d new FileWriter(filePath);","lastModifiedDate":"2024-02-01"},{"lineNumber":26,"author":{"gitId":"ondretann"},"content":"        String text \u003d \"\";","lastModifiedDate":"2024-02-01"},{"lineNumber":27,"author":{"gitId":"ondretann"},"content":"        for (int i \u003d 0; i \u003c taskList.size(); i++) {","lastModifiedDate":"2024-02-01"},{"lineNumber":28,"author":{"gitId":"ondretann"},"content":"            Task task \u003d taskList.get(i);","lastModifiedDate":"2024-02-01"},{"lineNumber":29,"author":{"gitId":"ondretann"},"content":"            if (task instanceof Event) {","lastModifiedDate":"2024-02-01"},{"lineNumber":30,"author":{"gitId":"ondretann"},"content":"                text +\u003d \"E,\";","lastModifiedDate":"2024-02-01"},{"lineNumber":31,"author":{"gitId":"ondretann"},"content":"                text +\u003d task.isDone()? \"X,\":\" ,\";","lastModifiedDate":"2024-02-01"},{"lineNumber":32,"author":{"gitId":"ondretann"},"content":"                text +\u003d task.getName() + \",\";","lastModifiedDate":"2024-02-01"},{"lineNumber":33,"author":{"gitId":"ondretann"},"content":"                text +\u003d ((Event) task).getFrom() + \",\";","lastModifiedDate":"2024-02-01"},{"lineNumber":34,"author":{"gitId":"ondretann"},"content":"                text +\u003d ((Event) task).getTo() + \"\\n\";","lastModifiedDate":"2024-02-01"},{"lineNumber":35,"author":{"gitId":"ondretann"},"content":"            } else if (task instanceof Deadline) {","lastModifiedDate":"2024-02-01"},{"lineNumber":36,"author":{"gitId":"ondretann"},"content":"                text +\u003d \"D,\";","lastModifiedDate":"2024-02-01"},{"lineNumber":37,"author":{"gitId":"ondretann"},"content":"                text +\u003d task.isDone()? \"X,\":\" ,\";","lastModifiedDate":"2024-02-01"},{"lineNumber":38,"author":{"gitId":"ondretann"},"content":"                text +\u003d task.getName() + \",\";","lastModifiedDate":"2024-02-01"},{"lineNumber":39,"author":{"gitId":"ondretann"},"content":"                text +\u003d ((Deadline) task).getBy() + \"\\n\";","lastModifiedDate":"2024-02-01"},{"lineNumber":40,"author":{"gitId":"ondretann"},"content":"            } else {","lastModifiedDate":"2024-02-01"},{"lineNumber":41,"author":{"gitId":"ondretann"},"content":"                text +\u003d \"T,\";","lastModifiedDate":"2024-02-01"},{"lineNumber":42,"author":{"gitId":"ondretann"},"content":"                text +\u003d task.isDone()? \"X,\":\" ,\";","lastModifiedDate":"2024-02-01"},{"lineNumber":43,"author":{"gitId":"ondretann"},"content":"                text +\u003d task.getName();","lastModifiedDate":"2024-02-01"},{"lineNumber":44,"author":{"gitId":"ondretann"},"content":"                text +\u003d \"\\n\";","lastModifiedDate":"2024-02-01"},{"lineNumber":45,"author":{"gitId":"ondretann"},"content":"            }","lastModifiedDate":"2024-02-01"},{"lineNumber":46,"author":{"gitId":"ondretann"},"content":"        }","lastModifiedDate":"2024-02-01"},{"lineNumber":47,"author":{"gitId":"ondretann"},"content":"        fw.write(text);","lastModifiedDate":"2024-02-01"},{"lineNumber":48,"author":{"gitId":"ondretann"},"content":"        fw.close();","lastModifiedDate":"2024-02-01"},{"lineNumber":49,"author":{"gitId":"ondretann"},"content":"    }","lastModifiedDate":"2024-02-01"},{"lineNumber":50,"author":{"gitId":"ondretann"},"content":"}","lastModifiedDate":"2024-02-01"}],"authorContributionMap":{"ondretann":50}},{"path":"src/main/java/Thames/TaskList.java","fileType":"java","lines":[{"lineNumber":1,"author":{"gitId":"ondretann"},"content":"package Thames;","lastModifiedDate":"2024-02-01"},{"lineNumber":2,"author":{"gitId":"ondretann"},"content":"","lastModifiedDate":"2024-02-01"},{"lineNumber":3,"author":{"gitId":"ondretann"},"content":"import java.util.ArrayList;","lastModifiedDate":"2024-02-01"},{"lineNumber":4,"author":{"gitId":"ondretann"},"content":"import java.util.Scanner;","lastModifiedDate":"2024-02-01"},{"lineNumber":5,"author":{"gitId":"ondretann"},"content":"import Thames.task.ToDo;","lastModifiedDate":"2024-02-01"},{"lineNumber":6,"author":{"gitId":"ondretann"},"content":"import Thames.task.Deadline;","lastModifiedDate":"2024-02-01"},{"lineNumber":7,"author":{"gitId":"ondretann"},"content":"import Thames.task.Event;","lastModifiedDate":"2024-02-01"},{"lineNumber":8,"author":{"gitId":"ondretann"},"content":"import Thames.task.Task;","lastModifiedDate":"2024-02-01"},{"lineNumber":9,"author":{"gitId":"ondretann"},"content":"","lastModifiedDate":"2024-02-01"},{"lineNumber":10,"author":{"gitId":"ondretann"},"content":"public class TaskList {","lastModifiedDate":"2024-02-01"},{"lineNumber":11,"author":{"gitId":"ondretann"},"content":"    ArrayList\u003cTask\u003e taskList;","lastModifiedDate":"2024-02-01"},{"lineNumber":12,"author":{"gitId":"ondretann"},"content":"    public TaskList() {","lastModifiedDate":"2024-02-01"},{"lineNumber":13,"author":{"gitId":"ondretann"},"content":"        this.taskList \u003d new ArrayList\u003c\u003e();","lastModifiedDate":"2024-02-01"},{"lineNumber":14,"author":{"gitId":"ondretann"},"content":"    }","lastModifiedDate":"2024-02-01"},{"lineNumber":15,"author":{"gitId":"ondretann"},"content":"","lastModifiedDate":"2024-02-01"},{"lineNumber":16,"author":{"gitId":"ondretann"},"content":"    public TaskList(Scanner sc) {","lastModifiedDate":"2024-02-01"},{"lineNumber":17,"author":{"gitId":"ondretann"},"content":"        this.taskList \u003d new ArrayList\u003c\u003e();","lastModifiedDate":"2024-02-01"},{"lineNumber":18,"author":{"gitId":"ondretann"},"content":"        while (sc.hasNextLine()) {","lastModifiedDate":"2024-02-01"},{"lineNumber":19,"author":{"gitId":"ondretann"},"content":"            String task \u003d sc.nextLine();","lastModifiedDate":"2024-02-01"},{"lineNumber":20,"author":{"gitId":"ondretann"},"content":"            String[] split \u003d task.split(\",\");","lastModifiedDate":"2024-02-01"},{"lineNumber":21,"author":{"gitId":"ondretann"},"content":"            String taskType \u003d split[0];","lastModifiedDate":"2024-02-01"},{"lineNumber":22,"author":{"gitId":"ondretann"},"content":"            Boolean isDone \u003d split[1].equals(\"X\");","lastModifiedDate":"2024-02-01"},{"lineNumber":23,"author":{"gitId":"ondretann"},"content":"            String desc \u003d split[2];","lastModifiedDate":"2024-02-01"},{"lineNumber":24,"author":{"gitId":"ondretann"},"content":"            if (taskType.equals(\"T\")) {","lastModifiedDate":"2024-02-01"},{"lineNumber":25,"author":{"gitId":"ondretann"},"content":"                ToDo todo \u003d new ToDo(desc);","lastModifiedDate":"2024-02-01"},{"lineNumber":26,"author":{"gitId":"ondretann"},"content":"                this.taskList.add(todo);","lastModifiedDate":"2024-02-01"},{"lineNumber":27,"author":{"gitId":"ondretann"},"content":"                if (isDone) {","lastModifiedDate":"2024-02-01"},{"lineNumber":28,"author":{"gitId":"ondretann"},"content":"                    todo.mark();","lastModifiedDate":"2024-02-01"},{"lineNumber":29,"author":{"gitId":"ondretann"},"content":"                }","lastModifiedDate":"2024-02-01"},{"lineNumber":30,"author":{"gitId":"ondretann"},"content":"            } else if (taskType.equals(\"D\")) {","lastModifiedDate":"2024-02-01"},{"lineNumber":31,"author":{"gitId":"ondretann"},"content":"                String by \u003d split[3];","lastModifiedDate":"2024-02-01"},{"lineNumber":32,"author":{"gitId":"ondretann"},"content":"","lastModifiedDate":"2024-02-01"},{"lineNumber":33,"author":{"gitId":"ondretann"},"content":"                Deadline deadline \u003d new Deadline(desc, by);","lastModifiedDate":"2024-02-01"},{"lineNumber":34,"author":{"gitId":"ondretann"},"content":"                this.taskList.add(deadline);","lastModifiedDate":"2024-02-01"},{"lineNumber":35,"author":{"gitId":"ondretann"},"content":"                if (isDone) {","lastModifiedDate":"2024-02-01"},{"lineNumber":36,"author":{"gitId":"ondretann"},"content":"                    deadline.mark();","lastModifiedDate":"2024-02-01"},{"lineNumber":37,"author":{"gitId":"ondretann"},"content":"                }","lastModifiedDate":"2024-02-01"},{"lineNumber":38,"author":{"gitId":"ondretann"},"content":"            } else {","lastModifiedDate":"2024-02-01"},{"lineNumber":39,"author":{"gitId":"ondretann"},"content":"                String from \u003d split[3];","lastModifiedDate":"2024-02-01"},{"lineNumber":40,"author":{"gitId":"ondretann"},"content":"                String to \u003d split[4];","lastModifiedDate":"2024-02-01"},{"lineNumber":41,"author":{"gitId":"ondretann"},"content":"                Event event \u003d new Event(desc, from, to);","lastModifiedDate":"2024-02-01"},{"lineNumber":42,"author":{"gitId":"ondretann"},"content":"                this.taskList.add(event);","lastModifiedDate":"2024-02-01"},{"lineNumber":43,"author":{"gitId":"ondretann"},"content":"                if (isDone) {","lastModifiedDate":"2024-02-01"},{"lineNumber":44,"author":{"gitId":"ondretann"},"content":"                    event.mark();","lastModifiedDate":"2024-02-01"},{"lineNumber":45,"author":{"gitId":"ondretann"},"content":"                }","lastModifiedDate":"2024-02-01"},{"lineNumber":46,"author":{"gitId":"ondretann"},"content":"            }","lastModifiedDate":"2024-02-01"},{"lineNumber":47,"author":{"gitId":"ondretann"},"content":"","lastModifiedDate":"2024-02-01"},{"lineNumber":48,"author":{"gitId":"ondretann"},"content":"        }","lastModifiedDate":"2024-02-01"},{"lineNumber":49,"author":{"gitId":"ondretann"},"content":"    }","lastModifiedDate":"2024-02-01"},{"lineNumber":50,"author":{"gitId":"ondretann"},"content":"","lastModifiedDate":"2024-02-01"},{"lineNumber":51,"author":{"gitId":"ondretann"},"content":"    public void add(Task task) {","lastModifiedDate":"2024-02-01"},{"lineNumber":52,"author":{"gitId":"ondretann"},"content":"        this.taskList.add(task);","lastModifiedDate":"2024-02-01"},{"lineNumber":53,"author":{"gitId":"ondretann"},"content":"    }","lastModifiedDate":"2024-02-01"},{"lineNumber":54,"author":{"gitId":"ondretann"},"content":"","lastModifiedDate":"2024-02-01"},{"lineNumber":55,"author":{"gitId":"ondretann"},"content":"    public Task remove(int index) {","lastModifiedDate":"2024-02-01"},{"lineNumber":56,"author":{"gitId":"ondretann"},"content":"        return this.taskList.remove(index);","lastModifiedDate":"2024-02-01"},{"lineNumber":57,"author":{"gitId":"ondretann"},"content":"    }","lastModifiedDate":"2024-02-01"},{"lineNumber":58,"author":{"gitId":"ondretann"},"content":"    public Task get(int index) {","lastModifiedDate":"2024-02-01"},{"lineNumber":59,"author":{"gitId":"ondretann"},"content":"        return this.taskList.get(index);","lastModifiedDate":"2024-02-01"},{"lineNumber":60,"author":{"gitId":"ondretann"},"content":"    }","lastModifiedDate":"2024-02-01"},{"lineNumber":61,"author":{"gitId":"ondretann"},"content":"","lastModifiedDate":"2024-02-01"},{"lineNumber":62,"author":{"gitId":"ondretann"},"content":"    public int size() {","lastModifiedDate":"2024-02-01"},{"lineNumber":63,"author":{"gitId":"ondretann"},"content":"        return this.taskList.size();","lastModifiedDate":"2024-02-01"},{"lineNumber":64,"author":{"gitId":"ondretann"},"content":"    }","lastModifiedDate":"2024-02-01"},{"lineNumber":65,"author":{"gitId":"ondretann"},"content":"","lastModifiedDate":"2024-02-01"},{"lineNumber":66,"author":{"gitId":"ondretann"},"content":"    @Override","lastModifiedDate":"2024-02-01"},{"lineNumber":67,"author":{"gitId":"ondretann"},"content":"    public String toString() {","lastModifiedDate":"2024-02-01"},{"lineNumber":68,"author":{"gitId":"ondretann"},"content":"        return this.taskList.toString();","lastModifiedDate":"2024-02-01"},{"lineNumber":69,"author":{"gitId":"ondretann"},"content":"    }","lastModifiedDate":"2024-02-01"},{"lineNumber":70,"author":{"gitId":"ondretann"},"content":"}","lastModifiedDate":"2024-02-01"}],"authorContributionMap":{"ondretann":70}},{"path":"src/main/java/Thames/Thames.java","fileType":"java","lines":[{"lineNumber":1,"author":{"gitId":"ondretann"},"content":"package Thames;","lastModifiedDate":"2024-02-01"},{"lineNumber":2,"author":{"gitId":"ondretann"},"content":"","lastModifiedDate":"2024-02-01"},{"lineNumber":3,"author":{"gitId":"ondretann"},"content":"import java.io.FileNotFoundException;","lastModifiedDate":"2024-02-01"},{"lineNumber":4,"author":{"gitId":"ondretann"},"content":"import Thames.command.Command;","lastModifiedDate":"2024-02-01"},{"lineNumber":5,"author":{"gitId":"ondretann"},"content":"","lastModifiedDate":"2024-02-01"},{"lineNumber":6,"author":{"gitId":"ondretann"},"content":"public class Thames {","lastModifiedDate":"2024-02-01"},{"lineNumber":7,"author":{"gitId":"ondretann"},"content":"    protected Storage storage;","lastModifiedDate":"2024-02-01"},{"lineNumber":8,"author":{"gitId":"ondretann"},"content":"    protected TaskList tasks;","lastModifiedDate":"2024-02-01"},{"lineNumber":9,"author":{"gitId":"ondretann"},"content":"    protected Ui ui;","lastModifiedDate":"2024-02-01"},{"lineNumber":10,"author":{"gitId":"ondretann"},"content":"","lastModifiedDate":"2024-02-01"},{"lineNumber":11,"author":{"gitId":"ondretann"},"content":"    public Thames(String filePath) {","lastModifiedDate":"2024-02-01"},{"lineNumber":12,"author":{"gitId":"ondretann"},"content":"        ui \u003d new Ui();","lastModifiedDate":"2024-02-01"},{"lineNumber":13,"author":{"gitId":"ondretann"},"content":"        storage \u003d new Storage(filePath);","lastModifiedDate":"2024-02-01"},{"lineNumber":14,"author":{"gitId":"ondretann"},"content":"","lastModifiedDate":"2024-02-01"},{"lineNumber":15,"author":{"gitId":"ondretann"},"content":"        try {","lastModifiedDate":"2024-02-01"},{"lineNumber":16,"author":{"gitId":"ondretann"},"content":"            tasks \u003d new TaskList(storage.load());","lastModifiedDate":"2024-02-01"},{"lineNumber":17,"author":{"gitId":"ondretann"},"content":"        } catch(FileNotFoundException e) {","lastModifiedDate":"2024-02-01"},{"lineNumber":18,"author":{"gitId":"ondretann"},"content":"            ui.showLoadingError();","lastModifiedDate":"2024-02-01"},{"lineNumber":19,"author":{"gitId":"ondretann"},"content":"            tasks \u003d new TaskList();","lastModifiedDate":"2024-02-01"},{"lineNumber":20,"author":{"gitId":"ondretann"},"content":"        }","lastModifiedDate":"2024-02-01"},{"lineNumber":21,"author":{"gitId":"ondretann"},"content":"    }","lastModifiedDate":"2024-02-01"},{"lineNumber":22,"author":{"gitId":"ondretann"},"content":"","lastModifiedDate":"2024-02-01"},{"lineNumber":23,"author":{"gitId":"ondretann"},"content":"    public void run() {","lastModifiedDate":"2024-02-01"},{"lineNumber":24,"author":{"gitId":"ondretann"},"content":"        boolean isExit \u003d false;","lastModifiedDate":"2024-02-01"},{"lineNumber":25,"author":{"gitId":"ondretann"},"content":"        ui.greet();","lastModifiedDate":"2024-02-01"},{"lineNumber":26,"author":{"gitId":"ondretann"},"content":"        while (!isExit) {","lastModifiedDate":"2024-02-01"},{"lineNumber":27,"author":{"gitId":"ondretann"},"content":"            try {","lastModifiedDate":"2024-02-01"},{"lineNumber":28,"author":{"gitId":"ondretann"},"content":"                String fullCommand \u003d ui.readCommand();","lastModifiedDate":"2024-02-01"},{"lineNumber":29,"author":{"gitId":"ondretann"},"content":"                Command c \u003d Parser.parse(fullCommand);","lastModifiedDate":"2024-02-01"},{"lineNumber":30,"author":{"gitId":"ondretann"},"content":"                c.execute(tasks, ui, storage);","lastModifiedDate":"2024-02-01"},{"lineNumber":31,"author":{"gitId":"ondretann"},"content":"                isExit \u003d c.isExit();","lastModifiedDate":"2024-02-01"},{"lineNumber":32,"author":{"gitId":"ondretann"},"content":"            } catch (ThamesException e) {","lastModifiedDate":"2024-02-01"},{"lineNumber":33,"author":{"gitId":"ondretann"},"content":"                ui.showError(e.getMessage());","lastModifiedDate":"2024-02-01"},{"lineNumber":34,"author":{"gitId":"ondretann"},"content":"            }","lastModifiedDate":"2024-02-01"},{"lineNumber":35,"author":{"gitId":"ondretann"},"content":"        }","lastModifiedDate":"2024-02-01"},{"lineNumber":36,"author":{"gitId":"ondretann"},"content":"    }","lastModifiedDate":"2024-02-01"},{"lineNumber":37,"author":{"gitId":"ondretann"},"content":"","lastModifiedDate":"2024-02-01"},{"lineNumber":38,"author":{"gitId":"ondretann"},"content":"","lastModifiedDate":"2024-02-01"},{"lineNumber":39,"author":{"gitId":"ondretann"},"content":"    public static void main(String[] args) {","lastModifiedDate":"2024-02-01"},{"lineNumber":40,"author":{"gitId":"ondretann"},"content":"        new Thames(\"./data/tasks.txt\").run();","lastModifiedDate":"2024-02-01"},{"lineNumber":41,"author":{"gitId":"ondretann"},"content":"    }","lastModifiedDate":"2024-02-01"},{"lineNumber":42,"author":{"gitId":"ondretann"},"content":"}","lastModifiedDate":"2024-02-01"}],"authorContributionMap":{"ondretann":42}},{"path":"src/main/java/Thames/ThamesException.java","fileType":"java","lines":[{"lineNumber":1,"author":{"gitId":"ondretann"},"content":"package Thames;","lastModifiedDate":"2024-02-01"},{"lineNumber":2,"author":{"gitId":"ondretann"},"content":"","lastModifiedDate":"2024-02-01"},{"lineNumber":3,"author":{"gitId":"ondretann"},"content":"public class ThamesException extends Exception{","lastModifiedDate":"2024-02-01"},{"lineNumber":4,"author":{"gitId":"ondretann"},"content":"    public ThamesException(String s) {","lastModifiedDate":"2024-02-01"},{"lineNumber":5,"author":{"gitId":"ondretann"},"content":"        super(s);","lastModifiedDate":"2024-02-01"},{"lineNumber":6,"author":{"gitId":"ondretann"},"content":"    }","lastModifiedDate":"2024-02-01"},{"lineNumber":7,"author":{"gitId":"ondretann"},"content":"}","lastModifiedDate":"2024-02-01"}],"authorContributionMap":{"ondretann":7}},{"path":"src/main/java/Thames/Ui.java","fileType":"java","lines":[{"lineNumber":1,"author":{"gitId":"ondretann"},"content":"package Thames;","lastModifiedDate":"2024-02-01"},{"lineNumber":2,"author":{"gitId":"ondretann"},"content":"","lastModifiedDate":"2024-02-01"},{"lineNumber":3,"author":{"gitId":"ondretann"},"content":"import java.util.Scanner;","lastModifiedDate":"2024-02-01"},{"lineNumber":4,"author":{"gitId":"ondretann"},"content":"import Thames.task.Task;","lastModifiedDate":"2024-02-01"},{"lineNumber":5,"author":{"gitId":"ondretann"},"content":"public class Ui {","lastModifiedDate":"2024-02-01"},{"lineNumber":6,"author":{"gitId":"ondretann"},"content":"    String line \u003d \"_______________________________________________________\\n\";","lastModifiedDate":"2024-02-01"},{"lineNumber":7,"author":{"gitId":"ondretann"},"content":"","lastModifiedDate":"2024-02-01"},{"lineNumber":8,"author":{"gitId":"ondretann"},"content":"    Scanner sc;","lastModifiedDate":"2024-02-01"},{"lineNumber":9,"author":{"gitId":"ondretann"},"content":"    public Ui(){","lastModifiedDate":"2024-02-01"},{"lineNumber":10,"author":{"gitId":"ondretann"},"content":"        this.sc \u003d new Scanner(System.in);","lastModifiedDate":"2024-02-01"},{"lineNumber":11,"author":{"gitId":"ondretann"},"content":"    }","lastModifiedDate":"2024-02-01"},{"lineNumber":12,"author":{"gitId":"ondretann"},"content":"","lastModifiedDate":"2024-02-01"},{"lineNumber":13,"author":{"gitId":"ondretann"},"content":"    public void greet() {","lastModifiedDate":"2024-02-01"},{"lineNumber":14,"author":{"gitId":"ondretann"},"content":"        System.out.println(line +","lastModifiedDate":"2024-02-01"},{"lineNumber":15,"author":{"gitId":"ondretann"},"content":"                \"Hello! I\u0027m Thames and I\u0027ll be your assistant chatbot.\\n\" +","lastModifiedDate":"2024-02-01"},{"lineNumber":16,"author":{"gitId":"ondretann"},"content":"                \"What can I do for you today?\\n\" +","lastModifiedDate":"2024-02-01"},{"lineNumber":17,"author":{"gitId":"ondretann"},"content":"                line);","lastModifiedDate":"2024-02-01"},{"lineNumber":18,"author":{"gitId":"ondretann"},"content":"    }","lastModifiedDate":"2024-02-01"},{"lineNumber":19,"author":{"gitId":"ondretann"},"content":"    public void bye() {","lastModifiedDate":"2024-02-01"},{"lineNumber":20,"author":{"gitId":"ondretann"},"content":"        this.sc.close();","lastModifiedDate":"2024-02-01"},{"lineNumber":21,"author":{"gitId":"ondretann"},"content":"        System.out.println(line + \"Bye. Hope to see you soon!\\n\" + line);","lastModifiedDate":"2024-02-01"},{"lineNumber":22,"author":{"gitId":"ondretann"},"content":"    }","lastModifiedDate":"2024-02-01"},{"lineNumber":23,"author":{"gitId":"ondretann"},"content":"","lastModifiedDate":"2024-02-01"},{"lineNumber":24,"author":{"gitId":"ondretann"},"content":"    public void mark(Task task) {","lastModifiedDate":"2024-02-01"},{"lineNumber":25,"author":{"gitId":"ondretann"},"content":"        System.out.println(line + \"Nice! I\u0027ve marked this task as done:\\n \" + task + \"\\n\" + line);","lastModifiedDate":"2024-02-01"},{"lineNumber":26,"author":{"gitId":"ondretann"},"content":"    }","lastModifiedDate":"2024-02-01"},{"lineNumber":27,"author":{"gitId":"ondretann"},"content":"","lastModifiedDate":"2024-02-01"},{"lineNumber":28,"author":{"gitId":"ondretann"},"content":"    public void unmark(Task task) {","lastModifiedDate":"2024-02-01"},{"lineNumber":29,"author":{"gitId":"ondretann"},"content":"        System.out.println(line + \"Ok, I\u0027ve marked this task as not done yet:\\n \" + task + \"\\n\" + line);","lastModifiedDate":"2024-02-01"},{"lineNumber":30,"author":{"gitId":"ondretann"},"content":"    }","lastModifiedDate":"2024-02-01"},{"lineNumber":31,"author":{"gitId":"ondretann"},"content":"","lastModifiedDate":"2024-02-01"},{"lineNumber":32,"author":{"gitId":"ondretann"},"content":"    public void delete(Task task, int listSize) {","lastModifiedDate":"2024-02-01"},{"lineNumber":33,"author":{"gitId":"ondretann"},"content":"        System.out.println(line +","lastModifiedDate":"2024-02-01"},{"lineNumber":34,"author":{"gitId":"ondretann"},"content":"                \"Noted. I\u0027ve removed this task from the list:\\n \" + task +","lastModifiedDate":"2024-02-01"},{"lineNumber":35,"author":{"gitId":"ondretann"},"content":"                \"\\nNow you have \" + listSize + \" tasks in the list.\\n\" +","lastModifiedDate":"2024-02-01"},{"lineNumber":36,"author":{"gitId":"ondretann"},"content":"                line);","lastModifiedDate":"2024-02-01"},{"lineNumber":37,"author":{"gitId":"ondretann"},"content":"    }","lastModifiedDate":"2024-02-01"},{"lineNumber":38,"author":{"gitId":"ondretann"},"content":"","lastModifiedDate":"2024-02-01"},{"lineNumber":39,"author":{"gitId":"ondretann"},"content":"    public void addTask(Task task, int listSize) {","lastModifiedDate":"2024-02-01"},{"lineNumber":40,"author":{"gitId":"ondretann"},"content":"        System.out.println(line + \" added: \" +","lastModifiedDate":"2024-02-01"},{"lineNumber":41,"author":{"gitId":"ondretann"},"content":"                task + \"\\n Now you have \" + listSize + \" tasks in the list\\n\" +","lastModifiedDate":"2024-02-01"},{"lineNumber":42,"author":{"gitId":"ondretann"},"content":"                line);","lastModifiedDate":"2024-02-01"},{"lineNumber":43,"author":{"gitId":"ondretann"},"content":"    }","lastModifiedDate":"2024-02-01"},{"lineNumber":44,"author":{"gitId":"ondretann"},"content":"","lastModifiedDate":"2024-02-01"},{"lineNumber":45,"author":{"gitId":"ondretann"},"content":"    public void showList(TaskList taskList) {","lastModifiedDate":"2024-02-01"},{"lineNumber":46,"author":{"gitId":"ondretann"},"content":"        System.out.println(line);","lastModifiedDate":"2024-02-01"},{"lineNumber":47,"author":{"gitId":"ondretann"},"content":"","lastModifiedDate":"2024-02-01"},{"lineNumber":48,"author":{"gitId":"ondretann"},"content":"        for (int i \u003d 0; i \u003c taskList.size(); i++) {","lastModifiedDate":"2024-02-01"},{"lineNumber":49,"author":{"gitId":"ondretann"},"content":"            System.out.println(i + 1 + \".\" + taskList.get(i));","lastModifiedDate":"2024-02-01"},{"lineNumber":50,"author":{"gitId":"ondretann"},"content":"        }","lastModifiedDate":"2024-02-01"},{"lineNumber":51,"author":{"gitId":"ondretann"},"content":"","lastModifiedDate":"2024-02-01"},{"lineNumber":52,"author":{"gitId":"ondretann"},"content":"        System.out.println(line);","lastModifiedDate":"2024-02-01"},{"lineNumber":53,"author":{"gitId":"ondretann"},"content":"    }","lastModifiedDate":"2024-02-01"},{"lineNumber":54,"author":{"gitId":"ondretann"},"content":"","lastModifiedDate":"2024-02-01"},{"lineNumber":55,"author":{"gitId":"ondretann"},"content":"    public void showLoadingError() {","lastModifiedDate":"2024-02-01"},{"lineNumber":56,"author":{"gitId":"ondretann"},"content":"        System.out.println(\"It seems like you do not have a saved task list. I will be creating an empty one for you.\");","lastModifiedDate":"2024-02-01"},{"lineNumber":57,"author":{"gitId":"ondretann"},"content":"    }","lastModifiedDate":"2024-02-01"},{"lineNumber":58,"author":{"gitId":"ondretann"},"content":"","lastModifiedDate":"2024-02-01"},{"lineNumber":59,"author":{"gitId":"ondretann"},"content":"    public void showError(String s) {","lastModifiedDate":"2024-02-01"},{"lineNumber":60,"author":{"gitId":"ondretann"},"content":"        System.out.println(line + s + \"\\n\" + line);","lastModifiedDate":"2024-02-01"},{"lineNumber":61,"author":{"gitId":"ondretann"},"content":"    }","lastModifiedDate":"2024-02-01"},{"lineNumber":62,"author":{"gitId":"ondretann"},"content":"    public String readCommand() {","lastModifiedDate":"2024-02-01"},{"lineNumber":63,"author":{"gitId":"ondretann"},"content":"        return sc.nextLine();","lastModifiedDate":"2024-02-01"},{"lineNumber":64,"author":{"gitId":"ondretann"},"content":"    }","lastModifiedDate":"2024-02-01"},{"lineNumber":65,"author":{"gitId":"ondretann"},"content":"","lastModifiedDate":"2024-02-01"},{"lineNumber":66,"author":{"gitId":"ondretann"},"content":"","lastModifiedDate":"2024-02-01"},{"lineNumber":67,"author":{"gitId":"ondretann"},"content":"","lastModifiedDate":"2024-02-01"},{"lineNumber":68,"author":{"gitId":"ondretann"},"content":"}","lastModifiedDate":"2024-02-01"}],"authorContributionMap":{"ondretann":68}},{"path":"src/main/java/Thames/command/AddCommand.java","fileType":"java","lines":[{"lineNumber":1,"author":{"gitId":"ondretann"},"content":"package Thames.command;","lastModifiedDate":"2024-02-01"},{"lineNumber":2,"author":{"gitId":"ondretann"},"content":"","lastModifiedDate":"2024-02-01"},{"lineNumber":3,"author":{"gitId":"ondretann"},"content":"import java.io.IOException;","lastModifiedDate":"2024-02-01"},{"lineNumber":4,"author":{"gitId":"ondretann"},"content":"import Thames.TaskList;","lastModifiedDate":"2024-02-01"},{"lineNumber":5,"author":{"gitId":"ondretann"},"content":"import Thames.Ui;","lastModifiedDate":"2024-02-01"},{"lineNumber":6,"author":{"gitId":"ondretann"},"content":"import Thames.Storage;","lastModifiedDate":"2024-02-01"},{"lineNumber":7,"author":{"gitId":"ondretann"},"content":"import Thames.ThamesException;","lastModifiedDate":"2024-02-01"},{"lineNumber":8,"author":{"gitId":"ondretann"},"content":"import Thames.task.Task;","lastModifiedDate":"2024-02-01"},{"lineNumber":9,"author":{"gitId":"ondretann"},"content":"","lastModifiedDate":"2024-02-01"},{"lineNumber":10,"author":{"gitId":"ondretann"},"content":"public class AddCommand extends Command {","lastModifiedDate":"2024-02-01"},{"lineNumber":11,"author":{"gitId":"ondretann"},"content":"    protected Task task;","lastModifiedDate":"2024-02-01"},{"lineNumber":12,"author":{"gitId":"ondretann"},"content":"","lastModifiedDate":"2024-02-01"},{"lineNumber":13,"author":{"gitId":"ondretann"},"content":"    public AddCommand(Task task) {","lastModifiedDate":"2024-02-01"},{"lineNumber":14,"author":{"gitId":"ondretann"},"content":"        this.task \u003d task;","lastModifiedDate":"2024-02-01"},{"lineNumber":15,"author":{"gitId":"ondretann"},"content":"    }","lastModifiedDate":"2024-02-01"},{"lineNumber":16,"author":{"gitId":"ondretann"},"content":"    @Override","lastModifiedDate":"2024-02-01"},{"lineNumber":17,"author":{"gitId":"ondretann"},"content":"    public void execute(TaskList tasks, Ui ui, Storage storage) throws ThamesException {","lastModifiedDate":"2024-02-01"},{"lineNumber":18,"author":{"gitId":"ondretann"},"content":"        tasks.add(task);","lastModifiedDate":"2024-02-01"},{"lineNumber":19,"author":{"gitId":"ondretann"},"content":"        ui.addTask(task, tasks.size());","lastModifiedDate":"2024-02-01"},{"lineNumber":20,"author":{"gitId":"ondretann"},"content":"        try {","lastModifiedDate":"2024-02-01"},{"lineNumber":21,"author":{"gitId":"ondretann"},"content":"            storage.save(tasks);","lastModifiedDate":"2024-02-01"},{"lineNumber":22,"author":{"gitId":"ondretann"},"content":"        } catch(IOException e) {","lastModifiedDate":"2024-02-01"},{"lineNumber":23,"author":{"gitId":"ondretann"},"content":"            throw new ThamesException(\"There was an error saving the file. Please try again.\");","lastModifiedDate":"2024-02-01"},{"lineNumber":24,"author":{"gitId":"ondretann"},"content":"        }","lastModifiedDate":"2024-02-01"},{"lineNumber":25,"author":{"gitId":"ondretann"},"content":"    }","lastModifiedDate":"2024-02-01"},{"lineNumber":26,"author":{"gitId":"ondretann"},"content":"","lastModifiedDate":"2024-02-01"},{"lineNumber":27,"author":{"gitId":"ondretann"},"content":"    @Override","lastModifiedDate":"2024-02-01"},{"lineNumber":28,"author":{"gitId":"ondretann"},"content":"    public boolean isExit() {","lastModifiedDate":"2024-02-01"},{"lineNumber":29,"author":{"gitId":"ondretann"},"content":"        return false;","lastModifiedDate":"2024-02-01"},{"lineNumber":30,"author":{"gitId":"ondretann"},"content":"    }","lastModifiedDate":"2024-02-01"},{"lineNumber":31,"author":{"gitId":"ondretann"},"content":"}","lastModifiedDate":"2024-02-01"}],"authorContributionMap":{"ondretann":31}},{"path":"src/main/java/Thames/command/Command.java","fileType":"java","lines":[{"lineNumber":1,"author":{"gitId":"ondretann"},"content":"package Thames.command;","lastModifiedDate":"2024-02-01"},{"lineNumber":2,"author":{"gitId":"ondretann"},"content":"","lastModifiedDate":"2024-02-01"},{"lineNumber":3,"author":{"gitId":"ondretann"},"content":"import Thames.TaskList;","lastModifiedDate":"2024-02-01"},{"lineNumber":4,"author":{"gitId":"ondretann"},"content":"import Thames.Ui;","lastModifiedDate":"2024-02-01"},{"lineNumber":5,"author":{"gitId":"ondretann"},"content":"import Thames.Storage;","lastModifiedDate":"2024-02-01"},{"lineNumber":6,"author":{"gitId":"ondretann"},"content":"import Thames.ThamesException;","lastModifiedDate":"2024-02-01"},{"lineNumber":7,"author":{"gitId":"ondretann"},"content":"","lastModifiedDate":"2024-02-01"},{"lineNumber":8,"author":{"gitId":"ondretann"},"content":"public abstract class Command {","lastModifiedDate":"2024-02-01"},{"lineNumber":9,"author":{"gitId":"ondretann"},"content":"    public abstract void execute(TaskList tasks, Ui ui, Storage storage) throws ThamesException;","lastModifiedDate":"2024-02-01"},{"lineNumber":10,"author":{"gitId":"ondretann"},"content":"","lastModifiedDate":"2024-02-01"},{"lineNumber":11,"author":{"gitId":"ondretann"},"content":"    public abstract boolean isExit();","lastModifiedDate":"2024-02-01"},{"lineNumber":12,"author":{"gitId":"ondretann"},"content":"}","lastModifiedDate":"2024-02-01"}],"authorContributionMap":{"ondretann":12}},{"path":"src/main/java/Thames/command/DeleteCommand.java","fileType":"java","lines":[{"lineNumber":1,"author":{"gitId":"ondretann"},"content":"package Thames.command;","lastModifiedDate":"2024-02-01"},{"lineNumber":2,"author":{"gitId":"ondretann"},"content":"","lastModifiedDate":"2024-02-01"},{"lineNumber":3,"author":{"gitId":"ondretann"},"content":"import java.io.IOException;","lastModifiedDate":"2024-02-01"},{"lineNumber":4,"author":{"gitId":"ondretann"},"content":"import Thames.TaskList;","lastModifiedDate":"2024-02-01"},{"lineNumber":5,"author":{"gitId":"ondretann"},"content":"import Thames.Ui;","lastModifiedDate":"2024-02-01"},{"lineNumber":6,"author":{"gitId":"ondretann"},"content":"import Thames.Storage;","lastModifiedDate":"2024-02-01"},{"lineNumber":7,"author":{"gitId":"ondretann"},"content":"import Thames.ThamesException;","lastModifiedDate":"2024-02-01"},{"lineNumber":8,"author":{"gitId":"ondretann"},"content":"import Thames.task.Task;","lastModifiedDate":"2024-02-01"},{"lineNumber":9,"author":{"gitId":"ondretann"},"content":"","lastModifiedDate":"2024-02-01"},{"lineNumber":10,"author":{"gitId":"ondretann"},"content":"public class DeleteCommand extends Command {","lastModifiedDate":"2024-02-01"},{"lineNumber":11,"author":{"gitId":"ondretann"},"content":"    int index;","lastModifiedDate":"2024-02-01"},{"lineNumber":12,"author":{"gitId":"ondretann"},"content":"","lastModifiedDate":"2024-02-01"},{"lineNumber":13,"author":{"gitId":"ondretann"},"content":"    public DeleteCommand(int index) {","lastModifiedDate":"2024-02-01"},{"lineNumber":14,"author":{"gitId":"ondretann"},"content":"        this.index \u003d index;","lastModifiedDate":"2024-02-01"},{"lineNumber":15,"author":{"gitId":"ondretann"},"content":"    }","lastModifiedDate":"2024-02-01"},{"lineNumber":16,"author":{"gitId":"ondretann"},"content":"","lastModifiedDate":"2024-02-01"},{"lineNumber":17,"author":{"gitId":"ondretann"},"content":"    @Override","lastModifiedDate":"2024-02-01"},{"lineNumber":18,"author":{"gitId":"ondretann"},"content":"    public void execute(TaskList tasks, Ui ui, Storage storage) throws ThamesException {","lastModifiedDate":"2024-02-01"},{"lineNumber":19,"author":{"gitId":"ondretann"},"content":"        try {","lastModifiedDate":"2024-02-01"},{"lineNumber":20,"author":{"gitId":"ondretann"},"content":"            Task deletedTask \u003d tasks.remove(index);","lastModifiedDate":"2024-02-01"},{"lineNumber":21,"author":{"gitId":"ondretann"},"content":"            ui.delete(deletedTask, tasks.size());","lastModifiedDate":"2024-02-01"},{"lineNumber":22,"author":{"gitId":"ondretann"},"content":"            storage.save(tasks);","lastModifiedDate":"2024-02-01"},{"lineNumber":23,"author":{"gitId":"ondretann"},"content":"        } catch (IOException e) {","lastModifiedDate":"2024-02-01"},{"lineNumber":24,"author":{"gitId":"ondretann"},"content":"            throw new ThamesException(\"There was an error saving the file. Please try again.\");","lastModifiedDate":"2024-02-01"},{"lineNumber":25,"author":{"gitId":"ondretann"},"content":"        } catch (IndexOutOfBoundsException e) {","lastModifiedDate":"2024-02-01"},{"lineNumber":26,"author":{"gitId":"ondretann"},"content":"            throw new ThamesException(\"Task list index is out of bounds!\");","lastModifiedDate":"2024-02-01"},{"lineNumber":27,"author":{"gitId":"ondretann"},"content":"        }","lastModifiedDate":"2024-02-01"},{"lineNumber":28,"author":{"gitId":"ondretann"},"content":"    }","lastModifiedDate":"2024-02-01"},{"lineNumber":29,"author":{"gitId":"ondretann"},"content":"","lastModifiedDate":"2024-02-01"},{"lineNumber":30,"author":{"gitId":"ondretann"},"content":"    @Override","lastModifiedDate":"2024-02-01"},{"lineNumber":31,"author":{"gitId":"ondretann"},"content":"    public boolean isExit() {","lastModifiedDate":"2024-02-01"},{"lineNumber":32,"author":{"gitId":"ondretann"},"content":"        return false;","lastModifiedDate":"2024-02-01"},{"lineNumber":33,"author":{"gitId":"ondretann"},"content":"    }","lastModifiedDate":"2024-02-01"},{"lineNumber":34,"author":{"gitId":"ondretann"},"content":"}","lastModifiedDate":"2024-02-01"}],"authorContributionMap":{"ondretann":34}},{"path":"src/main/java/Thames/command/EditCommand.java","fileType":"java","lines":[{"lineNumber":1,"author":{"gitId":"ondretann"},"content":"package Thames.command;","lastModifiedDate":"2024-02-01"},{"lineNumber":2,"author":{"gitId":"ondretann"},"content":"","lastModifiedDate":"2024-02-01"},{"lineNumber":3,"author":{"gitId":"ondretann"},"content":"import java.io.IOException;","lastModifiedDate":"2024-02-01"},{"lineNumber":4,"author":{"gitId":"ondretann"},"content":"import Thames.TaskList;","lastModifiedDate":"2024-02-01"},{"lineNumber":5,"author":{"gitId":"ondretann"},"content":"import Thames.Ui;","lastModifiedDate":"2024-02-01"},{"lineNumber":6,"author":{"gitId":"ondretann"},"content":"import Thames.Storage;","lastModifiedDate":"2024-02-01"},{"lineNumber":7,"author":{"gitId":"ondretann"},"content":"import Thames.ThamesException;","lastModifiedDate":"2024-02-01"},{"lineNumber":8,"author":{"gitId":"ondretann"},"content":"import Thames.task.Task;","lastModifiedDate":"2024-02-01"},{"lineNumber":9,"author":{"gitId":"ondretann"},"content":"","lastModifiedDate":"2024-02-01"},{"lineNumber":10,"author":{"gitId":"ondretann"},"content":"public class EditCommand extends Command {","lastModifiedDate":"2024-02-01"},{"lineNumber":11,"author":{"gitId":"ondretann"},"content":"    protected boolean isMark;","lastModifiedDate":"2024-02-01"},{"lineNumber":12,"author":{"gitId":"ondretann"},"content":"    protected int index;","lastModifiedDate":"2024-02-01"},{"lineNumber":13,"author":{"gitId":"ondretann"},"content":"","lastModifiedDate":"2024-02-01"},{"lineNumber":14,"author":{"gitId":"ondretann"},"content":"    public EditCommand(Boolean isMark, int index) {","lastModifiedDate":"2024-02-01"},{"lineNumber":15,"author":{"gitId":"ondretann"},"content":"        this.isMark \u003d isMark;","lastModifiedDate":"2024-02-01"},{"lineNumber":16,"author":{"gitId":"ondretann"},"content":"        this.index \u003d index;","lastModifiedDate":"2024-02-01"},{"lineNumber":17,"author":{"gitId":"ondretann"},"content":"    }","lastModifiedDate":"2024-02-01"},{"lineNumber":18,"author":{"gitId":"ondretann"},"content":"","lastModifiedDate":"2024-02-01"},{"lineNumber":19,"author":{"gitId":"ondretann"},"content":"    @Override","lastModifiedDate":"2024-02-01"},{"lineNumber":20,"author":{"gitId":"ondretann"},"content":"    public void execute(TaskList tasks, Ui ui, Storage storage) throws ThamesException {","lastModifiedDate":"2024-02-01"},{"lineNumber":21,"author":{"gitId":"ondretann"},"content":"        try {","lastModifiedDate":"2024-02-01"},{"lineNumber":22,"author":{"gitId":"ondretann"},"content":"            Task task \u003d tasks.get(index);","lastModifiedDate":"2024-02-01"},{"lineNumber":23,"author":{"gitId":"ondretann"},"content":"            if (isMark) {","lastModifiedDate":"2024-02-01"},{"lineNumber":24,"author":{"gitId":"ondretann"},"content":"                task.mark();","lastModifiedDate":"2024-02-01"},{"lineNumber":25,"author":{"gitId":"ondretann"},"content":"                ui.mark(task);","lastModifiedDate":"2024-02-01"},{"lineNumber":26,"author":{"gitId":"ondretann"},"content":"            } else {","lastModifiedDate":"2024-02-01"},{"lineNumber":27,"author":{"gitId":"ondretann"},"content":"                task.unmark();","lastModifiedDate":"2024-02-01"},{"lineNumber":28,"author":{"gitId":"ondretann"},"content":"                ui.mark(task);","lastModifiedDate":"2024-02-01"},{"lineNumber":29,"author":{"gitId":"ondretann"},"content":"            }","lastModifiedDate":"2024-02-01"},{"lineNumber":30,"author":{"gitId":"ondretann"},"content":"            storage.save(tasks);","lastModifiedDate":"2024-02-01"},{"lineNumber":31,"author":{"gitId":"ondretann"},"content":"        } catch (IndexOutOfBoundsException e) {","lastModifiedDate":"2024-02-01"},{"lineNumber":32,"author":{"gitId":"ondretann"},"content":"            throw new ThamesException(\"Task list index is out of bounds!\");","lastModifiedDate":"2024-02-01"},{"lineNumber":33,"author":{"gitId":"ondretann"},"content":"        } catch (IOException e) {","lastModifiedDate":"2024-02-01"},{"lineNumber":34,"author":{"gitId":"ondretann"},"content":"            throw new ThamesException(\"There was an error saving the file. Please try again.\");","lastModifiedDate":"2024-02-01"},{"lineNumber":35,"author":{"gitId":"ondretann"},"content":"        }","lastModifiedDate":"2024-02-01"},{"lineNumber":36,"author":{"gitId":"ondretann"},"content":"","lastModifiedDate":"2024-02-01"},{"lineNumber":37,"author":{"gitId":"ondretann"},"content":"    }","lastModifiedDate":"2024-02-01"},{"lineNumber":38,"author":{"gitId":"ondretann"},"content":"    @Override","lastModifiedDate":"2024-02-01"},{"lineNumber":39,"author":{"gitId":"ondretann"},"content":"    public boolean isExit() {","lastModifiedDate":"2024-02-01"},{"lineNumber":40,"author":{"gitId":"ondretann"},"content":"        return false;","lastModifiedDate":"2024-02-01"},{"lineNumber":41,"author":{"gitId":"ondretann"},"content":"    }","lastModifiedDate":"2024-02-01"},{"lineNumber":42,"author":{"gitId":"ondretann"},"content":"}","lastModifiedDate":"2024-02-01"}],"authorContributionMap":{"ondretann":42}},{"path":"src/main/java/Thames/command/ExitCommand.java","fileType":"java","lines":[{"lineNumber":1,"author":{"gitId":"ondretann"},"content":"package Thames.command;","lastModifiedDate":"2024-02-01"},{"lineNumber":2,"author":{"gitId":"ondretann"},"content":"","lastModifiedDate":"2024-02-01"},{"lineNumber":3,"author":{"gitId":"ondretann"},"content":"import Thames.TaskList;","lastModifiedDate":"2024-02-01"},{"lineNumber":4,"author":{"gitId":"ondretann"},"content":"import Thames.Ui;","lastModifiedDate":"2024-02-01"},{"lineNumber":5,"author":{"gitId":"ondretann"},"content":"import Thames.Storage;","lastModifiedDate":"2024-02-01"},{"lineNumber":6,"author":{"gitId":"ondretann"},"content":"","lastModifiedDate":"2024-02-01"},{"lineNumber":7,"author":{"gitId":"ondretann"},"content":"public class ExitCommand extends Command {","lastModifiedDate":"2024-02-01"},{"lineNumber":8,"author":{"gitId":"ondretann"},"content":"    public void execute(TaskList tasks, Ui ui, Storage storage) {","lastModifiedDate":"2024-02-01"},{"lineNumber":9,"author":{"gitId":"ondretann"},"content":"        ui.bye();","lastModifiedDate":"2024-02-01"},{"lineNumber":10,"author":{"gitId":"ondretann"},"content":"    }","lastModifiedDate":"2024-02-01"},{"lineNumber":11,"author":{"gitId":"ondretann"},"content":"","lastModifiedDate":"2024-02-01"},{"lineNumber":12,"author":{"gitId":"ondretann"},"content":"    public boolean isExit() {","lastModifiedDate":"2024-02-01"},{"lineNumber":13,"author":{"gitId":"ondretann"},"content":"        return true;","lastModifiedDate":"2024-02-01"},{"lineNumber":14,"author":{"gitId":"ondretann"},"content":"    }","lastModifiedDate":"2024-02-01"},{"lineNumber":15,"author":{"gitId":"ondretann"},"content":"}","lastModifiedDate":"2024-02-01"}],"authorContributionMap":{"ondretann":15}},{"path":"src/main/java/Thames/command/ListCommand.java","fileType":"java","lines":[{"lineNumber":1,"author":{"gitId":"ondretann"},"content":"package Thames.command;","lastModifiedDate":"2024-02-01"},{"lineNumber":2,"author":{"gitId":"ondretann"},"content":"","lastModifiedDate":"2024-02-01"},{"lineNumber":3,"author":{"gitId":"ondretann"},"content":"import Thames.TaskList;","lastModifiedDate":"2024-02-01"},{"lineNumber":4,"author":{"gitId":"ondretann"},"content":"import Thames.Ui;","lastModifiedDate":"2024-02-01"},{"lineNumber":5,"author":{"gitId":"ondretann"},"content":"import Thames.Storage;","lastModifiedDate":"2024-02-01"},{"lineNumber":6,"author":{"gitId":"ondretann"},"content":"","lastModifiedDate":"2024-02-01"},{"lineNumber":7,"author":{"gitId":"ondretann"},"content":"public class ListCommand extends Command {","lastModifiedDate":"2024-02-01"},{"lineNumber":8,"author":{"gitId":"ondretann"},"content":"    @Override","lastModifiedDate":"2024-02-01"},{"lineNumber":9,"author":{"gitId":"ondretann"},"content":"    public void execute(TaskList tasks, Ui ui, Storage storage) {","lastModifiedDate":"2024-02-01"},{"lineNumber":10,"author":{"gitId":"ondretann"},"content":"        ui.showList(tasks);","lastModifiedDate":"2024-02-01"},{"lineNumber":11,"author":{"gitId":"ondretann"},"content":"    }","lastModifiedDate":"2024-02-01"},{"lineNumber":12,"author":{"gitId":"ondretann"},"content":"    @Override","lastModifiedDate":"2024-02-01"},{"lineNumber":13,"author":{"gitId":"ondretann"},"content":"    public boolean isExit() {","lastModifiedDate":"2024-02-01"},{"lineNumber":14,"author":{"gitId":"ondretann"},"content":"        return false;","lastModifiedDate":"2024-02-01"},{"lineNumber":15,"author":{"gitId":"ondretann"},"content":"    }","lastModifiedDate":"2024-02-01"},{"lineNumber":16,"author":{"gitId":"ondretann"},"content":"}","lastModifiedDate":"2024-02-01"}],"authorContributionMap":{"ondretann":16}},{"path":"src/main/java/Thames/task/Deadline.java","fileType":"java","lines":[{"lineNumber":1,"author":{"gitId":"ondretann"},"content":"package Thames.task;","lastModifiedDate":"2024-02-01"},{"lineNumber":2,"author":{"gitId":"ondretann"},"content":"","lastModifiedDate":"2024-02-01"},{"lineNumber":3,"author":{"gitId":"ondretann"},"content":"import java.time.LocalDate;","lastModifiedDate":"2024-02-01"},{"lineNumber":4,"author":{"gitId":"ondretann"},"content":"import java.time.format.DateTimeFormatter;","lastModifiedDate":"2024-02-01"},{"lineNumber":5,"author":{"gitId":"ondretann"},"content":"public class Deadline extends Task{","lastModifiedDate":"2024-01-23"},{"lineNumber":6,"author":{"gitId":"ondretann"},"content":"    protected LocalDate by;","lastModifiedDate":"2024-02-01"},{"lineNumber":7,"author":{"gitId":"ondretann"},"content":"","lastModifiedDate":"2024-01-23"},{"lineNumber":8,"author":{"gitId":"ondretann"},"content":"    public Deadline(String name, String by) {","lastModifiedDate":"2024-01-23"},{"lineNumber":9,"author":{"gitId":"ondretann"},"content":"        super(name);","lastModifiedDate":"2024-01-23"},{"lineNumber":10,"author":{"gitId":"ondretann"},"content":"        this.by \u003d LocalDate.parse(by);","lastModifiedDate":"2024-02-01"},{"lineNumber":11,"author":{"gitId":"ondretann"},"content":"    }","lastModifiedDate":"2024-02-01"},{"lineNumber":12,"author":{"gitId":"ondretann"},"content":"","lastModifiedDate":"2024-02-01"},{"lineNumber":13,"author":{"gitId":"ondretann"},"content":"    public LocalDate getBy() {","lastModifiedDate":"2024-02-01"},{"lineNumber":14,"author":{"gitId":"ondretann"},"content":"        return this.by;","lastModifiedDate":"2024-02-01"},{"lineNumber":15,"author":{"gitId":"ondretann"},"content":"    }","lastModifiedDate":"2024-01-23"},{"lineNumber":16,"author":{"gitId":"ondretann"},"content":"","lastModifiedDate":"2024-01-23"},{"lineNumber":17,"author":{"gitId":"ondretann"},"content":"    @Override","lastModifiedDate":"2024-01-23"},{"lineNumber":18,"author":{"gitId":"ondretann"},"content":"    public String toString() {","lastModifiedDate":"2024-01-23"},{"lineNumber":19,"author":{"gitId":"ondretann"},"content":"        return \"[D]\" + super.toString() + \" (by: \" + by.format(DateTimeFormatter.ofPattern(\"MMM d yyyy\")) + \")\";","lastModifiedDate":"2024-02-01"},{"lineNumber":20,"author":{"gitId":"ondretann"},"content":"    }","lastModifiedDate":"2024-01-23"},{"lineNumber":21,"author":{"gitId":"ondretann"},"content":"}","lastModifiedDate":"2024-01-23"}],"authorContributionMap":{"ondretann":21}},{"path":"src/main/java/Thames/task/Event.java","fileType":"java","lines":[{"lineNumber":1,"author":{"gitId":"ondretann"},"content":"package Thames.task;","lastModifiedDate":"2024-02-01"},{"lineNumber":2,"author":{"gitId":"ondretann"},"content":"","lastModifiedDate":"2024-02-01"},{"lineNumber":3,"author":{"gitId":"ondretann"},"content":"import java.time.LocalDate;","lastModifiedDate":"2024-02-01"},{"lineNumber":4,"author":{"gitId":"ondretann"},"content":"import java.time.format.DateTimeFormatter;","lastModifiedDate":"2024-02-01"},{"lineNumber":5,"author":{"gitId":"ondretann"},"content":"public class Event extends Task{","lastModifiedDate":"2024-01-23"},{"lineNumber":6,"author":{"gitId":"ondretann"},"content":"    protected LocalDate from;","lastModifiedDate":"2024-02-01"},{"lineNumber":7,"author":{"gitId":"ondretann"},"content":"    protected LocalDate to;","lastModifiedDate":"2024-02-01"},{"lineNumber":8,"author":{"gitId":"ondretann"},"content":"","lastModifiedDate":"2024-01-23"},{"lineNumber":9,"author":{"gitId":"ondretann"},"content":"    public Event(String name, String from, String to) {","lastModifiedDate":"2024-01-23"},{"lineNumber":10,"author":{"gitId":"ondretann"},"content":"        super(name);","lastModifiedDate":"2024-01-23"},{"lineNumber":11,"author":{"gitId":"ondretann"},"content":"        this.to \u003d LocalDate.parse(to);","lastModifiedDate":"2024-02-01"},{"lineNumber":12,"author":{"gitId":"ondretann"},"content":"        this.from \u003d LocalDate.parse(from);","lastModifiedDate":"2024-02-01"},{"lineNumber":13,"author":{"gitId":"ondretann"},"content":"    }","lastModifiedDate":"2024-02-01"},{"lineNumber":14,"author":{"gitId":"ondretann"},"content":"","lastModifiedDate":"2024-02-01"},{"lineNumber":15,"author":{"gitId":"ondretann"},"content":"    public LocalDate getFrom() {","lastModifiedDate":"2024-02-01"},{"lineNumber":16,"author":{"gitId":"ondretann"},"content":"        return this.from;","lastModifiedDate":"2024-02-01"},{"lineNumber":17,"author":{"gitId":"ondretann"},"content":"    }","lastModifiedDate":"2024-02-01"},{"lineNumber":18,"author":{"gitId":"ondretann"},"content":"","lastModifiedDate":"2024-02-01"},{"lineNumber":19,"author":{"gitId":"ondretann"},"content":"    public LocalDate getTo() {","lastModifiedDate":"2024-02-01"},{"lineNumber":20,"author":{"gitId":"ondretann"},"content":"        return this.to;","lastModifiedDate":"2024-02-01"},{"lineNumber":21,"author":{"gitId":"ondretann"},"content":"    }","lastModifiedDate":"2024-01-23"},{"lineNumber":22,"author":{"gitId":"ondretann"},"content":"","lastModifiedDate":"2024-01-23"},{"lineNumber":23,"author":{"gitId":"ondretann"},"content":"    @Override","lastModifiedDate":"2024-01-23"},{"lineNumber":24,"author":{"gitId":"ondretann"},"content":"    public String toString(){","lastModifiedDate":"2024-01-23"},{"lineNumber":25,"author":{"gitId":"ondretann"},"content":"        return \"[E]\" + super.toString() + \" (from: \" + from.format(DateTimeFormatter.ofPattern(\"MMM d yyyy\")) +","lastModifiedDate":"2024-02-01"},{"lineNumber":26,"author":{"gitId":"ondretann"},"content":"                \" to: \" + to.format(DateTimeFormatter.ofPattern(\"MMM d yyyy\")) + \")\";","lastModifiedDate":"2024-02-01"},{"lineNumber":27,"author":{"gitId":"ondretann"},"content":"    }","lastModifiedDate":"2024-01-23"},{"lineNumber":28,"author":{"gitId":"ondretann"},"content":"}","lastModifiedDate":"2024-01-23"}],"authorContributionMap":{"ondretann":28}},{"path":"src/main/java/Thames/task/Task.java","fileType":"java","lines":[{"lineNumber":1,"author":{"gitId":"ondretann"},"content":"package Thames.task;","lastModifiedDate":"2024-02-01"},{"lineNumber":2,"author":{"gitId":"ondretann"},"content":"","lastModifiedDate":"2024-02-01"},{"lineNumber":3,"author":{"gitId":"ondretann"},"content":"public class Task {","lastModifiedDate":"2024-01-22"},{"lineNumber":4,"author":{"gitId":"ondretann"},"content":"    protected String name;","lastModifiedDate":"2024-01-23"},{"lineNumber":5,"author":{"gitId":"ondretann"},"content":"    protected Boolean isDone;","lastModifiedDate":"2024-01-23"},{"lineNumber":6,"author":{"gitId":"ondretann"},"content":"    public Task(String name) {","lastModifiedDate":"2024-01-22"},{"lineNumber":7,"author":{"gitId":"ondretann"},"content":"        this.name \u003d name;","lastModifiedDate":"2024-01-22"},{"lineNumber":8,"author":{"gitId":"ondretann"},"content":"        this.isDone \u003d false;","lastModifiedDate":"2024-01-22"},{"lineNumber":9,"author":{"gitId":"ondretann"},"content":"    }","lastModifiedDate":"2024-01-22"},{"lineNumber":10,"author":{"gitId":"ondretann"},"content":"","lastModifiedDate":"2024-01-22"},{"lineNumber":11,"author":{"gitId":"ondretann"},"content":"    public String getName() {","lastModifiedDate":"2024-02-01"},{"lineNumber":12,"author":{"gitId":"ondretann"},"content":"        return this.name;","lastModifiedDate":"2024-02-01"},{"lineNumber":13,"author":{"gitId":"ondretann"},"content":"    }","lastModifiedDate":"2024-02-01"},{"lineNumber":14,"author":{"gitId":"ondretann"},"content":"","lastModifiedDate":"2024-02-01"},{"lineNumber":15,"author":{"gitId":"ondretann"},"content":"    public Boolean getDone() {","lastModifiedDate":"2024-01-22"},{"lineNumber":16,"author":{"gitId":"ondretann"},"content":"        return this.isDone;","lastModifiedDate":"2024-01-22"},{"lineNumber":17,"author":{"gitId":"ondretann"},"content":"    }","lastModifiedDate":"2024-01-22"},{"lineNumber":18,"author":{"gitId":"ondretann"},"content":"    public void mark() {","lastModifiedDate":"2024-01-22"},{"lineNumber":19,"author":{"gitId":"ondretann"},"content":"        isDone \u003d true;","lastModifiedDate":"2024-01-22"},{"lineNumber":20,"author":{"gitId":"ondretann"},"content":"    }","lastModifiedDate":"2024-01-22"},{"lineNumber":21,"author":{"gitId":"ondretann"},"content":"","lastModifiedDate":"2024-01-22"},{"lineNumber":22,"author":{"gitId":"ondretann"},"content":"    public void unmark() {","lastModifiedDate":"2024-01-22"},{"lineNumber":23,"author":{"gitId":"ondretann"},"content":"        isDone \u003d false;","lastModifiedDate":"2024-01-22"},{"lineNumber":24,"author":{"gitId":"ondretann"},"content":"    }","lastModifiedDate":"2024-01-22"},{"lineNumber":25,"author":{"gitId":"ondretann"},"content":"","lastModifiedDate":"2024-01-22"},{"lineNumber":26,"author":{"gitId":"ondretann"},"content":"    public Boolean isDone() {","lastModifiedDate":"2024-01-31"},{"lineNumber":27,"author":{"gitId":"ondretann"},"content":"        return this.isDone;","lastModifiedDate":"2024-01-31"},{"lineNumber":28,"author":{"gitId":"ondretann"},"content":"    }","lastModifiedDate":"2024-01-31"},{"lineNumber":29,"author":{"gitId":"ondretann"},"content":"","lastModifiedDate":"2024-01-31"},{"lineNumber":30,"author":{"gitId":"ondretann"},"content":"    @Override","lastModifiedDate":"2024-01-22"},{"lineNumber":31,"author":{"gitId":"ondretann"},"content":"    public String toString() {","lastModifiedDate":"2024-01-22"},{"lineNumber":32,"author":{"gitId":"ondretann"},"content":"        return \"[\" + (isDone? \"X\":\" \") + \"] \" + this.name;","lastModifiedDate":"2024-01-23"},{"lineNumber":33,"author":{"gitId":"ondretann"},"content":"    }","lastModifiedDate":"2024-01-22"},{"lineNumber":34,"author":{"gitId":"ondretann"},"content":"","lastModifiedDate":"2024-01-22"},{"lineNumber":35,"author":{"gitId":"ondretann"},"content":"}","lastModifiedDate":"2024-01-22"}],"authorContributionMap":{"ondretann":35}},{"path":"src/main/java/Thames/task/ToDo.java","fileType":"java","lines":[{"lineNumber":1,"author":{"gitId":"ondretann"},"content":"package Thames.task;","lastModifiedDate":"2024-02-01"},{"lineNumber":2,"author":{"gitId":"ondretann"},"content":"","lastModifiedDate":"2024-02-01"},{"lineNumber":3,"author":{"gitId":"ondretann"},"content":"public class ToDo extends Task{","lastModifiedDate":"2024-01-23"},{"lineNumber":4,"author":{"gitId":"ondretann"},"content":"    public ToDo (String name) {","lastModifiedDate":"2024-01-23"},{"lineNumber":5,"author":{"gitId":"ondretann"},"content":"        super(name);","lastModifiedDate":"2024-01-23"},{"lineNumber":6,"author":{"gitId":"ondretann"},"content":"    }","lastModifiedDate":"2024-01-23"},{"lineNumber":7,"author":{"gitId":"ondretann"},"content":"","lastModifiedDate":"2024-01-23"},{"lineNumber":8,"author":{"gitId":"ondretann"},"content":"    @Override","lastModifiedDate":"2024-01-23"},{"lineNumber":9,"author":{"gitId":"ondretann"},"content":"    public String toString(){","lastModifiedDate":"2024-01-23"},{"lineNumber":10,"author":{"gitId":"ondretann"},"content":"        return \"[T]\" + super.toString();","lastModifiedDate":"2024-01-23"},{"lineNumber":11,"author":{"gitId":"ondretann"},"content":"    }","lastModifiedDate":"2024-01-23"},{"lineNumber":12,"author":{"gitId":"ondretann"},"content":"}","lastModifiedDate":"2024-01-23"}],"authorContributionMap":{"ondretann":12}},{"path":"text-ui-test/input.txt","fileType":"txt","lines":[{"lineNumber":1,"author":{"gitId":"ondretann"},"content":"todo read book","lastModifiedDate":"2024-02-01"},{"lineNumber":2,"author":{"gitId":"ondretann"},"content":"deadline wash clothes /by 2020-01-01","lastModifiedDate":"2024-02-01"},{"lineNumber":3,"author":{"gitId":"ondretann"},"content":"event do homework /from 2020-01-01 /to 2020-01-01","lastModifiedDate":"2024-02-01"},{"lineNumber":4,"author":{"gitId":"ondretann"},"content":"list","lastModifiedDate":"2024-02-01"},{"lineNumber":5,"author":{"gitId":"ondretann"},"content":"mark 1","lastModifiedDate":"2024-02-01"},{"lineNumber":6,"author":{"gitId":"ondretann"},"content":"mark 2","lastModifiedDate":"2024-02-01"},{"lineNumber":7,"author":{"gitId":"ondretann"},"content":"delete 1","lastModifiedDate":"2024-02-01"},{"lineNumber":8,"author":{"gitId":"ondretann"},"content":"list","lastModifiedDate":"2024-02-01"},{"lineNumber":9,"author":{"gitId":"ondretann"},"content":"bye","lastModifiedDate":"2024-02-01"}],"authorContributionMap":{"ondretann":9}},{"path":"text-ui-test/runtest.sh","fileType":"sh","lines":[{"lineNumber":1,"author":{"gitId":"-"},"content":"#!/usr/bin/env bash","lastModifiedDate":"2020-05-25"},{"lineNumber":2,"author":{"gitId":"-"},"content":"","lastModifiedDate":"2020-05-25"},{"lineNumber":3,"author":{"gitId":"-"},"content":"# create bin directory if it doesn\u0027t exist","lastModifiedDate":"2020-05-25"},{"lineNumber":4,"author":{"gitId":"-"},"content":"if [ ! -d \"../bin\" ]","lastModifiedDate":"2020-05-25"},{"lineNumber":5,"author":{"gitId":"-"},"content":"then","lastModifiedDate":"2020-05-25"},{"lineNumber":6,"author":{"gitId":"-"},"content":"    mkdir ../bin","lastModifiedDate":"2020-05-25"},{"lineNumber":7,"author":{"gitId":"-"},"content":"fi","lastModifiedDate":"2020-05-25"},{"lineNumber":8,"author":{"gitId":"-"},"content":"","lastModifiedDate":"2020-05-25"},{"lineNumber":9,"author":{"gitId":"-"},"content":"# delete output from previous run","lastModifiedDate":"2020-05-25"},{"lineNumber":10,"author":{"gitId":"-"},"content":"if [ -e \"./ACTUAL.TXT\" ]","lastModifiedDate":"2020-05-25"},{"lineNumber":11,"author":{"gitId":"-"},"content":"then","lastModifiedDate":"2020-05-25"},{"lineNumber":12,"author":{"gitId":"-"},"content":"    rm ACTUAL.TXT","lastModifiedDate":"2020-05-25"},{"lineNumber":13,"author":{"gitId":"-"},"content":"fi","lastModifiedDate":"2020-05-25"},{"lineNumber":14,"author":{"gitId":"-"},"content":"","lastModifiedDate":"2020-05-25"},{"lineNumber":15,"author":{"gitId":"-"},"content":"# compile the code into the bin folder, terminates if error occurred","lastModifiedDate":"2020-05-25"},{"lineNumber":16,"author":{"gitId":"-"},"content":"if ! javac -cp ../src/main/java -Xlint:none -d ../bin ../src/main/java/*.java","lastModifiedDate":"2020-08-25"},{"lineNumber":17,"author":{"gitId":"-"},"content":"then","lastModifiedDate":"2020-05-25"},{"lineNumber":18,"author":{"gitId":"-"},"content":"    echo \"********** BUILD FAILURE **********\"","lastModifiedDate":"2020-05-25"},{"lineNumber":19,"author":{"gitId":"-"},"content":"    exit 1","lastModifiedDate":"2020-05-25"},{"lineNumber":20,"author":{"gitId":"-"},"content":"fi","lastModifiedDate":"2020-05-25"},{"lineNumber":21,"author":{"gitId":"-"},"content":"","lastModifiedDate":"2020-05-25"},{"lineNumber":22,"author":{"gitId":"-"},"content":"# run the program, feed commands from input.txt file and redirect the output to the ACTUAL.TXT","lastModifiedDate":"2020-05-25"},{"lineNumber":23,"author":{"gitId":"ondretann"},"content":"java -classpath ../bin Thames \u003c input.txt \u003e ACTUAL.TXT","lastModifiedDate":"2024-02-01"},{"lineNumber":24,"author":{"gitId":"-"},"content":"","lastModifiedDate":"2020-05-25"},{"lineNumber":25,"author":{"gitId":"-"},"content":"# convert to UNIX format","lastModifiedDate":"2020-05-25"},{"lineNumber":26,"author":{"gitId":"-"},"content":"cp EXPECTED.TXT EXPECTED-UNIX.TXT","lastModifiedDate":"2020-05-25"},{"lineNumber":27,"author":{"gitId":"-"},"content":"dos2unix ACTUAL.TXT EXPECTED-UNIX.TXT","lastModifiedDate":"2020-05-25"},{"lineNumber":28,"author":{"gitId":"-"},"content":"","lastModifiedDate":"2020-05-25"},{"lineNumber":29,"author":{"gitId":"-"},"content":"# compare the output to the expected output","lastModifiedDate":"2020-05-25"},{"lineNumber":30,"author":{"gitId":"-"},"content":"diff ACTUAL.TXT EXPECTED-UNIX.TXT","lastModifiedDate":"2020-05-25"},{"lineNumber":31,"author":{"gitId":"-"},"content":"if [ $? -eq 0 ]","lastModifiedDate":"2020-05-25"},{"lineNumber":32,"author":{"gitId":"-"},"content":"then","lastModifiedDate":"2020-05-25"},{"lineNumber":33,"author":{"gitId":"-"},"content":"    echo \"Test result: PASSED\"","lastModifiedDate":"2020-05-25"},{"lineNumber":34,"author":{"gitId":"-"},"content":"    exit 0","lastModifiedDate":"2020-05-25"},{"lineNumber":35,"author":{"gitId":"-"},"content":"else","lastModifiedDate":"2020-05-25"},{"lineNumber":36,"author":{"gitId":"-"},"content":"    echo \"Test result: FAILED\"","lastModifiedDate":"2020-05-25"},{"lineNumber":37,"author":{"gitId":"-"},"content":"    exit 1","lastModifiedDate":"2020-05-25"},{"lineNumber":38,"author":{"gitId":"-"},"content":"fi","lastModifiedDate":"2020-05-25"}],"authorContributionMap":{"-":37,"ondretann":1}}]
