[{"path":"src/main/java/Deadline.java","fileType":"java","lines":[{"lineNumber":1,"author":{"gitId":"ondretann"},"content":"public class Deadline extends Task{","lastModifiedDate":"2024-01-23"},{"lineNumber":2,"author":{"gitId":"ondretann"},"content":"    protected String by;","lastModifiedDate":"2024-01-23"},{"lineNumber":3,"author":{"gitId":"ondretann"},"content":"","lastModifiedDate":"2024-01-23"},{"lineNumber":4,"author":{"gitId":"ondretann"},"content":"    public Deadline(String name, String by) {","lastModifiedDate":"2024-01-23"},{"lineNumber":5,"author":{"gitId":"ondretann"},"content":"        super(name);","lastModifiedDate":"2024-01-23"},{"lineNumber":6,"author":{"gitId":"ondretann"},"content":"        this.by \u003d by;","lastModifiedDate":"2024-01-23"},{"lineNumber":7,"author":{"gitId":"ondretann"},"content":"    }","lastModifiedDate":"2024-01-23"},{"lineNumber":8,"author":{"gitId":"ondretann"},"content":"","lastModifiedDate":"2024-01-23"},{"lineNumber":9,"author":{"gitId":"ondretann"},"content":"    @Override","lastModifiedDate":"2024-01-23"},{"lineNumber":10,"author":{"gitId":"ondretann"},"content":"    public String toString() {","lastModifiedDate":"2024-01-23"},{"lineNumber":11,"author":{"gitId":"ondretann"},"content":"        return \"[D]\" + super.toString() + \" (by: \" + by + \")\";","lastModifiedDate":"2024-01-23"},{"lineNumber":12,"author":{"gitId":"ondretann"},"content":"    }","lastModifiedDate":"2024-01-23"},{"lineNumber":13,"author":{"gitId":"ondretann"},"content":"}","lastModifiedDate":"2024-01-23"}],"authorContributionMap":{"ondretann":13}},{"path":"src/main/java/Duke.java","fileType":"java","lines":[{"lineNumber":1,"author":{"gitId":"ondretann"},"content":"import java.util.ArrayList;","lastModifiedDate":"2024-01-21"},{"lineNumber":2,"author":{"gitId":"ondretann"},"content":"import java.util.Scanner;","lastModifiedDate":"2024-01-21"},{"lineNumber":3,"author":{"gitId":"ondretann"},"content":"import java.util.List;","lastModifiedDate":"2024-01-21"},{"lineNumber":4,"author":{"gitId":"ondretann"},"content":"","lastModifiedDate":"2024-01-21"},{"lineNumber":5,"author":{"gitId":"-"},"content":"public class Duke {","lastModifiedDate":"2019-07-29"},{"lineNumber":6,"author":{"gitId":"ondretann"},"content":"    static List\u003cTask\u003e todo_list \u003d new ArrayList\u003c\u003e();","lastModifiedDate":"2024-01-22"},{"lineNumber":7,"author":{"gitId":"ondretann"},"content":"    private static void list() {","lastModifiedDate":"2024-01-22"},{"lineNumber":8,"author":{"gitId":"ondretann"},"content":"        System.out.println(\"_______________________________________________________\\n\");","lastModifiedDate":"2024-01-22"},{"lineNumber":9,"author":{"gitId":"ondretann"},"content":"","lastModifiedDate":"2024-01-22"},{"lineNumber":10,"author":{"gitId":"ondretann"},"content":"        for (int i \u003d 0; i \u003c todo_list.size(); i++) {","lastModifiedDate":"2024-01-22"},{"lineNumber":11,"author":{"gitId":"ondretann"},"content":"            System.out.println(i + 1 + \".\" + todo_list.get(i));","lastModifiedDate":"2024-01-23"},{"lineNumber":12,"author":{"gitId":"ondretann"},"content":"        }","lastModifiedDate":"2024-01-22"},{"lineNumber":13,"author":{"gitId":"ondretann"},"content":"","lastModifiedDate":"2024-01-22"},{"lineNumber":14,"author":{"gitId":"ondretann"},"content":"        System.out.println(\"_______________________________________________________\\n\");","lastModifiedDate":"2024-01-22"},{"lineNumber":15,"author":{"gitId":"ondretann"},"content":"    }","lastModifiedDate":"2024-01-22"},{"lineNumber":16,"author":{"gitId":"ondretann"},"content":"    private static void addTodo(String name) {","lastModifiedDate":"2024-01-23"},{"lineNumber":17,"author":{"gitId":"ondretann"},"content":"        ToDo todo \u003d new ToDo(name);","lastModifiedDate":"2024-01-23"},{"lineNumber":18,"author":{"gitId":"ondretann"},"content":"        todo_list.add(todo);","lastModifiedDate":"2024-01-23"},{"lineNumber":19,"author":{"gitId":"ondretann"},"content":"        System.out.println(\"_______________________________________________________\\n added: \" +","lastModifiedDate":"2024-01-22"},{"lineNumber":20,"author":{"gitId":"ondretann"},"content":"                 todo + \"\\n Now you have \" + todo_list.size() + \" tasks in the list\\n\" +","lastModifiedDate":"2024-01-23"},{"lineNumber":21,"author":{"gitId":"ondretann"},"content":"                \"_______________________________________________________\\n\");","lastModifiedDate":"2024-01-23"},{"lineNumber":22,"author":{"gitId":"ondretann"},"content":"    }","lastModifiedDate":"2024-01-23"},{"lineNumber":23,"author":{"gitId":"ondretann"},"content":"","lastModifiedDate":"2024-01-23"},{"lineNumber":24,"author":{"gitId":"ondretann"},"content":"    private static void addDeadline(String name, String by) {","lastModifiedDate":"2024-01-23"},{"lineNumber":25,"author":{"gitId":"ondretann"},"content":"        Deadline deadline \u003d new Deadline(name, by);","lastModifiedDate":"2024-01-23"},{"lineNumber":26,"author":{"gitId":"ondretann"},"content":"        todo_list.add(deadline);","lastModifiedDate":"2024-01-23"},{"lineNumber":27,"author":{"gitId":"ondretann"},"content":"        System.out.println(\"_______________________________________________________\\n added: \" +","lastModifiedDate":"2024-01-23"},{"lineNumber":28,"author":{"gitId":"ondretann"},"content":"                deadline + \"\\n Now you have \" + todo_list.size() + \" tasks in the list\\n\" +","lastModifiedDate":"2024-01-23"},{"lineNumber":29,"author":{"gitId":"ondretann"},"content":"                \"_______________________________________________________\\n\");","lastModifiedDate":"2024-01-23"},{"lineNumber":30,"author":{"gitId":"ondretann"},"content":"    }","lastModifiedDate":"2024-01-23"},{"lineNumber":31,"author":{"gitId":"ondretann"},"content":"","lastModifiedDate":"2024-01-23"},{"lineNumber":32,"author":{"gitId":"ondretann"},"content":"    private static void addEvent(String name, String from, String to) {","lastModifiedDate":"2024-01-23"},{"lineNumber":33,"author":{"gitId":"ondretann"},"content":"        Event event \u003d new Event(name, from, to);","lastModifiedDate":"2024-01-23"},{"lineNumber":34,"author":{"gitId":"ondretann"},"content":"        todo_list.add(event);","lastModifiedDate":"2024-01-23"},{"lineNumber":35,"author":{"gitId":"ondretann"},"content":"        System.out.println(\"_______________________________________________________\\n added: \" +","lastModifiedDate":"2024-01-23"},{"lineNumber":36,"author":{"gitId":"ondretann"},"content":"                event + \"\\n Now you have \" + todo_list.size() + \" tasks in the list\\n\" +","lastModifiedDate":"2024-01-23"},{"lineNumber":37,"author":{"gitId":"ondretann"},"content":"                \"_______________________________________________________\\n\");","lastModifiedDate":"2024-01-22"},{"lineNumber":38,"author":{"gitId":"ondretann"},"content":"    }","lastModifiedDate":"2024-01-22"},{"lineNumber":39,"author":{"gitId":"ondretann"},"content":"","lastModifiedDate":"2024-01-22"},{"lineNumber":40,"author":{"gitId":"-"},"content":"    public static void main(String[] args) {","lastModifiedDate":"2019-07-29"},{"lineNumber":41,"author":{"gitId":"ondretann"},"content":"        String greeting \u003d \"_______________________________________________________\\n\" +","lastModifiedDate":"2024-01-21"},{"lineNumber":42,"author":{"gitId":"ondretann"},"content":"                \"Hello! I\u0027m Thames and I\u0027ll be your assistant chatbot.\\n\" +","lastModifiedDate":"2024-01-21"},{"lineNumber":43,"author":{"gitId":"ondretann"},"content":"                \"What can I do for you today?\\n\" +","lastModifiedDate":"2024-01-21"},{"lineNumber":44,"author":{"gitId":"ondretann"},"content":"                \"_______________________________________________________\\n\";","lastModifiedDate":"2024-01-21"},{"lineNumber":45,"author":{"gitId":"ondretann"},"content":"        System.out.println(greeting);","lastModifiedDate":"2024-01-21"},{"lineNumber":46,"author":{"gitId":"ondretann"},"content":"","lastModifiedDate":"2024-01-21"},{"lineNumber":47,"author":{"gitId":"ondretann"},"content":"        while (true) {","lastModifiedDate":"2024-01-21"},{"lineNumber":48,"author":{"gitId":"ondretann"},"content":"            try {","lastModifiedDate":"2024-01-23"},{"lineNumber":49,"author":{"gitId":"ondretann"},"content":"                Scanner sc \u003d new Scanner(System.in);","lastModifiedDate":"2024-01-21"},{"lineNumber":50,"author":{"gitId":"ondretann"},"content":"","lastModifiedDate":"2024-01-21"},{"lineNumber":51,"author":{"gitId":"ondretann"},"content":"                String input \u003d sc.next();","lastModifiedDate":"2024-01-23"},{"lineNumber":52,"author":{"gitId":"ondretann"},"content":"                if (input.equals(\"bye\")) break;","lastModifiedDate":"2024-01-22"},{"lineNumber":53,"author":{"gitId":"ondretann"},"content":"                else if (input.equals(\"list\")) {","lastModifiedDate":"2024-01-22"},{"lineNumber":54,"author":{"gitId":"ondretann"},"content":"                    list();","lastModifiedDate":"2024-01-22"},{"lineNumber":55,"author":{"gitId":"ondretann"},"content":"                } else if (input.equals(\"mark\")) {","lastModifiedDate":"2024-01-23"},{"lineNumber":56,"author":{"gitId":"ondretann"},"content":"                    int index \u003d sc.nextInt();","lastModifiedDate":"2024-01-23"},{"lineNumber":57,"author":{"gitId":"ondretann"},"content":"                    if (index \u003e todo_list.size() || index \u003c\u003d 0) throw new Exception(\"Index has to be within list size!\");","lastModifiedDate":"2024-01-23"},{"lineNumber":58,"author":{"gitId":"ondretann"},"content":"                    Task task \u003d todo_list.get(index - 1);","lastModifiedDate":"2024-01-22"},{"lineNumber":59,"author":{"gitId":"ondretann"},"content":"                    task.mark();","lastModifiedDate":"2024-01-22"},{"lineNumber":60,"author":{"gitId":"ondretann"},"content":"                    System.out.println(\"_______________________________________________________\\n \" +","lastModifiedDate":"2024-01-22"},{"lineNumber":61,"author":{"gitId":"ondretann"},"content":"                            \"Nice! I\u0027ve marked this task as done:\\n \" + task +","lastModifiedDate":"2024-01-23"},{"lineNumber":62,"author":{"gitId":"ondretann"},"content":"                            \"\\n_______________________________________________________\\n\");","lastModifiedDate":"2024-01-22"},{"lineNumber":63,"author":{"gitId":"ondretann"},"content":"                } else if (input.toLowerCase().equals(\"unmark\")) {","lastModifiedDate":"2024-01-29"},{"lineNumber":64,"author":{"gitId":"ondretann"},"content":"                    int index \u003d sc.nextInt();","lastModifiedDate":"2024-01-23"},{"lineNumber":65,"author":{"gitId":"ondretann"},"content":"                    if (index \u003e todo_list.size() || index \u003c\u003d 0) throw new Exception(\"Index has to be within list size!\");","lastModifiedDate":"2024-01-23"},{"lineNumber":66,"author":{"gitId":"ondretann"},"content":"                    Task task \u003d todo_list.get(index - 1);","lastModifiedDate":"2024-01-22"},{"lineNumber":67,"author":{"gitId":"ondretann"},"content":"                    task.unmark();","lastModifiedDate":"2024-01-22"},{"lineNumber":68,"author":{"gitId":"ondretann"},"content":"                    System.out.println(\"_______________________________________________________\\n \" +","lastModifiedDate":"2024-01-22"},{"lineNumber":69,"author":{"gitId":"ondretann"},"content":"                            \"Ok, I\u0027ve marked this task as not done yet:\\n \" + task +","lastModifiedDate":"2024-01-23"},{"lineNumber":70,"author":{"gitId":"ondretann"},"content":"                            \"\\n_______________________________________________________\\n\");","lastModifiedDate":"2024-01-22"},{"lineNumber":71,"author":{"gitId":"ondretann"},"content":"                } else if (input.toLowerCase().equals(\"delete\")) {","lastModifiedDate":"2024-01-29"},{"lineNumber":72,"author":{"gitId":"ondretann"},"content":"                    int index \u003d sc.nextInt();","lastModifiedDate":"2024-01-29"},{"lineNumber":73,"author":{"gitId":"ondretann"},"content":"                    if (index \u003e todo_list.size() || index \u003c\u003d 0) throw new Exception(\"Index has to be within list size!\");","lastModifiedDate":"2024-01-29"},{"lineNumber":74,"author":{"gitId":"ondretann"},"content":"                    Task task \u003d todo_list.remove(index - 1);","lastModifiedDate":"2024-01-29"},{"lineNumber":75,"author":{"gitId":"ondretann"},"content":"                    System.out.println(\"_______________________________________________________\\n \" +","lastModifiedDate":"2024-01-29"},{"lineNumber":76,"author":{"gitId":"ondretann"},"content":"                            \"Noted. I\u0027ve removed this task from the list:\\n \" + task +","lastModifiedDate":"2024-01-29"},{"lineNumber":77,"author":{"gitId":"ondretann"},"content":"                            \"\\nNow you have \" + todo_list.size() + \" tasks in the list.\\n\" +","lastModifiedDate":"2024-01-29"},{"lineNumber":78,"author":{"gitId":"ondretann"},"content":"                            \"_______________________________________________________\\n\");","lastModifiedDate":"2024-01-29"},{"lineNumber":79,"author":{"gitId":"ondretann"},"content":"                } else if (input.toLowerCase().equals(\"todo\")) {","lastModifiedDate":"2024-01-29"},{"lineNumber":80,"author":{"gitId":"ondretann"},"content":"                    String str \u003d sc.nextLine().trim();","lastModifiedDate":"2024-01-23"},{"lineNumber":81,"author":{"gitId":"ondretann"},"content":"                    if (str.length() \u003d\u003d 0) throw new Exception(\"Todo task cannot be empty!\");","lastModifiedDate":"2024-01-23"},{"lineNumber":82,"author":{"gitId":"ondretann"},"content":"                    addTodo(str);","lastModifiedDate":"2024-01-23"},{"lineNumber":83,"author":{"gitId":"ondretann"},"content":"                } else if (input.toLowerCase().equals(\"deadline\")) {","lastModifiedDate":"2024-01-29"},{"lineNumber":84,"author":{"gitId":"ondretann"},"content":"                    String s \u003d sc.nextLine();","lastModifiedDate":"2024-01-23"},{"lineNumber":85,"author":{"gitId":"ondretann"},"content":"                    if (s.split(\"/by\").length !\u003d 2) {","lastModifiedDate":"2024-01-29"},{"lineNumber":86,"author":{"gitId":"ondretann"},"content":"                        throw new Exception(\"Please provide your deadline task in the following format:\\n\" +","lastModifiedDate":"2024-01-29"},{"lineNumber":87,"author":{"gitId":"ondretann"},"content":"                                \"Deadline \u003cdescription\u003e /by \u003cdescription\u003e\");","lastModifiedDate":"2024-01-29"},{"lineNumber":88,"author":{"gitId":"ondretann"},"content":"                    }","lastModifiedDate":"2024-01-29"},{"lineNumber":89,"author":{"gitId":"ondretann"},"content":"                    String name \u003d s.split(\"/by\")[0].trim();","lastModifiedDate":"2024-01-23"},{"lineNumber":90,"author":{"gitId":"ondretann"},"content":"                    String by \u003d s.split(\"/by\")[1].trim();","lastModifiedDate":"2024-01-23"},{"lineNumber":91,"author":{"gitId":"ondretann"},"content":"                    if (name.length() \u003d\u003d 0 || by.length() \u003d\u003d 0 ) {","lastModifiedDate":"2024-01-29"},{"lineNumber":92,"author":{"gitId":"ondretann"},"content":"                        throw new Exception((\"Event names/to/from cannot be empty\"));","lastModifiedDate":"2024-01-29"},{"lineNumber":93,"author":{"gitId":"ondretann"},"content":"                    }","lastModifiedDate":"2024-01-29"},{"lineNumber":94,"author":{"gitId":"ondretann"},"content":"","lastModifiedDate":"2024-01-23"},{"lineNumber":95,"author":{"gitId":"ondretann"},"content":"                    addDeadline(name, by);","lastModifiedDate":"2024-01-23"},{"lineNumber":96,"author":{"gitId":"ondretann"},"content":"                } else if (input.toLowerCase().equals(\"event\")) {","lastModifiedDate":"2024-01-29"},{"lineNumber":97,"author":{"gitId":"ondretann"},"content":"                    String s \u003d sc.nextLine();","lastModifiedDate":"2024-01-23"},{"lineNumber":98,"author":{"gitId":"ondretann"},"content":"                    String[] split1 \u003d s.split(\"/from\");","lastModifiedDate":"2024-01-29"},{"lineNumber":99,"author":{"gitId":"ondretann"},"content":"                    if (split1.length !\u003d 2) {","lastModifiedDate":"2024-01-29"},{"lineNumber":100,"author":{"gitId":"ondretann"},"content":"                        throw new Exception(\"Please provide your event task in the following format:\\n\" +","lastModifiedDate":"2024-01-29"},{"lineNumber":101,"author":{"gitId":"ondretann"},"content":"                                \"Event \u003cdescription\u003e /from \u003cdescription\u003e /to \u003cdescription\u003e\");","lastModifiedDate":"2024-01-29"},{"lineNumber":102,"author":{"gitId":"ondretann"},"content":"                    }","lastModifiedDate":"2024-01-29"},{"lineNumber":103,"author":{"gitId":"ondretann"},"content":"                    String[] split2 \u003d split1[1].split(\"/to\");","lastModifiedDate":"2024-01-29"},{"lineNumber":104,"author":{"gitId":"ondretann"},"content":"                    if (split2.length !\u003d 2) {","lastModifiedDate":"2024-01-29"},{"lineNumber":105,"author":{"gitId":"ondretann"},"content":"                        throw new Exception(\"Please provide your event task in the following format:\\n\" +","lastModifiedDate":"2024-01-29"},{"lineNumber":106,"author":{"gitId":"ondretann"},"content":"                                \"Event \u003cdescription\u003e /from \u003cdescription\u003e /to \u003cdescription\u003e\");","lastModifiedDate":"2024-01-29"},{"lineNumber":107,"author":{"gitId":"ondretann"},"content":"                    }","lastModifiedDate":"2024-01-29"},{"lineNumber":108,"author":{"gitId":"ondretann"},"content":"                    String name \u003d split1[0].trim();","lastModifiedDate":"2024-01-29"},{"lineNumber":109,"author":{"gitId":"ondretann"},"content":"                    String from \u003d split2[0].trim();","lastModifiedDate":"2024-01-29"},{"lineNumber":110,"author":{"gitId":"ondretann"},"content":"                    String to \u003d split2[1].trim();","lastModifiedDate":"2024-01-29"},{"lineNumber":111,"author":{"gitId":"ondretann"},"content":"                    if (name.length() \u003d\u003d 0 || from.length() \u003d\u003d 0 || to.length() \u003d\u003d 0) {","lastModifiedDate":"2024-01-29"},{"lineNumber":112,"author":{"gitId":"ondretann"},"content":"                        throw new Exception((\"Event names/to/from cannot be empty\"));","lastModifiedDate":"2024-01-29"},{"lineNumber":113,"author":{"gitId":"ondretann"},"content":"                    }","lastModifiedDate":"2024-01-29"},{"lineNumber":114,"author":{"gitId":"ondretann"},"content":"","lastModifiedDate":"2024-01-29"},{"lineNumber":115,"author":{"gitId":"ondretann"},"content":"","lastModifiedDate":"2024-01-23"},{"lineNumber":116,"author":{"gitId":"ondretann"},"content":"                    addEvent(name, from, to);","lastModifiedDate":"2024-01-23"},{"lineNumber":117,"author":{"gitId":"ondretann"},"content":"                } else {","lastModifiedDate":"2024-01-23"},{"lineNumber":118,"author":{"gitId":"ondretann"},"content":"                    throw new Exception(\"Sorry! I do not understand what this means!\");","lastModifiedDate":"2024-01-23"},{"lineNumber":119,"author":{"gitId":"ondretann"},"content":"                }","lastModifiedDate":"2024-01-23"},{"lineNumber":120,"author":{"gitId":"ondretann"},"content":"            } catch (Exception e) {","lastModifiedDate":"2024-01-23"},{"lineNumber":121,"author":{"gitId":"ondretann"},"content":"                System.out.println(\"_______________________________________________________\\n \" + e.getMessage() +","lastModifiedDate":"2024-01-23"},{"lineNumber":122,"author":{"gitId":"ondretann"},"content":"                        \"\\n_______________________________________________________\\n \");","lastModifiedDate":"2024-01-23"},{"lineNumber":123,"author":{"gitId":"ondretann"},"content":"            }","lastModifiedDate":"2024-01-21"},{"lineNumber":124,"author":{"gitId":"ondretann"},"content":"        }","lastModifiedDate":"2024-01-21"},{"lineNumber":125,"author":{"gitId":"ondretann"},"content":"","lastModifiedDate":"2024-01-21"},{"lineNumber":126,"author":{"gitId":"ondretann"},"content":"        String exit \u003d \"_______________________________________________________\\n\" +","lastModifiedDate":"2024-01-21"},{"lineNumber":127,"author":{"gitId":"ondretann"},"content":"                \"Bye. Hope to see you soon!\\n\" +","lastModifiedDate":"2024-01-21"},{"lineNumber":128,"author":{"gitId":"ondretann"},"content":"                \"_______________________________________________________\\n\";","lastModifiedDate":"2024-01-21"},{"lineNumber":129,"author":{"gitId":"ondretann"},"content":"        System.out.println(exit);","lastModifiedDate":"2024-01-21"},{"lineNumber":130,"author":{"gitId":"-"},"content":"    }","lastModifiedDate":"2019-07-29"},{"lineNumber":131,"author":{"gitId":"-"},"content":"}","lastModifiedDate":"2019-07-29"}],"authorContributionMap":{"-":4,"ondretann":127}},{"path":"src/main/java/Event.java","fileType":"java","lines":[{"lineNumber":1,"author":{"gitId":"ondretann"},"content":"public class Event extends Task{","lastModifiedDate":"2024-01-23"},{"lineNumber":2,"author":{"gitId":"ondretann"},"content":"    protected String from;","lastModifiedDate":"2024-01-23"},{"lineNumber":3,"author":{"gitId":"ondretann"},"content":"    protected String to;","lastModifiedDate":"2024-01-23"},{"lineNumber":4,"author":{"gitId":"ondretann"},"content":"","lastModifiedDate":"2024-01-23"},{"lineNumber":5,"author":{"gitId":"ondretann"},"content":"    public Event(String name, String from, String to) {","lastModifiedDate":"2024-01-23"},{"lineNumber":6,"author":{"gitId":"ondretann"},"content":"        super(name);","lastModifiedDate":"2024-01-23"},{"lineNumber":7,"author":{"gitId":"ondretann"},"content":"        this.to \u003d to;","lastModifiedDate":"2024-01-23"},{"lineNumber":8,"author":{"gitId":"ondretann"},"content":"        this.from \u003d from;","lastModifiedDate":"2024-01-23"},{"lineNumber":9,"author":{"gitId":"ondretann"},"content":"    }","lastModifiedDate":"2024-01-23"},{"lineNumber":10,"author":{"gitId":"ondretann"},"content":"","lastModifiedDate":"2024-01-23"},{"lineNumber":11,"author":{"gitId":"ondretann"},"content":"    @Override","lastModifiedDate":"2024-01-23"},{"lineNumber":12,"author":{"gitId":"ondretann"},"content":"    public String toString(){","lastModifiedDate":"2024-01-23"},{"lineNumber":13,"author":{"gitId":"ondretann"},"content":"        return \"[E]\" + super.toString() + \" (from: \" + from + \" to: \" + to + \")\";","lastModifiedDate":"2024-01-23"},{"lineNumber":14,"author":{"gitId":"ondretann"},"content":"    }","lastModifiedDate":"2024-01-23"},{"lineNumber":15,"author":{"gitId":"ondretann"},"content":"}","lastModifiedDate":"2024-01-23"}],"authorContributionMap":{"ondretann":15}},{"path":"src/main/java/Task.java","fileType":"java","lines":[{"lineNumber":1,"author":{"gitId":"ondretann"},"content":"public class Task {","lastModifiedDate":"2024-01-22"},{"lineNumber":2,"author":{"gitId":"ondretann"},"content":"    protected String name;","lastModifiedDate":"2024-01-23"},{"lineNumber":3,"author":{"gitId":"ondretann"},"content":"    protected Boolean isDone;","lastModifiedDate":"2024-01-23"},{"lineNumber":4,"author":{"gitId":"ondretann"},"content":"    public Task(String name) {","lastModifiedDate":"2024-01-22"},{"lineNumber":5,"author":{"gitId":"ondretann"},"content":"        this.name \u003d name;","lastModifiedDate":"2024-01-22"},{"lineNumber":6,"author":{"gitId":"ondretann"},"content":"        this.isDone \u003d false;","lastModifiedDate":"2024-01-22"},{"lineNumber":7,"author":{"gitId":"ondretann"},"content":"    }","lastModifiedDate":"2024-01-22"},{"lineNumber":8,"author":{"gitId":"ondretann"},"content":"","lastModifiedDate":"2024-01-22"},{"lineNumber":9,"author":{"gitId":"ondretann"},"content":"    public Boolean getDone() {","lastModifiedDate":"2024-01-22"},{"lineNumber":10,"author":{"gitId":"ondretann"},"content":"        return this.isDone;","lastModifiedDate":"2024-01-22"},{"lineNumber":11,"author":{"gitId":"ondretann"},"content":"    }","lastModifiedDate":"2024-01-22"},{"lineNumber":12,"author":{"gitId":"ondretann"},"content":"    public void mark() {","lastModifiedDate":"2024-01-22"},{"lineNumber":13,"author":{"gitId":"ondretann"},"content":"        isDone \u003d true;","lastModifiedDate":"2024-01-22"},{"lineNumber":14,"author":{"gitId":"ondretann"},"content":"    }","lastModifiedDate":"2024-01-22"},{"lineNumber":15,"author":{"gitId":"ondretann"},"content":"","lastModifiedDate":"2024-01-22"},{"lineNumber":16,"author":{"gitId":"ondretann"},"content":"    public void unmark() {","lastModifiedDate":"2024-01-22"},{"lineNumber":17,"author":{"gitId":"ondretann"},"content":"        isDone \u003d false;","lastModifiedDate":"2024-01-22"},{"lineNumber":18,"author":{"gitId":"ondretann"},"content":"    }","lastModifiedDate":"2024-01-22"},{"lineNumber":19,"author":{"gitId":"ondretann"},"content":"","lastModifiedDate":"2024-01-22"},{"lineNumber":20,"author":{"gitId":"ondretann"},"content":"    @Override","lastModifiedDate":"2024-01-22"},{"lineNumber":21,"author":{"gitId":"ondretann"},"content":"    public String toString() {","lastModifiedDate":"2024-01-22"},{"lineNumber":22,"author":{"gitId":"ondretann"},"content":"        return \"[\" + (isDone? \"X\":\" \") + \"] \" + this.name;","lastModifiedDate":"2024-01-23"},{"lineNumber":23,"author":{"gitId":"ondretann"},"content":"    }","lastModifiedDate":"2024-01-22"},{"lineNumber":24,"author":{"gitId":"ondretann"},"content":"","lastModifiedDate":"2024-01-22"},{"lineNumber":25,"author":{"gitId":"ondretann"},"content":"}","lastModifiedDate":"2024-01-22"}],"authorContributionMap":{"ondretann":25}},{"path":"src/main/java/ToDo.java","fileType":"java","lines":[{"lineNumber":1,"author":{"gitId":"ondretann"},"content":"public class ToDo extends Task{","lastModifiedDate":"2024-01-23"},{"lineNumber":2,"author":{"gitId":"ondretann"},"content":"    public ToDo (String name) {","lastModifiedDate":"2024-01-23"},{"lineNumber":3,"author":{"gitId":"ondretann"},"content":"        super(name);","lastModifiedDate":"2024-01-23"},{"lineNumber":4,"author":{"gitId":"ondretann"},"content":"    }","lastModifiedDate":"2024-01-23"},{"lineNumber":5,"author":{"gitId":"ondretann"},"content":"","lastModifiedDate":"2024-01-23"},{"lineNumber":6,"author":{"gitId":"ondretann"},"content":"    @Override","lastModifiedDate":"2024-01-23"},{"lineNumber":7,"author":{"gitId":"ondretann"},"content":"    public String toString(){","lastModifiedDate":"2024-01-23"},{"lineNumber":8,"author":{"gitId":"ondretann"},"content":"        return \"[T]\" + super.toString();","lastModifiedDate":"2024-01-23"},{"lineNumber":9,"author":{"gitId":"ondretann"},"content":"    }","lastModifiedDate":"2024-01-23"},{"lineNumber":10,"author":{"gitId":"ondretann"},"content":"}","lastModifiedDate":"2024-01-23"}],"authorContributionMap":{"ondretann":10}}]
