[{"path":"src/main/java/Command.java","fileType":"java","lines":[{"lineNumber":1,"author":{"gitId":"chiaryan"},"content":"import java.util.function.Consumer;","lastModifiedDate":"2024-01-23"},{"lineNumber":2,"author":{"gitId":"chiaryan"},"content":"","lastModifiedDate":"2024-01-23"},{"lineNumber":3,"author":{"gitId":"chiaryan"},"content":"public class Command {","lastModifiedDate":"2024-01-23"},{"lineNumber":4,"author":{"gitId":"chiaryan"},"content":"    private final String name;","lastModifiedDate":"2024-01-23"},{"lineNumber":5,"author":{"gitId":"chiaryan"},"content":"    private final Consumer\u003cString[]\u003e executor;","lastModifiedDate":"2024-01-23"},{"lineNumber":6,"author":{"gitId":"chiaryan"},"content":"","lastModifiedDate":"2024-01-23"},{"lineNumber":7,"author":{"gitId":"chiaryan"},"content":"    public void run(String[] args) {","lastModifiedDate":"2024-01-24"},{"lineNumber":8,"author":{"gitId":"chiaryan"},"content":"        this.executor.accept(args);","lastModifiedDate":"2024-01-24"},{"lineNumber":9,"author":{"gitId":"chiaryan"},"content":"    }","lastModifiedDate":"2024-01-23"},{"lineNumber":10,"author":{"gitId":"chiaryan"},"content":"    ","lastModifiedDate":"2024-01-23"},{"lineNumber":11,"author":{"gitId":"chiaryan"},"content":"    public Command(String name, Consumer\u003cString[]\u003e executor) {","lastModifiedDate":"2024-01-24"},{"lineNumber":12,"author":{"gitId":"chiaryan"},"content":"        this.name \u003d name;","lastModifiedDate":"2024-01-23"},{"lineNumber":13,"author":{"gitId":"chiaryan"},"content":"        this.executor \u003d executor;","lastModifiedDate":"2024-01-23"},{"lineNumber":14,"author":{"gitId":"chiaryan"},"content":"    }","lastModifiedDate":"2024-01-23"},{"lineNumber":15,"author":{"gitId":"chiaryan"},"content":"}","lastModifiedDate":"2024-01-23"}],"authorContributionMap":{"chiaryan":15}},{"path":"src/main/java/Deadline.java","fileType":"java","lines":[{"lineNumber":1,"author":{"gitId":"chiaryan"},"content":"public class Deadline extends Task {","lastModifiedDate":"2024-01-24"},{"lineNumber":2,"author":{"gitId":"chiaryan"},"content":"    private final String by;","lastModifiedDate":"2024-01-24"},{"lineNumber":3,"author":{"gitId":"chiaryan"},"content":"","lastModifiedDate":"2024-01-24"},{"lineNumber":4,"author":{"gitId":"chiaryan"},"content":"    public Deadline(String name, String by) {","lastModifiedDate":"2024-01-24"},{"lineNumber":5,"author":{"gitId":"chiaryan"},"content":"        super(name);","lastModifiedDate":"2024-01-24"},{"lineNumber":6,"author":{"gitId":"chiaryan"},"content":"        this.by \u003d by;","lastModifiedDate":"2024-01-24"},{"lineNumber":7,"author":{"gitId":"chiaryan"},"content":"    }","lastModifiedDate":"2024-01-24"},{"lineNumber":8,"author":{"gitId":"chiaryan"},"content":"","lastModifiedDate":"2024-01-24"},{"lineNumber":9,"author":{"gitId":"chiaryan"},"content":"    @Override","lastModifiedDate":"2024-01-24"},{"lineNumber":10,"author":{"gitId":"chiaryan"},"content":"    public String describe() {","lastModifiedDate":"2024-01-24"},{"lineNumber":11,"author":{"gitId":"chiaryan"},"content":"        return String.format(\"[D]%s (by: %s)\",","lastModifiedDate":"2024-01-24"},{"lineNumber":12,"author":{"gitId":"chiaryan"},"content":"                super.describe(), this.by","lastModifiedDate":"2024-01-24"},{"lineNumber":13,"author":{"gitId":"chiaryan"},"content":"        );","lastModifiedDate":"2024-01-24"},{"lineNumber":14,"author":{"gitId":"chiaryan"},"content":"    }","lastModifiedDate":"2024-01-24"},{"lineNumber":15,"author":{"gitId":"chiaryan"},"content":"}","lastModifiedDate":"2024-01-24"}],"authorContributionMap":{"chiaryan":15}},{"path":"src/main/java/Duke.java","fileType":"java","lines":[{"lineNumber":1,"author":{"gitId":"chiaryan"},"content":"import java.util.ArrayList;","lastModifiedDate":"2024-01-24"},{"lineNumber":2,"author":{"gitId":"chiaryan"},"content":"import java.util.Arrays;","lastModifiedDate":"2024-01-24"},{"lineNumber":3,"author":{"gitId":"chiaryan"},"content":"import java.util.HashMap;","lastModifiedDate":"2024-01-24"},{"lineNumber":4,"author":{"gitId":"chiaryan"},"content":"import java.util.Scanner;","lastModifiedDate":"2024-01-23"},{"lineNumber":5,"author":{"gitId":"chiaryan"},"content":"import java.util.function.Consumer;","lastModifiedDate":"2024-01-24"},{"lineNumber":6,"author":{"gitId":"chiaryan"},"content":"import java.util.stream.Collectors;","lastModifiedDate":"2024-01-24"},{"lineNumber":7,"author":{"gitId":"chiaryan"},"content":"","lastModifiedDate":"2024-01-23"},{"lineNumber":8,"author":{"gitId":"-"},"content":"public class Duke {","lastModifiedDate":"2019-07-29"},{"lineNumber":9,"author":{"gitId":"chiaryan"},"content":"    ","lastModifiedDate":"2024-01-23"},{"lineNumber":10,"author":{"gitId":"chiaryan"},"content":"    /** Scanner for user input. */","lastModifiedDate":"2024-01-23"},{"lineNumber":11,"author":{"gitId":"chiaryan"},"content":"    private static final Scanner input \u003d new Scanner(System.in);","lastModifiedDate":"2024-01-23"},{"lineNumber":12,"author":{"gitId":"chiaryan"},"content":"    ","lastModifiedDate":"2024-01-23"},{"lineNumber":13,"author":{"gitId":"chiaryan"},"content":"    private static boolean done \u003d false;","lastModifiedDate":"2024-01-23"},{"lineNumber":14,"author":{"gitId":"chiaryan"},"content":"","lastModifiedDate":"2024-01-23"},{"lineNumber":15,"author":{"gitId":"chiaryan"},"content":"    private static final HashMap\u003cString, Command\u003e commandMap \u003d new HashMap\u003c\u003e();","lastModifiedDate":"2024-01-24"},{"lineNumber":16,"author":{"gitId":"chiaryan"},"content":"    ","lastModifiedDate":"2024-01-24"},{"lineNumber":17,"author":{"gitId":"chiaryan"},"content":"    private static final ArrayList\u003cTask\u003e taskList \u003d new ArrayList\u003c\u003e();","lastModifiedDate":"2024-01-24"},{"lineNumber":18,"author":{"gitId":"chiaryan"},"content":"    ","lastModifiedDate":"2024-01-24"},{"lineNumber":19,"author":{"gitId":"chiaryan"},"content":"    /**","lastModifiedDate":"2024-01-23"},{"lineNumber":20,"author":{"gitId":"chiaryan"},"content":"     * Prints a message to the terminal, decorated with the Louie icon. ","lastModifiedDate":"2024-01-23"},{"lineNumber":21,"author":{"gitId":"chiaryan"},"content":"     * Printing an empty string just outputs the icon","lastModifiedDate":"2024-01-23"},{"lineNumber":22,"author":{"gitId":"chiaryan"},"content":"     *","lastModifiedDate":"2024-01-23"},{"lineNumber":23,"author":{"gitId":"chiaryan"},"content":"     * @param message The message to print.","lastModifiedDate":"2024-01-23"},{"lineNumber":24,"author":{"gitId":"chiaryan"},"content":"     */","lastModifiedDate":"2024-01-23"},{"lineNumber":25,"author":{"gitId":"chiaryan"},"content":"    public static void print(String message) {","lastModifiedDate":"2024-01-23"},{"lineNumber":26,"author":{"gitId":"chiaryan"},"content":"        boolean isFirst \u003d true;","lastModifiedDate":"2024-01-23"},{"lineNumber":27,"author":{"gitId":"chiaryan"},"content":"        StringBuilder sb \u003d new StringBuilder();","lastModifiedDate":"2024-01-23"},{"lineNumber":28,"author":{"gitId":"chiaryan"},"content":"        sb.append(\"\\n\");","lastModifiedDate":"2024-01-23"},{"lineNumber":29,"author":{"gitId":"chiaryan"},"content":"        for (String s : message.split(\"\\n\")) {","lastModifiedDate":"2024-01-23"},{"lineNumber":30,"author":{"gitId":"chiaryan"},"content":"            sb.append(\"    \");","lastModifiedDate":"2024-01-23"},{"lineNumber":31,"author":{"gitId":"chiaryan"},"content":"            if (isFirst) {","lastModifiedDate":"2024-01-23"},{"lineNumber":32,"author":{"gitId":"chiaryan"},"content":"                sb.append(\"(\u003e^.^\u003c)\");","lastModifiedDate":"2024-01-23"},{"lineNumber":33,"author":{"gitId":"chiaryan"},"content":"                isFirst \u003d false;","lastModifiedDate":"2024-01-23"},{"lineNumber":34,"author":{"gitId":"chiaryan"},"content":"            } else {","lastModifiedDate":"2024-01-23"},{"lineNumber":35,"author":{"gitId":"chiaryan"},"content":"                sb.append(\"       \");","lastModifiedDate":"2024-01-23"},{"lineNumber":36,"author":{"gitId":"chiaryan"},"content":"            }","lastModifiedDate":"2024-01-23"},{"lineNumber":37,"author":{"gitId":"chiaryan"},"content":"            sb.append(\" \").append(s).append(\"\\n\");","lastModifiedDate":"2024-01-23"},{"lineNumber":38,"author":{"gitId":"chiaryan"},"content":"        }","lastModifiedDate":"2024-01-23"},{"lineNumber":39,"author":{"gitId":"chiaryan"},"content":"        sb.append(\"\\n\");","lastModifiedDate":"2024-01-23"},{"lineNumber":40,"author":{"gitId":"chiaryan"},"content":"        System.out.print(sb);","lastModifiedDate":"2024-01-23"},{"lineNumber":41,"author":{"gitId":"-"},"content":"    }","lastModifiedDate":"2024-01-23"},{"lineNumber":42,"author":{"gitId":"chiaryan"},"content":"    ","lastModifiedDate":"2024-01-23"},{"lineNumber":43,"author":{"gitId":"chiaryan"},"content":"    public static void exit() {","lastModifiedDate":"2024-01-23"},{"lineNumber":44,"author":{"gitId":"chiaryan"},"content":"        // Duke will exit at the end of the loop","lastModifiedDate":"2024-01-23"},{"lineNumber":45,"author":{"gitId":"chiaryan"},"content":"        done \u003d true;","lastModifiedDate":"2024-01-23"},{"lineNumber":46,"author":{"gitId":"chiaryan"},"content":"    }","lastModifiedDate":"2024-01-23"},{"lineNumber":47,"author":{"gitId":"chiaryan"},"content":"","lastModifiedDate":"2024-01-24"},{"lineNumber":48,"author":{"gitId":"chiaryan"},"content":"    public static void addCommand(String name, Consumer\u003cString[]\u003e executor) {","lastModifiedDate":"2024-01-24"},{"lineNumber":49,"author":{"gitId":"chiaryan"},"content":"        commandMap.put(name, new Command(name, executor));","lastModifiedDate":"2024-01-24"},{"lineNumber":50,"author":{"gitId":"chiaryan"},"content":"    }","lastModifiedDate":"2024-01-24"},{"lineNumber":51,"author":{"gitId":"chiaryan"},"content":"","lastModifiedDate":"2024-01-24"},{"lineNumber":52,"author":{"gitId":"chiaryan"},"content":"    public static String taskStrings() {","lastModifiedDate":"2024-01-24"},{"lineNumber":53,"author":{"gitId":"chiaryan"},"content":"        // here\u0027s your \"\"\"\"\"effectively final\"\"\"\"\" value bro","lastModifiedDate":"2024-01-24"},{"lineNumber":54,"author":{"gitId":"chiaryan"},"content":"        var numBox \u003d new Object() {","lastModifiedDate":"2024-01-24"},{"lineNumber":55,"author":{"gitId":"chiaryan"},"content":"            int num \u003d 1;","lastModifiedDate":"2024-01-24"},{"lineNumber":56,"author":{"gitId":"chiaryan"},"content":"        };","lastModifiedDate":"2024-01-24"},{"lineNumber":57,"author":{"gitId":"chiaryan"},"content":"        return taskList.stream()","lastModifiedDate":"2024-01-24"},{"lineNumber":58,"author":{"gitId":"chiaryan"},"content":"                .reduce(","lastModifiedDate":"2024-01-24"},{"lineNumber":59,"author":{"gitId":"chiaryan"},"content":"                        new StringBuilder(),","lastModifiedDate":"2024-01-24"},{"lineNumber":60,"author":{"gitId":"chiaryan"},"content":"                        (curr, acc) -\u003e {","lastModifiedDate":"2024-01-24"},{"lineNumber":61,"author":{"gitId":"chiaryan"},"content":"                            curr.append(numBox.num).append(\".\").append(acc.describe());","lastModifiedDate":"2024-01-24"},{"lineNumber":62,"author":{"gitId":"chiaryan"},"content":"                            if (numBox.num \u003c taskList.size()) {","lastModifiedDate":"2024-01-24"},{"lineNumber":63,"author":{"gitId":"chiaryan"},"content":"                                curr.append(\"\\n\");","lastModifiedDate":"2024-01-24"},{"lineNumber":64,"author":{"gitId":"chiaryan"},"content":"                            }","lastModifiedDate":"2024-01-24"},{"lineNumber":65,"author":{"gitId":"chiaryan"},"content":"                            numBox.num++;","lastModifiedDate":"2024-01-24"},{"lineNumber":66,"author":{"gitId":"chiaryan"},"content":"                            return curr;","lastModifiedDate":"2024-01-24"},{"lineNumber":67,"author":{"gitId":"chiaryan"},"content":"                        },","lastModifiedDate":"2024-01-24"},{"lineNumber":68,"author":{"gitId":"chiaryan"},"content":"                        StringBuilder::append)","lastModifiedDate":"2024-01-24"},{"lineNumber":69,"author":{"gitId":"chiaryan"},"content":"                .toString();","lastModifiedDate":"2024-01-24"},{"lineNumber":70,"author":{"gitId":"chiaryan"},"content":"    }","lastModifiedDate":"2024-01-24"},{"lineNumber":71,"author":{"gitId":"chiaryan"},"content":"    public static void main(String[] mainArgs) {","lastModifiedDate":"2024-01-23"},{"lineNumber":72,"author":{"gitId":"chiaryan"},"content":"        ","lastModifiedDate":"2024-01-23"},{"lineNumber":73,"author":{"gitId":"chiaryan"},"content":"        // initialisation","lastModifiedDate":"2024-01-23"},{"lineNumber":74,"author":{"gitId":"chiaryan"},"content":"        Duke.addCommand(\"list\", (args) -\u003e Duke.print(","lastModifiedDate":"2024-01-24"},{"lineNumber":75,"author":{"gitId":"chiaryan"},"content":"                \"Here\u0027s what you\u0027ve done today...\\n\" + taskStrings())","lastModifiedDate":"2024-01-24"},{"lineNumber":76,"author":{"gitId":"chiaryan"},"content":"        );","lastModifiedDate":"2024-01-24"},{"lineNumber":77,"author":{"gitId":"chiaryan"},"content":"        ","lastModifiedDate":"2024-01-23"},{"lineNumber":78,"author":{"gitId":"chiaryan"},"content":"        Duke.addCommand(\"bye\", (args) -\u003e {","lastModifiedDate":"2024-01-24"},{"lineNumber":79,"author":{"gitId":"chiaryan"},"content":"            Duke.print(\"Ok, going to sleep...\");","lastModifiedDate":"2024-01-23"},{"lineNumber":80,"author":{"gitId":"chiaryan"},"content":"            Duke.exit();","lastModifiedDate":"2024-01-23"},{"lineNumber":81,"author":{"gitId":"chiaryan"},"content":"        });","lastModifiedDate":"2024-01-23"},{"lineNumber":82,"author":{"gitId":"chiaryan"},"content":"        ","lastModifiedDate":"2024-01-23"},{"lineNumber":83,"author":{"gitId":"chiaryan"},"content":"        Duke.addCommand(\"mark\", (args) -\u003e {","lastModifiedDate":"2024-01-24"},{"lineNumber":84,"author":{"gitId":"chiaryan"},"content":"            int i \u003d Integer.parseInt(args[1]) - 1;","lastModifiedDate":"2024-01-24"},{"lineNumber":85,"author":{"gitId":"chiaryan"},"content":"            Task t \u003d taskList.get(i);","lastModifiedDate":"2024-01-24"},{"lineNumber":86,"author":{"gitId":"chiaryan"},"content":"            t.mark();","lastModifiedDate":"2024-01-24"},{"lineNumber":87,"author":{"gitId":"chiaryan"},"content":"            Duke.print(\"CONGRATULATION!!!!!! you completed this task:\\n\" +","lastModifiedDate":"2024-01-24"},{"lineNumber":88,"author":{"gitId":"chiaryan"},"content":"                    t.describe()","lastModifiedDate":"2024-01-24"},{"lineNumber":89,"author":{"gitId":"chiaryan"},"content":"            );","lastModifiedDate":"2024-01-24"},{"lineNumber":90,"author":{"gitId":"chiaryan"},"content":"        });","lastModifiedDate":"2024-01-24"},{"lineNumber":91,"author":{"gitId":"chiaryan"},"content":"","lastModifiedDate":"2024-01-24"},{"lineNumber":92,"author":{"gitId":"chiaryan"},"content":"        Duke.addCommand(\"unmark\", (args) -\u003e {","lastModifiedDate":"2024-01-24"},{"lineNumber":93,"author":{"gitId":"chiaryan"},"content":"            int i \u003d Integer.parseInt(args[1]) - 1;","lastModifiedDate":"2024-01-24"},{"lineNumber":94,"author":{"gitId":"chiaryan"},"content":"            Task t \u003d taskList.get(i);","lastModifiedDate":"2024-01-24"},{"lineNumber":95,"author":{"gitId":"chiaryan"},"content":"            t.unmark();","lastModifiedDate":"2024-01-24"},{"lineNumber":96,"author":{"gitId":"chiaryan"},"content":"            Duke.print(\"CONGRATULATION!!!!!! you uncompleted this task:\\n\" +","lastModifiedDate":"2024-01-24"},{"lineNumber":97,"author":{"gitId":"chiaryan"},"content":"                    t.describe()","lastModifiedDate":"2024-01-24"},{"lineNumber":98,"author":{"gitId":"chiaryan"},"content":"            );","lastModifiedDate":"2024-01-24"},{"lineNumber":99,"author":{"gitId":"chiaryan"},"content":"        });","lastModifiedDate":"2024-01-24"},{"lineNumber":100,"author":{"gitId":"chiaryan"},"content":"        ","lastModifiedDate":"2024-01-24"},{"lineNumber":101,"author":{"gitId":"chiaryan"},"content":"        Duke.addCommand(\"todo\", (args) -\u003e {","lastModifiedDate":"2024-01-24"},{"lineNumber":102,"author":{"gitId":"chiaryan"},"content":"            String str \u003d Arrays.stream(args)","lastModifiedDate":"2024-01-24"},{"lineNumber":103,"author":{"gitId":"chiaryan"},"content":"                    .skip(1)","lastModifiedDate":"2024-01-24"},{"lineNumber":104,"author":{"gitId":"chiaryan"},"content":"                    .collect(Collectors.joining(\" \"));","lastModifiedDate":"2024-01-24"},{"lineNumber":105,"author":{"gitId":"chiaryan"},"content":"","lastModifiedDate":"2024-01-24"},{"lineNumber":106,"author":{"gitId":"chiaryan"},"content":"            var t \u003d new ToDo(str);","lastModifiedDate":"2024-01-24"},{"lineNumber":107,"author":{"gitId":"chiaryan"},"content":"            Duke.print(String.format(\"Ok, I\u0027ve added a new todo...\\n  %s\", t.describe()));","lastModifiedDate":"2024-01-24"},{"lineNumber":108,"author":{"gitId":"chiaryan"},"content":"            taskList.add(t);","lastModifiedDate":"2024-01-24"},{"lineNumber":109,"author":{"gitId":"chiaryan"},"content":"        });","lastModifiedDate":"2024-01-24"},{"lineNumber":110,"author":{"gitId":"chiaryan"},"content":"        ","lastModifiedDate":"2024-01-24"},{"lineNumber":111,"author":{"gitId":"chiaryan"},"content":"        Duke.addCommand(\"deadline\", (args) -\u003e {","lastModifiedDate":"2024-01-24"},{"lineNumber":112,"author":{"gitId":"chiaryan"},"content":"            int state \u003d 0;","lastModifiedDate":"2024-01-24"},{"lineNumber":113,"author":{"gitId":"chiaryan"},"content":"            StringBuilder by \u003d new StringBuilder();","lastModifiedDate":"2024-01-24"},{"lineNumber":114,"author":{"gitId":"chiaryan"},"content":"            StringBuilder name \u003d new StringBuilder();","lastModifiedDate":"2024-01-24"},{"lineNumber":115,"author":{"gitId":"chiaryan"},"content":"            ","lastModifiedDate":"2024-01-24"},{"lineNumber":116,"author":{"gitId":"chiaryan"},"content":"            for (String arg : args) {","lastModifiedDate":"2024-01-24"},{"lineNumber":117,"author":{"gitId":"chiaryan"},"content":"                switch (state) {","lastModifiedDate":"2024-01-24"},{"lineNumber":118,"author":{"gitId":"chiaryan"},"content":"                    case 0: // read command name","lastModifiedDate":"2024-01-24"},{"lineNumber":119,"author":{"gitId":"chiaryan"},"content":"                        state \u003d 1;","lastModifiedDate":"2024-01-24"},{"lineNumber":120,"author":{"gitId":"chiaryan"},"content":"                        break;","lastModifiedDate":"2024-01-24"},{"lineNumber":121,"author":{"gitId":"chiaryan"},"content":"                    case 1: // reading task name","lastModifiedDate":"2024-01-24"},{"lineNumber":122,"author":{"gitId":"chiaryan"},"content":"                        if (arg.equals(\"/by\")) {","lastModifiedDate":"2024-01-24"},{"lineNumber":123,"author":{"gitId":"chiaryan"},"content":"                            state \u003d 2;","lastModifiedDate":"2024-01-24"},{"lineNumber":124,"author":{"gitId":"chiaryan"},"content":"                        } else {","lastModifiedDate":"2024-01-24"},{"lineNumber":125,"author":{"gitId":"chiaryan"},"content":"                            if (!name.isEmpty()) {","lastModifiedDate":"2024-01-24"},{"lineNumber":126,"author":{"gitId":"chiaryan"},"content":"                                name.append(\" \");","lastModifiedDate":"2024-01-24"},{"lineNumber":127,"author":{"gitId":"chiaryan"},"content":"                            }","lastModifiedDate":"2024-01-24"},{"lineNumber":128,"author":{"gitId":"chiaryan"},"content":"                            name.append(arg);","lastModifiedDate":"2024-01-24"},{"lineNumber":129,"author":{"gitId":"chiaryan"},"content":"                        }","lastModifiedDate":"2024-01-24"},{"lineNumber":130,"author":{"gitId":"chiaryan"},"content":"                        break;","lastModifiedDate":"2024-01-24"},{"lineNumber":131,"author":{"gitId":"chiaryan"},"content":"                    case 2: // reading by","lastModifiedDate":"2024-01-24"},{"lineNumber":132,"author":{"gitId":"chiaryan"},"content":"                        if (!by.isEmpty()) {","lastModifiedDate":"2024-01-24"},{"lineNumber":133,"author":{"gitId":"chiaryan"},"content":"                            by.append(\" \");","lastModifiedDate":"2024-01-24"},{"lineNumber":134,"author":{"gitId":"chiaryan"},"content":"                        }","lastModifiedDate":"2024-01-24"},{"lineNumber":135,"author":{"gitId":"chiaryan"},"content":"                        by.append(arg);","lastModifiedDate":"2024-01-24"},{"lineNumber":136,"author":{"gitId":"chiaryan"},"content":"                        break;","lastModifiedDate":"2024-01-24"},{"lineNumber":137,"author":{"gitId":"chiaryan"},"content":"                }","lastModifiedDate":"2024-01-24"},{"lineNumber":138,"author":{"gitId":"chiaryan"},"content":"            }","lastModifiedDate":"2024-01-24"},{"lineNumber":139,"author":{"gitId":"chiaryan"},"content":"            var t \u003d new Deadline(name.toString(), by.toString());","lastModifiedDate":"2024-01-24"},{"lineNumber":140,"author":{"gitId":"chiaryan"},"content":"            Duke.print(String.format(\"Ok, I\u0027ve added a new deadline...\\n  %s\", t.describe()));","lastModifiedDate":"2024-01-24"},{"lineNumber":141,"author":{"gitId":"chiaryan"},"content":"            Duke.taskList.add(t);","lastModifiedDate":"2024-01-24"},{"lineNumber":142,"author":{"gitId":"chiaryan"},"content":"            ","lastModifiedDate":"2024-01-24"},{"lineNumber":143,"author":{"gitId":"chiaryan"},"content":"        });","lastModifiedDate":"2024-01-24"},{"lineNumber":144,"author":{"gitId":"chiaryan"},"content":"        ","lastModifiedDate":"2024-01-24"},{"lineNumber":145,"author":{"gitId":"chiaryan"},"content":"        Duke.addCommand(\"event\", (args) -\u003e {","lastModifiedDate":"2024-01-24"},{"lineNumber":146,"author":{"gitId":"chiaryan"},"content":"            int state \u003d 0;","lastModifiedDate":"2024-01-24"},{"lineNumber":147,"author":{"gitId":"chiaryan"},"content":"            StringBuilder from \u003d new StringBuilder();","lastModifiedDate":"2024-01-24"},{"lineNumber":148,"author":{"gitId":"chiaryan"},"content":"            StringBuilder to \u003d new StringBuilder();","lastModifiedDate":"2024-01-24"},{"lineNumber":149,"author":{"gitId":"chiaryan"},"content":"            StringBuilder name \u003d new StringBuilder();","lastModifiedDate":"2024-01-24"},{"lineNumber":150,"author":{"gitId":"chiaryan"},"content":"","lastModifiedDate":"2024-01-24"},{"lineNumber":151,"author":{"gitId":"chiaryan"},"content":"            for (String arg : args) {","lastModifiedDate":"2024-01-24"},{"lineNumber":152,"author":{"gitId":"chiaryan"},"content":"                switch (state) {","lastModifiedDate":"2024-01-24"},{"lineNumber":153,"author":{"gitId":"chiaryan"},"content":"                    case 0: // read command name","lastModifiedDate":"2024-01-24"},{"lineNumber":154,"author":{"gitId":"chiaryan"},"content":"                        state \u003d 1;","lastModifiedDate":"2024-01-24"},{"lineNumber":155,"author":{"gitId":"chiaryan"},"content":"                        break;","lastModifiedDate":"2024-01-24"},{"lineNumber":156,"author":{"gitId":"chiaryan"},"content":"                        ","lastModifiedDate":"2024-01-24"},{"lineNumber":157,"author":{"gitId":"chiaryan"},"content":"                    case 1: // reading task name","lastModifiedDate":"2024-01-24"},{"lineNumber":158,"author":{"gitId":"chiaryan"},"content":"                        if (arg.equals(\"/from\")) {","lastModifiedDate":"2024-01-24"},{"lineNumber":159,"author":{"gitId":"chiaryan"},"content":"                            state \u003d 2;","lastModifiedDate":"2024-01-24"},{"lineNumber":160,"author":{"gitId":"chiaryan"},"content":"                        } else {","lastModifiedDate":"2024-01-24"},{"lineNumber":161,"author":{"gitId":"chiaryan"},"content":"                            if (!name.isEmpty()) {","lastModifiedDate":"2024-01-24"},{"lineNumber":162,"author":{"gitId":"chiaryan"},"content":"                                name.append(\" \");","lastModifiedDate":"2024-01-24"},{"lineNumber":163,"author":{"gitId":"chiaryan"},"content":"                            }","lastModifiedDate":"2024-01-24"},{"lineNumber":164,"author":{"gitId":"chiaryan"},"content":"                            name.append(arg);","lastModifiedDate":"2024-01-24"},{"lineNumber":165,"author":{"gitId":"chiaryan"},"content":"                        }","lastModifiedDate":"2024-01-24"},{"lineNumber":166,"author":{"gitId":"chiaryan"},"content":"                        break;","lastModifiedDate":"2024-01-24"},{"lineNumber":167,"author":{"gitId":"chiaryan"},"content":"                        ","lastModifiedDate":"2024-01-24"},{"lineNumber":168,"author":{"gitId":"chiaryan"},"content":"                    case 2: // reading from","lastModifiedDate":"2024-01-24"},{"lineNumber":169,"author":{"gitId":"chiaryan"},"content":"                        if (arg.equals(\"/to\")) {","lastModifiedDate":"2024-01-24"},{"lineNumber":170,"author":{"gitId":"chiaryan"},"content":"                            state \u003d 3;","lastModifiedDate":"2024-01-24"},{"lineNumber":171,"author":{"gitId":"chiaryan"},"content":"                        } else {","lastModifiedDate":"2024-01-24"},{"lineNumber":172,"author":{"gitId":"chiaryan"},"content":"                            if (!from.isEmpty()) {","lastModifiedDate":"2024-01-24"},{"lineNumber":173,"author":{"gitId":"chiaryan"},"content":"                                from.append(\" \");","lastModifiedDate":"2024-01-24"},{"lineNumber":174,"author":{"gitId":"chiaryan"},"content":"                            }","lastModifiedDate":"2024-01-24"},{"lineNumber":175,"author":{"gitId":"chiaryan"},"content":"                            from.append(arg);","lastModifiedDate":"2024-01-24"},{"lineNumber":176,"author":{"gitId":"chiaryan"},"content":"                        }","lastModifiedDate":"2024-01-24"},{"lineNumber":177,"author":{"gitId":"chiaryan"},"content":"                        break;","lastModifiedDate":"2024-01-24"},{"lineNumber":178,"author":{"gitId":"chiaryan"},"content":"                        ","lastModifiedDate":"2024-01-24"},{"lineNumber":179,"author":{"gitId":"chiaryan"},"content":"                    case 3: // reading to","lastModifiedDate":"2024-01-24"},{"lineNumber":180,"author":{"gitId":"chiaryan"},"content":"                        if (!to.isEmpty()) {","lastModifiedDate":"2024-01-24"},{"lineNumber":181,"author":{"gitId":"chiaryan"},"content":"                            to.append(\" \");","lastModifiedDate":"2024-01-24"},{"lineNumber":182,"author":{"gitId":"chiaryan"},"content":"                        }","lastModifiedDate":"2024-01-24"},{"lineNumber":183,"author":{"gitId":"chiaryan"},"content":"                        to.append(arg);","lastModifiedDate":"2024-01-24"},{"lineNumber":184,"author":{"gitId":"chiaryan"},"content":"                        break;","lastModifiedDate":"2024-01-24"},{"lineNumber":185,"author":{"gitId":"chiaryan"},"content":"                }","lastModifiedDate":"2024-01-24"},{"lineNumber":186,"author":{"gitId":"chiaryan"},"content":"            }","lastModifiedDate":"2024-01-24"},{"lineNumber":187,"author":{"gitId":"chiaryan"},"content":"","lastModifiedDate":"2024-01-24"},{"lineNumber":188,"author":{"gitId":"chiaryan"},"content":"            var t \u003d new Event(name.toString(), from.toString(), to.toString());","lastModifiedDate":"2024-01-24"},{"lineNumber":189,"author":{"gitId":"chiaryan"},"content":"            Duke.print(String.format(\"Ok, I\u0027ve added a new Event...\\n  %s\", t.describe()));","lastModifiedDate":"2024-01-24"},{"lineNumber":190,"author":{"gitId":"chiaryan"},"content":"            Duke.taskList.add(t);","lastModifiedDate":"2024-01-24"},{"lineNumber":191,"author":{"gitId":"chiaryan"},"content":"        });","lastModifiedDate":"2024-01-24"},{"lineNumber":192,"author":{"gitId":"chiaryan"},"content":"        ","lastModifiedDate":"2024-01-24"},{"lineNumber":193,"author":{"gitId":"chiaryan"},"content":"        Duke.print(\"Hello, my name is... Louie!!!!\\n\" + ","lastModifiedDate":"2024-01-23"},{"lineNumber":194,"author":{"gitId":"chiaryan"},"content":"                   \"What can I do for you today?\");","lastModifiedDate":"2024-01-23"},{"lineNumber":195,"author":{"gitId":"chiaryan"},"content":"        while (!done) {","lastModifiedDate":"2024-01-23"},{"lineNumber":196,"author":{"gitId":"chiaryan"},"content":"            String str \u003d input.nextLine();","lastModifiedDate":"2024-01-23"},{"lineNumber":197,"author":{"gitId":"chiaryan"},"content":"            String[] args \u003d str.split(\" \");","lastModifiedDate":"2024-01-24"},{"lineNumber":198,"author":{"gitId":"chiaryan"},"content":"            if (commandMap.containsKey(args[0])) {","lastModifiedDate":"2024-01-24"},{"lineNumber":199,"author":{"gitId":"chiaryan"},"content":"                commandMap.get(args[0]).run(args);","lastModifiedDate":"2024-01-24"},{"lineNumber":200,"author":{"gitId":"chiaryan"},"content":"            } else {","lastModifiedDate":"2024-01-23"},{"lineNumber":201,"author":{"gitId":"chiaryan"},"content":"                Duke.print(\"no matching command...\");","lastModifiedDate":"2024-01-24"},{"lineNumber":202,"author":{"gitId":"chiaryan"},"content":"            }","lastModifiedDate":"2024-01-23"},{"lineNumber":203,"author":{"gitId":"chiaryan"},"content":"        }","lastModifiedDate":"2024-01-23"},{"lineNumber":204,"author":{"gitId":"-"},"content":"    }","lastModifiedDate":"2019-07-29"},{"lineNumber":205,"author":{"gitId":"chiaryan"},"content":"","lastModifiedDate":"2024-01-24"},{"lineNumber":206,"author":{"gitId":"-"},"content":"}","lastModifiedDate":"2019-07-29"}],"authorContributionMap":{"chiaryan":202,"-":4}},{"path":"src/main/java/Event.java","fileType":"java","lines":[{"lineNumber":1,"author":{"gitId":"chiaryan"},"content":"public class Event extends Task {","lastModifiedDate":"2024-01-24"},{"lineNumber":2,"author":{"gitId":"chiaryan"},"content":"    private final String from;","lastModifiedDate":"2024-01-24"},{"lineNumber":3,"author":{"gitId":"chiaryan"},"content":"    ","lastModifiedDate":"2024-01-24"},{"lineNumber":4,"author":{"gitId":"chiaryan"},"content":"    private final String to;","lastModifiedDate":"2024-01-24"},{"lineNumber":5,"author":{"gitId":"chiaryan"},"content":"","lastModifiedDate":"2024-01-24"},{"lineNumber":6,"author":{"gitId":"chiaryan"},"content":"    public Event(String name, String from, String to) {","lastModifiedDate":"2024-01-24"},{"lineNumber":7,"author":{"gitId":"chiaryan"},"content":"        super(name);","lastModifiedDate":"2024-01-24"},{"lineNumber":8,"author":{"gitId":"chiaryan"},"content":"        this.from \u003d from;","lastModifiedDate":"2024-01-24"},{"lineNumber":9,"author":{"gitId":"chiaryan"},"content":"        this.to \u003d to;","lastModifiedDate":"2024-01-24"},{"lineNumber":10,"author":{"gitId":"chiaryan"},"content":"    }","lastModifiedDate":"2024-01-24"},{"lineNumber":11,"author":{"gitId":"chiaryan"},"content":"","lastModifiedDate":"2024-01-24"},{"lineNumber":12,"author":{"gitId":"chiaryan"},"content":"    @Override","lastModifiedDate":"2024-01-24"},{"lineNumber":13,"author":{"gitId":"chiaryan"},"content":"    public String describe() {","lastModifiedDate":"2024-01-24"},{"lineNumber":14,"author":{"gitId":"chiaryan"},"content":"        return String.format(\"[E]%s (from: %s to: %s)\",","lastModifiedDate":"2024-01-24"},{"lineNumber":15,"author":{"gitId":"chiaryan"},"content":"                super.describe(), this.from, this.to","lastModifiedDate":"2024-01-24"},{"lineNumber":16,"author":{"gitId":"chiaryan"},"content":"        );","lastModifiedDate":"2024-01-24"},{"lineNumber":17,"author":{"gitId":"chiaryan"},"content":"    }","lastModifiedDate":"2024-01-24"},{"lineNumber":18,"author":{"gitId":"chiaryan"},"content":"}","lastModifiedDate":"2024-01-24"}],"authorContributionMap":{"chiaryan":18}},{"path":"src/main/java/Task.java","fileType":"java","lines":[{"lineNumber":1,"author":{"gitId":"chiaryan"},"content":"import java.util.ArrayList;","lastModifiedDate":"2024-01-23"},{"lineNumber":2,"author":{"gitId":"chiaryan"},"content":"","lastModifiedDate":"2024-01-23"},{"lineNumber":3,"author":{"gitId":"chiaryan"},"content":"public class Task {","lastModifiedDate":"2024-01-23"},{"lineNumber":4,"author":{"gitId":"chiaryan"},"content":"    protected final String name;","lastModifiedDate":"2024-01-24"},{"lineNumber":5,"author":{"gitId":"chiaryan"},"content":"    protected boolean done;","lastModifiedDate":"2024-01-24"},{"lineNumber":6,"author":{"gitId":"chiaryan"},"content":"","lastModifiedDate":"2024-01-23"},{"lineNumber":7,"author":{"gitId":"chiaryan"},"content":"    public Task(String name) {","lastModifiedDate":"2024-01-24"},{"lineNumber":8,"author":{"gitId":"chiaryan"},"content":"        this.name \u003d name;","lastModifiedDate":"2024-01-23"},{"lineNumber":9,"author":{"gitId":"chiaryan"},"content":"        this.done \u003d false;","lastModifiedDate":"2024-01-23"},{"lineNumber":10,"author":{"gitId":"chiaryan"},"content":"    }","lastModifiedDate":"2024-01-23"},{"lineNumber":11,"author":{"gitId":"chiaryan"},"content":"    ","lastModifiedDate":"2024-01-23"},{"lineNumber":12,"author":{"gitId":"chiaryan"},"content":"    public void mark() {","lastModifiedDate":"2024-01-24"},{"lineNumber":13,"author":{"gitId":"chiaryan"},"content":"        this.done \u003d true;","lastModifiedDate":"2024-01-24"},{"lineNumber":14,"author":{"gitId":"chiaryan"},"content":"    }","lastModifiedDate":"2024-01-23"},{"lineNumber":15,"author":{"gitId":"chiaryan"},"content":"    public void unmark() {","lastModifiedDate":"2024-01-24"},{"lineNumber":16,"author":{"gitId":"chiaryan"},"content":"        this.done \u003d false;","lastModifiedDate":"2024-01-24"},{"lineNumber":17,"author":{"gitId":"chiaryan"},"content":"    }","lastModifiedDate":"2024-01-23"},{"lineNumber":18,"author":{"gitId":"chiaryan"},"content":"","lastModifiedDate":"2024-01-23"},{"lineNumber":19,"author":{"gitId":"chiaryan"},"content":"    public String describe() {","lastModifiedDate":"2024-01-23"},{"lineNumber":20,"author":{"gitId":"chiaryan"},"content":"        return \"[\" + (this.done ? \"X\": \" \") + \"] \" + this.name;","lastModifiedDate":"2024-01-24"},{"lineNumber":21,"author":{"gitId":"chiaryan"},"content":"    }    ","lastModifiedDate":"2024-01-23"},{"lineNumber":22,"author":{"gitId":"chiaryan"},"content":"}","lastModifiedDate":"2024-01-23"}],"authorContributionMap":{"chiaryan":22}},{"path":"src/main/java/ToDo.java","fileType":"java","lines":[{"lineNumber":1,"author":{"gitId":"chiaryan"},"content":"public class ToDo extends Task {","lastModifiedDate":"2024-01-24"},{"lineNumber":2,"author":{"gitId":"chiaryan"},"content":"    public ToDo(String name) {","lastModifiedDate":"2024-01-24"},{"lineNumber":3,"author":{"gitId":"chiaryan"},"content":"        super(name);","lastModifiedDate":"2024-01-24"},{"lineNumber":4,"author":{"gitId":"chiaryan"},"content":"    }","lastModifiedDate":"2024-01-24"},{"lineNumber":5,"author":{"gitId":"chiaryan"},"content":"","lastModifiedDate":"2024-01-24"},{"lineNumber":6,"author":{"gitId":"chiaryan"},"content":"    @Override","lastModifiedDate":"2024-01-24"},{"lineNumber":7,"author":{"gitId":"chiaryan"},"content":"    public String describe() {","lastModifiedDate":"2024-01-24"},{"lineNumber":8,"author":{"gitId":"chiaryan"},"content":"        return String.format(\"[T]%s\", super.describe());","lastModifiedDate":"2024-01-24"},{"lineNumber":9,"author":{"gitId":"chiaryan"},"content":"    }","lastModifiedDate":"2024-01-24"},{"lineNumber":10,"author":{"gitId":"chiaryan"},"content":"}","lastModifiedDate":"2024-01-24"}],"authorContributionMap":{"chiaryan":10}},{"path":"text-ui-test/input.txt","fileType":"txt","lines":[{"lineNumber":1,"author":{"gitId":"chiaryan"},"content":"todo read book","lastModifiedDate":"2024-01-24"},{"lineNumber":2,"author":{"gitId":"chiaryan"},"content":"deadline return book /by June 6th","lastModifiedDate":"2024-01-24"},{"lineNumber":3,"author":{"gitId":"chiaryan"},"content":"event project meeting /from Aug 6th 2pm /to 4pm","lastModifiedDate":"2024-01-24"},{"lineNumber":4,"author":{"gitId":"chiaryan"},"content":"list","lastModifiedDate":"2024-01-23"},{"lineNumber":5,"author":{"gitId":"chiaryan"},"content":"mark 1","lastModifiedDate":"2024-01-24"},{"lineNumber":6,"author":{"gitId":"chiaryan"},"content":"todo join sports club","lastModifiedDate":"2024-01-24"},{"lineNumber":7,"author":{"gitId":"chiaryan"},"content":"todo borrow book","lastModifiedDate":"2024-01-24"},{"lineNumber":8,"author":{"gitId":"chiaryan"},"content":"mark 4","lastModifiedDate":"2024-01-24"},{"lineNumber":9,"author":{"gitId":"chiaryan"},"content":"list","lastModifiedDate":"2024-01-23"},{"lineNumber":10,"author":{"gitId":"chiaryan"},"content":"deadline return book /by Sunday","lastModifiedDate":"2024-01-24"},{"lineNumber":11,"author":{"gitId":"chiaryan"},"content":"event project meeting /from Mon 2pm /to 4pm","lastModifiedDate":"2024-01-24"},{"lineNumber":12,"author":{"gitId":"chiaryan"},"content":"bye","lastModifiedDate":"2024-01-23"}],"authorContributionMap":{"chiaryan":12}}]
