[{"path":"src/main/java/Atlas.java","fileType":"java","lines":[{"lineNumber":1,"author":{"gitId":"zhikaiong2001"},"content":"import java.util.ArrayList;","lastModifiedDate":"2024-01-23"},{"lineNumber":2,"author":{"gitId":"zhikaiong2001"},"content":"import java.util.Scanner;","lastModifiedDate":"2024-01-22"},{"lineNumber":3,"author":{"gitId":"zhikaiong2001"},"content":"","lastModifiedDate":"2024-01-22"},{"lineNumber":4,"author":{"gitId":"zhikaiong2001"},"content":"public class Atlas {","lastModifiedDate":"2024-01-22"},{"lineNumber":5,"author":{"gitId":"zhikaiong2001"},"content":"    private static final int MAX_TASKS \u003d 100;","lastModifiedDate":"2024-01-22"},{"lineNumber":6,"author":{"gitId":"zhikaiong2001"},"content":"    private final String horizontalLine \u003d \"____________________________________________________________\";","lastModifiedDate":"2024-01-22"},{"lineNumber":7,"author":{"gitId":"zhikaiong2001"},"content":"    private static ArrayList\u003cTask\u003e tasks \u003d new ArrayList\u003c\u003e();","lastModifiedDate":"2024-01-23"},{"lineNumber":8,"author":{"gitId":"zhikaiong2001"},"content":"    private static int taskCounter \u003d 0;","lastModifiedDate":"2024-01-22"},{"lineNumber":9,"author":{"gitId":"zhikaiong2001"},"content":"    public static void main(String[] args) {","lastModifiedDate":"2024-01-22"},{"lineNumber":10,"author":{"gitId":"zhikaiong2001"},"content":"        Scanner scanner \u003d new Scanner(System.in);","lastModifiedDate":"2024-01-22"},{"lineNumber":11,"author":{"gitId":"zhikaiong2001"},"content":"","lastModifiedDate":"2024-01-22"},{"lineNumber":12,"author":{"gitId":"zhikaiong2001"},"content":"        greet();","lastModifiedDate":"2024-01-22"},{"lineNumber":13,"author":{"gitId":"zhikaiong2001"},"content":"        while (true) {","lastModifiedDate":"2024-01-22"},{"lineNumber":14,"author":{"gitId":"zhikaiong2001"},"content":"            try {","lastModifiedDate":"2024-01-23"},{"lineNumber":15,"author":{"gitId":"zhikaiong2001"},"content":"                String input \u003d scanner.nextLine();","lastModifiedDate":"2024-01-22"},{"lineNumber":16,"author":{"gitId":"zhikaiong2001"},"content":"                if (input.equals(\"bye\")) {","lastModifiedDate":"2024-01-22"},{"lineNumber":17,"author":{"gitId":"zhikaiong2001"},"content":"                    break;","lastModifiedDate":"2024-01-22"},{"lineNumber":18,"author":{"gitId":"zhikaiong2001"},"content":"                } else if (input.equals(\"list\")) {","lastModifiedDate":"2024-01-23"},{"lineNumber":19,"author":{"gitId":"zhikaiong2001"},"content":"                    listTasks();","lastModifiedDate":"2024-01-22"},{"lineNumber":20,"author":{"gitId":"zhikaiong2001"},"content":"                } else if (input.startsWith(\"mark \")) {","lastModifiedDate":"2024-01-23"},{"lineNumber":21,"author":{"gitId":"zhikaiong2001"},"content":"                    int taskNumber \u003d Integer.parseInt(input.substring(5)) - 1;","lastModifiedDate":"2024-01-22"},{"lineNumber":22,"author":{"gitId":"zhikaiong2001"},"content":"                    markTask(taskNumber);","lastModifiedDate":"2024-01-22"},{"lineNumber":23,"author":{"gitId":"zhikaiong2001"},"content":"                } else if (input.startsWith(\"unmark \")) {","lastModifiedDate":"2024-01-23"},{"lineNumber":24,"author":{"gitId":"zhikaiong2001"},"content":"                    int taskNumber \u003d Integer.parseInt(input.substring(7)) - 1; // Adjust for array index","lastModifiedDate":"2024-01-22"},{"lineNumber":25,"author":{"gitId":"zhikaiong2001"},"content":"                    unmarkTask(taskNumber);","lastModifiedDate":"2024-01-22"},{"lineNumber":26,"author":{"gitId":"zhikaiong2001"},"content":"                } else if (input.startsWith(\"delete \")) {","lastModifiedDate":"2024-01-23"},{"lineNumber":27,"author":{"gitId":"zhikaiong2001"},"content":"                    int taskNumber \u003d Integer.parseInt(input.substring(7)) - 1;","lastModifiedDate":"2024-01-23"},{"lineNumber":28,"author":{"gitId":"zhikaiong2001"},"content":"                    deleteTask(taskNumber);","lastModifiedDate":"2024-01-23"},{"lineNumber":29,"author":{"gitId":"zhikaiong2001"},"content":"                } else if (input.startsWith(\"todo \") || input.startsWith(\"deadline \") || input.startsWith(\"event \")) {","lastModifiedDate":"2024-01-23"},{"lineNumber":30,"author":{"gitId":"zhikaiong2001"},"content":"                    addTask(input);","lastModifiedDate":"2024-01-22"},{"lineNumber":31,"author":{"gitId":"zhikaiong2001"},"content":"                } else {","lastModifiedDate":"2024-01-23"},{"lineNumber":32,"author":{"gitId":"zhikaiong2001"},"content":"                    throw new AtlasException(\"Invalid Command!!\");","lastModifiedDate":"2024-01-23"},{"lineNumber":33,"author":{"gitId":"zhikaiong2001"},"content":"                }","lastModifiedDate":"2024-01-22"},{"lineNumber":34,"author":{"gitId":"zhikaiong2001"},"content":"            } catch (AtlasException e) {","lastModifiedDate":"2024-01-23"},{"lineNumber":35,"author":{"gitId":"zhikaiong2001"},"content":"                System.out.println(e.getMessage());","lastModifiedDate":"2024-01-23"},{"lineNumber":36,"author":{"gitId":"zhikaiong2001"},"content":"            }","lastModifiedDate":"2024-01-22"},{"lineNumber":37,"author":{"gitId":"zhikaiong2001"},"content":"        }","lastModifiedDate":"2024-01-22"},{"lineNumber":38,"author":{"gitId":"zhikaiong2001"},"content":"        exit();","lastModifiedDate":"2024-01-22"},{"lineNumber":39,"author":{"gitId":"zhikaiong2001"},"content":"    }","lastModifiedDate":"2024-01-22"},{"lineNumber":40,"author":{"gitId":"zhikaiong2001"},"content":"","lastModifiedDate":"2024-01-22"},{"lineNumber":41,"author":{"gitId":"zhikaiong2001"},"content":"    private static void greet() {","lastModifiedDate":"2024-01-22"},{"lineNumber":42,"author":{"gitId":"zhikaiong2001"},"content":"        System.out.println(\"Hello! I\u0027m Atlas\");","lastModifiedDate":"2024-01-22"},{"lineNumber":43,"author":{"gitId":"zhikaiong2001"},"content":"        System.out.println(\"What can I do for you?\");","lastModifiedDate":"2024-01-22"},{"lineNumber":44,"author":{"gitId":"zhikaiong2001"},"content":"    }","lastModifiedDate":"2024-01-22"},{"lineNumber":45,"author":{"gitId":"zhikaiong2001"},"content":"    private static void exit() {","lastModifiedDate":"2024-01-22"},{"lineNumber":46,"author":{"gitId":"zhikaiong2001"},"content":"        System.out.println(\"Bye. Hope to see you again soon!\");","lastModifiedDate":"2024-01-22"},{"lineNumber":47,"author":{"gitId":"zhikaiong2001"},"content":"    }","lastModifiedDate":"2024-01-22"},{"lineNumber":48,"author":{"gitId":"zhikaiong2001"},"content":"","lastModifiedDate":"2024-01-22"},{"lineNumber":49,"author":{"gitId":"zhikaiong2001"},"content":"    private static void addTask(String input) throws AtlasException {","lastModifiedDate":"2024-01-23"},{"lineNumber":50,"author":{"gitId":"zhikaiong2001"},"content":"        if (input.startsWith(\"todo \")) {","lastModifiedDate":"2024-01-22"},{"lineNumber":51,"author":{"gitId":"zhikaiong2001"},"content":"            String description \u003d input.substring(5);","lastModifiedDate":"2024-01-22"},{"lineNumber":52,"author":{"gitId":"zhikaiong2001"},"content":"            tasks.add(new ToDo(description));","lastModifiedDate":"2024-01-23"},{"lineNumber":53,"author":{"gitId":"zhikaiong2001"},"content":"        } else if (input.startsWith(\"deadline \")) {","lastModifiedDate":"2024-01-22"},{"lineNumber":54,"author":{"gitId":"zhikaiong2001"},"content":"            String[] parts \u003d input.substring(9).split(\" /by \");","lastModifiedDate":"2024-01-22"},{"lineNumber":55,"author":{"gitId":"zhikaiong2001"},"content":"            if (parts.length \u003c 2) {","lastModifiedDate":"2024-01-23"},{"lineNumber":56,"author":{"gitId":"zhikaiong2001"},"content":"                throw new AtlasException(\"Invalid deadline format. Please use \u0027deadline [description] /by [due date]\u0027.\");","lastModifiedDate":"2024-01-23"},{"lineNumber":57,"author":{"gitId":"zhikaiong2001"},"content":"            }","lastModifiedDate":"2024-01-23"},{"lineNumber":58,"author":{"gitId":"zhikaiong2001"},"content":"            String description \u003d parts[0];","lastModifiedDate":"2024-01-22"},{"lineNumber":59,"author":{"gitId":"zhikaiong2001"},"content":"            String dueDate \u003d parts[1];","lastModifiedDate":"2024-01-22"},{"lineNumber":60,"author":{"gitId":"zhikaiong2001"},"content":"            tasks.add(new Deadline(description, dueDate));","lastModifiedDate":"2024-01-23"},{"lineNumber":61,"author":{"gitId":"zhikaiong2001"},"content":"        } else if (input.startsWith(\"event \")) {","lastModifiedDate":"2024-01-22"},{"lineNumber":62,"author":{"gitId":"zhikaiong2001"},"content":"            String[] parts \u003d input.substring(6).split(\" /\");","lastModifiedDate":"2024-01-22"},{"lineNumber":63,"author":{"gitId":"zhikaiong2001"},"content":"            if (parts.length \u003c 3) {","lastModifiedDate":"2024-01-23"},{"lineNumber":64,"author":{"gitId":"zhikaiong2001"},"content":"                throw new AtlasException(\"Invalid event format. Please use \u0027event [description] /from [start date] /to [end date]\u0027.\");","lastModifiedDate":"2024-01-23"},{"lineNumber":65,"author":{"gitId":"zhikaiong2001"},"content":"            }","lastModifiedDate":"2024-01-23"},{"lineNumber":66,"author":{"gitId":"zhikaiong2001"},"content":"            String description \u003d parts[0];","lastModifiedDate":"2024-01-22"},{"lineNumber":67,"author":{"gitId":"zhikaiong2001"},"content":"            String startTime \u003d parts[1].substring(5); // Remove \"from \" prefix","lastModifiedDate":"2024-01-22"},{"lineNumber":68,"author":{"gitId":"zhikaiong2001"},"content":"            String endTime \u003d parts[2].substring(3); // Remove \"to \" prefix","lastModifiedDate":"2024-01-22"},{"lineNumber":69,"author":{"gitId":"zhikaiong2001"},"content":"            tasks.add(new Event(description, startTime, endTime));","lastModifiedDate":"2024-01-23"},{"lineNumber":70,"author":{"gitId":"zhikaiong2001"},"content":"        }","lastModifiedDate":"2024-01-22"},{"lineNumber":71,"author":{"gitId":"zhikaiong2001"},"content":"        taskCounter++;","lastModifiedDate":"2024-01-22"},{"lineNumber":72,"author":{"gitId":"zhikaiong2001"},"content":"        System.out.println(\"Got it. I\u0027ve added this task:\\n\" + tasks.get(taskCounter - 1));","lastModifiedDate":"2024-01-23"},{"lineNumber":73,"author":{"gitId":"zhikaiong2001"},"content":"        System.out.println(\"Now you have \" + String.valueOf(taskCounter) + \" tasks in the list.\");","lastModifiedDate":"2024-01-22"},{"lineNumber":74,"author":{"gitId":"zhikaiong2001"},"content":"    }","lastModifiedDate":"2024-01-22"},{"lineNumber":75,"author":{"gitId":"zhikaiong2001"},"content":"","lastModifiedDate":"2024-01-22"},{"lineNumber":76,"author":{"gitId":"zhikaiong2001"},"content":"    private static void listTasks() {","lastModifiedDate":"2024-01-22"},{"lineNumber":77,"author":{"gitId":"zhikaiong2001"},"content":"        for (int i \u003d 0; i \u003c taskCounter; i++) {","lastModifiedDate":"2024-01-22"},{"lineNumber":78,"author":{"gitId":"zhikaiong2001"},"content":"            System.out.println((i + 1) + \".\" + tasks.get(i).toString());","lastModifiedDate":"2024-01-23"},{"lineNumber":79,"author":{"gitId":"zhikaiong2001"},"content":"        }","lastModifiedDate":"2024-01-22"},{"lineNumber":80,"author":{"gitId":"zhikaiong2001"},"content":"    }","lastModifiedDate":"2024-01-22"},{"lineNumber":81,"author":{"gitId":"zhikaiong2001"},"content":"","lastModifiedDate":"2024-01-22"},{"lineNumber":82,"author":{"gitId":"zhikaiong2001"},"content":"    private static void markTask(int i) throws AtlasException {","lastModifiedDate":"2024-01-23"},{"lineNumber":83,"author":{"gitId":"zhikaiong2001"},"content":"        if (i \u003c 0 || i \u003e\u003d taskCounter) {","lastModifiedDate":"2024-01-23"},{"lineNumber":84,"author":{"gitId":"zhikaiong2001"},"content":"            throw new AtlasException(\"Task number \" + (i + 1) + \" does not exist.\");","lastModifiedDate":"2024-01-23"},{"lineNumber":85,"author":{"gitId":"zhikaiong2001"},"content":"        }","lastModifiedDate":"2024-01-23"},{"lineNumber":86,"author":{"gitId":"zhikaiong2001"},"content":"        tasks.get(i).toggle();","lastModifiedDate":"2024-01-23"},{"lineNumber":87,"author":{"gitId":"zhikaiong2001"},"content":"        System.out.println(\"Nice! I\u0027ve marked this task as done:\");","lastModifiedDate":"2024-01-22"},{"lineNumber":88,"author":{"gitId":"zhikaiong2001"},"content":"        String str \u003d tasks.get(i).toString();","lastModifiedDate":"2024-01-23"},{"lineNumber":89,"author":{"gitId":"zhikaiong2001"},"content":"        System.out.println(str);","lastModifiedDate":"2024-01-22"},{"lineNumber":90,"author":{"gitId":"zhikaiong2001"},"content":"    }","lastModifiedDate":"2024-01-22"},{"lineNumber":91,"author":{"gitId":"zhikaiong2001"},"content":"","lastModifiedDate":"2024-01-22"},{"lineNumber":92,"author":{"gitId":"zhikaiong2001"},"content":"    private static void unmarkTask(int i) throws AtlasException {","lastModifiedDate":"2024-01-23"},{"lineNumber":93,"author":{"gitId":"zhikaiong2001"},"content":"        if (i \u003c 0 || i \u003e\u003d taskCounter) {","lastModifiedDate":"2024-01-23"},{"lineNumber":94,"author":{"gitId":"zhikaiong2001"},"content":"            throw new AtlasException(\"Task number \" + (i + 1) + \" does not exist.\");","lastModifiedDate":"2024-01-23"},{"lineNumber":95,"author":{"gitId":"zhikaiong2001"},"content":"        }","lastModifiedDate":"2024-01-23"},{"lineNumber":96,"author":{"gitId":"zhikaiong2001"},"content":"        tasks.get(i).toggle();","lastModifiedDate":"2024-01-23"},{"lineNumber":97,"author":{"gitId":"zhikaiong2001"},"content":"        System.out.println(\"OK, I\u0027ve marked this task as not done yet\");","lastModifiedDate":"2024-01-22"},{"lineNumber":98,"author":{"gitId":"zhikaiong2001"},"content":"        String str \u003d tasks.get(i).toString();","lastModifiedDate":"2024-01-23"},{"lineNumber":99,"author":{"gitId":"zhikaiong2001"},"content":"        System.out.println(str);","lastModifiedDate":"2024-01-22"},{"lineNumber":100,"author":{"gitId":"zhikaiong2001"},"content":"    }","lastModifiedDate":"2024-01-22"},{"lineNumber":101,"author":{"gitId":"zhikaiong2001"},"content":"","lastModifiedDate":"2024-01-22"},{"lineNumber":102,"author":{"gitId":"zhikaiong2001"},"content":"    private static void deleteTask(int taskNumber) throws AtlasException {","lastModifiedDate":"2024-01-23"},{"lineNumber":103,"author":{"gitId":"zhikaiong2001"},"content":"        if (taskNumber \u003c 0 || taskNumber \u003e\u003d tasks.size()) {","lastModifiedDate":"2024-01-23"},{"lineNumber":104,"author":{"gitId":"zhikaiong2001"},"content":"            throw new AtlasException(\"Task number \" + (taskNumber + 1) + \" does not exist in the list.\");","lastModifiedDate":"2024-01-23"},{"lineNumber":105,"author":{"gitId":"zhikaiong2001"},"content":"        }","lastModifiedDate":"2024-01-23"},{"lineNumber":106,"author":{"gitId":"zhikaiong2001"},"content":"        Task removedTask \u003d tasks.remove(taskNumber);","lastModifiedDate":"2024-01-23"},{"lineNumber":107,"author":{"gitId":"zhikaiong2001"},"content":"        System.out.println(\"Noted. I\u0027ve removed this task:\");","lastModifiedDate":"2024-01-23"},{"lineNumber":108,"author":{"gitId":"zhikaiong2001"},"content":"        System.out.println(removedTask);","lastModifiedDate":"2024-01-23"},{"lineNumber":109,"author":{"gitId":"zhikaiong2001"},"content":"        System.out.println(\"Now you have \" + tasks.size() + \" tasks in the list.\");","lastModifiedDate":"2024-01-23"},{"lineNumber":110,"author":{"gitId":"zhikaiong2001"},"content":"        taskCounter--;","lastModifiedDate":"2024-01-23"},{"lineNumber":111,"author":{"gitId":"zhikaiong2001"},"content":"    }","lastModifiedDate":"2024-01-23"},{"lineNumber":112,"author":{"gitId":"zhikaiong2001"},"content":"","lastModifiedDate":"2024-01-23"},{"lineNumber":113,"author":{"gitId":"zhikaiong2001"},"content":"}","lastModifiedDate":"2024-01-22"}],"authorContributionMap":{"zhikaiong2001":113}},{"path":"src/main/java/AtlasException.java","fileType":"java","lines":[{"lineNumber":1,"author":{"gitId":"zhikaiong2001"},"content":"public class AtlasException extends Exception {","lastModifiedDate":"2024-01-23"},{"lineNumber":2,"author":{"gitId":"zhikaiong2001"},"content":"    public AtlasException(String message) {","lastModifiedDate":"2024-01-23"},{"lineNumber":3,"author":{"gitId":"zhikaiong2001"},"content":"        super(message);","lastModifiedDate":"2024-01-23"},{"lineNumber":4,"author":{"gitId":"zhikaiong2001"},"content":"    }","lastModifiedDate":"2024-01-23"},{"lineNumber":5,"author":{"gitId":"zhikaiong2001"},"content":"}","lastModifiedDate":"2024-01-23"}],"authorContributionMap":{"zhikaiong2001":5}},{"path":"src/main/java/Deadline.java","fileType":"java","lines":[{"lineNumber":1,"author":{"gitId":"zhikaiong2001"},"content":"public class Deadline extends Task{","lastModifiedDate":"2024-01-22"},{"lineNumber":2,"author":{"gitId":"zhikaiong2001"},"content":"","lastModifiedDate":"2024-01-22"},{"lineNumber":3,"author":{"gitId":"zhikaiong2001"},"content":"    protected String by;","lastModifiedDate":"2024-01-22"},{"lineNumber":4,"author":{"gitId":"zhikaiong2001"},"content":"","lastModifiedDate":"2024-01-22"},{"lineNumber":5,"author":{"gitId":"zhikaiong2001"},"content":"    public Deadline(String description, String by) {","lastModifiedDate":"2024-01-22"},{"lineNumber":6,"author":{"gitId":"zhikaiong2001"},"content":"        super(description);","lastModifiedDate":"2024-01-22"},{"lineNumber":7,"author":{"gitId":"zhikaiong2001"},"content":"        this.by \u003d by;","lastModifiedDate":"2024-01-22"},{"lineNumber":8,"author":{"gitId":"zhikaiong2001"},"content":"    }","lastModifiedDate":"2024-01-22"},{"lineNumber":9,"author":{"gitId":"zhikaiong2001"},"content":"","lastModifiedDate":"2024-01-22"},{"lineNumber":10,"author":{"gitId":"zhikaiong2001"},"content":"    @Override","lastModifiedDate":"2024-01-22"},{"lineNumber":11,"author":{"gitId":"zhikaiong2001"},"content":"    public String toString() {","lastModifiedDate":"2024-01-22"},{"lineNumber":12,"author":{"gitId":"zhikaiong2001"},"content":"        return \"[D]\" + super.toString() + \" (by: \" + by + \")\";","lastModifiedDate":"2024-01-22"},{"lineNumber":13,"author":{"gitId":"zhikaiong2001"},"content":"    }","lastModifiedDate":"2024-01-22"},{"lineNumber":14,"author":{"gitId":"zhikaiong2001"},"content":"","lastModifiedDate":"2024-01-22"},{"lineNumber":15,"author":{"gitId":"zhikaiong2001"},"content":"}","lastModifiedDate":"2024-01-22"}],"authorContributionMap":{"zhikaiong2001":15}},{"path":"src/main/java/Event.java","fileType":"java","lines":[{"lineNumber":1,"author":{"gitId":"zhikaiong2001"},"content":"public class Event extends Task{","lastModifiedDate":"2024-01-22"},{"lineNumber":2,"author":{"gitId":"zhikaiong2001"},"content":"","lastModifiedDate":"2024-01-22"},{"lineNumber":3,"author":{"gitId":"zhikaiong2001"},"content":"    protected String start;","lastModifiedDate":"2024-01-22"},{"lineNumber":4,"author":{"gitId":"zhikaiong2001"},"content":"    protected String end;","lastModifiedDate":"2024-01-22"},{"lineNumber":5,"author":{"gitId":"zhikaiong2001"},"content":"","lastModifiedDate":"2024-01-22"},{"lineNumber":6,"author":{"gitId":"zhikaiong2001"},"content":"    public Event(String description, String start, String end) {","lastModifiedDate":"2024-01-22"},{"lineNumber":7,"author":{"gitId":"zhikaiong2001"},"content":"        super(description);","lastModifiedDate":"2024-01-22"},{"lineNumber":8,"author":{"gitId":"zhikaiong2001"},"content":"        this.start \u003d start;","lastModifiedDate":"2024-01-22"},{"lineNumber":9,"author":{"gitId":"zhikaiong2001"},"content":"        this.end \u003d end;","lastModifiedDate":"2024-01-22"},{"lineNumber":10,"author":{"gitId":"zhikaiong2001"},"content":"    }","lastModifiedDate":"2024-01-22"},{"lineNumber":11,"author":{"gitId":"zhikaiong2001"},"content":"","lastModifiedDate":"2024-01-22"},{"lineNumber":12,"author":{"gitId":"zhikaiong2001"},"content":"    @Override","lastModifiedDate":"2024-01-22"},{"lineNumber":13,"author":{"gitId":"zhikaiong2001"},"content":"    public String toString() {","lastModifiedDate":"2024-01-22"},{"lineNumber":14,"author":{"gitId":"zhikaiong2001"},"content":"        return \"[E]\" + super.toString() + \" (from: \" + start + \" to: \" + end + \")\";","lastModifiedDate":"2024-01-22"},{"lineNumber":15,"author":{"gitId":"zhikaiong2001"},"content":"    }","lastModifiedDate":"2024-01-22"},{"lineNumber":16,"author":{"gitId":"zhikaiong2001"},"content":"}","lastModifiedDate":"2024-01-22"}],"authorContributionMap":{"zhikaiong2001":16}},{"path":"src/main/java/Task.java","fileType":"java","lines":[{"lineNumber":1,"author":{"gitId":"zhikaiong2001"},"content":"public class Task {","lastModifiedDate":"2024-01-22"},{"lineNumber":2,"author":{"gitId":"zhikaiong2001"},"content":"    protected String description;","lastModifiedDate":"2024-01-22"},{"lineNumber":3,"author":{"gitId":"zhikaiong2001"},"content":"    protected boolean isDone;","lastModifiedDate":"2024-01-22"},{"lineNumber":4,"author":{"gitId":"zhikaiong2001"},"content":"","lastModifiedDate":"2024-01-22"},{"lineNumber":5,"author":{"gitId":"zhikaiong2001"},"content":"    public Task(String description) {","lastModifiedDate":"2024-01-22"},{"lineNumber":6,"author":{"gitId":"zhikaiong2001"},"content":"        this.description \u003d description;","lastModifiedDate":"2024-01-22"},{"lineNumber":7,"author":{"gitId":"zhikaiong2001"},"content":"        this.isDone \u003d false;","lastModifiedDate":"2024-01-22"},{"lineNumber":8,"author":{"gitId":"zhikaiong2001"},"content":"    }","lastModifiedDate":"2024-01-22"},{"lineNumber":9,"author":{"gitId":"zhikaiong2001"},"content":"","lastModifiedDate":"2024-01-22"},{"lineNumber":10,"author":{"gitId":"zhikaiong2001"},"content":"    public String getStatusIcon() {","lastModifiedDate":"2024-01-22"},{"lineNumber":11,"author":{"gitId":"zhikaiong2001"},"content":"        return (isDone ? \"X\" : \" \"); // mark done task with X","lastModifiedDate":"2024-01-22"},{"lineNumber":12,"author":{"gitId":"zhikaiong2001"},"content":"    }","lastModifiedDate":"2024-01-22"},{"lineNumber":13,"author":{"gitId":"zhikaiong2001"},"content":"","lastModifiedDate":"2024-01-22"},{"lineNumber":14,"author":{"gitId":"zhikaiong2001"},"content":"    public String getDescription() {","lastModifiedDate":"2024-01-22"},{"lineNumber":15,"author":{"gitId":"zhikaiong2001"},"content":"        return this.description;","lastModifiedDate":"2024-01-22"},{"lineNumber":16,"author":{"gitId":"zhikaiong2001"},"content":"    }","lastModifiedDate":"2024-01-22"},{"lineNumber":17,"author":{"gitId":"zhikaiong2001"},"content":"","lastModifiedDate":"2024-01-22"},{"lineNumber":18,"author":{"gitId":"zhikaiong2001"},"content":"    @Override","lastModifiedDate":"2024-01-22"},{"lineNumber":19,"author":{"gitId":"zhikaiong2001"},"content":"    public String toString() {","lastModifiedDate":"2024-01-22"},{"lineNumber":20,"author":{"gitId":"zhikaiong2001"},"content":"        String str \u003d String.format(\"[%s] %s\", this.getStatusIcon(), this.description);","lastModifiedDate":"2024-01-22"},{"lineNumber":21,"author":{"gitId":"zhikaiong2001"},"content":"        return str;","lastModifiedDate":"2024-01-22"},{"lineNumber":22,"author":{"gitId":"zhikaiong2001"},"content":"    }","lastModifiedDate":"2024-01-22"},{"lineNumber":23,"author":{"gitId":"zhikaiong2001"},"content":"","lastModifiedDate":"2024-01-22"},{"lineNumber":24,"author":{"gitId":"zhikaiong2001"},"content":"    public void toggle() {","lastModifiedDate":"2024-01-22"},{"lineNumber":25,"author":{"gitId":"zhikaiong2001"},"content":"        this.isDone \u003d !this.isDone;","lastModifiedDate":"2024-01-22"},{"lineNumber":26,"author":{"gitId":"zhikaiong2001"},"content":"    }","lastModifiedDate":"2024-01-22"},{"lineNumber":27,"author":{"gitId":"zhikaiong2001"},"content":"}","lastModifiedDate":"2024-01-22"}],"authorContributionMap":{"zhikaiong2001":27}},{"path":"src/main/java/ToDo.java","fileType":"java","lines":[{"lineNumber":1,"author":{"gitId":"zhikaiong2001"},"content":"public class ToDo extends Task{","lastModifiedDate":"2024-01-22"},{"lineNumber":2,"author":{"gitId":"zhikaiong2001"},"content":"","lastModifiedDate":"2024-01-22"},{"lineNumber":3,"author":{"gitId":"zhikaiong2001"},"content":"    public ToDo(String description) {","lastModifiedDate":"2024-01-22"},{"lineNumber":4,"author":{"gitId":"zhikaiong2001"},"content":"        super(description);","lastModifiedDate":"2024-01-22"},{"lineNumber":5,"author":{"gitId":"zhikaiong2001"},"content":"    }","lastModifiedDate":"2024-01-22"},{"lineNumber":6,"author":{"gitId":"zhikaiong2001"},"content":"","lastModifiedDate":"2024-01-22"},{"lineNumber":7,"author":{"gitId":"zhikaiong2001"},"content":"    @Override","lastModifiedDate":"2024-01-22"},{"lineNumber":8,"author":{"gitId":"zhikaiong2001"},"content":"    public String toString() {","lastModifiedDate":"2024-01-22"},{"lineNumber":9,"author":{"gitId":"zhikaiong2001"},"content":"        return \"[T]\" + super.toString();","lastModifiedDate":"2024-01-22"},{"lineNumber":10,"author":{"gitId":"zhikaiong2001"},"content":"    }","lastModifiedDate":"2024-01-22"},{"lineNumber":11,"author":{"gitId":"zhikaiong2001"},"content":"}","lastModifiedDate":"2024-01-22"}],"authorContributionMap":{"zhikaiong2001":11}},{"path":"text-ui-test/input.txt","fileType":"txt","lines":[{"lineNumber":1,"author":{"gitId":"zhikaiong2001"},"content":"todo borrow book","lastModifiedDate":"2024-01-23"},{"lineNumber":2,"author":{"gitId":"zhikaiong2001"},"content":"list","lastModifiedDate":"2024-01-23"},{"lineNumber":3,"author":{"gitId":"zhikaiong2001"},"content":"deadline return book /by Sunday","lastModifiedDate":"2024-01-23"},{"lineNumber":4,"author":{"gitId":"zhikaiong2001"},"content":"event project meeting /from Mon 2pm /to 4pm","lastModifiedDate":"2024-01-23"},{"lineNumber":5,"author":{"gitId":"zhikaiong2001"},"content":"mark 1","lastModifiedDate":"2024-01-23"},{"lineNumber":6,"author":{"gitId":"zhikaiong2001"},"content":"mark 2","lastModifiedDate":"2024-01-23"},{"lineNumber":7,"author":{"gitId":"zhikaiong2001"},"content":"list","lastModifiedDate":"2024-01-23"},{"lineNumber":8,"author":{"gitId":"zhikaiong2001"},"content":"unmark 2","lastModifiedDate":"2024-01-23"},{"lineNumber":9,"author":{"gitId":"zhikaiong2001"},"content":"list","lastModifiedDate":"2024-01-23"},{"lineNumber":10,"author":{"gitId":"zhikaiong2001"},"content":"delete 3","lastModifiedDate":"2024-01-23"},{"lineNumber":11,"author":{"gitId":"zhikaiong2001"},"content":"list","lastModifiedDate":"2024-01-23"},{"lineNumber":12,"author":{"gitId":"zhikaiong2001"},"content":"bye","lastModifiedDate":"2024-01-23"}],"authorContributionMap":{"zhikaiong2001":12}},{"path":"text-ui-test/runtest.bat","fileType":"bat","lines":[{"lineNumber":1,"author":{"gitId":"-"},"content":"@ECHO OFF","lastModifiedDate":"2020-05-25"},{"lineNumber":2,"author":{"gitId":"-"},"content":"","lastModifiedDate":"2020-05-25"},{"lineNumber":3,"author":{"gitId":"-"},"content":"REM create bin directory if it doesn\u0027t exist","lastModifiedDate":"2020-05-25"},{"lineNumber":4,"author":{"gitId":"-"},"content":"if not exist ..\\bin mkdir ..\\bin","lastModifiedDate":"2020-05-25"},{"lineNumber":5,"author":{"gitId":"-"},"content":"","lastModifiedDate":"2020-05-25"},{"lineNumber":6,"author":{"gitId":"-"},"content":"REM delete output from previous run","lastModifiedDate":"2020-05-25"},{"lineNumber":7,"author":{"gitId":"-"},"content":"if exist ACTUAL.TXT del ACTUAL.TXT","lastModifiedDate":"2020-08-25"},{"lineNumber":8,"author":{"gitId":"-"},"content":"","lastModifiedDate":"2020-05-25"},{"lineNumber":9,"author":{"gitId":"-"},"content":"REM compile the code into the bin folder","lastModifiedDate":"2020-05-25"},{"lineNumber":10,"author":{"gitId":"-"},"content":"javac  -cp ..\\src\\main\\java -Xlint:none -d ..\\bin ..\\src\\main\\java\\*.java","lastModifiedDate":"2020-08-25"},{"lineNumber":11,"author":{"gitId":"-"},"content":"IF ERRORLEVEL 1 (","lastModifiedDate":"2020-05-25"},{"lineNumber":12,"author":{"gitId":"-"},"content":"    echo ********** BUILD FAILURE **********","lastModifiedDate":"2020-05-25"},{"lineNumber":13,"author":{"gitId":"-"},"content":"    exit /b 1","lastModifiedDate":"2020-05-25"},{"lineNumber":14,"author":{"gitId":"-"},"content":")","lastModifiedDate":"2020-05-25"},{"lineNumber":15,"author":{"gitId":"-"},"content":"REM no error here, errorlevel \u003d\u003d 0","lastModifiedDate":"2020-05-25"},{"lineNumber":16,"author":{"gitId":"-"},"content":"","lastModifiedDate":"2020-05-25"},{"lineNumber":17,"author":{"gitId":"-"},"content":"REM run the program, feed commands from input.txt file and redirect the output to the ACTUAL.TXT","lastModifiedDate":"2020-05-25"},{"lineNumber":18,"author":{"gitId":"zhikaiong2001"},"content":"java -classpath ..\\bin Atlas \u003c input.txt \u003e ACTUAL.TXT","lastModifiedDate":"2024-01-23"},{"lineNumber":19,"author":{"gitId":"-"},"content":"","lastModifiedDate":"2020-05-25"},{"lineNumber":20,"author":{"gitId":"-"},"content":"REM compare the output to the expected output","lastModifiedDate":"2020-05-25"},{"lineNumber":21,"author":{"gitId":"-"},"content":"FC ACTUAL.TXT EXPECTED.TXT","lastModifiedDate":"2020-05-25"}],"authorContributionMap":{"-":20,"zhikaiong2001":1}},{"path":"text-ui-test/runtest.sh","fileType":"sh","lines":[{"lineNumber":1,"author":{"gitId":"-"},"content":"#!/usr/bin/env bash","lastModifiedDate":"2020-05-25"},{"lineNumber":2,"author":{"gitId":"-"},"content":"","lastModifiedDate":"2020-05-25"},{"lineNumber":3,"author":{"gitId":"-"},"content":"# create bin directory if it doesn\u0027t exist","lastModifiedDate":"2020-05-25"},{"lineNumber":4,"author":{"gitId":"-"},"content":"if [ ! -d \"../bin\" ]","lastModifiedDate":"2020-05-25"},{"lineNumber":5,"author":{"gitId":"-"},"content":"then","lastModifiedDate":"2020-05-25"},{"lineNumber":6,"author":{"gitId":"-"},"content":"    mkdir ../bin","lastModifiedDate":"2020-05-25"},{"lineNumber":7,"author":{"gitId":"-"},"content":"fi","lastModifiedDate":"2020-05-25"},{"lineNumber":8,"author":{"gitId":"-"},"content":"","lastModifiedDate":"2020-05-25"},{"lineNumber":9,"author":{"gitId":"-"},"content":"# delete output from previous run","lastModifiedDate":"2020-05-25"},{"lineNumber":10,"author":{"gitId":"-"},"content":"if [ -e \"./ACTUAL.TXT\" ]","lastModifiedDate":"2020-05-25"},{"lineNumber":11,"author":{"gitId":"-"},"content":"then","lastModifiedDate":"2020-05-25"},{"lineNumber":12,"author":{"gitId":"-"},"content":"    rm ACTUAL.TXT","lastModifiedDate":"2020-05-25"},{"lineNumber":13,"author":{"gitId":"-"},"content":"fi","lastModifiedDate":"2020-05-25"},{"lineNumber":14,"author":{"gitId":"-"},"content":"","lastModifiedDate":"2020-05-25"},{"lineNumber":15,"author":{"gitId":"-"},"content":"# compile the code into the bin folder, terminates if error occurred","lastModifiedDate":"2020-05-25"},{"lineNumber":16,"author":{"gitId":"-"},"content":"if ! javac -cp ../src/main/java -Xlint:none -d ../bin ../src/main/java/*.java","lastModifiedDate":"2020-08-25"},{"lineNumber":17,"author":{"gitId":"-"},"content":"then","lastModifiedDate":"2020-05-25"},{"lineNumber":18,"author":{"gitId":"-"},"content":"    echo \"********** BUILD FAILURE **********\"","lastModifiedDate":"2020-05-25"},{"lineNumber":19,"author":{"gitId":"-"},"content":"    exit 1","lastModifiedDate":"2020-05-25"},{"lineNumber":20,"author":{"gitId":"-"},"content":"fi","lastModifiedDate":"2020-05-25"},{"lineNumber":21,"author":{"gitId":"-"},"content":"","lastModifiedDate":"2020-05-25"},{"lineNumber":22,"author":{"gitId":"-"},"content":"# run the program, feed commands from input.txt file and redirect the output to the ACTUAL.TXT","lastModifiedDate":"2020-05-25"},{"lineNumber":23,"author":{"gitId":"zhikaiong2001"},"content":"java -classpath ../bin Atlas \u003c input.txt \u003e ACTUAL.TXT","lastModifiedDate":"2024-01-23"},{"lineNumber":24,"author":{"gitId":"-"},"content":"","lastModifiedDate":"2020-05-25"},{"lineNumber":25,"author":{"gitId":"-"},"content":"# convert to UNIX format","lastModifiedDate":"2020-05-25"},{"lineNumber":26,"author":{"gitId":"-"},"content":"cp EXPECTED.TXT EXPECTED-UNIX.TXT","lastModifiedDate":"2020-05-25"},{"lineNumber":27,"author":{"gitId":"-"},"content":"dos2unix ACTUAL.TXT EXPECTED-UNIX.TXT","lastModifiedDate":"2020-05-25"},{"lineNumber":28,"author":{"gitId":"-"},"content":"","lastModifiedDate":"2020-05-25"},{"lineNumber":29,"author":{"gitId":"-"},"content":"# compare the output to the expected output","lastModifiedDate":"2020-05-25"},{"lineNumber":30,"author":{"gitId":"-"},"content":"diff ACTUAL.TXT EXPECTED-UNIX.TXT","lastModifiedDate":"2020-05-25"},{"lineNumber":31,"author":{"gitId":"-"},"content":"if [ $? -eq 0 ]","lastModifiedDate":"2020-05-25"},{"lineNumber":32,"author":{"gitId":"-"},"content":"then","lastModifiedDate":"2020-05-25"},{"lineNumber":33,"author":{"gitId":"-"},"content":"    echo \"Test result: PASSED\"","lastModifiedDate":"2020-05-25"},{"lineNumber":34,"author":{"gitId":"-"},"content":"    exit 0","lastModifiedDate":"2020-05-25"},{"lineNumber":35,"author":{"gitId":"-"},"content":"else","lastModifiedDate":"2020-05-25"},{"lineNumber":36,"author":{"gitId":"-"},"content":"    echo \"Test result: FAILED\"","lastModifiedDate":"2020-05-25"},{"lineNumber":37,"author":{"gitId":"-"},"content":"    exit 1","lastModifiedDate":"2020-05-25"},{"lineNumber":38,"author":{"gitId":"-"},"content":"fi","lastModifiedDate":"2020-05-25"}],"authorContributionMap":{"-":37,"zhikaiong2001":1}}]
