{"authorDailyContributionsMap":{"yespiggy":[{"date":"2024-01-22","commitResults":[{"hash":"4fa78eba58d472818dd900454e5008f97460ce2a","isMergeCommit":false,"messageTitle":"Rename, Greet, Exit","messageBody":"","tags":["Level-0"],"fileTypesAndContributionMap":{"java":{"insertions":7,"deletions":10}}},{"hash":"411b673704501ac82a152bffcf5fba869aadf358","isMergeCommit":false,"messageTitle":"Level 1: Echo","messageBody":"","tags":["Level-1"],"fileTypesAndContributionMap":{"java":{"insertions":13,"deletions":1}}},{"hash":"49b4ae8f98cc382846e88b08d170d96537de4335","isMergeCommit":false,"messageTitle":"Level-2 Add, List","messageBody":"","tags":["Level-2"],"fileTypesAndContributionMap":{"java":{"insertions":40,"deletions":19}}}]},{"date":"2024-01-23","commitResults":[{"hash":"61f3e98fef5cf1b2c77f47e076a5e11b9b6a8dd5","isMergeCommit":false,"messageTitle":"Level-3 Mark as Done","messageBody":"","tags":["Level-3"],"fileTypesAndContributionMap":{"java":{"insertions":51,"deletions":4}}},{"hash":"183a95467ee2ae578a8ea3f126d5c024eef23dec","isMergeCommit":false,"messageTitle":"Level-4 ToDos, Events, Deadlines","messageBody":"","tags":["Level-4"],"fileTypesAndContributionMap":{"java":{"insertions":84,"deletions":11}}},{"hash":"69232aa6b0c3033789190e7bf6f3642b3624ac2a","isMergeCommit":false,"messageTitle":"A-TextUiTesting: Automated Text UI Testing","messageBody":"","tags":["A-TextUiTesting"],"fileTypesAndContributionMap":{"txt":{"insertions":11,"deletions":0},"java":{"insertions":2,"deletions":2}}}]},{"date":"2024-01-24","commitResults":[{"hash":"d39d0bed849d79237a361cb997daa89ebd5673a9","isMergeCommit":false,"messageTitle":"Level-5 Handle Errors","messageBody":"","tags":["Level-5"],"fileTypesAndContributionMap":{"java":{"insertions":56,"deletions":25}}},{"hash":"b3bddf95d896ec5334c9668e5093a746cb16788d","isMergeCommit":false,"messageTitle":"Level-6 Delete","messageBody":"","tags":["Level-6"],"fileTypesAndContributionMap":{"java":{"insertions":39,"deletions":12}}}]},{"date":"2024-01-30","commitResults":[{"hash":"4d441e1356c1a39291013f47b3cd09de2e75ded2","isMergeCommit":false,"messageTitle":"Level-7 Save to hard disk","messageBody":"","fileTypesAndContributionMap":{"txt":{"insertions":4,"deletions":0},"java":{"insertions":170,"deletions":3}}},{"hash":"4c4239ff63e330eb00f0c3d8a38883ebfe998b5b","isMergeCommit":true,"messageTitle":"Merge branch \u0027branch-Level-7\u0027","messageBody":"","tags":["Level-7"],"fileTypesAndContributionMap":{}},{"hash":"689cc640970a31a81da93ec7971b45afea1cb633","isMergeCommit":false,"messageTitle":"Level-8 Dates and Times","messageBody":"","fileTypesAndContributionMap":{"txt":{"insertions":2,"deletions":2},"java":{"insertions":22,"deletions":6}}},{"hash":"c2b80a78aa4b2c8810f7b87e282725738a848e05","isMergeCommit":true,"messageTitle":"Merge Level-8 to master","messageBody":"","tags":["Level-8"],"fileTypesAndContributionMap":{}}]}]},"authorFileTypeContributionMap":{"yespiggy":{"java":398,"md":0,"fxml":0,"sh":0,"bat":0,"gradle":0,"txt":15}},"authorContributionVariance":{"yespiggy":5569.055},"authorDisplayNameMap":{"yespiggy":"CS2103T-W09-2 YE S..IFAN"}}
