{"authorDailyContributionsMap":{"tahnya":[{"date":"2024-01-25","commitResults":[{"hash":"6bbc001c50a143937255c9df96e5a00c416c8009","isMergeCommit":false,"messageTitle":"Level 0. Rename, Greet, Exit","messageBody":"","tags":["level-0"],"fileTypesAndContributionMap":{"java":{"insertions":12,"deletions":6}}},{"hash":"b38abc331f556a128ae58f573c4675d9041610d0","isMergeCommit":false,"messageTitle":"Level 1. Echo","messageBody":"","tags":["level-1"],"fileTypesAndContributionMap":{"java":{"insertions":15,"deletions":0}}},{"hash":"98e13201fd60782b79fb852e0d3e1469a2904c6d","isMergeCommit":false,"messageTitle":"Level 2. Add, List","messageBody":"","tags":["level-2"],"fileTypesAndContributionMap":{"java":{"insertions":107,"deletions":12}}},{"hash":"9a007772165d92b8510e10e49a5a9a7cfe6d0733","isMergeCommit":false,"messageTitle":"Level 3. Mark as Done","messageBody":"","tags":["level-3"],"fileTypesAndContributionMap":{"java":{"insertions":96,"deletions":28}}},{"hash":"394345b51144e5830c1fbf31414c17b72c93c6d9","isMergeCommit":false,"messageTitle":"Level 4. ToDos, Events, Deadlines","messageBody":"","tags":["level-4"],"fileTypesAndContributionMap":{"java":{"insertions":91,"deletions":12}}},{"hash":"cddc7cdb6f42559c6af1b5c44f0828517a3f4637","isMergeCommit":false,"messageTitle":"Level 5. Handle Errors","messageBody":"","tags":["level-5"],"fileTypesAndContributionMap":{"java":{"insertions":42,"deletions":3}}},{"hash":"e77e9679cc676c49b6d6dcb9c06fda0b0dea4a0f","isMergeCommit":false,"messageTitle":"Level 6. Delete","messageBody":"","tags":["level-6"],"fileTypesAndContributionMap":{"java":{"insertions":49,"deletions":7}}}]},{"date":"2024-01-26","commitResults":[{"hash":"238bdc39eb0949a7047e8b09c5ee7a6dd4056793","isMergeCommit":false,"messageTitle":"Edit delete","messageBody":"","fileTypesAndContributionMap":{"java":{"insertions":35,"deletions":0}}},{"hash":"c4690f5256e653dc34e9c3a7480f4527abe49c48","isMergeCommit":false,"messageTitle":"Edit help","messageBody":"","fileTypesAndContributionMap":{"java":{"insertions":3,"deletions":1}}}]},{"date":"2024-02-01","commitResults":[{"hash":"8812693a2fb78e044f7cb1c61590f76d15c430d6","isMergeCommit":false,"messageTitle":"Fixed delete","messageBody":"","fileTypesAndContributionMap":{"java":{"insertions":64,"deletions":50}}},{"hash":"17350f3a82c87d83cfad515f28f1c14602f866ee","isMergeCommit":false,"messageTitle":"Modify taskList from list to ArrayList","messageBody":"","fileTypesAndContributionMap":{"java":{"insertions":40,"deletions":32}}},{"hash":"879e4249b64deb2bc29f37b58ef5bd49dfa4eed7","isMergeCommit":false,"messageTitle":"Level 7. Save","messageBody":"","tags":["Level-7"],"fileTypesAndContributionMap":{"java":{"insertions":98,"deletions":31}}},{"hash":"733c294a85ce629c22aa43d09d97dce6746bf919","isMergeCommit":false,"messageTitle":"Level 8. Dates and Times","messageBody":"","fileTypesAndContributionMap":{"java":{"insertions":59,"deletions":11}}},{"hash":"916fe85323a6fdce079f1c9b94d56eb2dec49b40","isMergeCommit":false,"messageTitle":"Update dates","messageBody":"","tags":["Level-8"],"fileTypesAndContributionMap":{"java":{"insertions":68,"deletions":11}}},{"hash":"1f6de4d5f83c7d404bbc823c8adb8283e9d5698c","isMergeCommit":true,"messageTitle":"Merge remote-tracking branch \u0027origin/add-gradle-support\u0027","messageBody":"","fileTypesAndContributionMap":{}}]},{"date":"2024-02-08","commitResults":[{"hash":"7c80d9cdcd227c45d255c4a9a9746f53d569321a","isMergeCommit":false,"messageTitle":"Moved Task classes to separate files","messageBody":"","fileTypesAndContributionMap":{"java":{"insertions":161,"deletions":137}}}]},{"date":"2024-02-20","commitResults":[{"hash":"d90f7a1aac3c0ef6ca1a61b74b436e0514504b5d","isMergeCommit":false,"messageTitle":"Split up code into separate files","messageBody":"","tags":["A-MoreOOP"],"fileTypesAndContributionMap":{"txt":{"insertions":0,"deletions":0},"java":{"insertions":799,"deletions":433}}},{"hash":"79ba9aad509fae8e8f1869b6880ffd474b31390a","isMergeCommit":false,"messageTitle":"Added JavaDocs","messageBody":"","tags":["A-JavaDoc"],"fileTypesAndContributionMap":{"java":{"insertions":268,"deletions":38}}},{"hash":"aa7eb4c12eb85808ad2f0268dc41ed23a6137f3d","isMergeCommit":false,"messageTitle":"Add comments","messageBody":"","tags":["A-CodingStandard"],"fileTypesAndContributionMap":{"java":{"insertions":4,"deletions":0}}},{"hash":"56cc92d37b863fe559583f39b5eda2e6b7c6b1ee","isMergeCommit":false,"messageTitle":"Add find","messageBody":"","tags":["Level-9"],"fileTypesAndContributionMap":{"java":{"insertions":28,"deletions":1}}},{"hash":"8652722f6cdeeb6c364d0faa68c8daaafd621b17","isMergeCommit":true,"messageTitle":"Merge tag \u0027Level-9\u0027","messageBody":"","fileTypesAndContributionMap":{}},{"hash":"e4a44aeb7919bc1d4d3f384f8aea404f6dd3ca3e","isMergeCommit":false,"messageTitle":"Fix find","messageBody":"","fileTypesAndContributionMap":{"gradle":{"insertions":3,"deletions":1},"java":{"insertions":63,"deletions":84}}},{"hash":"04fa53ba281c8beed917840c1ba4189823612c6e","isMergeCommit":false,"messageTitle":"Remove commented out code","messageBody":"","fileTypesAndContributionMap":{"gradle":{"insertions":1,"deletions":1},"java":{"insertions":1,"deletions":193}}},{"hash":"854428db2f87054e7fc981af297bdb9259a73dc3","isMergeCommit":false,"messageTitle":"Set up JavaFX","messageBody":"","fileTypesAndContributionMap":{"gradle":{"insertions":16,"deletions":0}}},{"hash":"d1cc593a5cbf1c8ac907a4152da24416f7776fb2","isMergeCommit":false,"messageTitle":"Update TimeManager","messageBody":"","fileTypesAndContributionMap":{"java":{"insertions":8,"deletions":19}}},{"hash":"c621d97ada45dbc45017d3b4481c127ac2c868e0","isMergeCommit":false,"messageTitle":"Create helloWorld GUI","messageBody":"","fileTypesAndContributionMap":{"java":{"insertions":32,"deletions":11}}},{"hash":"1ad0e17e10c41d5c1ac9faf06b4be3f6e15a9124","isMergeCommit":false,"messageTitle":"Update GUI to echo the user","messageBody":"","fileTypesAndContributionMap":{"java":{"insertions":83,"deletions":4}}},{"hash":"a773aac26a7e536f07322682c648255a73913a30","isMergeCommit":false,"messageTitle":"Add Dialog boxes and avatar images","messageBody":"","fileTypesAndContributionMap":{"java":{"insertions":24,"deletions":1}}},{"hash":"5ee731597b1b5ee473b3137a44a445f1ce450b5d","isMergeCommit":false,"messageTitle":"Update dialog box","messageBody":"","fileTypesAndContributionMap":{"java":{"insertions":29,"deletions":4}}},{"hash":"e11ce33daaf0fc398b5ca1257b6bf85366e7b821","isMergeCommit":false,"messageTitle":"Update dialog box to flip the view","messageBody":"","fileTypesAndContributionMap":{"java":{"insertions":30,"deletions":2}}},{"hash":"ef7e3d2c76e97ac09b2b5d98246d0256171279b4","isMergeCommit":false,"messageTitle":"Add dialog box styling","messageBody":"","fileTypesAndContributionMap":{"java":{"insertions":35,"deletions":4}}},{"hash":"d639e2645b1484f6059191ad2d29fec8e36ffbc1","isMergeCommit":false,"messageTitle":"Apply coding standard","messageBody":"","fileTypesAndContributionMap":{"java":{"insertions":26,"deletions":11}}},{"hash":"566b5c21feb5e6dcff07a5df1e58dc3651c5d827","isMergeCommit":false,"messageTitle":"Add JavaDoc to DialogBox","messageBody":"","fileTypesAndContributionMap":{"java":{"insertions":29,"deletions":2}}}]},{"date":"2024-02-21","commitResults":[{"hash":"aa7a680c4964f701ac12b73b8b9a41995c59727c","isMergeCommit":false,"messageTitle":"Update styling and add intro message","messageBody":"","fileTypesAndContributionMap":{"fxml":{"insertions":35,"deletions":0},"java":{"insertions":242,"deletions":117}}},{"hash":"965014f078b5a160034ab3bd02253ddb6c26416b","isMergeCommit":false,"messageTitle":"Use FXML","messageBody":"","fileTypesAndContributionMap":{"java":{"insertions":41,"deletions":223}}},{"hash":"eae0ae8fe74e1c5408968d26fb6eefe1a0421246","isMergeCommit":false,"messageTitle":"Update GUI style","messageBody":"","fileTypesAndContributionMap":{"java":{"insertions":50,"deletions":3}}},{"hash":"856df244af8edd0d3703e232f26f092e4bb2b9b8","isMergeCommit":false,"messageTitle":"Update dialogbox","messageBody":"","fileTypesAndContributionMap":{"java":{"insertions":40,"deletions":9}}},{"hash":"826b9bfbe9ea6c4b3d91ca6afa6989b4d81e8c5a","isMergeCommit":false,"messageTitle":"Update style and command calls","messageBody":"","fileTypesAndContributionMap":{"java":{"insertions":17,"deletions":7}}},{"hash":"b69249c9e7c41a555c149d773333c87ca93847df","isMergeCommit":false,"messageTitle":"Update user commands to show on GUI","messageBody":"","tags":["Level-10"],"fileTypesAndContributionMap":{"java":{"insertions":228,"deletions":167}}},{"hash":"561e031ceada832429f2023610f67d40ce788a21","isMergeCommit":false,"messageTitle":"Generate JAR file","messageBody":"","fileTypesAndContributionMap":{"gradle":{"insertions":1,"deletions":0}}},{"hash":"14484bc4a554858a288739d0b4cdc094e2db970d","isMergeCommit":false,"messageTitle":"Add assertions","messageBody":"Added assertions to places in the code that are assumed to always be true.\n\nIn Parser, it is assumed that the reply returned always has a message from Signal.\n\nIn Ui, it is assumed that the task to add in taskAdded() is not null.\n","tags":["A-FullCommitMessage","A-Assertions"],"fileTypesAndContributionMap":{"java":{"insertions":7,"deletions":7}}},{"hash":"5d20218c8809f2a29ad3614f05963a1f975703e2","isMergeCommit":false,"messageTitle":"Update signalSays","messageBody":"Reduce to one instance of signalSays in the read() method in Parser to show the reply,\ninstead of calling the method in every command function call.\n\nRemoved commented out code\n","fileTypesAndContributionMap":{"java":{"insertions":2,"deletions":23}}},{"hash":"ac61fadfef763ca7e0eacb78829a45f0e10e6e77","isMergeCommit":false,"messageTitle":"Update find command","messageBody":"commandFind throws DukeException when user inputs \u0027find\u0027 with no keyword\n","tags":["A-CodeQuality"],"fileTypesAndContributionMap":{"java":{"insertions":24,"deletions":5}}},{"hash":"b701c7af1733270dc8f0a63e541d809802139ce3","isMergeCommit":true,"messageTitle":"Merge pull request #2 from tahnya/branch-A-Assertions","messageBody":"Add assertions","fileTypesAndContributionMap":{}},{"hash":"efa6839ee1a7c16266d12df557275fb94faa244d","isMergeCommit":true,"messageTitle":"Merge branch \u0027master\u0027 into branch-A-CodeQuality","messageBody":"","fileTypesAndContributionMap":{}},{"hash":"e85efebaec11ca52af076254aadebe87a692c0f6","isMergeCommit":true,"messageTitle":"Merge pull request #3 from tahnya/branch-A-CodeQuality","messageBody":"Edit code quality","fileTypesAndContributionMap":{}}]},{"date":"2024-02-22","commitResults":[{"hash":"465bd6c18ce9987be94849c869f036988edb6639","isMergeCommit":false,"messageTitle":"Update textbox style","messageBody":"Make width of text box responsive to width of text up to\na maximum width of 260px\n\nSet minimum height of text to negative infinity to prevent\ncut off of text\n","fileTypesAndContributionMap":{"java":{"insertions":7,"deletions":2}}},{"hash":"5e4c11020be6f3fcf67b97ec59d62dfec33c852f","isMergeCommit":false,"messageTitle":"Update style","messageBody":"Changed max width of textbox\n\nPrints intro message\n","fileTypesAndContributionMap":{"java":{"insertions":3,"deletions":2}}},{"hash":"3aacddfd3c772b188eaa1246485541071ac05c19","isMergeCommit":false,"messageTitle":"Add prioritise, unprioritise, prioritylist and notdonelist","messageBody":"Add isPriority variable to Task.\n\nEdit parser to parse new commands above.\n\nAdd methods to Ui to set priority of tasks, return the list of\nprioritised tasks and return list of tasks not done yet.\n","tags":["BCD-Extension"],"fileTypesAndContributionMap":{"java":{"insertions":114,"deletions":9}}},{"hash":"f03d4a4c61170db6a699f7e447e4c752b49087c1","isMergeCommit":false,"messageTitle":"Update help function","messageBody":"","fileTypesAndContributionMap":{"java":{"insertions":4,"deletions":0}}},{"hash":"21bb6f5c42abb975aeb0f81e3c5978d68e99c37a","isMergeCommit":false,"messageTitle":"Update README.md","messageBody":"","fileTypesAndContributionMap":{"md":{"insertions":26,"deletions":20}}},{"hash":"b26e4e8c86529ec3d1eeb2712506bd8310b1e432","isMergeCommit":true,"messageTitle":"Merge branch \u0027master\u0027 of https://github.com/tahnya/ip","messageBody":"","fileTypesAndContributionMap":{}},{"hash":"730aed12acf9edea0c7ebb4f2b4b56eaf6f8591d","isMergeCommit":false,"messageTitle":"Edit README.md","messageBody":"","fileTypesAndContributionMap":{"md":{"insertions":4,"deletions":4}}},{"hash":"feefe00e8531afd2920eba3dde95b3af7a72fd74","isMergeCommit":false,"messageTitle":"Update README.md","messageBody":"","fileTypesAndContributionMap":{"md":{"insertions":6,"deletions":7}}},{"hash":"2a83bfe68b0cd79d310e57d56b7f81323dc4d8be","isMergeCommit":false,"messageTitle":"Change displayPicture size","messageBody":"","tags":["A-Personality","A-Gradle","A-BetterGui"],"fileTypesAndContributionMap":{"java":{"insertions":4,"deletions":4}}},{"hash":"68adef6e6fea5e0bc65db11f72c13b5d674b33b5","isMergeCommit":false,"messageTitle":"Make window resizeable","messageBody":"","fileTypesAndContributionMap":{"java":{"insertions":1,"deletions":0}}}]}]},"authorFileTypeContributionMap":{"tahnya":{"java":1474,"md":25,"fxml":35,"sh":0,"bat":0,"gradle":20,"txt":0}},"authorContributionVariance":{"tahnya":190043.58},"authorDisplayNameMap":{"tahnya":"CS2103T-F14-4 NEO ..HNYA"}}
