{"authorDailyContributionsMap":{"taeewonnn":[{"date":"2024-01-21","commitResults":[{"hash":"d31a045d08b577f734d97fa37a204573109d5c5e","isMergeCommit":false,"messageTitle":"Renamed, greeted and exited the chat","messageBody":"","tags":["level-0"],"fileTypesAndContributionMap":{"java":{"insertions":2,"deletions":6}}},{"hash":"dfa26a9793c3c55370cf39e9aee90ea5fb7c5ce6","isMergeCommit":false,"messageTitle":"Chatbot is able to echo the command the user is typing in","messageBody":"","tags":["level-1"],"fileTypesAndContributionMap":{"java":{"insertions":12,"deletions":0}}}]},{"date":"2024-01-22","commitResults":[{"hash":"0516102222ef9799c9e9a18e6c1d07d2a85ebf3f","isMergeCommit":false,"messageTitle":"Made a parsing class so that it can take in inputs and process them as individual commands","messageBody":"","fileTypesAndContributionMap":{"java":{"insertions":29,"deletions":0}}},{"hash":"8cbc4e648c2df2c0493339940756718ee12bb974","isMergeCommit":false,"messageTitle":"Task class with a taskList collection to hold the task objects, with necessary functionalities present. Duke class able to run with the parsing class and create a list of tasks to do","messageBody":"","tags":["level-2"],"fileTypesAndContributionMap":{"java":{"insertions":51,"deletions":13}}},{"hash":"d4eb4a76dcbc5487b0ee2afec8cad33c656246a0","isMergeCommit":false,"messageTitle":"Command class to process the input information and use the right functionality. Parsing class making use of Command objects instead of having manual operation with while loop","messageBody":"","fileTypesAndContributionMap":{"java":{"insertions":36,"deletions":6}}},{"hash":"fdfc58835cb4240b779da7a928b927ad32b1274e","isMergeCommit":false,"messageTitle":"Task object has boolean status done. Tasklist with mark and unmark functionality and command class bug fixed. Duke updated with exiting system.","messageBody":"","tags":["level-3"],"fileTypesAndContributionMap":{"java":{"insertions":38,"deletions":8}}},{"hash":"984ee700714547d6a71c29aa356563be781dbfaa","isMergeCommit":false,"messageTitle":"todo, deadline, event class extending from task class with date and time stored as string for now. parsing class renamed as processor class","messageBody":"","fileTypesAndContributionMap":{"java":{"insertions":46,"deletions":2}}},{"hash":"5ca01ca74b13bbf27e5d429d6d84e9a5ccc457f4","isMergeCommit":false,"messageTitle":"Command is now able to recognise to, deadline and event keywords. tasklist functionalities modified to display task numbers","messageBody":"","tags":["level-4"],"fileTypesAndContributionMap":{"java":{"insertions":31,"deletions":4}}}]},{"date":"2024-01-24","commitResults":[{"hash":"d9ffb644a8ee9ab5a4d72528ad1f7d63eacbf871","isMergeCommit":false,"messageTitle":"A-TextUiTesting. Test using the I/O redirection technique","messageBody":"","tags":["A-TextUiTesting"],"fileTypesAndContributionMap":{"txt":{"insertions":8,"deletions":0}}},{"hash":"597a4708a33e6af4344390a4039b1e9597c55d90","isMergeCommit":false,"messageTitle":"Created DukeException class. Processor class not in use.","messageBody":"","fileTypesAndContributionMap":{"java":{"insertions":56,"deletions":26}}},{"hash":"9e7540529558c00bad4e9ea275b0b7cec3fbbe42","isMergeCommit":false,"messageTitle":"handling errors","messageBody":"","tags":["level-5"],"fileTypesAndContributionMap":{"java":{"insertions":52,"deletions":43}}},{"hash":"a212dd11eb73312a74499ec3534eec4db2ae8d63","isMergeCommit":false,"messageTitle":"delete task","messageBody":"","tags":["level-6"],"fileTypesAndContributionMap":{"java":{"insertions":11,"deletions":1}}}]},{"date":"2024-01-26","commitResults":[{"hash":"8ea03dae0595d262d9727f5422050cfc20e66c4f","isMergeCommit":false,"messageTitle":"Delete Processor.java Duke.java: Change indentations Command.java: Change indentations taskList.java: Change indentations","messageBody":"","fileTypesAndContributionMap":{"java":{"insertions":43,"deletions":83}}}]},{"date":"2024-01-27","commitResults":[{"hash":"cd25fc73aaea2dc19908ab4ed81ff37fba028573","isMergeCommit":false,"messageTitle":"Add save function","messageBody":"","fileTypesAndContributionMap":{"txt":{"insertions":4,"deletions":0},"java":{"insertions":130,"deletions":13}}},{"hash":"3f8b2c1c6465cf5035804e54852b83655ed3db46","isMergeCommit":false,"messageTitle":"Add text variation","messageBody":"","fileTypesAndContributionMap":{"java":{"insertions":1,"deletions":1}}},{"hash":"027adc981f82c7c2f96e7e227da64406ce198609","isMergeCommit":true,"messageTitle":"Merge branch \u0027branch-Level-7\u0027","messageBody":"","tags":["level-7"],"fileTypesAndContributionMap":{}}]},{"date":"2024-01-28","commitResults":[{"hash":"6728ce9961508d27eb0443b9cd01b67d68363a60","isMergeCommit":false,"messageTitle":"Add text variation","messageBody":"","fileTypesAndContributionMap":{"java":{"insertions":1,"deletions":1}}},{"hash":"f0475a646ce830bdafa9914c17b6d36895b342c6","isMergeCommit":false,"messageTitle":"Add Date to Deadline class","messageBody":"","fileTypesAndContributionMap":{"java":{"insertions":23,"deletions":10}}},{"hash":"e98db18f7bb6f293d6b991abccda27f110de91dc","isMergeCommit":true,"messageTitle":"Merge branch \u0027branch-Level-8\u0027","messageBody":"","tags":["level-8"],"fileTypesAndContributionMap":{}}]},{"date":"2024-01-30","commitResults":[{"hash":"0262e78c85f128725164399bdffcb199fe64b0f4","isMergeCommit":false,"messageTitle":"Add Ui, Storage, Parser","messageBody":"Delete Command.java\n\nRename taskList.java\n","fileTypesAndContributionMap":{"java":{"insertions":204,"deletions":154}}},{"hash":"dceb8bf6135d45681af80f146f8a22328920de0d","isMergeCommit":false,"messageTitle":"Add text variations","messageBody":"","fileTypesAndContributionMap":{"java":{"insertions":1,"deletions":1}}},{"hash":"ff73d3e562a68e9edb0c2acff22b2c16f643af32","isMergeCommit":true,"messageTitle":"Merge branch \u0027branch-A-MoreOOP\u0027","messageBody":"# Conflicts:\n#\tsrc/main/java/Duke.java\n\nDelete Duke.java previous main functions\n","tags":["A-MoreOOP"],"fileTypesAndContributionMap":{}},{"hash":"5d3fd90491c71b4d1a4adb8436f53f4976ada5bf","isMergeCommit":false,"messageTitle":"A-Packages","messageBody":"","fileTypesAndContributionMap":{"java":{"insertions":28,"deletions":19},"bat":{"insertions":1,"deletions":1},"md":{"insertions":2,"deletions":2}}},{"hash":"0a9c9d6b8db784db11dcd73337580f98509becd5","isMergeCommit":false,"messageTitle":"Add duke.txt","messageBody":"Show tasks are getting stored in file\n","fileTypesAndContributionMap":{"txt":{"insertions":3,"deletions":3}}},{"hash":"aeb3c68a7fab266738e9d51bd83b81fc20a701a2","isMergeCommit":true,"messageTitle":"Merge branch \u0027A-Packages\u0027","messageBody":"","tags":["A-Packages"],"fileTypesAndContributionMap":{}},{"hash":"ad985d480f43bbac2737fd896c7713634a17f1dd","isMergeCommit":false,"messageTitle":"Fix import statements","messageBody":"Import statements are written down with *.\n\nThis is a bad way to import.\n\nLet\u0027s change it to individual imports\n","fileTypesAndContributionMap":{"java":{"insertions":10,"deletions":6}}}]},{"date":"2024-02-01","commitResults":[{"hash":"37b65f3e8623a1884fc1d5caa22c4d6d8a7d7db7","isMergeCommit":false,"messageTitle":"Add temp.txt","messageBody":"Debugging process\n","fileTypesAndContributionMap":{"txt":{"insertions":2,"deletions":3},"java":{"insertions":1,"deletions":1}}},{"hash":"54c2d087d8bb7eecaf462082ef626f4cb5df7fa9","isMergeCommit":true,"messageTitle":"Merge branch \u0027add-gradle-support\u0027","messageBody":"","fileTypesAndContributionMap":{}},{"hash":"75d1026a722826fda01e535a713c979f570612b0","isMergeCommit":false,"messageTitle":"Add gradle support","messageBody":"Build.gradle application was refering to a package seedu that was non existent. Change it to duke.Duke from seedu.duke.Duke\n\nUpdate duke.txt\n","tags":["A-gradle"],"fileTypesAndContributionMap":{"gradle":{"insertions":1,"deletions":1},"txt":{"insertions":1,"deletions":0}}},{"hash":"c5d30e5fb1911a06e3c6817450189863c2769b51","isMergeCommit":false,"messageTitle":"Overwrite temp.txt","messageBody":"Merge commit\n","fileTypesAndContributionMap":{"txt":{"insertions":1,"deletions":0}}},{"hash":"bc9eaaa18a280ad3f708d86b09de414fdf4dc487","isMergeCommit":true,"messageTitle":"Merge tag \u0027A-Gradle\u0027","messageBody":"","fileTypesAndContributionMap":{}}]}]},"authorFileTypeContributionMap":{"taeewonnn":{"java":415,"md":2,"fxml":0,"sh":0,"bat":1,"gradle":1,"txt":13}},"authorContributionVariance":{"taeewonnn":16303.943},"authorDisplayNameMap":{"taeewonnn":"CS2103T-T10-3 HAN .. WON"}}
