{"authorDailyContributionsMap":{"taeewonnn":[{"date":"2024-01-21","commitResults":[{"hash":"d31a045d08b577f734d97fa37a204573109d5c5e","isMergeCommit":false,"messageTitle":"Renamed, greeted and exited the chat","messageBody":"","tags":["level-0"],"fileTypesAndContributionMap":{"java":{"insertions":2,"deletions":6}}},{"hash":"dfa26a9793c3c55370cf39e9aee90ea5fb7c5ce6","isMergeCommit":false,"messageTitle":"Chatbot is able to echo the command the user is typing in","messageBody":"","tags":["level-1"],"fileTypesAndContributionMap":{"java":{"insertions":12,"deletions":0}}}]},{"date":"2024-01-22","commitResults":[{"hash":"0516102222ef9799c9e9a18e6c1d07d2a85ebf3f","isMergeCommit":false,"messageTitle":"Made a parsing class so that it can take in inputs and process them as individual commands","messageBody":"","fileTypesAndContributionMap":{"java":{"insertions":29,"deletions":0}}},{"hash":"8cbc4e648c2df2c0493339940756718ee12bb974","isMergeCommit":false,"messageTitle":"Task class with a taskList collection to hold the task objects, with necessary functionalities present. Duke class able to run with the parsing class and create a list of tasks to do","messageBody":"","tags":["level-2"],"fileTypesAndContributionMap":{"java":{"insertions":51,"deletions":13}}},{"hash":"d4eb4a76dcbc5487b0ee2afec8cad33c656246a0","isMergeCommit":false,"messageTitle":"Command class to process the input information and use the right functionality. Parsing class making use of Command objects instead of having manual operation with while loop","messageBody":"","fileTypesAndContributionMap":{"java":{"insertions":36,"deletions":6}}},{"hash":"fdfc58835cb4240b779da7a928b927ad32b1274e","isMergeCommit":false,"messageTitle":"Task object has boolean status done. Tasklist with mark and unmark functionality and command class bug fixed. Duke updated with exiting system.","messageBody":"","tags":["level-3"],"fileTypesAndContributionMap":{"java":{"insertions":38,"deletions":8}}},{"hash":"984ee700714547d6a71c29aa356563be781dbfaa","isMergeCommit":false,"messageTitle":"todo, deadline, event class extending from task class with date and time stored as string for now. parsing class renamed as processor class","messageBody":"","fileTypesAndContributionMap":{"java":{"insertions":46,"deletions":2}}},{"hash":"5ca01ca74b13bbf27e5d429d6d84e9a5ccc457f4","isMergeCommit":false,"messageTitle":"Command is now able to recognise to, deadline and event keywords. tasklist functionalities modified to display task numbers","messageBody":"","tags":["level-4"],"fileTypesAndContributionMap":{"java":{"insertions":31,"deletions":4}}}]},{"date":"2024-01-24","commitResults":[{"hash":"d9ffb644a8ee9ab5a4d72528ad1f7d63eacbf871","isMergeCommit":false,"messageTitle":"A-TextUiTesting. Test using the I/O redirection technique","messageBody":"","tags":["A-TextUiTesting"],"fileTypesAndContributionMap":{"txt":{"insertions":8,"deletions":0}}},{"hash":"597a4708a33e6af4344390a4039b1e9597c55d90","isMergeCommit":false,"messageTitle":"Created DukeException class. Processor class not in use.","messageBody":"","fileTypesAndContributionMap":{"java":{"insertions":56,"deletions":26}}},{"hash":"9e7540529558c00bad4e9ea275b0b7cec3fbbe42","isMergeCommit":false,"messageTitle":"handling errors","messageBody":"","tags":["level-5"],"fileTypesAndContributionMap":{"java":{"insertions":52,"deletions":43}}},{"hash":"a212dd11eb73312a74499ec3534eec4db2ae8d63","isMergeCommit":false,"messageTitle":"delete task","messageBody":"","tags":["level-6"],"fileTypesAndContributionMap":{"java":{"insertions":11,"deletions":1}}}]},{"date":"2024-01-26","commitResults":[{"hash":"8ea03dae0595d262d9727f5422050cfc20e66c4f","isMergeCommit":false,"messageTitle":"Delete Processor.java Duke.java: Change indentations Command.java: Change indentations taskList.java: Change indentations","messageBody":"","fileTypesAndContributionMap":{"java":{"insertions":43,"deletions":83}}}]}]},"authorFileTypeContributionMap":{"taeewonnn":{"java":221,"md":0,"fxml":0,"sh":0,"bat":0,"gradle":0,"txt":8}},"authorContributionVariance":{"taeewonnn":9840.609},"authorDisplayNameMap":{"taeewonnn":"HAN .. WON"}}
