{"authorDailyContributionsMap":{"redcolorbicycle":[{"date":"2024-01-21","commitResults":[{"hash":"a471b799b42cfd8ed314635f7957990ede6bb0e2","isMergeCommit":false,"messageTitle":"Level 0 Rename","messageBody":"","tags":["Level-1"],"fileTypesAndContributionMap":{"java":{"insertions":2,"deletions":6}}},{"hash":"360af882aadde15be0c5681f4bc15a966b3e6496","isMergeCommit":false,"messageTitle":"Level 1 Echo","messageBody":"","tags":["Level-2"],"fileTypesAndContributionMap":{"java":{"insertions":14,"deletions":1}}}]},{"date":"2024-01-22","commitResults":[{"hash":"873bce7a5a8abf6ec81cc4d76d0d794719f34528","isMergeCommit":false,"messageTitle":"Level 2 Add, List","messageBody":"","fileTypesAndContributionMap":{"java":{"insertions":9,"deletions":3}}},{"hash":"08013b1330ad2d2568bfbed8ee1e082880c8c10d","isMergeCommit":false,"messageTitle":"Task class shell","messageBody":"","fileTypesAndContributionMap":{"java":{"insertions":2,"deletions":0}}},{"hash":"97caac60e7aa7583cda5200a3406f43c953cffb4","isMergeCommit":false,"messageTitle":"Level 3 Mark/Unmark","messageBody":"","tags":["Level-3"],"fileTypesAndContributionMap":{"java":{"insertions":46,"deletions":7}}},{"hash":"678f3ca273c8863095278dc78e9523787cb96b2e","isMergeCommit":false,"messageTitle":"Level 3 Mark/Unmark","messageBody":"","tags":["Level-4"],"fileTypesAndContributionMap":{"java":{"insertions":44,"deletions":21}}},{"hash":"4580b5c199e71cfdb35e71603f7f757d20842800","isMergeCommit":false,"messageTitle":"Level 4 Todo Event Deadline","messageBody":"","tags":["A-TextUiTesting"],"fileTypesAndContributionMap":{"java":{"insertions":90,"deletions":13}}},{"hash":"d91bf9e02ee9b77ce0b13cc2cf7f09b1bfd7a5dc","isMergeCommit":false,"messageTitle":"A-TextUiTesting","messageBody":"","tags":["Level-5"],"fileTypesAndContributionMap":{"txt":{"insertions":12,"deletions":0},"java":{"insertions":19,"deletions":8},"bat":{"insertions":2,"deletions":2}}},{"hash":"3ea68dfb7c0dd76ca631d3ae26776be15e360dad","isMergeCommit":false,"messageTitle":"Handle basic errors","messageBody":"","tags":["Level-6"],"fileTypesAndContributionMap":{"java":{"insertions":35,"deletions":10},"bat":{"insertions":1,"deletions":1}}},{"hash":"50a0a9557c15b37a42b429e0753dc5b0d841aaa9","isMergeCommit":false,"messageTitle":"Deleting","messageBody":"","fileTypesAndContributionMap":{"java":{"insertions":10,"deletions":4}}}]},{"date":"2024-01-29","commitResults":[{"hash":"8289a4b91fbe239d60a91f2c394a887938792307","isMergeCommit":false,"messageTitle":"halfway through level 7","messageBody":"","fileTypesAndContributionMap":{"java":{"insertions":216,"deletions":29}}},{"hash":"fbcf287752b4da7ff6b865a45809300985802858","isMergeCommit":false,"messageTitle":"halfway through level 7","messageBody":"","fileTypesAndContributionMap":{"java":{"insertions":65,"deletions":49}}}]},{"date":"2024-01-30","commitResults":[{"hash":"973dfee12fc41e6aec58538ef5c60caab9f785b6","isMergeCommit":false,"messageTitle":"halfway through level 7","messageBody":"","fileTypesAndContributionMap":{"java":{"insertions":185,"deletions":61}}},{"hash":"cf626ddc3c83ef3b67ef6c120cab8e1e95d2eb66","isMergeCommit":false,"messageTitle":"halfway through level 8","messageBody":"","fileTypesAndContributionMap":{"java":{"insertions":32,"deletions":29}}},{"hash":"18e6535519796749934858f8dd26962d27309d54","isMergeCommit":true,"messageTitle":"Merge branch \u0027branch-level-7\u0027","messageBody":"","tags":["Level-7"],"fileTypesAndContributionMap":{}},{"hash":"ecca752f7c86f0e1902c535c4f15f3740838b9c6","isMergeCommit":false,"messageTitle":"Level 8","messageBody":"","fileTypesAndContributionMap":{"java":{"insertions":9,"deletions":25}}},{"hash":"9539d8aa98f4a258b4ab33bfb8b4e2eab142c3f1","isMergeCommit":true,"messageTitle":"Merge branch \u0027branch-Level-8\u0027","messageBody":"","tags":["Level-8"],"fileTypesAndContributionMap":{}},{"hash":"d683b654fabf21bae3944c6fd0bd7bcfd869b7a2","isMergeCommit":false,"messageTitle":"A-MoreOOP","messageBody":"","fileTypesAndContributionMap":{"java":{"insertions":1,"deletions":1}}},{"hash":"ff90a3c56a07faa60a77405dbdf3f3bb24abf2bd","isMergeCommit":false,"messageTitle":"A-MoreOOP","messageBody":"","tags":["A-MoreOOP"],"fileTypesAndContributionMap":{"java":{"insertions":1,"deletions":1}}},{"hash":"4efee65e11a007dd70a039fda49aa0695ce5f9e8","isMergeCommit":false,"messageTitle":"A-Packages","messageBody":"","tags":["A-Packages"],"fileTypesAndContributionMap":{"java":{"insertions":29,"deletions":8}}},{"hash":"a789b5196629a23461de565f58448ca7416d5211","isMergeCommit":true,"messageTitle":"Merge remote-tracking branch \u0027origin/add-gradle-support\u0027","messageBody":"","tags":["A-Gradle"],"fileTypesAndContributionMap":{}},{"hash":"24ebbabcbce627e0f36fb0c7bc694fc77e1ad223","isMergeCommit":false,"messageTitle":"A-Gradle","messageBody":"","tags":["A-JUnit"],"fileTypesAndContributionMap":{"java":{"insertions":6,"deletions":6}}}]},{"date":"2024-01-31","commitResults":[{"hash":"9133df00905ae407ae4c59944813e10f8b277fe4","isMergeCommit":false,"messageTitle":"A-JUnit","messageBody":"","tags":["Level-9","A-JavaDoc","A-Jar"],"fileTypesAndContributionMap":{"gradle":{"insertions":2,"deletions":1},"txt":{"insertions":0,"deletions":0},"java":{"insertions":39,"deletions":2},"md":{"insertions":2,"deletions":2}}}]},{"date":"2024-02-01","commitResults":[{"hash":"0c215309ad6c63902ed512e44f032faf046b9a0f","isMergeCommit":false,"messageTitle":"A-JavaDoc","messageBody":"","fileTypesAndContributionMap":{"java":{"insertions":392,"deletions":76}}},{"hash":"325ab0206f7d9d217ac840755f80c7ff2039c985","isMergeCommit":false,"messageTitle":"branch-A-JavaDoc","messageBody":"","fileTypesAndContributionMap":{"java":{"insertions":0,"deletions":0}}},{"hash":"9381f07b6fa11027213f3aa84ff4563646a9b730","isMergeCommit":false,"messageTitle":"A-JavaDoc","messageBody":"","tags":["A-CodingStandard"],"fileTypesAndContributionMap":{"java":{"insertions":11,"deletions":17},"md":{"insertions":3,"deletions":3}}},{"hash":"e54b4ea51b9ce688bc7c967e3a2a3000f090f36e","isMergeCommit":false,"messageTitle":"A-CodingStandard","messageBody":"","fileTypesAndContributionMap":{"java":{"insertions":32,"deletions":32}}}]},{"date":"2024-02-02","commitResults":[{"hash":"dd018ff10afe5fad60b30a821aa8d8cbc48c2120","isMergeCommit":false,"messageTitle":"Level-9","messageBody":"","fileTypesAndContributionMap":{"java":{"insertions":21,"deletions":1}}},{"hash":"2e49e02b1342d74ebc52a5a5bc82d1ea9ebfce19","isMergeCommit":true,"messageTitle":"Resolved conflicts","messageBody":"","fileTypesAndContributionMap":{}},{"hash":"cf36601498ab00230f5ad4fcc1b3ec03fe3d5dbd","isMergeCommit":false,"messageTitle":"Resolved conflicts","messageBody":"","tags":["branch-Level-10","Level-10"],"fileTypesAndContributionMap":{"java":{"insertions":4,"deletions":9}}}]}]},"authorFileTypeContributionMap":{"redcolorbicycle":{"java":910,"md":3,"fxml":0,"sh":0,"bat":1,"gradle":2,"txt":12}},"authorContributionVariance":{"redcolorbicycle":34400.37},"authorDisplayNameMap":{"redcolorbicycle":"CS2103-F09-1 LIU ..YANG"}}
