[{"path":"build.gradle","fileType":"gradle","lines":[{"lineNumber":1,"author":{"gitId":"-"},"content":"plugins {","lastModifiedDate":"2020-05-25"},{"lineNumber":2,"author":{"gitId":"-"},"content":"    id \u0027java\u0027","lastModifiedDate":"2020-05-25"},{"lineNumber":3,"author":{"gitId":"-"},"content":"    id \u0027application\u0027","lastModifiedDate":"2020-05-25"},{"lineNumber":4,"author":{"gitId":"-"},"content":"    id \u0027com.github.johnrengelman.shadow\u0027 version \u00277.1.2\u0027","lastModifiedDate":"2023-08-05"},{"lineNumber":5,"author":{"gitId":"Jolonauh"},"content":"    id \u0027checkstyle\u0027","lastModifiedDate":"2024-02-07"},{"lineNumber":6,"author":{"gitId":"-"},"content":"}","lastModifiedDate":"2020-05-25"},{"lineNumber":7,"author":{"gitId":"-"},"content":"","lastModifiedDate":"2020-05-25"},{"lineNumber":8,"author":{"gitId":"-"},"content":"repositories {","lastModifiedDate":"2020-05-25"},{"lineNumber":9,"author":{"gitId":"-"},"content":"    mavenCentral()","lastModifiedDate":"2020-05-25"},{"lineNumber":10,"author":{"gitId":"-"},"content":"}","lastModifiedDate":"2020-05-25"},{"lineNumber":11,"author":{"gitId":"-"},"content":"","lastModifiedDate":"2020-05-25"},{"lineNumber":12,"author":{"gitId":"-"},"content":"dependencies {","lastModifiedDate":"2020-05-25"},{"lineNumber":13,"author":{"gitId":"-"},"content":"    testImplementation group: \u0027org.junit.jupiter\u0027, name: \u0027junit-jupiter-api\u0027, version: \u00275.10.0\u0027","lastModifiedDate":"2023-08-05"},{"lineNumber":14,"author":{"gitId":"-"},"content":"    testRuntimeOnly group: \u0027org.junit.jupiter\u0027, name: \u0027junit-jupiter-engine\u0027, version: \u00275.10.0\u0027","lastModifiedDate":"2023-08-05"},{"lineNumber":15,"author":{"gitId":"-"},"content":"}","lastModifiedDate":"2020-05-25"},{"lineNumber":16,"author":{"gitId":"-"},"content":"","lastModifiedDate":"2020-05-25"},{"lineNumber":17,"author":{"gitId":"-"},"content":"test {","lastModifiedDate":"2020-05-25"},{"lineNumber":18,"author":{"gitId":"-"},"content":"    useJUnitPlatform()","lastModifiedDate":"2020-05-25"},{"lineNumber":19,"author":{"gitId":"-"},"content":"","lastModifiedDate":"2020-05-25"},{"lineNumber":20,"author":{"gitId":"-"},"content":"    testLogging {","lastModifiedDate":"2020-05-25"},{"lineNumber":21,"author":{"gitId":"-"},"content":"        events \"passed\", \"skipped\", \"failed\"","lastModifiedDate":"2020-05-25"},{"lineNumber":22,"author":{"gitId":"-"},"content":"","lastModifiedDate":"2020-05-25"},{"lineNumber":23,"author":{"gitId":"-"},"content":"        showExceptions true","lastModifiedDate":"2020-05-25"},{"lineNumber":24,"author":{"gitId":"-"},"content":"        exceptionFormat \"full\"","lastModifiedDate":"2020-05-25"},{"lineNumber":25,"author":{"gitId":"-"},"content":"        showCauses true","lastModifiedDate":"2020-05-25"},{"lineNumber":26,"author":{"gitId":"-"},"content":"        showStackTraces true","lastModifiedDate":"2020-05-25"},{"lineNumber":27,"author":{"gitId":"-"},"content":"        showStandardStreams \u003d false","lastModifiedDate":"2020-05-25"},{"lineNumber":28,"author":{"gitId":"-"},"content":"    }","lastModifiedDate":"2020-05-25"},{"lineNumber":29,"author":{"gitId":"-"},"content":"}","lastModifiedDate":"2020-05-25"},{"lineNumber":30,"author":{"gitId":"-"},"content":"","lastModifiedDate":"2020-05-25"},{"lineNumber":31,"author":{"gitId":"-"},"content":"application {","lastModifiedDate":"2020-05-25"},{"lineNumber":32,"author":{"gitId":"Jolonauh"},"content":"    mainClass.set(\"duke.Duke\")","lastModifiedDate":"2024-02-07"},{"lineNumber":33,"author":{"gitId":"-"},"content":"}","lastModifiedDate":"2020-05-25"},{"lineNumber":34,"author":{"gitId":"-"},"content":"","lastModifiedDate":"2020-05-25"},{"lineNumber":35,"author":{"gitId":"-"},"content":"shadowJar {","lastModifiedDate":"2020-05-25"},{"lineNumber":36,"author":{"gitId":"-"},"content":"    archiveBaseName \u003d \"duke\"","lastModifiedDate":"2020-05-25"},{"lineNumber":37,"author":{"gitId":"-"},"content":"    archiveClassifier \u003d null","lastModifiedDate":"2020-05-25"},{"lineNumber":38,"author":{"gitId":"-"},"content":"    dependsOn(\"distZip\", \"distTar\")","lastModifiedDate":"2023-08-05"},{"lineNumber":39,"author":{"gitId":"-"},"content":"}","lastModifiedDate":"2020-05-25"},{"lineNumber":40,"author":{"gitId":"-"},"content":"","lastModifiedDate":"2020-05-25"},{"lineNumber":41,"author":{"gitId":"-"},"content":"run {","lastModifiedDate":"2020-05-25"},{"lineNumber":42,"author":{"gitId":"-"},"content":"    standardInput \u003d System.in","lastModifiedDate":"2020-05-25"},{"lineNumber":43,"author":{"gitId":"-"},"content":"}","lastModifiedDate":"2020-05-25"},{"lineNumber":44,"author":{"gitId":"Jolonauh"},"content":"","lastModifiedDate":"2024-02-07"},{"lineNumber":45,"author":{"gitId":"Jolonauh"},"content":"checkstyle {","lastModifiedDate":"2024-02-07"},{"lineNumber":46,"author":{"gitId":"Jolonauh"},"content":"    toolVersion \u003d \u002710.2\u0027","lastModifiedDate":"2024-02-07"},{"lineNumber":47,"author":{"gitId":"Jolonauh"},"content":"}","lastModifiedDate":"2024-02-07"}],"authorContributionMap":{"Jolonauh":6,"-":41}},{"path":"data/tasks.txt","fileType":"txt","lines":[{"lineNumber":1,"author":{"gitId":"Jolonauh"},"content":"T,false,a","lastModifiedDate":"2024-02-06"},{"lineNumber":2,"author":{"gitId":"Jolonauh"},"content":"T,false,minecraft speedrun","lastModifiedDate":"2024-02-07"},{"lineNumber":3,"author":{"gitId":"Jolonauh"},"content":"T,false,myhomework","lastModifiedDate":"2024-02-07"}],"authorContributionMap":{"Jolonauh":3}},{"path":"src/main/java/duke/Duke.java","fileType":"java","lines":[{"lineNumber":1,"author":{"gitId":"Jolonauh"},"content":"package duke;","lastModifiedDate":"2024-02-06"},{"lineNumber":2,"author":{"gitId":"Jolonauh"},"content":"","lastModifiedDate":"2024-02-06"},{"lineNumber":3,"author":{"gitId":"Jolonauh"},"content":"import duke.exceptions.DukeException;","lastModifiedDate":"2024-02-06"},{"lineNumber":4,"author":{"gitId":"Jolonauh"},"content":"import duke.dataprocessing.CommandParser;","lastModifiedDate":"2024-02-06"},{"lineNumber":5,"author":{"gitId":"Jolonauh"},"content":"import duke.storage.Storage;","lastModifiedDate":"2024-02-06"},{"lineNumber":6,"author":{"gitId":"Jolonauh"},"content":"import duke.ui.Ui;","lastModifiedDate":"2024-02-06"},{"lineNumber":7,"author":{"gitId":"Jolonauh"},"content":"import duke.commands.Command;","lastModifiedDate":"2024-02-06"},{"lineNumber":8,"author":{"gitId":"Jolonauh"},"content":"import duke.storage.TaskList;","lastModifiedDate":"2024-02-06"},{"lineNumber":9,"author":{"gitId":"Jolonauh"},"content":"","lastModifiedDate":"2024-02-06"},{"lineNumber":10,"author":{"gitId":"Jolonauh"},"content":"public class Duke {","lastModifiedDate":"2024-02-06"},{"lineNumber":11,"author":{"gitId":"Jolonauh"},"content":"    private Storage storage;","lastModifiedDate":"2024-02-06"},{"lineNumber":12,"author":{"gitId":"Jolonauh"},"content":"    private TaskList taskList;","lastModifiedDate":"2024-02-06"},{"lineNumber":13,"author":{"gitId":"Jolonauh"},"content":"    private Ui ui;","lastModifiedDate":"2024-02-06"},{"lineNumber":14,"author":{"gitId":"Jolonauh"},"content":"","lastModifiedDate":"2024-02-06"},{"lineNumber":15,"author":{"gitId":"Jolonauh"},"content":"    public Duke(String filePath) {","lastModifiedDate":"2024-02-06"},{"lineNumber":16,"author":{"gitId":"Jolonauh"},"content":"        ui \u003d new Ui();","lastModifiedDate":"2024-02-06"},{"lineNumber":17,"author":{"gitId":"Jolonauh"},"content":"        try {","lastModifiedDate":"2024-02-06"},{"lineNumber":18,"author":{"gitId":"Jolonauh"},"content":"            storage \u003d new Storage(filePath);","lastModifiedDate":"2024-02-06"},{"lineNumber":19,"author":{"gitId":"Jolonauh"},"content":"            taskList \u003d new TaskList(storage.load());","lastModifiedDate":"2024-02-06"},{"lineNumber":20,"author":{"gitId":"Jolonauh"},"content":"        } catch (DukeException e) {","lastModifiedDate":"2024-02-06"},{"lineNumber":21,"author":{"gitId":"Jolonauh"},"content":"            ui.showLoadingError();","lastModifiedDate":"2024-02-06"},{"lineNumber":22,"author":{"gitId":"Jolonauh"},"content":"            taskList \u003d new TaskList();","lastModifiedDate":"2024-02-06"},{"lineNumber":23,"author":{"gitId":"Jolonauh"},"content":"        }","lastModifiedDate":"2024-02-06"},{"lineNumber":24,"author":{"gitId":"Jolonauh"},"content":"    }","lastModifiedDate":"2024-02-06"},{"lineNumber":25,"author":{"gitId":"Jolonauh"},"content":"","lastModifiedDate":"2024-02-06"},{"lineNumber":26,"author":{"gitId":"Jolonauh"},"content":"    public void run() {","lastModifiedDate":"2024-02-06"},{"lineNumber":27,"author":{"gitId":"Jolonauh"},"content":"        ui.showWelcome();","lastModifiedDate":"2024-02-06"},{"lineNumber":28,"author":{"gitId":"Jolonauh"},"content":"        boolean isExit \u003d false;","lastModifiedDate":"2024-02-06"},{"lineNumber":29,"author":{"gitId":"Jolonauh"},"content":"        while (!isExit) {","lastModifiedDate":"2024-02-06"},{"lineNumber":30,"author":{"gitId":"Jolonauh"},"content":"            try {","lastModifiedDate":"2024-02-06"},{"lineNumber":31,"author":{"gitId":"Jolonauh"},"content":"                String fullCommand \u003d ui.readCommand();","lastModifiedDate":"2024-02-06"},{"lineNumber":32,"author":{"gitId":"Jolonauh"},"content":"                ui.showLine();","lastModifiedDate":"2024-02-06"},{"lineNumber":33,"author":{"gitId":"Jolonauh"},"content":"                Command c \u003d CommandParser.parse(fullCommand);","lastModifiedDate":"2024-02-06"},{"lineNumber":34,"author":{"gitId":"Jolonauh"},"content":"                c.execute(taskList, ui, storage);","lastModifiedDate":"2024-02-06"},{"lineNumber":35,"author":{"gitId":"Jolonauh"},"content":"                storage.update(taskList);","lastModifiedDate":"2024-02-06"},{"lineNumber":36,"author":{"gitId":"Jolonauh"},"content":"                isExit \u003d c.isExit();","lastModifiedDate":"2024-02-06"},{"lineNumber":37,"author":{"gitId":"Jolonauh"},"content":"            } catch (DukeException e) {","lastModifiedDate":"2024-02-06"},{"lineNumber":38,"author":{"gitId":"Jolonauh"},"content":"                ui.showError(e.getMessage());","lastModifiedDate":"2024-02-06"},{"lineNumber":39,"author":{"gitId":"Jolonauh"},"content":"            } finally {","lastModifiedDate":"2024-02-06"},{"lineNumber":40,"author":{"gitId":"Jolonauh"},"content":"                ui.showLine();","lastModifiedDate":"2024-02-06"},{"lineNumber":41,"author":{"gitId":"Jolonauh"},"content":"            }","lastModifiedDate":"2024-02-06"},{"lineNumber":42,"author":{"gitId":"Jolonauh"},"content":"        }","lastModifiedDate":"2024-02-06"},{"lineNumber":43,"author":{"gitId":"Jolonauh"},"content":"    }","lastModifiedDate":"2024-02-06"},{"lineNumber":44,"author":{"gitId":"Jolonauh"},"content":"","lastModifiedDate":"2024-02-06"},{"lineNumber":45,"author":{"gitId":"Jolonauh"},"content":"    public static void main(String[] args) {","lastModifiedDate":"2024-02-06"},{"lineNumber":46,"author":{"gitId":"Jolonauh"},"content":"        new Duke(\"data/tasks.txt\").run();","lastModifiedDate":"2024-02-06"},{"lineNumber":47,"author":{"gitId":"Jolonauh"},"content":"    }","lastModifiedDate":"2024-02-06"},{"lineNumber":48,"author":{"gitId":"Jolonauh"},"content":"}","lastModifiedDate":"2024-02-06"}],"authorContributionMap":{"Jolonauh":48}},{"path":"src/main/java/duke/commands/AddCommand.java","fileType":"java","lines":[{"lineNumber":1,"author":{"gitId":"Jolonauh"},"content":"package duke.commands;","lastModifiedDate":"2024-02-06"},{"lineNumber":2,"author":{"gitId":"Jolonauh"},"content":"","lastModifiedDate":"2024-02-06"},{"lineNumber":3,"author":{"gitId":"Jolonauh"},"content":"import duke.exceptions.DukeException;","lastModifiedDate":"2024-02-06"},{"lineNumber":4,"author":{"gitId":"Jolonauh"},"content":"import duke.storage.Storage;","lastModifiedDate":"2024-02-06"},{"lineNumber":5,"author":{"gitId":"Jolonauh"},"content":"import duke.storage.TaskList;","lastModifiedDate":"2024-02-06"},{"lineNumber":6,"author":{"gitId":"Jolonauh"},"content":"import duke.tasks.Deadline;","lastModifiedDate":"2024-02-06"},{"lineNumber":7,"author":{"gitId":"Jolonauh"},"content":"import duke.tasks.Event;","lastModifiedDate":"2024-02-06"},{"lineNumber":8,"author":{"gitId":"Jolonauh"},"content":"import duke.tasks.Task;","lastModifiedDate":"2024-02-06"},{"lineNumber":9,"author":{"gitId":"Jolonauh"},"content":"import duke.tasks.Todo;","lastModifiedDate":"2024-02-06"},{"lineNumber":10,"author":{"gitId":"Jolonauh"},"content":"import duke.ui.Ui;","lastModifiedDate":"2024-02-06"},{"lineNumber":11,"author":{"gitId":"Jolonauh"},"content":"","lastModifiedDate":"2024-02-06"},{"lineNumber":12,"author":{"gitId":"Jolonauh"},"content":"import java.time.LocalDate;","lastModifiedDate":"2024-02-06"},{"lineNumber":13,"author":{"gitId":"Jolonauh"},"content":"","lastModifiedDate":"2024-02-06"},{"lineNumber":14,"author":{"gitId":"Jolonauh"},"content":"public class AddCommand extends Command {","lastModifiedDate":"2024-02-06"},{"lineNumber":15,"author":{"gitId":"Jolonauh"},"content":"    String taskType;","lastModifiedDate":"2024-02-06"},{"lineNumber":16,"author":{"gitId":"Jolonauh"},"content":"    String taskDescription;","lastModifiedDate":"2024-02-06"},{"lineNumber":17,"author":{"gitId":"Jolonauh"},"content":"    LocalDate deadline;","lastModifiedDate":"2024-02-06"},{"lineNumber":18,"author":{"gitId":"Jolonauh"},"content":"    LocalDate eventStart;","lastModifiedDate":"2024-02-06"},{"lineNumber":19,"author":{"gitId":"Jolonauh"},"content":"    LocalDate eventEnd;","lastModifiedDate":"2024-02-06"},{"lineNumber":20,"author":{"gitId":"Jolonauh"},"content":"","lastModifiedDate":"2024-02-06"},{"lineNumber":21,"author":{"gitId":"Jolonauh"},"content":"    public AddCommand(String taskType, String taskDescription) {","lastModifiedDate":"2024-02-06"},{"lineNumber":22,"author":{"gitId":"Jolonauh"},"content":"        super();","lastModifiedDate":"2024-02-06"},{"lineNumber":23,"author":{"gitId":"Jolonauh"},"content":"        this.taskType \u003d taskType;","lastModifiedDate":"2024-02-06"},{"lineNumber":24,"author":{"gitId":"Jolonauh"},"content":"        this.taskDescription \u003d taskDescription;","lastModifiedDate":"2024-02-06"},{"lineNumber":25,"author":{"gitId":"Jolonauh"},"content":"    }","lastModifiedDate":"2024-02-06"},{"lineNumber":26,"author":{"gitId":"Jolonauh"},"content":"","lastModifiedDate":"2024-02-06"},{"lineNumber":27,"author":{"gitId":"Jolonauh"},"content":"    public AddCommand(String taskType, String taskDescription, LocalDate deadline) {","lastModifiedDate":"2024-02-06"},{"lineNumber":28,"author":{"gitId":"Jolonauh"},"content":"        super();","lastModifiedDate":"2024-02-06"},{"lineNumber":29,"author":{"gitId":"Jolonauh"},"content":"        this.taskType \u003d taskType;","lastModifiedDate":"2024-02-06"},{"lineNumber":30,"author":{"gitId":"Jolonauh"},"content":"        this.taskDescription \u003d taskDescription;","lastModifiedDate":"2024-02-06"},{"lineNumber":31,"author":{"gitId":"Jolonauh"},"content":"        this.deadline \u003d deadline;","lastModifiedDate":"2024-02-06"},{"lineNumber":32,"author":{"gitId":"Jolonauh"},"content":"    }","lastModifiedDate":"2024-02-06"},{"lineNumber":33,"author":{"gitId":"Jolonauh"},"content":"","lastModifiedDate":"2024-02-06"},{"lineNumber":34,"author":{"gitId":"Jolonauh"},"content":"    public AddCommand(String taskType, String taskDescription, LocalDate eventStart, LocalDate eventEnd) {","lastModifiedDate":"2024-02-06"},{"lineNumber":35,"author":{"gitId":"Jolonauh"},"content":"        super();","lastModifiedDate":"2024-02-06"},{"lineNumber":36,"author":{"gitId":"Jolonauh"},"content":"        this.taskType \u003d taskType;","lastModifiedDate":"2024-02-06"},{"lineNumber":37,"author":{"gitId":"Jolonauh"},"content":"        this.taskDescription \u003d taskDescription;","lastModifiedDate":"2024-02-06"},{"lineNumber":38,"author":{"gitId":"Jolonauh"},"content":"        this.eventStart \u003d eventStart;","lastModifiedDate":"2024-02-06"},{"lineNumber":39,"author":{"gitId":"Jolonauh"},"content":"        this.eventEnd \u003d eventEnd;","lastModifiedDate":"2024-02-06"},{"lineNumber":40,"author":{"gitId":"Jolonauh"},"content":"    }","lastModifiedDate":"2024-02-06"},{"lineNumber":41,"author":{"gitId":"Jolonauh"},"content":"","lastModifiedDate":"2024-02-06"},{"lineNumber":42,"author":{"gitId":"Jolonauh"},"content":"    @Override","lastModifiedDate":"2024-02-06"},{"lineNumber":43,"author":{"gitId":"Jolonauh"},"content":"    public void execute(TaskList taskList, Ui ui, Storage storage) {","lastModifiedDate":"2024-02-06"},{"lineNumber":44,"author":{"gitId":"Jolonauh"},"content":"        Task task \u003d null;","lastModifiedDate":"2024-02-06"},{"lineNumber":45,"author":{"gitId":"Jolonauh"},"content":"        if (this.taskType.equals(\"todo\")) {","lastModifiedDate":"2024-02-06"},{"lineNumber":46,"author":{"gitId":"Jolonauh"},"content":"            task \u003d new Todo(this.taskDescription);","lastModifiedDate":"2024-02-06"},{"lineNumber":47,"author":{"gitId":"Jolonauh"},"content":"        } else if (this.taskType.equals(\"deadline\")) {","lastModifiedDate":"2024-02-06"},{"lineNumber":48,"author":{"gitId":"Jolonauh"},"content":"            task \u003d new Deadline(this.taskDescription, this.deadline);","lastModifiedDate":"2024-02-06"},{"lineNumber":49,"author":{"gitId":"Jolonauh"},"content":"        } else {","lastModifiedDate":"2024-02-06"},{"lineNumber":50,"author":{"gitId":"Jolonauh"},"content":"            task \u003d new Event(this.taskDescription, this.eventStart, this.eventEnd);","lastModifiedDate":"2024-02-06"},{"lineNumber":51,"author":{"gitId":"Jolonauh"},"content":"        }","lastModifiedDate":"2024-02-06"},{"lineNumber":52,"author":{"gitId":"Jolonauh"},"content":"        taskList.add(task);","lastModifiedDate":"2024-02-06"},{"lineNumber":53,"author":{"gitId":"Jolonauh"},"content":"        System.out.println(\"Got it. I\u0027ve added this task:\");","lastModifiedDate":"2024-02-06"},{"lineNumber":54,"author":{"gitId":"Jolonauh"},"content":"        System.out.println(\"  \" + task);","lastModifiedDate":"2024-02-06"},{"lineNumber":55,"author":{"gitId":"Jolonauh"},"content":"        System.out.printf(\"Now you have %d tasks in the list.%n\", taskList.size());","lastModifiedDate":"2024-02-06"},{"lineNumber":56,"author":{"gitId":"Jolonauh"},"content":"    }","lastModifiedDate":"2024-02-06"},{"lineNumber":57,"author":{"gitId":"Jolonauh"},"content":"","lastModifiedDate":"2024-02-06"},{"lineNumber":58,"author":{"gitId":"Jolonauh"},"content":"    public void save() {","lastModifiedDate":"2024-02-06"},{"lineNumber":59,"author":{"gitId":"Jolonauh"},"content":"","lastModifiedDate":"2024-02-06"},{"lineNumber":60,"author":{"gitId":"Jolonauh"},"content":"    }","lastModifiedDate":"2024-02-06"},{"lineNumber":61,"author":{"gitId":"Jolonauh"},"content":"}","lastModifiedDate":"2024-02-06"}],"authorContributionMap":{"Jolonauh":61}},{"path":"src/main/java/duke/commands/Command.java","fileType":"java","lines":[{"lineNumber":1,"author":{"gitId":"Jolonauh"},"content":"package duke.commands;","lastModifiedDate":"2024-02-06"},{"lineNumber":2,"author":{"gitId":"Jolonauh"},"content":"","lastModifiedDate":"2024-02-06"},{"lineNumber":3,"author":{"gitId":"Jolonauh"},"content":"import duke.exceptions.DukeException;","lastModifiedDate":"2024-02-06"},{"lineNumber":4,"author":{"gitId":"Jolonauh"},"content":"import duke.storage.Storage;","lastModifiedDate":"2024-02-06"},{"lineNumber":5,"author":{"gitId":"Jolonauh"},"content":"import duke.storage.TaskList;","lastModifiedDate":"2024-02-06"},{"lineNumber":6,"author":{"gitId":"Jolonauh"},"content":"import duke.ui.Ui;","lastModifiedDate":"2024-02-06"},{"lineNumber":7,"author":{"gitId":"Jolonauh"},"content":"","lastModifiedDate":"2024-02-06"},{"lineNumber":8,"author":{"gitId":"Jolonauh"},"content":"public abstract class Command {","lastModifiedDate":"2024-02-06"},{"lineNumber":9,"author":{"gitId":"Jolonauh"},"content":"    public abstract void execute(TaskList taskList, Ui ui, Storage storage) throws DukeException;","lastModifiedDate":"2024-02-06"},{"lineNumber":10,"author":{"gitId":"Jolonauh"},"content":"","lastModifiedDate":"2024-02-06"},{"lineNumber":11,"author":{"gitId":"Jolonauh"},"content":"    public boolean isExit() {","lastModifiedDate":"2024-02-06"},{"lineNumber":12,"author":{"gitId":"Jolonauh"},"content":"        return false;","lastModifiedDate":"2024-02-06"},{"lineNumber":13,"author":{"gitId":"Jolonauh"},"content":"    }","lastModifiedDate":"2024-02-06"},{"lineNumber":14,"author":{"gitId":"Jolonauh"},"content":"}","lastModifiedDate":"2024-02-06"}],"authorContributionMap":{"Jolonauh":14}},{"path":"src/main/java/duke/commands/DeleteCommand.java","fileType":"java","lines":[{"lineNumber":1,"author":{"gitId":"Jolonauh"},"content":"package duke.commands;","lastModifiedDate":"2024-02-06"},{"lineNumber":2,"author":{"gitId":"Jolonauh"},"content":"","lastModifiedDate":"2024-02-06"},{"lineNumber":3,"author":{"gitId":"Jolonauh"},"content":"import duke.exceptions.DukeException;","lastModifiedDate":"2024-02-06"},{"lineNumber":4,"author":{"gitId":"Jolonauh"},"content":"import duke.storage.Storage;","lastModifiedDate":"2024-02-06"},{"lineNumber":5,"author":{"gitId":"Jolonauh"},"content":"import duke.storage.TaskList;","lastModifiedDate":"2024-02-06"},{"lineNumber":6,"author":{"gitId":"Jolonauh"},"content":"import duke.tasks.Task;","lastModifiedDate":"2024-02-06"},{"lineNumber":7,"author":{"gitId":"Jolonauh"},"content":"import duke.ui.Ui;","lastModifiedDate":"2024-02-06"},{"lineNumber":8,"author":{"gitId":"Jolonauh"},"content":"","lastModifiedDate":"2024-02-06"},{"lineNumber":9,"author":{"gitId":"Jolonauh"},"content":"public class DeleteCommand extends Command {","lastModifiedDate":"2024-02-06"},{"lineNumber":10,"author":{"gitId":"Jolonauh"},"content":"    private int index;","lastModifiedDate":"2024-02-06"},{"lineNumber":11,"author":{"gitId":"Jolonauh"},"content":"","lastModifiedDate":"2024-02-06"},{"lineNumber":12,"author":{"gitId":"Jolonauh"},"content":"    public DeleteCommand(int index) {","lastModifiedDate":"2024-02-06"},{"lineNumber":13,"author":{"gitId":"Jolonauh"},"content":"        super();","lastModifiedDate":"2024-02-06"},{"lineNumber":14,"author":{"gitId":"Jolonauh"},"content":"        this.index \u003d index;","lastModifiedDate":"2024-02-06"},{"lineNumber":15,"author":{"gitId":"Jolonauh"},"content":"    }","lastModifiedDate":"2024-02-06"},{"lineNumber":16,"author":{"gitId":"Jolonauh"},"content":"","lastModifiedDate":"2024-02-06"},{"lineNumber":17,"author":{"gitId":"Jolonauh"},"content":"    @Override","lastModifiedDate":"2024-02-06"},{"lineNumber":18,"author":{"gitId":"Jolonauh"},"content":"    public void execute(TaskList taskList, Ui ui, Storage storage) throws DukeException {","lastModifiedDate":"2024-02-06"},{"lineNumber":19,"author":{"gitId":"Jolonauh"},"content":"        if (taskList.size() \u003d\u003d 0) {","lastModifiedDate":"2024-02-06"},{"lineNumber":20,"author":{"gitId":"Jolonauh"},"content":"            throw new DukeException(\"OOPS!!! There are no tasks to delete.\");","lastModifiedDate":"2024-02-06"},{"lineNumber":21,"author":{"gitId":"Jolonauh"},"content":"        }","lastModifiedDate":"2024-02-06"},{"lineNumber":22,"author":{"gitId":"Jolonauh"},"content":"        Task removed \u003d taskList.remove(index);","lastModifiedDate":"2024-02-06"},{"lineNumber":23,"author":{"gitId":"Jolonauh"},"content":"        System.out.println(\"Noted. I\u0027ve removed this task\");","lastModifiedDate":"2024-02-06"},{"lineNumber":24,"author":{"gitId":"Jolonauh"},"content":"        System.out.println(\"  \" + removed);","lastModifiedDate":"2024-02-06"},{"lineNumber":25,"author":{"gitId":"Jolonauh"},"content":"        System.out.printf(\"Now you have %d tasks in the list.%n\", taskList.size());","lastModifiedDate":"2024-02-06"},{"lineNumber":26,"author":{"gitId":"Jolonauh"},"content":"    }","lastModifiedDate":"2024-02-06"},{"lineNumber":27,"author":{"gitId":"Jolonauh"},"content":"}","lastModifiedDate":"2024-02-06"}],"authorContributionMap":{"Jolonauh":27}},{"path":"src/main/java/duke/commands/ExitCommand.java","fileType":"java","lines":[{"lineNumber":1,"author":{"gitId":"Jolonauh"},"content":"package duke.commands;","lastModifiedDate":"2024-02-06"},{"lineNumber":2,"author":{"gitId":"Jolonauh"},"content":"","lastModifiedDate":"2024-02-06"},{"lineNumber":3,"author":{"gitId":"Jolonauh"},"content":"import duke.storage.Storage;","lastModifiedDate":"2024-02-06"},{"lineNumber":4,"author":{"gitId":"Jolonauh"},"content":"import duke.storage.TaskList;","lastModifiedDate":"2024-02-06"},{"lineNumber":5,"author":{"gitId":"Jolonauh"},"content":"import duke.ui.Ui;","lastModifiedDate":"2024-02-06"},{"lineNumber":6,"author":{"gitId":"Jolonauh"},"content":"","lastModifiedDate":"2024-02-06"},{"lineNumber":7,"author":{"gitId":"Jolonauh"},"content":"public class ExitCommand extends Command {","lastModifiedDate":"2024-02-06"},{"lineNumber":8,"author":{"gitId":"Jolonauh"},"content":"    @Override","lastModifiedDate":"2024-02-06"},{"lineNumber":9,"author":{"gitId":"Jolonauh"},"content":"    public void execute(TaskList taskList, Ui ui, Storage storage) {","lastModifiedDate":"2024-02-06"},{"lineNumber":10,"author":{"gitId":"Jolonauh"},"content":"        System.out.println(\"Bye. Hope to see you again soon!\");","lastModifiedDate":"2024-02-06"},{"lineNumber":11,"author":{"gitId":"Jolonauh"},"content":"    }","lastModifiedDate":"2024-02-06"},{"lineNumber":12,"author":{"gitId":"Jolonauh"},"content":"","lastModifiedDate":"2024-02-06"},{"lineNumber":13,"author":{"gitId":"Jolonauh"},"content":"    @Override","lastModifiedDate":"2024-02-06"},{"lineNumber":14,"author":{"gitId":"Jolonauh"},"content":"    public boolean isExit() {","lastModifiedDate":"2024-02-06"},{"lineNumber":15,"author":{"gitId":"Jolonauh"},"content":"        return true;","lastModifiedDate":"2024-02-06"},{"lineNumber":16,"author":{"gitId":"Jolonauh"},"content":"    }","lastModifiedDate":"2024-02-06"},{"lineNumber":17,"author":{"gitId":"Jolonauh"},"content":"}","lastModifiedDate":"2024-02-06"}],"authorContributionMap":{"Jolonauh":17}},{"path":"src/main/java/duke/commands/FindCommand.java","fileType":"java","lines":[{"lineNumber":1,"author":{"gitId":"Jolonauh"},"content":"package duke.commands;","lastModifiedDate":"2024-02-08"},{"lineNumber":2,"author":{"gitId":"Jolonauh"},"content":"","lastModifiedDate":"2024-02-08"},{"lineNumber":3,"author":{"gitId":"Jolonauh"},"content":"import duke.exceptions.DukeException;","lastModifiedDate":"2024-02-08"},{"lineNumber":4,"author":{"gitId":"Jolonauh"},"content":"import duke.storage.Storage;","lastModifiedDate":"2024-02-08"},{"lineNumber":5,"author":{"gitId":"Jolonauh"},"content":"import duke.storage.TaskList;","lastModifiedDate":"2024-02-08"},{"lineNumber":6,"author":{"gitId":"Jolonauh"},"content":"import duke.tasks.Task;","lastModifiedDate":"2024-02-08"},{"lineNumber":7,"author":{"gitId":"Jolonauh"},"content":"import duke.ui.Ui;","lastModifiedDate":"2024-02-08"},{"lineNumber":8,"author":{"gitId":"Jolonauh"},"content":"","lastModifiedDate":"2024-02-08"},{"lineNumber":9,"author":{"gitId":"Jolonauh"},"content":"import java.util.Locale;","lastModifiedDate":"2024-02-08"},{"lineNumber":10,"author":{"gitId":"Jolonauh"},"content":"","lastModifiedDate":"2024-02-08"},{"lineNumber":11,"author":{"gitId":"Jolonauh"},"content":"public class FindCommand extends Command {","lastModifiedDate":"2024-02-08"},{"lineNumber":12,"author":{"gitId":"Jolonauh"},"content":"    String searchTerm;","lastModifiedDate":"2024-02-08"},{"lineNumber":13,"author":{"gitId":"Jolonauh"},"content":"","lastModifiedDate":"2024-02-08"},{"lineNumber":14,"author":{"gitId":"Jolonauh"},"content":"    public FindCommand(String searchTerm) {","lastModifiedDate":"2024-02-08"},{"lineNumber":15,"author":{"gitId":"Jolonauh"},"content":"        super();","lastModifiedDate":"2024-02-08"},{"lineNumber":16,"author":{"gitId":"Jolonauh"},"content":"        this.searchTerm \u003d searchTerm.toLowerCase();","lastModifiedDate":"2024-02-08"},{"lineNumber":17,"author":{"gitId":"Jolonauh"},"content":"    }","lastModifiedDate":"2024-02-08"},{"lineNumber":18,"author":{"gitId":"Jolonauh"},"content":"","lastModifiedDate":"2024-02-08"},{"lineNumber":19,"author":{"gitId":"Jolonauh"},"content":"    @Override","lastModifiedDate":"2024-02-08"},{"lineNumber":20,"author":{"gitId":"Jolonauh"},"content":"    public void execute(TaskList taskList, Ui ui, Storage storage) throws DukeException {","lastModifiedDate":"2024-02-08"},{"lineNumber":21,"author":{"gitId":"Jolonauh"},"content":"        TaskList searchResults \u003d new TaskList();","lastModifiedDate":"2024-02-08"},{"lineNumber":22,"author":{"gitId":"Jolonauh"},"content":"        for (int i \u003d 0; i \u003c taskList.size(); i++) {","lastModifiedDate":"2024-02-08"},{"lineNumber":23,"author":{"gitId":"Jolonauh"},"content":"            Task currTask \u003d taskList.get(i);","lastModifiedDate":"2024-02-08"},{"lineNumber":24,"author":{"gitId":"Jolonauh"},"content":"            if (currTask.match(searchTerm)) {","lastModifiedDate":"2024-02-08"},{"lineNumber":25,"author":{"gitId":"Jolonauh"},"content":"                searchResults.add(currTask);","lastModifiedDate":"2024-02-08"},{"lineNumber":26,"author":{"gitId":"Jolonauh"},"content":"            }","lastModifiedDate":"2024-02-08"},{"lineNumber":27,"author":{"gitId":"Jolonauh"},"content":"        }","lastModifiedDate":"2024-02-08"},{"lineNumber":28,"author":{"gitId":"Jolonauh"},"content":"","lastModifiedDate":"2024-02-08"},{"lineNumber":29,"author":{"gitId":"Jolonauh"},"content":"        if (searchResults.size() !\u003d 0) {","lastModifiedDate":"2024-02-08"},{"lineNumber":30,"author":{"gitId":"Jolonauh"},"content":"            System.out.println(searchResults);","lastModifiedDate":"2024-02-08"},{"lineNumber":31,"author":{"gitId":"Jolonauh"},"content":"        } else {","lastModifiedDate":"2024-02-08"},{"lineNumber":32,"author":{"gitId":"Jolonauh"},"content":"            System.out.println(\"Sorry, there are no matching entries.\");","lastModifiedDate":"2024-02-08"},{"lineNumber":33,"author":{"gitId":"Jolonauh"},"content":"        }","lastModifiedDate":"2024-02-08"},{"lineNumber":34,"author":{"gitId":"Jolonauh"},"content":"    }","lastModifiedDate":"2024-02-08"},{"lineNumber":35,"author":{"gitId":"Jolonauh"},"content":"}","lastModifiedDate":"2024-02-08"}],"authorContributionMap":{"Jolonauh":35}},{"path":"src/main/java/duke/commands/ListCommand.java","fileType":"java","lines":[{"lineNumber":1,"author":{"gitId":"Jolonauh"},"content":"package duke.commands;","lastModifiedDate":"2024-02-06"},{"lineNumber":2,"author":{"gitId":"Jolonauh"},"content":"","lastModifiedDate":"2024-02-06"},{"lineNumber":3,"author":{"gitId":"Jolonauh"},"content":"import duke.storage.Storage;","lastModifiedDate":"2024-02-06"},{"lineNumber":4,"author":{"gitId":"Jolonauh"},"content":"import duke.storage.TaskList;","lastModifiedDate":"2024-02-06"},{"lineNumber":5,"author":{"gitId":"Jolonauh"},"content":"import duke.ui.Ui;","lastModifiedDate":"2024-02-06"},{"lineNumber":6,"author":{"gitId":"Jolonauh"},"content":"","lastModifiedDate":"2024-02-06"},{"lineNumber":7,"author":{"gitId":"Jolonauh"},"content":"public class ListCommand extends Command {","lastModifiedDate":"2024-02-06"},{"lineNumber":8,"author":{"gitId":"Jolonauh"},"content":"    @Override","lastModifiedDate":"2024-02-06"},{"lineNumber":9,"author":{"gitId":"Jolonauh"},"content":"    public void execute(TaskList taskList, Ui ui, Storage storage) {","lastModifiedDate":"2024-02-06"},{"lineNumber":10,"author":{"gitId":"Jolonauh"},"content":"        if (taskList.size() \u003d\u003d 0) {","lastModifiedDate":"2024-02-06"},{"lineNumber":11,"author":{"gitId":"Jolonauh"},"content":"            System.out.println(\"Yay! You have no tasks!\");","lastModifiedDate":"2024-02-06"},{"lineNumber":12,"author":{"gitId":"Jolonauh"},"content":"        } else {","lastModifiedDate":"2024-02-06"},{"lineNumber":13,"author":{"gitId":"Jolonauh"},"content":"            System.out.println(\"Here are the tasks in your list:\");","lastModifiedDate":"2024-02-06"},{"lineNumber":14,"author":{"gitId":"Jolonauh"},"content":"            System.out.println(taskList);","lastModifiedDate":"2024-02-06"},{"lineNumber":15,"author":{"gitId":"Jolonauh"},"content":"        }","lastModifiedDate":"2024-02-06"},{"lineNumber":16,"author":{"gitId":"Jolonauh"},"content":"    }","lastModifiedDate":"2024-02-06"},{"lineNumber":17,"author":{"gitId":"Jolonauh"},"content":"}","lastModifiedDate":"2024-02-06"}],"authorContributionMap":{"Jolonauh":17}},{"path":"src/main/java/duke/commands/MarkCommand.java","fileType":"java","lines":[{"lineNumber":1,"author":{"gitId":"Jolonauh"},"content":"package duke.commands;","lastModifiedDate":"2024-02-06"},{"lineNumber":2,"author":{"gitId":"Jolonauh"},"content":"","lastModifiedDate":"2024-02-06"},{"lineNumber":3,"author":{"gitId":"Jolonauh"},"content":"import duke.exceptions.DukeException;","lastModifiedDate":"2024-02-06"},{"lineNumber":4,"author":{"gitId":"Jolonauh"},"content":"import duke.storage.Storage;","lastModifiedDate":"2024-02-06"},{"lineNumber":5,"author":{"gitId":"Jolonauh"},"content":"import duke.storage.TaskList;","lastModifiedDate":"2024-02-06"},{"lineNumber":6,"author":{"gitId":"Jolonauh"},"content":"import duke.tasks.Task;","lastModifiedDate":"2024-02-06"},{"lineNumber":7,"author":{"gitId":"Jolonauh"},"content":"import duke.ui.Ui;","lastModifiedDate":"2024-02-06"},{"lineNumber":8,"author":{"gitId":"Jolonauh"},"content":"","lastModifiedDate":"2024-02-06"},{"lineNumber":9,"author":{"gitId":"Jolonauh"},"content":"public class MarkCommand extends Command {","lastModifiedDate":"2024-02-06"},{"lineNumber":10,"author":{"gitId":"Jolonauh"},"content":"    private int index;","lastModifiedDate":"2024-02-06"},{"lineNumber":11,"author":{"gitId":"Jolonauh"},"content":"    private String command;","lastModifiedDate":"2024-02-06"},{"lineNumber":12,"author":{"gitId":"Jolonauh"},"content":"","lastModifiedDate":"2024-02-06"},{"lineNumber":13,"author":{"gitId":"Jolonauh"},"content":"    public MarkCommand(int index, String command) {","lastModifiedDate":"2024-02-06"},{"lineNumber":14,"author":{"gitId":"Jolonauh"},"content":"        super();","lastModifiedDate":"2024-02-06"},{"lineNumber":15,"author":{"gitId":"Jolonauh"},"content":"        this.index \u003d index;","lastModifiedDate":"2024-02-06"},{"lineNumber":16,"author":{"gitId":"Jolonauh"},"content":"        this.command \u003d command;","lastModifiedDate":"2024-02-06"},{"lineNumber":17,"author":{"gitId":"Jolonauh"},"content":"    }","lastModifiedDate":"2024-02-06"},{"lineNumber":18,"author":{"gitId":"Jolonauh"},"content":"","lastModifiedDate":"2024-02-06"},{"lineNumber":19,"author":{"gitId":"Jolonauh"},"content":"    @Override","lastModifiedDate":"2024-02-06"},{"lineNumber":20,"author":{"gitId":"Jolonauh"},"content":"    public void execute(TaskList taskList, Ui ui, Storage storage) throws DukeException {","lastModifiedDate":"2024-02-06"},{"lineNumber":21,"author":{"gitId":"Jolonauh"},"content":"        if (taskList.size() \u003d\u003d 0) {","lastModifiedDate":"2024-02-06"},{"lineNumber":22,"author":{"gitId":"Jolonauh"},"content":"            throw new DukeException(String.format(\"OOPS!!! There are no tasks to %s.\", this.command));","lastModifiedDate":"2024-02-06"},{"lineNumber":23,"author":{"gitId":"Jolonauh"},"content":"        }","lastModifiedDate":"2024-02-06"},{"lineNumber":24,"author":{"gitId":"Jolonauh"},"content":"        Task target \u003d taskList.get(this.index);","lastModifiedDate":"2024-02-06"},{"lineNumber":25,"author":{"gitId":"Jolonauh"},"content":"        if (this.command.equals(\"mark\")) {","lastModifiedDate":"2024-02-06"},{"lineNumber":26,"author":{"gitId":"Jolonauh"},"content":"            target.markDone();","lastModifiedDate":"2024-02-06"},{"lineNumber":27,"author":{"gitId":"Jolonauh"},"content":"        } else {","lastModifiedDate":"2024-02-06"},{"lineNumber":28,"author":{"gitId":"Jolonauh"},"content":"            target.unmarkDone();","lastModifiedDate":"2024-02-06"},{"lineNumber":29,"author":{"gitId":"Jolonauh"},"content":"        }","lastModifiedDate":"2024-02-06"},{"lineNumber":30,"author":{"gitId":"Jolonauh"},"content":"        System.out.printf(\"Nice! I\u0027ve %sed this task as done:%n\", this.command);","lastModifiedDate":"2024-02-06"},{"lineNumber":31,"author":{"gitId":"Jolonauh"},"content":"        System.out.println(\"  \" + target);","lastModifiedDate":"2024-02-06"},{"lineNumber":32,"author":{"gitId":"Jolonauh"},"content":"    }","lastModifiedDate":"2024-02-06"},{"lineNumber":33,"author":{"gitId":"Jolonauh"},"content":"}","lastModifiedDate":"2024-02-06"}],"authorContributionMap":{"Jolonauh":33}},{"path":"src/main/java/duke/commands/UnknownCommand.java","fileType":"java","lines":[{"lineNumber":1,"author":{"gitId":"Jolonauh"},"content":"package duke.commands;","lastModifiedDate":"2024-02-06"},{"lineNumber":2,"author":{"gitId":"Jolonauh"},"content":"","lastModifiedDate":"2024-02-06"},{"lineNumber":3,"author":{"gitId":"Jolonauh"},"content":"import duke.Duke;","lastModifiedDate":"2024-02-06"},{"lineNumber":4,"author":{"gitId":"Jolonauh"},"content":"import duke.exceptions.DukeException;","lastModifiedDate":"2024-02-06"},{"lineNumber":5,"author":{"gitId":"Jolonauh"},"content":"import duke.storage.Storage;","lastModifiedDate":"2024-02-06"},{"lineNumber":6,"author":{"gitId":"Jolonauh"},"content":"import duke.storage.TaskList;","lastModifiedDate":"2024-02-06"},{"lineNumber":7,"author":{"gitId":"Jolonauh"},"content":"import duke.ui.Ui;","lastModifiedDate":"2024-02-06"},{"lineNumber":8,"author":{"gitId":"Jolonauh"},"content":"","lastModifiedDate":"2024-02-06"},{"lineNumber":9,"author":{"gitId":"Jolonauh"},"content":"public class UnknownCommand extends Command {","lastModifiedDate":"2024-02-06"},{"lineNumber":10,"author":{"gitId":"Jolonauh"},"content":"    @Override","lastModifiedDate":"2024-02-06"},{"lineNumber":11,"author":{"gitId":"Jolonauh"},"content":"    public void execute(TaskList taskList, Ui ui, Storage storage) throws DukeException {","lastModifiedDate":"2024-02-06"},{"lineNumber":12,"author":{"gitId":"Jolonauh"},"content":"        throw new DukeException(\"OOPS!!! The command you provided is not recognized.\");","lastModifiedDate":"2024-02-06"},{"lineNumber":13,"author":{"gitId":"Jolonauh"},"content":"    }","lastModifiedDate":"2024-02-06"},{"lineNumber":14,"author":{"gitId":"Jolonauh"},"content":"}","lastModifiedDate":"2024-02-06"}],"authorContributionMap":{"Jolonauh":14}},{"path":"src/main/java/duke/dataprocessing/CommandParser.java","fileType":"java","lines":[{"lineNumber":1,"author":{"gitId":"Jolonauh"},"content":"package duke.dataprocessing;","lastModifiedDate":"2024-02-06"},{"lineNumber":2,"author":{"gitId":"Jolonauh"},"content":"","lastModifiedDate":"2024-02-06"},{"lineNumber":3,"author":{"gitId":"Jolonauh"},"content":"import duke.commands.AddCommand;","lastModifiedDate":"2024-02-07"},{"lineNumber":4,"author":{"gitId":"Jolonauh"},"content":"import duke.commands.Command;","lastModifiedDate":"2024-02-07"},{"lineNumber":5,"author":{"gitId":"Jolonauh"},"content":"import duke.commands.DeleteCommand;","lastModifiedDate":"2024-02-07"},{"lineNumber":6,"author":{"gitId":"Jolonauh"},"content":"import duke.commands.ExitCommand;","lastModifiedDate":"2024-02-07"},{"lineNumber":7,"author":{"gitId":"Jolonauh"},"content":"import duke.commands.FindCommand;","lastModifiedDate":"2024-02-07"},{"lineNumber":8,"author":{"gitId":"Jolonauh"},"content":"import duke.commands.ListCommand;","lastModifiedDate":"2024-02-07"},{"lineNumber":9,"author":{"gitId":"Jolonauh"},"content":"import duke.commands.MarkCommand;","lastModifiedDate":"2024-02-07"},{"lineNumber":10,"author":{"gitId":"Jolonauh"},"content":"import duke.commands.UnknownCommand;","lastModifiedDate":"2024-02-07"},{"lineNumber":11,"author":{"gitId":"Jolonauh"},"content":"import duke.exceptions.DukeException;","lastModifiedDate":"2024-02-06"},{"lineNumber":12,"author":{"gitId":"Jolonauh"},"content":"","lastModifiedDate":"2024-02-06"},{"lineNumber":13,"author":{"gitId":"Jolonauh"},"content":"import java.time.LocalDate;","lastModifiedDate":"2024-02-06"},{"lineNumber":14,"author":{"gitId":"Jolonauh"},"content":"","lastModifiedDate":"2024-02-06"},{"lineNumber":15,"author":{"gitId":"Jolonauh"},"content":"public class CommandParser {","lastModifiedDate":"2024-02-06"},{"lineNumber":16,"author":{"gitId":"Jolonauh"},"content":"    public static Command parse(String fullCommand) throws DukeException {","lastModifiedDate":"2024-02-06"},{"lineNumber":17,"author":{"gitId":"Jolonauh"},"content":"        String mainCommand \u003d fullCommand.split(\" \")[0];","lastModifiedDate":"2024-02-06"},{"lineNumber":18,"author":{"gitId":"Jolonauh"},"content":"        String subCommands \u003d fullCommand.substring(fullCommand.indexOf(\u0027 \u0027) + 1);","lastModifiedDate":"2024-02-06"},{"lineNumber":19,"author":{"gitId":"Jolonauh"},"content":"        boolean isSingleCommand \u003d fullCommand.indexOf(\u0027 \u0027) \u003d\u003d -1;","lastModifiedDate":"2024-02-06"},{"lineNumber":20,"author":{"gitId":"Jolonauh"},"content":"","lastModifiedDate":"2024-02-06"},{"lineNumber":21,"author":{"gitId":"Jolonauh"},"content":"        switch (mainCommand) {","lastModifiedDate":"2024-02-06"},{"lineNumber":22,"author":{"gitId":"Jolonauh"},"content":"        case \"list\":","lastModifiedDate":"2024-02-06"},{"lineNumber":23,"author":{"gitId":"Jolonauh"},"content":"            if (!isSingleCommand) {","lastModifiedDate":"2024-02-06"},{"lineNumber":24,"author":{"gitId":"Jolonauh"},"content":"                throw new DukeException(\"OOPS!!! Too many arguments provided.\");","lastModifiedDate":"2024-02-06"},{"lineNumber":25,"author":{"gitId":"Jolonauh"},"content":"            }","lastModifiedDate":"2024-02-06"},{"lineNumber":26,"author":{"gitId":"Jolonauh"},"content":"","lastModifiedDate":"2024-02-06"},{"lineNumber":27,"author":{"gitId":"Jolonauh"},"content":"            return new ListCommand();","lastModifiedDate":"2024-02-06"},{"lineNumber":28,"author":{"gitId":"Jolonauh"},"content":"        case \"bye\":","lastModifiedDate":"2024-02-06"},{"lineNumber":29,"author":{"gitId":"Jolonauh"},"content":"            return new ExitCommand();","lastModifiedDate":"2024-02-06"},{"lineNumber":30,"author":{"gitId":"Jolonauh"},"content":"        case \"mark\":","lastModifiedDate":"2024-02-06"},{"lineNumber":31,"author":{"gitId":"Jolonauh"},"content":"        case \"unmark\": {","lastModifiedDate":"2024-02-06"},{"lineNumber":32,"author":{"gitId":"Jolonauh"},"content":"            if (isSingleCommand) {","lastModifiedDate":"2024-02-06"},{"lineNumber":33,"author":{"gitId":"Jolonauh"},"content":"                throw new DukeException(\"OOPS!!! Some arguments are missing.\");","lastModifiedDate":"2024-02-06"},{"lineNumber":34,"author":{"gitId":"Jolonauh"},"content":"            }","lastModifiedDate":"2024-02-06"},{"lineNumber":35,"author":{"gitId":"Jolonauh"},"content":"            int index \u003d Integer.parseInt(subCommands) - 1;","lastModifiedDate":"2024-02-06"},{"lineNumber":36,"author":{"gitId":"Jolonauh"},"content":"            return new MarkCommand(index, mainCommand);","lastModifiedDate":"2024-02-06"},{"lineNumber":37,"author":{"gitId":"Jolonauh"},"content":"        }","lastModifiedDate":"2024-02-06"},{"lineNumber":38,"author":{"gitId":"Jolonauh"},"content":"        case \"todo\":","lastModifiedDate":"2024-02-06"},{"lineNumber":39,"author":{"gitId":"Jolonauh"},"content":"            if (isSingleCommand) {","lastModifiedDate":"2024-02-06"},{"lineNumber":40,"author":{"gitId":"Jolonauh"},"content":"                throw new DukeException(\"OOPS!!! The description of a todo cannot be empty.\");","lastModifiedDate":"2024-02-06"},{"lineNumber":41,"author":{"gitId":"Jolonauh"},"content":"            }","lastModifiedDate":"2024-02-06"},{"lineNumber":42,"author":{"gitId":"Jolonauh"},"content":"","lastModifiedDate":"2024-02-06"},{"lineNumber":43,"author":{"gitId":"Jolonauh"},"content":"            return new AddCommand(mainCommand, subCommands);","lastModifiedDate":"2024-02-06"},{"lineNumber":44,"author":{"gitId":"Jolonauh"},"content":"        case \"deadline\":","lastModifiedDate":"2024-02-06"},{"lineNumber":45,"author":{"gitId":"Jolonauh"},"content":"            if (isSingleCommand) {","lastModifiedDate":"2024-02-06"},{"lineNumber":46,"author":{"gitId":"Jolonauh"},"content":"                throw new DukeException(\"OOPS!!! The description of a deadline cannot be empty.\");","lastModifiedDate":"2024-02-06"},{"lineNumber":47,"author":{"gitId":"Jolonauh"},"content":"            }","lastModifiedDate":"2024-02-06"},{"lineNumber":48,"author":{"gitId":"Jolonauh"},"content":"            String[] deadlineCommands \u003d subCommands.split(\" /by \");","lastModifiedDate":"2024-02-06"},{"lineNumber":49,"author":{"gitId":"Jolonauh"},"content":"            if (deadlineCommands.length !\u003d 2) {","lastModifiedDate":"2024-02-06"},{"lineNumber":50,"author":{"gitId":"Jolonauh"},"content":"                throw new DukeException(\"OOPS!!! Invalid arguments provided.\");","lastModifiedDate":"2024-02-06"},{"lineNumber":51,"author":{"gitId":"Jolonauh"},"content":"            }","lastModifiedDate":"2024-02-06"},{"lineNumber":52,"author":{"gitId":"Jolonauh"},"content":"","lastModifiedDate":"2024-02-06"},{"lineNumber":53,"author":{"gitId":"Jolonauh"},"content":"            LocalDate deadline \u003d DateTimeParser.parse(deadlineCommands[1]);","lastModifiedDate":"2024-02-06"},{"lineNumber":54,"author":{"gitId":"Jolonauh"},"content":"","lastModifiedDate":"2024-02-06"},{"lineNumber":55,"author":{"gitId":"Jolonauh"},"content":"            return new AddCommand(mainCommand, deadlineCommands[0], deadline);","lastModifiedDate":"2024-02-06"},{"lineNumber":56,"author":{"gitId":"Jolonauh"},"content":"        case \"event\":","lastModifiedDate":"2024-02-06"},{"lineNumber":57,"author":{"gitId":"Jolonauh"},"content":"            if (isSingleCommand) {","lastModifiedDate":"2024-02-06"},{"lineNumber":58,"author":{"gitId":"Jolonauh"},"content":"                throw new DukeException(\"OOPS!!! The description of a event cannot be empty.\");","lastModifiedDate":"2024-02-06"},{"lineNumber":59,"author":{"gitId":"Jolonauh"},"content":"            }","lastModifiedDate":"2024-02-06"},{"lineNumber":60,"author":{"gitId":"Jolonauh"},"content":"            String[] eventCommands \u003d subCommands.split(\" /from \");","lastModifiedDate":"2024-02-06"},{"lineNumber":61,"author":{"gitId":"Jolonauh"},"content":"            if (eventCommands.length !\u003d 2) {","lastModifiedDate":"2024-02-06"},{"lineNumber":62,"author":{"gitId":"Jolonauh"},"content":"                throw new DukeException(\"OOPS!!! Invalid arguments provided.\");","lastModifiedDate":"2024-02-06"},{"lineNumber":63,"author":{"gitId":"Jolonauh"},"content":"            }","lastModifiedDate":"2024-02-06"},{"lineNumber":64,"author":{"gitId":"Jolonauh"},"content":"            String[] startEnd \u003d eventCommands[1].split(\" /to \");","lastModifiedDate":"2024-02-06"},{"lineNumber":65,"author":{"gitId":"Jolonauh"},"content":"            if (startEnd.length !\u003d 2) {","lastModifiedDate":"2024-02-06"},{"lineNumber":66,"author":{"gitId":"Jolonauh"},"content":"                throw new DukeException(\"OOPS!!! Invalid arguments provided.\");","lastModifiedDate":"2024-02-06"},{"lineNumber":67,"author":{"gitId":"Jolonauh"},"content":"            }","lastModifiedDate":"2024-02-06"},{"lineNumber":68,"author":{"gitId":"Jolonauh"},"content":"","lastModifiedDate":"2024-02-06"},{"lineNumber":69,"author":{"gitId":"Jolonauh"},"content":"            LocalDate start \u003d DateTimeParser.parse(startEnd[0]);","lastModifiedDate":"2024-02-06"},{"lineNumber":70,"author":{"gitId":"Jolonauh"},"content":"            LocalDate end \u003d DateTimeParser.parse(startEnd[1]);","lastModifiedDate":"2024-02-06"},{"lineNumber":71,"author":{"gitId":"Jolonauh"},"content":"","lastModifiedDate":"2024-02-06"},{"lineNumber":72,"author":{"gitId":"Jolonauh"},"content":"            if (end.isBefore(start)) {","lastModifiedDate":"2024-02-06"},{"lineNumber":73,"author":{"gitId":"Jolonauh"},"content":"                throw new DukeException(\"OOPS!!! Your end date is before your start date.\");","lastModifiedDate":"2024-02-06"},{"lineNumber":74,"author":{"gitId":"Jolonauh"},"content":"            }","lastModifiedDate":"2024-02-06"},{"lineNumber":75,"author":{"gitId":"Jolonauh"},"content":"","lastModifiedDate":"2024-02-06"},{"lineNumber":76,"author":{"gitId":"Jolonauh"},"content":"            return new AddCommand(mainCommand, eventCommands[0], start, end);","lastModifiedDate":"2024-02-06"},{"lineNumber":77,"author":{"gitId":"Jolonauh"},"content":"        case \"delete\":","lastModifiedDate":"2024-02-06"},{"lineNumber":78,"author":{"gitId":"Jolonauh"},"content":"            if (isSingleCommand) {","lastModifiedDate":"2024-02-06"},{"lineNumber":79,"author":{"gitId":"Jolonauh"},"content":"                throw new DukeException(\"OOPS!!! Some arguments are missing.\");","lastModifiedDate":"2024-02-06"},{"lineNumber":80,"author":{"gitId":"Jolonauh"},"content":"            }","lastModifiedDate":"2024-02-06"},{"lineNumber":81,"author":{"gitId":"Jolonauh"},"content":"            int index \u003d Integer.parseInt(subCommands) - 1;","lastModifiedDate":"2024-02-06"},{"lineNumber":82,"author":{"gitId":"Jolonauh"},"content":"","lastModifiedDate":"2024-02-07"},{"lineNumber":83,"author":{"gitId":"Jolonauh"},"content":"            return new DeleteCommand(index);","lastModifiedDate":"2024-02-06"},{"lineNumber":84,"author":{"gitId":"Jolonauh"},"content":"        case \"find\":","lastModifiedDate":"2024-02-07"},{"lineNumber":85,"author":{"gitId":"Jolonauh"},"content":"            if (isSingleCommand) {","lastModifiedDate":"2024-02-07"},{"lineNumber":86,"author":{"gitId":"Jolonauh"},"content":"                throw new DukeException(\"OOPS!!! Some arguments are missing.\");","lastModifiedDate":"2024-02-07"},{"lineNumber":87,"author":{"gitId":"Jolonauh"},"content":"            }","lastModifiedDate":"2024-02-07"},{"lineNumber":88,"author":{"gitId":"Jolonauh"},"content":"","lastModifiedDate":"2024-02-07"},{"lineNumber":89,"author":{"gitId":"Jolonauh"},"content":"            return new FindCommand(subCommands);","lastModifiedDate":"2024-02-07"},{"lineNumber":90,"author":{"gitId":"Jolonauh"},"content":"        default:","lastModifiedDate":"2024-02-06"},{"lineNumber":91,"author":{"gitId":"Jolonauh"},"content":"            return new UnknownCommand();","lastModifiedDate":"2024-02-06"},{"lineNumber":92,"author":{"gitId":"Jolonauh"},"content":"        }","lastModifiedDate":"2024-02-06"},{"lineNumber":93,"author":{"gitId":"Jolonauh"},"content":"    }","lastModifiedDate":"2024-02-06"},{"lineNumber":94,"author":{"gitId":"Jolonauh"},"content":"}","lastModifiedDate":"2024-02-06"}],"authorContributionMap":{"Jolonauh":94}},{"path":"src/main/java/duke/dataprocessing/DateTimeParser.java","fileType":"java","lines":[{"lineNumber":1,"author":{"gitId":"Jolonauh"},"content":"package duke.dataprocessing;","lastModifiedDate":"2024-02-06"},{"lineNumber":2,"author":{"gitId":"Jolonauh"},"content":"","lastModifiedDate":"2024-02-06"},{"lineNumber":3,"author":{"gitId":"Jolonauh"},"content":"import duke.exceptions.DukeException;","lastModifiedDate":"2024-02-06"},{"lineNumber":4,"author":{"gitId":"Jolonauh"},"content":"","lastModifiedDate":"2024-02-06"},{"lineNumber":5,"author":{"gitId":"Jolonauh"},"content":"import java.time.LocalDate;","lastModifiedDate":"2024-02-06"},{"lineNumber":6,"author":{"gitId":"Jolonauh"},"content":"import java.time.format.DateTimeParseException;","lastModifiedDate":"2024-02-06"},{"lineNumber":7,"author":{"gitId":"Jolonauh"},"content":"","lastModifiedDate":"2024-02-06"},{"lineNumber":8,"author":{"gitId":"Jolonauh"},"content":"public class DateTimeParser {","lastModifiedDate":"2024-02-06"},{"lineNumber":9,"author":{"gitId":"Jolonauh"},"content":"    public static LocalDate parse(String date) throws DukeException {","lastModifiedDate":"2024-02-06"},{"lineNumber":10,"author":{"gitId":"Jolonauh"},"content":"        try {","lastModifiedDate":"2024-02-06"},{"lineNumber":11,"author":{"gitId":"Jolonauh"},"content":"            LocalDate parsedDate \u003d LocalDate.parse(date);","lastModifiedDate":"2024-02-06"},{"lineNumber":12,"author":{"gitId":"Jolonauh"},"content":"            if (parsedDate.isBefore(LocalDate.now())) {","lastModifiedDate":"2024-02-06"},{"lineNumber":13,"author":{"gitId":"Jolonauh"},"content":"                throw new DukeException(\"OOPS!!! The date you provided is already passed.\");","lastModifiedDate":"2024-02-06"},{"lineNumber":14,"author":{"gitId":"Jolonauh"},"content":"            }","lastModifiedDate":"2024-02-06"},{"lineNumber":15,"author":{"gitId":"Jolonauh"},"content":"            return parsedDate;","lastModifiedDate":"2024-02-06"},{"lineNumber":16,"author":{"gitId":"Jolonauh"},"content":"        } catch (DateTimeParseException e) {","lastModifiedDate":"2024-02-06"},{"lineNumber":17,"author":{"gitId":"Jolonauh"},"content":"            throw new DukeException(\"OOPS!!! deadline should be in the format: yyyy-mm-dd.\\n\" +","lastModifiedDate":"2024-02-06"},{"lineNumber":18,"author":{"gitId":"Jolonauh"},"content":"                    \"Please check if your date is valid\");","lastModifiedDate":"2024-02-06"},{"lineNumber":19,"author":{"gitId":"Jolonauh"},"content":"        }","lastModifiedDate":"2024-02-06"},{"lineNumber":20,"author":{"gitId":"Jolonauh"},"content":"    }","lastModifiedDate":"2024-02-06"},{"lineNumber":21,"author":{"gitId":"Jolonauh"},"content":"}","lastModifiedDate":"2024-02-06"}],"authorContributionMap":{"Jolonauh":21}},{"path":"src/main/java/duke/dataprocessing/Decoder.java","fileType":"java","lines":[{"lineNumber":1,"author":{"gitId":"Jolonauh"},"content":"package duke.dataprocessing;","lastModifiedDate":"2024-02-06"},{"lineNumber":2,"author":{"gitId":"Jolonauh"},"content":"","lastModifiedDate":"2024-02-06"},{"lineNumber":3,"author":{"gitId":"Jolonauh"},"content":"import duke.exceptions.DukeException;","lastModifiedDate":"2024-02-06"},{"lineNumber":4,"author":{"gitId":"Jolonauh"},"content":"import duke.tasks.Deadline;","lastModifiedDate":"2024-02-06"},{"lineNumber":5,"author":{"gitId":"Jolonauh"},"content":"import duke.tasks.Event;","lastModifiedDate":"2024-02-06"},{"lineNumber":6,"author":{"gitId":"Jolonauh"},"content":"import duke.tasks.Task;","lastModifiedDate":"2024-02-06"},{"lineNumber":7,"author":{"gitId":"Jolonauh"},"content":"import duke.tasks.Todo;","lastModifiedDate":"2024-02-06"},{"lineNumber":8,"author":{"gitId":"Jolonauh"},"content":"","lastModifiedDate":"2024-02-06"},{"lineNumber":9,"author":{"gitId":"Jolonauh"},"content":"import java.time.LocalDate;","lastModifiedDate":"2024-02-06"},{"lineNumber":10,"author":{"gitId":"Jolonauh"},"content":"import java.time.format.DateTimeParseException;","lastModifiedDate":"2024-02-06"},{"lineNumber":11,"author":{"gitId":"Jolonauh"},"content":"","lastModifiedDate":"2024-02-06"},{"lineNumber":12,"author":{"gitId":"Jolonauh"},"content":"public class Decoder {","lastModifiedDate":"2024-02-06"},{"lineNumber":13,"author":{"gitId":"Jolonauh"},"content":"    public static Task decodeTask(String s) throws DukeException {","lastModifiedDate":"2024-02-06"},{"lineNumber":14,"author":{"gitId":"Jolonauh"},"content":"        String[] attributes \u003d s.split(\",\");","lastModifiedDate":"2024-02-06"},{"lineNumber":15,"author":{"gitId":"Jolonauh"},"content":"        Task task \u003d null;","lastModifiedDate":"2024-02-06"},{"lineNumber":16,"author":{"gitId":"Jolonauh"},"content":"","lastModifiedDate":"2024-02-06"},{"lineNumber":17,"author":{"gitId":"Jolonauh"},"content":"        try {","lastModifiedDate":"2024-02-06"},{"lineNumber":18,"author":{"gitId":"Jolonauh"},"content":"            switch (attributes[0]) {","lastModifiedDate":"2024-02-06"},{"lineNumber":19,"author":{"gitId":"Jolonauh"},"content":"            case \"T\":","lastModifiedDate":"2024-02-06"},{"lineNumber":20,"author":{"gitId":"Jolonauh"},"content":"                task \u003d new Todo(attributes[2]);","lastModifiedDate":"2024-02-06"},{"lineNumber":21,"author":{"gitId":"Jolonauh"},"content":"                break;","lastModifiedDate":"2024-02-06"},{"lineNumber":22,"author":{"gitId":"Jolonauh"},"content":"            case \"D\":","lastModifiedDate":"2024-02-06"},{"lineNumber":23,"author":{"gitId":"Jolonauh"},"content":"                task \u003d new Deadline(attributes[2], LocalDate.parse(attributes[3]));","lastModifiedDate":"2024-02-06"},{"lineNumber":24,"author":{"gitId":"Jolonauh"},"content":"                break;","lastModifiedDate":"2024-02-06"},{"lineNumber":25,"author":{"gitId":"Jolonauh"},"content":"            case \"E\":","lastModifiedDate":"2024-02-06"},{"lineNumber":26,"author":{"gitId":"Jolonauh"},"content":"                task \u003d new Event(attributes[2], LocalDate.parse(attributes[3]), LocalDate.parse(attributes[4]));","lastModifiedDate":"2024-02-06"},{"lineNumber":27,"author":{"gitId":"Jolonauh"},"content":"                break;","lastModifiedDate":"2024-02-06"},{"lineNumber":28,"author":{"gitId":"Jolonauh"},"content":"            default:","lastModifiedDate":"2024-02-06"},{"lineNumber":29,"author":{"gitId":"Jolonauh"},"content":"                throw new DukeException(\"OOPS!!! File input is invalid.\");","lastModifiedDate":"2024-02-06"},{"lineNumber":30,"author":{"gitId":"Jolonauh"},"content":"            }","lastModifiedDate":"2024-02-06"},{"lineNumber":31,"author":{"gitId":"Jolonauh"},"content":"","lastModifiedDate":"2024-02-06"},{"lineNumber":32,"author":{"gitId":"Jolonauh"},"content":"            if (Boolean.parseBoolean(attributes[1])) {","lastModifiedDate":"2024-02-06"},{"lineNumber":33,"author":{"gitId":"Jolonauh"},"content":"                task.markDone();","lastModifiedDate":"2024-02-06"},{"lineNumber":34,"author":{"gitId":"Jolonauh"},"content":"            } else {","lastModifiedDate":"2024-02-06"},{"lineNumber":35,"author":{"gitId":"Jolonauh"},"content":"                task.unmarkDone();","lastModifiedDate":"2024-02-06"},{"lineNumber":36,"author":{"gitId":"Jolonauh"},"content":"            }","lastModifiedDate":"2024-02-06"},{"lineNumber":37,"author":{"gitId":"Jolonauh"},"content":"        } catch (ArrayIndexOutOfBoundsException | DateTimeParseException e) {","lastModifiedDate":"2024-02-06"},{"lineNumber":38,"author":{"gitId":"Jolonauh"},"content":"            throw new DukeException(\"OOPS!!! File input is invalid.\");","lastModifiedDate":"2024-02-06"},{"lineNumber":39,"author":{"gitId":"Jolonauh"},"content":"        }","lastModifiedDate":"2024-02-06"},{"lineNumber":40,"author":{"gitId":"Jolonauh"},"content":"","lastModifiedDate":"2024-02-06"},{"lineNumber":41,"author":{"gitId":"Jolonauh"},"content":"        return task;","lastModifiedDate":"2024-02-06"},{"lineNumber":42,"author":{"gitId":"Jolonauh"},"content":"    }","lastModifiedDate":"2024-02-06"},{"lineNumber":43,"author":{"gitId":"Jolonauh"},"content":"}","lastModifiedDate":"2024-02-06"}],"authorContributionMap":{"Jolonauh":43}},{"path":"src/main/java/duke/exceptions/DukeException.java","fileType":"java","lines":[{"lineNumber":1,"author":{"gitId":"Jolonauh"},"content":"package duke.exceptions;","lastModifiedDate":"2024-02-06"},{"lineNumber":2,"author":{"gitId":"Jolonauh"},"content":"","lastModifiedDate":"2024-02-06"},{"lineNumber":3,"author":{"gitId":"Jolonauh"},"content":"public class DukeException extends Exception {","lastModifiedDate":"2024-02-06"},{"lineNumber":4,"author":{"gitId":"Jolonauh"},"content":"    private String errorMessage;","lastModifiedDate":"2024-02-06"},{"lineNumber":5,"author":{"gitId":"Jolonauh"},"content":"","lastModifiedDate":"2024-02-06"},{"lineNumber":6,"author":{"gitId":"Jolonauh"},"content":"    public DukeException(String errorMessage) {","lastModifiedDate":"2024-02-06"},{"lineNumber":7,"author":{"gitId":"Jolonauh"},"content":"        super(errorMessage);","lastModifiedDate":"2024-02-06"},{"lineNumber":8,"author":{"gitId":"Jolonauh"},"content":"    }","lastModifiedDate":"2024-02-06"},{"lineNumber":9,"author":{"gitId":"Jolonauh"},"content":"}","lastModifiedDate":"2024-02-06"}],"authorContributionMap":{"Jolonauh":9}},{"path":"src/main/java/duke/storage/Storage.java","fileType":"java","lines":[{"lineNumber":1,"author":{"gitId":"Jolonauh"},"content":"package duke.storage;","lastModifiedDate":"2024-02-06"},{"lineNumber":2,"author":{"gitId":"Jolonauh"},"content":"","lastModifiedDate":"2024-02-06"},{"lineNumber":3,"author":{"gitId":"Jolonauh"},"content":"import duke.exceptions.DukeException;","lastModifiedDate":"2024-02-06"},{"lineNumber":4,"author":{"gitId":"Jolonauh"},"content":"import duke.dataprocessing.Decoder;","lastModifiedDate":"2024-02-06"},{"lineNumber":5,"author":{"gitId":"Jolonauh"},"content":"import duke.tasks.Task;","lastModifiedDate":"2024-02-06"},{"lineNumber":6,"author":{"gitId":"Jolonauh"},"content":"","lastModifiedDate":"2024-02-06"},{"lineNumber":7,"author":{"gitId":"Jolonauh"},"content":"import java.io.File;","lastModifiedDate":"2024-02-06"},{"lineNumber":8,"author":{"gitId":"Jolonauh"},"content":"import java.io.FileNotFoundException;","lastModifiedDate":"2024-02-06"},{"lineNumber":9,"author":{"gitId":"Jolonauh"},"content":"import java.io.FileWriter;","lastModifiedDate":"2024-02-06"},{"lineNumber":10,"author":{"gitId":"Jolonauh"},"content":"import java.io.IOException;","lastModifiedDate":"2024-02-06"},{"lineNumber":11,"author":{"gitId":"Jolonauh"},"content":"import java.util.ArrayList;","lastModifiedDate":"2024-02-06"},{"lineNumber":12,"author":{"gitId":"Jolonauh"},"content":"import java.util.List;","lastModifiedDate":"2024-02-06"},{"lineNumber":13,"author":{"gitId":"Jolonauh"},"content":"import java.util.Scanner;","lastModifiedDate":"2024-02-06"},{"lineNumber":14,"author":{"gitId":"Jolonauh"},"content":"","lastModifiedDate":"2024-02-06"},{"lineNumber":15,"author":{"gitId":"Jolonauh"},"content":"public class Storage {","lastModifiedDate":"2024-02-06"},{"lineNumber":16,"author":{"gitId":"Jolonauh"},"content":"    String filepath;","lastModifiedDate":"2024-02-06"},{"lineNumber":17,"author":{"gitId":"Jolonauh"},"content":"","lastModifiedDate":"2024-02-06"},{"lineNumber":18,"author":{"gitId":"Jolonauh"},"content":"    public Storage(String filepath) throws DukeException {","lastModifiedDate":"2024-02-06"},{"lineNumber":19,"author":{"gitId":"Jolonauh"},"content":"        this.filepath \u003d filepath;","lastModifiedDate":"2024-02-06"},{"lineNumber":20,"author":{"gitId":"Jolonauh"},"content":"    }","lastModifiedDate":"2024-02-06"},{"lineNumber":21,"author":{"gitId":"Jolonauh"},"content":"","lastModifiedDate":"2024-02-06"},{"lineNumber":22,"author":{"gitId":"Jolonauh"},"content":"    public List\u003cTask\u003e load() throws DukeException {","lastModifiedDate":"2024-02-06"},{"lineNumber":23,"author":{"gitId":"Jolonauh"},"content":"        List\u003cTask\u003e taskList \u003d new ArrayList\u003c\u003e();","lastModifiedDate":"2024-02-06"},{"lineNumber":24,"author":{"gitId":"Jolonauh"},"content":"        File f \u003d new File(filepath);","lastModifiedDate":"2024-02-06"},{"lineNumber":25,"author":{"gitId":"Jolonauh"},"content":"        Scanner s \u003d null;","lastModifiedDate":"2024-02-06"},{"lineNumber":26,"author":{"gitId":"Jolonauh"},"content":"        try {","lastModifiedDate":"2024-02-06"},{"lineNumber":27,"author":{"gitId":"Jolonauh"},"content":"            s \u003d new Scanner(f);","lastModifiedDate":"2024-02-06"},{"lineNumber":28,"author":{"gitId":"Jolonauh"},"content":"        } catch (FileNotFoundException e) {","lastModifiedDate":"2024-02-06"},{"lineNumber":29,"author":{"gitId":"Jolonauh"},"content":"            throw new DukeException(\"OOPS!!! File is not found.\");","lastModifiedDate":"2024-02-06"},{"lineNumber":30,"author":{"gitId":"Jolonauh"},"content":"        }","lastModifiedDate":"2024-02-06"},{"lineNumber":31,"author":{"gitId":"Jolonauh"},"content":"        while (s.hasNext()) {","lastModifiedDate":"2024-02-06"},{"lineNumber":32,"author":{"gitId":"Jolonauh"},"content":"            Task decoded \u003d Decoder.decodeTask(s.nextLine());","lastModifiedDate":"2024-02-06"},{"lineNumber":33,"author":{"gitId":"Jolonauh"},"content":"            taskList.add(decoded);","lastModifiedDate":"2024-02-06"},{"lineNumber":34,"author":{"gitId":"Jolonauh"},"content":"        }","lastModifiedDate":"2024-02-06"},{"lineNumber":35,"author":{"gitId":"Jolonauh"},"content":"        return taskList;","lastModifiedDate":"2024-02-06"},{"lineNumber":36,"author":{"gitId":"Jolonauh"},"content":"    }","lastModifiedDate":"2024-02-06"},{"lineNumber":37,"author":{"gitId":"Jolonauh"},"content":"","lastModifiedDate":"2024-02-06"},{"lineNumber":38,"author":{"gitId":"Jolonauh"},"content":"    public void update(TaskList taskList) throws DukeException {","lastModifiedDate":"2024-02-06"},{"lineNumber":39,"author":{"gitId":"Jolonauh"},"content":"        try {","lastModifiedDate":"2024-02-06"},{"lineNumber":40,"author":{"gitId":"Jolonauh"},"content":"            FileWriter fw \u003d new FileWriter(filepath);","lastModifiedDate":"2024-02-06"},{"lineNumber":41,"author":{"gitId":"Jolonauh"},"content":"            for (int i \u003d 0; i \u003c taskList.size(); i++) {","lastModifiedDate":"2024-02-06"},{"lineNumber":42,"author":{"gitId":"Jolonauh"},"content":"                String parsedTask \u003d taskList.get(i).toFileString();","lastModifiedDate":"2024-02-06"},{"lineNumber":43,"author":{"gitId":"Jolonauh"},"content":"                fw.write(parsedTask + \"\\n\");","lastModifiedDate":"2024-02-06"},{"lineNumber":44,"author":{"gitId":"Jolonauh"},"content":"            }","lastModifiedDate":"2024-02-06"},{"lineNumber":45,"author":{"gitId":"Jolonauh"},"content":"            fw.close();","lastModifiedDate":"2024-02-06"},{"lineNumber":46,"author":{"gitId":"Jolonauh"},"content":"        } catch (IOException e) {","lastModifiedDate":"2024-02-06"},{"lineNumber":47,"author":{"gitId":"Jolonauh"},"content":"            throw new DukeException(\"OOPS!!! An error occurred with the save file. Try again\");","lastModifiedDate":"2024-02-06"},{"lineNumber":48,"author":{"gitId":"Jolonauh"},"content":"        }","lastModifiedDate":"2024-02-06"},{"lineNumber":49,"author":{"gitId":"Jolonauh"},"content":"    }","lastModifiedDate":"2024-02-06"},{"lineNumber":50,"author":{"gitId":"Jolonauh"},"content":"}","lastModifiedDate":"2024-02-06"}],"authorContributionMap":{"Jolonauh":50}},{"path":"src/main/java/duke/storage/TaskList.java","fileType":"java","lines":[{"lineNumber":1,"author":{"gitId":"Jolonauh"},"content":"package duke.storage;","lastModifiedDate":"2024-02-06"},{"lineNumber":2,"author":{"gitId":"Jolonauh"},"content":"","lastModifiedDate":"2024-02-06"},{"lineNumber":3,"author":{"gitId":"Jolonauh"},"content":"import duke.exceptions.DukeException;","lastModifiedDate":"2024-02-06"},{"lineNumber":4,"author":{"gitId":"Jolonauh"},"content":"import duke.tasks.Task;","lastModifiedDate":"2024-02-06"},{"lineNumber":5,"author":{"gitId":"Jolonauh"},"content":"","lastModifiedDate":"2024-02-06"},{"lineNumber":6,"author":{"gitId":"Jolonauh"},"content":"import java.util.ArrayList;","lastModifiedDate":"2024-02-06"},{"lineNumber":7,"author":{"gitId":"Jolonauh"},"content":"import java.util.List;","lastModifiedDate":"2024-02-06"},{"lineNumber":8,"author":{"gitId":"Jolonauh"},"content":"","lastModifiedDate":"2024-02-06"},{"lineNumber":9,"author":{"gitId":"Jolonauh"},"content":"public class TaskList {","lastModifiedDate":"2024-02-06"},{"lineNumber":10,"author":{"gitId":"Jolonauh"},"content":"    private List\u003cTask\u003e taskList;","lastModifiedDate":"2024-02-06"},{"lineNumber":11,"author":{"gitId":"Jolonauh"},"content":"","lastModifiedDate":"2024-02-06"},{"lineNumber":12,"author":{"gitId":"Jolonauh"},"content":"    public TaskList(List\u003cTask\u003e taskList) {","lastModifiedDate":"2024-02-06"},{"lineNumber":13,"author":{"gitId":"Jolonauh"},"content":"        this.taskList \u003d taskList;","lastModifiedDate":"2024-02-06"},{"lineNumber":14,"author":{"gitId":"Jolonauh"},"content":"    }","lastModifiedDate":"2024-02-06"},{"lineNumber":15,"author":{"gitId":"Jolonauh"},"content":"","lastModifiedDate":"2024-02-06"},{"lineNumber":16,"author":{"gitId":"Jolonauh"},"content":"    public TaskList() {","lastModifiedDate":"2024-02-06"},{"lineNumber":17,"author":{"gitId":"Jolonauh"},"content":"        this.taskList \u003d new ArrayList\u003c\u003e();","lastModifiedDate":"2024-02-06"},{"lineNumber":18,"author":{"gitId":"Jolonauh"},"content":"    }","lastModifiedDate":"2024-02-06"},{"lineNumber":19,"author":{"gitId":"Jolonauh"},"content":"","lastModifiedDate":"2024-02-06"},{"lineNumber":20,"author":{"gitId":"Jolonauh"},"content":"    public void add(Task task) {","lastModifiedDate":"2024-02-06"},{"lineNumber":21,"author":{"gitId":"Jolonauh"},"content":"        this.taskList.add(task);","lastModifiedDate":"2024-02-06"},{"lineNumber":22,"author":{"gitId":"Jolonauh"},"content":"    }","lastModifiedDate":"2024-02-06"},{"lineNumber":23,"author":{"gitId":"Jolonauh"},"content":"","lastModifiedDate":"2024-02-06"},{"lineNumber":24,"author":{"gitId":"Jolonauh"},"content":"    public int size() {","lastModifiedDate":"2024-02-06"},{"lineNumber":25,"author":{"gitId":"Jolonauh"},"content":"        return this.taskList.size();","lastModifiedDate":"2024-02-06"},{"lineNumber":26,"author":{"gitId":"Jolonauh"},"content":"    }","lastModifiedDate":"2024-02-06"},{"lineNumber":27,"author":{"gitId":"Jolonauh"},"content":"","lastModifiedDate":"2024-02-06"},{"lineNumber":28,"author":{"gitId":"Jolonauh"},"content":"    public Task get(int index) throws DukeException {","lastModifiedDate":"2024-02-06"},{"lineNumber":29,"author":{"gitId":"Jolonauh"},"content":"        if (index \u003c 0 || index \u003e taskList.size() - 1) {","lastModifiedDate":"2024-02-06"},{"lineNumber":30,"author":{"gitId":"Jolonauh"},"content":"            throw new DukeException(\"OOPS!!! Invalid index provided.\");","lastModifiedDate":"2024-02-06"},{"lineNumber":31,"author":{"gitId":"Jolonauh"},"content":"        }","lastModifiedDate":"2024-02-06"},{"lineNumber":32,"author":{"gitId":"Jolonauh"},"content":"        return this.taskList.get(index);","lastModifiedDate":"2024-02-06"},{"lineNumber":33,"author":{"gitId":"Jolonauh"},"content":"    }","lastModifiedDate":"2024-02-06"},{"lineNumber":34,"author":{"gitId":"Jolonauh"},"content":"","lastModifiedDate":"2024-02-06"},{"lineNumber":35,"author":{"gitId":"Jolonauh"},"content":"    public Task remove(int index) {","lastModifiedDate":"2024-02-06"},{"lineNumber":36,"author":{"gitId":"Jolonauh"},"content":"        Task target \u003d this.taskList.get(index);","lastModifiedDate":"2024-02-06"},{"lineNumber":37,"author":{"gitId":"Jolonauh"},"content":"        this.taskList.remove(index);","lastModifiedDate":"2024-02-06"},{"lineNumber":38,"author":{"gitId":"Jolonauh"},"content":"","lastModifiedDate":"2024-02-06"},{"lineNumber":39,"author":{"gitId":"Jolonauh"},"content":"        return target;","lastModifiedDate":"2024-02-06"},{"lineNumber":40,"author":{"gitId":"Jolonauh"},"content":"    }","lastModifiedDate":"2024-02-06"},{"lineNumber":41,"author":{"gitId":"Jolonauh"},"content":"","lastModifiedDate":"2024-02-06"},{"lineNumber":42,"author":{"gitId":"Jolonauh"},"content":"    @Override","lastModifiedDate":"2024-02-06"},{"lineNumber":43,"author":{"gitId":"Jolonauh"},"content":"    public String toString() {","lastModifiedDate":"2024-02-06"},{"lineNumber":44,"author":{"gitId":"Jolonauh"},"content":"        StringBuilder taskListString \u003d new StringBuilder();","lastModifiedDate":"2024-02-06"},{"lineNumber":45,"author":{"gitId":"Jolonauh"},"content":"","lastModifiedDate":"2024-02-06"},{"lineNumber":46,"author":{"gitId":"Jolonauh"},"content":"        for (int i \u003d 0; i \u003c taskList.size(); i++) {","lastModifiedDate":"2024-02-06"},{"lineNumber":47,"author":{"gitId":"Jolonauh"},"content":"            taskListString.append(i + 1).append(\".\").append(taskList.get(i));","lastModifiedDate":"2024-02-06"},{"lineNumber":48,"author":{"gitId":"Jolonauh"},"content":"","lastModifiedDate":"2024-02-06"},{"lineNumber":49,"author":{"gitId":"Jolonauh"},"content":"            if (i \u003c taskList.size() - 1) {","lastModifiedDate":"2024-02-06"},{"lineNumber":50,"author":{"gitId":"Jolonauh"},"content":"                taskListString.append(\"\\n\");","lastModifiedDate":"2024-02-06"},{"lineNumber":51,"author":{"gitId":"Jolonauh"},"content":"            }","lastModifiedDate":"2024-02-06"},{"lineNumber":52,"author":{"gitId":"Jolonauh"},"content":"        }","lastModifiedDate":"2024-02-06"},{"lineNumber":53,"author":{"gitId":"Jolonauh"},"content":"","lastModifiedDate":"2024-02-06"},{"lineNumber":54,"author":{"gitId":"Jolonauh"},"content":"        return taskListString.toString();","lastModifiedDate":"2024-02-06"},{"lineNumber":55,"author":{"gitId":"Jolonauh"},"content":"    }","lastModifiedDate":"2024-02-06"},{"lineNumber":56,"author":{"gitId":"Jolonauh"},"content":"}","lastModifiedDate":"2024-02-06"}],"authorContributionMap":{"Jolonauh":56}},{"path":"src/main/java/duke/tasks/Deadline.java","fileType":"java","lines":[{"lineNumber":1,"author":{"gitId":"Jolonauh"},"content":"package duke.tasks;","lastModifiedDate":"2024-02-06"},{"lineNumber":2,"author":{"gitId":"Jolonauh"},"content":"","lastModifiedDate":"2024-02-06"},{"lineNumber":3,"author":{"gitId":"Jolonauh"},"content":"import duke.tasks.Task;","lastModifiedDate":"2024-02-06"},{"lineNumber":4,"author":{"gitId":"Jolonauh"},"content":"","lastModifiedDate":"2024-02-06"},{"lineNumber":5,"author":{"gitId":"Jolonauh"},"content":"import java.time.LocalDate;","lastModifiedDate":"2024-02-06"},{"lineNumber":6,"author":{"gitId":"Jolonauh"},"content":"import java.time.format.DateTimeFormatter;","lastModifiedDate":"2024-02-06"},{"lineNumber":7,"author":{"gitId":"Jolonauh"},"content":"","lastModifiedDate":"2024-02-06"},{"lineNumber":8,"author":{"gitId":"Jolonauh"},"content":"public class Deadline extends Task {","lastModifiedDate":"2024-01-23"},{"lineNumber":9,"author":{"gitId":"Jolonauh"},"content":"    private LocalDate deadline;","lastModifiedDate":"2024-02-06"},{"lineNumber":10,"author":{"gitId":"Jolonauh"},"content":"","lastModifiedDate":"2024-01-23"},{"lineNumber":11,"author":{"gitId":"Jolonauh"},"content":"    public Deadline(String taskDescription, LocalDate deadline) {","lastModifiedDate":"2024-02-06"},{"lineNumber":12,"author":{"gitId":"Jolonauh"},"content":"        super(taskDescription);","lastModifiedDate":"2024-01-23"},{"lineNumber":13,"author":{"gitId":"Jolonauh"},"content":"        this.deadline \u003d deadline;","lastModifiedDate":"2024-01-23"},{"lineNumber":14,"author":{"gitId":"Jolonauh"},"content":"    }","lastModifiedDate":"2024-01-23"},{"lineNumber":15,"author":{"gitId":"Jolonauh"},"content":"","lastModifiedDate":"2024-01-23"},{"lineNumber":16,"author":{"gitId":"Jolonauh"},"content":"    @Override","lastModifiedDate":"2024-02-06"},{"lineNumber":17,"author":{"gitId":"Jolonauh"},"content":"    public String toFileString() {","lastModifiedDate":"2024-02-06"},{"lineNumber":18,"author":{"gitId":"Jolonauh"},"content":"        return String.format(\"T,%b,%s,%s\", isDone, taskDescription, deadline);","lastModifiedDate":"2024-02-06"},{"lineNumber":19,"author":{"gitId":"Jolonauh"},"content":"    }","lastModifiedDate":"2024-02-06"},{"lineNumber":20,"author":{"gitId":"Jolonauh"},"content":"","lastModifiedDate":"2024-02-06"},{"lineNumber":21,"author":{"gitId":"Jolonauh"},"content":"    @Override","lastModifiedDate":"2024-01-23"},{"lineNumber":22,"author":{"gitId":"Jolonauh"},"content":"    public String toString() {","lastModifiedDate":"2024-01-23"},{"lineNumber":23,"author":{"gitId":"Jolonauh"},"content":"        return String.format(\"[D][%s] %s (by: %s)\", this.isDone ? \"X\" : \" \", this.taskDescription, this.deadline.format(DateTimeFormatter.ofPattern(\"MMM d yyyy\")));","lastModifiedDate":"2024-02-06"},{"lineNumber":24,"author":{"gitId":"Jolonauh"},"content":"    }","lastModifiedDate":"2024-01-23"},{"lineNumber":25,"author":{"gitId":"Jolonauh"},"content":"}","lastModifiedDate":"2024-01-23"}],"authorContributionMap":{"Jolonauh":25}},{"path":"src/main/java/duke/tasks/Event.java","fileType":"java","lines":[{"lineNumber":1,"author":{"gitId":"Jolonauh"},"content":"package duke.tasks;","lastModifiedDate":"2024-02-06"},{"lineNumber":2,"author":{"gitId":"Jolonauh"},"content":"","lastModifiedDate":"2024-02-06"},{"lineNumber":3,"author":{"gitId":"Jolonauh"},"content":"import java.time.LocalDate;","lastModifiedDate":"2024-02-06"},{"lineNumber":4,"author":{"gitId":"Jolonauh"},"content":"import java.time.format.DateTimeFormatter;","lastModifiedDate":"2024-02-06"},{"lineNumber":5,"author":{"gitId":"Jolonauh"},"content":"","lastModifiedDate":"2024-02-06"},{"lineNumber":6,"author":{"gitId":"Jolonauh"},"content":"public class Event extends Task {","lastModifiedDate":"2024-01-23"},{"lineNumber":7,"author":{"gitId":"Jolonauh"},"content":"    private LocalDate start;","lastModifiedDate":"2024-02-06"},{"lineNumber":8,"author":{"gitId":"Jolonauh"},"content":"    private LocalDate end;","lastModifiedDate":"2024-02-06"},{"lineNumber":9,"author":{"gitId":"Jolonauh"},"content":"","lastModifiedDate":"2024-01-23"},{"lineNumber":10,"author":{"gitId":"Jolonauh"},"content":"    public Event(String taskDescription, LocalDate start, LocalDate end) {","lastModifiedDate":"2024-02-06"},{"lineNumber":11,"author":{"gitId":"Jolonauh"},"content":"        super(taskDescription);","lastModifiedDate":"2024-01-23"},{"lineNumber":12,"author":{"gitId":"Jolonauh"},"content":"        this.start \u003d start;","lastModifiedDate":"2024-01-23"},{"lineNumber":13,"author":{"gitId":"Jolonauh"},"content":"        this.end \u003d end;","lastModifiedDate":"2024-01-23"},{"lineNumber":14,"author":{"gitId":"Jolonauh"},"content":"    }","lastModifiedDate":"2024-01-23"},{"lineNumber":15,"author":{"gitId":"Jolonauh"},"content":"","lastModifiedDate":"2024-01-23"},{"lineNumber":16,"author":{"gitId":"Jolonauh"},"content":"    @Override","lastModifiedDate":"2024-02-06"},{"lineNumber":17,"author":{"gitId":"Jolonauh"},"content":"    public String toFileString() {","lastModifiedDate":"2024-02-06"},{"lineNumber":18,"author":{"gitId":"Jolonauh"},"content":"        return String.format(\"T,%b,%s,%s,%s\", isDone, taskDescription, start, end);","lastModifiedDate":"2024-02-06"},{"lineNumber":19,"author":{"gitId":"Jolonauh"},"content":"    }","lastModifiedDate":"2024-02-06"},{"lineNumber":20,"author":{"gitId":"Jolonauh"},"content":"","lastModifiedDate":"2024-02-06"},{"lineNumber":21,"author":{"gitId":"Jolonauh"},"content":"    @Override","lastModifiedDate":"2024-01-23"},{"lineNumber":22,"author":{"gitId":"Jolonauh"},"content":"    public String toString() {","lastModifiedDate":"2024-01-23"},{"lineNumber":23,"author":{"gitId":"Jolonauh"},"content":"        return String.format(\"[E][%s] %s (from: %s to: %s)\",","lastModifiedDate":"2024-01-23"},{"lineNumber":24,"author":{"gitId":"Jolonauh"},"content":"                this.isDone ? \"X\" : \" \",","lastModifiedDate":"2024-01-23"},{"lineNumber":25,"author":{"gitId":"Jolonauh"},"content":"                this.taskDescription,","lastModifiedDate":"2024-01-23"},{"lineNumber":26,"author":{"gitId":"Jolonauh"},"content":"                this.start.format(DateTimeFormatter.ofPattern(\"MMM d yyyy\")),","lastModifiedDate":"2024-02-06"},{"lineNumber":27,"author":{"gitId":"Jolonauh"},"content":"                this.end.format(DateTimeFormatter.ofPattern(\"MMM d yyyy\"))","lastModifiedDate":"2024-02-06"},{"lineNumber":28,"author":{"gitId":"Jolonauh"},"content":"        );","lastModifiedDate":"2024-01-23"},{"lineNumber":29,"author":{"gitId":"Jolonauh"},"content":"    }","lastModifiedDate":"2024-01-23"},{"lineNumber":30,"author":{"gitId":"Jolonauh"},"content":"}","lastModifiedDate":"2024-01-23"}],"authorContributionMap":{"Jolonauh":30}},{"path":"src/main/java/duke/tasks/Task.java","fileType":"java","lines":[{"lineNumber":1,"author":{"gitId":"Jolonauh"},"content":"package duke.tasks;","lastModifiedDate":"2024-02-06"},{"lineNumber":2,"author":{"gitId":"Jolonauh"},"content":"","lastModifiedDate":"2024-02-06"},{"lineNumber":3,"author":{"gitId":"Jolonauh"},"content":"public abstract class Task {","lastModifiedDate":"2024-01-23"},{"lineNumber":4,"author":{"gitId":"Jolonauh"},"content":"    protected boolean isDone;","lastModifiedDate":"2024-01-23"},{"lineNumber":5,"author":{"gitId":"Jolonauh"},"content":"    protected String taskDescription;","lastModifiedDate":"2024-01-23"},{"lineNumber":6,"author":{"gitId":"Jolonauh"},"content":"","lastModifiedDate":"2024-01-23"},{"lineNumber":7,"author":{"gitId":"Jolonauh"},"content":"    public Task(String taskDescription) {","lastModifiedDate":"2024-01-23"},{"lineNumber":8,"author":{"gitId":"Jolonauh"},"content":"        this.isDone \u003d false;","lastModifiedDate":"2024-01-23"},{"lineNumber":9,"author":{"gitId":"Jolonauh"},"content":"        this.taskDescription \u003d taskDescription;","lastModifiedDate":"2024-01-23"},{"lineNumber":10,"author":{"gitId":"Jolonauh"},"content":"    }","lastModifiedDate":"2024-01-23"},{"lineNumber":11,"author":{"gitId":"Jolonauh"},"content":"","lastModifiedDate":"2024-01-23"},{"lineNumber":12,"author":{"gitId":"Jolonauh"},"content":"    public void markDone() {","lastModifiedDate":"2024-01-23"},{"lineNumber":13,"author":{"gitId":"Jolonauh"},"content":"        this.isDone \u003d true;","lastModifiedDate":"2024-01-23"},{"lineNumber":14,"author":{"gitId":"Jolonauh"},"content":"    }","lastModifiedDate":"2024-01-23"},{"lineNumber":15,"author":{"gitId":"Jolonauh"},"content":"","lastModifiedDate":"2024-01-23"},{"lineNumber":16,"author":{"gitId":"Jolonauh"},"content":"    public void unmarkDone() {","lastModifiedDate":"2024-01-23"},{"lineNumber":17,"author":{"gitId":"Jolonauh"},"content":"        this.isDone \u003d false;","lastModifiedDate":"2024-01-23"},{"lineNumber":18,"author":{"gitId":"Jolonauh"},"content":"    }","lastModifiedDate":"2024-01-23"},{"lineNumber":19,"author":{"gitId":"Jolonauh"},"content":"","lastModifiedDate":"2024-02-06"},{"lineNumber":20,"author":{"gitId":"Jolonauh"},"content":"    public boolean match(String s) {","lastModifiedDate":"2024-02-08"},{"lineNumber":21,"author":{"gitId":"Jolonauh"},"content":"        return taskDescription.toLowerCase().contains(s);","lastModifiedDate":"2024-02-08"},{"lineNumber":22,"author":{"gitId":"Jolonauh"},"content":"    }","lastModifiedDate":"2024-02-08"},{"lineNumber":23,"author":{"gitId":"Jolonauh"},"content":"","lastModifiedDate":"2024-02-08"},{"lineNumber":24,"author":{"gitId":"Jolonauh"},"content":"    public abstract String toFileString();","lastModifiedDate":"2024-02-06"},{"lineNumber":25,"author":{"gitId":"Jolonauh"},"content":"}","lastModifiedDate":"2024-01-23"}],"authorContributionMap":{"Jolonauh":25}},{"path":"src/main/java/duke/tasks/Todo.java","fileType":"java","lines":[{"lineNumber":1,"author":{"gitId":"Jolonauh"},"content":"package duke.tasks;","lastModifiedDate":"2024-02-06"},{"lineNumber":2,"author":{"gitId":"Jolonauh"},"content":"","lastModifiedDate":"2024-02-06"},{"lineNumber":3,"author":{"gitId":"Jolonauh"},"content":"import duke.tasks.Task;","lastModifiedDate":"2024-02-06"},{"lineNumber":4,"author":{"gitId":"Jolonauh"},"content":"","lastModifiedDate":"2024-02-06"},{"lineNumber":5,"author":{"gitId":"Jolonauh"},"content":"public class Todo extends Task {","lastModifiedDate":"2024-01-23"},{"lineNumber":6,"author":{"gitId":"Jolonauh"},"content":"","lastModifiedDate":"2024-01-23"},{"lineNumber":7,"author":{"gitId":"Jolonauh"},"content":"    public Todo(String taskDescription) {","lastModifiedDate":"2024-01-23"},{"lineNumber":8,"author":{"gitId":"Jolonauh"},"content":"        super(taskDescription);","lastModifiedDate":"2024-01-23"},{"lineNumber":9,"author":{"gitId":"Jolonauh"},"content":"    }","lastModifiedDate":"2024-01-23"},{"lineNumber":10,"author":{"gitId":"Jolonauh"},"content":"","lastModifiedDate":"2024-01-23"},{"lineNumber":11,"author":{"gitId":"Jolonauh"},"content":"    public String toFileString() {","lastModifiedDate":"2024-02-06"},{"lineNumber":12,"author":{"gitId":"Jolonauh"},"content":"        return String.format(\"T,%b,%s\", this.isDone, this.taskDescription);","lastModifiedDate":"2024-02-06"},{"lineNumber":13,"author":{"gitId":"Jolonauh"},"content":"    }","lastModifiedDate":"2024-02-06"},{"lineNumber":14,"author":{"gitId":"Jolonauh"},"content":"","lastModifiedDate":"2024-02-06"},{"lineNumber":15,"author":{"gitId":"Jolonauh"},"content":"    @Override","lastModifiedDate":"2024-01-23"},{"lineNumber":16,"author":{"gitId":"Jolonauh"},"content":"    public String toString() {","lastModifiedDate":"2024-01-23"},{"lineNumber":17,"author":{"gitId":"Jolonauh"},"content":"        return String.format(\"[T][%s] %s\", this.isDone ? \"X\" : \" \", this.taskDescription);","lastModifiedDate":"2024-01-23"},{"lineNumber":18,"author":{"gitId":"Jolonauh"},"content":"    }","lastModifiedDate":"2024-01-23"},{"lineNumber":19,"author":{"gitId":"Jolonauh"},"content":"}","lastModifiedDate":"2024-01-23"}],"authorContributionMap":{"Jolonauh":19}},{"path":"src/main/java/duke/ui/Ui.java","fileType":"java","lines":[{"lineNumber":1,"author":{"gitId":"Jolonauh"},"content":"package duke.ui;","lastModifiedDate":"2024-02-06"},{"lineNumber":2,"author":{"gitId":"Jolonauh"},"content":"","lastModifiedDate":"2024-02-06"},{"lineNumber":3,"author":{"gitId":"Jolonauh"},"content":"import java.util.Scanner;","lastModifiedDate":"2024-02-06"},{"lineNumber":4,"author":{"gitId":"Jolonauh"},"content":"","lastModifiedDate":"2024-02-06"},{"lineNumber":5,"author":{"gitId":"Jolonauh"},"content":"public class Ui {","lastModifiedDate":"2024-02-06"},{"lineNumber":6,"author":{"gitId":"Jolonauh"},"content":"    private Scanner scanner;","lastModifiedDate":"2024-02-06"},{"lineNumber":7,"author":{"gitId":"Jolonauh"},"content":"","lastModifiedDate":"2024-02-06"},{"lineNumber":8,"author":{"gitId":"Jolonauh"},"content":"    public Ui() {","lastModifiedDate":"2024-02-06"},{"lineNumber":9,"author":{"gitId":"Jolonauh"},"content":"        this.scanner \u003d new Scanner(System.in);","lastModifiedDate":"2024-02-06"},{"lineNumber":10,"author":{"gitId":"Jolonauh"},"content":"    }","lastModifiedDate":"2024-02-06"},{"lineNumber":11,"author":{"gitId":"Jolonauh"},"content":"","lastModifiedDate":"2024-02-06"},{"lineNumber":12,"author":{"gitId":"Jolonauh"},"content":"    public void showLoadingError() {","lastModifiedDate":"2024-02-06"},{"lineNumber":13,"author":{"gitId":"Jolonauh"},"content":"        System.out.println(\"loading error occurred\");","lastModifiedDate":"2024-02-06"},{"lineNumber":14,"author":{"gitId":"Jolonauh"},"content":"    }","lastModifiedDate":"2024-02-06"},{"lineNumber":15,"author":{"gitId":"Jolonauh"},"content":"","lastModifiedDate":"2024-02-06"},{"lineNumber":16,"author":{"gitId":"Jolonauh"},"content":"    public void showWelcome() {","lastModifiedDate":"2024-02-06"},{"lineNumber":17,"author":{"gitId":"Jolonauh"},"content":"        showLine();","lastModifiedDate":"2024-02-06"},{"lineNumber":18,"author":{"gitId":"Jolonauh"},"content":"        System.out.println(\"Hello! I\u0027m MicroManager\");","lastModifiedDate":"2024-02-06"},{"lineNumber":19,"author":{"gitId":"Jolonauh"},"content":"        System.out.println(\"What can I do for you?\");","lastModifiedDate":"2024-02-06"},{"lineNumber":20,"author":{"gitId":"Jolonauh"},"content":"        showLine();","lastModifiedDate":"2024-02-06"},{"lineNumber":21,"author":{"gitId":"Jolonauh"},"content":"    }","lastModifiedDate":"2024-02-06"},{"lineNumber":22,"author":{"gitId":"Jolonauh"},"content":"","lastModifiedDate":"2024-02-06"},{"lineNumber":23,"author":{"gitId":"Jolonauh"},"content":"    public String readCommand() {","lastModifiedDate":"2024-02-06"},{"lineNumber":24,"author":{"gitId":"Jolonauh"},"content":"        return this.scanner.nextLine();","lastModifiedDate":"2024-02-06"},{"lineNumber":25,"author":{"gitId":"Jolonauh"},"content":"    }","lastModifiedDate":"2024-02-06"},{"lineNumber":26,"author":{"gitId":"Jolonauh"},"content":"","lastModifiedDate":"2024-02-06"},{"lineNumber":27,"author":{"gitId":"Jolonauh"},"content":"    public void showLine() {","lastModifiedDate":"2024-02-06"},{"lineNumber":28,"author":{"gitId":"Jolonauh"},"content":"        System.out.println(\"____________________________________________________________\");","lastModifiedDate":"2024-02-06"},{"lineNumber":29,"author":{"gitId":"Jolonauh"},"content":"    }","lastModifiedDate":"2024-02-06"},{"lineNumber":30,"author":{"gitId":"Jolonauh"},"content":"","lastModifiedDate":"2024-02-06"},{"lineNumber":31,"author":{"gitId":"Jolonauh"},"content":"    public void showError(String message) {","lastModifiedDate":"2024-02-06"},{"lineNumber":32,"author":{"gitId":"Jolonauh"},"content":"        System.out.println(message);","lastModifiedDate":"2024-02-06"},{"lineNumber":33,"author":{"gitId":"Jolonauh"},"content":"    }","lastModifiedDate":"2024-02-06"},{"lineNumber":34,"author":{"gitId":"Jolonauh"},"content":"}","lastModifiedDate":"2024-02-06"}],"authorContributionMap":{"Jolonauh":34}},{"path":"text-ui-test/input.txt","fileType":"txt","lines":[{"lineNumber":1,"author":{"gitId":"Jolonauh"},"content":"list","lastModifiedDate":"2024-01-24"},{"lineNumber":2,"author":{"gitId":"Jolonauh"},"content":"list arg1","lastModifiedDate":"2024-01-24"},{"lineNumber":3,"author":{"gitId":"Jolonauh"},"content":"mark 1","lastModifiedDate":"2024-01-24"},{"lineNumber":4,"author":{"gitId":"Jolonauh"},"content":"unmark 1","lastModifiedDate":"2024-01-24"},{"lineNumber":5,"author":{"gitId":"Jolonauh"},"content":"todo","lastModifiedDate":"2024-01-24"},{"lineNumber":6,"author":{"gitId":"Jolonauh"},"content":"todo borrow book","lastModifiedDate":"2024-01-24"},{"lineNumber":7,"author":{"gitId":"Jolonauh"},"content":"mark","lastModifiedDate":"2024-01-24"},{"lineNumber":8,"author":{"gitId":"Jolonauh"},"content":"mark 1","lastModifiedDate":"2024-01-24"},{"lineNumber":9,"author":{"gitId":"Jolonauh"},"content":"mark 0","lastModifiedDate":"2024-01-24"},{"lineNumber":10,"author":{"gitId":"Jolonauh"},"content":"mark 5","lastModifiedDate":"2024-01-24"},{"lineNumber":11,"author":{"gitId":"Jolonauh"},"content":"mark a","lastModifiedDate":"2024-01-24"},{"lineNumber":12,"author":{"gitId":"Jolonauh"},"content":"unmark -2","lastModifiedDate":"2024-01-24"},{"lineNumber":13,"author":{"gitId":"Jolonauh"},"content":"unmark 2","lastModifiedDate":"2024-01-24"},{"lineNumber":14,"author":{"gitId":"Jolonauh"},"content":"unmark .","lastModifiedDate":"2024-01-24"},{"lineNumber":15,"author":{"gitId":"Jolonauh"},"content":"list","lastModifiedDate":"2024-01-24"},{"lineNumber":16,"author":{"gitId":"Jolonauh"},"content":"deadline","lastModifiedDate":"2024-01-24"},{"lineNumber":17,"author":{"gitId":"Jolonauh"},"content":"deadline return book","lastModifiedDate":"2024-01-24"},{"lineNumber":18,"author":{"gitId":"Jolonauh"},"content":"deadline return book /by Sunday /by Saturday","lastModifiedDate":"2024-01-24"},{"lineNumber":19,"author":{"gitId":"Jolonauh"},"content":"deadline return book /by Sunday","lastModifiedDate":"2024-01-24"},{"lineNumber":20,"author":{"gitId":"Jolonauh"},"content":"list","lastModifiedDate":"2024-01-24"},{"lineNumber":21,"author":{"gitId":"Jolonauh"},"content":"event","lastModifiedDate":"2024-01-24"},{"lineNumber":22,"author":{"gitId":"Jolonauh"},"content":"event project meeting","lastModifiedDate":"2024-01-24"},{"lineNumber":23,"author":{"gitId":"Jolonauh"},"content":"event project meeting /from Mon 2pm /to 4pm /to 8pm","lastModifiedDate":"2024-01-24"},{"lineNumber":24,"author":{"gitId":"Jolonauh"},"content":"event project meeting /from Mon 2pm /to 4pm","lastModifiedDate":"2024-01-24"},{"lineNumber":25,"author":{"gitId":"Jolonauh"},"content":"list","lastModifiedDate":"2024-01-24"},{"lineNumber":26,"author":{"gitId":"Jolonauh"},"content":"unmark 1","lastModifiedDate":"2024-01-24"},{"lineNumber":27,"author":{"gitId":"Jolonauh"},"content":"list","lastModifiedDate":"2024-01-24"},{"lineNumber":28,"author":{"gitId":"Jolonauh"},"content":"invalid input","lastModifiedDate":"2024-01-24"},{"lineNumber":29,"author":{"gitId":"Jolonauh"},"content":"bye","lastModifiedDate":"2024-01-24"}],"authorContributionMap":{"Jolonauh":29}},{"path":"text-ui-test/runtest.bat","fileType":"bat","lines":[{"lineNumber":1,"author":{"gitId":"-"},"content":"@ECHO OFF","lastModifiedDate":"2020-05-25"},{"lineNumber":2,"author":{"gitId":"-"},"content":"","lastModifiedDate":"2020-05-25"},{"lineNumber":3,"author":{"gitId":"-"},"content":"REM create bin directory if it doesn\u0027t exist","lastModifiedDate":"2020-05-25"},{"lineNumber":4,"author":{"gitId":"-"},"content":"if not exist ..\\bin mkdir ..\\bin","lastModifiedDate":"2020-05-25"},{"lineNumber":5,"author":{"gitId":"-"},"content":"","lastModifiedDate":"2020-05-25"},{"lineNumber":6,"author":{"gitId":"-"},"content":"REM delete output from previous run","lastModifiedDate":"2020-05-25"},{"lineNumber":7,"author":{"gitId":"-"},"content":"if exist ACTUAL.TXT del ACTUAL.TXT","lastModifiedDate":"2020-08-25"},{"lineNumber":8,"author":{"gitId":"-"},"content":"","lastModifiedDate":"2020-05-25"},{"lineNumber":9,"author":{"gitId":"-"},"content":"REM compile the code into the bin folder","lastModifiedDate":"2020-05-25"},{"lineNumber":10,"author":{"gitId":"-"},"content":"javac  -cp ..\\src\\main\\java -Xlint:none -d ..\\bin ..\\src\\main\\java\\*.java","lastModifiedDate":"2020-08-25"},{"lineNumber":11,"author":{"gitId":"-"},"content":"IF ERRORLEVEL 1 (","lastModifiedDate":"2020-05-25"},{"lineNumber":12,"author":{"gitId":"-"},"content":"    echo ********** BUILD FAILURE **********","lastModifiedDate":"2020-05-25"},{"lineNumber":13,"author":{"gitId":"-"},"content":"    exit /b 1","lastModifiedDate":"2020-05-25"},{"lineNumber":14,"author":{"gitId":"-"},"content":")","lastModifiedDate":"2020-05-25"},{"lineNumber":15,"author":{"gitId":"-"},"content":"REM no error here, errorlevel \u003d\u003d 0","lastModifiedDate":"2020-05-25"},{"lineNumber":16,"author":{"gitId":"-"},"content":"","lastModifiedDate":"2020-05-25"},{"lineNumber":17,"author":{"gitId":"Jolonauh"},"content":"REM run the program, feed duke.commands from input.txt file and redirect the output to the ACTUAL.TXT","lastModifiedDate":"2024-02-06"},{"lineNumber":18,"author":{"gitId":"-"},"content":"java -classpath ..\\bin Duke \u003c input.txt \u003e ACTUAL.TXT","lastModifiedDate":"2020-05-25"},{"lineNumber":19,"author":{"gitId":"-"},"content":"","lastModifiedDate":"2020-05-25"},{"lineNumber":20,"author":{"gitId":"-"},"content":"REM compare the output to the expected output","lastModifiedDate":"2020-05-25"},{"lineNumber":21,"author":{"gitId":"-"},"content":"FC ACTUAL.TXT EXPECTED.TXT","lastModifiedDate":"2020-05-25"}],"authorContributionMap":{"Jolonauh":1,"-":20}},{"path":"text-ui-test/runtest.sh","fileType":"sh","lines":[{"lineNumber":1,"author":{"gitId":"-"},"content":"#!/usr/bin/env bash","lastModifiedDate":"2020-05-25"},{"lineNumber":2,"author":{"gitId":"-"},"content":"","lastModifiedDate":"2020-05-25"},{"lineNumber":3,"author":{"gitId":"-"},"content":"# create bin directory if it doesn\u0027t exist","lastModifiedDate":"2020-05-25"},{"lineNumber":4,"author":{"gitId":"-"},"content":"if [ ! -d \"../bin\" ]","lastModifiedDate":"2020-05-25"},{"lineNumber":5,"author":{"gitId":"-"},"content":"then","lastModifiedDate":"2020-05-25"},{"lineNumber":6,"author":{"gitId":"-"},"content":"    mkdir ../bin","lastModifiedDate":"2020-05-25"},{"lineNumber":7,"author":{"gitId":"-"},"content":"fi","lastModifiedDate":"2020-05-25"},{"lineNumber":8,"author":{"gitId":"-"},"content":"","lastModifiedDate":"2020-05-25"},{"lineNumber":9,"author":{"gitId":"-"},"content":"# delete output from previous run","lastModifiedDate":"2020-05-25"},{"lineNumber":10,"author":{"gitId":"-"},"content":"if [ -e \"./ACTUAL.TXT\" ]","lastModifiedDate":"2020-05-25"},{"lineNumber":11,"author":{"gitId":"-"},"content":"then","lastModifiedDate":"2020-05-25"},{"lineNumber":12,"author":{"gitId":"-"},"content":"    rm ACTUAL.TXT","lastModifiedDate":"2020-05-25"},{"lineNumber":13,"author":{"gitId":"-"},"content":"fi","lastModifiedDate":"2020-05-25"},{"lineNumber":14,"author":{"gitId":"-"},"content":"","lastModifiedDate":"2020-05-25"},{"lineNumber":15,"author":{"gitId":"-"},"content":"# compile the code into the bin folder, terminates if error occurred","lastModifiedDate":"2020-05-25"},{"lineNumber":16,"author":{"gitId":"-"},"content":"if ! javac -cp ../src/main/java -Xlint:none -d ../bin ../src/main/java/*.java","lastModifiedDate":"2020-08-25"},{"lineNumber":17,"author":{"gitId":"-"},"content":"then","lastModifiedDate":"2020-05-25"},{"lineNumber":18,"author":{"gitId":"-"},"content":"    echo \"********** BUILD FAILURE **********\"","lastModifiedDate":"2020-05-25"},{"lineNumber":19,"author":{"gitId":"-"},"content":"    exit 1","lastModifiedDate":"2020-05-25"},{"lineNumber":20,"author":{"gitId":"-"},"content":"fi","lastModifiedDate":"2020-05-25"},{"lineNumber":21,"author":{"gitId":"-"},"content":"","lastModifiedDate":"2020-05-25"},{"lineNumber":22,"author":{"gitId":"Jolonauh"},"content":"# run the program, feed duke.commands from input.txt file and redirect the output to the ACTUAL.TXT","lastModifiedDate":"2024-02-06"},{"lineNumber":23,"author":{"gitId":"-"},"content":"java -classpath ../bin Duke \u003c input.txt \u003e ACTUAL.TXT","lastModifiedDate":"2020-05-25"},{"lineNumber":24,"author":{"gitId":"-"},"content":"","lastModifiedDate":"2020-05-25"},{"lineNumber":25,"author":{"gitId":"-"},"content":"# convert to UNIX format","lastModifiedDate":"2020-05-25"},{"lineNumber":26,"author":{"gitId":"-"},"content":"cp EXPECTED.TXT EXPECTED-UNIX.TXT","lastModifiedDate":"2020-05-25"},{"lineNumber":27,"author":{"gitId":"-"},"content":"dos2unix ACTUAL.TXT EXPECTED-UNIX.TXT","lastModifiedDate":"2020-05-25"},{"lineNumber":28,"author":{"gitId":"-"},"content":"","lastModifiedDate":"2020-05-25"},{"lineNumber":29,"author":{"gitId":"-"},"content":"# compare the output to the expected output","lastModifiedDate":"2020-05-25"},{"lineNumber":30,"author":{"gitId":"-"},"content":"diff ACTUAL.TXT EXPECTED-UNIX.TXT","lastModifiedDate":"2020-05-25"},{"lineNumber":31,"author":{"gitId":"-"},"content":"if [ $? -eq 0 ]","lastModifiedDate":"2020-05-25"},{"lineNumber":32,"author":{"gitId":"-"},"content":"then","lastModifiedDate":"2020-05-25"},{"lineNumber":33,"author":{"gitId":"-"},"content":"    echo \"Test result: PASSED\"","lastModifiedDate":"2020-05-25"},{"lineNumber":34,"author":{"gitId":"-"},"content":"    exit 0","lastModifiedDate":"2020-05-25"},{"lineNumber":35,"author":{"gitId":"-"},"content":"else","lastModifiedDate":"2020-05-25"},{"lineNumber":36,"author":{"gitId":"-"},"content":"    echo \"Test result: FAILED\"","lastModifiedDate":"2020-05-25"},{"lineNumber":37,"author":{"gitId":"-"},"content":"    exit 1","lastModifiedDate":"2020-05-25"},{"lineNumber":38,"author":{"gitId":"-"},"content":"fi","lastModifiedDate":"2020-05-25"}],"authorContributionMap":{"Jolonauh":1,"-":37}}]
