{"authorDailyContributionsMap":{"Jolonauh":[{"date":"2024-01-20","commitResults":[{"hash":"7f4f54409475277b59c9fdfa7cb9d5dd34ddc432","isMergeCommit":false,"messageTitle":"Rename chatbot","messageBody":"","tags":["Level-0"],"fileTypesAndContributionMap":{"java":{"insertions":18,"deletions":6}}},{"hash":"19ec61c2fcf6de67a1e11b0930b0e1f3c3e223d6","isMergeCommit":false,"messageTitle":"Add CLI UserInterface interface","messageBody":"","fileTypesAndContributionMap":{"java":{"insertions":43,"deletions":13}}},{"hash":"e96597a2d67712de960903827cc8544dbfacc0a6","isMergeCommit":false,"messageTitle":"Implement echo functionality","messageBody":"","tags":["Level-1"],"fileTypesAndContributionMap":{"java":{"insertions":38,"deletions":20}}}]},{"date":"2024-01-21","commitResults":[{"hash":"63b866905d24ad2f4ed2c369cbe675813347d8a8","isMergeCommit":false,"messageTitle":"Rename getUserInput method in ConsoleUserInterface to handleUserInput","messageBody":"","fileTypesAndContributionMap":{"java":{"insertions":3,"deletions":8}}}]},{"date":"2024-01-23","commitResults":[{"hash":"1b3b9aede0b05bedd95c637b2c0657ee2fbde3f6","isMergeCommit":false,"messageTitle":"Implement functionality to add and list tasks","messageBody":"","tags":["Level-2"],"fileTypesAndContributionMap":{"java":{"insertions":29,"deletions":8}}},{"hash":"c5a62abbb01d2d3a661ef2042236bf12d1329ceb","isMergeCommit":false,"messageTitle":"Add ability to mark and unmark tasks as done","messageBody":"","tags":["Level-3"],"fileTypesAndContributionMap":{"java":{"insertions":61,"deletions":19}}},{"hash":"93b6891c397401f07f6fd78605fa0aa0087620cc","isMergeCommit":false,"messageTitle":"Add task types: todos, events and deadlines","messageBody":"","tags":["Level-4"],"fileTypesAndContributionMap":{"java":{"insertions":82,"deletions":22}}}]},{"date":"2024-01-24","commitResults":[{"hash":"6d5c9e2b3b48e0ff408797d38504eb393b341e99","isMergeCommit":false,"messageTitle":"Add automated text ui testing","messageBody":"","tags":["A-TextUiTesting"],"fileTypesAndContributionMap":{"txt":{"insertions":10,"deletions":0}}},{"hash":"22530eef56697cd4293217a0f73d7bd06591c78a","isMergeCommit":false,"messageTitle":"Update test cases","messageBody":"","fileTypesAndContributionMap":{"txt":{"insertions":22,"deletions":3},"java":{"insertions":116,"deletions":48}}},{"hash":"9418163312bedf871e550b896d49a4cc630d1644","isMergeCommit":false,"messageTitle":"Add delete task functionality","messageBody":"","tags":["Level-6"],"fileTypesAndContributionMap":{"java":{"insertions":28,"deletions":2}}}]},{"date":"2024-01-31","commitResults":[{"hash":"1950516f684e03cf08c12fc75d8e502a6a97f791","isMergeCommit":false,"messageTitle":"remove total field and related methods in Task class","messageBody":"","fileTypesAndContributionMap":{"java":{"insertions":120,"deletions":131}}}]},{"date":"2024-02-03","commitResults":[{"hash":"4d63389d7ed70fa4c0c5a4134ff2acf0ef3f0e87","isMergeCommit":false,"messageTitle":"Rename UI class and add additional classes","messageBody":"","fileTypesAndContributionMap":{"java":{"insertions":11,"deletions":5}}}]},{"date":"2024-02-06","commitResults":[{"hash":"9af0b62225931c468f7b09a9a8ee86f80e6c7969","isMergeCommit":false,"messageTitle":"Add new classes","messageBody":"","fileTypesAndContributionMap":{"txt":{"insertions":1,"deletions":0},"java":{"insertions":412,"deletions":216},"bat":{"insertions":1,"deletions":1},"sh":{"insertions":1,"deletions":1}}},{"hash":"08d6f11cde7d6f0fc2005a1f473ade522bb9152a","isMergeCommit":false,"messageTitle":"Add dates and times","messageBody":"","tags":["Level-8","Level-7","A-Packages","A-MoreOOP"],"fileTypesAndContributionMap":{"txt":{"insertions":1,"deletions":1},"java":{"insertions":175,"deletions":29}}}]},{"date":"2024-02-07","commitResults":[{"hash":"f0398195b763b4277e84001ebc941569dac4735f","isMergeCommit":false,"messageTitle":"Add find command","messageBody":"","fileTypesAndContributionMap":{"txt":{"insertions":1,"deletions":0},"java":{"insertions":46,"deletions":0}}},{"hash":"b020760989fd9bf10eeed0f8e0577d5da637417e","isMergeCommit":true,"messageTitle":"Merge branch \u0027branch-Level-9\u0027 into add-gradle-support","messageBody":"","fileTypesAndContributionMap":{}},{"hash":"bd689549273f1f103ca7debe60a523572a0e063b","isMergeCommit":false,"messageTitle":"Add gradle support","messageBody":"","fileTypesAndContributionMap":{"gradle":{"insertions":7,"deletions":2},"txt":{"insertions":1,"deletions":0},"java":{"insertions":8,"deletions":1}}}]},{"date":"2024-02-08","commitResults":[{"hash":"494dadf13e553612d8647bd4100a8324d52abcb5","isMergeCommit":false,"messageTitle":"Add find command","messageBody":"","fileTypesAndContributionMap":{"java":{"insertions":46,"deletions":0}}},{"hash":"33d013abcd2742a0fb9e8b23e69ded24400732cd","isMergeCommit":false,"messageTitle":"Add tasks.txt","messageBody":"","fileTypesAndContributionMap":{"txt":{"insertions":2,"deletions":0}}},{"hash":"0c2498e1f985da7d8ad050856584943a2ce9983b","isMergeCommit":true,"messageTitle":"Merge branch \u0027master\u0027 of https://github.com/Jolonauh/ip","messageBody":"# Conflicts: tasks.txt updated\n#\tdata/tasks.txt\n","tags":["A-Gradle"],"fileTypesAndContributionMap":{}}]},{"date":"2024-02-09","commitResults":[{"hash":"9f807a421923f666e52eaeb02c7d78f13ea01cc4","isMergeCommit":false,"messageTitle":"Add JUnit tests","messageBody":"","tags":["A-JUnit"],"fileTypesAndContributionMap":{"java":{"insertions":45,"deletions":0}}},{"hash":"c9a6c92c39dff6cbf90c1f5ade098dfa2ec480a4","isMergeCommit":false,"messageTitle":"Make jar file","messageBody":"","tags":["A-Jar"],"fileTypesAndContributionMap":{"gradle":{"insertions":16,"deletions":0},"java":{"insertions":0,"deletions":2}}},{"hash":"cd6bb4835c713f344b12f1ae8948adf6359f2788","isMergeCommit":false,"messageTitle":"Change code to fit coding standard","messageBody":"","tags":["Level-9","A-JavaDoc","A-CodingStandard","A-CheckStyle"],"fileTypesAndContributionMap":{"java":{"insertions":410,"deletions":45}}}]},{"date":"2024-02-13","commitResults":[{"hash":"55517193650bfb452e9d2178e05a19330ce55810","isMergeCommit":false,"messageTitle":"Add GUI","messageBody":"","tags":["Level-10"],"fileTypesAndContributionMap":{"txt":{"insertions":1,"deletions":0},"fxml":{"insertions":35,"deletions":0},"java":{"insertions":246,"deletions":105}}}]},{"date":"2024-02-15","commitResults":[{"hash":"965a5c15f69033827fc72acd8bc16506f5630bf4","isMergeCommit":false,"messageTitle":"Add assertions to necessary classes","messageBody":"Assertions were added to some classes to ensure that certain\nconditions were fulfilled for some methods during execution.\n","fileTypesAndContributionMap":{"java":{"insertions":9,"deletions":62}}}]},{"date":"2024-02-17","commitResults":[{"hash":"0b661543c749e3626f3832259d87a34080e56eb3","isMergeCommit":false,"messageTitle":"Improve code quality in project","messageBody":"Aspects of code quality, such as long methods, complicated expressions\nand poor SLAP were identified and rectified in code.\n","tags":["A-FullCommitMessage"],"fileTypesAndContributionMap":{"txt":{"insertions":1,"deletions":2},"java":{"insertions":92,"deletions":74}}},{"hash":"c20af1c5c3c9b027de5723d19da8551f49044326","isMergeCommit":true,"messageTitle":"Merge pull request #2 from Jolonauh/branch-A-Assertions","messageBody":"Add assertions","tags":["A-CodeQuality"],"fileTypesAndContributionMap":{}}]},{"date":"2024-02-18","commitResults":[{"hash":"ff46fe95a176f702de2f34eac1d0c7da19fc80c8","isMergeCommit":false,"messageTitle":"Add update extension","messageBody":"","tags":["BCD-Extension","A-Assertions"],"fileTypesAndContributionMap":{"txt":{"insertions":2,"deletions":2},"fxml":{"insertions":1,"deletions":1},"java":{"insertions":167,"deletions":95},"bat":{"insertions":1,"deletions":1}}}]},{"date":"2024-02-20","commitResults":[{"hash":"83afb08bb268776363ff25b5d58f67e45fa32313","isMergeCommit":false,"messageTitle":"Add Ui.png","messageBody":"","fileTypesAndContributionMap":{"txt":{"insertions":1,"deletions":3},"java":{"insertions":18,"deletions":2}}}]}]},"authorFileTypeContributionMap":{"Jolonauh":{"java":1274,"md":0,"fxml":35,"sh":1,"bat":1,"gradle":22,"txt":30}},"authorContributionVariance":{"Jolonauh":33266.746},"authorDisplayNameMap":{"Jolonauh":"CS2103T-W12-4 AU J..MIAH"}}
