{"authorDailyContributionsMap":{"Wyrkx":[{"date":"2024-01-24","commitResults":[{"hash":"3f7ee7c6f4b870e816c24024b40f5506e6d59cbc","isMergeCommit":false,"messageTitle":"completed Level 0","messageBody":"","tags":["Level-0"],"fileTypesAndContributionMap":{"java":{"insertions":24,"deletions":10}}},{"hash":"7a05276f2a9c0e252d9e88666ea3ec9ca2da5eb5","isMergeCommit":false,"messageTitle":"completed Level 1","messageBody":"","tags":["Level-1"],"fileTypesAndContributionMap":{"java":{"insertions":21,"deletions":3}}},{"hash":"b47ace32aa45b931bebdb2bce288fae78e1f864f","isMergeCommit":false,"messageTitle":"complated Level 2","messageBody":"","tags":["Level-2"],"fileTypesAndContributionMap":{"java":{"insertions":29,"deletions":12}}},{"hash":"6a23b6233eb0da4419bfcc2474d43fae76008ddc","isMergeCommit":false,"messageTitle":"completed level 3","messageBody":"","tags":["Level-3"],"fileTypesAndContributionMap":{"java":{"insertions":37,"deletions":4}}}]},{"date":"2024-01-26","commitResults":[{"hash":"0b9fc5508464a61b24802ed685d9781caaedd7ff","isMergeCommit":false,"messageTitle":"completed level 4","messageBody":"","fileTypesAndContributionMap":{"java":{"insertions":6,"deletions":0}}},{"hash":"3b4e7cea943ed6963a00f4c3d447539320a98375","isMergeCommit":false,"messageTitle":"completed level 4","messageBody":"","tags":["Level-4"],"fileTypesAndContributionMap":{"java":{"insertions":82,"deletions":20}}},{"hash":"4d40fd61b392d676665f2a0eaa11c18149b22a36","isMergeCommit":false,"messageTitle":"completed automated text ui testing","messageBody":"","tags":["A-TextUiTesting"],"fileTypesAndContributionMap":{"txt":{"insertions":5,"deletions":0},"bat":{"insertions":1,"deletions":1}}},{"hash":"b048fa60a44973f2029ea8deebc2ef46e5def237","isMergeCommit":false,"messageTitle":"completed level 5","messageBody":"","tags":["Level-5"],"fileTypesAndContributionMap":{"java":{"insertions":71,"deletions":44}}},{"hash":"399a2d5bc276003f7afd4822f00e9d4d3e3fb85d","isMergeCommit":false,"messageTitle":"completed level 6","messageBody":"","tags":["Level-6"],"fileTypesAndContributionMap":{"txt":{"insertions":8,"deletions":3},"java":{"insertions":17,"deletions":0}}}]},{"date":"2024-02-04","commitResults":[{"hash":"1938598e42478e10a09f392f236757dc4f6c79c0","isMergeCommit":false,"messageTitle":"Add save and load","messageBody":"","tags":["Level-7"],"fileTypesAndContributionMap":{"java":{"insertions":172,"deletions":57}}}]},{"date":"2024-02-07","commitResults":[{"hash":"4b693ffb599029fd456bb9c18c8d3c4d312a5621","isMergeCommit":false,"messageTitle":"Complete level 8","messageBody":"","tags":["Level-8"],"fileTypesAndContributionMap":{"java":{"insertions":33,"deletions":11}}}]}]},"authorFileTypeContributionMap":{"Wyrkx":{"java":341,"md":0,"fxml":0,"sh":0,"bat":1,"gradle":0,"txt":10}},"authorContributionVariance":{"Wyrkx":5901.447},"authorDisplayNameMap":{"Wyrkx":"CS2103T-F12-3 CARS..E NG"}}
