{"authorDailyContributionsMap":{"Wyrkx":[{"date":"2024-01-24","commitResults":[{"hash":"3f7ee7c6f4b870e816c24024b40f5506e6d59cbc","isMergeCommit":false,"messageTitle":"completed Level 0","messageBody":"","tags":["Level-0"],"fileTypesAndContributionMap":{"java":{"insertions":24,"deletions":10}}},{"hash":"7a05276f2a9c0e252d9e88666ea3ec9ca2da5eb5","isMergeCommit":false,"messageTitle":"completed Level 1","messageBody":"","tags":["Level-1"],"fileTypesAndContributionMap":{"java":{"insertions":21,"deletions":3}}},{"hash":"b47ace32aa45b931bebdb2bce288fae78e1f864f","isMergeCommit":false,"messageTitle":"complated Level 2","messageBody":"","tags":["Level-2"],"fileTypesAndContributionMap":{"java":{"insertions":29,"deletions":12}}},{"hash":"6a23b6233eb0da4419bfcc2474d43fae76008ddc","isMergeCommit":false,"messageTitle":"completed level 3","messageBody":"","tags":["Level-3"],"fileTypesAndContributionMap":{"java":{"insertions":37,"deletions":4}}}]},{"date":"2024-01-26","commitResults":[{"hash":"0b9fc5508464a61b24802ed685d9781caaedd7ff","isMergeCommit":false,"messageTitle":"completed level 4","messageBody":"","fileTypesAndContributionMap":{"java":{"insertions":6,"deletions":0}}},{"hash":"3b4e7cea943ed6963a00f4c3d447539320a98375","isMergeCommit":false,"messageTitle":"completed level 4","messageBody":"","tags":["Level-4"],"fileTypesAndContributionMap":{"java":{"insertions":82,"deletions":20}}},{"hash":"4d40fd61b392d676665f2a0eaa11c18149b22a36","isMergeCommit":false,"messageTitle":"completed automated text ui testing","messageBody":"","tags":["A-TextUiTesting"],"fileTypesAndContributionMap":{"txt":{"insertions":5,"deletions":0},"bat":{"insertions":1,"deletions":1}}},{"hash":"b048fa60a44973f2029ea8deebc2ef46e5def237","isMergeCommit":false,"messageTitle":"completed level 5","messageBody":"","tags":["Level-5"],"fileTypesAndContributionMap":{"java":{"insertions":71,"deletions":44}}},{"hash":"399a2d5bc276003f7afd4822f00e9d4d3e3fb85d","isMergeCommit":false,"messageTitle":"completed level 6","messageBody":"","tags":["Level-6"],"fileTypesAndContributionMap":{"txt":{"insertions":8,"deletions":3},"java":{"insertions":17,"deletions":0}}}]},{"date":"2024-02-04","commitResults":[{"hash":"1938598e42478e10a09f392f236757dc4f6c79c0","isMergeCommit":false,"messageTitle":"Add save and load","messageBody":"","tags":["Level-7"],"fileTypesAndContributionMap":{"java":{"insertions":172,"deletions":57}}}]},{"date":"2024-02-07","commitResults":[{"hash":"4b693ffb599029fd456bb9c18c8d3c4d312a5621","isMergeCommit":false,"messageTitle":"Complete level 8","messageBody":"","tags":["Level-8"],"fileTypesAndContributionMap":{"java":{"insertions":33,"deletions":11}}},{"hash":"fd8120eaee575c6eee6f2f95431f0c4808f4b58e","isMergeCommit":false,"messageTitle":"Complete A-MoreOOP","messageBody":"","tags":["A-MoreOOP"],"fileTypesAndContributionMap":{"java":{"insertions":411,"deletions":227}}}]},{"date":"2024-02-09","commitResults":[{"hash":"1c6d1bcc7bf34665bd1daa017ed368b36b8300f9","isMergeCommit":false,"messageTitle":"refactor into packages","messageBody":"","tags":["A-Packages"],"fileTypesAndContributionMap":{"java":{"insertions":35,"deletions":6}}},{"hash":"49dbd875cacad0c90cfcbc9e49a49f0ce75a1460","isMergeCommit":true,"messageTitle":"Merge remote-tracking branch \u0027upstream/add-gradle-support\u0027","messageBody":"","fileTypesAndContributionMap":{}},{"hash":"66dad5260216e04570a4e8b284c58149d6b4202d","isMergeCommit":false,"messageTitle":"Add gradle support","messageBody":"","tags":["A-Gradle"],"fileTypesAndContributionMap":{"gradle":{"insertions":2,"deletions":2}}},{"hash":"4dca3823248d775ff3592a932c3c8da59f1ce510","isMergeCommit":false,"messageTitle":"Add some junit tests","messageBody":"","tags":["A-JUnit"],"fileTypesAndContributionMap":{"java":{"insertions":46,"deletions":0}}},{"hash":"74d30cb251bf98d2aca43dcc5afaafd5861e3cc5","isMergeCommit":false,"messageTitle":"Build jar","messageBody":"","tags":["A-Jar"],"fileTypesAndContributionMap":{"gradle":{"insertions":1,"deletions":1}}},{"hash":"33052f554d00bc89f151b1b1a4011b81ef6a28ae","isMergeCommit":false,"messageTitle":"Implement find","messageBody":"","fileTypesAndContributionMap":{"java":{"insertions":42,"deletions":0}}},{"hash":"8387d3b00e9be224acf2a883d285efb55158e067","isMergeCommit":false,"messageTitle":"Tweak code to comply with standard","messageBody":"","fileTypesAndContributionMap":{"java":{"insertions":11,"deletions":25}}},{"hash":"ed16994994687f033d33bb2b4eaeb93f576ad5e1","isMergeCommit":false,"messageTitle":"Add JavaDoc","messageBody":"","fileTypesAndContributionMap":{"java":{"insertions":162,"deletions":18}}},{"hash":"02c44229bdcbc48827d1e6af90ef6312f66b9002","isMergeCommit":true,"messageTitle":"Merge branch \u0027branch-A-CodingStandard\u0027","messageBody":"","fileTypesAndContributionMap":{}},{"hash":"9a6552462a73cbea63401e8941b12cb243b9e31c","isMergeCommit":true,"messageTitle":"Resolve conflict.","messageBody":"","fileTypesAndContributionMap":{}},{"hash":"de260f53b29bff3161dfcafbaea7c991b3e5db66","isMergeCommit":false,"messageTitle":"Updated README","messageBody":"","fileTypesAndContributionMap":{"java":{"insertions":2,"deletions":2},"md":{"insertions":22,"deletions":20}}}]}]},"authorFileTypeContributionMap":{"Wyrkx":{"java":786,"md":20,"fxml":0,"sh":0,"bat":1,"gradle":2,"txt":10}},"authorContributionVariance":{"Wyrkx":28592.97},"authorDisplayNameMap":{"Wyrkx":"CS2103T-F12-3 CARS..E NG"}}
