[{"path":"src/main/java/Deadline.java","fileType":"java","lines":[{"lineNumber":1,"author":{"gitId":"Hwww23"},"content":"import java.time.LocalDateTime;","lastModifiedDate":"2024-02-07"},{"lineNumber":2,"author":{"gitId":"Hwww23"},"content":"import java.time.format.DateTimeFormatter;","lastModifiedDate":"2024-02-07"},{"lineNumber":3,"author":{"gitId":"Hwww23"},"content":"","lastModifiedDate":"2024-02-07"},{"lineNumber":4,"author":{"gitId":"Hwww23"},"content":"public class Deadline extends Task {","lastModifiedDate":"2024-01-25"},{"lineNumber":5,"author":{"gitId":"Hwww23"},"content":"    protected LocalDateTime by;","lastModifiedDate":"2024-02-07"},{"lineNumber":6,"author":{"gitId":"Hwww23"},"content":"","lastModifiedDate":"2024-01-25"},{"lineNumber":7,"author":{"gitId":"Hwww23"},"content":"    public Deadline(String description, LocalDateTime by) {","lastModifiedDate":"2024-02-07"},{"lineNumber":8,"author":{"gitId":"Hwww23"},"content":"        super(description);","lastModifiedDate":"2024-01-25"},{"lineNumber":9,"author":{"gitId":"Hwww23"},"content":"        this.by \u003d by;","lastModifiedDate":"2024-01-25"},{"lineNumber":10,"author":{"gitId":"Hwww23"},"content":"    }","lastModifiedDate":"2024-01-25"},{"lineNumber":11,"author":{"gitId":"Hwww23"},"content":"","lastModifiedDate":"2024-01-25"},{"lineNumber":12,"author":{"gitId":"Hwww23"},"content":"    @Override","lastModifiedDate":"2024-01-25"},{"lineNumber":13,"author":{"gitId":"Hwww23"},"content":"    public String toString() {","lastModifiedDate":"2024-01-25"},{"lineNumber":14,"author":{"gitId":"Hwww23"},"content":"        DateTimeFormatter customFormatter \u003d DateTimeFormatter.ofPattern(\"MMM d yyyy h:mma\");","lastModifiedDate":"2024-02-07"},{"lineNumber":15,"author":{"gitId":"Hwww23"},"content":"        String formattedDateTime \u003d this.by.format(customFormatter);","lastModifiedDate":"2024-02-07"},{"lineNumber":16,"author":{"gitId":"Hwww23"},"content":"        return \"[D]\" + super.toString() + \" (by: \" + formattedDateTime + \")\";","lastModifiedDate":"2024-02-07"},{"lineNumber":17,"author":{"gitId":"Hwww23"},"content":"    }","lastModifiedDate":"2024-01-25"},{"lineNumber":18,"author":{"gitId":"Hwww23"},"content":"}","lastModifiedDate":"2024-01-25"}],"authorContributionMap":{"Hwww23":18}},{"path":"src/main/java/Duke.java","fileType":"java","lines":[{"lineNumber":1,"author":{"gitId":"Hwww23"},"content":"import java.io.*;","lastModifiedDate":"2024-01-24"},{"lineNumber":2,"author":{"gitId":"Hwww23"},"content":"import java.text.ParseException;","lastModifiedDate":"2024-02-07"},{"lineNumber":3,"author":{"gitId":"Hwww23"},"content":"import java.util.*;","lastModifiedDate":"2024-01-24"},{"lineNumber":4,"author":{"gitId":"Hwww23"},"content":"import java.time.LocalDate;","lastModifiedDate":"2024-02-07"},{"lineNumber":5,"author":{"gitId":"Hwww23"},"content":"import java.time.format.DateTimeFormatter;","lastModifiedDate":"2024-02-07"},{"lineNumber":6,"author":{"gitId":"Hwww23"},"content":"import java.text.SimpleDateFormat;","lastModifiedDate":"2024-02-07"},{"lineNumber":7,"author":{"gitId":"Hwww23"},"content":"import java.util.Date;","lastModifiedDate":"2024-02-07"},{"lineNumber":8,"author":{"gitId":"Hwww23"},"content":"import java.time.LocalDateTime;","lastModifiedDate":"2024-02-07"},{"lineNumber":9,"author":{"gitId":"Hwww23"},"content":"import java.util.regex.*;","lastModifiedDate":"2024-02-07"},{"lineNumber":10,"author":{"gitId":"Hwww23"},"content":"","lastModifiedDate":"2024-01-24"},{"lineNumber":11,"author":{"gitId":"-"},"content":"public class Duke {","lastModifiedDate":"2019-07-29"},{"lineNumber":12,"author":{"gitId":"Hwww23"},"content":"    enum Request {","lastModifiedDate":"2024-01-26"},{"lineNumber":13,"author":{"gitId":"Hwww23"},"content":"        BYE, LIST, MARK, TODO, DEADLINE, EVENT, DELETE, INVALID","lastModifiedDate":"2024-01-26"},{"lineNumber":14,"author":{"gitId":"Hwww23"},"content":"    }","lastModifiedDate":"2024-01-26"},{"lineNumber":15,"author":{"gitId":"Hwww23"},"content":"","lastModifiedDate":"2024-01-26"},{"lineNumber":16,"author":{"gitId":"-"},"content":"    public static void main(String[] args) {","lastModifiedDate":"2019-07-29"},{"lineNumber":17,"author":{"gitId":"-"},"content":"        String logo \u003d \" ____        _        \\n\"","lastModifiedDate":"2019-07-29"},{"lineNumber":18,"author":{"gitId":"-"},"content":"                + \"|  _ \\\\ _   _| | _____ \\n\"","lastModifiedDate":"2019-07-29"},{"lineNumber":19,"author":{"gitId":"-"},"content":"                + \"| | | | | | | |/ / _ \\\\\\n\"","lastModifiedDate":"2019-07-29"},{"lineNumber":20,"author":{"gitId":"-"},"content":"                + \"| |_| | |_| |   \u003c  __/\\n\"","lastModifiedDate":"2019-07-29"},{"lineNumber":21,"author":{"gitId":"-"},"content":"                + \"|____/ \\\\__,_|_|\\\\_\\\\___|\\n\";","lastModifiedDate":"2019-07-29"},{"lineNumber":22,"author":{"gitId":"-"},"content":"        System.out.println(\"Hello from\\n\" + logo);","lastModifiedDate":"2019-07-29"},{"lineNumber":23,"author":{"gitId":"Hwww23"},"content":"        System.out.println(\"Hello! I\u0027m Hao Wen\\n\" + \"What can I do for you?\");","lastModifiedDate":"2024-01-24"},{"lineNumber":24,"author":{"gitId":"Hwww23"},"content":"        //System.out.println(\"Bye. Hope to see you again soon!\");","lastModifiedDate":"2024-01-24"},{"lineNumber":25,"author":{"gitId":"Hwww23"},"content":"","lastModifiedDate":"2024-01-24"},{"lineNumber":26,"author":{"gitId":"Hwww23"},"content":"        MyList myList \u003d new MyList();","lastModifiedDate":"2024-01-25"},{"lineNumber":27,"author":{"gitId":"Hwww23"},"content":"        BufferedReader br \u003d new BufferedReader(new InputStreamReader(System.in));","lastModifiedDate":"2024-01-25"},{"lineNumber":28,"author":{"gitId":"Hwww23"},"content":"        File file \u003d new File(\"src/main/java/data/duke.txt\");","lastModifiedDate":"2024-02-06"},{"lineNumber":29,"author":{"gitId":"Hwww23"},"content":"","lastModifiedDate":"2024-01-25"},{"lineNumber":30,"author":{"gitId":"Hwww23"},"content":"        try {","lastModifiedDate":"2024-01-25"},{"lineNumber":31,"author":{"gitId":"Hwww23"},"content":"            try (BufferedReader reader \u003d new BufferedReader(new FileReader(file))) {","lastModifiedDate":"2024-02-06"},{"lineNumber":32,"author":{"gitId":"Hwww23"},"content":"                String line;","lastModifiedDate":"2024-02-06"},{"lineNumber":33,"author":{"gitId":"Hwww23"},"content":"                String s, s1, s2, date1 \u003d \"\", date2\u003d \"\";","lastModifiedDate":"2024-02-07"},{"lineNumber":34,"author":{"gitId":"Hwww23"},"content":"                String[] d_t, d_t1;","lastModifiedDate":"2024-02-07"},{"lineNumber":35,"author":{"gitId":"Hwww23"},"content":"                LocalDate d, d1;","lastModifiedDate":"2024-02-07"},{"lineNumber":36,"author":{"gitId":"Hwww23"},"content":"                SimpleDateFormat inputFormat \u003d new SimpleDateFormat(\"HHmm\");","lastModifiedDate":"2024-02-07"},{"lineNumber":37,"author":{"gitId":"Hwww23"},"content":"                SimpleDateFormat outputFormat \u003d new SimpleDateFormat(\"h:mm a\");","lastModifiedDate":"2024-02-07"},{"lineNumber":38,"author":{"gitId":"Hwww23"},"content":"                Date date_1, date_2;","lastModifiedDate":"2024-02-07"},{"lineNumber":39,"author":{"gitId":"Hwww23"},"content":"","lastModifiedDate":"2024-02-06"},{"lineNumber":40,"author":{"gitId":"Hwww23"},"content":"                while ((line \u003d reader.readLine()) !\u003d null) {","lastModifiedDate":"2024-02-06"},{"lineNumber":41,"author":{"gitId":"Hwww23"},"content":"                    String[] loadInput \u003d line.split(\"\\\\|\");","lastModifiedDate":"2024-02-06"},{"lineNumber":42,"author":{"gitId":"Hwww23"},"content":"                    String type \u003d loadInput[0].trim();","lastModifiedDate":"2024-02-06"},{"lineNumber":43,"author":{"gitId":"Hwww23"},"content":"                    String done \u003d loadInput[1].trim();","lastModifiedDate":"2024-02-06"},{"lineNumber":44,"author":{"gitId":"Hwww23"},"content":"                    String taskString, byString, dateTimePattern, fromString, toString;","lastModifiedDate":"2024-02-07"},{"lineNumber":45,"author":{"gitId":"Hwww23"},"content":"                    Task task;","lastModifiedDate":"2024-02-06"},{"lineNumber":46,"author":{"gitId":"Hwww23"},"content":"","lastModifiedDate":"2024-02-06"},{"lineNumber":47,"author":{"gitId":"Hwww23"},"content":"                    switch (type) {","lastModifiedDate":"2024-02-06"},{"lineNumber":48,"author":{"gitId":"Hwww23"},"content":"                        case \"T\":","lastModifiedDate":"2024-02-06"},{"lineNumber":49,"author":{"gitId":"Hwww23"},"content":"                            taskString \u003d loadInput[2].trim();","lastModifiedDate":"2024-02-07"},{"lineNumber":50,"author":{"gitId":"Hwww23"},"content":"                            task \u003d new Todo(taskString);","lastModifiedDate":"2024-02-07"},{"lineNumber":51,"author":{"gitId":"Hwww23"},"content":"","lastModifiedDate":"2024-02-06"},{"lineNumber":52,"author":{"gitId":"Hwww23"},"content":"                            if (done.equals(\"1\")) {","lastModifiedDate":"2024-02-06"},{"lineNumber":53,"author":{"gitId":"Hwww23"},"content":"                                task.markAsDone();","lastModifiedDate":"2024-02-06"},{"lineNumber":54,"author":{"gitId":"Hwww23"},"content":"                            }","lastModifiedDate":"2024-02-06"},{"lineNumber":55,"author":{"gitId":"Hwww23"},"content":"","lastModifiedDate":"2024-02-06"},{"lineNumber":56,"author":{"gitId":"Hwww23"},"content":"                            myList.addItem(task);","lastModifiedDate":"2024-02-06"},{"lineNumber":57,"author":{"gitId":"Hwww23"},"content":"                            break;","lastModifiedDate":"2024-02-06"},{"lineNumber":58,"author":{"gitId":"Hwww23"},"content":"                        case \"D\":","lastModifiedDate":"2024-02-06"},{"lineNumber":59,"author":{"gitId":"Hwww23"},"content":"                            taskString \u003d loadInput[2].trim();","lastModifiedDate":"2024-02-07"},{"lineNumber":60,"author":{"gitId":"Hwww23"},"content":"                            byString \u003d loadInput[3].trim();","lastModifiedDate":"2024-02-07"},{"lineNumber":61,"author":{"gitId":"Hwww23"},"content":"                            dateTimePattern \u003d \"\\\\d{4}-\\\\d{2}-\\\\d{2} \\\\d{4}\";","lastModifiedDate":"2024-02-07"},{"lineNumber":62,"author":{"gitId":"Hwww23"},"content":"","lastModifiedDate":"2024-02-07"},{"lineNumber":63,"author":{"gitId":"Hwww23"},"content":"                            if (Pattern.matches(dateTimePattern, byString)) {","lastModifiedDate":"2024-02-07"},{"lineNumber":64,"author":{"gitId":"Hwww23"},"content":"                                DateTimeFormatter formatter \u003d DateTimeFormatter.ofPattern(\"yyyy-MM-dd HHmm\");","lastModifiedDate":"2024-02-07"},{"lineNumber":65,"author":{"gitId":"Hwww23"},"content":"                                LocalDateTime dateTime \u003d LocalDateTime.parse(byString, formatter);","lastModifiedDate":"2024-02-07"},{"lineNumber":66,"author":{"gitId":"Hwww23"},"content":"                                task \u003d new Deadline(taskString, dateTime);","lastModifiedDate":"2024-02-07"},{"lineNumber":67,"author":{"gitId":"Hwww23"},"content":"                                myList.addItem(task);","lastModifiedDate":"2024-02-07"},{"lineNumber":68,"author":{"gitId":"Hwww23"},"content":"                            } else {","lastModifiedDate":"2024-02-07"},{"lineNumber":69,"author":{"gitId":"Hwww23"},"content":"                                throw new DukeException(\"Please enter date in the format (yyyy-mm-dd hhmm)\");","lastModifiedDate":"2024-02-07"},{"lineNumber":70,"author":{"gitId":"Hwww23"},"content":"                            }","lastModifiedDate":"2024-02-07"},{"lineNumber":71,"author":{"gitId":"Hwww23"},"content":"","lastModifiedDate":"2024-02-06"},{"lineNumber":72,"author":{"gitId":"Hwww23"},"content":"                            if (done.equals(\"1\")) {","lastModifiedDate":"2024-02-06"},{"lineNumber":73,"author":{"gitId":"Hwww23"},"content":"                                task.markAsDone();","lastModifiedDate":"2024-02-06"},{"lineNumber":74,"author":{"gitId":"Hwww23"},"content":"                            }","lastModifiedDate":"2024-02-06"},{"lineNumber":75,"author":{"gitId":"Hwww23"},"content":"                            break;","lastModifiedDate":"2024-02-06"},{"lineNumber":76,"author":{"gitId":"Hwww23"},"content":"                        case \"E\":","lastModifiedDate":"2024-02-06"},{"lineNumber":77,"author":{"gitId":"Hwww23"},"content":"                            taskString \u003d loadInput[2].trim();","lastModifiedDate":"2024-02-07"},{"lineNumber":78,"author":{"gitId":"Hwww23"},"content":"                            fromString \u003d loadInput[3].trim();","lastModifiedDate":"2024-02-07"},{"lineNumber":79,"author":{"gitId":"Hwww23"},"content":"                            toString \u003d loadInput[4].trim();","lastModifiedDate":"2024-02-07"},{"lineNumber":80,"author":{"gitId":"Hwww23"},"content":"                            dateTimePattern \u003d \"\\\\d{4}-\\\\d{2}-\\\\d{2} \\\\d{4}\";","lastModifiedDate":"2024-02-07"},{"lineNumber":81,"author":{"gitId":"Hwww23"},"content":"","lastModifiedDate":"2024-02-07"},{"lineNumber":82,"author":{"gitId":"Hwww23"},"content":"                            if (Pattern.matches(dateTimePattern, fromString) \u0026\u0026 Pattern.matches(dateTimePattern, toString)) {","lastModifiedDate":"2024-02-07"},{"lineNumber":83,"author":{"gitId":"Hwww23"},"content":"                                DateTimeFormatter formatter \u003d DateTimeFormatter.ofPattern(\"yyyy-MM-dd HHmm\");","lastModifiedDate":"2024-02-07"},{"lineNumber":84,"author":{"gitId":"Hwww23"},"content":"                                LocalDateTime dateTimeFrom \u003d LocalDateTime.parse(fromString, formatter);","lastModifiedDate":"2024-02-07"},{"lineNumber":85,"author":{"gitId":"Hwww23"},"content":"                                LocalDateTime dateTimeTo \u003d LocalDateTime.parse(toString, formatter);","lastModifiedDate":"2024-02-07"},{"lineNumber":86,"author":{"gitId":"Hwww23"},"content":"                                task \u003d new Event(taskString, dateTimeFrom, dateTimeTo);","lastModifiedDate":"2024-02-07"},{"lineNumber":87,"author":{"gitId":"Hwww23"},"content":"                                myList.addItem(task);","lastModifiedDate":"2024-02-07"},{"lineNumber":88,"author":{"gitId":"Hwww23"},"content":"                            } else {","lastModifiedDate":"2024-02-07"},{"lineNumber":89,"author":{"gitId":"Hwww23"},"content":"                                throw new DukeException(\"Please enter date in the format (yyyy-mm-dd hhmm)\");","lastModifiedDate":"2024-02-07"},{"lineNumber":90,"author":{"gitId":"Hwww23"},"content":"                            }","lastModifiedDate":"2024-02-07"},{"lineNumber":91,"author":{"gitId":"Hwww23"},"content":"","lastModifiedDate":"2024-02-06"},{"lineNumber":92,"author":{"gitId":"Hwww23"},"content":"                            if (done.equals(\"1\")) {","lastModifiedDate":"2024-02-06"},{"lineNumber":93,"author":{"gitId":"Hwww23"},"content":"                                task.markAsDone();","lastModifiedDate":"2024-02-06"},{"lineNumber":94,"author":{"gitId":"Hwww23"},"content":"                            }","lastModifiedDate":"2024-02-06"},{"lineNumber":95,"author":{"gitId":"Hwww23"},"content":"                            break;","lastModifiedDate":"2024-02-06"},{"lineNumber":96,"author":{"gitId":"Hwww23"},"content":"                    }","lastModifiedDate":"2024-02-06"},{"lineNumber":97,"author":{"gitId":"Hwww23"},"content":"                }","lastModifiedDate":"2024-02-06"},{"lineNumber":98,"author":{"gitId":"Hwww23"},"content":"            } catch (FileNotFoundException e) {","lastModifiedDate":"2024-02-06"},{"lineNumber":99,"author":{"gitId":"Hwww23"},"content":"                System.out.println(\"Error: File not Found\");","lastModifiedDate":"2024-02-06"},{"lineNumber":100,"author":{"gitId":"Hwww23"},"content":"            } catch (DukeException e) {","lastModifiedDate":"2024-02-07"},{"lineNumber":101,"author":{"gitId":"Hwww23"},"content":"                System.out.println(\"Error: \" + e.getMsg());","lastModifiedDate":"2024-02-07"},{"lineNumber":102,"author":{"gitId":"Hwww23"},"content":"            }","lastModifiedDate":"2024-02-06"},{"lineNumber":103,"author":{"gitId":"Hwww23"},"content":"","lastModifiedDate":"2024-02-06"},{"lineNumber":104,"author":{"gitId":"Hwww23"},"content":"            while (true) {","lastModifiedDate":"2024-01-24"},{"lineNumber":105,"author":{"gitId":"Hwww23"},"content":"                String userInput \u003d br.readLine();","lastModifiedDate":"2024-01-24"},{"lineNumber":106,"author":{"gitId":"Hwww23"},"content":"                Request request \u003d getRequest(userInput);","lastModifiedDate":"2024-01-26"},{"lineNumber":107,"author":{"gitId":"Hwww23"},"content":"","lastModifiedDate":"2024-01-25"},{"lineNumber":108,"author":{"gitId":"Hwww23"},"content":"                switch (request) {","lastModifiedDate":"2024-01-26"},{"lineNumber":109,"author":{"gitId":"Hwww23"},"content":"                    case BYE:","lastModifiedDate":"2024-01-26"},{"lineNumber":110,"author":{"gitId":"Hwww23"},"content":"                        System.out.println(\"Bye. Hope to see you again soon!\");","lastModifiedDate":"2024-01-26"},{"lineNumber":111,"author":{"gitId":"Hwww23"},"content":"                        return;","lastModifiedDate":"2024-01-26"},{"lineNumber":112,"author":{"gitId":"Hwww23"},"content":"                    case LIST:","lastModifiedDate":"2024-01-26"},{"lineNumber":113,"author":{"gitId":"Hwww23"},"content":"                        System.out.println(myList.getItems());","lastModifiedDate":"2024-01-25"},{"lineNumber":114,"author":{"gitId":"Hwww23"},"content":"                        break;","lastModifiedDate":"2024-01-26"},{"lineNumber":115,"author":{"gitId":"Hwww23"},"content":"                    case MARK:","lastModifiedDate":"2024-01-26"},{"lineNumber":116,"author":{"gitId":"Hwww23"},"content":"                        try {","lastModifiedDate":"2024-01-25"},{"lineNumber":117,"author":{"gitId":"Hwww23"},"content":"                            int index \u003d Integer.parseInt(userInput.substring(\"mark\".length()).trim());","lastModifiedDate":"2024-01-25"},{"lineNumber":118,"author":{"gitId":"Hwww23"},"content":"                            System.out.println(myList.markTask(index));","lastModifiedDate":"2024-01-25"},{"lineNumber":119,"author":{"gitId":"Hwww23"},"content":"                        } catch (NumberFormatException e) {","lastModifiedDate":"2024-01-25"},{"lineNumber":120,"author":{"gitId":"Hwww23"},"content":"                            System.out.println(\"Please enter a number after mark.\");","lastModifiedDate":"2024-01-26"},{"lineNumber":121,"author":{"gitId":"Hwww23"},"content":"                        }","lastModifiedDate":"2024-01-25"},{"lineNumber":122,"author":{"gitId":"Hwww23"},"content":"                        break;","lastModifiedDate":"2024-01-26"},{"lineNumber":123,"author":{"gitId":"Hwww23"},"content":"                    case TODO:","lastModifiedDate":"2024-01-26"},{"lineNumber":124,"author":{"gitId":"Hwww23"},"content":"                        try {","lastModifiedDate":"2024-01-26"},{"lineNumber":125,"author":{"gitId":"Hwww23"},"content":"                            String s \u003d userInput.substring(\"todo\".length()).trim();","lastModifiedDate":"2024-01-25"},{"lineNumber":126,"author":{"gitId":"Hwww23"},"content":"","lastModifiedDate":"2024-02-07"},{"lineNumber":127,"author":{"gitId":"Hwww23"},"content":"                            if (s.isEmpty()) {","lastModifiedDate":"2024-01-26"},{"lineNumber":128,"author":{"gitId":"Hwww23"},"content":"                                throw new DukeException(\"Task description cannot be empty.\");","lastModifiedDate":"2024-01-26"},{"lineNumber":129,"author":{"gitId":"Hwww23"},"content":"                            }","lastModifiedDate":"2024-01-26"},{"lineNumber":130,"author":{"gitId":"Hwww23"},"content":"","lastModifiedDate":"2024-02-07"},{"lineNumber":131,"author":{"gitId":"Hwww23"},"content":"                            Task task \u003d new Todo(s);","lastModifiedDate":"2024-01-25"},{"lineNumber":132,"author":{"gitId":"Hwww23"},"content":"                            System.out.println(myList.addItem(task));","lastModifiedDate":"2024-01-25"},{"lineNumber":133,"author":{"gitId":"Hwww23"},"content":"                        } catch (DukeException e) {","lastModifiedDate":"2024-01-26"},{"lineNumber":134,"author":{"gitId":"Hwww23"},"content":"                            System.out.println(\"Error: \" + e.getMsg());","lastModifiedDate":"2024-01-26"},{"lineNumber":135,"author":{"gitId":"Hwww23"},"content":"                        }","lastModifiedDate":"2024-01-26"},{"lineNumber":136,"author":{"gitId":"Hwww23"},"content":"                        break;","lastModifiedDate":"2024-01-26"},{"lineNumber":137,"author":{"gitId":"Hwww23"},"content":"                    case DEADLINE:","lastModifiedDate":"2024-01-26"},{"lineNumber":138,"author":{"gitId":"Hwww23"},"content":"                        try {","lastModifiedDate":"2024-01-26"},{"lineNumber":139,"author":{"gitId":"Hwww23"},"content":"                            String s \u003d userInput.substring(\"deadline\".length()).trim();","lastModifiedDate":"2024-01-25"},{"lineNumber":140,"author":{"gitId":"Hwww23"},"content":"                            String[] s1 \u003d s.split(\"/by\");","lastModifiedDate":"2024-01-25"},{"lineNumber":141,"author":{"gitId":"Hwww23"},"content":"","lastModifiedDate":"2024-02-07"},{"lineNumber":142,"author":{"gitId":"Hwww23"},"content":"                            if (s1.length \u003e 2) {","lastModifiedDate":"2024-01-26"},{"lineNumber":143,"author":{"gitId":"Hwww23"},"content":"                                throw new DukeException(\"Please enter format deadline (task) /by (yyyy-mm-dd hhmm)\");","lastModifiedDate":"2024-02-07"},{"lineNumber":144,"author":{"gitId":"Hwww23"},"content":"                            } else if (s1[1].trim().isEmpty()) {","lastModifiedDate":"2024-01-26"},{"lineNumber":145,"author":{"gitId":"Hwww23"},"content":"                                throw new DukeException(\"Empty timing. Please enter format deadline (task) /by (yyyy-mm-dd hhmm)\");","lastModifiedDate":"2024-02-07"},{"lineNumber":146,"author":{"gitId":"Hwww23"},"content":"                            }","lastModifiedDate":"2024-01-26"},{"lineNumber":147,"author":{"gitId":"Hwww23"},"content":"","lastModifiedDate":"2024-02-07"},{"lineNumber":148,"author":{"gitId":"Hwww23"},"content":"                            String taskString \u003d s1[0].trim();","lastModifiedDate":"2024-02-07"},{"lineNumber":149,"author":{"gitId":"Hwww23"},"content":"                            String byString \u003d s1[1].trim();","lastModifiedDate":"2024-02-07"},{"lineNumber":150,"author":{"gitId":"Hwww23"},"content":"                            String dateTimePattern \u003d \"\\\\d{4}-\\\\d{2}-\\\\d{2} \\\\d{4}\";","lastModifiedDate":"2024-02-07"},{"lineNumber":151,"author":{"gitId":"Hwww23"},"content":"","lastModifiedDate":"2024-02-07"},{"lineNumber":152,"author":{"gitId":"Hwww23"},"content":"                            if (Pattern.matches(dateTimePattern, byString)) {","lastModifiedDate":"2024-02-07"},{"lineNumber":153,"author":{"gitId":"Hwww23"},"content":"                                DateTimeFormatter formatter \u003d DateTimeFormatter.ofPattern(\"yyyy-MM-dd HHmm\");","lastModifiedDate":"2024-02-07"},{"lineNumber":154,"author":{"gitId":"Hwww23"},"content":"                                LocalDateTime dateTime \u003d LocalDateTime.parse(byString, formatter);","lastModifiedDate":"2024-02-07"},{"lineNumber":155,"author":{"gitId":"Hwww23"},"content":"                                Task task \u003d new Deadline(taskString, dateTime);","lastModifiedDate":"2024-02-07"},{"lineNumber":156,"author":{"gitId":"Hwww23"},"content":"                                System.out.println(myList.addItem(task));","lastModifiedDate":"2024-01-25"},{"lineNumber":157,"author":{"gitId":"Hwww23"},"content":"                            } else {","lastModifiedDate":"2024-02-07"},{"lineNumber":158,"author":{"gitId":"Hwww23"},"content":"                                throw new DukeException(\"Please enter date in the format (yyyy-mm-dd hhmm)\");","lastModifiedDate":"2024-02-07"},{"lineNumber":159,"author":{"gitId":"Hwww23"},"content":"                            }","lastModifiedDate":"2024-02-07"},{"lineNumber":160,"author":{"gitId":"Hwww23"},"content":"                        } catch (DukeException e) {","lastModifiedDate":"2024-01-26"},{"lineNumber":161,"author":{"gitId":"Hwww23"},"content":"                            System.out.println(\"Error: \" + e.getMsg());","lastModifiedDate":"2024-01-26"},{"lineNumber":162,"author":{"gitId":"Hwww23"},"content":"                        } catch (ArrayIndexOutOfBoundsException e) {","lastModifiedDate":"2024-01-26"},{"lineNumber":163,"author":{"gitId":"Hwww23"},"content":"                            System.out.println(\"Please enter format deadline (task) /by (yyyy-mm-dd hhmm)\");","lastModifiedDate":"2024-02-07"},{"lineNumber":164,"author":{"gitId":"Hwww23"},"content":"                        }","lastModifiedDate":"2024-01-26"},{"lineNumber":165,"author":{"gitId":"Hwww23"},"content":"                        break;","lastModifiedDate":"2024-01-26"},{"lineNumber":166,"author":{"gitId":"Hwww23"},"content":"                    case EVENT:","lastModifiedDate":"2024-01-26"},{"lineNumber":167,"author":{"gitId":"Hwww23"},"content":"                        try {","lastModifiedDate":"2024-01-26"},{"lineNumber":168,"author":{"gitId":"Hwww23"},"content":"                            String s \u003d userInput.substring(\"event\".length()).trim();","lastModifiedDate":"2024-01-25"},{"lineNumber":169,"author":{"gitId":"Hwww23"},"content":"                            String[] s1 \u003d s.split(\"/from\");","lastModifiedDate":"2024-01-25"},{"lineNumber":170,"author":{"gitId":"Hwww23"},"content":"","lastModifiedDate":"2024-02-07"},{"lineNumber":171,"author":{"gitId":"Hwww23"},"content":"                            if (s1.length \u003e 2) {","lastModifiedDate":"2024-01-26"},{"lineNumber":172,"author":{"gitId":"Hwww23"},"content":"                                throw new DukeException(\"Please enter format event (task) /from (yyyy-mm-dd hhmm) /to (yyyy-mm-dd hhmm)\");","lastModifiedDate":"2024-02-07"},{"lineNumber":173,"author":{"gitId":"Hwww23"},"content":"                            } else if (s1[1].trim().isEmpty()) {","lastModifiedDate":"2024-01-26"},{"lineNumber":174,"author":{"gitId":"Hwww23"},"content":"                                throw new DukeException(\"Empty timing. Please enter format event (task) /from (yyyy-mm-dd hhmm) /to (yyyy-mm-dd hhmm)\");","lastModifiedDate":"2024-02-07"},{"lineNumber":175,"author":{"gitId":"Hwww23"},"content":"                            }","lastModifiedDate":"2024-01-26"},{"lineNumber":176,"author":{"gitId":"Hwww23"},"content":"","lastModifiedDate":"2024-02-07"},{"lineNumber":177,"author":{"gitId":"Hwww23"},"content":"                            String[] s2 \u003d s1[1].split(\"/to\");","lastModifiedDate":"2024-01-25"},{"lineNumber":178,"author":{"gitId":"Hwww23"},"content":"","lastModifiedDate":"2024-02-07"},{"lineNumber":179,"author":{"gitId":"Hwww23"},"content":"                            if (s2.length \u003e 2) {","lastModifiedDate":"2024-01-26"},{"lineNumber":180,"author":{"gitId":"Hwww23"},"content":"                                throw new DukeException(\"Please enter format event (task) /from (yyyy-mm-dd hhmm) /to (yyyy-mm-dd hhmm)\");","lastModifiedDate":"2024-02-07"},{"lineNumber":181,"author":{"gitId":"Hwww23"},"content":"                            } else if (s2[1].trim().isEmpty()) {","lastModifiedDate":"2024-01-26"},{"lineNumber":182,"author":{"gitId":"Hwww23"},"content":"                                throw new DukeException(\"Empty timing. Please enter format event (task) /from (yyyy-mm-dd hhmm) /to (yyyy-mm-dd hhmm)\");","lastModifiedDate":"2024-02-07"},{"lineNumber":183,"author":{"gitId":"Hwww23"},"content":"                            }","lastModifiedDate":"2024-01-26"},{"lineNumber":184,"author":{"gitId":"Hwww23"},"content":"","lastModifiedDate":"2024-02-07"},{"lineNumber":185,"author":{"gitId":"Hwww23"},"content":"                            String taskString \u003d s1[0].trim();","lastModifiedDate":"2024-02-07"},{"lineNumber":186,"author":{"gitId":"Hwww23"},"content":"                            String fromString \u003d s2[0].trim();","lastModifiedDate":"2024-02-07"},{"lineNumber":187,"author":{"gitId":"Hwww23"},"content":"                            String toString \u003d s2[1].trim();","lastModifiedDate":"2024-02-07"},{"lineNumber":188,"author":{"gitId":"Hwww23"},"content":"                            String dateTimePattern \u003d \"\\\\d{4}-\\\\d{2}-\\\\d{2} \\\\d{4}\";","lastModifiedDate":"2024-02-07"},{"lineNumber":189,"author":{"gitId":"Hwww23"},"content":"","lastModifiedDate":"2024-02-07"},{"lineNumber":190,"author":{"gitId":"Hwww23"},"content":"                            if (Pattern.matches(dateTimePattern, fromString) \u0026\u0026 Pattern.matches(dateTimePattern, toString)) {","lastModifiedDate":"2024-02-07"},{"lineNumber":191,"author":{"gitId":"Hwww23"},"content":"                                DateTimeFormatter formatter \u003d DateTimeFormatter.ofPattern(\"yyyy-MM-dd HHmm\");","lastModifiedDate":"2024-02-07"},{"lineNumber":192,"author":{"gitId":"Hwww23"},"content":"                                LocalDateTime dateTimeFrom \u003d LocalDateTime.parse(fromString, formatter);","lastModifiedDate":"2024-02-07"},{"lineNumber":193,"author":{"gitId":"Hwww23"},"content":"                                LocalDateTime dateTimeTo \u003d LocalDateTime.parse(toString, formatter);","lastModifiedDate":"2024-02-07"},{"lineNumber":194,"author":{"gitId":"Hwww23"},"content":"                                Task task \u003d new Event(taskString, dateTimeFrom, dateTimeTo);","lastModifiedDate":"2024-02-07"},{"lineNumber":195,"author":{"gitId":"Hwww23"},"content":"                                System.out.println(myList.addItem(task));","lastModifiedDate":"2024-01-25"},{"lineNumber":196,"author":{"gitId":"Hwww23"},"content":"                            } else {","lastModifiedDate":"2024-02-07"},{"lineNumber":197,"author":{"gitId":"Hwww23"},"content":"                                throw new DukeException(\"Please enter date in the format (yyyy-mm-dd hhmm)\");","lastModifiedDate":"2024-02-07"},{"lineNumber":198,"author":{"gitId":"Hwww23"},"content":"                            }","lastModifiedDate":"2024-02-07"},{"lineNumber":199,"author":{"gitId":"Hwww23"},"content":"                        } catch (DukeException e) {","lastModifiedDate":"2024-01-26"},{"lineNumber":200,"author":{"gitId":"Hwww23"},"content":"                            System.out.println(\"Error: \" + e.getMsg());","lastModifiedDate":"2024-01-26"},{"lineNumber":201,"author":{"gitId":"Hwww23"},"content":"                        } catch (ArrayIndexOutOfBoundsException e) {","lastModifiedDate":"2024-01-26"},{"lineNumber":202,"author":{"gitId":"Hwww23"},"content":"                            System.out.println(\"Please enter format event (task) /from (yyyy-mm-dd hhmm) /to (yyyy-mm-dd hhmm)\");","lastModifiedDate":"2024-02-07"},{"lineNumber":203,"author":{"gitId":"Hwww23"},"content":"                        }","lastModifiedDate":"2024-01-26"},{"lineNumber":204,"author":{"gitId":"Hwww23"},"content":"                        break;","lastModifiedDate":"2024-01-26"},{"lineNumber":205,"author":{"gitId":"Hwww23"},"content":"                    case DELETE:","lastModifiedDate":"2024-01-26"},{"lineNumber":206,"author":{"gitId":"Hwww23"},"content":"                        try {","lastModifiedDate":"2024-01-26"},{"lineNumber":207,"author":{"gitId":"Hwww23"},"content":"                            int index \u003d Integer.parseInt(userInput.substring(\"delete\".length()).trim());","lastModifiedDate":"2024-01-26"},{"lineNumber":208,"author":{"gitId":"Hwww23"},"content":"                            System.out.println(myList.delete(index));","lastModifiedDate":"2024-01-26"},{"lineNumber":209,"author":{"gitId":"Hwww23"},"content":"                        } catch (NumberFormatException e) {","lastModifiedDate":"2024-01-26"},{"lineNumber":210,"author":{"gitId":"Hwww23"},"content":"                            System.out.println(\"Please enter a number after delete.\");","lastModifiedDate":"2024-01-26"},{"lineNumber":211,"author":{"gitId":"Hwww23"},"content":"                        }","lastModifiedDate":"2024-01-26"},{"lineNumber":212,"author":{"gitId":"Hwww23"},"content":"                        break;","lastModifiedDate":"2024-01-26"},{"lineNumber":213,"author":{"gitId":"Hwww23"},"content":"                    case INVALID:","lastModifiedDate":"2024-01-26"},{"lineNumber":214,"author":{"gitId":"Hwww23"},"content":"                        System.out.println(\"OOPS! That was an invalid input\");","lastModifiedDate":"2024-01-26"},{"lineNumber":215,"author":{"gitId":"Hwww23"},"content":"                        break;","lastModifiedDate":"2024-01-26"},{"lineNumber":216,"author":{"gitId":"Hwww23"},"content":"                }","lastModifiedDate":"2024-01-25"},{"lineNumber":217,"author":{"gitId":"Hwww23"},"content":"            }","lastModifiedDate":"2024-01-24"},{"lineNumber":218,"author":{"gitId":"Hwww23"},"content":"","lastModifiedDate":"2024-01-24"},{"lineNumber":219,"author":{"gitId":"Hwww23"},"content":"        } catch (IOException e) {","lastModifiedDate":"2024-01-24"},{"lineNumber":220,"author":{"gitId":"Hwww23"},"content":"            System.err.println(\"Error\");","lastModifiedDate":"2024-01-24"},{"lineNumber":221,"author":{"gitId":"Hwww23"},"content":"        }","lastModifiedDate":"2024-01-24"},{"lineNumber":222,"author":{"gitId":"-"},"content":"    }","lastModifiedDate":"2019-07-29"},{"lineNumber":223,"author":{"gitId":"Hwww23"},"content":"","lastModifiedDate":"2024-01-26"},{"lineNumber":224,"author":{"gitId":"Hwww23"},"content":"    private static Request getRequest(String userInput) {","lastModifiedDate":"2024-01-26"},{"lineNumber":225,"author":{"gitId":"Hwww23"},"content":"        String inputUpper \u003d userInput.toUpperCase();","lastModifiedDate":"2024-01-26"},{"lineNumber":226,"author":{"gitId":"Hwww23"},"content":"","lastModifiedDate":"2024-01-26"},{"lineNumber":227,"author":{"gitId":"Hwww23"},"content":"        for (Request request : Request.values()) {","lastModifiedDate":"2024-01-26"},{"lineNumber":228,"author":{"gitId":"Hwww23"},"content":"            if (inputUpper.startsWith(request.name())) {","lastModifiedDate":"2024-01-26"},{"lineNumber":229,"author":{"gitId":"Hwww23"},"content":"                return request;","lastModifiedDate":"2024-01-26"},{"lineNumber":230,"author":{"gitId":"Hwww23"},"content":"            }","lastModifiedDate":"2024-01-26"},{"lineNumber":231,"author":{"gitId":"Hwww23"},"content":"        }","lastModifiedDate":"2024-01-26"},{"lineNumber":232,"author":{"gitId":"Hwww23"},"content":"","lastModifiedDate":"2024-01-26"},{"lineNumber":233,"author":{"gitId":"Hwww23"},"content":"        return Request.INVALID;","lastModifiedDate":"2024-01-26"},{"lineNumber":234,"author":{"gitId":"-"},"content":"    }","lastModifiedDate":"2024-01-26"},{"lineNumber":235,"author":{"gitId":"-"},"content":"}","lastModifiedDate":"2019-07-29"}],"authorContributionMap":{"Hwww23":224,"-":11}},{"path":"src/main/java/DukeException.java","fileType":"java","lines":[{"lineNumber":1,"author":{"gitId":"Hwww23"},"content":"public class DukeException extends Exception {","lastModifiedDate":"2024-01-26"},{"lineNumber":2,"author":{"gitId":"Hwww23"},"content":"    private String msg;","lastModifiedDate":"2024-01-26"},{"lineNumber":3,"author":{"gitId":"Hwww23"},"content":"","lastModifiedDate":"2024-01-26"},{"lineNumber":4,"author":{"gitId":"Hwww23"},"content":"    public DukeException(String msg) {","lastModifiedDate":"2024-01-26"},{"lineNumber":5,"author":{"gitId":"Hwww23"},"content":"        super(msg);","lastModifiedDate":"2024-01-26"},{"lineNumber":6,"author":{"gitId":"Hwww23"},"content":"        this.msg \u003d msg;","lastModifiedDate":"2024-01-26"},{"lineNumber":7,"author":{"gitId":"Hwww23"},"content":"    }","lastModifiedDate":"2024-01-26"},{"lineNumber":8,"author":{"gitId":"Hwww23"},"content":"","lastModifiedDate":"2024-01-26"},{"lineNumber":9,"author":{"gitId":"Hwww23"},"content":"    public String getMsg() {","lastModifiedDate":"2024-01-26"},{"lineNumber":10,"author":{"gitId":"Hwww23"},"content":"        return msg;","lastModifiedDate":"2024-01-26"},{"lineNumber":11,"author":{"gitId":"Hwww23"},"content":"    }","lastModifiedDate":"2024-01-26"},{"lineNumber":12,"author":{"gitId":"Hwww23"},"content":"}","lastModifiedDate":"2024-01-26"}],"authorContributionMap":{"Hwww23":12}},{"path":"src/main/java/Event.java","fileType":"java","lines":[{"lineNumber":1,"author":{"gitId":"Hwww23"},"content":"import java.time.LocalDateTime;","lastModifiedDate":"2024-02-07"},{"lineNumber":2,"author":{"gitId":"Hwww23"},"content":"import java.time.format.DateTimeFormatter;","lastModifiedDate":"2024-02-07"},{"lineNumber":3,"author":{"gitId":"Hwww23"},"content":"","lastModifiedDate":"2024-02-07"},{"lineNumber":4,"author":{"gitId":"Hwww23"},"content":"public class Event extends Task {","lastModifiedDate":"2024-01-25"},{"lineNumber":5,"author":{"gitId":"Hwww23"},"content":"    protected LocalDateTime start;","lastModifiedDate":"2024-02-07"},{"lineNumber":6,"author":{"gitId":"Hwww23"},"content":"    protected LocalDateTime end;","lastModifiedDate":"2024-02-07"},{"lineNumber":7,"author":{"gitId":"Hwww23"},"content":"","lastModifiedDate":"2024-01-25"},{"lineNumber":8,"author":{"gitId":"Hwww23"},"content":"    public Event(String description, LocalDateTime start, LocalDateTime end) {","lastModifiedDate":"2024-02-07"},{"lineNumber":9,"author":{"gitId":"Hwww23"},"content":"        super(description);","lastModifiedDate":"2024-01-25"},{"lineNumber":10,"author":{"gitId":"Hwww23"},"content":"        this.start \u003d start;","lastModifiedDate":"2024-01-25"},{"lineNumber":11,"author":{"gitId":"Hwww23"},"content":"        this.end \u003d end;","lastModifiedDate":"2024-01-25"},{"lineNumber":12,"author":{"gitId":"Hwww23"},"content":"    }","lastModifiedDate":"2024-01-25"},{"lineNumber":13,"author":{"gitId":"Hwww23"},"content":"","lastModifiedDate":"2024-01-25"},{"lineNumber":14,"author":{"gitId":"Hwww23"},"content":"    @Override","lastModifiedDate":"2024-01-25"},{"lineNumber":15,"author":{"gitId":"Hwww23"},"content":"    public String toString() {","lastModifiedDate":"2024-01-25"},{"lineNumber":16,"author":{"gitId":"Hwww23"},"content":"        DateTimeFormatter customFormatter \u003d DateTimeFormatter.ofPattern(\"MMM d yyyy h:mma\");","lastModifiedDate":"2024-02-07"},{"lineNumber":17,"author":{"gitId":"Hwww23"},"content":"        String formattedDateTime \u003d this.start.format(customFormatter);","lastModifiedDate":"2024-02-07"},{"lineNumber":18,"author":{"gitId":"Hwww23"},"content":"        String formattedDateTime1 \u003d this.end.format(customFormatter);","lastModifiedDate":"2024-02-07"},{"lineNumber":19,"author":{"gitId":"Hwww23"},"content":"        return \"[E]\" + super.toString() + \" (from: \" + formattedDateTime + \" to: \" + formattedDateTime1 + \")\";","lastModifiedDate":"2024-02-07"},{"lineNumber":20,"author":{"gitId":"Hwww23"},"content":"    }","lastModifiedDate":"2024-01-25"},{"lineNumber":21,"author":{"gitId":"Hwww23"},"content":"}","lastModifiedDate":"2024-01-25"}],"authorContributionMap":{"Hwww23":21}},{"path":"src/main/java/MyList.java","fileType":"java","lines":[{"lineNumber":1,"author":{"gitId":"Hwww23"},"content":"import java.util.*;","lastModifiedDate":"2024-01-25"},{"lineNumber":2,"author":{"gitId":"Hwww23"},"content":"public class MyList {","lastModifiedDate":"2024-01-25"},{"lineNumber":3,"author":{"gitId":"Hwww23"},"content":"    private List\u003cTask\u003e items;","lastModifiedDate":"2024-01-25"},{"lineNumber":4,"author":{"gitId":"Hwww23"},"content":"","lastModifiedDate":"2024-01-25"},{"lineNumber":5,"author":{"gitId":"Hwww23"},"content":"    public MyList() {","lastModifiedDate":"2024-01-25"},{"lineNumber":6,"author":{"gitId":"Hwww23"},"content":"        this.items \u003d new ArrayList\u003c\u003e();","lastModifiedDate":"2024-01-25"},{"lineNumber":7,"author":{"gitId":"Hwww23"},"content":"    }","lastModifiedDate":"2024-01-25"},{"lineNumber":8,"author":{"gitId":"Hwww23"},"content":"","lastModifiedDate":"2024-01-25"},{"lineNumber":9,"author":{"gitId":"Hwww23"},"content":"    public String addItem(Task t) {","lastModifiedDate":"2024-01-25"},{"lineNumber":10,"author":{"gitId":"Hwww23"},"content":"        this.items.add(t);","lastModifiedDate":"2024-01-25"},{"lineNumber":11,"author":{"gitId":"Hwww23"},"content":"        return \"Got it. I\u0027ve added this task:\\n\" + t.toString() + \"\\nNow you have \" + this.items.size() + \" tasks in the list.\";","lastModifiedDate":"2024-01-25"},{"lineNumber":12,"author":{"gitId":"Hwww23"},"content":"    }","lastModifiedDate":"2024-01-25"},{"lineNumber":13,"author":{"gitId":"Hwww23"},"content":"","lastModifiedDate":"2024-01-25"},{"lineNumber":14,"author":{"gitId":"Hwww23"},"content":"    public String getItems() {","lastModifiedDate":"2024-01-25"},{"lineNumber":15,"author":{"gitId":"Hwww23"},"content":"        StringBuilder stringBuilder \u003d new StringBuilder();","lastModifiedDate":"2024-01-25"},{"lineNumber":16,"author":{"gitId":"Hwww23"},"content":"        stringBuilder.append(\"Here are the tasks in your list:\\n\");","lastModifiedDate":"2024-01-25"},{"lineNumber":17,"author":{"gitId":"Hwww23"},"content":"        int index \u003d 1;","lastModifiedDate":"2024-01-25"},{"lineNumber":18,"author":{"gitId":"Hwww23"},"content":"","lastModifiedDate":"2024-01-25"},{"lineNumber":19,"author":{"gitId":"Hwww23"},"content":"        for (Task task : this.items) {","lastModifiedDate":"2024-01-25"},{"lineNumber":20,"author":{"gitId":"Hwww23"},"content":"            String itemString \u003d String.format(\"%d. %s\\n\", index, task.toString());","lastModifiedDate":"2024-01-25"},{"lineNumber":21,"author":{"gitId":"Hwww23"},"content":"            stringBuilder.append(itemString);","lastModifiedDate":"2024-01-25"},{"lineNumber":22,"author":{"gitId":"Hwww23"},"content":"            index++;","lastModifiedDate":"2024-01-25"},{"lineNumber":23,"author":{"gitId":"Hwww23"},"content":"        }","lastModifiedDate":"2024-01-25"},{"lineNumber":24,"author":{"gitId":"Hwww23"},"content":"","lastModifiedDate":"2024-01-25"},{"lineNumber":25,"author":{"gitId":"Hwww23"},"content":"        return stringBuilder.toString();","lastModifiedDate":"2024-01-25"},{"lineNumber":26,"author":{"gitId":"Hwww23"},"content":"    }","lastModifiedDate":"2024-01-25"},{"lineNumber":27,"author":{"gitId":"Hwww23"},"content":"","lastModifiedDate":"2024-01-25"},{"lineNumber":28,"author":{"gitId":"Hwww23"},"content":"    public String markTask(int index) {","lastModifiedDate":"2024-01-25"},{"lineNumber":29,"author":{"gitId":"Hwww23"},"content":"        if (index \u003c 1 || index \u003e this.items.size()) {","lastModifiedDate":"2024-01-26"},{"lineNumber":30,"author":{"gitId":"Hwww23"},"content":"            return \"Number is outside length of list\";","lastModifiedDate":"2024-01-26"},{"lineNumber":31,"author":{"gitId":"Hwww23"},"content":"        } else {","lastModifiedDate":"2024-01-25"},{"lineNumber":32,"author":{"gitId":"Hwww23"},"content":"            return \"Nice! I\u0027ve marked this task as done:\\n\" + this.items.get(index - 1).markAsDone();","lastModifiedDate":"2024-01-25"},{"lineNumber":33,"author":{"gitId":"Hwww23"},"content":"        }","lastModifiedDate":"2024-01-25"},{"lineNumber":34,"author":{"gitId":"Hwww23"},"content":"    }","lastModifiedDate":"2024-01-25"},{"lineNumber":35,"author":{"gitId":"Hwww23"},"content":"","lastModifiedDate":"2024-01-26"},{"lineNumber":36,"author":{"gitId":"Hwww23"},"content":"    public String delete(int index) {","lastModifiedDate":"2024-01-26"},{"lineNumber":37,"author":{"gitId":"Hwww23"},"content":"        if (index \u003c 1 || index \u003e this.items.size()) {","lastModifiedDate":"2024-01-26"},{"lineNumber":38,"author":{"gitId":"Hwww23"},"content":"            return \"Number is outside length of list\";","lastModifiedDate":"2024-01-26"},{"lineNumber":39,"author":{"gitId":"Hwww23"},"content":"        } else {","lastModifiedDate":"2024-01-26"},{"lineNumber":40,"author":{"gitId":"Hwww23"},"content":"            Task t \u003d this.items.remove(index - 1);","lastModifiedDate":"2024-01-26"},{"lineNumber":41,"author":{"gitId":"Hwww23"},"content":"            return \"Noted. I\u0027ve removed this task:\\n\" + t.toString() + \"\\nNow you have \" + this.items.size() + \" tasks in the list.\";","lastModifiedDate":"2024-01-26"},{"lineNumber":42,"author":{"gitId":"Hwww23"},"content":"        }","lastModifiedDate":"2024-01-26"},{"lineNumber":43,"author":{"gitId":"Hwww23"},"content":"    }","lastModifiedDate":"2024-01-26"},{"lineNumber":44,"author":{"gitId":"Hwww23"},"content":"}","lastModifiedDate":"2024-01-25"}],"authorContributionMap":{"Hwww23":44}},{"path":"src/main/java/Task.java","fileType":"java","lines":[{"lineNumber":1,"author":{"gitId":"Hwww23"},"content":"public class Task {","lastModifiedDate":"2024-01-25"},{"lineNumber":2,"author":{"gitId":"Hwww23"},"content":"    protected String description;","lastModifiedDate":"2024-01-25"},{"lineNumber":3,"author":{"gitId":"Hwww23"},"content":"    protected boolean isDone;","lastModifiedDate":"2024-01-25"},{"lineNumber":4,"author":{"gitId":"Hwww23"},"content":"","lastModifiedDate":"2024-01-25"},{"lineNumber":5,"author":{"gitId":"Hwww23"},"content":"    public Task(String description) {","lastModifiedDate":"2024-01-25"},{"lineNumber":6,"author":{"gitId":"Hwww23"},"content":"        this.description \u003d description;","lastModifiedDate":"2024-01-25"},{"lineNumber":7,"author":{"gitId":"Hwww23"},"content":"        this.isDone \u003d false;","lastModifiedDate":"2024-01-25"},{"lineNumber":8,"author":{"gitId":"Hwww23"},"content":"    }","lastModifiedDate":"2024-01-25"},{"lineNumber":9,"author":{"gitId":"Hwww23"},"content":"","lastModifiedDate":"2024-01-25"},{"lineNumber":10,"author":{"gitId":"Hwww23"},"content":"    public String getDescription() {","lastModifiedDate":"2024-01-25"},{"lineNumber":11,"author":{"gitId":"Hwww23"},"content":"        return this.description;","lastModifiedDate":"2024-01-25"},{"lineNumber":12,"author":{"gitId":"Hwww23"},"content":"    }","lastModifiedDate":"2024-01-25"},{"lineNumber":13,"author":{"gitId":"Hwww23"},"content":"","lastModifiedDate":"2024-01-25"},{"lineNumber":14,"author":{"gitId":"Hwww23"},"content":"    public String getStatusIcon() {","lastModifiedDate":"2024-01-25"},{"lineNumber":15,"author":{"gitId":"Hwww23"},"content":"        return (isDone ? \"X\" : \" \"); // mark done task with X","lastModifiedDate":"2024-01-25"},{"lineNumber":16,"author":{"gitId":"Hwww23"},"content":"    }","lastModifiedDate":"2024-01-25"},{"lineNumber":17,"author":{"gitId":"Hwww23"},"content":"","lastModifiedDate":"2024-01-25"},{"lineNumber":18,"author":{"gitId":"Hwww23"},"content":"    public String markAsDone() {","lastModifiedDate":"2024-01-25"},{"lineNumber":19,"author":{"gitId":"Hwww23"},"content":"        this.isDone \u003d true;","lastModifiedDate":"2024-01-25"},{"lineNumber":20,"author":{"gitId":"Hwww23"},"content":"        return this.toString();","lastModifiedDate":"2024-01-25"},{"lineNumber":21,"author":{"gitId":"Hwww23"},"content":"    }","lastModifiedDate":"2024-01-25"},{"lineNumber":22,"author":{"gitId":"Hwww23"},"content":"","lastModifiedDate":"2024-01-25"},{"lineNumber":23,"author":{"gitId":"Hwww23"},"content":"    public String toString() {","lastModifiedDate":"2024-01-25"},{"lineNumber":24,"author":{"gitId":"Hwww23"},"content":"        return String.format(\"[%s] %s\", this.getStatusIcon(), this.getDescription());","lastModifiedDate":"2024-01-25"},{"lineNumber":25,"author":{"gitId":"Hwww23"},"content":"    }","lastModifiedDate":"2024-01-25"},{"lineNumber":26,"author":{"gitId":"Hwww23"},"content":"}","lastModifiedDate":"2024-01-25"}],"authorContributionMap":{"Hwww23":26}},{"path":"src/main/java/Todo.java","fileType":"java","lines":[{"lineNumber":1,"author":{"gitId":"Hwww23"},"content":"public class Todo extends Task {","lastModifiedDate":"2024-01-25"},{"lineNumber":2,"author":{"gitId":"Hwww23"},"content":"    public Todo(String description) {","lastModifiedDate":"2024-01-25"},{"lineNumber":3,"author":{"gitId":"Hwww23"},"content":"        super(description);","lastModifiedDate":"2024-01-25"},{"lineNumber":4,"author":{"gitId":"Hwww23"},"content":"    }","lastModifiedDate":"2024-01-25"},{"lineNumber":5,"author":{"gitId":"Hwww23"},"content":"","lastModifiedDate":"2024-01-25"},{"lineNumber":6,"author":{"gitId":"Hwww23"},"content":"    @Override","lastModifiedDate":"2024-01-25"},{"lineNumber":7,"author":{"gitId":"Hwww23"},"content":"    public String toString() {","lastModifiedDate":"2024-01-25"},{"lineNumber":8,"author":{"gitId":"Hwww23"},"content":"        return \"[T]\" + super.toString();","lastModifiedDate":"2024-02-06"},{"lineNumber":9,"author":{"gitId":"Hwww23"},"content":"    }","lastModifiedDate":"2024-01-25"},{"lineNumber":10,"author":{"gitId":"Hwww23"},"content":"}","lastModifiedDate":"2024-01-25"}],"authorContributionMap":{"Hwww23":10}},{"path":"src/main/java/data/duke.txt","fileType":"txt","lines":[{"lineNumber":1,"author":{"gitId":"Hwww23"},"content":"T | 1 | read book","lastModifiedDate":"2024-02-06"},{"lineNumber":2,"author":{"gitId":"Hwww23"},"content":"D | 0 | return book | 2019-10-15 2300","lastModifiedDate":"2024-02-07"},{"lineNumber":3,"author":{"gitId":"Hwww23"},"content":"E | 0 | project meeting | 2019-08-06 1400 | 2019-08-06 1600","lastModifiedDate":"2024-02-07"},{"lineNumber":4,"author":{"gitId":"Hwww23"},"content":"T | 1 | join sports club","lastModifiedDate":"2024-02-06"}],"authorContributionMap":{"Hwww23":4}},{"path":"text-ui-test/input.txt","fileType":"txt","lines":[{"lineNumber":1,"author":{"gitId":"Hwww23"},"content":"todo borrow book","lastModifiedDate":"2024-01-25"}],"authorContributionMap":{"Hwww23":1}}]
