{"authorDailyContributionsMap":{"c-wenlong":[{"date":"2024-01-24","commitResults":[{"hash":"fb0069c078c1af030b131a9225f6f30cfcdfc266","isMergeCommit":false,"messageTitle":"Level 0. Rename, Greet, Exit","messageBody":"","tags":["level-0"],"fileTypesAndContributionMap":{"java":{"insertions":22,"deletions":6}}},{"hash":"dc781d5400850ec01feb2a9c8b0bcbad25afcf2b","isMergeCommit":false,"messageTitle":"Level 1. Echo","messageBody":"","tags":["level-1"],"fileTypesAndContributionMap":{"java":{"insertions":22,"deletions":8}}},{"hash":"4ff6c3523b5333012c2545c2e1db7ea176e57c38","isMergeCommit":false,"messageTitle":"Level 2. Add, List","messageBody":"","tags":["level-2"],"fileTypesAndContributionMap":{"java":{"insertions":43,"deletions":23}}}]},{"date":"2024-01-25","commitResults":[{"hash":"52316212ef865459424bb44f14327f258be3e1d3","isMergeCommit":false,"messageTitle":"Level 3. Mark as Done","messageBody":"","tags":["level-3"],"fileTypesAndContributionMap":{"java":{"insertions":134,"deletions":26}}},{"hash":"0ddbc48ba609d2905f3569eb243b21b8177be044","isMergeCommit":false,"messageTitle":"Level 4. ToDos, Events, Deadlines","messageBody":"","tags":["level-4"],"fileTypesAndContributionMap":{"java":{"insertions":369,"deletions":19}}},{"hash":"722dc2275dff2605e9904144d3e81a47bb358719","isMergeCommit":false,"messageTitle":"A-TextUiTesting","messageBody":"","tags":["A-TextUiTesting"],"fileTypesAndContributionMap":{"txt":{"insertions":12,"deletions":0},"java":{"insertions":0,"deletions":109},"sh":{"insertions":4,"deletions":1}}}]}]},"authorFileTypeContributionMap":{"c-wenlong":{"java":409,"md":0,"fxml":0,"sh":4,"bat":0,"gradle":0,"txt":12}},"authorContributionVariance":{"c-wenlong":54097.145},"authorDisplayNameMap":{"c-wenlong":"CHEN..LONG"}}
