[{"path":"src/main/java/CustomExceptions/MalformedUserInputException.java","fileType":"java","lines":[{"lineNumber":1,"author":{"gitId":"Jerome-j"},"content":"package CustomExceptions;","lastModifiedDate":"2024-01-24"},{"lineNumber":2,"author":{"gitId":"Jerome-j"},"content":"","lastModifiedDate":"2024-01-24"},{"lineNumber":3,"author":{"gitId":"Jerome-j"},"content":"public class MalformedUserInputException extends Exception {","lastModifiedDate":"2024-01-24"},{"lineNumber":4,"author":{"gitId":"Jerome-j"},"content":"    public MalformedUserInputException(){","lastModifiedDate":"2024-01-24"},{"lineNumber":5,"author":{"gitId":"Jerome-j"},"content":"        super(\"There appears to be some problem with your user input.\");","lastModifiedDate":"2024-01-24"},{"lineNumber":6,"author":{"gitId":"Jerome-j"},"content":"    }","lastModifiedDate":"2024-01-24"},{"lineNumber":7,"author":{"gitId":"Jerome-j"},"content":"}","lastModifiedDate":"2024-01-24"}],"authorContributionMap":{"Jerome-j":7}},{"path":"src/main/java/CustomExceptions/NoTaskCreatedYetException.java","fileType":"java","lines":[{"lineNumber":1,"author":{"gitId":"Jerome-j"},"content":"package CustomExceptions;","lastModifiedDate":"2024-01-24"},{"lineNumber":2,"author":{"gitId":"Jerome-j"},"content":"","lastModifiedDate":"2024-01-24"},{"lineNumber":3,"author":{"gitId":"Jerome-j"},"content":"public class NoTaskCreatedYetException extends Exception {","lastModifiedDate":"2024-01-24"},{"lineNumber":4,"author":{"gitId":"Jerome-j"},"content":"    public NoTaskCreatedYetException(){","lastModifiedDate":"2024-01-24"},{"lineNumber":5,"author":{"gitId":"Jerome-j"},"content":"        super(\"There appears to be some problem with your user input.\");","lastModifiedDate":"2024-01-24"},{"lineNumber":6,"author":{"gitId":"Jerome-j"},"content":"    }","lastModifiedDate":"2024-01-24"},{"lineNumber":7,"author":{"gitId":"Jerome-j"},"content":"}","lastModifiedDate":"2024-01-24"}],"authorContributionMap":{"Jerome-j":7}},{"path":"src/main/java/CustomExceptions/TooManyTasksException.java","fileType":"java","lines":[{"lineNumber":1,"author":{"gitId":"Jerome-j"},"content":"package CustomExceptions;","lastModifiedDate":"2024-01-24"},{"lineNumber":2,"author":{"gitId":"Jerome-j"},"content":"","lastModifiedDate":"2024-01-24"},{"lineNumber":3,"author":{"gitId":"Jerome-j"},"content":"public class TooManyTasksException extends Exception{","lastModifiedDate":"2024-01-24"},{"lineNumber":4,"author":{"gitId":"Jerome-j"},"content":"    public TooManyTasksException(){","lastModifiedDate":"2024-01-24"},{"lineNumber":5,"author":{"gitId":"Jerome-j"},"content":"        super(\"There are too many tasks.. So much that the array cannot hold anymore.\");","lastModifiedDate":"2024-01-24"},{"lineNumber":6,"author":{"gitId":"Jerome-j"},"content":"    }","lastModifiedDate":"2024-01-24"},{"lineNumber":7,"author":{"gitId":"Jerome-j"},"content":"}","lastModifiedDate":"2024-01-24"}],"authorContributionMap":{"Jerome-j":7}},{"path":"src/main/java/DataStorage.java","fileType":"java","lines":[{"lineNumber":1,"author":{"gitId":"Jerome-j"},"content":"","lastModifiedDate":"2024-01-24"},{"lineNumber":2,"author":{"gitId":"Jerome-j"},"content":"import CustomExceptions.NoTaskCreatedYetException;","lastModifiedDate":"2024-01-24"},{"lineNumber":3,"author":{"gitId":"Jerome-j"},"content":"import CustomExceptions.TooManyTasksException;","lastModifiedDate":"2024-01-24"},{"lineNumber":4,"author":{"gitId":"Jerome-j"},"content":"import TaskList.Task;","lastModifiedDate":"2024-01-24"},{"lineNumber":5,"author":{"gitId":"Jerome-j"},"content":"","lastModifiedDate":"2024-01-24"},{"lineNumber":6,"author":{"gitId":"Jerome-j"},"content":"public class DataStorage {","lastModifiedDate":"2024-01-24"},{"lineNumber":7,"author":{"gitId":"Jerome-j"},"content":"    private Task[] tasksList;","lastModifiedDate":"2024-01-24"},{"lineNumber":8,"author":{"gitId":"Jerome-j"},"content":"    private int taskCount \u003d 0;","lastModifiedDate":"2024-01-24"},{"lineNumber":9,"author":{"gitId":"Jerome-j"},"content":"","lastModifiedDate":"2024-01-24"},{"lineNumber":10,"author":{"gitId":"Jerome-j"},"content":"    private int maxTask;","lastModifiedDate":"2024-01-24"},{"lineNumber":11,"author":{"gitId":"Jerome-j"},"content":"","lastModifiedDate":"2024-01-24"},{"lineNumber":12,"author":{"gitId":"Jerome-j"},"content":"    public DataStorage(int maxTask) {","lastModifiedDate":"2024-01-24"},{"lineNumber":13,"author":{"gitId":"Jerome-j"},"content":"        this.maxTask \u003d maxTask;","lastModifiedDate":"2024-01-24"},{"lineNumber":14,"author":{"gitId":"Jerome-j"},"content":"        this.tasksList \u003d new Task[maxTask];","lastModifiedDate":"2024-01-24"},{"lineNumber":15,"author":{"gitId":"Jerome-j"},"content":"        int taskCount \u003d 0;","lastModifiedDate":"2024-01-24"},{"lineNumber":16,"author":{"gitId":"Jerome-j"},"content":"    }","lastModifiedDate":"2024-01-24"},{"lineNumber":17,"author":{"gitId":"Jerome-j"},"content":"","lastModifiedDate":"2024-01-24"},{"lineNumber":18,"author":{"gitId":"Jerome-j"},"content":"    public Task getTask(int index) {","lastModifiedDate":"2024-01-24"},{"lineNumber":19,"author":{"gitId":"Jerome-j"},"content":"        if (index \u003e this.maxTask) {","lastModifiedDate":"2024-01-24"},{"lineNumber":20,"author":{"gitId":"Jerome-j"},"content":"            throw new IndexOutOfBoundsException();","lastModifiedDate":"2024-01-24"},{"lineNumber":21,"author":{"gitId":"Jerome-j"},"content":"        } else {","lastModifiedDate":"2024-01-24"},{"lineNumber":22,"author":{"gitId":"Jerome-j"},"content":"            return this.tasksList[index];","lastModifiedDate":"2024-01-24"},{"lineNumber":23,"author":{"gitId":"Jerome-j"},"content":"        }","lastModifiedDate":"2024-01-24"},{"lineNumber":24,"author":{"gitId":"Jerome-j"},"content":"    }","lastModifiedDate":"2024-01-24"},{"lineNumber":25,"author":{"gitId":"Jerome-j"},"content":"","lastModifiedDate":"2024-01-24"},{"lineNumber":26,"author":{"gitId":"Jerome-j"},"content":"    public void addTask(Task task) throws TooManyTasksException {","lastModifiedDate":"2024-01-24"},{"lineNumber":27,"author":{"gitId":"Jerome-j"},"content":"        if (taskCount \u003e\u003d maxTask) {","lastModifiedDate":"2024-01-24"},{"lineNumber":28,"author":{"gitId":"Jerome-j"},"content":"            throw new TooManyTasksException();","lastModifiedDate":"2024-01-24"},{"lineNumber":29,"author":{"gitId":"Jerome-j"},"content":"        } else {","lastModifiedDate":"2024-01-24"},{"lineNumber":30,"author":{"gitId":"Jerome-j"},"content":"            this.tasksList[taskCount] \u003d task;","lastModifiedDate":"2024-01-24"},{"lineNumber":31,"author":{"gitId":"Jerome-j"},"content":"            this.taskCount++;","lastModifiedDate":"2024-01-24"},{"lineNumber":32,"author":{"gitId":"Jerome-j"},"content":"        }","lastModifiedDate":"2024-01-24"},{"lineNumber":33,"author":{"gitId":"Jerome-j"},"content":"    }","lastModifiedDate":"2024-01-24"},{"lineNumber":34,"author":{"gitId":"Jerome-j"},"content":"","lastModifiedDate":"2024-01-24"},{"lineNumber":35,"author":{"gitId":"Jerome-j"},"content":"    public void setTaskStatus(int taskIndex, boolean status) throws NoTaskCreatedYetException {","lastModifiedDate":"2024-01-24"},{"lineNumber":36,"author":{"gitId":"Jerome-j"},"content":"        if (taskIndex \u003c 0 || taskIndex \u003e this.maxTask) {","lastModifiedDate":"2024-01-24"},{"lineNumber":37,"author":{"gitId":"Jerome-j"},"content":"            throw new IndexOutOfBoundsException();","lastModifiedDate":"2024-01-24"},{"lineNumber":38,"author":{"gitId":"Jerome-j"},"content":"        } else if (taskIndex \u003e\u003d taskCount) {","lastModifiedDate":"2024-01-24"},{"lineNumber":39,"author":{"gitId":"Jerome-j"},"content":"            // It is a valid index, but there is no task there yet.","lastModifiedDate":"2024-01-24"},{"lineNumber":40,"author":{"gitId":"Jerome-j"},"content":"            throw new NoTaskCreatedYetException();","lastModifiedDate":"2024-01-24"},{"lineNumber":41,"author":{"gitId":"Jerome-j"},"content":"        } else {","lastModifiedDate":"2024-01-24"},{"lineNumber":42,"author":{"gitId":"Jerome-j"},"content":"            this.tasksList[taskIndex].setDone(status);","lastModifiedDate":"2024-01-24"},{"lineNumber":43,"author":{"gitId":"Jerome-j"},"content":"        }","lastModifiedDate":"2024-01-24"},{"lineNumber":44,"author":{"gitId":"Jerome-j"},"content":"    }","lastModifiedDate":"2024-01-24"},{"lineNumber":45,"author":{"gitId":"Jerome-j"},"content":"","lastModifiedDate":"2024-01-24"},{"lineNumber":46,"author":{"gitId":"Jerome-j"},"content":"","lastModifiedDate":"2024-01-24"},{"lineNumber":47,"author":{"gitId":"Jerome-j"},"content":"    public int getTaskCount() {","lastModifiedDate":"2024-01-24"},{"lineNumber":48,"author":{"gitId":"Jerome-j"},"content":"        return this.taskCount;","lastModifiedDate":"2024-01-24"},{"lineNumber":49,"author":{"gitId":"Jerome-j"},"content":"    }","lastModifiedDate":"2024-01-24"},{"lineNumber":50,"author":{"gitId":"Jerome-j"},"content":"","lastModifiedDate":"2024-01-24"},{"lineNumber":51,"author":{"gitId":"Jerome-j"},"content":"","lastModifiedDate":"2024-01-24"},{"lineNumber":52,"author":{"gitId":"Jerome-j"},"content":"}","lastModifiedDate":"2024-01-24"}],"authorContributionMap":{"Jerome-j":52}},{"path":"src/main/java/Duke.java","fileType":"java","lines":[{"lineNumber":1,"author":{"gitId":"Jerome-j"},"content":"import CustomExceptions.MalformedUserInputException;","lastModifiedDate":"2024-01-24"},{"lineNumber":2,"author":{"gitId":"Jerome-j"},"content":"import CustomExceptions.NoTaskCreatedYetException;","lastModifiedDate":"2024-01-24"},{"lineNumber":3,"author":{"gitId":"Jerome-j"},"content":"import CustomExceptions.TooManyTasksException;","lastModifiedDate":"2024-01-24"},{"lineNumber":4,"author":{"gitId":"Jerome-j"},"content":"import TaskList.Task;","lastModifiedDate":"2024-01-24"},{"lineNumber":5,"author":{"gitId":"Jerome-j"},"content":"","lastModifiedDate":"2024-01-24"},{"lineNumber":6,"author":{"gitId":"Jerome-j"},"content":"import java.util.Scanner;","lastModifiedDate":"2024-01-24"},{"lineNumber":7,"author":{"gitId":"Jerome-j"},"content":"import java.util.regex.Matcher;","lastModifiedDate":"2024-01-24"},{"lineNumber":8,"author":{"gitId":"Jerome-j"},"content":"import java.util.regex.Pattern;","lastModifiedDate":"2024-01-24"},{"lineNumber":9,"author":{"gitId":"Jerome-j"},"content":"","lastModifiedDate":"2024-01-24"},{"lineNumber":10,"author":{"gitId":"Jerome-j"},"content":"import static Parser.EventParser.*;","lastModifiedDate":"2024-01-24"},{"lineNumber":11,"author":{"gitId":"Jerome-j"},"content":"","lastModifiedDate":"2024-01-24"},{"lineNumber":12,"author":{"gitId":"-"},"content":"public class Duke {","lastModifiedDate":"2019-07-29"},{"lineNumber":13,"author":{"gitId":"Jerome-j"},"content":"","lastModifiedDate":"2024-01-24"},{"lineNumber":14,"author":{"gitId":"Jerome-j"},"content":"","lastModifiedDate":"2024-01-24"},{"lineNumber":15,"author":{"gitId":"-"},"content":"    public static void main(String[] args) {","lastModifiedDate":"2024-01-24"},{"lineNumber":16,"author":{"gitId":"Jerome-j"},"content":"","lastModifiedDate":"2024-01-24"},{"lineNumber":17,"author":{"gitId":"Jerome-j"},"content":"        String userInput \u003d \"\";","lastModifiedDate":"2024-01-24"},{"lineNumber":18,"author":{"gitId":"Jerome-j"},"content":"","lastModifiedDate":"2024-01-24"},{"lineNumber":19,"author":{"gitId":"Jerome-j"},"content":"        // Outsource the dataStorage.","lastModifiedDate":"2024-01-24"},{"lineNumber":20,"author":{"gitId":"Jerome-j"},"content":"        DataStorage dataStorage \u003d new DataStorage(100);","lastModifiedDate":"2024-01-24"},{"lineNumber":21,"author":{"gitId":"Jerome-j"},"content":"","lastModifiedDate":"2024-01-24"},{"lineNumber":22,"author":{"gitId":"Jerome-j"},"content":"        // To read in user input","lastModifiedDate":"2024-01-24"},{"lineNumber":23,"author":{"gitId":"Jerome-j"},"content":"        Scanner sc \u003d new Scanner(System.in);","lastModifiedDate":"2024-01-24"},{"lineNumber":24,"author":{"gitId":"Jerome-j"},"content":"","lastModifiedDate":"2024-01-24"},{"lineNumber":25,"author":{"gitId":"Jerome-j"},"content":"        String welcomeMessage \u003d \"\\t ____________________________________________________________\\n\" +","lastModifiedDate":"2024-01-24"},{"lineNumber":26,"author":{"gitId":"Jerome-j"},"content":"                \"\\t Hello! I\u0027m JeromeGPT \\n\" +","lastModifiedDate":"2024-01-24"},{"lineNumber":27,"author":{"gitId":"Jerome-j"},"content":"                \"\\t What can I do for you?\\n\" +","lastModifiedDate":"2024-01-24"},{"lineNumber":28,"author":{"gitId":"Jerome-j"},"content":"                \"\\t ____________________________________________________________\";","lastModifiedDate":"2024-01-24"},{"lineNumber":29,"author":{"gitId":"Jerome-j"},"content":"","lastModifiedDate":"2024-01-24"},{"lineNumber":30,"author":{"gitId":"Jerome-j"},"content":"        System.out.println(welcomeMessage);","lastModifiedDate":"2024-01-24"},{"lineNumber":31,"author":{"gitId":"Jerome-j"},"content":"","lastModifiedDate":"2024-01-24"},{"lineNumber":32,"author":{"gitId":"Jerome-j"},"content":"","lastModifiedDate":"2024-01-24"},{"lineNumber":33,"author":{"gitId":"Jerome-j"},"content":"        while (true) {","lastModifiedDate":"2024-01-24"},{"lineNumber":34,"author":{"gitId":"Jerome-j"},"content":"            // Keep reading user input until they type \"bye\"","lastModifiedDate":"2024-01-24"},{"lineNumber":35,"author":{"gitId":"Jerome-j"},"content":"            userInput \u003d sc.nextLine();","lastModifiedDate":"2024-01-24"},{"lineNumber":36,"author":{"gitId":"Jerome-j"},"content":"","lastModifiedDate":"2024-01-24"},{"lineNumber":37,"author":{"gitId":"Jerome-j"},"content":"            if (userInput.equals(\"list\")) {","lastModifiedDate":"2024-01-24"},{"lineNumber":38,"author":{"gitId":"Jerome-j"},"content":"                // Print out all the tasks.","lastModifiedDate":"2024-01-24"},{"lineNumber":39,"author":{"gitId":"Jerome-j"},"content":"                System.out.println(\"\\t ____________________________________________________________\");","lastModifiedDate":"2024-01-24"},{"lineNumber":40,"author":{"gitId":"Jerome-j"},"content":"","lastModifiedDate":"2024-01-24"},{"lineNumber":41,"author":{"gitId":"Jerome-j"},"content":"                for (int i \u003d 0; i \u003c dataStorage.getTaskCount(); i++) {","lastModifiedDate":"2024-01-24"},{"lineNumber":42,"author":{"gitId":"Jerome-j"},"content":"                    int humanReadableId \u003d i + 1;","lastModifiedDate":"2024-01-24"},{"lineNumber":43,"author":{"gitId":"Jerome-j"},"content":"                    Task currentTask \u003d dataStorage.getTask(i);","lastModifiedDate":"2024-01-24"},{"lineNumber":44,"author":{"gitId":"Jerome-j"},"content":"                    System.out.println(\"\\t \" + humanReadableId + \". \" + currentTask.toString());","lastModifiedDate":"2024-01-24"},{"lineNumber":45,"author":{"gitId":"Jerome-j"},"content":"                }","lastModifiedDate":"2024-01-24"},{"lineNumber":46,"author":{"gitId":"Jerome-j"},"content":"","lastModifiedDate":"2024-01-24"},{"lineNumber":47,"author":{"gitId":"Jerome-j"},"content":"                System.out.println(\"\\t ____________________________________________________________\");","lastModifiedDate":"2024-01-24"},{"lineNumber":48,"author":{"gitId":"Jerome-j"},"content":"            } else if (userInput.startsWith(\"mark\")) {","lastModifiedDate":"2024-01-24"},{"lineNumber":49,"author":{"gitId":"Jerome-j"},"content":"                // TODO: possibly need to handle a task that is called \"mark...\"","lastModifiedDate":"2024-01-24"},{"lineNumber":50,"author":{"gitId":"Jerome-j"},"content":"","lastModifiedDate":"2024-01-24"},{"lineNumber":51,"author":{"gitId":"Jerome-j"},"content":"","lastModifiedDate":"2024-01-24"},{"lineNumber":52,"author":{"gitId":"Jerome-j"},"content":"                try {","lastModifiedDate":"2024-01-24"},{"lineNumber":53,"author":{"gitId":"Jerome-j"},"content":"                    int idToMark \u003d Integer.parseInt(userInput.split(\" \")[1]) - 1;","lastModifiedDate":"2024-01-24"},{"lineNumber":54,"author":{"gitId":"Jerome-j"},"content":"","lastModifiedDate":"2024-01-24"},{"lineNumber":55,"author":{"gitId":"Jerome-j"},"content":"                    dataStorage.setTaskStatus(idToMark, true);","lastModifiedDate":"2024-01-24"},{"lineNumber":56,"author":{"gitId":"Jerome-j"},"content":"","lastModifiedDate":"2024-01-24"},{"lineNumber":57,"author":{"gitId":"Jerome-j"},"content":"                    System.out.println(\"\\t ____________________________________________________________\");","lastModifiedDate":"2024-01-24"},{"lineNumber":58,"author":{"gitId":"Jerome-j"},"content":"                    System.out.println(\"\\t  Nice! I\u0027ve marked this task as done:\");","lastModifiedDate":"2024-01-24"},{"lineNumber":59,"author":{"gitId":"Jerome-j"},"content":"                    System.out.println(\"\\t \" + dataStorage.getTask(idToMark).toString());","lastModifiedDate":"2024-01-24"},{"lineNumber":60,"author":{"gitId":"Jerome-j"},"content":"                    System.out.println(\"\\t ____________________________________________________________\");","lastModifiedDate":"2024-01-24"},{"lineNumber":61,"author":{"gitId":"Jerome-j"},"content":"                } catch (IndexOutOfBoundsException indexOutOfBoundsException) {","lastModifiedDate":"2024-01-24"},{"lineNumber":62,"author":{"gitId":"Jerome-j"},"content":"                    System.out.println(\"\\t ____________________________________________________________\");","lastModifiedDate":"2024-01-24"},{"lineNumber":63,"author":{"gitId":"Jerome-j"},"content":"                    System.out.println(\"\\t  Please do not enter an invalid index.\");","lastModifiedDate":"2024-01-24"},{"lineNumber":64,"author":{"gitId":"Jerome-j"},"content":"                    System.out.println(\"\\t ____________________________________________________________\");","lastModifiedDate":"2024-01-24"},{"lineNumber":65,"author":{"gitId":"Jerome-j"},"content":"                } catch (NumberFormatException numberFormatException) {","lastModifiedDate":"2024-01-24"},{"lineNumber":66,"author":{"gitId":"Jerome-j"},"content":"                    System.out.println(\"\\t ____________________________________________________________\");","lastModifiedDate":"2024-01-24"},{"lineNumber":67,"author":{"gitId":"Jerome-j"},"content":"                    System.out.println(\"\\t  Please enter numbers only.\");","lastModifiedDate":"2024-01-24"},{"lineNumber":68,"author":{"gitId":"Jerome-j"},"content":"                    System.out.println(\"\\t ____________________________________________________________\");","lastModifiedDate":"2024-01-24"},{"lineNumber":69,"author":{"gitId":"Jerome-j"},"content":"                } catch (NoTaskCreatedYetException noTaskCreatedYetException) {","lastModifiedDate":"2024-01-24"},{"lineNumber":70,"author":{"gitId":"Jerome-j"},"content":"                    System.out.println(\"\\t ____________________________________________________________\");","lastModifiedDate":"2024-01-24"},{"lineNumber":71,"author":{"gitId":"Jerome-j"},"content":"                    System.out.println(\"\\t  No task is created here yet.\");","lastModifiedDate":"2024-01-24"},{"lineNumber":72,"author":{"gitId":"Jerome-j"},"content":"                    System.out.println(\"\\t ____________________________________________________________\");","lastModifiedDate":"2024-01-24"},{"lineNumber":73,"author":{"gitId":"Jerome-j"},"content":"                }","lastModifiedDate":"2024-01-24"},{"lineNumber":74,"author":{"gitId":"Jerome-j"},"content":"","lastModifiedDate":"2024-01-24"},{"lineNumber":75,"author":{"gitId":"Jerome-j"},"content":"            } else if (userInput.startsWith(\"unmark\")) {","lastModifiedDate":"2024-01-24"},{"lineNumber":76,"author":{"gitId":"Jerome-j"},"content":"                // TODO: possibly need to handle a task that is called \"mark...\"","lastModifiedDate":"2024-01-24"},{"lineNumber":77,"author":{"gitId":"Jerome-j"},"content":"","lastModifiedDate":"2024-01-24"},{"lineNumber":78,"author":{"gitId":"Jerome-j"},"content":"                try {","lastModifiedDate":"2024-01-24"},{"lineNumber":79,"author":{"gitId":"Jerome-j"},"content":"                    int idToMark \u003d Integer.parseInt(userInput.split(\" \")[1]) - 1;","lastModifiedDate":"2024-01-24"},{"lineNumber":80,"author":{"gitId":"Jerome-j"},"content":"","lastModifiedDate":"2024-01-24"},{"lineNumber":81,"author":{"gitId":"Jerome-j"},"content":"","lastModifiedDate":"2024-01-24"},{"lineNumber":82,"author":{"gitId":"Jerome-j"},"content":"                    dataStorage.setTaskStatus(idToMark, false);","lastModifiedDate":"2024-01-24"},{"lineNumber":83,"author":{"gitId":"Jerome-j"},"content":"","lastModifiedDate":"2024-01-24"},{"lineNumber":84,"author":{"gitId":"Jerome-j"},"content":"                    System.out.println(\"\\t ____________________________________________________________\");","lastModifiedDate":"2024-01-24"},{"lineNumber":85,"author":{"gitId":"Jerome-j"},"content":"                    System.out.println(\"\\t  Nice! I\u0027ve marked this task as not completed yet:\");","lastModifiedDate":"2024-01-24"},{"lineNumber":86,"author":{"gitId":"Jerome-j"},"content":"                    System.out.println(\"\\t \" + dataStorage.getTask(idToMark).toString());","lastModifiedDate":"2024-01-24"},{"lineNumber":87,"author":{"gitId":"Jerome-j"},"content":"                    System.out.println(\"\\t ____________________________________________________________\");","lastModifiedDate":"2024-01-24"},{"lineNumber":88,"author":{"gitId":"Jerome-j"},"content":"                } catch (IndexOutOfBoundsException indexOutOfBoundsException) {","lastModifiedDate":"2024-01-24"},{"lineNumber":89,"author":{"gitId":"Jerome-j"},"content":"                    System.out.println(\"\\t ____________________________________________________________\");","lastModifiedDate":"2024-01-24"},{"lineNumber":90,"author":{"gitId":"Jerome-j"},"content":"                    System.out.println(\"\\t  Please do not enter an invalid entry\");","lastModifiedDate":"2024-01-24"},{"lineNumber":91,"author":{"gitId":"Jerome-j"},"content":"                    System.out.println(\"\\t ____________________________________________________________\");","lastModifiedDate":"2024-01-24"},{"lineNumber":92,"author":{"gitId":"Jerome-j"},"content":"                } catch (NoTaskCreatedYetException noTaskCreatedYetException) {","lastModifiedDate":"2024-01-24"},{"lineNumber":93,"author":{"gitId":"Jerome-j"},"content":"                    System.out.println(\"\\t ____________________________________________________________\");","lastModifiedDate":"2024-01-24"},{"lineNumber":94,"author":{"gitId":"Jerome-j"},"content":"                    System.out.println(\"\\t  No task is created here yet.\");","lastModifiedDate":"2024-01-24"},{"lineNumber":95,"author":{"gitId":"Jerome-j"},"content":"                    System.out.println(\"\\t ____________________________________________________________\");","lastModifiedDate":"2024-01-24"},{"lineNumber":96,"author":{"gitId":"Jerome-j"},"content":"                }","lastModifiedDate":"2024-01-24"},{"lineNumber":97,"author":{"gitId":"Jerome-j"},"content":"","lastModifiedDate":"2024-01-24"},{"lineNumber":98,"author":{"gitId":"Jerome-j"},"content":"            } else if (userInput.startsWith(\"todo\")) {","lastModifiedDate":"2024-01-24"},{"lineNumber":99,"author":{"gitId":"Jerome-j"},"content":"                // We further do another Regex search","lastModifiedDate":"2024-01-24"},{"lineNumber":100,"author":{"gitId":"Jerome-j"},"content":"","lastModifiedDate":"2024-01-24"},{"lineNumber":101,"author":{"gitId":"Jerome-j"},"content":"","lastModifiedDate":"2024-01-24"},{"lineNumber":102,"author":{"gitId":"Jerome-j"},"content":"                try {","lastModifiedDate":"2024-01-24"},{"lineNumber":103,"author":{"gitId":"Jerome-j"},"content":"                    Task task \u003d toDoParser(userInput);","lastModifiedDate":"2024-01-24"},{"lineNumber":104,"author":{"gitId":"Jerome-j"},"content":"                    createNewTask(dataStorage, task);","lastModifiedDate":"2024-01-24"},{"lineNumber":105,"author":{"gitId":"Jerome-j"},"content":"                } catch (MalformedUserInputException malformedUserInputException) {","lastModifiedDate":"2024-01-24"},{"lineNumber":106,"author":{"gitId":"Jerome-j"},"content":"                    // TODO: Handle failure in terms of missing variable.","lastModifiedDate":"2024-01-24"},{"lineNumber":107,"author":{"gitId":"Jerome-j"},"content":"","lastModifiedDate":"2024-01-24"},{"lineNumber":108,"author":{"gitId":"Jerome-j"},"content":"                    System.out.println(\"You have a malformed input for your todo command. \" +","lastModifiedDate":"2024-01-24"},{"lineNumber":109,"author":{"gitId":"Jerome-j"},"content":"                            \"It is likely that you are missing the todo name\");","lastModifiedDate":"2024-01-24"},{"lineNumber":110,"author":{"gitId":"Jerome-j"},"content":"                }","lastModifiedDate":"2024-01-24"},{"lineNumber":111,"author":{"gitId":"Jerome-j"},"content":"","lastModifiedDate":"2024-01-24"},{"lineNumber":112,"author":{"gitId":"Jerome-j"},"content":"","lastModifiedDate":"2024-01-24"},{"lineNumber":113,"author":{"gitId":"Jerome-j"},"content":"            } else if (userInput.startsWith(\"deadline\")) {","lastModifiedDate":"2024-01-24"},{"lineNumber":114,"author":{"gitId":"Jerome-j"},"content":"                // We further do another Regex search","lastModifiedDate":"2024-01-24"},{"lineNumber":115,"author":{"gitId":"Jerome-j"},"content":"","lastModifiedDate":"2024-01-24"},{"lineNumber":116,"author":{"gitId":"Jerome-j"},"content":"","lastModifiedDate":"2024-01-24"},{"lineNumber":117,"author":{"gitId":"Jerome-j"},"content":"                try {","lastModifiedDate":"2024-01-24"},{"lineNumber":118,"author":{"gitId":"Jerome-j"},"content":"                    Task task \u003d deadlineParser(userInput);","lastModifiedDate":"2024-01-24"},{"lineNumber":119,"author":{"gitId":"Jerome-j"},"content":"                    createNewTask(dataStorage, task);","lastModifiedDate":"2024-01-24"},{"lineNumber":120,"author":{"gitId":"Jerome-j"},"content":"                } catch (MalformedUserInputException malformedUserInputException) {","lastModifiedDate":"2024-01-24"},{"lineNumber":121,"author":{"gitId":"Jerome-j"},"content":"                    // TODO: Handle failure in terms of missing variable.","lastModifiedDate":"2024-01-24"},{"lineNumber":122,"author":{"gitId":"Jerome-j"},"content":"                    System.out.println(\"You have a malformed input for your deadline command. \" +","lastModifiedDate":"2024-01-24"},{"lineNumber":123,"author":{"gitId":"Jerome-j"},"content":"                            \"It is likely that you are missing the deadline name\");","lastModifiedDate":"2024-01-24"},{"lineNumber":124,"author":{"gitId":"Jerome-j"},"content":"                }","lastModifiedDate":"2024-01-24"},{"lineNumber":125,"author":{"gitId":"Jerome-j"},"content":"","lastModifiedDate":"2024-01-24"},{"lineNumber":126,"author":{"gitId":"Jerome-j"},"content":"","lastModifiedDate":"2024-01-24"},{"lineNumber":127,"author":{"gitId":"Jerome-j"},"content":"            } else if (userInput.startsWith(\"event\")) {","lastModifiedDate":"2024-01-24"},{"lineNumber":128,"author":{"gitId":"Jerome-j"},"content":"                // We further do another Regex search","lastModifiedDate":"2024-01-24"},{"lineNumber":129,"author":{"gitId":"Jerome-j"},"content":"","lastModifiedDate":"2024-01-24"},{"lineNumber":130,"author":{"gitId":"Jerome-j"},"content":"                // Solution below adapted from https://www.w3schools.com/java/java_regex.asp","lastModifiedDate":"2024-01-24"},{"lineNumber":131,"author":{"gitId":"Jerome-j"},"content":"                Pattern pattern \u003d Pattern.compile(\"^event (.+) \\\\/from (.+) \\\\/to (.+)$\");","lastModifiedDate":"2024-01-24"},{"lineNumber":132,"author":{"gitId":"Jerome-j"},"content":"                Matcher matcher \u003d pattern.matcher(userInput);","lastModifiedDate":"2024-01-24"},{"lineNumber":133,"author":{"gitId":"Jerome-j"},"content":"","lastModifiedDate":"2024-01-24"},{"lineNumber":134,"author":{"gitId":"Jerome-j"},"content":"                try {","lastModifiedDate":"2024-01-24"},{"lineNumber":135,"author":{"gitId":"Jerome-j"},"content":"                    Task task \u003d eventParser(userInput);","lastModifiedDate":"2024-01-24"},{"lineNumber":136,"author":{"gitId":"Jerome-j"},"content":"                    createNewTask(dataStorage, task);","lastModifiedDate":"2024-01-24"},{"lineNumber":137,"author":{"gitId":"Jerome-j"},"content":"                } catch (MalformedUserInputException malformedUserInputException) {","lastModifiedDate":"2024-01-24"},{"lineNumber":138,"author":{"gitId":"Jerome-j"},"content":"                    // TODO: Handle failure in terms of missing variable.","lastModifiedDate":"2024-01-24"},{"lineNumber":139,"author":{"gitId":"Jerome-j"},"content":"                    System.out.println(\"You have a malformed input for your event command. \" +","lastModifiedDate":"2024-01-24"},{"lineNumber":140,"author":{"gitId":"Jerome-j"},"content":"                            \"It is likely that you are missing the event name\");","lastModifiedDate":"2024-01-24"},{"lineNumber":141,"author":{"gitId":"Jerome-j"},"content":"                }","lastModifiedDate":"2024-01-24"},{"lineNumber":142,"author":{"gitId":"Jerome-j"},"content":"","lastModifiedDate":"2024-01-24"},{"lineNumber":143,"author":{"gitId":"Jerome-j"},"content":"            } else if (userInput.equals(\"bye\")) {","lastModifiedDate":"2024-01-24"},{"lineNumber":144,"author":{"gitId":"Jerome-j"},"content":"                // Use this construct because we don\u0027t want to echo the bye message.","lastModifiedDate":"2024-01-24"},{"lineNumber":145,"author":{"gitId":"Jerome-j"},"content":"                break;","lastModifiedDate":"2024-01-24"},{"lineNumber":146,"author":{"gitId":"Jerome-j"},"content":"            } else {","lastModifiedDate":"2024-01-24"},{"lineNumber":147,"author":{"gitId":"Jerome-j"},"content":"                System.out.println(\"\\t ____________________________________________________________\");","lastModifiedDate":"2024-01-24"},{"lineNumber":148,"author":{"gitId":"Jerome-j"},"content":"                // Emoji of \\uD83D\\uDE05 is 😅","lastModifiedDate":"2024-01-24"},{"lineNumber":149,"author":{"gitId":"Jerome-j"},"content":"                System.out.println(\" \\t I have no idea what you are trying to tell me??? \\uD83D\\uDE05\");","lastModifiedDate":"2024-01-24"},{"lineNumber":150,"author":{"gitId":"Jerome-j"},"content":"                System.out.println(\" \\t Please try again.\");","lastModifiedDate":"2024-01-24"},{"lineNumber":151,"author":{"gitId":"Jerome-j"},"content":"                System.out.println(\"\\t ____________________________________________________________\");","lastModifiedDate":"2024-01-24"},{"lineNumber":152,"author":{"gitId":"Jerome-j"},"content":"            }","lastModifiedDate":"2024-01-24"},{"lineNumber":153,"author":{"gitId":"Jerome-j"},"content":"","lastModifiedDate":"2024-01-24"},{"lineNumber":154,"author":{"gitId":"Jerome-j"},"content":"        }","lastModifiedDate":"2024-01-24"},{"lineNumber":155,"author":{"gitId":"Jerome-j"},"content":"","lastModifiedDate":"2024-01-24"},{"lineNumber":156,"author":{"gitId":"Jerome-j"},"content":"        System.out.println(","lastModifiedDate":"2024-01-24"},{"lineNumber":157,"author":{"gitId":"Jerome-j"},"content":"                \"\\t ____________________________________________________________\\n\" +","lastModifiedDate":"2024-01-24"},{"lineNumber":158,"author":{"gitId":"Jerome-j"},"content":"                        \"\\t Bye. Hope to see you again soon!\\n\" +","lastModifiedDate":"2024-01-24"},{"lineNumber":159,"author":{"gitId":"Jerome-j"},"content":"                        \"\\t ____________________________________________________________\"","lastModifiedDate":"2024-01-24"},{"lineNumber":160,"author":{"gitId":"Jerome-j"},"content":"        );","lastModifiedDate":"2024-01-24"},{"lineNumber":161,"author":{"gitId":"-"},"content":"    }","lastModifiedDate":"2024-01-24"},{"lineNumber":162,"author":{"gitId":"Jerome-j"},"content":"","lastModifiedDate":"2024-01-24"},{"lineNumber":163,"author":{"gitId":"Jerome-j"},"content":"    private static void createNewTask(DataStorage dataStorage, Task task) {","lastModifiedDate":"2024-01-24"},{"lineNumber":164,"author":{"gitId":"Jerome-j"},"content":"        // This allows user to add in a new task.","lastModifiedDate":"2024-01-24"},{"lineNumber":165,"author":{"gitId":"Jerome-j"},"content":"        try {","lastModifiedDate":"2024-01-24"},{"lineNumber":166,"author":{"gitId":"Jerome-j"},"content":"            dataStorage.addTask(task);","lastModifiedDate":"2024-01-24"},{"lineNumber":167,"author":{"gitId":"Jerome-j"},"content":"            System.out.println(","lastModifiedDate":"2024-01-24"},{"lineNumber":168,"author":{"gitId":"Jerome-j"},"content":"                    \"\\t ____________________________________________________________\\n\" +","lastModifiedDate":"2024-01-24"},{"lineNumber":169,"author":{"gitId":"Jerome-j"},"content":"                            \"\\t Got it. I\u0027ve added this task:\\n\" +","lastModifiedDate":"2024-01-24"},{"lineNumber":170,"author":{"gitId":"Jerome-j"},"content":"                            \"\\t added: \" + task.toString() + \"\\n\" +","lastModifiedDate":"2024-01-24"},{"lineNumber":171,"author":{"gitId":"Jerome-j"},"content":"                            \"\\t Now you have \" + dataStorage.getTaskCount() + \" tasks in the list.\\n\" +","lastModifiedDate":"2024-01-24"},{"lineNumber":172,"author":{"gitId":"Jerome-j"},"content":"                            \"\\t ____________________________________________________________\"","lastModifiedDate":"2024-01-24"},{"lineNumber":173,"author":{"gitId":"Jerome-j"},"content":"            );","lastModifiedDate":"2024-01-24"},{"lineNumber":174,"author":{"gitId":"Jerome-j"},"content":"","lastModifiedDate":"2024-01-24"},{"lineNumber":175,"author":{"gitId":"Jerome-j"},"content":"        } catch (TooManyTasksException tooManyTaskException) {","lastModifiedDate":"2024-01-24"},{"lineNumber":176,"author":{"gitId":"Jerome-j"},"content":"            System.out.println(\"\\t ____________________________________________________________\");","lastModifiedDate":"2024-01-24"},{"lineNumber":177,"author":{"gitId":"Jerome-j"},"content":"            System.out.println(\"\\t  Sorry you are too busy .... how come you got so many tasks??\");","lastModifiedDate":"2024-01-24"},{"lineNumber":178,"author":{"gitId":"Jerome-j"},"content":"            System.out.println(\"\\t  See la the array no space already. Delete some stuff or restart the program please.\");","lastModifiedDate":"2024-01-24"},{"lineNumber":179,"author":{"gitId":"Jerome-j"},"content":"            System.out.println(\"\\t ____________________________________________________________\");","lastModifiedDate":"2024-01-24"},{"lineNumber":180,"author":{"gitId":"Jerome-j"},"content":"        }","lastModifiedDate":"2024-01-24"},{"lineNumber":181,"author":{"gitId":"Jerome-j"},"content":"    }","lastModifiedDate":"2024-01-24"},{"lineNumber":182,"author":{"gitId":"Jerome-j"},"content":"","lastModifiedDate":"2024-01-24"},{"lineNumber":183,"author":{"gitId":"Jerome-j"},"content":"","lastModifiedDate":"2024-01-24"},{"lineNumber":184,"author":{"gitId":"-"},"content":"}","lastModifiedDate":"2019-07-29"}],"authorContributionMap":{"Jerome-j":180,"-":4}},{"path":"src/main/java/Parser/EventParser.java","fileType":"java","lines":[{"lineNumber":1,"author":{"gitId":"Jerome-j"},"content":"package Parser;","lastModifiedDate":"2024-01-24"},{"lineNumber":2,"author":{"gitId":"Jerome-j"},"content":"","lastModifiedDate":"2024-01-24"},{"lineNumber":3,"author":{"gitId":"Jerome-j"},"content":"import CustomExceptions.MalformedUserInputException;","lastModifiedDate":"2024-01-24"},{"lineNumber":4,"author":{"gitId":"Jerome-j"},"content":"import TaskList.Deadline;","lastModifiedDate":"2024-01-24"},{"lineNumber":5,"author":{"gitId":"Jerome-j"},"content":"import TaskList.Event;","lastModifiedDate":"2024-01-24"},{"lineNumber":6,"author":{"gitId":"Jerome-j"},"content":"import TaskList.Task;","lastModifiedDate":"2024-01-24"},{"lineNumber":7,"author":{"gitId":"Jerome-j"},"content":"import TaskList.Todo;","lastModifiedDate":"2024-01-24"},{"lineNumber":8,"author":{"gitId":"Jerome-j"},"content":"","lastModifiedDate":"2024-01-24"},{"lineNumber":9,"author":{"gitId":"Jerome-j"},"content":"import java.util.regex.Matcher;","lastModifiedDate":"2024-01-24"},{"lineNumber":10,"author":{"gitId":"Jerome-j"},"content":"import java.util.regex.Pattern;","lastModifiedDate":"2024-01-24"},{"lineNumber":11,"author":{"gitId":"Jerome-j"},"content":"","lastModifiedDate":"2024-01-24"},{"lineNumber":12,"author":{"gitId":"Jerome-j"},"content":"public class EventParser {","lastModifiedDate":"2024-01-24"},{"lineNumber":13,"author":{"gitId":"Jerome-j"},"content":"    public static Task toDoParser(String userInput) throws MalformedUserInputException {","lastModifiedDate":"2024-01-24"},{"lineNumber":14,"author":{"gitId":"Jerome-j"},"content":"        // Solution below adapted from https://www.w3schools.com/java/java_regex.asp","lastModifiedDate":"2024-01-24"},{"lineNumber":15,"author":{"gitId":"Jerome-j"},"content":"        Pattern pattern \u003d Pattern.compile(\"^todo (.+)$\");","lastModifiedDate":"2024-01-24"},{"lineNumber":16,"author":{"gitId":"Jerome-j"},"content":"        Matcher matcher \u003d pattern.matcher(userInput);","lastModifiedDate":"2024-01-24"},{"lineNumber":17,"author":{"gitId":"Jerome-j"},"content":"","lastModifiedDate":"2024-01-24"},{"lineNumber":18,"author":{"gitId":"Jerome-j"},"content":"        if (matcher.find()) {","lastModifiedDate":"2024-01-24"},{"lineNumber":19,"author":{"gitId":"Jerome-j"},"content":"            String task \u003d matcher.group(1);","lastModifiedDate":"2024-01-24"},{"lineNumber":20,"author":{"gitId":"Jerome-j"},"content":"            Todo newTodoTask \u003d new Todo(task);","lastModifiedDate":"2024-01-24"},{"lineNumber":21,"author":{"gitId":"Jerome-j"},"content":"","lastModifiedDate":"2024-01-24"},{"lineNumber":22,"author":{"gitId":"Jerome-j"},"content":"            return newTodoTask;","lastModifiedDate":"2024-01-24"},{"lineNumber":23,"author":{"gitId":"Jerome-j"},"content":"        } else {","lastModifiedDate":"2024-01-24"},{"lineNumber":24,"author":{"gitId":"Jerome-j"},"content":"            throw new MalformedUserInputException();","lastModifiedDate":"2024-01-24"},{"lineNumber":25,"author":{"gitId":"Jerome-j"},"content":"        }","lastModifiedDate":"2024-01-24"},{"lineNumber":26,"author":{"gitId":"Jerome-j"},"content":"    }","lastModifiedDate":"2024-01-24"},{"lineNumber":27,"author":{"gitId":"Jerome-j"},"content":"","lastModifiedDate":"2024-01-24"},{"lineNumber":28,"author":{"gitId":"Jerome-j"},"content":"    public static Task deadlineParser(String userInput) throws MalformedUserInputException {","lastModifiedDate":"2024-01-24"},{"lineNumber":29,"author":{"gitId":"Jerome-j"},"content":"        // Solution below adapted from https://www.w3schools.com/java/java_regex.asp","lastModifiedDate":"2024-01-24"},{"lineNumber":30,"author":{"gitId":"Jerome-j"},"content":"        Pattern pattern \u003d Pattern.compile(\"^deadline (.+) \\\\/by (.+)$\");","lastModifiedDate":"2024-01-24"},{"lineNumber":31,"author":{"gitId":"Jerome-j"},"content":"        Matcher matcher \u003d pattern.matcher(userInput);","lastModifiedDate":"2024-01-24"},{"lineNumber":32,"author":{"gitId":"Jerome-j"},"content":"","lastModifiedDate":"2024-01-24"},{"lineNumber":33,"author":{"gitId":"Jerome-j"},"content":"        if (matcher.find()) {","lastModifiedDate":"2024-01-24"},{"lineNumber":34,"author":{"gitId":"Jerome-j"},"content":"            String task \u003d matcher.group(1);","lastModifiedDate":"2024-01-24"},{"lineNumber":35,"author":{"gitId":"Jerome-j"},"content":"            String deadline \u003d matcher.group(2);","lastModifiedDate":"2024-01-24"},{"lineNumber":36,"author":{"gitId":"Jerome-j"},"content":"","lastModifiedDate":"2024-01-24"},{"lineNumber":37,"author":{"gitId":"Jerome-j"},"content":"            Deadline newDeadline \u003d new Deadline(task, deadline);","lastModifiedDate":"2024-01-24"},{"lineNumber":38,"author":{"gitId":"Jerome-j"},"content":"","lastModifiedDate":"2024-01-24"},{"lineNumber":39,"author":{"gitId":"Jerome-j"},"content":"            return newDeadline;","lastModifiedDate":"2024-01-24"},{"lineNumber":40,"author":{"gitId":"Jerome-j"},"content":"        } else {","lastModifiedDate":"2024-01-24"},{"lineNumber":41,"author":{"gitId":"Jerome-j"},"content":"            throw new MalformedUserInputException();","lastModifiedDate":"2024-01-24"},{"lineNumber":42,"author":{"gitId":"Jerome-j"},"content":"        }","lastModifiedDate":"2024-01-24"},{"lineNumber":43,"author":{"gitId":"Jerome-j"},"content":"    }","lastModifiedDate":"2024-01-24"},{"lineNumber":44,"author":{"gitId":"Jerome-j"},"content":"","lastModifiedDate":"2024-01-24"},{"lineNumber":45,"author":{"gitId":"Jerome-j"},"content":"    public static Task eventParser(String userInput) throws MalformedUserInputException {","lastModifiedDate":"2024-01-24"},{"lineNumber":46,"author":{"gitId":"Jerome-j"},"content":"        // Solution below adapted from https://www.w3schools.com/java/java_regex.asp","lastModifiedDate":"2024-01-24"},{"lineNumber":47,"author":{"gitId":"Jerome-j"},"content":"        Pattern pattern \u003d Pattern.compile(\"^event (.+) \\\\/from (.+) \\\\/to (.+)$\");","lastModifiedDate":"2024-01-24"},{"lineNumber":48,"author":{"gitId":"Jerome-j"},"content":"        Matcher matcher \u003d pattern.matcher(userInput);","lastModifiedDate":"2024-01-24"},{"lineNumber":49,"author":{"gitId":"Jerome-j"},"content":"","lastModifiedDate":"2024-01-24"},{"lineNumber":50,"author":{"gitId":"Jerome-j"},"content":"        if (matcher.find()) {","lastModifiedDate":"2024-01-24"},{"lineNumber":51,"author":{"gitId":"Jerome-j"},"content":"            String task \u003d matcher.group(1);","lastModifiedDate":"2024-01-24"},{"lineNumber":52,"author":{"gitId":"Jerome-j"},"content":"            String from \u003d matcher.group(2);","lastModifiedDate":"2024-01-24"},{"lineNumber":53,"author":{"gitId":"Jerome-j"},"content":"            String to \u003d matcher.group(3);","lastModifiedDate":"2024-01-24"},{"lineNumber":54,"author":{"gitId":"Jerome-j"},"content":"","lastModifiedDate":"2024-01-24"},{"lineNumber":55,"author":{"gitId":"Jerome-j"},"content":"            Event newEventTask \u003d new Event(task, from, to);","lastModifiedDate":"2024-01-24"},{"lineNumber":56,"author":{"gitId":"Jerome-j"},"content":"            return newEventTask;","lastModifiedDate":"2024-01-24"},{"lineNumber":57,"author":{"gitId":"Jerome-j"},"content":"        } else {","lastModifiedDate":"2024-01-24"},{"lineNumber":58,"author":{"gitId":"Jerome-j"},"content":"            throw new MalformedUserInputException();","lastModifiedDate":"2024-01-24"},{"lineNumber":59,"author":{"gitId":"Jerome-j"},"content":"        }","lastModifiedDate":"2024-01-24"},{"lineNumber":60,"author":{"gitId":"Jerome-j"},"content":"    }","lastModifiedDate":"2024-01-24"},{"lineNumber":61,"author":{"gitId":"Jerome-j"},"content":"","lastModifiedDate":"2024-01-24"},{"lineNumber":62,"author":{"gitId":"Jerome-j"},"content":"","lastModifiedDate":"2024-01-24"},{"lineNumber":63,"author":{"gitId":"Jerome-j"},"content":"}","lastModifiedDate":"2024-01-24"}],"authorContributionMap":{"Jerome-j":63}},{"path":"src/main/java/TaskList/Deadline.java","fileType":"java","lines":[{"lineNumber":1,"author":{"gitId":"Jerome-j"},"content":"package TaskList;","lastModifiedDate":"2024-01-24"},{"lineNumber":2,"author":{"gitId":"Jerome-j"},"content":"","lastModifiedDate":"2024-01-24"},{"lineNumber":3,"author":{"gitId":"Jerome-j"},"content":"public class Deadline extends Task {","lastModifiedDate":"2024-01-24"},{"lineNumber":4,"author":{"gitId":"Jerome-j"},"content":"","lastModifiedDate":"2024-01-24"},{"lineNumber":5,"author":{"gitId":"Jerome-j"},"content":"    private String by;","lastModifiedDate":"2024-01-24"},{"lineNumber":6,"author":{"gitId":"Jerome-j"},"content":"","lastModifiedDate":"2024-01-24"},{"lineNumber":7,"author":{"gitId":"Jerome-j"},"content":"    public Deadline(String description, String by) {","lastModifiedDate":"2024-01-24"},{"lineNumber":8,"author":{"gitId":"Jerome-j"},"content":"        super(description);","lastModifiedDate":"2024-01-24"},{"lineNumber":9,"author":{"gitId":"Jerome-j"},"content":"        this.by \u003d by;","lastModifiedDate":"2024-01-24"},{"lineNumber":10,"author":{"gitId":"Jerome-j"},"content":"    }","lastModifiedDate":"2024-01-24"},{"lineNumber":11,"author":{"gitId":"Jerome-j"},"content":"","lastModifiedDate":"2024-01-24"},{"lineNumber":12,"author":{"gitId":"Jerome-j"},"content":"    @Override","lastModifiedDate":"2024-01-24"},{"lineNumber":13,"author":{"gitId":"Jerome-j"},"content":"    public String toString() {","lastModifiedDate":"2024-01-24"},{"lineNumber":14,"author":{"gitId":"Jerome-j"},"content":"        return \"[D]\" + super.toString() + \" (by: \" + by + \")\";","lastModifiedDate":"2024-01-24"},{"lineNumber":15,"author":{"gitId":"Jerome-j"},"content":"    }","lastModifiedDate":"2024-01-24"},{"lineNumber":16,"author":{"gitId":"Jerome-j"},"content":"}","lastModifiedDate":"2024-01-24"}],"authorContributionMap":{"Jerome-j":16}},{"path":"src/main/java/TaskList/Event.java","fileType":"java","lines":[{"lineNumber":1,"author":{"gitId":"Jerome-j"},"content":"package TaskList;","lastModifiedDate":"2024-01-24"},{"lineNumber":2,"author":{"gitId":"Jerome-j"},"content":"","lastModifiedDate":"2024-01-24"},{"lineNumber":3,"author":{"gitId":"Jerome-j"},"content":"public class Event extends Task {","lastModifiedDate":"2024-01-24"},{"lineNumber":4,"author":{"gitId":"Jerome-j"},"content":"    private String startTime;","lastModifiedDate":"2024-01-24"},{"lineNumber":5,"author":{"gitId":"Jerome-j"},"content":"    private String endTime;","lastModifiedDate":"2024-01-24"},{"lineNumber":6,"author":{"gitId":"Jerome-j"},"content":"","lastModifiedDate":"2024-01-24"},{"lineNumber":7,"author":{"gitId":"Jerome-j"},"content":"    public Event(String description, String startTime, String endTime) {","lastModifiedDate":"2024-01-24"},{"lineNumber":8,"author":{"gitId":"Jerome-j"},"content":"        super(description);","lastModifiedDate":"2024-01-24"},{"lineNumber":9,"author":{"gitId":"Jerome-j"},"content":"        this.startTime \u003d startTime;","lastModifiedDate":"2024-01-24"},{"lineNumber":10,"author":{"gitId":"Jerome-j"},"content":"        this.endTime \u003d endTime;","lastModifiedDate":"2024-01-24"},{"lineNumber":11,"author":{"gitId":"Jerome-j"},"content":"    }","lastModifiedDate":"2024-01-24"},{"lineNumber":12,"author":{"gitId":"Jerome-j"},"content":"","lastModifiedDate":"2024-01-24"},{"lineNumber":13,"author":{"gitId":"Jerome-j"},"content":"    @Override","lastModifiedDate":"2024-01-24"},{"lineNumber":14,"author":{"gitId":"Jerome-j"},"content":"    public String toString() {","lastModifiedDate":"2024-01-24"},{"lineNumber":15,"author":{"gitId":"Jerome-j"},"content":"        return \"[E]\" + this.getStatusIcon() + \" \" + this.getDescription() + \"(from: \" + this.startTime + \" to: \" + this.endTime + \")\";","lastModifiedDate":"2024-01-24"},{"lineNumber":16,"author":{"gitId":"Jerome-j"},"content":"    }","lastModifiedDate":"2024-01-24"},{"lineNumber":17,"author":{"gitId":"Jerome-j"},"content":"}","lastModifiedDate":"2024-01-24"}],"authorContributionMap":{"Jerome-j":17}},{"path":"src/main/java/TaskList/Task.java","fileType":"java","lines":[{"lineNumber":1,"author":{"gitId":"Jerome-j"},"content":"package TaskList;","lastModifiedDate":"2024-01-24"},{"lineNumber":2,"author":{"gitId":"Jerome-j"},"content":"","lastModifiedDate":"2024-01-24"},{"lineNumber":3,"author":{"gitId":"Jerome-j"},"content":"public class Task {","lastModifiedDate":"2024-01-24"},{"lineNumber":4,"author":{"gitId":"Jerome-j"},"content":"    private String description;","lastModifiedDate":"2024-01-24"},{"lineNumber":5,"author":{"gitId":"Jerome-j"},"content":"    private boolean isDone;","lastModifiedDate":"2024-01-24"},{"lineNumber":6,"author":{"gitId":"Jerome-j"},"content":"","lastModifiedDate":"2024-01-24"},{"lineNumber":7,"author":{"gitId":"Jerome-j"},"content":"    public Task(String description) {","lastModifiedDate":"2024-01-24"},{"lineNumber":8,"author":{"gitId":"Jerome-j"},"content":"        this.description \u003d description;","lastModifiedDate":"2024-01-24"},{"lineNumber":9,"author":{"gitId":"Jerome-j"},"content":"        this.isDone \u003d false;","lastModifiedDate":"2024-01-24"},{"lineNumber":10,"author":{"gitId":"Jerome-j"},"content":"    }","lastModifiedDate":"2024-01-24"},{"lineNumber":11,"author":{"gitId":"Jerome-j"},"content":"","lastModifiedDate":"2024-01-24"},{"lineNumber":12,"author":{"gitId":"Jerome-j"},"content":"    public String getStatusIcon() {","lastModifiedDate":"2024-01-24"},{"lineNumber":13,"author":{"gitId":"Jerome-j"},"content":"        return (isDone ? \"[X]\" : \"[ ]\"); // mark done task with X","lastModifiedDate":"2024-01-24"},{"lineNumber":14,"author":{"gitId":"Jerome-j"},"content":"    }","lastModifiedDate":"2024-01-24"},{"lineNumber":15,"author":{"gitId":"Jerome-j"},"content":"","lastModifiedDate":"2024-01-24"},{"lineNumber":16,"author":{"gitId":"Jerome-j"},"content":"    public void setDone(boolean status) {","lastModifiedDate":"2024-01-24"},{"lineNumber":17,"author":{"gitId":"Jerome-j"},"content":"        this.isDone \u003d status;","lastModifiedDate":"2024-01-24"},{"lineNumber":18,"author":{"gitId":"Jerome-j"},"content":"    }","lastModifiedDate":"2024-01-24"},{"lineNumber":19,"author":{"gitId":"Jerome-j"},"content":"","lastModifiedDate":"2024-01-24"},{"lineNumber":20,"author":{"gitId":"Jerome-j"},"content":"    public String getDescription() {","lastModifiedDate":"2024-01-24"},{"lineNumber":21,"author":{"gitId":"Jerome-j"},"content":"        return this.description;","lastModifiedDate":"2024-01-24"},{"lineNumber":22,"author":{"gitId":"Jerome-j"},"content":"    }","lastModifiedDate":"2024-01-24"},{"lineNumber":23,"author":{"gitId":"Jerome-j"},"content":"","lastModifiedDate":"2024-01-24"},{"lineNumber":24,"author":{"gitId":"Jerome-j"},"content":"    @Override","lastModifiedDate":"2024-01-24"},{"lineNumber":25,"author":{"gitId":"Jerome-j"},"content":"    public String toString() {","lastModifiedDate":"2024-01-24"},{"lineNumber":26,"author":{"gitId":"Jerome-j"},"content":"        return this.getStatusIcon() + \" \" + this.getDescription();","lastModifiedDate":"2024-01-24"},{"lineNumber":27,"author":{"gitId":"Jerome-j"},"content":"    }","lastModifiedDate":"2024-01-24"},{"lineNumber":28,"author":{"gitId":"Jerome-j"},"content":"","lastModifiedDate":"2024-01-24"},{"lineNumber":29,"author":{"gitId":"Jerome-j"},"content":"}","lastModifiedDate":"2024-01-24"}],"authorContributionMap":{"Jerome-j":29}},{"path":"src/main/java/TaskList/Todo.java","fileType":"java","lines":[{"lineNumber":1,"author":{"gitId":"Jerome-j"},"content":"package TaskList;","lastModifiedDate":"2024-01-24"},{"lineNumber":2,"author":{"gitId":"Jerome-j"},"content":"","lastModifiedDate":"2024-01-24"},{"lineNumber":3,"author":{"gitId":"Jerome-j"},"content":"public class Todo extends Task {","lastModifiedDate":"2024-01-24"},{"lineNumber":4,"author":{"gitId":"Jerome-j"},"content":"","lastModifiedDate":"2024-01-24"},{"lineNumber":5,"author":{"gitId":"Jerome-j"},"content":"    public Todo(String description) {","lastModifiedDate":"2024-01-24"},{"lineNumber":6,"author":{"gitId":"Jerome-j"},"content":"        super(description);","lastModifiedDate":"2024-01-24"},{"lineNumber":7,"author":{"gitId":"Jerome-j"},"content":"    }","lastModifiedDate":"2024-01-24"},{"lineNumber":8,"author":{"gitId":"Jerome-j"},"content":"","lastModifiedDate":"2024-01-24"},{"lineNumber":9,"author":{"gitId":"Jerome-j"},"content":"    @Override","lastModifiedDate":"2024-01-24"},{"lineNumber":10,"author":{"gitId":"Jerome-j"},"content":"    public String toString() {","lastModifiedDate":"2024-01-24"},{"lineNumber":11,"author":{"gitId":"Jerome-j"},"content":"        return \"[T]\" + super.toString();","lastModifiedDate":"2024-01-24"},{"lineNumber":12,"author":{"gitId":"Jerome-j"},"content":"    }","lastModifiedDate":"2024-01-24"},{"lineNumber":13,"author":{"gitId":"Jerome-j"},"content":"","lastModifiedDate":"2024-01-24"},{"lineNumber":14,"author":{"gitId":"Jerome-j"},"content":"}","lastModifiedDate":"2024-01-24"}],"authorContributionMap":{"Jerome-j":14}},{"path":"text-ui-test/input.txt","fileType":"txt","lines":[{"lineNumber":1,"author":{"gitId":"Jerome-j"},"content":"somethingwrong","lastModifiedDate":"2024-01-24"},{"lineNumber":2,"author":{"gitId":"Jerome-j"},"content":"todo hello","lastModifiedDate":"2024-01-24"},{"lineNumber":3,"author":{"gitId":"Jerome-j"},"content":"list","lastModifiedDate":"2024-01-24"},{"lineNumber":4,"author":{"gitId":"Jerome-j"},"content":"mark 1","lastModifiedDate":"2024-01-24"},{"lineNumber":5,"author":{"gitId":"Jerome-j"},"content":"event party /from Monday 2pm /to 4pm","lastModifiedDate":"2024-01-24"},{"lineNumber":6,"author":{"gitId":"Jerome-j"},"content":"unmark 1","lastModifiedDate":"2024-01-24"},{"lineNumber":7,"author":{"gitId":"Jerome-j"},"content":"deadline return book /by Sunday","lastModifiedDate":"2024-01-24"},{"lineNumber":8,"author":{"gitId":"Jerome-j"},"content":"mark 2","lastModifiedDate":"2024-01-24"},{"lineNumber":9,"author":{"gitId":"Jerome-j"},"content":"list","lastModifiedDate":"2024-01-24"}],"authorContributionMap":{"Jerome-j":9}}]
