[{"path":"src/main/java/Commands.java","fileType":"java","lines":[{"lineNumber":1,"author":{"gitId":"KhoonSun47"},"content":"// Optional Item for Week 2 (Use Java enums):","lastModifiedDate":"2024-01-23"},{"lineNumber":2,"author":{"gitId":"KhoonSun47"},"content":"public enum Commands {","lastModifiedDate":"2024-01-21"},{"lineNumber":3,"author":{"gitId":"KhoonSun47"},"content":"    list, bye, mark, unmark, todo, deadline, event, delete","lastModifiedDate":"2024-01-23"},{"lineNumber":4,"author":{"gitId":"KhoonSun47"},"content":"}","lastModifiedDate":"2024-01-21"}],"authorContributionMap":{"KhoonSun47":4}},{"path":"src/main/java/Deadline.java","fileType":"java","lines":[{"lineNumber":1,"author":{"gitId":"KhoonSun47"},"content":"public class Deadline extends Task {","lastModifiedDate":"2024-01-23"},{"lineNumber":2,"author":{"gitId":"KhoonSun47"},"content":"","lastModifiedDate":"2024-01-23"},{"lineNumber":3,"author":{"gitId":"KhoonSun47"},"content":"    private String byDate;","lastModifiedDate":"2024-01-23"},{"lineNumber":4,"author":{"gitId":"KhoonSun47"},"content":"","lastModifiedDate":"2024-01-23"},{"lineNumber":5,"author":{"gitId":"KhoonSun47"},"content":"    public Deadline(String name, String byDate) {","lastModifiedDate":"2024-01-23"},{"lineNumber":6,"author":{"gitId":"KhoonSun47"},"content":"        super(name);","lastModifiedDate":"2024-01-23"},{"lineNumber":7,"author":{"gitId":"KhoonSun47"},"content":"        this.byDate \u003d byDate;","lastModifiedDate":"2024-01-23"},{"lineNumber":8,"author":{"gitId":"KhoonSun47"},"content":"    }","lastModifiedDate":"2024-01-23"},{"lineNumber":9,"author":{"gitId":"KhoonSun47"},"content":"","lastModifiedDate":"2024-01-23"},{"lineNumber":10,"author":{"gitId":"KhoonSun47"},"content":"    @Override","lastModifiedDate":"2024-01-23"},{"lineNumber":11,"author":{"gitId":"KhoonSun47"},"content":"    public String toString() {","lastModifiedDate":"2024-01-23"},{"lineNumber":12,"author":{"gitId":"KhoonSun47"},"content":"        return \"[D]\" + super.toString() + \" (by: \" + byDate + \")\";","lastModifiedDate":"2024-01-23"},{"lineNumber":13,"author":{"gitId":"KhoonSun47"},"content":"    }","lastModifiedDate":"2024-01-23"},{"lineNumber":14,"author":{"gitId":"KhoonSun47"},"content":"}","lastModifiedDate":"2024-01-23"}],"authorContributionMap":{"KhoonSun47":14}},{"path":"src/main/java/Event.java","fileType":"java","lines":[{"lineNumber":1,"author":{"gitId":"KhoonSun47"},"content":"public class Event extends Task {","lastModifiedDate":"2024-01-23"},{"lineNumber":2,"author":{"gitId":"KhoonSun47"},"content":"","lastModifiedDate":"2024-01-23"},{"lineNumber":3,"author":{"gitId":"KhoonSun47"},"content":"    public String fromDate;","lastModifiedDate":"2024-01-23"},{"lineNumber":4,"author":{"gitId":"KhoonSun47"},"content":"    public String toDate;","lastModifiedDate":"2024-01-23"},{"lineNumber":5,"author":{"gitId":"KhoonSun47"},"content":"","lastModifiedDate":"2024-01-23"},{"lineNumber":6,"author":{"gitId":"KhoonSun47"},"content":"    public Event(String name, String fromDate, String toDate) {","lastModifiedDate":"2024-01-23"},{"lineNumber":7,"author":{"gitId":"KhoonSun47"},"content":"        super(name);","lastModifiedDate":"2024-01-23"},{"lineNumber":8,"author":{"gitId":"KhoonSun47"},"content":"        this.fromDate \u003d fromDate;","lastModifiedDate":"2024-01-23"},{"lineNumber":9,"author":{"gitId":"KhoonSun47"},"content":"        this.toDate \u003d toDate;","lastModifiedDate":"2024-01-23"},{"lineNumber":10,"author":{"gitId":"KhoonSun47"},"content":"    }","lastModifiedDate":"2024-01-23"},{"lineNumber":11,"author":{"gitId":"KhoonSun47"},"content":"","lastModifiedDate":"2024-01-23"},{"lineNumber":12,"author":{"gitId":"KhoonSun47"},"content":"    @Override","lastModifiedDate":"2024-01-23"},{"lineNumber":13,"author":{"gitId":"KhoonSun47"},"content":"    public String toString() {","lastModifiedDate":"2024-01-23"},{"lineNumber":14,"author":{"gitId":"KhoonSun47"},"content":"        return \"[E]\" + super.toString() + \" (from: \" + fromDate + \" to: \" + toDate + \")\";","lastModifiedDate":"2024-01-23"},{"lineNumber":15,"author":{"gitId":"KhoonSun47"},"content":"    }","lastModifiedDate":"2024-01-23"},{"lineNumber":16,"author":{"gitId":"KhoonSun47"},"content":"","lastModifiedDate":"2024-01-23"},{"lineNumber":17,"author":{"gitId":"KhoonSun47"},"content":"}","lastModifiedDate":"2024-01-23"}],"authorContributionMap":{"KhoonSun47":17}},{"path":"src/main/java/Methods.java","fileType":"java","lines":[{"lineNumber":1,"author":{"gitId":"KhoonSun47"},"content":"import java.util.*;","lastModifiedDate":"2024-01-23"},{"lineNumber":2,"author":{"gitId":"KhoonSun47"},"content":"","lastModifiedDate":"2024-01-23"},{"lineNumber":3,"author":{"gitId":"KhoonSun47"},"content":"public class Methods {","lastModifiedDate":"2024-01-23"},{"lineNumber":4,"author":{"gitId":"KhoonSun47"},"content":"    // A method for the opening title:","lastModifiedDate":"2024-01-23"},{"lineNumber":5,"author":{"gitId":"KhoonSun47"},"content":"    public static void openingTitle() {","lastModifiedDate":"2024-01-23"},{"lineNumber":6,"author":{"gitId":"KhoonSun47"},"content":"        String logo \u003d \"William\";","lastModifiedDate":"2024-01-23"},{"lineNumber":7,"author":{"gitId":"KhoonSun47"},"content":"        System.out.println(\"Hello! I\u0027m \" + logo);","lastModifiedDate":"2024-01-23"},{"lineNumber":8,"author":{"gitId":"KhoonSun47"},"content":"        System.out.println(\"What can I do for you?\\n\");","lastModifiedDate":"2024-01-23"},{"lineNumber":9,"author":{"gitId":"KhoonSun47"},"content":"    }","lastModifiedDate":"2024-01-23"},{"lineNumber":10,"author":{"gitId":"KhoonSun47"},"content":"","lastModifiedDate":"2024-01-23"},{"lineNumber":11,"author":{"gitId":"KhoonSun47"},"content":"    // A method to split the input to get:","lastModifiedDate":"2024-01-23"},{"lineNumber":12,"author":{"gitId":"KhoonSun47"},"content":"    // text[0] \u003d\u003d command","lastModifiedDate":"2024-01-23"},{"lineNumber":13,"author":{"gitId":"KhoonSun47"},"content":"    // text[1] \u003d\u003d additional stuff","lastModifiedDate":"2024-01-23"},{"lineNumber":14,"author":{"gitId":"KhoonSun47"},"content":"    public static String[] retrieveTexts(String input) {","lastModifiedDate":"2024-01-23"},{"lineNumber":15,"author":{"gitId":"KhoonSun47"},"content":"        String[] resultOfSplit \u003d new String[2];","lastModifiedDate":"2024-01-23"},{"lineNumber":16,"author":{"gitId":"KhoonSun47"},"content":"        int indexOfFirstSpace \u003d input.indexOf(\" \");","lastModifiedDate":"2024-01-23"},{"lineNumber":17,"author":{"gitId":"KhoonSun47"},"content":"        if (indexOfFirstSpace \u003d\u003d -1) {","lastModifiedDate":"2024-01-23"},{"lineNumber":18,"author":{"gitId":"KhoonSun47"},"content":"            resultOfSplit[0] \u003d input;","lastModifiedDate":"2024-01-23"},{"lineNumber":19,"author":{"gitId":"KhoonSun47"},"content":"            resultOfSplit[1] \u003d null;","lastModifiedDate":"2024-01-23"},{"lineNumber":20,"author":{"gitId":"KhoonSun47"},"content":"        } else {","lastModifiedDate":"2024-01-23"},{"lineNumber":21,"author":{"gitId":"KhoonSun47"},"content":"            resultOfSplit[0] \u003d input.substring(0, indexOfFirstSpace);","lastModifiedDate":"2024-01-23"},{"lineNumber":22,"author":{"gitId":"KhoonSun47"},"content":"            resultOfSplit[1] \u003d input.substring(indexOfFirstSpace + 1);","lastModifiedDate":"2024-01-23"},{"lineNumber":23,"author":{"gitId":"KhoonSun47"},"content":"        }","lastModifiedDate":"2024-01-23"},{"lineNumber":24,"author":{"gitId":"KhoonSun47"},"content":"        return resultOfSplit;","lastModifiedDate":"2024-01-23"},{"lineNumber":25,"author":{"gitId":"KhoonSun47"},"content":"    }","lastModifiedDate":"2024-01-23"},{"lineNumber":26,"author":{"gitId":"KhoonSun47"},"content":"","lastModifiedDate":"2024-01-23"},{"lineNumber":27,"author":{"gitId":"KhoonSun47"},"content":"    // A method to retrieve the enum commands:","lastModifiedDate":"2024-01-23"},{"lineNumber":28,"author":{"gitId":"KhoonSun47"},"content":"    public static Commands retrieveCommand(String input) throws WilliamException {","lastModifiedDate":"2024-01-23"},{"lineNumber":29,"author":{"gitId":"KhoonSun47"},"content":"        try {","lastModifiedDate":"2024-01-23"},{"lineNumber":30,"author":{"gitId":"KhoonSun47"},"content":"            return Commands.valueOf(input);","lastModifiedDate":"2024-01-23"},{"lineNumber":31,"author":{"gitId":"KhoonSun47"},"content":"        } catch (IllegalArgumentException e) {","lastModifiedDate":"2024-01-23"},{"lineNumber":32,"author":{"gitId":"KhoonSun47"},"content":"            throw new WilliamException(\"This command \" + input + \" does not exist, please try again!\");","lastModifiedDate":"2024-01-23"},{"lineNumber":33,"author":{"gitId":"KhoonSun47"},"content":"        }","lastModifiedDate":"2024-01-23"},{"lineNumber":34,"author":{"gitId":"KhoonSun47"},"content":"    }","lastModifiedDate":"2024-01-23"},{"lineNumber":35,"author":{"gitId":"KhoonSun47"},"content":"","lastModifiedDate":"2024-01-23"},{"lineNumber":36,"author":{"gitId":"KhoonSun47"},"content":"    // A method to mark/unmark the tasks:","lastModifiedDate":"2024-01-23"},{"lineNumber":37,"author":{"gitId":"KhoonSun47"},"content":"    public static void markAndUnmark(String input, List\u003cTask\u003e tasks) {","lastModifiedDate":"2024-01-23"},{"lineNumber":38,"author":{"gitId":"KhoonSun47"},"content":"        int idOfItem \u003d Integer.parseInt(input);","lastModifiedDate":"2024-01-23"},{"lineNumber":39,"author":{"gitId":"KhoonSun47"},"content":"        int actualId \u003d idOfItem - 1;","lastModifiedDate":"2024-01-23"},{"lineNumber":40,"author":{"gitId":"KhoonSun47"},"content":"        tasks.get(actualId).changeIsDone();","lastModifiedDate":"2024-01-23"},{"lineNumber":41,"author":{"gitId":"KhoonSun47"},"content":"        System.out.println(tasks.get(actualId).toString() + \"\\n\");","lastModifiedDate":"2024-01-23"},{"lineNumber":42,"author":{"gitId":"KhoonSun47"},"content":"    }","lastModifiedDate":"2024-01-23"},{"lineNumber":43,"author":{"gitId":"KhoonSun47"},"content":"","lastModifiedDate":"2024-01-23"},{"lineNumber":44,"author":{"gitId":"KhoonSun47"},"content":"    // A method to print out all of the tasks:","lastModifiedDate":"2024-01-23"},{"lineNumber":45,"author":{"gitId":"KhoonSun47"},"content":"    public static void printList(List\u003cTask\u003e tasks) {","lastModifiedDate":"2024-01-23"},{"lineNumber":46,"author":{"gitId":"KhoonSun47"},"content":"        if (tasks.isEmpty()) {","lastModifiedDate":"2024-01-23"},{"lineNumber":47,"author":{"gitId":"KhoonSun47"},"content":"            System.out.println(\"Your list is empty. Please add some task to the list first!\");","lastModifiedDate":"2024-01-23"},{"lineNumber":48,"author":{"gitId":"KhoonSun47"},"content":"        } else {","lastModifiedDate":"2024-01-23"},{"lineNumber":49,"author":{"gitId":"KhoonSun47"},"content":"            System.out.println(\"Here are the tasks in your list: \");","lastModifiedDate":"2024-01-23"},{"lineNumber":50,"author":{"gitId":"KhoonSun47"},"content":"            for (int i \u003d 0; i \u003c tasks.size(); i++) {","lastModifiedDate":"2024-01-23"},{"lineNumber":51,"author":{"gitId":"KhoonSun47"},"content":"                System.out.println((i + 1) + \". \" + tasks.get(i).toString());","lastModifiedDate":"2024-01-23"},{"lineNumber":52,"author":{"gitId":"KhoonSun47"},"content":"            }","lastModifiedDate":"2024-01-23"},{"lineNumber":53,"author":{"gitId":"KhoonSun47"},"content":"        }","lastModifiedDate":"2024-01-23"},{"lineNumber":54,"author":{"gitId":"KhoonSun47"},"content":"        System.out.println();","lastModifiedDate":"2024-01-23"},{"lineNumber":55,"author":{"gitId":"KhoonSun47"},"content":"    }","lastModifiedDate":"2024-01-23"},{"lineNumber":56,"author":{"gitId":"KhoonSun47"},"content":"","lastModifiedDate":"2024-01-23"},{"lineNumber":57,"author":{"gitId":"KhoonSun47"},"content":"    // A method to split by \"by\":","lastModifiedDate":"2024-01-23"},{"lineNumber":58,"author":{"gitId":"KhoonSun47"},"content":"    public static String[] splitBy(String input) throws WilliamException {","lastModifiedDate":"2024-01-23"},{"lineNumber":59,"author":{"gitId":"KhoonSun47"},"content":"        checkAdditionalDetailEmpty(input);","lastModifiedDate":"2024-01-23"},{"lineNumber":60,"author":{"gitId":"KhoonSun47"},"content":"        String[] twoParts \u003d input.split(\" /by \", 2);","lastModifiedDate":"2024-01-23"},{"lineNumber":61,"author":{"gitId":"KhoonSun47"},"content":"        if (twoParts.length \u003c 2) {","lastModifiedDate":"2024-01-23"},{"lineNumber":62,"author":{"gitId":"KhoonSun47"},"content":"            throw new WilliamException(","lastModifiedDate":"2024-01-23"},{"lineNumber":63,"author":{"gitId":"KhoonSun47"},"content":"                    \"The input does not contain the required \u0027/by\u0027 keyword or is missing text before/after \u0027/by\u0027 keyword. Please try again!\");","lastModifiedDate":"2024-01-23"},{"lineNumber":64,"author":{"gitId":"KhoonSun47"},"content":"        }","lastModifiedDate":"2024-01-23"},{"lineNumber":65,"author":{"gitId":"KhoonSun47"},"content":"        return twoParts;","lastModifiedDate":"2024-01-23"},{"lineNumber":66,"author":{"gitId":"KhoonSun47"},"content":"    }","lastModifiedDate":"2024-01-23"},{"lineNumber":67,"author":{"gitId":"KhoonSun47"},"content":"","lastModifiedDate":"2024-01-23"},{"lineNumber":68,"author":{"gitId":"KhoonSun47"},"content":"    // A method to split by \"from\" and \"to\":","lastModifiedDate":"2024-01-23"},{"lineNumber":69,"author":{"gitId":"KhoonSun47"},"content":"    public static String[] splitToAndFrom(String input) throws WilliamException {","lastModifiedDate":"2024-01-23"},{"lineNumber":70,"author":{"gitId":"KhoonSun47"},"content":"        checkAdditionalDetailEmpty(input);","lastModifiedDate":"2024-01-23"},{"lineNumber":71,"author":{"gitId":"KhoonSun47"},"content":"        String[] firstSplit \u003d input.split(\" /from \", 2);","lastModifiedDate":"2024-01-23"},{"lineNumber":72,"author":{"gitId":"KhoonSun47"},"content":"        if (firstSplit.length \u003c 2) {","lastModifiedDate":"2024-01-23"},{"lineNumber":73,"author":{"gitId":"KhoonSun47"},"content":"            throw new WilliamException(","lastModifiedDate":"2024-01-23"},{"lineNumber":74,"author":{"gitId":"KhoonSun47"},"content":"                    \"The input does not contain the required \u0027/from\u0027 keyword or is missing text before/after \u0027/from\u0027 keyword. Please try again!\");","lastModifiedDate":"2024-01-23"},{"lineNumber":75,"author":{"gitId":"KhoonSun47"},"content":"        }","lastModifiedDate":"2024-01-23"},{"lineNumber":76,"author":{"gitId":"KhoonSun47"},"content":"        String[] secondSplit \u003d firstSplit[1].split(\" /to \", 2);","lastModifiedDate":"2024-01-23"},{"lineNumber":77,"author":{"gitId":"KhoonSun47"},"content":"        if (secondSplit.length \u003c 2) {","lastModifiedDate":"2024-01-23"},{"lineNumber":78,"author":{"gitId":"KhoonSun47"},"content":"            throw new WilliamException(","lastModifiedDate":"2024-01-23"},{"lineNumber":79,"author":{"gitId":"KhoonSun47"},"content":"                    \"The input does not contain the required \u0027/to\u0027 keyword or is missing text before/after \u0027/to\u0027 keyword. Please try again!\");","lastModifiedDate":"2024-01-23"},{"lineNumber":80,"author":{"gitId":"KhoonSun47"},"content":"        }","lastModifiedDate":"2024-01-23"},{"lineNumber":81,"author":{"gitId":"KhoonSun47"},"content":"        String[] threeParts \u003d { firstSplit[0], secondSplit[0], secondSplit[1] };","lastModifiedDate":"2024-01-23"},{"lineNumber":82,"author":{"gitId":"KhoonSun47"},"content":"        return threeParts;","lastModifiedDate":"2024-01-23"},{"lineNumber":83,"author":{"gitId":"KhoonSun47"},"content":"    }","lastModifiedDate":"2024-01-23"},{"lineNumber":84,"author":{"gitId":"KhoonSun47"},"content":"","lastModifiedDate":"2024-01-23"},{"lineNumber":85,"author":{"gitId":"KhoonSun47"},"content":"    // A method to add the tasks (regardless of todo, deadline, etc) to list of","lastModifiedDate":"2024-01-23"},{"lineNumber":86,"author":{"gitId":"KhoonSun47"},"content":"    // tasks:","lastModifiedDate":"2024-01-23"},{"lineNumber":87,"author":{"gitId":"KhoonSun47"},"content":"    public static void addTask(Task task, List\u003cTask\u003e tasks) {","lastModifiedDate":"2024-01-23"},{"lineNumber":88,"author":{"gitId":"KhoonSun47"},"content":"        tasks.add(task);","lastModifiedDate":"2024-01-23"},{"lineNumber":89,"author":{"gitId":"KhoonSun47"},"content":"        System.out.println(\"Got it. I\u0027ve added this task:\");","lastModifiedDate":"2024-01-23"},{"lineNumber":90,"author":{"gitId":"KhoonSun47"},"content":"        System.out.println(task.toString());","lastModifiedDate":"2024-01-23"},{"lineNumber":91,"author":{"gitId":"KhoonSun47"},"content":"        System.out.println(\"Now you have \" + tasks.size() + \" tasks in the list.\\n\");","lastModifiedDate":"2024-01-23"},{"lineNumber":92,"author":{"gitId":"KhoonSun47"},"content":"    }","lastModifiedDate":"2024-01-23"},{"lineNumber":93,"author":{"gitId":"KhoonSun47"},"content":"","lastModifiedDate":"2024-01-23"},{"lineNumber":94,"author":{"gitId":"KhoonSun47"},"content":"    // A method to check whether the additional stuff is empty or not (if its empty,","lastModifiedDate":"2024-01-23"},{"lineNumber":95,"author":{"gitId":"KhoonSun47"},"content":"    // throw an exception):","lastModifiedDate":"2024-01-23"},{"lineNumber":96,"author":{"gitId":"KhoonSun47"},"content":"    public static void checkAdditionalDetailEmpty(String input) throws WilliamException {","lastModifiedDate":"2024-01-23"},{"lineNumber":97,"author":{"gitId":"KhoonSun47"},"content":"        if (input \u003d\u003d null) {","lastModifiedDate":"2024-01-23"},{"lineNumber":98,"author":{"gitId":"KhoonSun47"},"content":"            throw new WilliamException(\"The description of a task should not be empty. Please try again!\");","lastModifiedDate":"2024-01-23"},{"lineNumber":99,"author":{"gitId":"KhoonSun47"},"content":"        }","lastModifiedDate":"2024-01-23"},{"lineNumber":100,"author":{"gitId":"KhoonSun47"},"content":"    }","lastModifiedDate":"2024-01-23"},{"lineNumber":101,"author":{"gitId":"KhoonSun47"},"content":"","lastModifiedDate":"2024-01-23"},{"lineNumber":102,"author":{"gitId":"KhoonSun47"},"content":"    // A method for deleting tasks from the list","lastModifiedDate":"2024-01-23"},{"lineNumber":103,"author":{"gitId":"KhoonSun47"},"content":"    public static void deleteFromList(String input, List\u003cTask\u003e tasks) {","lastModifiedDate":"2024-01-23"},{"lineNumber":104,"author":{"gitId":"KhoonSun47"},"content":"        if (tasks.isEmpty()) {","lastModifiedDate":"2024-01-23"},{"lineNumber":105,"author":{"gitId":"KhoonSun47"},"content":"            System.out.println(\"There are no task to be deleted. Please add some task to the list first!\\n\");","lastModifiedDate":"2024-01-23"},{"lineNumber":106,"author":{"gitId":"KhoonSun47"},"content":"        } else {","lastModifiedDate":"2024-01-23"},{"lineNumber":107,"author":{"gitId":"KhoonSun47"},"content":"            int idOfItem \u003d Integer.parseInt(input);","lastModifiedDate":"2024-01-23"},{"lineNumber":108,"author":{"gitId":"KhoonSun47"},"content":"            int actualId \u003d idOfItem - 1;","lastModifiedDate":"2024-01-23"},{"lineNumber":109,"author":{"gitId":"KhoonSun47"},"content":"            System.out.println(\"Noted. I\u0027ve removed this task:\");","lastModifiedDate":"2024-01-23"},{"lineNumber":110,"author":{"gitId":"KhoonSun47"},"content":"            System.out.println(tasks.get(actualId).toString());","lastModifiedDate":"2024-01-23"},{"lineNumber":111,"author":{"gitId":"KhoonSun47"},"content":"            tasks.remove(actualId);","lastModifiedDate":"2024-01-23"},{"lineNumber":112,"author":{"gitId":"KhoonSun47"},"content":"            System.out.println(\"Now you have \" + tasks.size() + \" tasks in the list.\\n\");","lastModifiedDate":"2024-01-23"},{"lineNumber":113,"author":{"gitId":"KhoonSun47"},"content":"        }","lastModifiedDate":"2024-01-23"},{"lineNumber":114,"author":{"gitId":"KhoonSun47"},"content":"    }","lastModifiedDate":"2024-01-23"},{"lineNumber":115,"author":{"gitId":"KhoonSun47"},"content":"}","lastModifiedDate":"2024-01-23"}],"authorContributionMap":{"KhoonSun47":115}},{"path":"src/main/java/Task.java","fileType":"java","lines":[{"lineNumber":1,"author":{"gitId":"KhoonSun47"},"content":"public class Task {","lastModifiedDate":"2024-01-21"},{"lineNumber":2,"author":{"gitId":"KhoonSun47"},"content":"    private String name;","lastModifiedDate":"2024-01-21"},{"lineNumber":3,"author":{"gitId":"KhoonSun47"},"content":"    private boolean isDone;","lastModifiedDate":"2024-01-22"},{"lineNumber":4,"author":{"gitId":"KhoonSun47"},"content":"","lastModifiedDate":"2024-01-21"},{"lineNumber":5,"author":{"gitId":"KhoonSun47"},"content":"    public Task(String name) {","lastModifiedDate":"2024-01-21"},{"lineNumber":6,"author":{"gitId":"KhoonSun47"},"content":"        this.name \u003d name;","lastModifiedDate":"2024-01-21"},{"lineNumber":7,"author":{"gitId":"KhoonSun47"},"content":"        this.isDone \u003d false;","lastModifiedDate":"2024-01-22"},{"lineNumber":8,"author":{"gitId":"KhoonSun47"},"content":"    }","lastModifiedDate":"2024-01-21"},{"lineNumber":9,"author":{"gitId":"KhoonSun47"},"content":"","lastModifiedDate":"2024-01-21"},{"lineNumber":10,"author":{"gitId":"KhoonSun47"},"content":"    public void changeIsDone() {","lastModifiedDate":"2024-01-22"},{"lineNumber":11,"author":{"gitId":"KhoonSun47"},"content":"        this.isDone ^\u003d true;","lastModifiedDate":"2024-01-22"},{"lineNumber":12,"author":{"gitId":"KhoonSun47"},"content":"    }","lastModifiedDate":"2024-01-22"},{"lineNumber":13,"author":{"gitId":"KhoonSun47"},"content":"","lastModifiedDate":"2024-01-22"},{"lineNumber":14,"author":{"gitId":"KhoonSun47"},"content":"    public String getStatusIcon() {","lastModifiedDate":"2024-01-22"},{"lineNumber":15,"author":{"gitId":"KhoonSun47"},"content":"        return (isDone ? \"X\" : \" \");","lastModifiedDate":"2024-01-22"},{"lineNumber":16,"author":{"gitId":"KhoonSun47"},"content":"    }","lastModifiedDate":"2024-01-22"},{"lineNumber":17,"author":{"gitId":"KhoonSun47"},"content":"","lastModifiedDate":"2024-01-22"},{"lineNumber":18,"author":{"gitId":"KhoonSun47"},"content":"    @Override","lastModifiedDate":"2024-01-22"},{"lineNumber":19,"author":{"gitId":"KhoonSun47"},"content":"    public String toString() {","lastModifiedDate":"2024-01-22"},{"lineNumber":20,"author":{"gitId":"KhoonSun47"},"content":"        return \"[\" + this.getStatusIcon() + \"] \" + this.name;","lastModifiedDate":"2024-01-22"},{"lineNumber":21,"author":{"gitId":"KhoonSun47"},"content":"    }","lastModifiedDate":"2024-01-21"},{"lineNumber":22,"author":{"gitId":"KhoonSun47"},"content":"}","lastModifiedDate":"2024-01-21"}],"authorContributionMap":{"KhoonSun47":22}},{"path":"src/main/java/Todo.java","fileType":"java","lines":[{"lineNumber":1,"author":{"gitId":"KhoonSun47"},"content":"public class Todo extends Task {","lastModifiedDate":"2024-01-23"},{"lineNumber":2,"author":{"gitId":"KhoonSun47"},"content":"","lastModifiedDate":"2024-01-23"},{"lineNumber":3,"author":{"gitId":"KhoonSun47"},"content":"    public Todo(String name) {","lastModifiedDate":"2024-01-23"},{"lineNumber":4,"author":{"gitId":"KhoonSun47"},"content":"        super(name);","lastModifiedDate":"2024-01-23"},{"lineNumber":5,"author":{"gitId":"KhoonSun47"},"content":"    }","lastModifiedDate":"2024-01-23"},{"lineNumber":6,"author":{"gitId":"KhoonSun47"},"content":"","lastModifiedDate":"2024-01-23"},{"lineNumber":7,"author":{"gitId":"KhoonSun47"},"content":"    @Override","lastModifiedDate":"2024-01-23"},{"lineNumber":8,"author":{"gitId":"KhoonSun47"},"content":"    public String toString() {","lastModifiedDate":"2024-01-23"},{"lineNumber":9,"author":{"gitId":"KhoonSun47"},"content":"        return \"[T]\" + super.toString();","lastModifiedDate":"2024-01-23"},{"lineNumber":10,"author":{"gitId":"KhoonSun47"},"content":"    }","lastModifiedDate":"2024-01-23"},{"lineNumber":11,"author":{"gitId":"KhoonSun47"},"content":"","lastModifiedDate":"2024-01-23"},{"lineNumber":12,"author":{"gitId":"KhoonSun47"},"content":"}","lastModifiedDate":"2024-01-23"}],"authorContributionMap":{"KhoonSun47":12}},{"path":"src/main/java/William.java","fileType":"java","lines":[{"lineNumber":1,"author":{"gitId":"KhoonSun47"},"content":"import java.util.*;","lastModifiedDate":"2024-01-21"},{"lineNumber":2,"author":{"gitId":"KhoonSun47"},"content":"","lastModifiedDate":"2024-01-21"},{"lineNumber":3,"author":{"gitId":"KhoonSun47"},"content":"public class William {","lastModifiedDate":"2024-01-21"},{"lineNumber":4,"author":{"gitId":"KhoonSun47"},"content":"    public static void main(String[] args) {","lastModifiedDate":"2024-01-21"},{"lineNumber":5,"author":{"gitId":"KhoonSun47"},"content":"        Scanner sc \u003d new Scanner(System.in);","lastModifiedDate":"2024-01-21"},{"lineNumber":6,"author":{"gitId":"KhoonSun47"},"content":"        List\u003cTask\u003e tasks \u003d new ArrayList\u003cTask\u003e();","lastModifiedDate":"2024-01-23"},{"lineNumber":7,"author":{"gitId":"KhoonSun47"},"content":"        Methods.openingTitle();","lastModifiedDate":"2024-01-23"},{"lineNumber":8,"author":{"gitId":"KhoonSun47"},"content":"","lastModifiedDate":"2024-01-21"},{"lineNumber":9,"author":{"gitId":"KhoonSun47"},"content":"        while (true) {","lastModifiedDate":"2024-01-21"},{"lineNumber":10,"author":{"gitId":"KhoonSun47"},"content":"            String input \u003d sc.nextLine();","lastModifiedDate":"2024-01-21"},{"lineNumber":11,"author":{"gitId":"KhoonSun47"},"content":"            Commands command \u003d null;","lastModifiedDate":"2024-01-23"},{"lineNumber":12,"author":{"gitId":"KhoonSun47"},"content":"            String[] texts \u003d Methods.retrieveTexts(input);","lastModifiedDate":"2024-01-23"},{"lineNumber":13,"author":{"gitId":"KhoonSun47"},"content":"","lastModifiedDate":"2024-01-23"},{"lineNumber":14,"author":{"gitId":"KhoonSun47"},"content":"            try {","lastModifiedDate":"2024-01-23"},{"lineNumber":15,"author":{"gitId":"KhoonSun47"},"content":"                command \u003d Methods.retrieveCommand(texts[0]);","lastModifiedDate":"2024-01-23"},{"lineNumber":16,"author":{"gitId":"KhoonSun47"},"content":"            } catch (WilliamException e) {","lastModifiedDate":"2024-01-23"},{"lineNumber":17,"author":{"gitId":"KhoonSun47"},"content":"                System.out.println(e.getMessage() + \"\\n\");","lastModifiedDate":"2024-01-23"},{"lineNumber":18,"author":{"gitId":"KhoonSun47"},"content":"                continue;","lastModifiedDate":"2024-01-23"},{"lineNumber":19,"author":{"gitId":"KhoonSun47"},"content":"            }","lastModifiedDate":"2024-01-23"},{"lineNumber":20,"author":{"gitId":"KhoonSun47"},"content":"","lastModifiedDate":"2024-01-21"},{"lineNumber":21,"author":{"gitId":"KhoonSun47"},"content":"            switch (command) {","lastModifiedDate":"2024-01-21"},{"lineNumber":22,"author":{"gitId":"KhoonSun47"},"content":"                case todo:","lastModifiedDate":"2024-01-23"},{"lineNumber":23,"author":{"gitId":"KhoonSun47"},"content":"                    try {","lastModifiedDate":"2024-01-23"},{"lineNumber":24,"author":{"gitId":"KhoonSun47"},"content":"                        Methods.checkAdditionalDetailEmpty(texts[1]);","lastModifiedDate":"2024-01-23"},{"lineNumber":25,"author":{"gitId":"KhoonSun47"},"content":"                        Methods.addTask(new Todo(texts[1]), tasks);","lastModifiedDate":"2024-01-23"},{"lineNumber":26,"author":{"gitId":"KhoonSun47"},"content":"                    } catch (WilliamException e) {","lastModifiedDate":"2024-01-23"},{"lineNumber":27,"author":{"gitId":"KhoonSun47"},"content":"                        System.out.println(e.getMessage() + \"\\n\");","lastModifiedDate":"2024-01-23"},{"lineNumber":28,"author":{"gitId":"KhoonSun47"},"content":"                    }","lastModifiedDate":"2024-01-23"},{"lineNumber":29,"author":{"gitId":"KhoonSun47"},"content":"                    break;","lastModifiedDate":"2024-01-23"},{"lineNumber":30,"author":{"gitId":"KhoonSun47"},"content":"                case deadline:","lastModifiedDate":"2024-01-23"},{"lineNumber":31,"author":{"gitId":"KhoonSun47"},"content":"                    try {","lastModifiedDate":"2024-01-23"},{"lineNumber":32,"author":{"gitId":"KhoonSun47"},"content":"                        String[] deadlineDetails \u003d Methods.splitBy(texts[1]);","lastModifiedDate":"2024-01-23"},{"lineNumber":33,"author":{"gitId":"KhoonSun47"},"content":"                        Methods.addTask(new Deadline(deadlineDetails[0], deadlineDetails[1]), tasks);","lastModifiedDate":"2024-01-23"},{"lineNumber":34,"author":{"gitId":"KhoonSun47"},"content":"                    } catch (WilliamException e) {","lastModifiedDate":"2024-01-23"},{"lineNumber":35,"author":{"gitId":"KhoonSun47"},"content":"                        System.out.println(e.getMessage() + \"\\n\");","lastModifiedDate":"2024-01-23"},{"lineNumber":36,"author":{"gitId":"KhoonSun47"},"content":"                    }","lastModifiedDate":"2024-01-23"},{"lineNumber":37,"author":{"gitId":"KhoonSun47"},"content":"                    break;","lastModifiedDate":"2024-01-23"},{"lineNumber":38,"author":{"gitId":"KhoonSun47"},"content":"                case event:","lastModifiedDate":"2024-01-23"},{"lineNumber":39,"author":{"gitId":"KhoonSun47"},"content":"                    try {","lastModifiedDate":"2024-01-23"},{"lineNumber":40,"author":{"gitId":"KhoonSun47"},"content":"                        String[] eventDetails \u003d Methods.splitToAndFrom(texts[1]);","lastModifiedDate":"2024-01-23"},{"lineNumber":41,"author":{"gitId":"KhoonSun47"},"content":"                        Methods.addTask(new Event(eventDetails[0], eventDetails[1], eventDetails[2]), tasks);","lastModifiedDate":"2024-01-23"},{"lineNumber":42,"author":{"gitId":"KhoonSun47"},"content":"                    } catch (WilliamException e) {","lastModifiedDate":"2024-01-23"},{"lineNumber":43,"author":{"gitId":"KhoonSun47"},"content":"                        System.out.println(e.getMessage() + \"\\n\");","lastModifiedDate":"2024-01-23"},{"lineNumber":44,"author":{"gitId":"KhoonSun47"},"content":"                    }","lastModifiedDate":"2024-01-23"},{"lineNumber":45,"author":{"gitId":"KhoonSun47"},"content":"                    break;","lastModifiedDate":"2024-01-23"},{"lineNumber":46,"author":{"gitId":"KhoonSun47"},"content":"                case list:","lastModifiedDate":"2024-01-21"},{"lineNumber":47,"author":{"gitId":"KhoonSun47"},"content":"                    Methods.printList(tasks);","lastModifiedDate":"2024-01-23"},{"lineNumber":48,"author":{"gitId":"KhoonSun47"},"content":"                    break;","lastModifiedDate":"2024-01-21"},{"lineNumber":49,"author":{"gitId":"KhoonSun47"},"content":"                case delete:","lastModifiedDate":"2024-01-23"},{"lineNumber":50,"author":{"gitId":"KhoonSun47"},"content":"                    Methods.deleteFromList(texts[1], tasks);","lastModifiedDate":"2024-01-23"},{"lineNumber":51,"author":{"gitId":"KhoonSun47"},"content":"                    break;","lastModifiedDate":"2024-01-23"},{"lineNumber":52,"author":{"gitId":"KhoonSun47"},"content":"                case mark:","lastModifiedDate":"2024-01-22"},{"lineNumber":53,"author":{"gitId":"KhoonSun47"},"content":"                    System.out.println(\"Nice! I\u0027ve marked this task as done:\");","lastModifiedDate":"2024-01-23"},{"lineNumber":54,"author":{"gitId":"KhoonSun47"},"content":"                    Methods.markAndUnmark(texts[1], tasks);","lastModifiedDate":"2024-01-23"},{"lineNumber":55,"author":{"gitId":"KhoonSun47"},"content":"                    break;","lastModifiedDate":"2024-01-22"},{"lineNumber":56,"author":{"gitId":"KhoonSun47"},"content":"                case unmark:","lastModifiedDate":"2024-01-22"},{"lineNumber":57,"author":{"gitId":"KhoonSun47"},"content":"                    System.out.println(\"OK, I\u0027ve marked this task as not done yet:\");","lastModifiedDate":"2024-01-23"},{"lineNumber":58,"author":{"gitId":"KhoonSun47"},"content":"                    Methods.markAndUnmark(texts[1], tasks);","lastModifiedDate":"2024-01-23"},{"lineNumber":59,"author":{"gitId":"KhoonSun47"},"content":"                    break;","lastModifiedDate":"2024-01-21"},{"lineNumber":60,"author":{"gitId":"KhoonSun47"},"content":"                case bye:","lastModifiedDate":"2024-01-21"},{"lineNumber":61,"author":{"gitId":"KhoonSun47"},"content":"                    System.out.println(\"Bye. Hope to see you again soon!\");","lastModifiedDate":"2024-01-21"},{"lineNumber":62,"author":{"gitId":"KhoonSun47"},"content":"                    sc.close();","lastModifiedDate":"2024-01-21"},{"lineNumber":63,"author":{"gitId":"KhoonSun47"},"content":"                    return;","lastModifiedDate":"2024-01-21"},{"lineNumber":64,"author":{"gitId":"KhoonSun47"},"content":"                default:","lastModifiedDate":"2024-01-21"},{"lineNumber":65,"author":{"gitId":"KhoonSun47"},"content":"                    System.out.println(\"Unknown command, please try again!\");","lastModifiedDate":"2024-01-21"},{"lineNumber":66,"author":{"gitId":"KhoonSun47"},"content":"                    break;","lastModifiedDate":"2024-01-23"},{"lineNumber":67,"author":{"gitId":"KhoonSun47"},"content":"            }","lastModifiedDate":"2024-01-21"},{"lineNumber":68,"author":{"gitId":"KhoonSun47"},"content":"        }","lastModifiedDate":"2024-01-22"},{"lineNumber":69,"author":{"gitId":"KhoonSun47"},"content":"    }","lastModifiedDate":"2024-01-22"},{"lineNumber":70,"author":{"gitId":"KhoonSun47"},"content":"}","lastModifiedDate":"2024-01-21"}],"authorContributionMap":{"KhoonSun47":70}},{"path":"src/main/java/WilliamException.java","fileType":"java","lines":[{"lineNumber":1,"author":{"gitId":"KhoonSun47"},"content":"public class WilliamException extends Exception {","lastModifiedDate":"2024-01-23"},{"lineNumber":2,"author":{"gitId":"KhoonSun47"},"content":"    public WilliamException(String message) {","lastModifiedDate":"2024-01-23"},{"lineNumber":3,"author":{"gitId":"KhoonSun47"},"content":"        super(message);","lastModifiedDate":"2024-01-23"},{"lineNumber":4,"author":{"gitId":"KhoonSun47"},"content":"    }","lastModifiedDate":"2024-01-23"},{"lineNumber":5,"author":{"gitId":"KhoonSun47"},"content":"}","lastModifiedDate":"2024-01-23"}],"authorContributionMap":{"KhoonSun47":5}},{"path":"text-ui-test/input.txt","fileType":"txt","lines":[{"lineNumber":1,"author":{"gitId":"KhoonSun47"},"content":"todo make dinner","lastModifiedDate":"2024-01-23"},{"lineNumber":2,"author":{"gitId":"KhoonSun47"},"content":"list","lastModifiedDate":"2024-01-23"},{"lineNumber":3,"author":{"gitId":"KhoonSun47"},"content":"todo borrow book","lastModifiedDate":"2024-01-23"},{"lineNumber":4,"author":{"gitId":"KhoonSun47"},"content":"list","lastModifiedDate":"2024-01-23"},{"lineNumber":5,"author":{"gitId":"KhoonSun47"},"content":"deadline return book /by Sunday","lastModifiedDate":"2024-01-23"},{"lineNumber":6,"author":{"gitId":"KhoonSun47"},"content":"event project meeting /from Mon 2pm /to 4pm","lastModifiedDate":"2024-01-23"},{"lineNumber":7,"author":{"gitId":"KhoonSun47"},"content":"deadline create linkedin account /by Monday","lastModifiedDate":"2024-01-23"},{"lineNumber":8,"author":{"gitId":"KhoonSun47"},"content":"list","lastModifiedDate":"2024-01-23"},{"lineNumber":9,"author":{"gitId":"KhoonSun47"},"content":"mark 3","lastModifiedDate":"2024-01-23"},{"lineNumber":10,"author":{"gitId":"KhoonSun47"},"content":"mark 5","lastModifiedDate":"2024-01-23"},{"lineNumber":11,"author":{"gitId":"KhoonSun47"},"content":"list","lastModifiedDate":"2024-01-23"},{"lineNumber":12,"author":{"gitId":"KhoonSun47"},"content":"unmark 3","lastModifiedDate":"2024-01-23"},{"lineNumber":13,"author":{"gitId":"KhoonSun47"},"content":"list","lastModifiedDate":"2024-01-23"},{"lineNumber":14,"author":{"gitId":"KhoonSun47"},"content":"bye","lastModifiedDate":"2024-01-23"}],"authorContributionMap":{"KhoonSun47":14}},{"path":"text-ui-test/runtest.sh","fileType":"sh","lines":[{"lineNumber":1,"author":{"gitId":"-"},"content":"#!/usr/bin/env bash","lastModifiedDate":"2020-05-25"},{"lineNumber":2,"author":{"gitId":"-"},"content":"","lastModifiedDate":"2020-05-25"},{"lineNumber":3,"author":{"gitId":"-"},"content":"# create bin directory if it doesn\u0027t exist","lastModifiedDate":"2020-05-25"},{"lineNumber":4,"author":{"gitId":"-"},"content":"if [ ! -d \"../bin\" ]","lastModifiedDate":"2020-05-25"},{"lineNumber":5,"author":{"gitId":"-"},"content":"then","lastModifiedDate":"2020-05-25"},{"lineNumber":6,"author":{"gitId":"-"},"content":"    mkdir ../bin","lastModifiedDate":"2020-05-25"},{"lineNumber":7,"author":{"gitId":"-"},"content":"fi","lastModifiedDate":"2020-05-25"},{"lineNumber":8,"author":{"gitId":"-"},"content":"","lastModifiedDate":"2020-05-25"},{"lineNumber":9,"author":{"gitId":"-"},"content":"# delete output from previous run","lastModifiedDate":"2020-05-25"},{"lineNumber":10,"author":{"gitId":"-"},"content":"if [ -e \"./ACTUAL.TXT\" ]","lastModifiedDate":"2020-05-25"},{"lineNumber":11,"author":{"gitId":"-"},"content":"then","lastModifiedDate":"2020-05-25"},{"lineNumber":12,"author":{"gitId":"-"},"content":"    rm ACTUAL.TXT","lastModifiedDate":"2020-05-25"},{"lineNumber":13,"author":{"gitId":"-"},"content":"fi","lastModifiedDate":"2020-05-25"},{"lineNumber":14,"author":{"gitId":"-"},"content":"","lastModifiedDate":"2020-05-25"},{"lineNumber":15,"author":{"gitId":"-"},"content":"# compile the code into the bin folder, terminates if error occurred","lastModifiedDate":"2020-05-25"},{"lineNumber":16,"author":{"gitId":"-"},"content":"if ! javac -cp ../src/main/java -Xlint:none -d ../bin ../src/main/java/*.java","lastModifiedDate":"2020-08-25"},{"lineNumber":17,"author":{"gitId":"-"},"content":"then","lastModifiedDate":"2020-05-25"},{"lineNumber":18,"author":{"gitId":"-"},"content":"    echo \"********** BUILD FAILURE **********\"","lastModifiedDate":"2020-05-25"},{"lineNumber":19,"author":{"gitId":"-"},"content":"    exit 1","lastModifiedDate":"2020-05-25"},{"lineNumber":20,"author":{"gitId":"-"},"content":"fi","lastModifiedDate":"2020-05-25"},{"lineNumber":21,"author":{"gitId":"-"},"content":"","lastModifiedDate":"2020-05-25"},{"lineNumber":22,"author":{"gitId":"-"},"content":"# run the program, feed commands from input.txt file and redirect the output to the ACTUAL.TXT","lastModifiedDate":"2020-05-25"},{"lineNumber":23,"author":{"gitId":"KhoonSun47"},"content":"java -classpath ../bin William \u003c input.txt \u003e ACTUAL.TXT","lastModifiedDate":"2024-01-23"},{"lineNumber":24,"author":{"gitId":"-"},"content":"","lastModifiedDate":"2020-05-25"},{"lineNumber":25,"author":{"gitId":"-"},"content":"# convert to UNIX format","lastModifiedDate":"2020-05-25"},{"lineNumber":26,"author":{"gitId":"-"},"content":"cp EXPECTED.TXT EXPECTED-UNIX.TXT","lastModifiedDate":"2020-05-25"},{"lineNumber":27,"author":{"gitId":"-"},"content":"dos2unix ACTUAL.TXT EXPECTED-UNIX.TXT","lastModifiedDate":"2020-05-25"},{"lineNumber":28,"author":{"gitId":"-"},"content":"","lastModifiedDate":"2020-05-25"},{"lineNumber":29,"author":{"gitId":"-"},"content":"# compare the output to the expected output","lastModifiedDate":"2020-05-25"},{"lineNumber":30,"author":{"gitId":"-"},"content":"diff ACTUAL.TXT EXPECTED-UNIX.TXT","lastModifiedDate":"2020-05-25"},{"lineNumber":31,"author":{"gitId":"-"},"content":"if [ $? -eq 0 ]","lastModifiedDate":"2020-05-25"},{"lineNumber":32,"author":{"gitId":"-"},"content":"then","lastModifiedDate":"2020-05-25"},{"lineNumber":33,"author":{"gitId":"-"},"content":"    echo \"Test result: PASSED\"","lastModifiedDate":"2020-05-25"},{"lineNumber":34,"author":{"gitId":"-"},"content":"    exit 0","lastModifiedDate":"2020-05-25"},{"lineNumber":35,"author":{"gitId":"-"},"content":"else","lastModifiedDate":"2020-05-25"},{"lineNumber":36,"author":{"gitId":"-"},"content":"    echo \"Test result: FAILED\"","lastModifiedDate":"2020-05-25"},{"lineNumber":37,"author":{"gitId":"-"},"content":"    exit 1","lastModifiedDate":"2020-05-25"},{"lineNumber":38,"author":{"gitId":"-"},"content":"fi","lastModifiedDate":"2020-05-25"}],"authorContributionMap":{"KhoonSun47":1,"-":37}}]
