{"authorDailyContributionsMap":{"solomonng2001":[{"date":"2024-01-20","commitResults":[{"hash":"0166b503cd03225e405d471f308f13a5ae569bb6","isMergeCommit":false,"messageTitle":"rename-chatbot-and-add-greet-and-exit-responses","messageBody":"","tags":["Level-0"],"fileTypesAndContributionMap":{"java":{"insertions":29,"deletions":10},"bat":{"insertions":1,"deletions":1},"md":{"insertions":2,"deletions":2}}},{"hash":"e5ba6381e934684409eaaa682cf4baebc31cc394","isMergeCommit":false,"messageTitle":"add-echo-logic-and-restructure-directories","messageBody":"","tags":["Level-1"],"fileTypesAndContributionMap":{"java":{"insertions":108,"deletions":25}}},{"hash":"7b2269dcc4cc10dab51c4413fb68c8fdd71c049c","isMergeCommit":false,"messageTitle":"(1). Addition of task list (2). Use enums for commands input by user (3). Refactor MessageBox to handle message strings instead of arrays","messageBody":"Regarding (2), there are only specific set of possible commands being\ninput by user.\n\nRegarding (3), simpler to use strings as message body, and indent each\nline by using a parser.\n","tags":["Level-2"],"fileTypesAndContributionMap":{"java":{"insertions":115,"deletions":45}}}]},{"date":"2024-01-21","commitResults":[{"hash":"69908655fde6f889b43b386e15560af433d1bc8a","isMergeCommit":false,"messageTitle":"add-mark-and-unmark-tasks","messageBody":"","tags":["Level-3"],"fileTypesAndContributionMap":{"java":{"insertions":83,"deletions":31}}},{"hash":"3eb814df571f8eab89f747c64341f63905ee563f","isMergeCommit":false,"messageTitle":"Addition of Todos, Events, Deadlines","messageBody":"(1) Inheritance of Todos, Events, Deadlines from Task\n(2) Parsing of new commands\n(3) Addition of new commands to enum and responses\n","tags":["Level-4"],"fileTypesAndContributionMap":{"java":{"insertions":155,"deletions":55}}}]},{"date":"2024-01-22","commitResults":[{"hash":"5d2d50028cb72ed0ccccd2de9079e6b8957da7b5","isMergeCommit":false,"messageTitle":"add-error-handling","messageBody":"","tags":["Level-5"],"fileTypesAndContributionMap":{"java":{"insertions":241,"deletions":93}}},{"hash":"72a702487b0076c2330bdf1235fa3fabcdb02078","isMergeCommit":false,"messageTitle":"add-delete-task","messageBody":"","fileTypesAndContributionMap":{"java":{"insertions":31,"deletions":1}}},{"hash":"47d69c2575e9f346d02acef105fa613556945737","isMergeCommit":false,"messageTitle":"redesign-parser-to-have-controller-functions","messageBody":"","tags":["Level-6"],"fileTypesAndContributionMap":{"java":{"insertions":202,"deletions":228}}}]},{"date":"2024-01-23","commitResults":[{"hash":"1b8b889173efd14fce2a058eef897493b268c839","isMergeCommit":false,"messageTitle":"add-input-output-redirection-testing","messageBody":"","fileTypesAndContributionMap":{"txt":{"insertions":50,"deletions":0},"sh":{"insertions":1,"deletions":1}}},{"hash":"8069c85a629d9ec4bcd52cc0534ba8d6bdc17a5d","isMergeCommit":false,"messageTitle":"add-input-output-testing","messageBody":"","tags":["A-TextUiTesting","A-Enums"],"fileTypesAndContributionMap":{"java":{"insertions":54,"deletions":45}}}]}]},"authorFileTypeContributionMap":{"solomonng2001":{"java":495,"md":2,"fxml":0,"sh":1,"bat":1,"gradle":0,"txt":50}},"authorContributionVariance":{"solomonng2001":71572.16},"authorDisplayNameMap":{"solomonng2001":"NG R..OMON"}}
