{"authorDailyContributionsMap":{"guohuang88":[{"date":"2024-01-23","commitResults":[{"hash":"4a3badda30c4a7f09e69b0984e5e2ec48077a92d","isMergeCommit":false,"messageTitle":"Completed Level-0","messageBody":"","tags":["Level-0"],"fileTypesAndContributionMap":{"java":{"insertions":3,"deletions":6}}}]},{"date":"2024-01-24","commitResults":[{"hash":"14ff4a822c05e7d32e2dc0fd32e51248ea35c7c1","isMergeCommit":false,"messageTitle":"Completed Level-1","messageBody":"","tags":["Level-1"],"fileTypesAndContributionMap":{"java":{"insertions":12,"deletions":1}}},{"hash":"1c2e439f233eded71015b827a0d041eb6f131424","isMergeCommit":false,"messageTitle":"Completed Level-2","messageBody":"","tags":["Level-2"],"fileTypesAndContributionMap":{"java":{"insertions":10,"deletions":1}}},{"hash":"318e002d4c059046cb4830463629715ec523ecf2","isMergeCommit":false,"messageTitle":"Completed Level-3","messageBody":"","tags":["Level-3"],"fileTypesAndContributionMap":{"java":{"insertions":50,"deletions":5}}}]},{"date":"2024-01-25","commitResults":[{"hash":"521b86adbf1c96dfd7cf089366c6cf2e18caed64","isMergeCommit":false,"messageTitle":"Completed Level-4","messageBody":"","tags":["Level-4"],"fileTypesAndContributionMap":{"java":{"insertions":130,"deletions":4}}},{"hash":"8e9b51d460d75b675637898af0290c771a090d1a","isMergeCommit":false,"messageTitle":"Completed A-TextUiTesting","messageBody":"","tags":["A-TextUiTesting"],"fileTypesAndContributionMap":{"txt":{"insertions":10,"deletions":0},"java":{"insertions":1,"deletions":1}}},{"hash":"b40b5302cb62700afa2ad28b665a5eb6833695b1","isMergeCommit":false,"messageTitle":"Completed Level-5","messageBody":"","tags":["Level-5"],"fileTypesAndContributionMap":{"java":{"insertions":95,"deletions":42}}},{"hash":"462cc0085cb1ad96fba3efa23490a59edd0d81ac","isMergeCommit":false,"messageTitle":"Completed Level-6","messageBody":"","tags":["Level-6"],"fileTypesAndContributionMap":{"java":{"insertions":10,"deletions":2}}},{"hash":"e5b41cd92771f7e43b642fcce393a7a6fbd85747","isMergeCommit":false,"messageTitle":"Completed A-Enums","messageBody":"","tags":["A-Enums"],"fileTypesAndContributionMap":{"java":{"insertions":32,"deletions":22}}}]},{"date":"2024-01-28","commitResults":[{"hash":"cb91dc6401b8ee4104267b6ce0d7c5804983d6cf","isMergeCommit":false,"messageTitle":"Add save task ability, load data ability and update javadoc","messageBody":"","tags":["branch-Level-7"],"fileTypesAndContributionMap":{"txt":{"insertions":0,"deletions":0},"java":{"insertions":134,"deletions":26}}},{"hash":"931f810a1d1580c134d29b838da421626cbded05","isMergeCommit":false,"messageTitle":"Add JavaDoc for DukeException class","messageBody":"","fileTypesAndContributionMap":{"java":{"insertions":7,"deletions":0}}},{"hash":"add0b3189aed7c219fb88f466c3447d944562a18","isMergeCommit":true,"messageTitle":"Merge branch \u0027branch-Level-7\u0027","messageBody":"","tags":["Level-7"],"fileTypesAndContributionMap":{}}]},{"date":"2024-01-31","commitResults":[{"hash":"3c56546f951927efe9faa97e3e5d0ec185e1571a","isMergeCommit":false,"messageTitle":"Modify Duke class input to understand date/time instead of string","messageBody":"","tags":["branch-Level-8"],"fileTypesAndContributionMap":{"java":{"insertions":46,"deletions":8}}},{"hash":"694e3acc82210de4e93e8c2f3f78f3e538a7673e","isMergeCommit":false,"messageTitle":"Minor comment fix","messageBody":"","fileTypesAndContributionMap":{"java":{"insertions":1,"deletions":1}}},{"hash":"9830bdc7fe5fe7177e26624cf2c13198e0857d27","isMergeCommit":true,"messageTitle":"Merge tag \u0027branch-Level-8\u0027","messageBody":"","tags":["Level-8"],"fileTypesAndContributionMap":{}}]},{"date":"2024-02-01","commitResults":[{"hash":"cd80f36d2bb80ef6506747de8f0af80d090fb882","isMergeCommit":false,"messageTitle":"Modify handling of file in Duke to Storage","messageBody":"","fileTypesAndContributionMap":{"java":{"insertions":84,"deletions":74}}},{"hash":"73490e24ebdb38331b01ab2702bb84490f0577b6","isMergeCommit":false,"messageTitle":"Modify handling of input in Duke class to Ui class","messageBody":"","fileTypesAndContributionMap":{"java":{"insertions":85,"deletions":73}}},{"hash":"c0bce21d323bb8c4a2a12ce4ed6086768f4cf05f","isMergeCommit":false,"messageTitle":"Relocate the parse method from Duke to Parser","messageBody":"","fileTypesAndContributionMap":{"java":{"insertions":78,"deletions":70}}},{"hash":"68b2ad27f6b813436e6f79ff050a404487ceb6a6","isMergeCommit":false,"messageTitle":"Add TaskList class","messageBody":"","tags":["branch-A-MoreOOP"],"fileTypesAndContributionMap":{"java":{"insertions":49,"deletions":23}}},{"hash":"7eca006fffd7b2a61bf2fc8819e85bbe1433e65d","isMergeCommit":false,"messageTitle":"Minor refactoring of code","messageBody":"","fileTypesAndContributionMap":{"java":{"insertions":1,"deletions":1}}},{"hash":"8f364ae51ea0417e911c3e6b336943de4a851c29","isMergeCommit":true,"messageTitle":"Merge tag \u0027A-MoreOOP\u0027","messageBody":"","tags":["A-MoreOOP"],"fileTypesAndContributionMap":{}},{"hash":"c8193c61d42ab600597f62fefa4d4b0ff920b890","isMergeCommit":false,"messageTitle":"Add all files into ghbot package","messageBody":"","tags":["branch-A-Packages"],"fileTypesAndContributionMap":{"java":{"insertions":48,"deletions":26},"md":{"insertions":2,"deletions":2}}},{"hash":"5c5676b5fb1cd433d6d84061405b4dfbe445543b","isMergeCommit":true,"messageTitle":"Merge branch \u0027branch-A-Packages\u0027","messageBody":"","tags":["A-Packages"],"fileTypesAndContributionMap":{}},{"hash":"e3535b47124e78cf29f2c5bb34ebe6a11793508c","isMergeCommit":true,"messageTitle":"Merge commit \u0027a6f73244a20539e20c2189973ebf597df34ef631\u0027","messageBody":"","fileTypesAndContributionMap":{}},{"hash":"ab67dcff65130c142097fc075bdfb52a27ae8f45","isMergeCommit":false,"messageTitle":"Add gradle file","messageBody":"","tags":["A-Gradle"],"fileTypesAndContributionMap":{"gradle":{"insertions":2,"deletions":1}}},{"hash":"00645672de617fb8388fadf8fa03f696b4dbde7d","isMergeCommit":false,"messageTitle":"Add JUnit test files","messageBody":"","fileTypesAndContributionMap":{"java":{"insertions":119,"deletions":0}}},{"hash":"97c2dd790b88a63465d21a08babf18e6e11acaee","isMergeCommit":false,"messageTitle":"Minor JavaDoc fix","messageBody":"","fileTypesAndContributionMap":{"java":{"insertions":1,"deletions":1}}},{"hash":"fd0bdc3e6c548cab2d36d64e4981139ac887f478","isMergeCommit":true,"messageTitle":"Merge branch \u0027branch-A-JUnit\u0027","messageBody":"","tags":["A-JUnit"],"fileTypesAndContributionMap":{}},{"hash":"a8dfe21d2ac9d627153482b59ca61a42a186f92a","isMergeCommit":false,"messageTitle":"Update build.gradle to create jar file","messageBody":"","tags":["A-Jar"],"fileTypesAndContributionMap":{"gradle":{"insertions":6,"deletions":3}}},{"hash":"8993516afa7d706f1b5c78f847dbc800901e73f7","isMergeCommit":false,"messageTitle":"Add JavaDoc to the method in the classes","messageBody":"","tags":["branch-A-JavaDoc"],"fileTypesAndContributionMap":{"java":{"insertions":92,"deletions":32}}},{"hash":"5ccd7dd94d07254e5d986536a8eace0758e6d9dc","isMergeCommit":false,"messageTitle":"Update some changes regarding CodingStandard","messageBody":"","tags":["branch-A-CodingStandard"],"fileTypesAndContributionMap":{"java":{"insertions":11,"deletions":10}}},{"hash":"2d2a93f8463aae52c28619b80b613af6d82eb7b7","isMergeCommit":false,"messageTitle":"Add find feature for chatbot","messageBody":"","tags":["branch-Level-9"],"fileTypesAndContributionMap":{"java":{"insertions":27,"deletions":2}}},{"hash":"d9b5ca84a97285def39d97f237d71b75be901a9d","isMergeCommit":false,"messageTitle":"Add header for test file","messageBody":"","fileTypesAndContributionMap":{"java":{"insertions":12,"deletions":0}}},{"hash":"1b4c0fdd4574a2b74576e7e3bf3f7d5adca50f58","isMergeCommit":true,"messageTitle":"Merge branch \u0027branch-A-JavaDoc\u0027","messageBody":"","tags":["A-JavaDoc"],"fileTypesAndContributionMap":{}},{"hash":"b48ec64e319cddb53312ea8be479705c8470cc73","isMergeCommit":true,"messageTitle":"Merge branch \u0027branch-A-CodingStandard\u0027","messageBody":"","tags":["A-CodingStandard"],"fileTypesAndContributionMap":{}},{"hash":"720258de1f867cefb6c90014ad87bda94ca3fc9e","isMergeCommit":true,"messageTitle":"Merge branch \u0027branch-Level-9\u0027","messageBody":"","tags":["Level-9"],"fileTypesAndContributionMap":{}}]},{"date":"2024-02-05","commitResults":[{"hash":"6b43e38e0733c2da7e2b0c72e7b44fbeaa6f3f32","isMergeCommit":false,"messageTitle":"Modify OOP structure for the project","messageBody":"","fileTypesAndContributionMap":{"java":{"insertions":218,"deletions":59}}},{"hash":"32008417fbd52e92bf7633f090b9ed9be0505fc4","isMergeCommit":false,"messageTitle":"Add JavaDoc to the new classes","messageBody":"","tags":["branch-A-Improve-OOP"],"fileTypesAndContributionMap":{"java":{"insertions":114,"deletions":0}}},{"hash":"29b6be7245d98a66cb4d8f4d28be6b3dacb56f0b","isMergeCommit":false,"messageTitle":"Update minor changes in JavaDoc","messageBody":"","fileTypesAndContributionMap":{"java":{"insertions":3,"deletions":3}}},{"hash":"b4845961f3101cfde99a0f259acff7c501abe548","isMergeCommit":true,"messageTitle":"Merge branch \u0027branch-A-Improve-OOP\u0027","messageBody":"","fileTypesAndContributionMap":{}}]},{"date":"2024-02-06","commitResults":[{"hash":"6b2cb45c0cad07e00c3c3be7125546c131542899","isMergeCommit":false,"messageTitle":"Modify the naming of the constant names","messageBody":"","fileTypesAndContributionMap":{"java":{"insertions":8,"deletions":8}}},{"hash":"57f5e6b5596537c867a2d36556fadea9acd28be0","isMergeCommit":false,"messageTitle":"Update the test file to cater to the most recent implementation","messageBody":"","fileTypesAndContributionMap":{"txt":{"insertions":2,"deletions":2},"java":{"insertions":1,"deletions":1},"bat":{"insertions":2,"deletions":2},"sh":{"insertions":2,"deletions":2}}},{"hash":"6681a8622374daff9d390dc16cef2784c2562177","isMergeCommit":false,"messageTitle":"Update styling changes after running check-style","messageBody":"","tags":["branch-A-CheckStyle"],"fileTypesAndContributionMap":{"gradle":{"insertions":5,"deletions":4},"txt":{"insertions":1,"deletions":0},"java":{"insertions":54,"deletions":59},"bat":{"insertions":1,"deletions":1},"sh":{"insertions":1,"deletions":1},"md":{"insertions":2,"deletions":2}}},{"hash":"cabf2fa61528356c53d07cc274c5360f506fb778","isMergeCommit":false,"messageTitle":"Modify minor JavaDoc changes in TaskList class","messageBody":"","fileTypesAndContributionMap":{"java":{"insertions":1,"deletions":1}}},{"hash":"0a0ca876f2e87d5fc22ca51c00102c40f0138178","isMergeCommit":true,"messageTitle":"Merge branch \u0027branch-A-CheckStyle\u0027","messageBody":"","tags":["A-CheckStyle"],"fileTypesAndContributionMap":{}}]}]},"authorFileTypeContributionMap":{"guohuang88":{"java":982,"md":2,"fxml":0,"sh":2,"bat":2,"gradle":9,"txt":11}},"authorContributionVariance":{"guohuang88":51217.293},"authorDisplayNameMap":{"guohuang88":"CS2103-F09-2 LI G..UANG"}}
