{"authorDailyContributionsMap":{"ararchch":[{"date":"2024-01-22","commitResults":[{"hash":"a50185f52ca7a0b59d275eee57b5793bc853efb9","isMergeCommit":false,"messageTitle":"Renamed bot, created intro + exit message","messageBody":"","tags":["Level-0"],"fileTypesAndContributionMap":{"java":{"insertions":7,"deletions":6}}},{"hash":"9ca6eb647a097fa26192f39c2b17cf7cbcfc1ab7","isMergeCommit":false,"messageTitle":"Renamed class, implemented echo function","messageBody":"","tags":["Level-1"],"fileTypesAndContributionMap":{"java":{"insertions":32,"deletions":11},"bat":{"insertions":1,"deletions":1},"md":{"insertions":2,"deletions":2}}},{"hash":"1df75fb1edb4b15a7da9c4de3a0265df8145c42e","isMergeCommit":false,"messageTitle":"Refactored main into methods, implemented list functionality","messageBody":"","tags":["Level-2"],"fileTypesAndContributionMap":{"java":{"insertions":37,"deletions":10}}}]},{"date":"2024-01-23","commitResults":[{"hash":"11c7d77887d03c20dd8923a3b2e28951cbef571e","isMergeCommit":false,"messageTitle":"Implemented mark, unmark functionality and limited error handling","messageBody":"","tags":["Level-3"],"fileTypesAndContributionMap":{"java":{"insertions":74,"deletions":9}}},{"hash":"7f5852915b1b3342357d7a71c3594fba733c6afd","isMergeCommit":false,"messageTitle":"Fixed bug, implemented functionality for handling multiple tasks","messageBody":"Fixed bug from level 3 where you could not enter jobs that were longer than one word.\n\nImplemented task functionality necessary for level 4\n","tags":["Level-4"],"fileTypesAndContributionMap":{"java":{"insertions":118,"deletions":54}}},{"hash":"322ab01237d9cc183a5c7a08f74b95188b892049","isMergeCommit":false,"messageTitle":"Implemented test case, minor changes to appearance","messageBody":"","tags":["A-TextUiTesting"],"fileTypesAndContributionMap":{"txt":{"insertions":6,"deletions":0},"java":{"insertions":3,"deletions":3},"bat":{"insertions":1,"deletions":1}}}]},{"date":"2024-01-24","commitResults":[{"hash":"b5adf6aaef17e17fbd22ba42a0d1d9b0e9765cc6","isMergeCommit":false,"messageTitle":"Created Yapchit exception classes, implemented exception handling","messageBody":"","tags":["Level-5"],"fileTypesAndContributionMap":{"java":{"insertions":138,"deletions":39}}},{"hash":"ded7a4c4f94cab3811c4c73e25fcb9e7262ef836","isMergeCommit":false,"messageTitle":"Implemented delete, refactored if statements to switch statements","messageBody":"","tags":["Level-6"],"fileTypesAndContributionMap":{"java":{"insertions":114,"deletions":85}}}]},{"date":"2024-01-25","commitResults":[{"hash":"bff761491e5a82d05c3474ac8ee786ca211da469","isMergeCommit":false,"messageTitle":"Included enums, minor other fixes","messageBody":"","tags":["A-Enums"],"fileTypesAndContributionMap":{"java":{"insertions":39,"deletions":20}}},{"hash":"f90cda189d14a74b6636ba9d9e9e25b01f30f4c1","isMergeCommit":false,"messageTitle":"refactored code into shorter methods","messageBody":"","fileTypesAndContributionMap":{"java":{"insertions":122,"deletions":100}}},{"hash":"e3d01b074288ea78c13df3c7ab010263b268f6af","isMergeCommit":false,"messageTitle":"minor fixes","messageBody":"","fileTypesAndContributionMap":{"java":{"insertions":1,"deletions":2}}}]},{"date":"2024-01-29","commitResults":[{"hash":"3f5097ee7574a8636e3b97801c795f7f868d7df9","isMergeCommit":false,"messageTitle":"created function to handle import from file","messageBody":"","fileTypesAndContributionMap":{"txt":{"insertions":3,"deletions":0},"java":{"insertions":70,"deletions":10}}},{"hash":"f7ebd5ec65973f2d15c218468daf2de5a33e8166","isMergeCommit":false,"messageTitle":"created fileUpdate functionality","messageBody":"","fileTypesAndContributionMap":{"txt":{"insertions":2,"deletions":3},"java":{"insertions":105,"deletions":15}}},{"hash":"ddc23c7b5b39ea3e1e85c129d67375172a87d7f0","isMergeCommit":false,"messageTitle":"minor fixes","messageBody":"","tags":["Level-7"],"fileTypesAndContributionMap":{"txt":{"insertions":2,"deletions":2},"java":{"insertions":5,"deletions":5}}},{"hash":"31f22034d2d09ccc38b8331ad034764d47790257","isMergeCommit":false,"messageTitle":"Implement date object functionality in deadline","messageBody":"Implemented functionality to handle dates provided with deadlines as a date object rather than as Strings, improving flexibility.\n","fileTypesAndContributionMap":{"java":{"insertions":27,"deletions":8}}},{"hash":"481048d1b020bc41d318aba34d6e2a201dcacff8","isMergeCommit":true,"messageTitle":"Merge branch \u0027branch-Level-8\u0027","messageBody":"","tags":["Level-8"],"fileTypesAndContributionMap":{}}]},{"date":"2024-01-30","commitResults":[{"hash":"5213e0f6185aaa24f655dac9b24d2f3d0a9a0b87","isMergeCommit":false,"messageTitle":"Split implementation into multiple classes","messageBody":"Created an initial split of Yapchit class into multiple classes. Finished implementation of TaskList, Handler, Parser classes.\n","fileTypesAndContributionMap":{"java":{"insertions":522,"deletions":383}}}]},{"date":"2024-01-31","commitResults":[{"hash":"453f31d267494b9dd198cef0df89bd689decfcb6","isMergeCommit":false,"messageTitle":"Complete implementation of more OOP","messageBody":"Finished implementation of more OOP. Split Yapchit class into 5 other classes, each handling a different function.\n\n- Yapchit: Main Yapchit class, encapsulates the entire bot.\n- Handler: Contains primary functionality to handle operations and requests. Acts as the \u0027brains\u0027\n- Parser: Parses input\n- Ui: Deals with accepting user input and various forms of output (printing) on the screen\n- TaskList: Encapsulates the list of tasks and performs list operations.\n- Storage: Deals with the storage and retrieval of tasks to/from the computer\u0027s memory.\n","fileTypesAndContributionMap":{"txt":{"insertions":1,"deletions":2},"java":{"insertions":55,"deletions":41}}},{"hash":"a146d3552aa4b590baa335ce554cd70a235b71b3","isMergeCommit":true,"messageTitle":"Merge branch \u0027branch-A-MoreOOP\u0027","messageBody":"","tags":["A-MoreOOP"],"fileTypesAndContributionMap":{}},{"hash":"28151f38107fa53a79ae7e29256f77edc96adeda","isMergeCommit":false,"messageTitle":"Refactor code into Yapchit package.","messageBody":"Created a Yapchit package to encompass codebase.\n","fileTypesAndContributionMap":{"txt":{"insertions":2,"deletions":1},"java":{"insertions":43,"deletions":37},"md":{"insertions":2,"deletions":2}}},{"hash":"56069d56bb26fa4782b7584c35d080e1a6a3ca28","isMergeCommit":true,"messageTitle":"Merge branch \u0027branch-A-Packages\u0027","messageBody":"","tags":["A-Packages"],"fileTypesAndContributionMap":{}},{"hash":"7db40fcb6906aa7d7c0462910c1082d448c6e667","isMergeCommit":true,"messageTitle":"Merge remote-tracking branch \u0027upstream/add-gradle-support\u0027","messageBody":"","tags":["A-Gradle"],"fileTypesAndContributionMap":{}},{"hash":"f00672c0be61cd6b13e6b269d306c0b18a71e810","isMergeCommit":false,"messageTitle":"Create HandlerTest file along with testcases","messageBody":"Created a new class called HandlerTest that contains comprehensive testcases to test the handleDeadline method in the handler class.\n","fileTypesAndContributionMap":{"java":{"insertions":86,"deletions":7}}}]},{"date":"2024-02-01","commitResults":[{"hash":"77b586944de19c4b8f54eb51ed7f0d321202e202","isMergeCommit":false,"messageTitle":"Create ParserTest file along with testcases","messageBody":"Created a new class called PaserTest that contains comprehensive testcases to test the parseInput method in the parser class.\n","fileTypesAndContributionMap":{"java":{"insertions":98,"deletions":0}}},{"hash":"d73ca74daee57ee3eea5118f03d08f1b8300ecf7","isMergeCommit":true,"messageTitle":"Merge branch \u0027branch-A-JUnit\u0027","messageBody":"","tags":["A-JUnit"],"fileTypesAndContributionMap":{}},{"hash":"9187b113573f65261899c5272a52b393b69b1e78","isMergeCommit":false,"messageTitle":"Create jar file","messageBody":"","tags":["A-Jar"],"fileTypesAndContributionMap":{"txt":{"insertions":1,"deletions":1},"java":{"insertions":0,"deletions":1}}},{"hash":"a1bd62450c778e8717fe2128a6bb3a24af18af92","isMergeCommit":true,"messageTitle":"Merge branch \u0027branch-A-Jar\u0027","messageBody":"","fileTypesAndContributionMap":{}},{"hash":"b16c3e7beb43bd567f2fea8e8b74fecb429948d1","isMergeCommit":false,"messageTitle":"Implement find functionality","messageBody":"Implemented the ability to find tasks based on a search term.\nModified printList feature to accommodate this functionality.\n","fileTypesAndContributionMap":{"txt":{"insertions":4,"deletions":0},"java":{"insertions":30,"deletions":6}}},{"hash":"5a09fff50fb3900d187e04235a531bff0c7713c1","isMergeCommit":false,"messageTitle":"Improve coding standard","messageBody":"Made minor fixes throughout the program to improve coding standard\n","fileTypesAndContributionMap":{"java":{"insertions":255,"deletions":257},"bat":{"insertions":1,"deletions":1},"md":{"insertions":2,"deletions":2}}}]},{"date":"2024-02-02","commitResults":[{"hash":"ff9908b4a28ef05ff42e9d54cf675d0a330c4a39","isMergeCommit":false,"messageTitle":"Add JavaDocs","messageBody":"Added JavaDocs for improved readability of code.\n","fileTypesAndContributionMap":{"txt":{"insertions":1,"deletions":2},"java":{"insertions":357,"deletions":4}}},{"hash":"1a3acaf4b08adb49e4107cd374fc6189bbdd474f","isMergeCommit":true,"messageTitle":"Merge branch \u0027branch-Level-9\u0027","messageBody":"","tags":["Level-9"],"fileTypesAndContributionMap":{}},{"hash":"a3c10b864e6099e03b58b2c8b675ae6dbcc145ea","isMergeCommit":true,"messageTitle":"Merge remote-tracking branch \u0027origin/branch-A-JavaDoc\u0027","messageBody":"# Conflicts:\n#\tsrc/main/data/dataStore.txt\n#\tsrc/main/java/Yapchit/Handler.java\n#\tsrc/main/java/Yapchit/TaskList.java\n#\tsrc/main/java/Yapchit/Ui.java\n","tags":["A-JavaDoc"],"fileTypesAndContributionMap":{}},{"hash":"3fd5e7c0bf32f6e969a6251e3f8dfed59a1bc004","isMergeCommit":false,"messageTitle":"Minor fixes","messageBody":"","fileTypesAndContributionMap":{"txt":{"insertions":1,"deletions":1},"java":{"insertions":12,"deletions":11}}},{"hash":"c6d89ef9247ce79176f60bbb39233e5380404b2d","isMergeCommit":false,"messageTitle":"Change package names","messageBody":"","fileTypesAndContributionMap":{"txt":{"insertions":1,"deletions":1},"java":{"insertions":37,"deletions":37},"bat":{"insertions":1,"deletions":1},"md":{"insertions":2,"deletions":2}}},{"hash":"f84e44b90ada34cf9b6d8cb28b9212d509999843","isMergeCommit":false,"messageTitle":"Fix imports in test package","messageBody":"","fileTypesAndContributionMap":{"java":{"insertions":8,"deletions":8}}},{"hash":"452d948d099de861cd607b632ded07a718f434e4","isMergeCommit":true,"messageTitle":"Resolve merge conflict","messageBody":"","tags":["A-CodingStandard"],"fileTypesAndContributionMap":{}},{"hash":"d0ab551c17f0212f316b13ba7d0eee467cb05478","isMergeCommit":false,"messageTitle":"Resolve merge conflict #2","messageBody":"Completed merge of 3 branches, resolved all conflicts.\n","fileTypesAndContributionMap":{"txt":{"insertions":2,"deletions":1},"java":{"insertions":40,"deletions":37}}},{"hash":"e2f4339a90d6f567a8632648f3ac26742edead70","isMergeCommit":false,"messageTitle":"Small bug fixes","messageBody":"","fileTypesAndContributionMap":{"txt":{"insertions":1,"deletions":8},"java":{"insertions":10,"deletions":10}}}]},{"date":"2024-02-08","commitResults":[{"hash":"60cecc602083e440183207b1453a5501e4b63f29","isMergeCommit":false,"messageTitle":"Create basic yapchit interface","messageBody":"Interface created without link to backend\n","fileTypesAndContributionMap":{"gradle":{"insertions":15,"deletions":0},"java":{"insertions":193,"deletions":4}}},{"hash":"54fe39be1decd4ca5e47527182fb2ef17a9e8edf","isMergeCommit":false,"messageTitle":"Connect ui with backend logic","messageBody":"","fileTypesAndContributionMap":{"txt":{"insertions":2,"deletions":1},"java":{"insertions":300,"deletions":288}}},{"hash":"f076799b7e40b19bf8d1a005524b54706e6dff81","isMergeCommit":false,"messageTitle":"Update handling of missing file error","messageBody":"","fileTypesAndContributionMap":{"txt":{"insertions":1,"deletions":2},"java":{"insertions":12,"deletions":11}}},{"hash":"dcd9bf059cfe01c5e72a1b6c3d4fa80f41279b08","isMergeCommit":false,"messageTitle":"Update imports to remove wildcard","messageBody":"","fileTypesAndContributionMap":{"txt":{"insertions":1,"deletions":0},"java":{"insertions":1,"deletions":2}}},{"hash":"bf5d0264a1df0d43e58e1f23c6ac4e8cd9275b58","isMergeCommit":true,"messageTitle":"Merge branch \u0027branch-Level-10\u0027","messageBody":"","tags":["Level-10"],"fileTypesAndContributionMap":{}}]},{"date":"2024-02-09","commitResults":[{"hash":"bace6b9b60eddf6f6694eff75a9c9586a177a92a","isMergeCommit":false,"messageTitle":"Fix folder name issue step 1","messageBody":"","fileTypesAndContributionMap":{"txt":{"insertions":1,"deletions":1},"java":{"insertions":0,"deletions":17}}},{"hash":"121cb6e53447616796d5b68d6fb7b07c05c9e879","isMergeCommit":false,"messageTitle":"Fix folder name issue step 2","messageBody":"","fileTypesAndContributionMap":{"java":{"insertions":0,"deletions":0}}}]},{"date":"2024-02-12","commitResults":[{"hash":"997f76effe36fe518adc4f67634edeae246e64f8","isMergeCommit":false,"messageTitle":"Update build.gradle","messageBody":"","fileTypesAndContributionMap":{"gradle":{"insertions":2,"deletions":2}}},{"hash":"8b76db10fd43c3e8706548aaa4fe92a3f61e8f5d","isMergeCommit":false,"messageTitle":"Include assertions at key parts of the code","messageBody":"Include assertions at key parts of the code\n\nThe current code lacks assertions at relevant spots.\n\nAssertions are important to ensure that bugs in the code are caught\nbefore they cause worse problems.\n\nIncluding assertions at relevant spots in the code, primarily the\nHandler class and the Yapchitbackend class ensures:\n* safe transfer of data between different components of Yapchit\n* more bugs that can cause errors down the line are caught early\n\nAs the Handler class and Yapchitbackend primarily facilitate\nthis communication between components it is important to\nat least include assertions there.\n","tags":["A-FullCommitMessage"],"fileTypesAndContributionMap":{"java":{"insertions":20,"deletions":4}}},{"hash":"9b12cec69ec44e8feac5bceceb4aa9d676cf556b","isMergeCommit":true,"messageTitle":"Merge pull request #1 from ararchch/branch-A-Assertions","messageBody":"Include assertions at key parts of the code","tags":["A-Assertions"],"fileTypesAndContributionMap":{}},{"hash":"74b4b7650fb32635389dde7a676f9cf36093e5dc","isMergeCommit":false,"messageTitle":"Revert \"Merge pull request #1 from ararchch/branch-A-Assertions\"","messageBody":"This reverts commit 9b12cec69ec44e8feac5bceceb4aa9d676cf556b, reversing\nchanges made to 997f76effe36fe518adc4f67634edeae246e64f8.\n","fileTypesAndContributionMap":{"java":{"insertions":4,"deletions":20}}}]},{"date":"2024-02-14","commitResults":[{"hash":"01471eb63409449291b486f88eccde93adb6f7f6","isMergeCommit":false,"messageTitle":"Improve code quality","messageBody":"Code Quality Improvement: Enhance readability, reduce unsafe practices\n\nYapchit, Handler, Yapchitbackend classes (primarily) have code that\nit not compliant with code quality rules, such as functions with common\nbehaviours, recycled parameters, and large methods etc.\n\nThese aspects of the code hinder readability while also making the\ncode more bug prone.\n\nKey approaches taken to solve the issues:\n* Wherever possible and reasonably impactful, common behaviour was\n  abstracted out into a separate method.\n* New variables were introduced to eliminate recycling of parameters\n* Large methods were split into smaller ones.\n* Variables were brought closer to the scope in which they are used\nMost of the improvements were in the Handler class and the Yapchit\nclass.\n\nThese methods were adopted because they allowed the code to fit\nthe code quality requirements as outline by the textbook. They are\nalso typical practice when it comes to addressing similar problems\n(i.e. abstraction etc.)\n","fileTypesAndContributionMap":{"txt":{"insertions":2,"deletions":1},"java":{"insertions":172,"deletions":219}}},{"hash":"bee38a1f4989cdec80c4f2313c09b7e17bef435d","isMergeCommit":true,"messageTitle":"Merge pull request #2 from ararchch/branch-A-CodeQuality","messageBody":"Improve code quality","fileTypesAndContributionMap":{}},{"hash":"15022bc0cd009b27dca91d1c7023671a1d2442b4","isMergeCommit":false,"messageTitle":"Include more assertions","messageBody":"Include more asserations\n\nWhile current code has some assertions\nmore help to ensure more bugs are caught.\n\nAssertions were inserted at prominent locations\nin yapchitbackend, storage and other classes where\nthere were sensitive processes taking place and\ninterchange of data.\n\nSuch places are where bugs can occur, especially if\nthere is transfer between two classes. Often times\nwhen writing the code, the two classes were written\nin different times of the day or different days, hence\npotential for error and bugs is higher.\n","fileTypesAndContributionMap":{"java":{"insertions":9,"deletions":1}}},{"hash":"e729fc9eb634c6bd08df93d05635b67e89e9e555","isMergeCommit":false,"messageTitle":"Fix commit issues","messageBody":"This fixes issues relating to commits\n\nI originally created a commit with assertions. However, I\nmerged the PR early, so I undid the changes in the\ncommit. However, when I fixed it and went to create\nthe PR at the correct time, the changes I had initially\nmerger were not reflected in the PR, but were on the\nbranch.\n\nThis commit fixes that issue by editing each of the\noriginal assertions slightly\n\nThis is so that git recognises it as a new change and\nhence registers them in the new PR.\n","fileTypesAndContributionMap":{"java":{"insertions":18,"deletions":13}}},{"hash":"2bfe8ac16515d287a70f17a1e414299ba184766d","isMergeCommit":true,"messageTitle":"Merge branch \u0027master\u0027 into branch-A-Assertions","messageBody":"# Conflicts:\n#\tsrc/main/java/yapchit/yapchitbackend/Handler.java\n#\tsrc/main/java/yapchit/yapchitbackend/Storage.java\n#\tsrc/main/java/yapchit/yapchitbackend/YapchitBackend.java\n#\tsrc/main/java/yapchit/yapchitui/Yapchit.java\n","fileTypesAndContributionMap":{}},{"hash":"01e63722dd1d29c9b283b6ab0f7c8a9688fe6066","isMergeCommit":true,"messageTitle":"Merge pull request #3 from ararchch/branch-A-Assertions","messageBody":"Branch a assertions","fileTypesAndContributionMap":{}}]},{"date":"2024-02-16","commitResults":[{"hash":"d5be2983e0fc342725da10ed10691f4f2a2280ca","isMergeCommit":false,"messageTitle":"Implement task update functionality","messageBody":"Implement ability to update tasks\n\nCurrently tasks cannot be edited once created\n\nThis limits functionality of the bot as editing\ntasks is a natural thing to do.\n\nIncluding and handling an update keyword\nallows people to use this function.\n\nThe keyword is necessary to inform that this is\na new function. It also enables seamless\nincorporation along with the existing commands\n\nUpdate format is:\nupdate [task index] [new name] [/param] [new param]\nIf a parameter or the name is not being updated,\nyou may use the \u0027*\u0027 to notify the program that\nyou wish to keep the existing value.\n\nConsequently, \u0027*\u0027 is now a reserved character and cannot\nbe used like a typical one. This decision limits inputs\nslightly but the decision was made because it is unlikely\nthat a user will enter just a \u0027*\u0027 as a name or description\nto any task.\n\nExamples of update commands:\n - update 1 eat /by 2020-11-11\n - update 4 say hello\n - update 2 * /from * /to tomorrow\n","fileTypesAndContributionMap":{"txt":{"insertions":4,"deletions":3},"java":{"insertions":162,"deletions":19}}},{"hash":"0d7b6e4fd24e008995b6194d73869160a8bd3299","isMergeCommit":true,"messageTitle":"Merge pull request #4 from ararchch/branch-BCD-Extension","messageBody":"Implement task update functionality","tags":["BCD-Extension"],"fileTypesAndContributionMap":{}}]}]},"authorFileTypeContributionMap":{"ararchch":{"java":1621,"md":2,"fxml":0,"sh":0,"bat":2,"gradle":17,"txt":10}},"authorContributionVariance":{"ararchch":69854.87},"authorDisplayNameMap":{"ararchch":"CS2103T-T15-1 ARCH..WAMI"}}
