{"authorDailyContributionsMap":{"HusseinSafwan02":[{"date":"2024-01-30","commitResults":[{"hash":"8df1c580a7ed3c407beb0b9815d312ef0fbb545d","isMergeCommit":false,"messageTitle":"Rename, Greet and Exit","messageBody":"","tags":["Level-0"],"fileTypesAndContributionMap":{"java":{"insertions":12,"deletions":6}}},{"hash":"ad5e2fc5ec3c44dbbc7986c51ba6c3edef0fd18e","isMergeCommit":false,"messageTitle":"Echo and \"bye\"","messageBody":"","tags":["Level-1"],"fileTypesAndContributionMap":{"java":{"insertions":22,"deletions":4}}},{"hash":"f8d119250456b5b5ff0e7256e1feb876486fe622","isMergeCommit":false,"messageTitle":"Added ability to store tasks","messageBody":"","tags":["Level-2"],"fileTypesAndContributionMap":{"java":{"insertions":28,"deletions":4}}},{"hash":"d75eb4e3fc2ac92f639697da2e57009c1c852f31","isMergeCommit":false,"messageTitle":"Tasks can be marked done","messageBody":"","tags":["Level-3"],"fileTypesAndContributionMap":{"java":{"insertions":65,"deletions":7}}}]},{"date":"2024-01-31","commitResults":[{"hash":"04a4a17b4dc15b94e0765ca1fab79e329d3468ca","isMergeCommit":false,"messageTitle":"Specific task types, dates","messageBody":"","tags":["Level-4"],"fileTypesAndContributionMap":{"java":{"insertions":130,"deletions":38}}}]},{"date":"2024-02-02","commitResults":[{"hash":"daa138e1fda0523f06be18b15d1ddcd50b7bc51f","isMergeCommit":false,"messageTitle":"Automated Text-UI-Testing","messageBody":"","tags":["A-TextUiTesting"],"fileTypesAndContributionMap":{"txt":{"insertions":9,"deletions":0}}},{"hash":"41fc5ec90654c541909d50040986ebd15b128af7","isMergeCommit":false,"messageTitle":"Handle Errors","messageBody":"","tags":["Level-5"],"fileTypesAndContributionMap":{"java":{"insertions":66,"deletions":55}}}]},{"date":"2024-02-06","commitResults":[{"hash":"82a90291682f1d83de1df1e158a2568f6e54796d","isMergeCommit":false,"messageTitle":"Support for deleting tasks","messageBody":"","tags":["Level-6"],"fileTypesAndContributionMap":{"java":{"insertions":15,"deletions":14}}},{"hash":"1c6ae925049d6aae8cab0fa3bbb13e576b292f97","isMergeCommit":false,"messageTitle":"Saving feature","messageBody":"","fileTypesAndContributionMap":{"java":{"insertions":120,"deletions":12}}},{"hash":"70426393e92436f765936495c7b95571e386a8b6","isMergeCommit":false,"messageTitle":"clean up","messageBody":"","fileTypesAndContributionMap":{"java":{"insertions":0,"deletions":10}}},{"hash":"cc6536569501de670dfeb1b53a0086c24e9c9ae2","isMergeCommit":true,"messageTitle":"Merge branch \u0027branch-level-7\u0027","messageBody":"","fileTypesAndContributionMap":{}}]},{"date":"2024-02-13","commitResults":[{"hash":"02447008aed563e36abd38388a67f613da770530","isMergeCommit":false,"messageTitle":"Dates and Times","messageBody":"","fileTypesAndContributionMap":{"java":{"insertions":30,"deletions":12}}},{"hash":"0738ce5283e6982ebd8d4db9d211c37189e6b14f","isMergeCommit":false,"messageTitle":"Clean Up","messageBody":"","tags":["Level-8"],"fileTypesAndContributionMap":{"java":{"insertions":4,"deletions":5}}}]}]},"authorFileTypeContributionMap":{"HusseinSafwan02":{"java":340,"md":0,"fxml":0,"sh":0,"bat":0,"gradle":0,"txt":9}},"authorContributionVariance":{"HusseinSafwan02":3142.5974},"authorDisplayNameMap":{"HusseinSafwan02":"CS2103T-T16-4 MUHA..SEIN"}}
