{"authorDailyContributionsMap":{"jmsandiegoo":[{"date":"2024-01-23","commitResults":[{"hash":"613b108f1e51f2ba6f33ce12cd810e3e353a6f8d","isMergeCommit":false,"messageTitle":"Renamed Bot to Tyrone and updated personality message","messageBody":"","tags":["Level-0"],"fileTypesAndContributionMap":{"java":{"insertions":18,"deletions":10}}},{"hash":"74e36c270ca52ab084ad1116419465902eaf6fec","isMergeCommit":false,"messageTitle":"Added echo and bye functionality","messageBody":"","tags":["Level-1"],"fileTypesAndContributionMap":{"java":{"insertions":36,"deletions":14}}},{"hash":"92344a5011bc20394b575a65a94bc39c35f90565","isMergeCommit":false,"messageTitle":"changed input reader to scanner","messageBody":"","fileTypesAndContributionMap":{"java":{"insertions":4,"deletions":5}}},{"hash":"c3a4e5cfa745389f764680b897929aaf26a14cda","isMergeCommit":false,"messageTitle":"add and display list function done","messageBody":"","tags":["Level-2"],"fileTypesAndContributionMap":{"java":{"insertions":41,"deletions":18}}},{"hash":"1866de257f534cd8ef13668b2d3fafd3e4188c0b","isMergeCommit":false,"messageTitle":"Added TodoItem to support more functionality for todo item","messageBody":"","fileTypesAndContributionMap":{"java":{"insertions":26,"deletions":0}}},{"hash":"e092edc301fe620d49a090089ac68a858d443568","isMergeCommit":false,"messageTitle":"Updated TodoList and Tyrone classes to support marking and unmarking feature","messageBody":"","fileTypesAndContributionMap":{"java":{"insertions":41,"deletions":15}}},{"hash":"03b14af0421c45a3292f65d98557605f995fbe51","isMergeCommit":false,"messageTitle":"Fixed some print formatting issues","messageBody":"","fileTypesAndContributionMap":{"java":{"insertions":3,"deletions":3}}},{"hash":"83c07adff4f8c1ed47246d63fdca8e469420670a","isMergeCommit":false,"messageTitle":"Fixed unmark cmd freeze bug","messageBody":"","tags":["Level-3"],"fileTypesAndContributionMap":{"java":{"insertions":1,"deletions":1}}},{"hash":"a44cc5006f77af331b01b5cdf6f2642ba70b5ef5","isMergeCommit":false,"messageTitle":"rename classes to suit the three types of tasks","messageBody":"","fileTypesAndContributionMap":{"java":{"insertions":12,"deletions":10}}},{"hash":"174c454b3768cd51a5cdb624b1f1dc314388847b","isMergeCommit":false,"messageTitle":"Added three subtypes of Tasks","messageBody":"","fileTypesAndContributionMap":{"java":{"insertions":54,"deletions":20}}},{"hash":"7bc2f0e265c8595c5ac234414a80b5beaf4c8204","isMergeCommit":false,"messageTitle":"updated tyrone and tasklist to support three task functionality","messageBody":"","tags":["Level-4"],"fileTypesAndContributionMap":{"java":{"insertions":77,"deletions":25}}}]},{"date":"2024-01-24","commitResults":[{"hash":"027228d41f8fde830378c1ea16c422bb83c62c3b","isMergeCommit":false,"messageTitle":"implemented cli text ui testing","messageBody":"","tags":["A-TextUiTesting"],"fileTypesAndContributionMap":{"txt":{"insertions":14,"deletions":0},"java":{"insertions":2,"deletions":2},"sh":{"insertions":1,"deletions":1}}},{"hash":"5878b8914e4229de22abd2682095a3c949c7cc47","isMergeCommit":false,"messageTitle":"Added command not exist error handling","messageBody":"","fileTypesAndContributionMap":{"java":{"insertions":27,"deletions":18}}},{"hash":"8c9ca9090345dcf413d122cb4f44e1fde1997ae7","isMergeCommit":false,"messageTitle":"Implemented enums for commands, implemented overall error handling","messageBody":"","tags":["A-Enums"],"fileTypesAndContributionMap":{"java":{"insertions":186,"deletions":65}}},{"hash":"4c644a32de703f0dc274e40e6e90e13eacbf3184","isMergeCommit":false,"messageTitle":"Fixed error messages output and typos","messageBody":"","fileTypesAndContributionMap":{"java":{"insertions":6,"deletions":7}}},{"hash":"b56af291a6dd4802214b35cc912de0c691caf010","isMergeCommit":false,"messageTitle":"Updated test case with error handling","messageBody":"","tags":["Level-5"],"fileTypesAndContributionMap":{"txt":{"insertions":20,"deletions":0}}},{"hash":"96434aff232c35b27705d3c88835091df05facc1","isMergeCommit":false,"messageTitle":"delete feature added","messageBody":"","fileTypesAndContributionMap":{"java":{"insertions":40,"deletions":6}}},{"hash":"4190ecf1ff8b718551fe0c1d063cccbd473ac254","isMergeCommit":false,"messageTitle":"updated test to include delete feature","messageBody":"","tags":["Level-6"],"fileTypesAndContributionMap":{"txt":{"insertions":5,"deletions":0}}}]},{"date":"2024-01-27","commitResults":[{"hash":"59de4f10d627d916c5c2bbb6e296210e54044ad6","isMergeCommit":false,"messageTitle":"Update README.md","messageBody":"","fileTypesAndContributionMap":{"md":{"insertions":9,"deletions":8}}},{"hash":"4abc45c18eb484babd771b976ef1a4f8f8e4ee7f","isMergeCommit":false,"messageTitle":"Update README.md","messageBody":"","fileTypesAndContributionMap":{"md":{"insertions":1,"deletions":1}}},{"hash":"be531e92d0268ecd65c7ac8011e6c55d217329df","isMergeCommit":false,"messageTitle":"Tyrone class: update method to private except main","messageBody":"","fileTypesAndContributionMap":{"java":{"insertions":12,"deletions":10}}},{"hash":"ddd9d87ce8180642c57a14e42284eb2fa1d41c17","isMergeCommit":false,"messageTitle":"Implement load file without error handling","messageBody":"","fileTypesAndContributionMap":{"txt":{"insertions":4,"deletions":0},"java":{"insertions":60,"deletions":4}}},{"hash":"4bdc696bb56abd4c73ab394aea1aa6f72baa9bf1","isMergeCommit":false,"messageTitle":"Add task list local saves with basic error handling","messageBody":"","fileTypesAndContributionMap":{"txt":{"insertions":0,"deletions":1},"java":{"insertions":113,"deletions":59}}},{"hash":"013cf39b252f4d3e9b80308101f06ea03294aafd","isMergeCommit":true,"messageTitle":"Merge branch \u0027branch-Level-7\u0027","messageBody":"","tags":["Level-7"],"fileTypesAndContributionMap":{}},{"hash":"4cd5f094a3653f4a48d6827b46d37ff10def54cb","isMergeCommit":true,"messageTitle":"Merge branch \u0027master\u0027 of github.com:jmsandiegoo/ip","messageBody":"","fileTypesAndContributionMap":{}}]},{"date":"2024-01-28","commitResults":[{"hash":"5a657a2c595c8c68feccdce9af8dfb0116d64364","isMergeCommit":false,"messageTitle":"Add datetime support for deadline event","messageBody":"","fileTypesAndContributionMap":{"txt":{"insertions":1,"deletions":0},"java":{"insertions":143,"deletions":68}}},{"hash":"d806e5d3a65230049e8983df44ddad483ffbebfc","isMergeCommit":false,"messageTitle":"Add datetime support for event task","messageBody":"","fileTypesAndContributionMap":{"txt":{"insertions":2,"deletions":2},"java":{"insertions":66,"deletions":71}}},{"hash":"beca505e82edc988b1a4a6af3171049654ac6f73","isMergeCommit":false,"messageTitle":"Update text-ui-test to include new features","messageBody":"","fileTypesAndContributionMap":{"txt":{"insertions":3,"deletions":2},"sh":{"insertions":5,"deletions":0}}},{"hash":"cf57e970614813d3d1effe9b15341d26fd279723","isMergeCommit":false,"messageTitle":"Fix event command exception handling","messageBody":"","fileTypesAndContributionMap":{"java":{"insertions":5,"deletions":1}}},{"hash":"2287bf61f1bc148d1530044c8a05ebffd3b0b5a9","isMergeCommit":true,"messageTitle":"Merge branch \u0027branch-Level-8\u0027","messageBody":"","tags":["Level-8"],"fileTypesAndContributionMap":{}},{"hash":"1ffa4fa024b111c312c564d3f06907c316ae72b2","isMergeCommit":false,"messageTitle":"Update .gitignore to include data dir","messageBody":"","fileTypesAndContributionMap":{"txt":{"insertions":0,"deletions":4}}},{"hash":"27a4db1323bcaaa508f5464ab85c458d106a4fbb","isMergeCommit":false,"messageTitle":"Refactor DateTime class","messageBody":"","fileTypesAndContributionMap":{"java":{"insertions":7,"deletions":30}}}]},{"date":"2024-01-30","commitResults":[{"hash":"73619cce19a646f38bbc5fe826f08a4d585128ef","isMergeCommit":false,"messageTitle":"Add and implement UI class to handle user interface","messageBody":"","fileTypesAndContributionMap":{"java":{"insertions":291,"deletions":167}}},{"hash":"a13f249eb9281d085c8b99a6327ccaac2664d8ab","isMergeCommit":false,"messageTitle":"Implement Parser and Cmd classes to handle user commands","messageBody":"","fileTypesAndContributionMap":{"java":{"insertions":383,"deletions":242}}},{"hash":"cd5d14dd5c3318560a39179bbde99791d5dd9fc3","isMergeCommit":true,"messageTitle":"Merge branch \u0027branch-A-MoreOOP\u0027","messageBody":"","tags":["A-MoreOOP"],"fileTypesAndContributionMap":{}},{"hash":"582a55dc5c706553ab5552cd52763886904dd755","isMergeCommit":false,"messageTitle":"Implement packages in codebase","messageBody":"","fileTypesAndContributionMap":{"java":{"insertions":84,"deletions":203},"sh":{"insertions":2,"deletions":3}}},{"hash":"e3e323e305519251024776c8c6e5912d74c24bf9","isMergeCommit":true,"messageTitle":"Merge branch \u0027branch-A-Packages\u0027","messageBody":"","tags":["A-Packages"],"fileTypesAndContributionMap":{}},{"hash":"7c580a4951ba805103eb00d2b99b08ef4e49a734","isMergeCommit":true,"messageTitle":"Merge branch \u0027add-gradle-support\u0027","messageBody":"","fileTypesAndContributionMap":{}}]},{"date":"2024-01-31","commitResults":[{"hash":"34d856135a61840451603d33ca0d6a40b0333a44","isMergeCommit":false,"messageTitle":"Modify build.gradle to work with Tyrone project","messageBody":"","fileTypesAndContributionMap":{"gradle":{"insertions":4,"deletions":2}}},{"hash":"d951e27bf6a9b8534d2bc63901c0af6b3d9cfe1a","isMergeCommit":true,"messageTitle":"Merge branch \u0027branch-A-Gradle\u0027","messageBody":"","tags":["A-Gradle"],"fileTypesAndContributionMap":{}},{"hash":"a09f80a137645b83f74afc4a6188963620b8a802","isMergeCommit":false,"messageTitle":"Fix project structure and packages for testing","messageBody":"","fileTypesAndContributionMap":{"gradle":{"insertions":1,"deletions":1},"java":{"insertions":4,"deletions":1}}},{"hash":"6a0fefe248efb62df4212932608530e0f7c23da8","isMergeCommit":false,"messageTitle":"Rename data to task package","messageBody":"","fileTypesAndContributionMap":{"java":{"insertions":234,"deletions":13},"sh":{"insertions":2,"deletions":2}}}]},{"date":"2024-02-01","commitResults":[{"hash":"3bccefcd9f78f3e786f0484d226646e6b60abb75","isMergeCommit":false,"messageTitle":"Add MarkCommand unit test","messageBody":"","fileTypesAndContributionMap":{"gradle":{"insertions":4,"deletions":1},"java":{"insertions":294,"deletions":9},"sh":{"insertions":1,"deletions":1}}},{"hash":"2cb3efc9c56aafe77be9038fb693ab9cc1de5ef3","isMergeCommit":false,"messageTitle":"Add Parser unit test","messageBody":"","fileTypesAndContributionMap":{"java":{"insertions":259,"deletions":3}}},{"hash":"0b79a00592dad31c8d85b55a6a2c724b09358a68","isMergeCommit":true,"messageTitle":"Merge branch \u0027branch-J-Unit\u0027","messageBody":"","tags":["A-JUnit"],"fileTypesAndContributionMap":{}}]},{"date":"2024-02-02","commitResults":[{"hash":"43932d3b16b591abc298d85e9f971974aff39060","isMergeCommit":false,"messageTitle":"Fix minor bug in Tyrone bye output","messageBody":"","fileTypesAndContributionMap":{"java":{"insertions":0,"deletions":1}}},{"hash":"9dae3263dce9a99dfd11879ea0204372a43eb084","isMergeCommit":false,"messageTitle":"Add find command with keyword","messageBody":"","fileTypesAndContributionMap":{"java":{"insertions":70,"deletions":3}}},{"hash":"83afc8c446511381aefb93442040684b873077da","isMergeCommit":true,"messageTitle":"Merge branch \u0027branch-Level-9\u0027","messageBody":"","tags":["Level-9"],"fileTypesAndContributionMap":{}},{"hash":"9e3e83c007f43d701ddbc804b0b806e177083d83","isMergeCommit":false,"messageTitle":"Add javadoc to commands package","messageBody":"","fileTypesAndContributionMap":{"java":{"insertions":117,"deletions":3}}},{"hash":"d173d1375a3eb160ac0e9849da69b36ee1e6c210","isMergeCommit":false,"messageTitle":"Add javadocs to parser, storage packages","messageBody":"","fileTypesAndContributionMap":{"java":{"insertions":147,"deletions":12}}},{"hash":"21c1140fdc7cba1a36f9d89fedf077ec6dbe863d","isMergeCommit":false,"messageTitle":"Add javadocs to storage package","messageBody":"","fileTypesAndContributionMap":{"java":{"insertions":16,"deletions":0}}},{"hash":"a2ca7bc5b403678d866d7733811ca65f2e322a30","isMergeCommit":true,"messageTitle":"Merge branch \u0027branch-A-JavaDoc\u0027","messageBody":"","tags":["A-JavaDoc"],"fileTypesAndContributionMap":{}},{"hash":"29cd38a2cd2c3d3dce95488784cc23e852631436","isMergeCommit":false,"messageTitle":"Update codebase to follow coding standard","messageBody":"","fileTypesAndContributionMap":{"java":{"insertions":25,"deletions":23}}},{"hash":"025c2eaace0097e2cf068b0b969dfcca78ee0639","isMergeCommit":true,"messageTitle":"Merge branch \u0027branch-A-CodingStandard\u0027","messageBody":"","tags":["A-CodingStandard"],"fileTypesAndContributionMap":{}}]},{"date":"2024-02-06","commitResults":[{"hash":"97b9ae3edae4de5e7e897e73c4b268ab2f4d2ae6","isMergeCommit":false,"messageTitle":"Delete duplicate test","messageBody":"","fileTypesAndContributionMap":{"java":{"insertions":0,"deletions":12}}}]},{"date":"2024-02-08","commitResults":[{"hash":"d44002fb0db2abdd29daadf646e17b0d60bcf81a","isMergeCommit":false,"messageTitle":"Integrate checkstyle plugin","messageBody":"","tags":["A-CheckStyle"],"fileTypesAndContributionMap":{"gradle":{"insertions":5,"deletions":0}}},{"hash":"8ec99c80a7250c62afa07a913416ef6332638d1f","isMergeCommit":false,"messageTitle":"Add basic gui","messageBody":"","fileTypesAndContributionMap":{"gradle":{"insertions":15,"deletions":1},"fxml":{"insertions":61,"deletions":0},"java":{"insertions":161,"deletions":0}}}]},{"date":"2024-02-10","commitResults":[{"hash":"2b9448c2cfbb2a53f68b4630ab212c78785f15cf","isMergeCommit":false,"messageTitle":"Implement working gui and remove cli ui","messageBody":"","fileTypesAndContributionMap":{"fxml":{"insertions":2,"deletions":2},"java":{"insertions":192,"deletions":188}}},{"hash":"e0b9ff7a6ff3f77cf209602a2f63c0ee123f9967","isMergeCommit":true,"messageTitle":"Merge branch \u0027branch-Level-10\u0027","messageBody":"","tags":["Level-10"],"fileTypesAndContributionMap":{}}]},{"date":"2024-02-13","commitResults":[{"hash":"cb3fd87e9b6fa6ba8b505012d13000cd6644dbbb","isMergeCommit":false,"messageTitle":"Add assert checks","messageBody":"","fileTypesAndContributionMap":{"java":{"insertions":11,"deletions":1}}},{"hash":"7208e07fc49e6ab29eff0d29693fee3883fdcdb1","isMergeCommit":true,"messageTitle":"Merge branch \u0027branch-A-Assertions\u0027","messageBody":"","tags":["A-Assertions"],"fileTypesAndContributionMap":{}}]},{"date":"2024-02-14","commitResults":[{"hash":"306806e4a2e6867fc0cfa48a9ca592cb316a52d9","isMergeCommit":false,"messageTitle":"General code base does not follow the code quality specified by the se-textbook. Storage helper class has repetitive code, Task classes has magic string literals, Parser class has long method and more.","messageBody":"These coding quality / standard could lead to poor overall code\nreadability and quality leading to potential bugs.\n\nLet\u0027s refactor the code base to improve the quality of the code.\nExtract repetitive code to checkOrCreateFile function in StorageHelper.\nTask class remove magic string literals except formatting characters.\nParser parseRawUserCommand extract checking commandWord to another\nfunction to comply with 30 LoC. TaskList functions implement guard\nclauses.\n\nFollows the defined refactoring guidlines provided by se-textbook.\nTo maintain ease of maintainability.\n\nRefer to se-textbook:\nhttps://nus-cs2103-ay2324s2.github.io/website/se-book-adapted/chapters/codeQuality.html\n","fileTypesAndContributionMap":{"java":{"insertions":96,"deletions":70}}},{"hash":"f5399cbe8ccdf7959523aa4e08a2db79734592b6","isMergeCommit":false,"messageTitle":"Remove redundant code logic in StorageHelper class","messageBody":"","fileTypesAndContributionMap":{"java":{"insertions":1,"deletions":2}}},{"hash":"5a5727dd0108172ddd3f981cfa23d57a9c747354","isMergeCommit":true,"messageTitle":"Merge pull request #1 from jmsandiegoo/branch-A-CodeQuality","messageBody":"Branch a code quality","tags":["A-CodeQuality"],"fileTypesAndContributionMap":{}}]}]},"authorFileTypeContributionMap":{"jmsandiegoo":{"java":1748,"md":9,"fxml":61,"sh":7,"bat":0,"gradle":26,"txt":40}},"authorContributionVariance":{"jmsandiegoo":88015.055},"authorDisplayNameMap":{"jmsandiegoo":"CS2103-F09-4 SAN ..ISTA"}}
