{"authorDailyContributionsMap":{"jmsandiegoo":[{"date":"2024-01-23","commitResults":[{"hash":"613b108f1e51f2ba6f33ce12cd810e3e353a6f8d","isMergeCommit":false,"messageTitle":"Renamed Bot to Tyrone and updated personality message","messageBody":"","tags":["Level-0"],"fileTypesAndContributionMap":{"java":{"insertions":18,"deletions":10}}},{"hash":"74e36c270ca52ab084ad1116419465902eaf6fec","isMergeCommit":false,"messageTitle":"Added echo and bye functionality","messageBody":"","tags":["Level-1"],"fileTypesAndContributionMap":{"java":{"insertions":36,"deletions":14}}},{"hash":"92344a5011bc20394b575a65a94bc39c35f90565","isMergeCommit":false,"messageTitle":"changed input reader to scanner","messageBody":"","fileTypesAndContributionMap":{"java":{"insertions":4,"deletions":5}}},{"hash":"c3a4e5cfa745389f764680b897929aaf26a14cda","isMergeCommit":false,"messageTitle":"add and display list function done","messageBody":"","tags":["Level-2"],"fileTypesAndContributionMap":{"java":{"insertions":41,"deletions":18}}},{"hash":"1866de257f534cd8ef13668b2d3fafd3e4188c0b","isMergeCommit":false,"messageTitle":"Added TodoItem to support more functionality for todo item","messageBody":"","fileTypesAndContributionMap":{"java":{"insertions":26,"deletions":0}}},{"hash":"e092edc301fe620d49a090089ac68a858d443568","isMergeCommit":false,"messageTitle":"Updated TodoList and Tyrone classes to support marking and unmarking feature","messageBody":"","fileTypesAndContributionMap":{"java":{"insertions":41,"deletions":15}}},{"hash":"03b14af0421c45a3292f65d98557605f995fbe51","isMergeCommit":false,"messageTitle":"Fixed some print formatting issues","messageBody":"","fileTypesAndContributionMap":{"java":{"insertions":3,"deletions":3}}},{"hash":"83c07adff4f8c1ed47246d63fdca8e469420670a","isMergeCommit":false,"messageTitle":"Fixed unmark cmd freeze bug","messageBody":"","tags":["Level-3"],"fileTypesAndContributionMap":{"java":{"insertions":1,"deletions":1}}},{"hash":"a44cc5006f77af331b01b5cdf6f2642ba70b5ef5","isMergeCommit":false,"messageTitle":"rename classes to suit the three types of tasks","messageBody":"","fileTypesAndContributionMap":{"java":{"insertions":12,"deletions":10}}},{"hash":"174c454b3768cd51a5cdb624b1f1dc314388847b","isMergeCommit":false,"messageTitle":"Added three subtypes of Tasks","messageBody":"","fileTypesAndContributionMap":{"java":{"insertions":54,"deletions":20}}},{"hash":"7bc2f0e265c8595c5ac234414a80b5beaf4c8204","isMergeCommit":false,"messageTitle":"updated tyrone and tasklist to support three task functionality","messageBody":"","tags":["Level-4"],"fileTypesAndContributionMap":{"java":{"insertions":77,"deletions":25}}}]},{"date":"2024-01-24","commitResults":[{"hash":"027228d41f8fde830378c1ea16c422bb83c62c3b","isMergeCommit":false,"messageTitle":"implemented cli text ui testing","messageBody":"","tags":["A-TextUiTesting"],"fileTypesAndContributionMap":{"txt":{"insertions":14,"deletions":0},"java":{"insertions":2,"deletions":2},"sh":{"insertions":1,"deletions":1}}},{"hash":"5878b8914e4229de22abd2682095a3c949c7cc47","isMergeCommit":false,"messageTitle":"Added command not exist error handling","messageBody":"","fileTypesAndContributionMap":{"java":{"insertions":27,"deletions":18}}},{"hash":"8c9ca9090345dcf413d122cb4f44e1fde1997ae7","isMergeCommit":false,"messageTitle":"Implemented enums for commands, implemented overall error handling","messageBody":"","tags":["A-Enums"],"fileTypesAndContributionMap":{"java":{"insertions":186,"deletions":65}}},{"hash":"4c644a32de703f0dc274e40e6e90e13eacbf3184","isMergeCommit":false,"messageTitle":"Fixed error messages output and typos","messageBody":"","fileTypesAndContributionMap":{"java":{"insertions":6,"deletions":7}}},{"hash":"b56af291a6dd4802214b35cc912de0c691caf010","isMergeCommit":false,"messageTitle":"Updated test case with error handling","messageBody":"","tags":["Level-5"],"fileTypesAndContributionMap":{"txt":{"insertions":20,"deletions":0}}},{"hash":"96434aff232c35b27705d3c88835091df05facc1","isMergeCommit":false,"messageTitle":"delete feature added","messageBody":"","fileTypesAndContributionMap":{"java":{"insertions":40,"deletions":6}}},{"hash":"4190ecf1ff8b718551fe0c1d063cccbd473ac254","isMergeCommit":false,"messageTitle":"updated test to include delete feature","messageBody":"","tags":["Level-6"],"fileTypesAndContributionMap":{"txt":{"insertions":5,"deletions":0}}}]},{"date":"2024-01-27","commitResults":[{"hash":"59de4f10d627d916c5c2bbb6e296210e54044ad6","isMergeCommit":false,"messageTitle":"Update README.md","messageBody":"","fileTypesAndContributionMap":{"md":{"insertions":9,"deletions":8}}},{"hash":"4abc45c18eb484babd771b976ef1a4f8f8e4ee7f","isMergeCommit":false,"messageTitle":"Update README.md","messageBody":"","fileTypesAndContributionMap":{"md":{"insertions":1,"deletions":1}}},{"hash":"be531e92d0268ecd65c7ac8011e6c55d217329df","isMergeCommit":false,"messageTitle":"Tyrone class: update method to private except main","messageBody":"","fileTypesAndContributionMap":{"java":{"insertions":12,"deletions":10}}},{"hash":"ddd9d87ce8180642c57a14e42284eb2fa1d41c17","isMergeCommit":false,"messageTitle":"Implement load file without error handling","messageBody":"","fileTypesAndContributionMap":{"txt":{"insertions":4,"deletions":0},"java":{"insertions":60,"deletions":4}}},{"hash":"4bdc696bb56abd4c73ab394aea1aa6f72baa9bf1","isMergeCommit":false,"messageTitle":"Add task list local saves with basic error handling","messageBody":"","fileTypesAndContributionMap":{"txt":{"insertions":0,"deletions":1},"java":{"insertions":113,"deletions":59}}},{"hash":"013cf39b252f4d3e9b80308101f06ea03294aafd","isMergeCommit":true,"messageTitle":"Merge branch \u0027branch-Level-7\u0027","messageBody":"","tags":["Level-7"],"fileTypesAndContributionMap":{}},{"hash":"4cd5f094a3653f4a48d6827b46d37ff10def54cb","isMergeCommit":true,"messageTitle":"Merge branch \u0027master\u0027 of github.com:jmsandiegoo/ip","messageBody":"","fileTypesAndContributionMap":{}}]},{"date":"2024-01-28","commitResults":[{"hash":"5a657a2c595c8c68feccdce9af8dfb0116d64364","isMergeCommit":false,"messageTitle":"Add datetime support for deadline event","messageBody":"","fileTypesAndContributionMap":{"txt":{"insertions":1,"deletions":0},"java":{"insertions":143,"deletions":68}}},{"hash":"d806e5d3a65230049e8983df44ddad483ffbebfc","isMergeCommit":false,"messageTitle":"Add datetime support for event task","messageBody":"","fileTypesAndContributionMap":{"txt":{"insertions":2,"deletions":2},"java":{"insertions":66,"deletions":71}}},{"hash":"beca505e82edc988b1a4a6af3171049654ac6f73","isMergeCommit":false,"messageTitle":"Update text-ui-test to include new features","messageBody":"","fileTypesAndContributionMap":{"txt":{"insertions":3,"deletions":2},"sh":{"insertions":5,"deletions":0}}},{"hash":"cf57e970614813d3d1effe9b15341d26fd279723","isMergeCommit":false,"messageTitle":"Fix event command exception handling","messageBody":"","fileTypesAndContributionMap":{"java":{"insertions":5,"deletions":1}}},{"hash":"2287bf61f1bc148d1530044c8a05ebffd3b0b5a9","isMergeCommit":true,"messageTitle":"Merge branch \u0027branch-Level-8\u0027","messageBody":"","tags":["Level-8"],"fileTypesAndContributionMap":{}},{"hash":"1ffa4fa024b111c312c564d3f06907c316ae72b2","isMergeCommit":false,"messageTitle":"Update .gitignore to include data dir","messageBody":"","fileTypesAndContributionMap":{"txt":{"insertions":0,"deletions":4}}},{"hash":"27a4db1323bcaaa508f5464ab85c458d106a4fbb","isMergeCommit":false,"messageTitle":"Refactor DateTime class","messageBody":"","fileTypesAndContributionMap":{"java":{"insertions":7,"deletions":30}}}]},{"date":"2024-01-30","commitResults":[{"hash":"73619cce19a646f38bbc5fe826f08a4d585128ef","isMergeCommit":false,"messageTitle":"Add and implement UI class to handle user interface","messageBody":"","fileTypesAndContributionMap":{"java":{"insertions":291,"deletions":167}}},{"hash":"a13f249eb9281d085c8b99a6327ccaac2664d8ab","isMergeCommit":false,"messageTitle":"Implement Parser and Cmd classes to handle user commands","messageBody":"","fileTypesAndContributionMap":{"java":{"insertions":383,"deletions":242}}},{"hash":"cd5d14dd5c3318560a39179bbde99791d5dd9fc3","isMergeCommit":true,"messageTitle":"Merge branch \u0027branch-A-MoreOOP\u0027","messageBody":"","tags":["A-MoreOOP"],"fileTypesAndContributionMap":{}},{"hash":"582a55dc5c706553ab5552cd52763886904dd755","isMergeCommit":false,"messageTitle":"Implement packages in codebase","messageBody":"","fileTypesAndContributionMap":{"java":{"insertions":84,"deletions":203},"sh":{"insertions":2,"deletions":3}}},{"hash":"e3e323e305519251024776c8c6e5912d74c24bf9","isMergeCommit":true,"messageTitle":"Merge branch \u0027branch-A-Packages\u0027","messageBody":"","tags":["A-Packages"],"fileTypesAndContributionMap":{}}]}]},"authorFileTypeContributionMap":{"jmsandiegoo":{"java":674,"md":9,"fxml":0,"sh":7,"bat":0,"gradle":0,"txt":40}},"authorContributionVariance":{"jmsandiegoo":148774.02},"authorDisplayNameMap":{"jmsandiegoo":"SAN ..ISTA"}}
