[{"path":"data/Univus.txt","fileType":"txt","lines":[{"lineNumber":1,"author":{"gitId":"Hibeom0929"},"content":"[E][ ] project meeting (from: Mon 2pm to: 4pm)","lastModifiedDate":"2024-02-06"},{"lineNumber":2,"author":{"gitId":"Hibeom0929"},"content":"[T][ ] read book","lastModifiedDate":"2024-02-06"},{"lineNumber":3,"author":{"gitId":"Hibeom0929"},"content":"[D][ ] return book (by: Sunday)","lastModifiedDate":"2024-02-06"}],"authorContributionMap":{"Hibeom0929":3}},{"path":"src/main/java/Deadlines.java","fileType":"java","lines":[{"lineNumber":1,"author":{"gitId":"Hibeom0929"},"content":"public class Deadlines extends Task {","lastModifiedDate":"2024-01-27"},{"lineNumber":2,"author":{"gitId":"Hibeom0929"},"content":"    protected String by;","lastModifiedDate":"2024-01-27"},{"lineNumber":3,"author":{"gitId":"Hibeom0929"},"content":"","lastModifiedDate":"2024-01-27"},{"lineNumber":4,"author":{"gitId":"Hibeom0929"},"content":"    public Deadlines(String description, String by) {","lastModifiedDate":"2024-01-27"},{"lineNumber":5,"author":{"gitId":"Hibeom0929"},"content":"        super(description.replaceFirst(\"deadline \", \"\"));","lastModifiedDate":"2024-01-27"},{"lineNumber":6,"author":{"gitId":"Hibeom0929"},"content":"        this.by \u003d by.replaceFirst(\"by\", \"\");","lastModifiedDate":"2024-01-27"},{"lineNumber":7,"author":{"gitId":"Hibeom0929"},"content":"    }","lastModifiedDate":"2024-01-27"},{"lineNumber":8,"author":{"gitId":"Hibeom0929"},"content":"","lastModifiedDate":"2024-01-27"},{"lineNumber":9,"author":{"gitId":"Hibeom0929"},"content":"    @Override","lastModifiedDate":"2024-01-27"},{"lineNumber":10,"author":{"gitId":"Hibeom0929"},"content":"    public String toString() {","lastModifiedDate":"2024-01-27"},{"lineNumber":11,"author":{"gitId":"Hibeom0929"},"content":"        return \"[D]\" + super.toString() + \"(by:\" + by + \")\";","lastModifiedDate":"2024-01-27"},{"lineNumber":12,"author":{"gitId":"Hibeom0929"},"content":"    }","lastModifiedDate":"2024-01-27"},{"lineNumber":13,"author":{"gitId":"Hibeom0929"},"content":"}","lastModifiedDate":"2024-01-27"}],"authorContributionMap":{"Hibeom0929":13}},{"path":"src/main/java/Events.java","fileType":"java","lines":[{"lineNumber":1,"author":{"gitId":"Hibeom0929"},"content":"public class Events extends Task{","lastModifiedDate":"2024-01-27"},{"lineNumber":2,"author":{"gitId":"Hibeom0929"},"content":"    protected String start;","lastModifiedDate":"2024-01-27"},{"lineNumber":3,"author":{"gitId":"Hibeom0929"},"content":"    protected String end;","lastModifiedDate":"2024-01-27"},{"lineNumber":4,"author":{"gitId":"Hibeom0929"},"content":"    public Events(String description, String start, String end) {","lastModifiedDate":"2024-01-27"},{"lineNumber":5,"author":{"gitId":"Hibeom0929"},"content":"        super(description.replaceFirst(\"event \", \"\"));","lastModifiedDate":"2024-01-27"},{"lineNumber":6,"author":{"gitId":"Hibeom0929"},"content":"        this.start \u003d start.replaceFirst(\"from\", \"\");","lastModifiedDate":"2024-01-27"},{"lineNumber":7,"author":{"gitId":"Hibeom0929"},"content":"        this.end \u003d end.replaceFirst(\"to\", \"\");","lastModifiedDate":"2024-01-27"},{"lineNumber":8,"author":{"gitId":"Hibeom0929"},"content":"    }","lastModifiedDate":"2024-01-27"},{"lineNumber":9,"author":{"gitId":"Hibeom0929"},"content":"","lastModifiedDate":"2024-01-27"},{"lineNumber":10,"author":{"gitId":"Hibeom0929"},"content":"    @Override","lastModifiedDate":"2024-01-27"},{"lineNumber":11,"author":{"gitId":"Hibeom0929"},"content":"    public String toString() {","lastModifiedDate":"2024-01-27"},{"lineNumber":12,"author":{"gitId":"Hibeom0929"},"content":"        return \"[E]\" + super.toString() + \"(from:\" + start + \"to:\" + end + \")\";","lastModifiedDate":"2024-01-27"},{"lineNumber":13,"author":{"gitId":"Hibeom0929"},"content":"    }","lastModifiedDate":"2024-01-27"},{"lineNumber":14,"author":{"gitId":"Hibeom0929"},"content":"}","lastModifiedDate":"2024-01-27"}],"authorContributionMap":{"Hibeom0929":14}},{"path":"src/main/java/Task.java","fileType":"java","lines":[{"lineNumber":1,"author":{"gitId":"Hibeom0929"},"content":"public class Task {","lastModifiedDate":"2024-01-26"},{"lineNumber":2,"author":{"gitId":"Hibeom0929"},"content":"    protected String description;","lastModifiedDate":"2024-01-26"},{"lineNumber":3,"author":{"gitId":"Hibeom0929"},"content":"    protected boolean isDone;","lastModifiedDate":"2024-01-26"},{"lineNumber":4,"author":{"gitId":"Hibeom0929"},"content":"","lastModifiedDate":"2024-01-26"},{"lineNumber":5,"author":{"gitId":"Hibeom0929"},"content":"    public Task(String description) {","lastModifiedDate":"2024-01-26"},{"lineNumber":6,"author":{"gitId":"Hibeom0929"},"content":"        this.description \u003d description;","lastModifiedDate":"2024-01-26"},{"lineNumber":7,"author":{"gitId":"Hibeom0929"},"content":"        this.isDone \u003d false;","lastModifiedDate":"2024-01-26"},{"lineNumber":8,"author":{"gitId":"Hibeom0929"},"content":"    }","lastModifiedDate":"2024-01-26"},{"lineNumber":9,"author":{"gitId":"Hibeom0929"},"content":"","lastModifiedDate":"2024-01-26"},{"lineNumber":10,"author":{"gitId":"Hibeom0929"},"content":"    public void mark() {","lastModifiedDate":"2024-01-26"},{"lineNumber":11,"author":{"gitId":"Hibeom0929"},"content":"        this.isDone \u003d true;","lastModifiedDate":"2024-01-26"},{"lineNumber":12,"author":{"gitId":"Hibeom0929"},"content":"    }","lastModifiedDate":"2024-01-26"},{"lineNumber":13,"author":{"gitId":"Hibeom0929"},"content":"","lastModifiedDate":"2024-01-26"},{"lineNumber":14,"author":{"gitId":"Hibeom0929"},"content":"    public boolean isDone() {","lastModifiedDate":"2024-01-29"},{"lineNumber":15,"author":{"gitId":"Hibeom0929"},"content":"        return isDone;","lastModifiedDate":"2024-01-29"},{"lineNumber":16,"author":{"gitId":"Hibeom0929"},"content":"    }","lastModifiedDate":"2024-01-29"},{"lineNumber":17,"author":{"gitId":"Hibeom0929"},"content":"","lastModifiedDate":"2024-01-29"},{"lineNumber":18,"author":{"gitId":"Hibeom0929"},"content":"    public void unMark() {","lastModifiedDate":"2024-01-26"},{"lineNumber":19,"author":{"gitId":"Hibeom0929"},"content":"        this.isDone \u003d false;","lastModifiedDate":"2024-01-26"},{"lineNumber":20,"author":{"gitId":"Hibeom0929"},"content":"    }","lastModifiedDate":"2024-01-26"},{"lineNumber":21,"author":{"gitId":"Hibeom0929"},"content":"    public String getStatusIcon() {","lastModifiedDate":"2024-01-26"},{"lineNumber":22,"author":{"gitId":"Hibeom0929"},"content":"        return (isDone ? \"X\" : \" \"); // mark done task with X","lastModifiedDate":"2024-01-26"},{"lineNumber":23,"author":{"gitId":"Hibeom0929"},"content":"    }","lastModifiedDate":"2024-01-26"},{"lineNumber":24,"author":{"gitId":"Hibeom0929"},"content":"","lastModifiedDate":"2024-01-26"},{"lineNumber":25,"author":{"gitId":"Hibeom0929"},"content":"    public String getDescription() {","lastModifiedDate":"2024-01-26"},{"lineNumber":26,"author":{"gitId":"Hibeom0929"},"content":"        return this.description;","lastModifiedDate":"2024-01-26"},{"lineNumber":27,"author":{"gitId":"Hibeom0929"},"content":"    }","lastModifiedDate":"2024-01-26"},{"lineNumber":28,"author":{"gitId":"Hibeom0929"},"content":"    @Override","lastModifiedDate":"2024-01-27"},{"lineNumber":29,"author":{"gitId":"Hibeom0929"},"content":"    public String toString() {","lastModifiedDate":"2024-01-27"},{"lineNumber":30,"author":{"gitId":"Hibeom0929"},"content":"        return \"[\" + this.getStatusIcon() + \"] \" + description;","lastModifiedDate":"2024-01-27"},{"lineNumber":31,"author":{"gitId":"Hibeom0929"},"content":"    }","lastModifiedDate":"2024-01-27"},{"lineNumber":32,"author":{"gitId":"Hibeom0929"},"content":"}","lastModifiedDate":"2024-01-26"}],"authorContributionMap":{"Hibeom0929":32}},{"path":"src/main/java/ToDos.java","fileType":"java","lines":[{"lineNumber":1,"author":{"gitId":"Hibeom0929"},"content":"public class ToDos extends Task{","lastModifiedDate":"2024-01-27"},{"lineNumber":2,"author":{"gitId":"Hibeom0929"},"content":"    public ToDos(String description) {","lastModifiedDate":"2024-01-27"},{"lineNumber":3,"author":{"gitId":"Hibeom0929"},"content":"        super(description.replaceFirst(\"todo \", \"\"));","lastModifiedDate":"2024-01-27"},{"lineNumber":4,"author":{"gitId":"Hibeom0929"},"content":"    }","lastModifiedDate":"2024-01-27"},{"lineNumber":5,"author":{"gitId":"Hibeom0929"},"content":"    @Override","lastModifiedDate":"2024-01-27"},{"lineNumber":6,"author":{"gitId":"Hibeom0929"},"content":"    public String toString() {","lastModifiedDate":"2024-01-27"},{"lineNumber":7,"author":{"gitId":"Hibeom0929"},"content":"        return \"[T]\" + super.toString();","lastModifiedDate":"2024-01-27"},{"lineNumber":8,"author":{"gitId":"Hibeom0929"},"content":"    }","lastModifiedDate":"2024-01-27"},{"lineNumber":9,"author":{"gitId":"Hibeom0929"},"content":"}","lastModifiedDate":"2024-01-27"}],"authorContributionMap":{"Hibeom0929":9}},{"path":"src/main/java/Univus.java","fileType":"java","lines":[{"lineNumber":1,"author":{"gitId":"Hibeom0929"},"content":"import java.io.*;","lastModifiedDate":"2024-02-06"},{"lineNumber":2,"author":{"gitId":"Hibeom0929"},"content":"import java.util.ArrayList;","lastModifiedDate":"2024-01-26"},{"lineNumber":3,"author":{"gitId":"Hibeom0929"},"content":"import java.util.List;","lastModifiedDate":"2024-01-26"},{"lineNumber":4,"author":{"gitId":"Hibeom0929"},"content":"import java.util.Scanner;","lastModifiedDate":"2024-01-26"},{"lineNumber":5,"author":{"gitId":"Hibeom0929"},"content":"","lastModifiedDate":"2024-01-29"},{"lineNumber":6,"author":{"gitId":"Hibeom0929"},"content":"","lastModifiedDate":"2024-01-29"},{"lineNumber":7,"author":{"gitId":"Hibeom0929"},"content":"public class Univus {","lastModifiedDate":"2024-01-26"},{"lineNumber":8,"author":{"gitId":"Hibeom0929"},"content":"    private static Scanner scanner;","lastModifiedDate":"2024-01-26"},{"lineNumber":9,"author":{"gitId":"Hibeom0929"},"content":"    private static List\u003cTask\u003e store;","lastModifiedDate":"2024-02-06"},{"lineNumber":10,"author":{"gitId":"Hibeom0929"},"content":"    public Univus() {","lastModifiedDate":"2024-01-26"},{"lineNumber":11,"author":{"gitId":"Hibeom0929"},"content":"        this.scanner \u003d new Scanner(System.in);","lastModifiedDate":"2024-01-26"},{"lineNumber":12,"author":{"gitId":"Hibeom0929"},"content":"        this.store \u003d new ArrayList\u003c\u003e();","lastModifiedDate":"2024-01-26"},{"lineNumber":13,"author":{"gitId":"Hibeom0929"},"content":"    }","lastModifiedDate":"2024-01-26"},{"lineNumber":14,"author":{"gitId":"Hibeom0929"},"content":"    public void greet() {","lastModifiedDate":"2024-01-26"},{"lineNumber":15,"author":{"gitId":"Hibeom0929"},"content":"        System.out.println(\"____________________________________________________________\");","lastModifiedDate":"2024-01-26"},{"lineNumber":16,"author":{"gitId":"Hibeom0929"},"content":"        System.out.println(\"Hello! I\u0027m Univus\");","lastModifiedDate":"2024-01-26"},{"lineNumber":17,"author":{"gitId":"Hibeom0929"},"content":"        System.out.println(\"What can I do for you?\");","lastModifiedDate":"2024-01-26"},{"lineNumber":18,"author":{"gitId":"Hibeom0929"},"content":"        System.out.println(\"____________________________________________________________\");","lastModifiedDate":"2024-01-26"},{"lineNumber":19,"author":{"gitId":"Hibeom0929"},"content":"    }","lastModifiedDate":"2024-01-26"},{"lineNumber":20,"author":{"gitId":"Hibeom0929"},"content":"    public void bye() {","lastModifiedDate":"2024-01-26"},{"lineNumber":21,"author":{"gitId":"Hibeom0929"},"content":"        System.out.println(\"____________________________________________________________\");","lastModifiedDate":"2024-01-26"},{"lineNumber":22,"author":{"gitId":"Hibeom0929"},"content":"        System.out.println(\"Bye. Hope to see you again soon!\");","lastModifiedDate":"2024-01-26"},{"lineNumber":23,"author":{"gitId":"Hibeom0929"},"content":"        System.out.println(\"____________________________________________________________\");","lastModifiedDate":"2024-01-26"},{"lineNumber":24,"author":{"gitId":"Hibeom0929"},"content":"    }","lastModifiedDate":"2024-01-26"},{"lineNumber":25,"author":{"gitId":"Hibeom0929"},"content":"    public void echo(String message) throws UnivusException {","lastModifiedDate":"2024-01-29"},{"lineNumber":26,"author":{"gitId":"Hibeom0929"},"content":"        if (message.equals(\"bye\")){","lastModifiedDate":"2024-01-26"},{"lineNumber":27,"author":{"gitId":"Hibeom0929"},"content":"            bye();","lastModifiedDate":"2024-01-26"},{"lineNumber":28,"author":{"gitId":"Hibeom0929"},"content":"            scanner.close();","lastModifiedDate":"2024-01-26"},{"lineNumber":29,"author":{"gitId":"Hibeom0929"},"content":"        } else if (message.equals(\"list\")) {","lastModifiedDate":"2024-01-26"},{"lineNumber":30,"author":{"gitId":"Hibeom0929"},"content":"            System.out.println(\"____________________________________________________________\");","lastModifiedDate":"2024-01-26"},{"lineNumber":31,"author":{"gitId":"Hibeom0929"},"content":"            int index \u003d 1;","lastModifiedDate":"2024-01-26"},{"lineNumber":32,"author":{"gitId":"Hibeom0929"},"content":"            for (Task msg : store) {","lastModifiedDate":"2024-01-26"},{"lineNumber":33,"author":{"gitId":"Hibeom0929"},"content":"                System.out.println(index + \".\" + msg.toString());","lastModifiedDate":"2024-01-29"},{"lineNumber":34,"author":{"gitId":"Hibeom0929"},"content":"                index++;","lastModifiedDate":"2024-01-26"},{"lineNumber":35,"author":{"gitId":"Hibeom0929"},"content":"            }","lastModifiedDate":"2024-01-26"},{"lineNumber":36,"author":{"gitId":"Hibeom0929"},"content":"            System.out.println(\"____________________________________________________________\");","lastModifiedDate":"2024-01-26"},{"lineNumber":37,"author":{"gitId":"Hibeom0929"},"content":"        } else if (message.matches(\"mark\\\\s\\\\d+\")) {","lastModifiedDate":"2024-01-26"},{"lineNumber":38,"author":{"gitId":"Hibeom0929"},"content":"            try {","lastModifiedDate":"2024-01-29"},{"lineNumber":39,"author":{"gitId":"Hibeom0929"},"content":"                int index \u003d Integer.parseInt(message.split(\" \")[1]);","lastModifiedDate":"2024-01-26"},{"lineNumber":40,"author":{"gitId":"Hibeom0929"},"content":"","lastModifiedDate":"2024-01-29"},{"lineNumber":41,"author":{"gitId":"Hibeom0929"},"content":"                if (index \u003e store.size() || index \u003c 1) {","lastModifiedDate":"2024-01-29"},{"lineNumber":42,"author":{"gitId":"Hibeom0929"},"content":"                    throw new UnivusException(\"OOPS!!! Wrong Index!\");","lastModifiedDate":"2024-01-29"},{"lineNumber":43,"author":{"gitId":"Hibeom0929"},"content":"                }","lastModifiedDate":"2024-01-29"},{"lineNumber":44,"author":{"gitId":"Hibeom0929"},"content":"                Task task \u003d store.get(index - 1);","lastModifiedDate":"2024-01-26"},{"lineNumber":45,"author":{"gitId":"Hibeom0929"},"content":"                if (task.isDone()) {","lastModifiedDate":"2024-01-29"},{"lineNumber":46,"author":{"gitId":"Hibeom0929"},"content":"                    throw new UnivusException(\"Already Marked!\");","lastModifiedDate":"2024-01-29"},{"lineNumber":47,"author":{"gitId":"Hibeom0929"},"content":"                } else {","lastModifiedDate":"2024-01-29"},{"lineNumber":48,"author":{"gitId":"Hibeom0929"},"content":"                    task.mark();","lastModifiedDate":"2024-01-26"},{"lineNumber":49,"author":{"gitId":"Hibeom0929"},"content":"                    System.out.println(\"____________________________________________________________\");","lastModifiedDate":"2024-01-26"},{"lineNumber":50,"author":{"gitId":"Hibeom0929"},"content":"                    System.out.println(\"Nice! I\u0027ve marked this task as done:\");","lastModifiedDate":"2024-01-26"},{"lineNumber":51,"author":{"gitId":"Hibeom0929"},"content":"                    System.out.println(\"\\t\" + task.toString());","lastModifiedDate":"2024-01-27"},{"lineNumber":52,"author":{"gitId":"Hibeom0929"},"content":"                    System.out.println(\"____________________________________________________________\");","lastModifiedDate":"2024-01-26"},{"lineNumber":53,"author":{"gitId":"Hibeom0929"},"content":"                }","lastModifiedDate":"2024-01-29"},{"lineNumber":54,"author":{"gitId":"Hibeom0929"},"content":"            } catch (UnivusException error) {","lastModifiedDate":"2024-01-29"},{"lineNumber":55,"author":{"gitId":"Hibeom0929"},"content":"                System.out.println(\"____________________________________________________________\");","lastModifiedDate":"2024-01-29"},{"lineNumber":56,"author":{"gitId":"Hibeom0929"},"content":"                System.out.println(error.getMessage());","lastModifiedDate":"2024-01-29"},{"lineNumber":57,"author":{"gitId":"Hibeom0929"},"content":"                System.out.println(\"____________________________________________________________\");","lastModifiedDate":"2024-01-29"},{"lineNumber":58,"author":{"gitId":"Hibeom0929"},"content":"            }","lastModifiedDate":"2024-01-29"},{"lineNumber":59,"author":{"gitId":"Hibeom0929"},"content":"        } else if (message.matches(\"unmark\\\\s\\\\d+\")) {","lastModifiedDate":"2024-01-26"},{"lineNumber":60,"author":{"gitId":"Hibeom0929"},"content":"            try {","lastModifiedDate":"2024-01-29"},{"lineNumber":61,"author":{"gitId":"Hibeom0929"},"content":"                int index \u003d Integer.parseInt(message.split(\" \")[1]);","lastModifiedDate":"2024-01-26"},{"lineNumber":62,"author":{"gitId":"Hibeom0929"},"content":"                if (index \u003e store.size() || index \u003c 1) {","lastModifiedDate":"2024-01-29"},{"lineNumber":63,"author":{"gitId":"Hibeom0929"},"content":"                    throw new UnivusException(\"OOPS!!! Wrong Index!\");","lastModifiedDate":"2024-01-29"},{"lineNumber":64,"author":{"gitId":"Hibeom0929"},"content":"                }","lastModifiedDate":"2024-01-29"},{"lineNumber":65,"author":{"gitId":"Hibeom0929"},"content":"                Task task \u003d store.get(index - 1);","lastModifiedDate":"2024-01-26"},{"lineNumber":66,"author":{"gitId":"Hibeom0929"},"content":"                if (!task.isDone()) {","lastModifiedDate":"2024-01-29"},{"lineNumber":67,"author":{"gitId":"Hibeom0929"},"content":"                    throw new UnivusException(\"Already Unmarked!\");","lastModifiedDate":"2024-01-29"},{"lineNumber":68,"author":{"gitId":"Hibeom0929"},"content":"                } else {","lastModifiedDate":"2024-01-29"},{"lineNumber":69,"author":{"gitId":"Hibeom0929"},"content":"                    task.unMark();","lastModifiedDate":"2024-01-26"},{"lineNumber":70,"author":{"gitId":"Hibeom0929"},"content":"                    System.out.println(\"____________________________________________________________\");","lastModifiedDate":"2024-01-26"},{"lineNumber":71,"author":{"gitId":"Hibeom0929"},"content":"                    System.out.println(\"OK, I\u0027ve marked this task as not done yet:\");","lastModifiedDate":"2024-01-26"},{"lineNumber":72,"author":{"gitId":"Hibeom0929"},"content":"                    System.out.println(\"\\t\" + task.toString());","lastModifiedDate":"2024-01-27"},{"lineNumber":73,"author":{"gitId":"Hibeom0929"},"content":"                    System.out.println(\"____________________________________________________________\");","lastModifiedDate":"2024-01-27"},{"lineNumber":74,"author":{"gitId":"Hibeom0929"},"content":"                }","lastModifiedDate":"2024-01-29"},{"lineNumber":75,"author":{"gitId":"Hibeom0929"},"content":"            } catch (UnivusException error) {","lastModifiedDate":"2024-01-29"},{"lineNumber":76,"author":{"gitId":"Hibeom0929"},"content":"                System.out.println(\"____________________________________________________________\");","lastModifiedDate":"2024-01-29"},{"lineNumber":77,"author":{"gitId":"Hibeom0929"},"content":"                System.out.println(error.getMessage());","lastModifiedDate":"2024-01-29"},{"lineNumber":78,"author":{"gitId":"Hibeom0929"},"content":"                System.out.println(\"____________________________________________________________\");","lastModifiedDate":"2024-01-29"},{"lineNumber":79,"author":{"gitId":"Hibeom0929"},"content":"            }","lastModifiedDate":"2024-01-29"},{"lineNumber":80,"author":{"gitId":"Hibeom0929"},"content":"        } else if (message.startsWith(\"todo\")) {","lastModifiedDate":"2024-01-29"},{"lineNumber":81,"author":{"gitId":"Hibeom0929"},"content":"            try {","lastModifiedDate":"2024-01-29"},{"lineNumber":82,"author":{"gitId":"Hibeom0929"},"content":"                if (message.equals(\"todo\")) {","lastModifiedDate":"2024-01-29"},{"lineNumber":83,"author":{"gitId":"Hibeom0929"},"content":"                    throw new UnivusException(\"OOPS!!! The description of a todo cannot be empty.\");","lastModifiedDate":"2024-01-29"},{"lineNumber":84,"author":{"gitId":"Hibeom0929"},"content":"                } else {","lastModifiedDate":"2024-01-29"},{"lineNumber":85,"author":{"gitId":"Hibeom0929"},"content":"                    ToDos todo \u003d new ToDos(message);","lastModifiedDate":"2024-01-27"},{"lineNumber":86,"author":{"gitId":"Hibeom0929"},"content":"                    store.add(todo);","lastModifiedDate":"2024-01-27"},{"lineNumber":87,"author":{"gitId":"Hibeom0929"},"content":"                    System.out.println(\"____________________________________________________________\");","lastModifiedDate":"2024-01-27"},{"lineNumber":88,"author":{"gitId":"Hibeom0929"},"content":"                    System.out.println(\"Got it. I\u0027ve added this task:\");","lastModifiedDate":"2024-01-27"},{"lineNumber":89,"author":{"gitId":"Hibeom0929"},"content":"                    System.out.println(\"\\t\" + todo.toString());","lastModifiedDate":"2024-01-27"},{"lineNumber":90,"author":{"gitId":"Hibeom0929"},"content":"                    System.out.println(\"Now you have \" + store.size() + \" tasks in the list.\");","lastModifiedDate":"2024-01-27"},{"lineNumber":91,"author":{"gitId":"Hibeom0929"},"content":"                    System.out.println(\"____________________________________________________________\");","lastModifiedDate":"2024-01-27"},{"lineNumber":92,"author":{"gitId":"Hibeom0929"},"content":"                }","lastModifiedDate":"2024-01-29"},{"lineNumber":93,"author":{"gitId":"Hibeom0929"},"content":"            } catch (UnivusException error) {","lastModifiedDate":"2024-01-29"},{"lineNumber":94,"author":{"gitId":"Hibeom0929"},"content":"                System.out.println(\"____________________________________________________________\");","lastModifiedDate":"2024-01-29"},{"lineNumber":95,"author":{"gitId":"Hibeom0929"},"content":"                System.out.println(error.getMessage());","lastModifiedDate":"2024-01-29"},{"lineNumber":96,"author":{"gitId":"Hibeom0929"},"content":"                System.out.println(\"____________________________________________________________\");","lastModifiedDate":"2024-01-29"},{"lineNumber":97,"author":{"gitId":"Hibeom0929"},"content":"            }","lastModifiedDate":"2024-01-29"},{"lineNumber":98,"author":{"gitId":"Hibeom0929"},"content":"        } else if (message.startsWith(\"deadline\")) {","lastModifiedDate":"2024-01-29"},{"lineNumber":99,"author":{"gitId":"Hibeom0929"},"content":"            try {","lastModifiedDate":"2024-01-29"},{"lineNumber":100,"author":{"gitId":"Hibeom0929"},"content":"                if (message.equals(\"deadline\")) {","lastModifiedDate":"2024-01-29"},{"lineNumber":101,"author":{"gitId":"Hibeom0929"},"content":"                    throw new UnivusException(\"OOPS!!! The description of a deadline cannot be empty.\");","lastModifiedDate":"2024-01-29"},{"lineNumber":102,"author":{"gitId":"Hibeom0929"},"content":"                } else {","lastModifiedDate":"2024-01-29"},{"lineNumber":103,"author":{"gitId":"Hibeom0929"},"content":"                    String dueDate \u003d message.split(\"/\")[1];","lastModifiedDate":"2024-01-27"},{"lineNumber":104,"author":{"gitId":"Hibeom0929"},"content":"                    String description \u003d message.split(\"/\")[0];","lastModifiedDate":"2024-01-27"},{"lineNumber":105,"author":{"gitId":"Hibeom0929"},"content":"                    Deadlines deadline \u003d new Deadlines(description, dueDate);","lastModifiedDate":"2024-01-27"},{"lineNumber":106,"author":{"gitId":"Hibeom0929"},"content":"                    store.add(deadline);","lastModifiedDate":"2024-01-27"},{"lineNumber":107,"author":{"gitId":"Hibeom0929"},"content":"                    System.out.println(\"____________________________________________________________\");","lastModifiedDate":"2024-01-27"},{"lineNumber":108,"author":{"gitId":"Hibeom0929"},"content":"                    System.out.println(\"Got it. I\u0027ve added this task:\");","lastModifiedDate":"2024-01-27"},{"lineNumber":109,"author":{"gitId":"Hibeom0929"},"content":"                    System.out.println(\"\\t\" + deadline.toString());","lastModifiedDate":"2024-01-27"},{"lineNumber":110,"author":{"gitId":"Hibeom0929"},"content":"                    System.out.println(\"Now you have \" + store.size() + \" tasks in the list.\");","lastModifiedDate":"2024-01-27"},{"lineNumber":111,"author":{"gitId":"Hibeom0929"},"content":"                    System.out.println(\"____________________________________________________________\");","lastModifiedDate":"2024-01-27"},{"lineNumber":112,"author":{"gitId":"Hibeom0929"},"content":"                }","lastModifiedDate":"2024-01-29"},{"lineNumber":113,"author":{"gitId":"Hibeom0929"},"content":"            } catch (UnivusException error) {","lastModifiedDate":"2024-01-29"},{"lineNumber":114,"author":{"gitId":"Hibeom0929"},"content":"                System.out.println(\"____________________________________________________________\");","lastModifiedDate":"2024-01-29"},{"lineNumber":115,"author":{"gitId":"Hibeom0929"},"content":"                System.out.println(error.getMessage());","lastModifiedDate":"2024-01-29"},{"lineNumber":116,"author":{"gitId":"Hibeom0929"},"content":"                System.out.println(\"____________________________________________________________\");","lastModifiedDate":"2024-01-29"},{"lineNumber":117,"author":{"gitId":"Hibeom0929"},"content":"            }","lastModifiedDate":"2024-01-29"},{"lineNumber":118,"author":{"gitId":"Hibeom0929"},"content":"        } else if (message.startsWith(\"event\")) {","lastModifiedDate":"2024-01-29"},{"lineNumber":119,"author":{"gitId":"Hibeom0929"},"content":"            try {","lastModifiedDate":"2024-01-29"},{"lineNumber":120,"author":{"gitId":"Hibeom0929"},"content":"                if (message.equals(\"event\")) {","lastModifiedDate":"2024-01-29"},{"lineNumber":121,"author":{"gitId":"Hibeom0929"},"content":"                    throw new UnivusException(\"OOPS!!! The description of a deadline cannot be empty.\");","lastModifiedDate":"2024-01-29"},{"lineNumber":122,"author":{"gitId":"Hibeom0929"},"content":"                } else {","lastModifiedDate":"2024-01-29"},{"lineNumber":123,"author":{"gitId":"Hibeom0929"},"content":"                    String description \u003d message.split(\"/\")[0];","lastModifiedDate":"2024-01-27"},{"lineNumber":124,"author":{"gitId":"Hibeom0929"},"content":"                    String start \u003d message.split(\"/\")[1];","lastModifiedDate":"2024-01-27"},{"lineNumber":125,"author":{"gitId":"Hibeom0929"},"content":"                    String end \u003d message.split(\"/\")[2];","lastModifiedDate":"2024-01-27"},{"lineNumber":126,"author":{"gitId":"Hibeom0929"},"content":"                    Events event \u003d new Events(description, start, end);","lastModifiedDate":"2024-01-27"},{"lineNumber":127,"author":{"gitId":"Hibeom0929"},"content":"                    store.add(event);","lastModifiedDate":"2024-01-27"},{"lineNumber":128,"author":{"gitId":"Hibeom0929"},"content":"                    System.out.println(\"____________________________________________________________\");","lastModifiedDate":"2024-01-27"},{"lineNumber":129,"author":{"gitId":"Hibeom0929"},"content":"                    System.out.println(\"Got it. I\u0027ve added this task:\");","lastModifiedDate":"2024-01-27"},{"lineNumber":130,"author":{"gitId":"Hibeom0929"},"content":"                    System.out.println(\"\\t\" + event.toString());","lastModifiedDate":"2024-01-27"},{"lineNumber":131,"author":{"gitId":"Hibeom0929"},"content":"                    System.out.println(\"Now you have \" + store.size() + \" tasks in the list.\");","lastModifiedDate":"2024-01-27"},{"lineNumber":132,"author":{"gitId":"Hibeom0929"},"content":"                    System.out.println(\"____________________________________________________________\");","lastModifiedDate":"2024-01-26"},{"lineNumber":133,"author":{"gitId":"Hibeom0929"},"content":"                }","lastModifiedDate":"2024-01-29"},{"lineNumber":134,"author":{"gitId":"Hibeom0929"},"content":"            } catch (UnivusException error) {","lastModifiedDate":"2024-01-29"},{"lineNumber":135,"author":{"gitId":"Hibeom0929"},"content":"                System.out.println(\"____________________________________________________________\");","lastModifiedDate":"2024-01-29"},{"lineNumber":136,"author":{"gitId":"Hibeom0929"},"content":"                System.out.println(error.getMessage());","lastModifiedDate":"2024-01-29"},{"lineNumber":137,"author":{"gitId":"Hibeom0929"},"content":"                System.out.println(\"____________________________________________________________\");","lastModifiedDate":"2024-01-29"},{"lineNumber":138,"author":{"gitId":"Hibeom0929"},"content":"            }","lastModifiedDate":"2024-01-29"},{"lineNumber":139,"author":{"gitId":"Hibeom0929"},"content":"        } else if (message.matches(\"delete\\\\s\\\\d+\")) {","lastModifiedDate":"2024-01-29"},{"lineNumber":140,"author":{"gitId":"Hibeom0929"},"content":"            try {","lastModifiedDate":"2024-01-29"},{"lineNumber":141,"author":{"gitId":"Hibeom0929"},"content":"                int index \u003d Integer.parseInt(message.split(\" \")[1]);","lastModifiedDate":"2024-01-29"},{"lineNumber":142,"author":{"gitId":"Hibeom0929"},"content":"                if (index \u003e store.size() || index \u003c 1) {","lastModifiedDate":"2024-01-29"},{"lineNumber":143,"author":{"gitId":"Hibeom0929"},"content":"                    throw new UnivusException(\"OOPS!!! Wrong Index!\");","lastModifiedDate":"2024-01-29"},{"lineNumber":144,"author":{"gitId":"Hibeom0929"},"content":"                } else {","lastModifiedDate":"2024-01-29"},{"lineNumber":145,"author":{"gitId":"Hibeom0929"},"content":"                    Task task \u003d store.remove(index - 1);","lastModifiedDate":"2024-01-29"},{"lineNumber":146,"author":{"gitId":"Hibeom0929"},"content":"                    System.out.println(\"____________________________________________________________\");","lastModifiedDate":"2024-01-29"},{"lineNumber":147,"author":{"gitId":"Hibeom0929"},"content":"                    System.out.println(\" Noted. I\u0027ve removed this task:\");","lastModifiedDate":"2024-01-29"},{"lineNumber":148,"author":{"gitId":"Hibeom0929"},"content":"                    System.out.println(\"\\t\" + task.toString());","lastModifiedDate":"2024-01-29"},{"lineNumber":149,"author":{"gitId":"Hibeom0929"},"content":"                    System.out.println(\"Now you have \" + store.size() + \" tasks in the list.\");","lastModifiedDate":"2024-01-29"},{"lineNumber":150,"author":{"gitId":"Hibeom0929"},"content":"                    System.out.println(\"____________________________________________________________\");","lastModifiedDate":"2024-01-29"},{"lineNumber":151,"author":{"gitId":"Hibeom0929"},"content":"                }","lastModifiedDate":"2024-01-29"},{"lineNumber":152,"author":{"gitId":"Hibeom0929"},"content":"            } catch (UnivusException error) {","lastModifiedDate":"2024-01-29"},{"lineNumber":153,"author":{"gitId":"Hibeom0929"},"content":"                System.out.println(\"____________________________________________________________\");","lastModifiedDate":"2024-01-29"},{"lineNumber":154,"author":{"gitId":"Hibeom0929"},"content":"                System.out.println(error.getMessage());","lastModifiedDate":"2024-01-29"},{"lineNumber":155,"author":{"gitId":"Hibeom0929"},"content":"                System.out.println(\"____________________________________________________________\");","lastModifiedDate":"2024-01-29"},{"lineNumber":156,"author":{"gitId":"Hibeom0929"},"content":"            }","lastModifiedDate":"2024-01-29"},{"lineNumber":157,"author":{"gitId":"Hibeom0929"},"content":"        } else {","lastModifiedDate":"2024-01-26"},{"lineNumber":158,"author":{"gitId":"Hibeom0929"},"content":"            try {","lastModifiedDate":"2024-01-29"},{"lineNumber":159,"author":{"gitId":"Hibeom0929"},"content":"                throw new UnivusException(\"OOPS!!! I\u0027m sorry, but I don\u0027t know what that means...\");","lastModifiedDate":"2024-01-29"},{"lineNumber":160,"author":{"gitId":"Hibeom0929"},"content":"            } catch (UnivusException error) {","lastModifiedDate":"2024-01-29"},{"lineNumber":161,"author":{"gitId":"Hibeom0929"},"content":"                System.out.println(\"____________________________________________________________\");","lastModifiedDate":"2024-01-26"},{"lineNumber":162,"author":{"gitId":"Hibeom0929"},"content":"                System.out.println(error.getMessage());","lastModifiedDate":"2024-01-29"},{"lineNumber":163,"author":{"gitId":"Hibeom0929"},"content":"                System.out.println(\"____________________________________________________________\");","lastModifiedDate":"2024-01-26"},{"lineNumber":164,"author":{"gitId":"Hibeom0929"},"content":"            }","lastModifiedDate":"2024-01-26"},{"lineNumber":165,"author":{"gitId":"Hibeom0929"},"content":"        }","lastModifiedDate":"2024-01-26"},{"lineNumber":166,"author":{"gitId":"Hibeom0929"},"content":"    }","lastModifiedDate":"2024-01-29"},{"lineNumber":167,"author":{"gitId":"Hibeom0929"},"content":"    public void saveToFile(String filename, List\u003cTask\u003e store) {","lastModifiedDate":"2024-02-06"},{"lineNumber":168,"author":{"gitId":"Hibeom0929"},"content":"        try (PrintWriter writer \u003d new PrintWriter(filename)) {","lastModifiedDate":"2024-02-06"},{"lineNumber":169,"author":{"gitId":"Hibeom0929"},"content":"            for (Task task : store) {","lastModifiedDate":"2024-02-06"},{"lineNumber":170,"author":{"gitId":"Hibeom0929"},"content":"                writer.println(task.toString());","lastModifiedDate":"2024-02-06"},{"lineNumber":171,"author":{"gitId":"Hibeom0929"},"content":"            }","lastModifiedDate":"2024-02-06"},{"lineNumber":172,"author":{"gitId":"Hibeom0929"},"content":"        } catch (FileNotFoundException e) {","lastModifiedDate":"2024-02-06"},{"lineNumber":173,"author":{"gitId":"Hibeom0929"},"content":"            e.printStackTrace();","lastModifiedDate":"2024-02-06"},{"lineNumber":174,"author":{"gitId":"Hibeom0929"},"content":"        }","lastModifiedDate":"2024-02-06"},{"lineNumber":175,"author":{"gitId":"Hibeom0929"},"content":"    }","lastModifiedDate":"2024-02-06"},{"lineNumber":176,"author":{"gitId":"Hibeom0929"},"content":"","lastModifiedDate":"2024-02-06"},{"lineNumber":177,"author":{"gitId":"Hibeom0929"},"content":"    public List\u003cTask\u003e loadFromFile(String filename) {","lastModifiedDate":"2024-02-06"},{"lineNumber":178,"author":{"gitId":"Hibeom0929"},"content":"        List\u003cTask\u003e store \u003d new ArrayList\u003c\u003e();","lastModifiedDate":"2024-02-06"},{"lineNumber":179,"author":{"gitId":"Hibeom0929"},"content":"        try (BufferedReader reader \u003d new BufferedReader(new FileReader(filename))) {","lastModifiedDate":"2024-02-06"},{"lineNumber":180,"author":{"gitId":"Hibeom0929"},"content":"            String message;","lastModifiedDate":"2024-02-06"},{"lineNumber":181,"author":{"gitId":"Hibeom0929"},"content":"            while ((message \u003d reader.readLine()) !\u003d null) {","lastModifiedDate":"2024-02-06"},{"lineNumber":182,"author":{"gitId":"Hibeom0929"},"content":"                if (message.startsWith(\"[T]\")) {","lastModifiedDate":"2024-02-06"},{"lineNumber":183,"author":{"gitId":"Hibeom0929"},"content":"                    int index \u003d message.lastIndexOf(\"]\");","lastModifiedDate":"2024-02-06"},{"lineNumber":184,"author":{"gitId":"Hibeom0929"},"content":"                    String description \u003d \"todo\" + message.substring(index + 1);","lastModifiedDate":"2024-02-06"},{"lineNumber":185,"author":{"gitId":"Hibeom0929"},"content":"                    ToDos todo \u003d new ToDos(description);","lastModifiedDate":"2024-02-06"},{"lineNumber":186,"author":{"gitId":"Hibeom0929"},"content":"                    store.add(todo);","lastModifiedDate":"2024-02-06"},{"lineNumber":187,"author":{"gitId":"Hibeom0929"},"content":"                } else if (message.startsWith(\"[D]\")) {","lastModifiedDate":"2024-02-06"},{"lineNumber":188,"author":{"gitId":"Hibeom0929"},"content":"                    int startIndex \u003d message.lastIndexOf(\"]\");","lastModifiedDate":"2024-02-06"},{"lineNumber":189,"author":{"gitId":"Hibeom0929"},"content":"                    int endIndex \u003d message.lastIndexOf(\"(\");","lastModifiedDate":"2024-02-06"},{"lineNumber":190,"author":{"gitId":"Hibeom0929"},"content":"                    int timeIndex \u003d message.lastIndexOf(\":\");","lastModifiedDate":"2024-02-06"},{"lineNumber":191,"author":{"gitId":"Hibeom0929"},"content":"                    String dueDate \u003d \"by\" + message.substring(timeIndex + 1, message.length() - 1);","lastModifiedDate":"2024-02-06"},{"lineNumber":192,"author":{"gitId":"Hibeom0929"},"content":"                    String description \u003d message.substring(startIndex + 2, endIndex);","lastModifiedDate":"2024-02-06"},{"lineNumber":193,"author":{"gitId":"Hibeom0929"},"content":"                    Deadlines deadline \u003d new Deadlines(description, dueDate);","lastModifiedDate":"2024-02-06"},{"lineNumber":194,"author":{"gitId":"Hibeom0929"},"content":"                    store.add(deadline);","lastModifiedDate":"2024-02-06"},{"lineNumber":195,"author":{"gitId":"Hibeom0929"},"content":"                } else if (message.startsWith(\"[E]\")) {","lastModifiedDate":"2024-02-06"},{"lineNumber":196,"author":{"gitId":"Hibeom0929"},"content":"                    int startIndex \u003d message.lastIndexOf(\"]\");","lastModifiedDate":"2024-02-06"},{"lineNumber":197,"author":{"gitId":"Hibeom0929"},"content":"                    int endIndex \u003d message.lastIndexOf(\"(\");","lastModifiedDate":"2024-02-06"},{"lineNumber":198,"author":{"gitId":"Hibeom0929"},"content":"                    int startIdx \u003d message.indexOf(\":\");","lastModifiedDate":"2024-02-06"},{"lineNumber":199,"author":{"gitId":"Hibeom0929"},"content":"                    int endIdx \u003d message.lastIndexOf(\":\");","lastModifiedDate":"2024-02-06"},{"lineNumber":200,"author":{"gitId":"Hibeom0929"},"content":"                    String description \u003d message.substring(startIndex + 2, endIndex);","lastModifiedDate":"2024-02-06"},{"lineNumber":201,"author":{"gitId":"Hibeom0929"},"content":"                    String start \u003d \"from\" + message.substring(startIdx + 1, endIdx - 2);","lastModifiedDate":"2024-02-06"},{"lineNumber":202,"author":{"gitId":"Hibeom0929"},"content":"                    String end \u003d \"to\" + message.substring(endIdx + 1, message.length() - 1);","lastModifiedDate":"2024-02-06"},{"lineNumber":203,"author":{"gitId":"Hibeom0929"},"content":"                    Events event \u003d new Events(description, start, end);","lastModifiedDate":"2024-02-06"},{"lineNumber":204,"author":{"gitId":"Hibeom0929"},"content":"                    store.add(event);","lastModifiedDate":"2024-02-06"},{"lineNumber":205,"author":{"gitId":"Hibeom0929"},"content":"                }","lastModifiedDate":"2024-02-06"},{"lineNumber":206,"author":{"gitId":"Hibeom0929"},"content":"            }","lastModifiedDate":"2024-02-06"},{"lineNumber":207,"author":{"gitId":"Hibeom0929"},"content":"        } catch (FileNotFoundException e) {","lastModifiedDate":"2024-02-06"},{"lineNumber":208,"author":{"gitId":"Hibeom0929"},"content":"            System.err.println(\"File not found. Creating an empty list.\");","lastModifiedDate":"2024-02-06"},{"lineNumber":209,"author":{"gitId":"Hibeom0929"},"content":"            return new ArrayList\u003c\u003e();","lastModifiedDate":"2024-02-06"},{"lineNumber":210,"author":{"gitId":"Hibeom0929"},"content":"        } catch (IOException e) {","lastModifiedDate":"2024-02-06"},{"lineNumber":211,"author":{"gitId":"Hibeom0929"},"content":"            e.printStackTrace();","lastModifiedDate":"2024-02-06"},{"lineNumber":212,"author":{"gitId":"Hibeom0929"},"content":"        }","lastModifiedDate":"2024-02-06"},{"lineNumber":213,"author":{"gitId":"Hibeom0929"},"content":"        return store;","lastModifiedDate":"2024-02-06"},{"lineNumber":214,"author":{"gitId":"Hibeom0929"},"content":"    }","lastModifiedDate":"2024-02-06"},{"lineNumber":215,"author":{"gitId":"Hibeom0929"},"content":"","lastModifiedDate":"2024-01-29"},{"lineNumber":216,"author":{"gitId":"Hibeom0929"},"content":"    public static void main(String[] args) throws UnivusException {","lastModifiedDate":"2024-01-29"},{"lineNumber":217,"author":{"gitId":"Hibeom0929"},"content":"        Univus univus \u003d new Univus();","lastModifiedDate":"2024-01-26"},{"lineNumber":218,"author":{"gitId":"Hibeom0929"},"content":"        univus.greet();","lastModifiedDate":"2024-01-26"},{"lineNumber":219,"author":{"gitId":"Hibeom0929"},"content":"        store \u003d univus.loadFromFile(\"./data/Univus.txt\");","lastModifiedDate":"2024-02-06"},{"lineNumber":220,"author":{"gitId":"Hibeom0929"},"content":"        while (true) {","lastModifiedDate":"2024-01-26"},{"lineNumber":221,"author":{"gitId":"Hibeom0929"},"content":"            String message \u003d scanner.nextLine();","lastModifiedDate":"2024-01-26"},{"lineNumber":222,"author":{"gitId":"Hibeom0929"},"content":"            univus.echo(message);","lastModifiedDate":"2024-01-26"},{"lineNumber":223,"author":{"gitId":"Hibeom0929"},"content":"            if (message.equals(\"bye\")) {","lastModifiedDate":"2024-01-26"},{"lineNumber":224,"author":{"gitId":"Hibeom0929"},"content":"                break;","lastModifiedDate":"2024-01-26"},{"lineNumber":225,"author":{"gitId":"Hibeom0929"},"content":"            }","lastModifiedDate":"2024-01-26"},{"lineNumber":226,"author":{"gitId":"Hibeom0929"},"content":"        }","lastModifiedDate":"2024-01-26"},{"lineNumber":227,"author":{"gitId":"Hibeom0929"},"content":"        univus.saveToFile(\"./data/Univus.txt\", store);","lastModifiedDate":"2024-02-06"},{"lineNumber":228,"author":{"gitId":"Hibeom0929"},"content":"    }","lastModifiedDate":"2024-01-26"},{"lineNumber":229,"author":{"gitId":"Hibeom0929"},"content":"}","lastModifiedDate":"2024-01-26"}],"authorContributionMap":{"Hibeom0929":229}},{"path":"src/main/java/UnivusException.java","fileType":"java","lines":[{"lineNumber":1,"author":{"gitId":"Hibeom0929"},"content":"public class UnivusException extends Throwable{","lastModifiedDate":"2024-01-29"},{"lineNumber":2,"author":{"gitId":"Hibeom0929"},"content":"    public UnivusException(String Message) {","lastModifiedDate":"2024-01-29"},{"lineNumber":3,"author":{"gitId":"Hibeom0929"},"content":"        super(Message);","lastModifiedDate":"2024-01-29"},{"lineNumber":4,"author":{"gitId":"Hibeom0929"},"content":"    }","lastModifiedDate":"2024-01-29"},{"lineNumber":5,"author":{"gitId":"Hibeom0929"},"content":"}","lastModifiedDate":"2024-01-29"}],"authorContributionMap":{"Hibeom0929":5}},{"path":"text-ui-test/input.txt","fileType":"txt","lines":[{"lineNumber":1,"author":{"gitId":"Hibeom0929"},"content":"todo borrow book","lastModifiedDate":"2024-01-27"},{"lineNumber":2,"author":{"gitId":"Hibeom0929"},"content":"todo read book","lastModifiedDate":"2024-01-27"},{"lineNumber":3,"author":{"gitId":"Hibeom0929"},"content":"deadline return book /by Sunday","lastModifiedDate":"2024-01-27"},{"lineNumber":4,"author":{"gitId":"Hibeom0929"},"content":"event project meeting /from Mon 2pm /to 4pm","lastModifiedDate":"2024-01-27"},{"lineNumber":5,"author":{"gitId":"Hibeom0929"},"content":"list","lastModifiedDate":"2024-01-27"},{"lineNumber":6,"author":{"gitId":"Hibeom0929"},"content":"mark 2","lastModifiedDate":"2024-01-27"},{"lineNumber":7,"author":{"gitId":"Hibeom0929"},"content":"list","lastModifiedDate":"2024-01-27"},{"lineNumber":8,"author":{"gitId":"Hibeom0929"},"content":"bye","lastModifiedDate":"2024-01-27"}],"authorContributionMap":{"Hibeom0929":8}},{"path":"text-ui-test/runtest.bat","fileType":"bat","lines":[{"lineNumber":1,"author":{"gitId":"-"},"content":"@ECHO OFF","lastModifiedDate":"2020-05-25"},{"lineNumber":2,"author":{"gitId":"-"},"content":"","lastModifiedDate":"2020-05-25"},{"lineNumber":3,"author":{"gitId":"-"},"content":"REM create bin directory if it doesn\u0027t exist","lastModifiedDate":"2020-05-25"},{"lineNumber":4,"author":{"gitId":"-"},"content":"if not exist ..\\bin mkdir ..\\bin","lastModifiedDate":"2020-05-25"},{"lineNumber":5,"author":{"gitId":"-"},"content":"","lastModifiedDate":"2020-05-25"},{"lineNumber":6,"author":{"gitId":"-"},"content":"REM delete output from previous run","lastModifiedDate":"2020-05-25"},{"lineNumber":7,"author":{"gitId":"-"},"content":"if exist ACTUAL.TXT del ACTUAL.TXT","lastModifiedDate":"2020-08-25"},{"lineNumber":8,"author":{"gitId":"-"},"content":"","lastModifiedDate":"2020-05-25"},{"lineNumber":9,"author":{"gitId":"-"},"content":"REM compile the code into the bin folder","lastModifiedDate":"2020-05-25"},{"lineNumber":10,"author":{"gitId":"-"},"content":"javac  -cp ..\\src\\main\\java -Xlint:none -d ..\\bin ..\\src\\main\\java\\*.java","lastModifiedDate":"2020-08-25"},{"lineNumber":11,"author":{"gitId":"-"},"content":"IF ERRORLEVEL 1 (","lastModifiedDate":"2020-05-25"},{"lineNumber":12,"author":{"gitId":"-"},"content":"    echo ********** BUILD FAILURE **********","lastModifiedDate":"2020-05-25"},{"lineNumber":13,"author":{"gitId":"-"},"content":"    exit /b 1","lastModifiedDate":"2020-05-25"},{"lineNumber":14,"author":{"gitId":"-"},"content":")","lastModifiedDate":"2020-05-25"},{"lineNumber":15,"author":{"gitId":"-"},"content":"REM no error here, errorlevel \u003d\u003d 0","lastModifiedDate":"2020-05-25"},{"lineNumber":16,"author":{"gitId":"-"},"content":"","lastModifiedDate":"2020-05-25"},{"lineNumber":17,"author":{"gitId":"-"},"content":"REM run the program, feed commands from input.txt file and redirect the output to the ACTUAL.TXT","lastModifiedDate":"2020-05-25"},{"lineNumber":18,"author":{"gitId":"Hibeom0929"},"content":"java -classpath ..\\bin Univus \u003c input.txt \u003e ACTUAL.TXT","lastModifiedDate":"2024-01-27"},{"lineNumber":19,"author":{"gitId":"-"},"content":"","lastModifiedDate":"2020-05-25"},{"lineNumber":20,"author":{"gitId":"-"},"content":"REM compare the output to the expected output","lastModifiedDate":"2020-05-25"},{"lineNumber":21,"author":{"gitId":"-"},"content":"FC ACTUAL.TXT EXPECTED.TXT","lastModifiedDate":"2020-05-25"}],"authorContributionMap":{"Hibeom0929":1,"-":20}}]
