{"authorDailyContributionsMap":{"kaitinghh":[{"date":"2024-01-25","commitResults":[{"hash":"5fdea35fff91972a377bc47631ae843a91503e64","isMergeCommit":false,"messageTitle":"Level 0. Rename, Greet, Exit","messageBody":"","tags":["Level-0"],"fileTypesAndContributionMap":{"java":{"insertions":6,"deletions":10}}},{"hash":"62533b4c2e78aab14dd33e701b631c08a5e25ee6","isMergeCommit":false,"messageTitle":"Level 1. Echo","messageBody":"","tags":["Level-1"],"fileTypesAndContributionMap":{"java":{"insertions":20,"deletions":0}}},{"hash":"ee76e17f84685b88e56677ecb72f6c7f32f988a2","isMergeCommit":false,"messageTitle":"Level 2. Add, List","messageBody":"","tags":["Level-2"],"fileTypesAndContributionMap":{"java":{"insertions":14,"deletions":1}}},{"hash":"c01d288647f472c20575f966e29b15a47fbab3b0","isMergeCommit":false,"messageTitle":"Level 3. Mark as done","messageBody":"","tags":["Level-3"],"fileTypesAndContributionMap":{"java":{"insertions":55,"deletions":6}}},{"hash":"36f7ed7dc2571318d211fc55c0d34e3527c9db47","isMergeCommit":false,"messageTitle":"Level 4. ToDos, Events, Deadline","messageBody":"","tags":["Level-4"],"fileTypesAndContributionMap":{"java":{"insertions":69,"deletions":22}}},{"hash":"5faf6d4f3708ab8a436c60d6cbe8ab323123d884","isMergeCommit":false,"messageTitle":"A-TextUiTesting","messageBody":"","tags":["A-TextUiTesting"],"fileTypesAndContributionMap":{"txt":{"insertions":5,"deletions":0},"sh":{"insertions":1,"deletions":1}}}]},{"date":"2024-01-26","commitResults":[{"hash":"1caae41f3a708654c0400f84920d315df3960936","isMergeCommit":false,"messageTitle":"Level-5. Handle Errors","messageBody":"","tags":["Level-5"],"fileTypesAndContributionMap":{"txt":{"insertions":7,"deletions":0},"java":{"insertions":52,"deletions":10}}}]},{"date":"2024-01-27","commitResults":[{"hash":"ffd073f48b8ab95f6a6156360a2e48403cf4164d","isMergeCommit":false,"messageTitle":"Level 6. Delete","messageBody":"","tags":["Level-6"],"fileTypesAndContributionMap":{"txt":{"insertions":4,"deletions":0},"java":{"insertions":2,"deletions":0}}}]},{"date":"2024-02-05","commitResults":[{"hash":"b25ebe79d106bcfa28f1dd10215deeb55763051f","isMergeCommit":false,"messageTitle":"Implement data storage","messageBody":"","tags":["Level-7"],"fileTypesAndContributionMap":{"txt":{"insertions":3,"deletions":0},"java":{"insertions":225,"deletions":16}}},{"hash":"af37f6f675403efbf51e785e14f5dc112ab89f0d","isMergeCommit":true,"messageTitle":"Merge branch \u0027branch-Level-7\u0027","messageBody":"","fileTypesAndContributionMap":{}}]},{"date":"2024-02-06","commitResults":[{"hash":"2f8fddb3e31ce32d2719468348bd5ecfa636d78f","isMergeCommit":false,"messageTitle":"Convert datetime String to LocalDateTime","messageBody":"","tags":["Level-8"],"fileTypesAndContributionMap":{"txt":{"insertions":1,"deletions":0},"java":{"insertions":29,"deletions":7}}},{"hash":"2d82d9d32f89f1b19a1848f9808f225c842888ea","isMergeCommit":true,"messageTitle":"Merge branch \u0027branch-Level-8\u0027","messageBody":"","fileTypesAndContributionMap":{}},{"hash":"209a36edbcf354633f92ae67b42846a4ef13c648","isMergeCommit":false,"messageTitle":"Rename dataStore class to Storage","messageBody":"","fileTypesAndContributionMap":{"java":{"insertions":22,"deletions":23}}},{"hash":"62dd2cc1f64a2246d90b9659c4872aa06e3ac8c4","isMergeCommit":false,"messageTitle":"Implement Parser, TaskList and Ui classes","messageBody":"","fileTypesAndContributionMap":{"txt":{"insertions":2,"deletions":4},"java":{"insertions":263,"deletions":105}}},{"hash":"a1d64e5f1aefbb85488faefcc12f44c7963aff57","isMergeCommit":true,"messageTitle":"Merge branch \u0027branch-A-MoreOOP\u0027","messageBody":"","tags":["A-MoreOOP"],"fileTypesAndContributionMap":{}},{"hash":"fc6039c1472655243d46fb27fc17d3e90d960c00","isMergeCommit":false,"messageTitle":"Add exception and task packages","messageBody":"","tags":["A-Packages"],"fileTypesAndContributionMap":{"txt":{"insertions":1,"deletions":0},"java":{"insertions":40,"deletions":7}}},{"hash":"044885a06721cf84e06bc1d3f9b0a29f91f8aa06","isMergeCommit":true,"messageTitle":"Merge branch \u0027branch-A-Packages\u0027","messageBody":"","fileTypesAndContributionMap":{}},{"hash":"a4d46b88e98f87a2204ca47afea059e610becf34","isMergeCommit":true,"messageTitle":"Merge remote-tracking branch \u0027upstream/add-gradle-support\u0027 into branch-A-Gradle","messageBody":"","fileTypesAndContributionMap":{}},{"hash":"4fdbad6438a89e923891095f4055bd413dd29faa","isMergeCommit":true,"messageTitle":"Merge branch \u0027branch-A-Gradle\u0027","messageBody":"","tags":["A-Gradle"],"fileTypesAndContributionMap":{}}]},{"date":"2024-02-08","commitResults":[{"hash":"b3589dd544517802339bd423fcc603fc1ee35ab0","isMergeCommit":false,"messageTitle":"Add JUnit tests for Parser and Task classes","messageBody":"","fileTypesAndContributionMap":{"txt":{"insertions":1,"deletions":2},"java":{"insertions":113,"deletions":55}}},{"hash":"1350200c3b93643bb66b08c1d98c75e97bbe89a8","isMergeCommit":true,"messageTitle":"Merge branch \u0027branch-A-JUnit\u0027","messageBody":"","tags":["A-JUnit"],"fileTypesAndContributionMap":{}}]},{"date":"2024-02-23","commitResults":[{"hash":"c81dd9d07da1b25e60c43e56a9e5f36eadad7b34","isMergeCommit":false,"messageTitle":"Add JavaDoc for Parser, BotChat, Storage and TaskList classes","messageBody":"","tags":["A-JavaDoc"],"fileTypesAndContributionMap":{"java":{"insertions":127,"deletions":1}}},{"hash":"877eb2824f347e0fab6b389930098a3c2c368a04","isMergeCommit":true,"messageTitle":"Merge branch \u0027branch-A-JavaDoc\u0027","messageBody":"","tags":["A-Jar"],"fileTypesAndContributionMap":{}}]},{"date":"2024-02-24","commitResults":[{"hash":"c3c19339c719815b8ff9f719a2eb22dc2ef50fce","isMergeCommit":false,"messageTitle":"Rename boolean variables to follow coding standards","messageBody":"","fileTypesAndContributionMap":{"java":{"insertions":8,"deletions":8}}},{"hash":"53f2fa7e418a06a0029cf98c0653e76682d82a5a","isMergeCommit":false,"messageTitle":"Break line to follow coding standards","messageBody":"","fileTypesAndContributionMap":{"java":{"insertions":4,"deletions":4}}}]},{"date":"2024-02-25","commitResults":[{"hash":"31dbf6adcfab99591baeee70166b6c73cef80295","isMergeCommit":false,"messageTitle":"Add find task by keyword functionality","messageBody":"","tags":["Level-9"],"fileTypesAndContributionMap":{"txt":{"insertions":1,"deletions":0},"java":{"insertions":49,"deletions":17}}},{"hash":"febef5da0630e20bdfcbe051fce33f96253fcb62","isMergeCommit":true,"messageTitle":"Merge branch \u0027branch-A-CodingStandard\u0027","messageBody":"","tags":["A-CodingStandard"],"fileTypesAndContributionMap":{}},{"hash":"f7fa944ce2878295c25032b5c4efb041c3606122","isMergeCommit":true,"messageTitle":"Merge branch-Level-9 into master","messageBody":"","tags":["A-CheckStyle"],"fileTypesAndContributionMap":{}}]},{"date":"2024-02-26","commitResults":[{"hash":"494eb6412e1d68003937ed5ac1b1b512df04b9d0","isMergeCommit":false,"messageTitle":"Add Checkstyle","messageBody":"","fileTypesAndContributionMap":{"java":{"insertions":40,"deletions":38}}},{"hash":"92b3ee7416ec654c445acf0c54d4eba7b70e7b3d","isMergeCommit":true,"messageTitle":"Merge branch \u0027branch-A-CheckStyle\u0027","messageBody":"","fileTypesAndContributionMap":{}},{"hash":"9b8db78c96c37b3cdd3e7c024fb37ed2a4f8b515","isMergeCommit":false,"messageTitle":"Add basic GUI","messageBody":"","fileTypesAndContributionMap":{"gradle":{"insertions":14,"deletions":0},"java":{"insertions":171,"deletions":1}}},{"hash":"adfc25ca7ac467fad607b693f06f39f01b0df7f5","isMergeCommit":false,"messageTitle":"Change GUI to use FXML","messageBody":"","tags":["Level-10"],"fileTypesAndContributionMap":{"fxml":{"insertions":35,"deletions":0},"java":{"insertions":144,"deletions":117}}},{"hash":"fd25381196db636c4f0e4380dfda56f731957113","isMergeCommit":true,"messageTitle":"Merge branch \u0027branch-Level-10\u0027","messageBody":"","tags":["A-Jar2"],"fileTypesAndContributionMap":{}},{"hash":"0eabf1db4c4f0bfdd808d72d7bda9be4d0b13c6c","isMergeCommit":false,"messageTitle":"Rename bot to JerryBot","messageBody":"","fileTypesAndContributionMap":{"txt":{"insertions":0,"deletions":0},"java":{"insertions":17,"deletions":33}}},{"hash":"966a1a8202e1f8a921c2591e44ee752817c994e3","isMergeCommit":false,"messageTitle":"Add assertions to Storage and TaskList classes","messageBody":"Storage and TaskList classes do not have assertions.\n\nStorage and TaskList classes require non-null inputs to initialise.\n\nLet\u0027s use assertions to enforce these invariants of non-null inputs for initialisation.\n","fileTypesAndContributionMap":{"gradle":{"insertions":5,"deletions":1},"txt":{"insertions":1,"deletions":0},"java":{"insertions":26,"deletions":28}}},{"hash":"2afad885fc3cc79926e4bceb1eeaa4cf86f8917a","isMergeCommit":false,"messageTitle":"Add assertions to Storage and TaskList classes","messageBody":"Storage and TaskList classes do not have assertions.\n\nStorage and TaskList classes require non-null inputs to\ninitialise.\n\nLet\u0027s use assertions to enforce these invariants of\nnon-null inputs for initialisation.\n","fileTypesAndContributionMap":{"gradle":{"insertions":5,"deletions":1},"txt":{"insertions":1,"deletions":0},"java":{"insertions":26,"deletions":28}}},{"hash":"db62fd4180dc6a0a6c02589e51e581ddcdf62f8a","isMergeCommit":false,"messageTitle":"Edit imports to improve code quality","messageBody":"Use wildcard imports.\n\nWe want to be specific with the packages we are\nimporting to adhere to code quality.\n\nLet\u0027s import the specific packages that we require\nin the class.\n","fileTypesAndContributionMap":{"java":{"insertions":8,"deletions":1}}},{"hash":"a04ed43c69d9c6436fe702c855122aa310e7d79c","isMergeCommit":false,"messageTitle":"Remove unused imports and fix checkstyles","messageBody":"There are unused imports and checkstyle errors.\n\nUnused imports make the code unnecessarily cluttered and reduces code\nquality. Checkstyle errors make the code less readable.\n\nLet\u0027s improve code quality by removing unused imports and correcting\ncheckstyle errors.\n","tags":["A-FullCommitMessage"],"fileTypesAndContributionMap":{"java":{"insertions":8,"deletions":16}}},{"hash":"84da6ec4442d400708aa06b2f234c5537f9f7d59","isMergeCommit":true,"messageTitle":"Merge pull request #2 from kaitinghh/branch-A-Assertions","messageBody":"Branch A-Assertions","tags":["A-Assertions"],"fileTypesAndContributionMap":{}},{"hash":"0571a7324296bb47896e4e3564567776c7b58a79","isMergeCommit":true,"messageTitle":"Merge branch \u0027master\u0027 into branch-A-CodeQuality","messageBody":"","fileTypesAndContributionMap":{}},{"hash":"4d22a8aee8cfc32c2802a28f5f5c4c9031079bbf","isMergeCommit":true,"messageTitle":"Merge pull request #3 from kaitinghh/branch-A-CodeQuality","messageBody":"Branch A-CodeQuality","fileTypesAndContributionMap":{}},{"hash":"a0af226f759ebbbbfb6583a86282fbedff386819","isMergeCommit":false,"messageTitle":"Prevent addition of duplicate tasks","messageBody":"","tags":["BCD-Extension"],"fileTypesAndContributionMap":{"java":{"insertions":83,"deletions":6}}},{"hash":"b098e81b4cee7c11b88078b359face73ded58848","isMergeCommit":true,"messageTitle":"Merge branch \u0027branch-BCD-Extension\u0027","messageBody":"","fileTypesAndContributionMap":{}},{"hash":"ab9fb48b11d13f4880cb89ac72bbbbf1060c2309","isMergeCommit":true,"messageTitle":"Merge remote-tracking branch \u0027origin\u0027","messageBody":"","fileTypesAndContributionMap":{}},{"hash":"454217a85cabc9b27099de51d2ae7225c019c3b2","isMergeCommit":false,"messageTitle":"Add user guide","messageBody":"","tags":["A-UserGuide","A-CodeQuality"],"fileTypesAndContributionMap":{"md":{"insertions":38,"deletions":16}}}]},{"date":"2024-02-27","commitResults":[{"hash":"bd8df41ff6380b6404708e726a5d1c47aee89e7f","isMergeCommit":false,"messageTitle":"Fix checkstyle violations","messageBody":"","fileTypesAndContributionMap":{"java":{"insertions":52,"deletions":8}}}]},{"date":"2024-02-29","commitResults":[{"hash":"79af1105bf7209268929e22af77da5b94d981688","isMergeCommit":false,"messageTitle":"Update text ui testing","messageBody":"","tags":["A-Jar3"],"fileTypesAndContributionMap":{"txt":{"insertions":5,"deletions":6},"java":{"insertions":52,"deletions":22},"sh":{"insertions":10,"deletions":4}}}]},{"date":"2024-03-04","commitResults":[{"hash":"c540000576f417213a2b9f312caa9388a22af6a7","isMergeCommit":false,"messageTitle":"Abstract list and find messages out to Ui class","messageBody":"","fileTypesAndContributionMap":{"java":{"insertions":35,"deletions":23}}},{"hash":"e97298d264c839bc4d683549eba10c620c5929a3","isMergeCommit":false,"messageTitle":"Edit package names to comply with style","messageBody":"","fileTypesAndContributionMap":{"java":{"insertions":0,"deletions":0}}},{"hash":"01d83b138874e3dcf7a978d8bdcb2c3cb6eca9e1","isMergeCommit":false,"messageTitle":"Add Javadocs","messageBody":"","fileTypesAndContributionMap":{"java":{"insertions":32,"deletions":11}}},{"hash":"c6bf1486c8e801dbdeec062cbf9c142629718e4a","isMergeCommit":false,"messageTitle":"Edit code to follow coding standards","messageBody":"","fileTypesAndContributionMap":{"java":{"insertions":4,"deletions":8}}},{"hash":"3f22f7d85d2252e3f92a86416d26b1530a06abf2","isMergeCommit":false,"messageTitle":"Edit Ui method names to verbs","messageBody":"","fileTypesAndContributionMap":{"java":{"insertions":17,"deletions":17}}},{"hash":"60d16d980f4ab52bb9ad602a2903218e8bc84db2","isMergeCommit":false,"messageTitle":"Change gradle configurations","messageBody":"","fileTypesAndContributionMap":{"gradle":{"insertions":11,"deletions":6}}}]}]},"authorFileTypeContributionMap":{"kaitinghh":{"java":1175,"md":38,"fxml":35,"sh":10,"bat":0,"gradle":23,"txt":19}},"authorContributionVariance":{"kaitinghh":24451.639},"authorDisplayNameMap":{"kaitinghh":"CS2103T-T11-4 HO K..TING"}}
