{"authorDailyContributionsMap":{"ThitipatC":[{"date":"2024-01-24","commitResults":[{"hash":"1c4b64f2626ef6c3a612e7685b6ef98ef13671be","isMergeCommit":false,"messageTitle":"Change the bot name to HASSTNT","messageBody":"","fileTypesAndContributionMap":{"java":{"insertions":8,"deletions":6}}},{"hash":"4f29acbdb5e59a03b609ea878e8a729de9f38f34","isMergeCommit":false,"messageTitle":"Create chatbot that echoes until bye is typed in","messageBody":"","fileTypesAndContributionMap":{"java":{"insertions":19,"deletions":8}}}]},{"date":"2024-01-25","commitResults":[{"hash":"05279cd218d67cb741f6cd86d1f9f1d84ee2aa9f","isMergeCommit":false,"messageTitle":"Rename chat bot to HASSTNT and change the skeleton","messageBody":"","tags":["Level-0"],"fileTypesAndContributionMap":{"java":{"insertions":13,"deletions":23}}},{"hash":"e3bdabced49d5af325967ba265d0994d165ffb44","isMergeCommit":false,"messageTitle":"HASSTNT now can echo conversation","messageBody":"","tags":["Level-1"],"fileTypesAndContributionMap":{"java":{"insertions":27,"deletions":3}}},{"hash":"d6d1b2c51db5fa5e3e6329717b1b4ee5fea3a2fb","isMergeCommit":false,"messageTitle":"the following changes are made: 1. Restructuring the classes such that Main.java is the entry point and HASSTNT.java now becomes the used-to-be ChatbotFunctionality.java 2. HASSTNT now can keep and show the list of given input","messageBody":"","tags":["Level-2"],"fileTypesAndContributionMap":{"java":{"insertions":76,"deletions":33}}}]}]},"authorFileTypeContributionMap":{"ThitipatC":{"java":80,"md":0,"fxml":0,"sh":0,"bat":0,"gradle":0,"txt":0}},"authorContributionVariance":{"ThitipatC":3662.9792},"authorDisplayNameMap":{"ThitipatC":"CHAI..IPAT"}}
