{"authorDailyContributionsMap":{"ziyang27":[{"date":"2024-01-24","commitResults":[{"hash":"7af89c0984f366193f21f54a0700ab88c9518eb6","isMergeCommit":false,"messageTitle":"Rename, Greet, and Exit","messageBody":"","tags":["Level-0"],"fileTypesAndContributionMap":{"java":{"insertions":9,"deletions":10}}},{"hash":"2a186bc80413949aa0398f90600b0304f2414f05","isMergeCommit":false,"messageTitle":"Echo","messageBody":"","tags":["Level-1"],"fileTypesAndContributionMap":{"java":{"insertions":15,"deletions":1}}},{"hash":"f8ac017607463ce0f953de5dc26d0e719afc1f19","isMergeCommit":false,"messageTitle":"Add, List","messageBody":"","tags":["Level-2"],"fileTypesAndContributionMap":{"java":{"insertions":25,"deletions":1}}},{"hash":"b382bb33d3b19564ba0e834c2b522dd8a6e35817","isMergeCommit":false,"messageTitle":"Mark as Done","messageBody":"","tags":["Level-3"],"fileTypesAndContributionMap":{"java":{"insertions":49,"deletions":4}}},{"hash":"b783510cc76fb579081be35e58f6141c1d31ab37","isMergeCommit":false,"messageTitle":"ToDos, Events, Deadlines","messageBody":"","tags":["Level-4"],"fileTypesAndContributionMap":{"java":{"insertions":70,"deletions":19}}},{"hash":"3ac2b695226650e329d2b14fea5955a42ca4f0a1","isMergeCommit":false,"messageTitle":"Automated Text UI Testing","messageBody":"","tags":["A-TextUiTesting"],"fileTypesAndContributionMap":{"txt":{"insertions":12,"deletions":0},"java":{"insertions":5,"deletions":4},"bat":{"insertions":1,"deletions":1},"sh":{"insertions":1,"deletions":1}}},{"hash":"2eaac2d6ccbb07e8f974a9eb9b55a2df0c6e0e5b","isMergeCommit":false,"messageTitle":"Handle Errors","messageBody":"","tags":["Level-5"],"fileTypesAndContributionMap":{"java":{"insertions":48,"deletions":12}}},{"hash":"dae4622d9aed4e38ed33a7369c462d24209ff25d","isMergeCommit":false,"messageTitle":"Delete","messageBody":"","tags":["Level-6"],"fileTypesAndContributionMap":{"java":{"insertions":39,"deletions":16}}}]},{"date":"2024-01-30","commitResults":[{"hash":"b2b83c38df2c51f8699d1b35f218cbba78df101e","isMergeCommit":false,"messageTitle":"Update program logic","messageBody":"","fileTypesAndContributionMap":{"java":{"insertions":6,"deletions":6}}},{"hash":"df3c4e1a5e8635646b175aa348242c5068fe0722","isMergeCommit":false,"messageTitle":"Add saving feature","messageBody":"","fileTypesAndContributionMap":{"java":{"insertions":0,"deletions":0}}},{"hash":"6d2229212f14affdfcaf02de8e4ea8bb3750941e","isMergeCommit":false,"messageTitle":"Add saving feature","messageBody":"","tags":["Level-7"],"fileTypesAndContributionMap":{"txt":{"insertions":3,"deletions":0},"java":{"insertions":226,"deletions":57}}},{"hash":"97005b4ce2717efa04f5af05d2784d7f5d7ac112","isMergeCommit":false,"messageTitle":"Add date format","messageBody":"","fileTypesAndContributionMap":{"txt":{"insertions":2,"deletions":2},"java":{"insertions":34,"deletions":6}}},{"hash":"0ea23e1ba6f74d63249914c9677ec70f1a3e9f73","isMergeCommit":false,"messageTitle":"Edit dibo.text","messageBody":"","fileTypesAndContributionMap":{"txt":{"insertions":2,"deletions":2}}},{"hash":"cfb804076f33562aaea6864f82afaf0c66d6d91e","isMergeCommit":true,"messageTitle":"Merge branch \u0027branch-level-8\u0027","messageBody":"","tags":["Level-8"],"fileTypesAndContributionMap":{}}]},{"date":"2024-02-01","commitResults":[{"hash":"763156229b45caecec7caaf60b2f36a87131b3c3","isMergeCommit":false,"messageTitle":"Add more OOP","messageBody":"","tags":["A-MoreOOP"],"fileTypesAndContributionMap":{"txt":{"insertions":1,"deletions":3},"java":{"insertions":350,"deletions":207}}},{"hash":"eac4a7099851ce9f9336861e23c6548e118ac99b","isMergeCommit":false,"messageTitle":"Create dibo package","messageBody":"","tags":["A-Packages"],"fileTypesAndContributionMap":{"java":{"insertions":28,"deletions":0}}},{"hash":"166f8ee9ac45fd7a00b2e3bdcf744e51878f1370","isMergeCommit":false,"messageTitle":"Add dibo.text","messageBody":"","fileTypesAndContributionMap":{"txt":{"insertions":1,"deletions":0}}},{"hash":"948db97776f65bf2ace251eb3470e70213d838f2","isMergeCommit":true,"messageTitle":"Merge branch \u0027add-gradle-support\u0027","messageBody":"","fileTypesAndContributionMap":{}}]},{"date":"2024-02-02","commitResults":[{"hash":"0efd8ccafd6d90d1e1c9b6b28d38d76ab66ed55a","isMergeCommit":false,"messageTitle":"Edit OOP and packages","messageBody":"","fileTypesAndContributionMap":{"txt":{"insertions":4,"deletions":1},"java":{"insertions":653,"deletions":251}}},{"hash":"1359956acd3f88a7c9eff7bb8668dec97850e149","isMergeCommit":false,"messageTitle":"Set up gradle","messageBody":"","tags":["A-Gradle"],"fileTypesAndContributionMap":{"gradle":{"insertions":5,"deletions":0}}},{"hash":"9ae1d7101ad6bddfa3930cc13d756e8d44732b0b","isMergeCommit":false,"messageTitle":"Check style","messageBody":"","fileTypesAndContributionMap":{"java":{"insertions":58,"deletions":31}}},{"hash":"921867ae6156ce089be0476df1b69006b0f77672","isMergeCommit":false,"messageTitle":"Add JUnit tests","messageBody":"","tags":["A-Jar","A-JUnit"],"fileTypesAndContributionMap":{"java":{"insertions":126,"deletions":8}}},{"hash":"8e060935531f6808df6aa34feeff156d11b60916","isMergeCommit":false,"messageTitle":"Add JavaDoc","messageBody":"","tags":["A-JavaDoc"],"fileTypesAndContributionMap":{"java":{"insertions":52,"deletions":6}}},{"hash":"da7cd54c2cecc3badbead5c5ef88cd99850f267e","isMergeCommit":false,"messageTitle":"Ensure coding standard","messageBody":"","tags":["A-CodingStandard"],"fileTypesAndContributionMap":{"java":{"insertions":7,"deletions":7}}},{"hash":"6b60734f549e064b336a3747390f28007970e1e9","isMergeCommit":false,"messageTitle":"Add find feature","messageBody":"","tags":["Level-9"],"fileTypesAndContributionMap":{"txt":{"insertions":2,"deletions":2},"java":{"insertions":94,"deletions":13}}},{"hash":"de7897a5aceda4b0c99d4fcbe46fc8fd298f0575","isMergeCommit":true,"messageTitle":"Merge branch \u0027branch-A-JavaDoc\u0027","messageBody":"# Conflicts:\n#\tsrc/main/java/dibo/Ui.java\n","fileTypesAndContributionMap":{}},{"hash":"29aae03aafd9b6bf3dbf47314ea2d14e6d56c773","isMergeCommit":true,"messageTitle":"Merge branch \u0027branch-A-CodingStandard\u0027","messageBody":"# Conflicts:\n#\tsrc/main/java/dibo/Dibo.java\n#\tsrc/main/java/dibo/task/Task.java\n","fileTypesAndContributionMap":{}},{"hash":"f5dcbbd066d4f61982fda3cb37ffe8404f62b9df","isMergeCommit":false,"messageTitle":"Edit import style","messageBody":"","fileTypesAndContributionMap":{"java":{"insertions":10,"deletions":1}}}]},{"date":"2024-02-06","commitResults":[{"hash":"c70d2d53da9eb6f3899d104bd66a561f640283b4","isMergeCommit":false,"messageTitle":"Add additional checks for tasks","messageBody":"","fileTypesAndContributionMap":{"java":{"insertions":58,"deletions":43}}},{"hash":"1aa45bc96fdd6ede8dc23d04c2b5f32da6aa2ebe","isMergeCommit":false,"messageTitle":"Use CheckStyle","messageBody":"","tags":["A-CheckStyle"],"fileTypesAndContributionMap":{"java":{"insertions":63,"deletions":3}}},{"hash":"7314b36d6410a34b7fb11fafbe152405b5b59752","isMergeCommit":false,"messageTitle":"Add GUI","messageBody":"","fileTypesAndContributionMap":{"gradle":{"insertions":15,"deletions":0},"txt":{"insertions":3,"deletions":2},"fxml":{"insertions":35,"deletions":0},"java":{"insertions":238,"deletions":84}}},{"hash":"055fe0e616a9621ec2fd7781962fd2db92b3fb9c","isMergeCommit":false,"messageTitle":"Edit text file","messageBody":"","fileTypesAndContributionMap":{"txt":{"insertions":3,"deletions":2}}},{"hash":"4b86c6fdc91a1599dc3483b93d3c86e76e17e2a9","isMergeCommit":true,"messageTitle":"Merge branch \u0027branch-Level-10\u0027","messageBody":"","tags":["Level-10"],"fileTypesAndContributionMap":{}},{"hash":"26385a76c52a242602b527d246058d93f3e62c03","isMergeCommit":false,"messageTitle":"Add varargs","messageBody":"","tags":["A-Varargs","A-NewJar"],"fileTypesAndContributionMap":{"java":{"insertions":18,"deletions":13}}}]},{"date":"2024-02-13","commitResults":[{"hash":"acac5cf78d7f549df1e687722e07a6eb392a2b76","isMergeCommit":false,"messageTitle":"Edit build file to create new jar file","messageBody":"The main class is no longer Dibo.java and has changed to Main.java inside the dibo package. The base name is still \u0027duke\u0027 instead of \u0027dibo\u0027.\n\nLet\u0027s,\n* change the entry point\n* update the base name\n\nThis enables the new jar file to function and provides more clarity for future users.\n","tags":["A-FullCommitMessage"],"fileTypesAndContributionMap":{"gradle":{"insertions":4,"deletions":2},"txt":{"insertions":3,"deletions":2}}},{"hash":"57450a40d9f3a0b930e1c82ae516548cec963e6b","isMergeCommit":false,"messageTitle":"Add assertions to various points of the code","messageBody":"There are some assumptions within the code that are not tested for which may result in runtime error.\n\nLets,\n* add an assertion to test the return output function in the Ui class\n* add assertions to test that the TaskList class interact correctly with the Task class\n\nUsing assertions at these aforementioned points help to ensure that the code is robust and behaving as intended.\n","fileTypesAndContributionMap":{"gradle":{"insertions":1,"deletions":0},"java":{"insertions":103,"deletions":81}}},{"hash":"a1a0da205219c34320749ce9448018534ff96b09","isMergeCommit":true,"messageTitle":"Merge pull request #1 from ziyang27/branch-A-Assertions","messageBody":"Add assertions to various points of the code","tags":["A-Assertions"],"fileTypesAndContributionMap":{}},{"hash":"e68dbf1697510611fbc0c404783fbb806425b1ed","isMergeCommit":false,"messageTitle":"Remove magic literals in Ui class","messageBody":"","fileTypesAndContributionMap":{"java":{"insertions":26,"deletions":14}}},{"hash":"954f2b6a42f12a32a76c77ffad6cac6684e5f850","isMergeCommit":false,"messageTitle":"Touch up code quality in TaskList class","messageBody":"","fileTypesAndContributionMap":{"java":{"insertions":37,"deletions":26}}},{"hash":"e3ef1ce9e5f89c113b5add6a960182523556b9c6","isMergeCommit":false,"messageTitle":"Break up the loadData function in Storage class","messageBody":"","fileTypesAndContributionMap":{"java":{"insertions":47,"deletions":24}}},{"hash":"5b21281540866fcd7144b67f3fdcc578ca9ac350","isMergeCommit":false,"messageTitle":"Break up parse function in Parser class","messageBody":"","fileTypesAndContributionMap":{"java":{"insertions":115,"deletions":72}}},{"hash":"fc52d84093539356211ebdecae03dbbe30ec415a","isMergeCommit":false,"messageTitle":"Touch up for code quality","messageBody":"","fileTypesAndContributionMap":{"txt":{"insertions":1,"deletions":4},"java":{"insertions":5,"deletions":3}}},{"hash":"b35e7627ea19077e8c9a02f2d289f2002280a8f7","isMergeCommit":true,"messageTitle":"Merge pull request #2 from ziyang27/branch-A-CodeQuality","messageBody":"Branch a code quality","tags":["A-CodeQuality"],"fileTypesAndContributionMap":{}},{"hash":"093f893e66bce81c7eecb650ba52cce3fde09ec4","isMergeCommit":false,"messageTitle":"Change the hasKeywords function in Task class to use stream","messageBody":"","fileTypesAndContributionMap":{"txt":{"insertions":3,"deletions":0},"java":{"insertions":6,"deletions":6}}},{"hash":"85b7eec64ad0c6a4426478a2fea86dab5a158178","isMergeCommit":true,"messageTitle":"Merge pull request #3 from ziyang27/branch-A-Streams","messageBody":"Change the hasKeywords function in Task class to use stream","tags":["A-Streams"],"fileTypesAndContributionMap":{}},{"hash":"968667dd5efe6d3008139457c9d025d22ded9b41","isMergeCommit":false,"messageTitle":"Add a new task, do-after","messageBody":"","fileTypesAndContributionMap":{"txt":{"insertions":1,"deletions":0},"java":{"insertions":127,"deletions":0}}},{"hash":"15ae3096c41267af9181ce0548990b5f25e990ec","isMergeCommit":true,"messageTitle":"Merge pull request #4 from ziyang27/branch-B-DoAfterTasks","messageBody":"Add a new task, do-after","tags":["BCD-Extension"],"fileTypesAndContributionMap":{}}]},{"date":"2024-02-20","commitResults":[{"hash":"8e7dc6cfb22de7e7a48ad9f40e1a8f6c464f2172","isMergeCommit":false,"messageTitle":"Allow resizing of the Window","messageBody":"","fileTypesAndContributionMap":{"fxml":{"insertions":5,"deletions":5}}},{"hash":"c40668c2c386d9b8722722a4e05f093ef528e57c","isMergeCommit":false,"messageTitle":"Add colors","messageBody":"","tags":["A-BetterGui"],"fileTypesAndContributionMap":{"fxml":{"insertions":2,"deletions":2}}},{"hash":"d85362e80d64ec4538cd204765336d9824e0834e","isMergeCommit":false,"messageTitle":"Change images to fit personality","messageBody":"","tags":["A-Personality"],"fileTypesAndContributionMap":{"java":{"insertions":1,"deletions":1}}},{"hash":"85273d68274d87082e36987f3bbe4412e8c41cd8","isMergeCommit":false,"messageTitle":"Add function to create new file when file does not exist","messageBody":"","tags":["A-MoreErrorHandling"],"fileTypesAndContributionMap":{"txt":{"insertions":0,"deletions":1},"java":{"insertions":29,"deletions":27}}},{"hash":"fa6185c7a8a595c6c7aafa9094af2fb6650bb00a","isMergeCommit":false,"messageTitle":"Add more tests for the two classes","messageBody":"","tags":["A-MoreTesting"],"fileTypesAndContributionMap":{"java":{"insertions":52,"deletions":5}}},{"hash":"28c45cb39b44e7b83ca08010c43b0c29571bfce9","isMergeCommit":false,"messageTitle":"Improve JavaDoc comments","messageBody":"","fileTypesAndContributionMap":{"java":{"insertions":132,"deletions":235}}},{"hash":"6a62227307f7f2b271cb1826eca4744d39346965","isMergeCommit":false,"messageTitle":"Give credit for reusing course materials, for practice","messageBody":"","fileTypesAndContributionMap":{"java":{"insertions":12,"deletions":5}}},{"hash":"b536d9b69b851cc934c0d76975d376c31fe95918","isMergeCommit":false,"messageTitle":"Add user guide","messageBody":"","fileTypesAndContributionMap":{"txt":{"insertions":7,"deletions":6},"java":{"insertions":8,"deletions":3},"md":{"insertions":213,"deletions":14}}},{"hash":"6461823f2e0d94a9f2a4a0cc21034ef6ceacb675","isMergeCommit":false,"messageTitle":"Add user guide","messageBody":"","fileTypesAndContributionMap":{"txt":{"insertions":7,"deletions":6},"java":{"insertions":8,"deletions":3},"md":{"insertions":213,"deletions":14}}},{"hash":"6d61d701270a2a16230b7f5feabb3218599b5022","isMergeCommit":true,"messageTitle":"Merge branch \u0027master\u0027 of https://github.com/ziyang27/ip","messageBody":"","fileTypesAndContributionMap":{}},{"hash":"8e7af3704d55f123d90458761048ad4c9f5f4360","isMergeCommit":false,"messageTitle":"Edit user guide","messageBody":"","tags":["A-UserGuide"],"fileTypesAndContributionMap":{"md":{"insertions":1,"deletions":1}}},{"hash":"1e9787dfcf8db89af407a058edf831bf9aa41df8","isMergeCommit":false,"messageTitle":"Update README.md","messageBody":"","fileTypesAndContributionMap":{"md":{"insertions":229,"deletions":24}}},{"hash":"8194ac995b3dff8c9bf3b0f35936a1b8c0936fff","isMergeCommit":false,"messageTitle":"Update README.md","messageBody":"","fileTypesAndContributionMap":{"md":{"insertions":1,"deletions":1}}},{"hash":"4734d76623a0521526142fae0d5f407263c3d3a0","isMergeCommit":false,"messageTitle":"Edit README","messageBody":"","fileTypesAndContributionMap":{"md":{"insertions":6,"deletions":6}}},{"hash":"d57e8e90372b28bdb6af8d517cad381793b8bbe1","isMergeCommit":true,"messageTitle":"Merge branch \u0027master\u0027 of https://github.com/ziyang27/ip","messageBody":"","fileTypesAndContributionMap":{}},{"hash":"ddd39cf357a36d6ee0e13a84fbe8c2640e99d3d1","isMergeCommit":false,"messageTitle":"Update README.md","messageBody":"","fileTypesAndContributionMap":{"md":{"insertions":1,"deletions":1}}},{"hash":"c21eed6816d21d3b112d4f17ad1bb14c0b461667","isMergeCommit":false,"messageTitle":"Include alert bar for README","messageBody":"","fileTypesAndContributionMap":{"md":{"insertions":14,"deletions":13}}},{"hash":"71b55a21f1080eddab433da99f731d8a630426d0","isMergeCommit":true,"messageTitle":"Merge branch \u0027master\u0027 of https://github.com/ziyang27/ip","messageBody":"","fileTypesAndContributionMap":{}},{"hash":"08c89296794afce551c05e696d1dc6019e07297a","isMergeCommit":false,"messageTitle":"Improve formatting","messageBody":"","tags":["A-Release"],"fileTypesAndContributionMap":{"md":{"insertions":14,"deletions":16}}}]}]},"authorFileTypeContributionMap":{"ziyang27":{"java":1540,"md":424,"fxml":35,"sh":1,"bat":1,"gradle":25,"txt":19}},"authorContributionVariance":{"ziyang27":126480.55},"authorDisplayNameMap":{"ziyang27":"CS2103T-F13-2 TAN ..YANG"}}
